  0
SECTION
  2
HEADER
  9
$ACADVER
  1
AC1024
  9
$ACADMAINTVER
 70
6
  9
$DWGCODEPAGE
  3
ANSI_1252
  9
$LASTSAVEDBY
  1
ezdxf
  9
$INSBASE
 10
0.0
 20
0.0
 30
0.0
  9
$EXTMIN
 10
1e+20
 20
1e+20
 30
1e+20
  9
$EXTMAX
 10
-1e+20
 20
-1e+20
 30
-1e+20
  9
$LIMMIN
 10
0.0
 20
0.0
  9
$LIMMAX
 10
420.0
 20
297.0
  9
$ORTHOMODE
 70
0
  9
$REGENMODE
 70
1
  9
$FILLMODE
 70
1
  9
$QTEXTMODE
 70
0
  9
$MIRRTEXT
 70
1
  9
$LTSCALE
 40
1.0
  9
$ATTMODE
 70
1
  9
$TEXTSIZE
 40
2.5
  9
$TRACEWID
 40
1.0
  9
$TEXTSTYLE
  7
Standard
  9
$CLAYER
  8
0
  9
$CELTYPE
  6
ByLayer
  9
$CECOLOR
 62
256
  9
$CELTSCALE
 40
1.0
  9
$DISPSILH
 70
0
  9
$DIMSCALE
 40
1.0
  9
$DIMASZ
 40
2.5
  9
$DIMEXO
 40
0.625
  9
$DIMDLI
 40
3.75
  9
$DIMRND
 40
0.0
  9
$DIMDLE
 40
0.0
  9
$DIMEXE
 40
1.25
  9
$DIMTP
 40
0.0
  9
$DIMTM
 40
0.0
  9
$DIMTXT
 40
2.5
  9
$DIMCEN
 40
2.5
  9
$DIMTSZ
 40
0.0
  9
$DIMTOL
 70
0
  9
$DIMLIM
 70
0
  9
$DIMTIH
 70
0
  9
$DIMTOH
 70
0
  9
$DIMSE1
 70
0
  9
$DIMSE2
 70
0
  9
$DIMTAD
 70
1
  9
$DIMZIN
 70
8
  9
$DIMBLK
  1

  9
$DIMASO
 70
1
  9
$DIMSHO
 70
1
  9
$DIMPOST
  1

  9
$DIMAPOST
  1

  9
$DIMALT
 70
0
  9
$DIMALTD
 70
3
  9
$DIMALTF
 40
0.03937007874
  9
$DIMLFAC
 40
1.0
  9
$DIMTOFL
 70
1
  9
$DIMTVP
 40
0.0
  9
$DIMTIX
 70
0
  9
$DIMSOXD
 70
0
  9
$DIMSAH
 70
0
  9
$DIMBLK1
  1

  9
$DIMBLK2
  1

  9
$DIMSTYLE
  2
ISO-25
  9
$DIMCLRD
 70
0
  9
$DIMCLRE
 70
0
  9
$DIMCLRT
 70
0
  9
$DIMTFAC
 40
1.0
  9
$DIMGAP
 40
0.625
  9
$DIMJUST
 70
0
  9
$DIMSD1
 70
0
  9
$DIMSD2
 70
0
  9
$DIMTOLJ
 70
0
  9
$DIMTZIN
 70
8
  9
$DIMALTZ
 70
0
  9
$DIMALTTZ
 70
0
  9
$DIMUPT
 70
0
  9
$DIMDEC
 70
2
  9
$DIMTDEC
 70
2
  9
$DIMALTU
 70
2
  9
$DIMALTTD
 70
3
  9
$DIMTXSTY
  7
Standard
  9
$DIMAUNIT
 70
0
  9
$DIMADEC
 70
0
  9
$DIMALTRND
 40
0.0
  9
$DIMAZIN
 70
0
  9
$DIMDSEP
 70
44
  9
$DIMATFIT
 70
3
  9
$DIMFRAC
 70
0
  9
$DIMLDRBLK
  1

  9
$DIMLUNIT
 70
2
  9
$DIMLWD
 70
-2
  9
$DIMLWE
 70
-2
  9
$DIMTMOVE
 70
0
  9
$DIMFXL
 40
1.0
  9
$DIMFXLON
 70
0
  9
$DIMJOGANG
 40
0.785398163397
  9
$DIMTFILL
 70
0
  9
$DIMTFILLCLR
 70
0
  9
$DIMARCSYM
 70
0
  9
$DIMLTYPE
  6

  9
$DIMLTEX1
  6

  9
$DIMLTEX2
  6

  9
$DIMTXTDIRECTION
 70
0
  9
$LUNITS
 70
2
  9
$LUPREC
 70
4
  9
$SKETCHINC
 40
1.0
  9
$FILLETRAD
 40
10.0
  9
$AUNITS
 70
0
  9
$AUPREC
 70
2
  9
$MENU
  1
.
  9
$ELEVATION
 40
0.0
  9
$PELEVATION
 40
0.0
  9
$THICKNESS
 40
0.0
  9
$LIMCHECK
 70
0
  9
$CHAMFERA
 40
0.0
  9
$CHAMFERB
 40
0.0
  9
$CHAMFERC
 40
0.0
  9
$CHAMFERD
 40
0.0
  9
$SKPOLY
 70
0
  9
$TDCREATE
 40
2461294.98724537
  9
$TDUCREATE
 40
2458532.153996898
  9
$TDUPDATE
 40
2461294.9872569446
  9
$TDUUPDATE
 40
2458532.1544311
  9
$TDINDWG
 40
0.0
  9
$TDUSRTIMER
 40
0.0
  9
$USRTIMER
 70
1
  9
$ANGBASE
 50
0.0
  9
$ANGDIR
 70
0
  9
$PDMODE
 70
0
  9
$PDSIZE
 40
0.0
  9
$PLINEWID
 40
0.0
  9
$SPLFRAME
 70
0
  9
$SPLINETYPE
 70
6
  9
$SPLINESEGS
 70
8
  9
$HANDSEED
  5
8BD
  9
$SURFTAB1
 70
6
  9
$SURFTAB2
 70
6
  9
$SURFTYPE
 70
6
  9
$SURFU
 70
6
  9
$SURFV
 70
6
  9
$UCSBASE
  2

  9
$UCSNAME
  2

  9
$UCSORG
 10
0.0
 20
0.0
 30
0.0
  9
$UCSXDIR
 10
1.0
 20
0.0
 30
0.0
  9
$UCSYDIR
 10
0.0
 20
1.0
 30
0.0
  9
$UCSORTHOREF
  2

  9
$UCSORTHOVIEW
 70
0
  9
$UCSORGTOP
 10
0.0
 20
0.0
 30
0.0
  9
$UCSORGBOTTOM
 10
0.0
 20
0.0
 30
0.0
  9
$UCSORGLEFT
 10
0.0
 20
0.0
 30
0.0
  9
$UCSORGRIGHT
 10
0.0
 20
0.0
 30
0.0
  9
$UCSORGFRONT
 10
0.0
 20
0.0
 30
0.0
  9
$UCSORGBACK
 10
0.0
 20
0.0
 30
0.0
  9
$PUCSBASE
  2

  9
$PUCSNAME
  2

  9
$PUCSORG
 10
0.0
 20
0.0
 30
0.0
  9
$PUCSXDIR
 10
1.0
 20
0.0
 30
0.0
  9
$PUCSYDIR
 10
0.0
 20
1.0
 30
0.0
  9
$PUCSORTHOREF
  2

  9
$PUCSORTHOVIEW
 70
0
  9
$PUCSORGTOP
 10
0.0
 20
0.0
 30
0.0
  9
$PUCSORGBOTTOM
 10
0.0
 20
0.0
 30
0.0
  9
$PUCSORGLEFT
 10
0.0
 20
0.0
 30
0.0
  9
$PUCSORGRIGHT
 10
0.0
 20
0.0
 30
0.0
  9
$PUCSORGFRONT
 10
0.0
 20
0.0
 30
0.0
  9
$PUCSORGBACK
 10
0.0
 20
0.0
 30
0.0
  9
$USERI1
 70
0
  9
$USERI2
 70
0
  9
$USERI3
 70
0
  9
$USERI4
 70
0
  9
$USERI5
 70
0
  9
$USERR1
 40
0.0
  9
$USERR2
 40
0.0
  9
$USERR3
 40
0.0
  9
$USERR4
 40
0.0
  9
$USERR5
 40
0.0
  9
$WORLDVIEW
 70
1
  9
$SHADEDGE
 70
3
  9
$SHADEDIF
 70
70
  9
$TILEMODE
 70
1
  9
$MAXACTVP
 70
64
  9
$PINSBASE
 10
0.0
 20
0.0
 30
0.0
  9
$PLIMCHECK
 70
0
  9
$PEXTMIN
 10
1e+20
 20
1e+20
 30
1e+20
  9
$PEXTMAX
 10
-1e+20
 20
-1e+20
 30
-1e+20
  9
$PLIMMIN
 10
0.0
 20
0.0
  9
$PLIMMAX
 10
420.0
 20
297.0
  9
$UNITMODE
 70
0
  9
$VISRETAIN
 70
1
  9
$PLINEGEN
 70
0
  9
$PSLTSCALE
 70
1
  9
$TREEDEPTH
 70
3020
  9
$CMLSTYLE
  2
Standard
  9
$CMLJUST
 70
0
  9
$CMLSCALE
 40
20.0
  9
$PROXYGRAPHICS
 70
1
  9
$MEASUREMENT
 70
1
  9
$CELWEIGHT
370
-1
  9
$ENDCAPS
280
0
  9
$JOINSTYLE
280
0
  9
$LWDISPLAY
290
0
  9
$INSUNITS
 70
6
  9
$HYPERLINKBASE
  1

  9
$STYLESHEET
  1

  9
$XEDIT
290
1
  9
$CEPSNTYPE
380
0
  9
$PSTYLEMODE
290
1
  9
$FINGERPRINTGUID
  2
{201F69B9-0440-49B1-9885-DBD6C6758C49}
  9
$VERSIONGUID
  2
{78EB07AB-6EA0-429A-9222-9AF9F85CAA57}
  9
$EXTNAMES
290
1
  9
$PSVPSCALE
 40
0.0
  9
$OLESTARTUP
290
0
  9
$SORTENTS
280
127
  9
$INDEXCTL
280
0
  9
$HIDETEXT
280
1
  9
$XCLIPFRAME
280
1
  9
$HALOGAP
280
0
  9
$OBSCOLOR
 70
257
  9
$OBSLTYPE
280
0
  9
$INTERSECTIONDISPLAY
280
0
  9
$INTERSECTIONCOLOR
 70
257
  9
$DIMASSOC
280
2
  9
$PROJECTNAME
  1

  9
$CAMERADISPLAY
290
0
  9
$LENSLENGTH
 40
50.0
  9
$CAMERAHEIGHT
 40
0.0
  9
$STEPSPERSEC
 40
24.0
  9
$STEPSIZE
 40
100.0
  9
$3DDWFPREC
 40
2.0
  9
$PSOLWIDTH
 40
0.005
  9
$PSOLHEIGHT
 40
0.08
  9
$LOFTANG1
 40
1.570796326795
  9
$LOFTANG2
 40
1.570796326795
  9
$LOFTMAG1
 40
0.0
  9
$LOFTMAG2
 40
0.0
  9
$LOFTPARAM
 70
7
  9
$LOFTNORMALS
280
1
  9
$LATITUDE
 40
37.795
  9
$LONGITUDE
 40
-122.394
  9
$NORTHDIRECTION
 40
0.0
  9
$TIMEZONE
 70
-8000
  9
$LIGHTGLYPHDISPLAY
280
1
  9
$TILEMODELIGHTSYNCH
280
1
  9
$CMATERIAL
347
20
  9
$SOLIDHIST
280
0
  9
$SHOWHIST
280
1
  9
$DWFFRAME
280
2
  9
$DGNFRAME
280
2
  9
$REALWORLDSCALE
290
1
  9
$INTERFERECOLOR
 62
256
  9
$CSHADOW
280
0
  9
$SHADOWPLANELOCATION
 40
0.0
  0
ENDSEC
  0
SECTION
  2
CLASSES
  0
CLASS
  1
ACDBDICTIONARYWDFLT
  2
AcDbDictionaryWithDefault
  3
ObjectDBX Classes
 90
0
 91
0
280
0
281
0
  0
CLASS
  1
SUN
  2
AcDbSun
  3
SCENEOE
 90
1153
 91
0
280
0
281
0
  0
CLASS
  1
VISUALSTYLE
  2
AcDbVisualStyle
  3
ObjectDBX Classes
 90
4095
 91
0
280
0
281
0
  0
CLASS
  1
MATERIAL
  2
AcDbMaterial
  3
ObjectDBX Classes
 90
1153
 91
0
280
0
281
0
  0
CLASS
  1
SCALE
  2
AcDbScale
  3
ObjectDBX Classes
 90
1153
 91
0
280
0
281
0
  0
CLASS
  1
TABLESTYLE
  2
AcDbTableStyle
  3
ObjectDBX Classes
 90
4095
 91
0
280
0
281
0
  0
CLASS
  1
MLEADERSTYLE
  2
AcDbMLeaderStyle
  3
ACDB_MLEADERSTYLE_CLASS
 90
4095
 91
0
280
0
281
0
  0
CLASS
  1
DICTIONARYVAR
  2
AcDbDictionaryVar
  3
ObjectDBX Classes
 90
0
 91
0
280
0
281
0
  0
CLASS
  1
CELLSTYLEMAP
  2
AcDbCellStyleMap
  3
ObjectDBX Classes
 90
1152
 91
0
280
0
281
0
  0
CLASS
  1
MENTALRAYRENDERSETTINGS
  2
AcDbMentalRayRenderSettings
  3
SCENEOE
 90
1024
 91
0
280
0
281
0
  0
CLASS
  1
ACDBDETAILVIEWSTYLE
  2
AcDbDetailViewStyle
  3
ObjectDBX Classes
 90
1025
 91
0
280
0
281
0
  0
CLASS
  1
ACDBSECTIONVIEWSTYLE
  2
AcDbSectionViewStyle
  3
ObjectDBX Classes
 90
1025
 91
0
280
0
281
0
  0
CLASS
  1
RASTERVARIABLES
  2
AcDbRasterVariables
  3
ISM
 90
0
 91
0
280
0
281
0
  0
CLASS
  1
LAYOUT
  2
AcDbLayout
  3
ObjectDBX Classes
 90
0
 91
0
280
0
281
0
  0
CLASS
  1
ACDBPLACEHOLDER
  2
AcDbPlaceHolder
  3
ObjectDBX Classes
 90
0
 91
0
280
0
281
0
  0
ENDSEC
  0
SECTION
  2
TABLES
  0
TABLE
  2
VPORT
  5
8
330
0
100
AcDbSymbolTable
 70
1
  0
VPORT
  5
23
330
8
100
AcDbSymbolTableRecord
100
AcDbViewportTableRecord
  2
*Active
 70
0
 10
0.0
 20
0.0
 11
1.0
 21
1.0
 12
0.0
 22
0.0
 13
0.0
 23
0.0
 14
0.5
 24
0.5
 15
0.5
 25
0.5
 16
0.0
 26
0.0
 36
1.0
 17
0.0
 27
0.0
 37
0.0
 40
1000.0
 41
1.34
 42
50.0
 43
0.0
 44
0.0
 50
0.0
 51
0.0
 71
0
 72
1000
 73
1
 74
3
 75
0
 76
0
 77
0
 78
0
281
0
 65
0
146
0.0
  0
ENDTAB
  0
TABLE
  2
LTYPE
  5
2
330
0
100
AcDbSymbolTable
 70
3
  0
LTYPE
  5
24
330
2
100
AcDbSymbolTableRecord
100
AcDbLinetypeTableRecord
  2
ByBlock
 70
0
  3

 72
65
 73
0
 40
0.0
  0
LTYPE
  5
25
330
2
100
AcDbSymbolTableRecord
100
AcDbLinetypeTableRecord
  2
ByLayer
 70
0
  3

 72
65
 73
0
 40
0.0
  0
LTYPE
  5
26
330
2
100
AcDbSymbolTableRecord
100
AcDbLinetypeTableRecord
  2
Continuous
 70
0
  3

 72
65
 73
0
 40
0.0
  0
ENDTAB
  0
TABLE
  2
LAYER
  5
1
330
0
100
AcDbSymbolTable
 70
8
  0
LAYER
  5
27
330
1
100
AcDbSymbolTableRecord
100
AcDbLayerTableRecord
  2
0
 70
0
 62
7
  6
Continuous
370
-3
390
13
347
21
  0
LAYER
  5
28
330
1
100
AcDbSymbolTableRecord
100
AcDbLayerTableRecord
  2
Defpoints
 70
0
 62
7
  6
Continuous
290
0
370
-3
390
13
347
21
  0
LAYER
  5
2F
330
1
100
AcDbSymbolTableRecord
100
AcDbLayerTableRecord
  2
CORTE
 70
0
 62
7
  6
Continuous
370
-3
390
13
347
21
  0
LAYER
  5
30
330
1
100
AcDbSymbolTableRecord
100
AcDbLayerTableRecord
  2
VISTA
 70
0
 62
8
  6
Continuous
370
-3
390
13
347
21
  0
LAYER
  5
31
330
1
100
AcDbSymbolTableRecord
100
AcDbLayerTableRecord
  2
COTAS
 70
0
 62
4
  6
Continuous
370
-3
390
13
347
21
  0
LAYER
  5
32
330
1
100
AcDbSymbolTableRecord
100
AcDbLayerTableRecord
  2
TEXTOS
 70
0
 62
7
  6
Continuous
370
-3
390
13
347
21
  0
LAYER
  5
33
330
1
100
AcDbSymbolTableRecord
100
AcDbLayerTableRecord
  2
EJES
 70
0
 62
3
  6
Continuous
370
-3
390
13
347
21
  0
LAYER
  5
34
330
1
100
AcDbSymbolTableRecord
100
AcDbLayerTableRecord
  2
SISTEMAS
 70
0
 62
5
  6
Continuous
370
-3
390
13
347
21
  0
ENDTAB
  0
TABLE
  2
STYLE
  5
5
330
0
100
AcDbSymbolTable
 70
1
  0
STYLE
  5
29
330
5
100
AcDbSymbolTableRecord
100
AcDbTextStyleTableRecord
  2
Standard
 70
0
 40
0.0
 41
1.0
 50
0.0
 71
0
 42
2.5
  3
txt
  4

  0
ENDTAB
  0
TABLE
  2
VIEW
  5
7
330
0
100
AcDbSymbolTable
 70
0
  0
ENDTAB
  0
TABLE
  2
UCS
  5
6
330
0
100
AcDbSymbolTable
 70
0
  0
ENDTAB
  0
TABLE
  2
APPID
  5
3
330
0
100
AcDbSymbolTable
 70
3
  0
APPID
  5
2A
330
3
100
AcDbSymbolTableRecord
100
AcDbRegAppTableRecord
  2
ACAD
 70
0
  0
APPID
  5
8BA
330
3
100
AcDbSymbolTableRecord
100
AcDbRegAppTableRecord
  2
HATCHBACKGROUNDCOLOR
 70
0
  0
APPID
  5
8BB
330
3
100
AcDbSymbolTableRecord
100
AcDbRegAppTableRecord
  2
EZDXF
 70
0
  0
ENDTAB
  0
TABLE
  2
DIMSTYLE
  5
4
330
0
100
AcDbSymbolTable
 70
1
100
AcDbDimStyleTable
  0
DIMSTYLE
105
2B
330
4
100
AcDbSymbolTableRecord
100
AcDbDimStyleTableRecord
  2
Standard
 70
0
 40
1.0
 41
2.5
 42
0.625
 43
3.75
 44
1.25
 45
0.0
 46
0.0
 47
0.0
 48
0.0
 49
2.5
140
2.5
141
2.5
142
0.0
143
0.03937007874
144
1.0
145
0.0
146
1.0
147
0.625
148
0.0
 69
0
 70
0
 71
0
 72
0
 73
0
 74
0
 75
0
 76
0
 77
1
 78
8
 79
3
170
0
171
3
172
1
173
0
174
0
175
0
176
0
177
0
178
0
179
2
271
2
272
2
273
2
274
3
275
0
276
0
277
2
278
44
279
0
280
0
281
0
282
0
283
0
284
8
285
0
286
0
288
0
289
3
290
0
371
-2
372
-2
  0
ENDTAB
  0
TABLE
  2
BLOCK_RECORD
  5
9
330
0
100
AcDbSymbolTable
 70
9
  0
BLOCK_RECORD
  5
17
330
9
100
AcDbSymbolTableRecord
100
AcDbBlockTableRecord
  2
*Model_Space
340
1A
 70
0
280
1
281
0
  0
BLOCK_RECORD
  5
1B
330
9
100
AcDbSymbolTableRecord
100
AcDbBlockTableRecord
  2
*Paper_Space
340
1E
 70
0
280
1
281
0
  0
BLOCK_RECORD
  5
282
330
9
100
AcDbSymbolTableRecord
100
AcDbBlockTableRecord
  2
*D1
340
0
 70
0
280
1
281
0
  0
BLOCK_RECORD
  5
287
330
9
100
AcDbSymbolTableRecord
100
AcDbBlockTableRecord
  2
_CLOSEDFILLED
340
0
 70
0
280
1
281
0
  0
BLOCK_RECORD
  5
296
330
9
100
AcDbSymbolTableRecord
100
AcDbBlockTableRecord
  2
*D2
340
0
 70
0
280
1
281
0
  0
BLOCK_RECORD
  5
2A6
330
9
100
AcDbSymbolTableRecord
100
AcDbBlockTableRecord
  2
*D3
340
0
 70
0
280
1
281
0
  0
BLOCK_RECORD
  5
2B6
330
9
100
AcDbSymbolTableRecord
100
AcDbBlockTableRecord
  2
*D4
340
0
 70
0
280
1
281
0
  0
BLOCK_RECORD
  5
898
330
9
100
AcDbSymbolTableRecord
100
AcDbBlockTableRecord
  2
*D5
340
0
 70
0
280
1
281
0
  0
BLOCK_RECORD
  5
8A8
330
9
100
AcDbSymbolTableRecord
100
AcDbBlockTableRecord
  2
*D6
340
0
 70
0
280
1
281
0
  0
ENDTAB
  0
ENDSEC
  0
SECTION
  2
BLOCKS
  0
BLOCK
  5
18
330
17
100
AcDbEntity
  8
0
100
AcDbBlockBegin
  2
*Model_Space
 70
0
 10
0.0
 20
0.0
 30
0.0
  3
*Model_Space
  1

  0
ENDBLK
  5
19
330
17
100
AcDbEntity
  8
0
100
AcDbBlockEnd
  0
BLOCK
  5
1C
330
1B
100
AcDbEntity
  8
0
100
AcDbBlockBegin
  2
*Paper_Space
 70
0
 10
0.0
 20
0.0
 30
0.0
  3
*Paper_Space
  1

  0
ENDBLK
  5
1D
330
1B
100
AcDbEntity
  8
0
100
AcDbBlockEnd
  0
BLOCK
  5
283
330
282
100
AcDbEntity
  8
0
100
AcDbBlockBegin
  2
*D1
 70
1
 10
0.0
 20
0.0
 30
0.0
  3
*D1
  1

  0
LINE
  5
285
330
282
100
AcDbEntity
  8
0
100
AcDbLine
 10
443.3
 20
3.25
 30
0.0
 11
443.3
 21
3.25
 31
0.0
  0
LINE
  5
286
330
282
100
AcDbEntity
  8
0
100
AcDbLine
 10
443.3
 20
6.45
 30
0.0
 11
443.3
 21
6.45
 31
0.0
  0
INSERT
  5
28B
330
282
100
AcDbEntity
  8
COTAS
100
AcDbBlockReference
  2
_CLOSEDFILLED
 10
443.3
 20
3.25
 30
0.0
 41
0.09
 42
0.09
 50
270.0
  0
INSERT
  5
28D
330
282
100
AcDbEntity
  8
COTAS
100
AcDbBlockReference
  2
_CLOSEDFILLED
 10
443.3
 20
6.45
 30
0.0
 41
0.09
 42
0.09
 50
90.0
  0
LINE
  5
28F
330
282
100
AcDbEntity
  8
0
100
AcDbLine
 10
443.3
 20
3.34
 30
0.0
 11
443.3
 21
4.654999999999999
 31
0.0
  0
LINE
  5
290
330
282
100
AcDbEntity
  8
0
100
AcDbLine
 10
443.3
 20
5.045
 30
0.0
 11
443.3
 21
6.36
 31
0.0
  0
MTEXT
  5
291
330
282
100
AcDbEntity
  8
COTAS
100
AcDbMText
 10
443.3
 20
4.85
 30
0.0
 40
0.13
 71
5
  1
3,2
 50
90.0
  0
POINT
  5
292
330
282
100
AcDbEntity
  8
Defpoints
100
AcDbPoint
 10
443.3
 20
3.25
 30
0.0
  0
POINT
  5
293
330
282
100
AcDbEntity
  8
Defpoints
100
AcDbPoint
 10
443.3
 20
3.25
 30
0.0
  0
POINT
  5
294
330
282
100
AcDbEntity
  8
Defpoints
100
AcDbPoint
 10
443.3
 20
6.45
 30
0.0
  0
ENDBLK
  5
284
330
282
100
AcDbEntity
  8
0
100
AcDbBlockEnd
  0
BLOCK
  5
288
330
287
100
AcDbEntity
  8
0
100
AcDbBlockBegin
  2
_CLOSEDFILLED
 70
0
 10
0.0
 20
0.0
 30
0.0
  3
_CLOSEDFILLED
  1

  0
SOLID
  5
28A
330
287
100
AcDbEntity
  8
0
  6
BYBLOCK
 62
0
100
AcDbTrace
 10
-1.0
 20
0.16439898372402537
 30
0.0
 11
0.0
 21
0.0
 31
0.0
 12
-1.0
 22
-0.16439898372402537
 32
0.0
 13
-1.0
 23
-0.16439898372402537
 33
0.0
  0
ENDBLK
  5
289
330
287
100
AcDbEntity
  8
0
100
AcDbBlockEnd
  0
BLOCK
  5
297
330
296
100
AcDbEntity
  8
0
100
AcDbBlockBegin
  2
*D2
 70
1
 10
0.0
 20
0.0
 30
0.0
  3
*D2
  1

  0
LINE
  5
299
330
296
100
AcDbEntity
  8
0
100
AcDbLine
 10
449.0
 20
3.25
 30
0.0
 11
449.0
 21
3.25
 31
0.0
  0
LINE
  5
29A
330
296
100
AcDbEntity
  8
0
100
AcDbLine
 10
449.0
 20
5.85
 30
0.0
 11
449.0
 21
5.85
 31
0.0
  0
INSERT
  5
29B
330
296
100
AcDbEntity
  8
COTAS
100
AcDbBlockReference
  2
_CLOSEDFILLED
 10
449.0
 20
3.25
 30
0.0
 41
0.09
 42
0.09
 50
270.0
  0
INSERT
  5
29D
330
296
100
AcDbEntity
  8
COTAS
100
AcDbBlockReference
  2
_CLOSEDFILLED
 10
449.0
 20
5.85
 30
0.0
 41
0.09
 42
0.09
 50
90.0
  0
LINE
  5
29F
330
296
100
AcDbEntity
  8
0
100
AcDbLine
 10
449.0
 20
3.34
 30
0.0
 11
449.0
 21
4.3549999999999995
 31
0.0
  0
LINE
  5
2A0
330
296
100
AcDbEntity
  8
0
100
AcDbLine
 10
449.0
 20
4.745
 30
0.0
 11
449.0
 21
5.76
 31
0.0
  0
MTEXT
  5
2A1
330
296
100
AcDbEntity
  8
COTAS
100
AcDbMText
 10
449.0
 20
4.55
 30
0.0
 40
0.13
 71
5
  1
2,6
 50
90.0
  0
POINT
  5
2A2
330
296
100
AcDbEntity
  8
Defpoints
100
AcDbPoint
 10
449.0
 20
3.25
 30
0.0
  0
POINT
  5
2A3
330
296
100
AcDbEntity
  8
Defpoints
100
AcDbPoint
 10
449.0
 20
3.25
 30
0.0
  0
POINT
  5
2A4
330
296
100
AcDbEntity
  8
Defpoints
100
AcDbPoint
 10
449.0
 20
5.85
 30
0.0
  0
ENDBLK
  5
298
330
296
100
AcDbEntity
  8
0
100
AcDbBlockEnd
  0
BLOCK
  5
2A7
330
2A6
100
AcDbEntity
  8
0
100
AcDbBlockBegin
  2
*D3
 70
1
 10
0.0
 20
0.0
 30
0.0
  3
*D3
  1

  0
LINE
  5
2A9
330
2A6
100
AcDbEntity
  8
0
100
AcDbLine
 10
440.0
 20
0.0
 30
0.0
 11
440.0
 21
-0.95
 31
0.0
  0
LINE
  5
2AA
330
2A6
100
AcDbEntity
  8
0
100
AcDbLine
 10
446.0
 20
0.0
 30
0.0
 11
446.0
 21
-0.95
 31
0.0
  0
INSERT
  5
2AB
330
2A6
100
AcDbEntity
  8
COTAS
100
AcDbBlockReference
  2
_CLOSEDFILLED
 10
440.0
 20
-0.95
 30
0.0
 41
0.09
 42
0.09
 50
180.0
  0
INSERT
  5
2AD
330
2A6
100
AcDbEntity
  8
COTAS
100
AcDbBlockReference
  2
_CLOSEDFILLED
 10
446.0
 20
-0.95
 30
0.0
 41
0.09
 42
0.09
  0
LINE
  5
2AF
330
2A6
100
AcDbEntity
  8
0
100
AcDbLine
 10
440.09
 20
-0.95
 30
0.0
 11
442.935
 21
-0.95
 31
0.0
  0
LINE
  5
2B0
330
2A6
100
AcDbEntity
  8
0
100
AcDbLine
 10
443.065
 20
-0.95
 30
0.0
 11
445.91
 21
-0.95
 31
0.0
  0
MTEXT
  5
2B1
330
2A6
100
AcDbEntity
  8
COTAS
100
AcDbMText
 10
443.0
 20
-0.95
 30
0.0
 40
0.13
 71
5
  1
6
  0
POINT
  5
2B2
330
2A6
100
AcDbEntity
  8
Defpoints
100
AcDbPoint
 10
440.0
 20
-0.95
 30
0.0
  0
POINT
  5
2B3
330
2A6
100
AcDbEntity
  8
Defpoints
100
AcDbPoint
 10
440.0
 20
0.0
 30
0.0
  0
POINT
  5
2B4
330
2A6
100
AcDbEntity
  8
Defpoints
100
AcDbPoint
 10
446.0
 20
0.0
 30
0.0
  0
ENDBLK
  5
2A8
330
2A6
100
AcDbEntity
  8
0
100
AcDbBlockEnd
  0
BLOCK
  5
2B7
330
2B6
100
AcDbEntity
  8
0
100
AcDbBlockBegin
  2
*D4
 70
1
 10
0.0
 20
0.0
 30
0.0
  3
*D4
  1

  0
LINE
  5
2B9
330
2B6
100
AcDbEntity
  8
0
100
AcDbLine
 10
446.0
 20
0.0
 30
0.0
 11
446.0
 21
-0.95
 31
0.0
  0
LINE
  5
2BA
330
2B6
100
AcDbEntity
  8
0
100
AcDbLine
 10
452.0
 20
0.0
 30
0.0
 11
452.0
 21
-0.95
 31
0.0
  0
INSERT
  5
2BB
330
2B6
100
AcDbEntity
  8
COTAS
100
AcDbBlockReference
  2
_CLOSEDFILLED
 10
446.0
 20
-0.95
 30
0.0
 41
0.09
 42
0.09
 50
180.0
  0
INSERT
  5
2BD
330
2B6
100
AcDbEntity
  8
COTAS
100
AcDbBlockReference
  2
_CLOSEDFILLED
 10
452.0
 20
-0.95
 30
0.0
 41
0.09
 42
0.09
  0
LINE
  5
2BF
330
2B6
100
AcDbEntity
  8
0
100
AcDbLine
 10
446.09
 20
-0.95
 30
0.0
 11
448.935
 21
-0.95
 31
0.0
  0
LINE
  5
2C0
330
2B6
100
AcDbEntity
  8
0
100
AcDbLine
 10
449.065
 20
-0.95
 30
0.0
 11
451.91
 21
-0.95
 31
0.0
  0
MTEXT
  5
2C1
330
2B6
100
AcDbEntity
  8
COTAS
100
AcDbMText
 10
449.0
 20
-0.95
 30
0.0
 40
0.13
 71
5
  1
6
  0
POINT
  5
2C2
330
2B6
100
AcDbEntity
  8
Defpoints
100
AcDbPoint
 10
446.0
 20
-0.95
 30
0.0
  0
POINT
  5
2C3
330
2B6
100
AcDbEntity
  8
Defpoints
100
AcDbPoint
 10
446.0
 20
0.0
 30
0.0
  0
POINT
  5
2C4
330
2B6
100
AcDbEntity
  8
Defpoints
100
AcDbPoint
 10
452.0
 20
0.0
 30
0.0
  0
ENDBLK
  5
2B8
330
2B6
100
AcDbEntity
  8
0
100
AcDbBlockEnd
  0
BLOCK
  5
899
330
898
100
AcDbEntity
  8
0
100
AcDbBlockBegin
  2
*D5
 70
1
 10
0.0
 20
0.0
 30
0.0
  3
*D5
  1

  0
LINE
  5
89B
330
898
100
AcDbEntity
  8
0
100
AcDbLine
 10
494.0
 20
0.0
 30
0.0
 11
494.0
 21
-0.95
 31
0.0
  0
LINE
  5
89C
330
898
100
AcDbEntity
  8
0
100
AcDbLine
 10
502.0
 20
0.0
 30
0.0
 11
502.0
 21
-0.95
 31
0.0
  0
INSERT
  5
89D
330
898
100
AcDbEntity
  8
COTAS
100
AcDbBlockReference
  2
_CLOSEDFILLED
 10
494.0
 20
-0.95
 30
0.0
 41
0.09
 42
0.09
 50
180.0
  0
INSERT
  5
89F
330
898
100
AcDbEntity
  8
COTAS
100
AcDbBlockReference
  2
_CLOSEDFILLED
 10
502.0
 20
-0.95
 30
0.0
 41
0.09
 42
0.09
  0
LINE
  5
8A1
330
898
100
AcDbEntity
  8
0
100
AcDbLine
 10
494.09
 20
-0.95
 30
0.0
 11
497.935
 21
-0.95
 31
0.0
  0
LINE
  5
8A2
330
898
100
AcDbEntity
  8
0
100
AcDbLine
 10
498.065
 20
-0.95
 30
0.0
 11
501.91
 21
-0.95
 31
0.0
  0
MTEXT
  5
8A3
330
898
100
AcDbEntity
  8
COTAS
100
AcDbMText
 10
498.0
 20
-0.95
 30
0.0
 40
0.13
 71
5
  1
8
  0
POINT
  5
8A4
330
898
100
AcDbEntity
  8
Defpoints
100
AcDbPoint
 10
494.0
 20
-0.95
 30
0.0
  0
POINT
  5
8A5
330
898
100
AcDbEntity
  8
Defpoints
100
AcDbPoint
 10
494.0
 20
0.0
 30
0.0
  0
POINT
  5
8A6
330
898
100
AcDbEntity
  8
Defpoints
100
AcDbPoint
 10
502.0
 20
0.0
 30
0.0
  0
ENDBLK
  5
89A
330
898
100
AcDbEntity
  8
0
100
AcDbBlockEnd
  0
BLOCK
  5
8A9
330
8A8
100
AcDbEntity
  8
0
100
AcDbBlockBegin
  2
*D6
 70
1
 10
0.0
 20
0.0
 30
0.0
  3
*D6
  1

  0
LINE
  5
8AB
330
8A8
100
AcDbEntity
  8
0
100
AcDbLine
 10
502.6
 20
3.25
 30
0.0
 11
502.6
 21
3.25
 31
0.0
  0
LINE
  5
8AC
330
8A8
100
AcDbEntity
  8
0
100
AcDbLine
 10
502.6
 20
6.45
 30
0.0
 11
502.6
 21
6.45
 31
0.0
  0
INSERT
  5
8AD
330
8A8
100
AcDbEntity
  8
COTAS
100
AcDbBlockReference
  2
_CLOSEDFILLED
 10
502.6
 20
3.25
 30
0.0
 41
0.09
 42
0.09
 50
270.0
  0
INSERT
  5
8AF
330
8A8
100
AcDbEntity
  8
COTAS
100
AcDbBlockReference
  2
_CLOSEDFILLED
 10
502.6
 20
6.45
 30
0.0
 41
0.09
 42
0.09
 50
90.0
  0
LINE
  5
8B1
330
8A8
100
AcDbEntity
  8
0
100
AcDbLine
 10
502.6
 20
3.34
 30
0.0
 11
502.6
 21
4.654999999999999
 31
0.0
  0
LINE
  5
8B2
330
8A8
100
AcDbEntity
  8
0
100
AcDbLine
 10
502.6
 20
5.045
 30
0.0
 11
502.6
 21
6.36
 31
0.0
  0
MTEXT
  5
8B3
330
8A8
100
AcDbEntity
  8
COTAS
100
AcDbMText
 10
502.6
 20
4.85
 30
0.0
 40
0.13
 71
5
  1
3,2
 50
90.0
  0
POINT
  5
8B4
330
8A8
100
AcDbEntity
  8
Defpoints
100
AcDbPoint
 10
502.6
 20
3.25
 30
0.0
  0
POINT
  5
8B5
330
8A8
100
AcDbEntity
  8
Defpoints
100
AcDbPoint
 10
502.6
 20
3.25
 30
0.0
  0
POINT
  5
8B6
330
8A8
100
AcDbEntity
  8
Defpoints
100
AcDbPoint
 10
502.6
 20
6.45
 30
0.0
  0
ENDBLK
  5
8AA
330
8A8
100
AcDbEntity
  8
0
100
AcDbBlockEnd
  0
ENDSEC
  0
SECTION
  2
ENTITIES
  0
LWPOLYLINE
  5
35
330
17
100
AcDbEntity
  8
CORTE
100
AcDbPolyline
 90
44
 70
1
 10
440.001318
 20
0.001318
 10
440.0010745
 20
0.0016064999999999999
 10
440.000831
 20
0.001895
 10
440.0004155
 20
0.0031975
 10
440.0
 20
0.0045
 10
440.0
 20
0.08
 10
440.0
 20
0.1555
 10
440.0004155
 20
0.1568025
 10
440.000831
 20
0.158105
 10
440.0010745
 20
0.1583935
 10
440.001318
 20
0.158682
 10
440.0016065
 20
0.1589255
 10
440.001895
 20
0.159169
 10
440.0031975
 20
0.15958450000000002
 10
440.0045
 20
0.16
 10
440.9226610897451
 20
0.16
 10
445.99999972373786
 20
0.16
 10
445.99999972373786
 20
0.16
 10
451.995501
 20
0.16
 10
451.996803
 20
0.15958450000000002
 10
451.998105
 20
0.159169
 10
451.9983935
 20
0.1589255
 10
451.998682
 20
0.158682
 10
451.9989255
 20
0.1583935
 10
451.999169
 20
0.158105
 10
451.9995845
 20
0.1568025
 10
452.0
 20
0.1555
 10
452.0
 20
0.08
 10
452.0
 20
0.0045
 10
451.9995845
 20
0.0031975
 10
451.999169
 20
0.001895
 10
451.9989255
 20
0.0016064999999999999
 10
451.998682
 20
0.001318
 10
451.9983935
 20
0.0010745
 10
451.998105
 20
0.000831
 10
451.996803
 20
0.0004155
 10
451.995501
 20
0.0
 10
446.0000005
 20
0.0
 10
440.9226610897451
 20
0.0
 10
440.0045
 20
0.0
 10
440.0031975
 20
0.0004155
 10
440.001895
 20
0.000831
 10
440.0016065
 20
0.0010745
 10
440.001318
 20
0.001318
  0
LINE
  5
36
330
17
100
AcDbEntity
  8
CORTE
100
AcDbLine
 10
440.001318
 20
0.001318
 30
0.0
 11
440.0016065
 21
0.0010745
 31
0.0
  0
LINE
  5
37
330
17
100
AcDbEntity
  8
CORTE
100
AcDbLine
 10
440.0016065
 20
0.0010745
 30
0.0
 11
440.001895
 21
0.000831
 31
0.0
  0
LINE
  5
38
330
17
100
AcDbEntity
  8
CORTE
100
AcDbLine
 10
440.001895
 20
0.000831
 30
0.0
 11
440.0031975
 21
0.0004155
 31
0.0
  0
LINE
  5
39
330
17
100
AcDbEntity
  8
CORTE
100
AcDbLine
 10
440.0031975
 20
0.0004155
 30
0.0
 11
440.0045
 21
0.0
 31
0.0
  0
LINE
  5
3A
330
17
100
AcDbEntity
  8
CORTE
100
AcDbLine
 10
440.0045
 20
0.0
 30
0.0
 11
440.1
 21
0.0
 31
0.0
  0
LINE
  5
3B
330
17
100
AcDbEntity
  8
CORTE
100
AcDbLine
 10
440.1
 20
0.0
 30
0.0
 11
440.1955
 21
0.0
 31
0.0
  0
LINE
  5
3C
330
17
100
AcDbEntity
  8
CORTE
100
AcDbLine
 10
440.1955
 20
0.0
 30
0.0
 11
440.1968025
 21
0.0004155
 31
0.0
  0
LINE
  5
3D
330
17
100
AcDbEntity
  8
CORTE
100
AcDbLine
 10
440.1968025
 20
0.0004155
 30
0.0
 11
440.198105
 21
0.000831
 31
0.0
  0
LINE
  5
3E
330
17
100
AcDbEntity
  8
CORTE
100
AcDbLine
 10
440.198105
 20
0.000831
 30
0.0
 11
440.1983935
 21
0.0010745
 31
0.0
  0
LINE
  5
3F
330
17
100
AcDbEntity
  8
CORTE
100
AcDbLine
 10
440.1983935
 20
0.0010745
 30
0.0
 11
440.198682
 21
0.001318
 31
0.0
  0
LINE
  5
40
330
17
100
AcDbEntity
  8
CORTE
100
AcDbLine
 10
440.0016065
 20
2.9989255000000004
 30
0.0
 11
440.001318
 21
2.998682
 31
0.0
  0
LINE
  5
41
330
17
100
AcDbEntity
  8
CORTE
100
AcDbLine
 10
440.001895
 20
2.999169
 30
0.0
 11
440.0016065
 21
2.9989255000000004
 31
0.0
  0
LINE
  5
42
330
17
100
AcDbEntity
  8
CORTE
100
AcDbLine
 10
440.0031975
 20
2.9995845
 30
0.0
 11
440.001895
 21
2.999169
 31
0.0
  0
LINE
  5
43
330
17
100
AcDbEntity
  8
CORTE
100
AcDbLine
 10
440.0045
 20
3.0
 30
0.0
 11
440.0031975
 21
2.9995845
 31
0.0
  0
LINE
  5
44
330
17
100
AcDbEntity
  8
CORTE
100
AcDbLine
 10
440.1
 20
3.0
 30
0.0
 11
440.0045
 21
3.0
 31
0.0
  0
LINE
  5
45
330
17
100
AcDbEntity
  8
CORTE
100
AcDbLine
 10
440.1955
 20
3.0
 30
0.0
 11
440.1
 21
3.0
 31
0.0
  0
LINE
  5
46
330
17
100
AcDbEntity
  8
CORTE
100
AcDbLine
 10
440.1968025
 20
2.9995845
 30
0.0
 11
440.1955
 21
3.0
 31
0.0
  0
LINE
  5
47
330
17
100
AcDbEntity
  8
CORTE
100
AcDbLine
 10
440.198105
 20
2.999169
 30
0.0
 11
440.1968025
 21
2.9995845
 31
0.0
  0
LINE
  5
48
330
17
100
AcDbEntity
  8
CORTE
100
AcDbLine
 10
440.1983935
 20
2.9989255000000004
 30
0.0
 11
440.198105
 21
2.999169
 31
0.0
  0
LINE
  5
49
330
17
100
AcDbEntity
  8
CORTE
100
AcDbLine
 10
440.198682
 20
2.998682
 30
0.0
 11
440.1983935
 21
2.9989255000000004
 31
0.0
  0
LINE
  5
4A
330
17
100
AcDbEntity
  8
CORTE
100
AcDbLine
 10
440.0010745
 20
0.0016064999999999999
 30
0.0
 11
440.001318
 21
0.001318
 31
0.0
  0
LINE
  5
4B
330
17
100
AcDbEntity
  8
CORTE
100
AcDbLine
 10
440.0010745
 20
0.0016064999999999999
 30
0.0
 11
440.000831
 21
0.001895
 31
0.0
  0
LINE
  5
4C
330
17
100
AcDbEntity
  8
CORTE
100
AcDbLine
 10
440.0004155
 20
0.0031975
 30
0.0
 11
440.000831
 21
0.001895
 31
0.0
  0
LINE
  5
4D
330
17
100
AcDbEntity
  8
CORTE
100
AcDbLine
 10
440.0004155
 20
0.0031975
 30
0.0
 11
440.0
 21
0.0045
 31
0.0
  0
LINE
  5
4E
330
17
100
AcDbEntity
  8
CORTE
100
AcDbLine
 10
440.0
 20
1.5
 30
0.0
 11
440.0
 21
1.4999999999999998
 31
0.0
  0
LINE
  5
4F
330
17
100
AcDbEntity
  8
CORTE
100
AcDbLine
 10
440.0
 20
1.4999999999999998
 30
0.0
 11
440.0
 21
0.0045
 31
0.0
  0
LINE
  5
50
330
17
100
AcDbEntity
  8
CORTE
100
AcDbLine
 10
440.0
 20
1.5
 30
0.0
 11
440.0
 21
2.9955
 31
0.0
  0
LINE
  5
51
330
17
100
AcDbEntity
  8
CORTE
100
AcDbLine
 10
440.0004155
 20
2.9968025
 30
0.0
 11
440.0
 21
2.9955
 31
0.0
  0
LINE
  5
52
330
17
100
AcDbEntity
  8
CORTE
100
AcDbLine
 10
440.0004155
 20
2.9968025
 30
0.0
 11
440.000831
 21
2.998105
 31
0.0
  0
LINE
  5
53
330
17
100
AcDbEntity
  8
CORTE
100
AcDbLine
 10
440.0010745
 20
2.9983934999999997
 30
0.0
 11
440.000831
 21
2.998105
 31
0.0
  0
LINE
  5
54
330
17
100
AcDbEntity
  8
CORTE
100
AcDbLine
 10
440.0010745
 20
2.9983934999999997
 30
0.0
 11
440.001318
 21
2.998682
 31
0.0
  0
LINE
  5
55
330
17
100
AcDbEntity
  8
CORTE
100
AcDbLine
 10
440.198682
 20
0.001318
 30
0.0
 11
440.1989255
 21
0.0016064999999999999
 31
0.0
  0
LINE
  5
56
330
17
100
AcDbEntity
  8
CORTE
100
AcDbLine
 10
440.199169
 20
0.001895
 30
0.0
 11
440.1989255
 21
0.0016064999999999999
 31
0.0
  0
LINE
  5
57
330
17
100
AcDbEntity
  8
CORTE
100
AcDbLine
 10
440.199169
 20
0.001895
 30
0.0
 11
440.1995845
 21
0.0031975
 31
0.0
  0
LINE
  5
58
330
17
100
AcDbEntity
  8
CORTE
100
AcDbLine
 10
440.2
 20
0.0045
 30
0.0
 11
440.1995845
 21
0.0031975
 31
0.0
  0
LINE
  5
59
330
17
100
AcDbEntity
  8
CORTE
100
AcDbLine
 10
440.2
 20
0.0045
 30
0.0
 11
440.2
 21
1.4999999999999998
 31
0.0
  0
LINE
  5
5A
330
17
100
AcDbEntity
  8
CORTE
100
AcDbLine
 10
440.2
 20
2.9955
 30
0.0
 11
440.2
 21
1.5
 31
0.0
  0
LINE
  5
5B
330
17
100
AcDbEntity
  8
CORTE
100
AcDbLine
 10
440.2
 20
2.9955
 30
0.0
 11
440.1995845
 21
2.9968025
 31
0.0
  0
LINE
  5
5C
330
17
100
AcDbEntity
  8
CORTE
100
AcDbLine
 10
440.199169
 20
2.998105
 30
0.0
 11
440.1995845
 21
2.9968025
 31
0.0
  0
LINE
  5
5D
330
17
100
AcDbEntity
  8
CORTE
100
AcDbLine
 10
440.199169
 20
2.998105
 30
0.0
 11
440.1989255
 21
2.9983934999999997
 31
0.0
  0
LINE
  5
5E
330
17
100
AcDbEntity
  8
CORTE
100
AcDbLine
 10
440.198682
 20
2.998682
 30
0.0
 11
440.1989255
 21
2.9983934999999997
 31
0.0
  0
LINE
  5
5F
330
17
100
AcDbEntity
  8
CORTE
100
AcDbLine
 10
439.841318
 20
2.721318
 30
0.0
 11
439.8416065
 21
2.7210745000000003
 31
0.0
  0
LINE
  5
60
330
17
100
AcDbEntity
  8
CORTE
100
AcDbLine
 10
439.8416065
 20
2.7210745000000003
 30
0.0
 11
439.841895
 21
2.720831
 31
0.0
  0
LINE
  5
61
330
17
100
AcDbEntity
  8
CORTE
100
AcDbLine
 10
439.841895
 20
2.720831
 30
0.0
 11
439.8431975
 21
2.7204155
 31
0.0
  0
LINE
  5
62
330
17
100
AcDbEntity
  8
CORTE
100
AcDbLine
 10
439.8431975
 20
2.7204155
 30
0.0
 11
439.8445
 21
2.72
 31
0.0
  0
LINE
  5
63
330
17
100
AcDbEntity
  8
CORTE
100
AcDbLine
 10
439.8445
 20
2.72
 30
0.0
 11
439.98
 21
2.72
 31
0.0
  0
LINE
  5
64
330
17
100
AcDbEntity
  8
CORTE
100
AcDbLine
 10
439.98
 20
2.72
 30
0.0
 11
439.98
 21
2.72
 31
0.0
  0
LINE
  5
65
330
17
100
AcDbEntity
  8
CORTE
100
AcDbLine
 10
439.98
 20
2.72
 30
0.0
 11
440.1155
 21
2.72
 31
0.0
  0
LINE
  5
66
330
17
100
AcDbEntity
  8
CORTE
100
AcDbLine
 10
440.1155
 20
2.72
 30
0.0
 11
440.1168025
 21
2.7204155
 31
0.0
  0
LINE
  5
67
330
17
100
AcDbEntity
  8
CORTE
100
AcDbLine
 10
440.1168025
 20
2.7204155
 30
0.0
 11
440.118105
 21
2.720831
 31
0.0
  0
LINE
  5
68
330
17
100
AcDbEntity
  8
CORTE
100
AcDbLine
 10
440.118105
 20
2.720831
 30
0.0
 11
440.1183935
 21
2.7210745
 31
0.0
  0
LINE
  5
69
330
17
100
AcDbEntity
  8
CORTE
100
AcDbLine
 10
440.1183935
 20
2.7210745
 30
0.0
 11
440.118682
 21
2.721318
 31
0.0
  0
LINE
  5
6A
330
17
100
AcDbEntity
  8
CORTE
100
AcDbLine
 10
439.8416065
 20
2.9989255
 30
0.0
 11
439.841318
 21
2.998682
 31
0.0
  0
LINE
  5
6B
330
17
100
AcDbEntity
  8
CORTE
100
AcDbLine
 10
439.841895
 20
2.999169
 30
0.0
 11
439.8416065
 21
2.9989255
 31
0.0
  0
LINE
  5
6C
330
17
100
AcDbEntity
  8
CORTE
100
AcDbLine
 10
439.8431975
 20
2.9995845
 30
0.0
 11
439.841895
 21
2.999169
 31
0.0
  0
LINE
  5
6D
330
17
100
AcDbEntity
  8
CORTE
100
AcDbLine
 10
439.8445
 20
3.0
 30
0.0
 11
439.8431975
 21
2.9995845
 31
0.0
  0
LINE
  5
6E
330
17
100
AcDbEntity
  8
CORTE
100
AcDbLine
 10
439.98
 20
3.0
 30
0.0
 11
439.8445
 21
3.0
 31
0.0
  0
LINE
  5
6F
330
17
100
AcDbEntity
  8
CORTE
100
AcDbLine
 10
440.1155
 20
3.0
 30
0.0
 11
439.98
 21
3.0
 31
0.0
  0
LINE
  5
70
330
17
100
AcDbEntity
  8
CORTE
100
AcDbLine
 10
440.1168025
 20
2.9995845
 30
0.0
 11
440.1155
 21
3.0
 31
0.0
  0
LINE
  5
71
330
17
100
AcDbEntity
  8
CORTE
100
AcDbLine
 10
440.118105
 20
2.999169
 30
0.0
 11
440.1168025
 21
2.9995845
 31
0.0
  0
LINE
  5
72
330
17
100
AcDbEntity
  8
CORTE
100
AcDbLine
 10
440.1183935
 20
2.9989255000000004
 30
0.0
 11
440.118105
 21
2.999169
 31
0.0
  0
LINE
  5
73
330
17
100
AcDbEntity
  8
CORTE
100
AcDbLine
 10
440.118682
 20
2.998682
 30
0.0
 11
440.1183935
 21
2.9989255000000004
 31
0.0
  0
LINE
  5
74
330
17
100
AcDbEntity
  8
CORTE
100
AcDbLine
 10
439.8410745
 20
2.7216065
 30
0.0
 11
439.841318
 21
2.721318
 31
0.0
  0
LINE
  5
75
330
17
100
AcDbEntity
  8
CORTE
100
AcDbLine
 10
439.8410745
 20
2.7216065
 30
0.0
 11
439.840831
 21
2.721895
 31
0.0
  0
LINE
  5
76
330
17
100
AcDbEntity
  8
CORTE
100
AcDbLine
 10
439.8404155
 20
2.7231975
 30
0.0
 11
439.840831
 21
2.721895
 31
0.0
  0
LINE
  5
77
330
17
100
AcDbEntity
  8
CORTE
100
AcDbLine
 10
439.8404155
 20
2.7231975
 30
0.0
 11
439.84
 21
2.7245
 31
0.0
  0
LINE
  5
78
330
17
100
AcDbEntity
  8
CORTE
100
AcDbLine
 10
439.84
 20
2.86
 30
0.0
 11
439.84
 21
2.7245
 31
0.0
  0
LINE
  5
79
330
17
100
AcDbEntity
  8
CORTE
100
AcDbLine
 10
439.84
 20
2.86
 30
0.0
 11
439.84
 21
2.9955
 31
0.0
  0
LINE
  5
7A
330
17
100
AcDbEntity
  8
CORTE
100
AcDbLine
 10
439.8404155
 20
2.9968025
 30
0.0
 11
439.84
 21
2.9955
 31
0.0
  0
LINE
  5
7B
330
17
100
AcDbEntity
  8
CORTE
100
AcDbLine
 10
439.8404155
 20
2.9968025
 30
0.0
 11
439.840831
 21
2.998105
 31
0.0
  0
LINE
  5
7C
330
17
100
AcDbEntity
  8
CORTE
100
AcDbLine
 10
439.8410745
 20
2.9983934999999997
 30
0.0
 11
439.840831
 21
2.998105
 31
0.0
  0
LINE
  5
7D
330
17
100
AcDbEntity
  8
CORTE
100
AcDbLine
 10
439.8410745
 20
2.9983934999999997
 30
0.0
 11
439.841318
 21
2.998682
 31
0.0
  0
LINE
  5
7E
330
17
100
AcDbEntity
  8
CORTE
100
AcDbLine
 10
440.118682
 20
2.721318
 30
0.0
 11
440.1189255
 21
2.7216065
 31
0.0
  0
LINE
  5
7F
330
17
100
AcDbEntity
  8
CORTE
100
AcDbLine
 10
440.119169
 20
2.721895
 30
0.0
 11
440.1189255
 21
2.7216065
 31
0.0
  0
LINE
  5
80
330
17
100
AcDbEntity
  8
CORTE
100
AcDbLine
 10
440.119169
 20
2.721895
 30
0.0
 11
440.1195845
 21
2.7231975
 31
0.0
  0
LINE
  5
81
330
17
100
AcDbEntity
  8
CORTE
100
AcDbLine
 10
440.12
 20
2.7245
 30
0.0
 11
440.1195845
 21
2.7231975
 31
0.0
  0
LINE
  5
82
330
17
100
AcDbEntity
  8
CORTE
100
AcDbLine
 10
440.12
 20
2.7245
 30
0.0
 11
440.12
 21
2.86
 31
0.0
  0
LINE
  5
83
330
17
100
AcDbEntity
  8
CORTE
100
AcDbLine
 10
440.12
 20
2.9955
 30
0.0
 11
440.12
 21
2.86
 31
0.0
  0
LINE
  5
84
330
17
100
AcDbEntity
  8
CORTE
100
AcDbLine
 10
440.12
 20
2.9955
 30
0.0
 11
440.1195845
 21
2.9968025
 31
0.0
  0
LINE
  5
85
330
17
100
AcDbEntity
  8
CORTE
100
AcDbLine
 10
440.119169
 20
2.998105
 30
0.0
 11
440.1195845
 21
2.9968025
 31
0.0
  0
LINE
  5
86
330
17
100
AcDbEntity
  8
CORTE
100
AcDbLine
 10
440.119169
 20
2.998105
 30
0.0
 11
440.1189255
 21
2.9983934999999997
 31
0.0
  0
LINE
  5
87
330
17
100
AcDbEntity
  8
CORTE
100
AcDbLine
 10
440.118682
 20
2.998682
 30
0.0
 11
440.1189255
 21
2.9983934999999997
 31
0.0
  0
LWPOLYLINE
  5
88
330
17
100
AcDbEntity
  8
CORTE
100
AcDbPolyline
 90
41
 70
1
 10
445.901318
 20
2.361318
 10
445.9010745
 20
2.3616064999999997
 10
445.900831
 20
2.361895
 10
445.9004155
 20
2.3631975
 10
445.9
 20
2.3645
 10
445.9
 20
2.6799999999999997
 10
445.9
 20
2.9955
 10
445.9004155
 20
2.9968025
 10
445.900831
 20
2.998105
 10
445.9010745
 20
2.9983934999999997
 10
445.901318
 20
2.998682
 10
445.9016065
 20
2.9989255000000004
 10
445.901895
 20
2.999169
 10
445.9031975
 20
2.9995845
 10
445.9045
 20
3.0
 10
446.0
 20
3.0
 10
446.0955
 20
3.0
 10
446.0968025
 20
2.9995845
 10
446.098105
 20
2.999169
 10
446.0983935
 20
2.9989255000000004
 10
446.098682
 20
2.998682
 10
446.0989255
 20
2.9983934999999997
 10
446.099169
 20
2.998105
 10
446.0995845
 20
2.9968025
 10
446.1
 20
2.9955
 10
446.1
 20
2.6799999999999997
 10
446.1
 20
2.3645
 10
446.0995845
 20
2.3631975
 10
446.099169
 20
2.361895
 10
446.0989255
 20
2.3616064999999997
 10
446.098682
 20
2.361318
 10
446.0983935
 20
2.3610745
 10
446.098105
 20
2.360831
 10
446.0968025
 20
2.3604155
 10
446.0955
 20
2.36
 10
446.0
 20
2.36
 10
445.9045
 20
2.36
 10
445.9031975
 20
2.3604155
 10
445.901895
 20
2.360831
 10
445.9016065
 20
2.3610745
 10
445.901318
 20
2.361318
  0
LWPOLYLINE
  5
89
330
17
100
AcDbEntity
  8
CORTE
100
AcDbPolyline
 90
11
 70
1
 10
452.0
 20
3.0
 10
440.0
 20
3.0
 10
440.0
 20
3.2
 10
451.8695
 20
3.2
 10
451.8695
 20
3.1865
 10
451.9185
 20
3.1865
 10
451.9185
 20
3.178
 10
451.91949999999997
 20
3.178
 10
451.91949999999997
 20
3.176
 10
452.0
 20
3.176
 10
452.0
 20
3.0
  0
LINE
  5
8A
330
17
100
AcDbEntity
  8
VISTA
100
AcDbLine
 10
446.226025
 20
3.201025
 30
0.0
 11
446.226249638221
 21
3.2008352380499856
 31
0.0
  0
LINE
  5
8B
330
17
100
AcDbEntity
  8
VISTA
100
AcDbLine
 10
446.226249638221
 20
3.2008352380499856
 30
0.0
 11
446.226474
 21
3.200646
 31
0.0
  0
LINE
  5
8C
330
17
100
AcDbEntity
  8
VISTA
100
AcDbLine
 10
446.226474
 20
3.200646
 30
0.0
 11
446.2274871463461
 21
3.2003232816687257
 31
0.0
  0
LINE
  5
8D
330
17
100
AcDbEntity
  8
VISTA
100
AcDbLine
 10
446.2274871463461
 20
3.2003232816687257
 30
0.0
 11
446.2285
 21
3.2
 31
0.0
  0
LINE
  5
8E
330
17
100
AcDbEntity
  8
VISTA
100
AcDbLine
 10
448.93003219189495
 20
3.2
 30
0.0
 11
448.29272413549955
 21
3.2
 31
0.0
  0
LINE
  5
8F
330
17
100
AcDbEntity
  8
VISTA
100
AcDbLine
 10
451.7715
 20
3.2
 30
0.0
 11
448.99999948375296
 21
3.2
 31
0.0
  0
LINE
  5
90
330
17
100
AcDbEntity
  8
VISTA
100
AcDbLine
 10
451.7715
 20
3.2
 30
0.0
 11
451.772513
 21
3.200323
 31
0.0
  0
LINE
  5
91
330
17
100
AcDbEntity
  8
VISTA
100
AcDbLine
 10
451.772513
 20
3.200323
 30
0.0
 11
451.773526
 21
3.200646
 31
0.0
  0
LINE
  5
92
330
17
100
AcDbEntity
  8
VISTA
100
AcDbLine
 10
451.773526
 20
3.200646
 30
0.0
 11
451.7737505
 21
3.2008355
 31
0.0
  0
LINE
  5
93
330
17
100
AcDbEntity
  8
VISTA
100
AcDbLine
 10
451.7737505
 20
3.2008355
 30
0.0
 11
451.773975
 21
3.201025
 31
0.0
  0
LINE
  5
94
330
17
100
AcDbEntity
  8
VISTA
100
AcDbLine
 10
446.226025
 20
3.248975
 30
0.0
 11
446.226249638221
 21
3.249164045139219
 31
0.0
  0
LINE
  5
95
330
17
100
AcDbEntity
  8
VISTA
100
AcDbLine
 10
446.226474
 20
3.249354
 30
0.0
 11
446.226249638221
 21
3.249164045139219
 31
0.0
  0
LINE
  5
96
330
17
100
AcDbEntity
  8
VISTA
100
AcDbLine
 10
446.226474
 20
3.249354
 30
0.0
 11
446.2274871463461
 21
3.2496767183312745
 31
0.0
  0
LINE
  5
97
330
17
100
AcDbEntity
  8
VISTA
100
AcDbLine
 10
446.2285
 20
3.25
 30
0.0
 11
446.2274871463461
 21
3.2496767183312745
 31
0.0
  0
LINE
  5
98
330
17
100
AcDbEntity
  8
VISTA
100
AcDbLine
 10
446.2285
 20
3.25
 30
0.0
 11
448.9529195383271
 21
3.25
 31
0.0
  0
LINE
  5
99
330
17
100
AcDbEntity
  8
VISTA
100
AcDbLine
 10
448.99999948375296
 20
3.25
 30
0.0
 11
448.9529195383271
 21
3.25
 31
0.0
  0
LINE
  5
9A
330
17
100
AcDbEntity
  8
VISTA
100
AcDbLine
 10
448.99999948375296
 20
3.25
 30
0.0
 11
451.7715
 21
3.25
 31
0.0
  0
LINE
  5
9B
330
17
100
AcDbEntity
  8
VISTA
100
AcDbLine
 10
451.772513
 20
3.249677
 30
0.0
 11
451.7715
 21
3.25
 31
0.0
  0
LINE
  5
9C
330
17
100
AcDbEntity
  8
VISTA
100
AcDbLine
 10
451.773526
 20
3.249354
 30
0.0
 11
451.772513
 21
3.249677
 31
0.0
  0
LINE
  5
9D
330
17
100
AcDbEntity
  8
VISTA
100
AcDbLine
 10
451.7737505
 20
3.2491645
 30
0.0
 11
451.773526
 21
3.249354
 31
0.0
  0
LINE
  5
9E
330
17
100
AcDbEntity
  8
VISTA
100
AcDbLine
 10
451.773975
 20
3.248975
 30
0.0
 11
451.7737505
 21
3.2491645
 31
0.0
  0
LINE
  5
9F
330
17
100
AcDbEntity
  8
VISTA
100
AcDbLine
 10
446.226025
 20
3.201025
 30
0.0
 11
446.22583523804997
 21
3.20124963822104
 31
0.0
  0
LINE
  5
A0
330
17
100
AcDbEntity
  8
VISTA
100
AcDbLine
 10
446.225646
 20
3.201474
 30
0.0
 11
446.22583523804997
 21
3.20124963822104
 31
0.0
  0
LINE
  5
A1
330
17
100
AcDbEntity
  8
VISTA
100
AcDbLine
 10
446.225646
 20
3.201474
 30
0.0
 11
446.22532328166875
 21
3.2024864295353037
 31
0.0
  0
LINE
  5
A2
330
17
100
AcDbEntity
  8
VISTA
100
AcDbLine
 10
446.225
 20
3.2035
 30
0.0
 11
446.22532328166875
 21
3.2024864295353037
 31
0.0
  0
LINE
  5
A3
330
17
100
AcDbEntity
  8
VISTA
100
AcDbLine
 10
446.225
 20
3.224999977002756
 30
0.0
 11
446.225
 21
3.2035
 31
0.0
  0
LINE
  5
A4
330
17
100
AcDbEntity
  8
VISTA
100
AcDbLine
 10
446.225
 20
3.2465
 30
0.0
 11
446.225
 21
3.224999977002756
 31
0.0
  0
LINE
  5
A5
330
17
100
AcDbEntity
  8
VISTA
100
AcDbLine
 10
446.225
 20
3.2465
 30
0.0
 11
446.22532271833126
 21
3.2475131463460993
 31
0.0
  0
LINE
  5
A6
330
17
100
AcDbEntity
  8
VISTA
100
AcDbLine
 10
446.225646
 20
3.248526
 30
0.0
 11
446.22532271833126
 21
3.2475131463460993
 31
0.0
  0
LINE
  5
A7
330
17
100
AcDbEntity
  8
VISTA
100
AcDbLine
 10
446.225646
 20
3.248526
 30
0.0
 11
446.2258350451392
 21
3.24875063822104
 31
0.0
  0
LINE
  5
A8
330
17
100
AcDbEntity
  8
VISTA
100
AcDbLine
 10
446.226025
 20
3.248975
 30
0.0
 11
446.2258350451392
 21
3.24875063822104
 31
0.0
  0
LINE
  5
A9
330
17
100
AcDbEntity
  8
VISTA
100
AcDbLine
 10
451.773975
 20
3.201025
 30
0.0
 11
451.7741645
 21
3.2012495000000003
 31
0.0
  0
LINE
  5
AA
330
17
100
AcDbEntity
  8
VISTA
100
AcDbLine
 10
451.774354
 20
3.201474
 30
0.0
 11
451.7741645
 21
3.2012495000000003
 31
0.0
  0
LINE
  5
AB
330
17
100
AcDbEntity
  8
VISTA
100
AcDbLine
 10
451.774354
 20
3.201474
 30
0.0
 11
451.774677
 21
3.202487
 31
0.0
  0
LINE
  5
AC
330
17
100
AcDbEntity
  8
VISTA
100
AcDbLine
 10
451.775
 20
3.2035
 30
0.0
 11
451.774677
 21
3.202487
 31
0.0
  0
LINE
  5
AD
330
17
100
AcDbEntity
  8
VISTA
100
AcDbLine
 10
451.775
 20
3.2035
 30
0.0
 11
451.775
 21
3.225
 31
0.0
  0
LINE
  5
AE
330
17
100
AcDbEntity
  8
VISTA
100
AcDbLine
 10
451.775
 20
3.2465
 30
0.0
 11
451.775
 21
3.225
 31
0.0
  0
LINE
  5
AF
330
17
100
AcDbEntity
  8
VISTA
100
AcDbLine
 10
451.775
 20
3.2465
 30
0.0
 11
451.774677
 21
3.247513
 31
0.0
  0
LINE
  5
B0
330
17
100
AcDbEntity
  8
VISTA
100
AcDbLine
 10
451.774354
 20
3.248526
 30
0.0
 11
451.774677
 21
3.247513
 31
0.0
  0
LINE
  5
B1
330
17
100
AcDbEntity
  8
VISTA
100
AcDbLine
 10
451.774354
 20
3.248526
 30
0.0
 11
451.7741645
 21
3.2487505
 31
0.0
  0
LINE
  5
B2
330
17
100
AcDbEntity
  8
VISTA
100
AcDbLine
 10
451.773975
 20
3.248975
 30
0.0
 11
451.7741645
 21
3.2487505
 31
0.0
  0
LWPOLYLINE
  5
B3
330
17
100
AcDbEntity
  8
CORTE
100
AcDbPolyline
 90
41
 70
1
 10
440.001318
 20
3.201318
 10
440.0010745
 20
3.2016065
 10
440.000831
 20
3.201895
 10
440.0004155
 20
3.2031975
 10
440.0
 20
3.2045
 10
440.0
 20
4.8
 10
440.0
 20
6.3955
 10
440.0004155
 20
6.396803
 10
440.000831
 20
6.398106
 10
440.0010745
 20
6.398394
 10
440.001318
 20
6.398682
 10
440.0016065
 20
6.3989255
 10
440.001895
 20
6.399169
 10
440.0031975
 20
6.3995845
 10
440.0045
 20
6.4
 10
440.1
 20
6.4
 10
440.1955
 20
6.4
 10
440.1968025
 20
6.3995845
 10
440.198105
 20
6.399169
 10
440.1983935
 20
6.3989255
 10
440.198682
 20
6.398682
 10
440.1989255
 20
6.398394
 10
440.199169
 20
6.398106
 10
440.1995845
 20
6.396803
 10
440.2
 20
6.3955
 10
440.2
 20
4.8
 10
440.2
 20
3.2045
 10
440.1995845
 20
3.2031975
 10
440.199169
 20
3.201895
 10
440.1989255
 20
3.2016065
 10
440.198682
 20
3.201318
 10
440.1983935
 20
3.2010745
 10
440.198105
 20
3.200831
 10
440.1968025
 20
3.2004155
 10
440.1955
 20
3.2
 10
440.1
 20
3.2
 10
440.0045
 20
3.2
 10
440.0031975
 20
3.2004155
 10
440.001895
 20
3.200831
 10
440.0016065
 20
3.2010745
 10
440.001318
 20
3.201318
  0
LWPOLYLINE
  5
B4
330
17
100
AcDbEntity
  8
CORTE
100
AcDbPolyline
 90
36
 70
1
 10
451.801317
 20
5.761318
 10
451.80107399999997
 20
5.7616065
 10
451.800831
 20
5.761895
 10
451.800415
 20
5.7631975
 10
451.799999
 20
5.7645
 10
451.799999
 20
6.08
 10
451.799999
 20
6.3955
 10
451.800415
 20
6.3968025
 10
451.800831
 20
6.398105
 10
451.80107399999997
 20
6.3983935
 10
451.801317
 20
6.398682
 10
451.8016055
 20
6.3989255
 10
451.801894
 20
6.399169
 10
451.803197
 20
6.3995845
 10
451.8045
 20
6.4
 10
451.9
 20
6.4
 10
451.9955
 20
6.4
 10
451.9968025
 20
6.3995845
 10
451.998105
 20
6.399169
 10
451.9983935
 20
6.3989255
 10
451.998682
 20
6.398682
 10
451.998925
 20
6.3983935
 10
451.999168
 20
6.398105
 10
451.999584
 20
6.3968025
 10
452.0
 20
6.3955
 10
452.0
 20
6.08
 10
452.0
 20
5.802
 10
451.9185
 20
5.802
 10
451.9185
 20
5.7885
 10
451.8695
 20
5.7885
 10
451.8695
 20
5.76
 10
451.8045
 20
5.76
 10
451.803197
 20
5.7604155
 10
451.801894
 20
5.760831
 10
451.8016055
 20
5.761074499999999
 10
451.801317
 20
5.761318
  0
LWPOLYLINE
  5
B5
330
17
100
AcDbEntity
  8
VISTA
100
AcDbPolyline
 90
22
 70
1
 10
451.791464
 20
3.201464
 10
451.79119350003384
 20
3.2017844999598872
 10
451.790923
 20
3.202105
 10
451.79046150005775
 20
3.203552499818836
 10
451.79
 20
3.205
 10
451.79
 20
3.224999997496871
 10
451.79
 20
3.245
 10
451.79046149994224
 20
3.246447499818836
 10
451.790923
 20
3.247895
 10
451.79119349996614
 20
3.24821499995995
 10
451.791464
 20
3.248535
 10
451.7917844999599
 20
3.2488059999660828
 10
451.792105
 20
3.249077
 10
451.7935524998188
 20
3.2495384999422403
 10
451.795
 20
3.25
 10
451.8695
 20
3.25
 10
451.8695
 20
3.2
 10
451.795
 20
3.2
 10
451.7935524998188
 20
3.20046150005776
 10
451.792105
 20
3.200923
 10
451.7917844999599
 20
3.2011935000338547
 10
451.791464
 20
3.201464
  0
LINE
  5
B6
330
17
100
AcDbEntity
  8
VISTA
100
AcDbLine
 10
452.0105
 20
5.719
 30
0.0
 11
452.0327253224874
 21
5.719
 31
0.0
  0
LINE
  5
B7
330
17
100
AcDbEntity
  8
VISTA
100
AcDbLine
 10
452.040501
 20
5.719
 30
0.0
 11
452.0327253224874
 21
5.719
 31
0.0
  0
LINE
  5
B8
330
17
100
AcDbEntity
  8
VISTA
100
AcDbLine
 10
452.040501
 20
5.719
 30
0.0
 11
452.0426621509281
 21
5.719688954377937
 31
0.0
  0
LINE
  5
B9
330
17
100
AcDbEntity
  8
VISTA
100
AcDbLine
 10
452.0426621509281
 20
5.719688954377937
 30
0.0
 11
452.042816
 21
5.719738
 31
0.0
  0
LINE
  5
BA
330
17
100
AcDbEntity
  8
VISTA
100
AcDbLine
 10
452.042816
 20
5.719738
 30
0.0
 11
452.0432949073115
 21
5.720143157452608
 31
0.0
  0
LINE
  5
BB
330
17
100
AcDbEntity
  8
VISTA
100
AcDbLine
 10
451.921150840854
 20
5.80023322391009
 30
0.0
 11
451.920671
 21
5.799829
 31
0.0
  0
LINE
  5
BC
330
17
100
AcDbEntity
  8
VISTA
100
AcDbLine
 10
451.92334615092807
 20
5.800950954377937
 30
0.0
 11
451.921185
 21
5.800262
 31
0.0
  0
LINE
  5
BD
330
17
100
AcDbEntity
  8
VISTA
100
AcDbLine
 10
451.9235
 20
5.801
 30
0.0
 11
451.92334615092807
 21
5.800950954377937
 31
0.0
  0
LINE
  5
BE
330
17
100
AcDbEntity
  8
VISTA
100
AcDbLine
 10
452.0327254080934
 20
5.801
 30
0.0
 11
452.0327254080934
 21
5.801
 31
0.0
  0
LINE
  5
BF
330
17
100
AcDbEntity
  8
VISTA
100
AcDbLine
 10
452.0327254080934
 20
5.801
 30
0.0
 11
451.9235
 21
5.801
 31
0.0
  0
LINE
  5
C0
330
17
100
AcDbEntity
  8
VISTA
100
AcDbLine
 10
452.040501
 20
5.801
 30
0.0
 11
452.0327254080934
 21
5.801
 31
0.0
  0
LINE
  5
C1
330
17
100
AcDbEntity
  8
VISTA
100
AcDbLine
 10
452.0426621509281
 20
5.800311045622063
 30
0.0
 11
452.040501
 21
5.801
 31
0.0
  0
LINE
  5
C2
330
17
100
AcDbEntity
  8
VISTA
100
AcDbLine
 10
452.042816
 20
5.800262
 30
0.0
 11
452.0426621509281
 21
5.800311045622063
 31
0.0
  0
LINE
  5
C3
330
17
100
AcDbEntity
  8
VISTA
100
AcDbLine
 10
452.0432949073115
 20
5.79985777608991
 30
0.0
 11
452.042816
 21
5.800262
 31
0.0
  0
LINE
  5
C4
330
17
100
AcDbEntity
  8
VISTA
100
AcDbLine
 10
451.91949999999997
 20
5.792082374265957
 30
0.0
 11
451.91949999999997
 21
5.7885
 31
0.0
  0
LINE
  5
C5
330
17
100
AcDbEntity
  8
VISTA
100
AcDbLine
 10
451.91949999999997
 20
5.792082374265957
 30
0.0
 11
451.91949999999997
 21
5.797
 31
0.0
  0
LINE
  5
C6
330
17
100
AcDbEntity
  8
VISTA
100
AcDbLine
 10
451.9201889543779
 20
5.7991620844705976
 30
0.0
 11
451.91949999999997
 21
5.797
 31
0.0
  0
LINE
  5
C7
330
17
100
AcDbEntity
  8
VISTA
100
AcDbLine
 10
451.9201889543779
 20
5.7991620844705976
 30
0.0
 11
451.920238
 21
5.799316
 31
0.0
  0
LINE
  5
C8
330
17
100
AcDbEntity
  8
VISTA
100
AcDbLine
 10
451.9206422239101
 20
5.799794907311492
 30
0.0
 11
451.920238
 21
5.799316
 31
0.0
  0
LINE
  5
C9
330
17
100
AcDbEntity
  8
VISTA
100
AcDbLine
 10
452.04332899999997
 20
5.720172
 30
0.0
 11
452.04373329874215
 21
5.720650850818243
 31
0.0
  0
LINE
  5
CA
330
17
100
AcDbEntity
  8
VISTA
100
AcDbLine
 10
452.043762
 20
5.720685
 30
0.0
 11
452.04445096868454
 21
5.722846129367806
 31
0.0
  0
LINE
  5
CB
330
17
100
AcDbEntity
  8
VISTA
100
AcDbLine
 10
452.04445096868454
 20
5.722846129367806
 30
0.0
 11
452.04449999999997
 21
5.723
 31
0.0
  0
LINE
  5
CC
330
17
100
AcDbEntity
  8
VISTA
100
AcDbLine
 10
452.04449999999997
 20
5.723
 30
0.0
 11
452.04449999999997
 21
5.7920822174678674
 31
0.0
  0
LINE
  5
CD
330
17
100
AcDbEntity
  8
VISTA
100
AcDbLine
 10
452.04449999999997
 20
5.797
 30
0.0
 11
452.04449999999997
 21
5.7920822174678674
 31
0.0
  0
LINE
  5
CE
330
17
100
AcDbEntity
  8
VISTA
100
AcDbLine
 10
452.04449999999997
 20
5.797
 30
0.0
 11
452.0438110456221
 21
5.7991620844705976
 31
0.0
  0
LINE
  5
CF
330
17
100
AcDbEntity
  8
VISTA
100
AcDbLine
 10
452.043762
 20
5.799316
 30
0.0
 11
452.0438110456221
 21
5.7991620844705976
 31
0.0
  0
LINE
  5
D0
330
17
100
AcDbEntity
  8
VISTA
100
AcDbLine
 10
452.043762
 20
5.799316
 30
0.0
 11
452.0433577760899
 21
5.799794907311492
 31
0.0
  0
LINE
  5
D1
330
17
100
AcDbEntity
  8
VISTA
100
AcDbLine
 10
452.0105
 20
5.7345
 30
0.0
 11
452.0105
 21
5.719
 31
0.0
  0
LINE
  5
D2
330
17
100
AcDbEntity
  8
VISTA
100
AcDbLine
 10
452.014501
 20
5.7885
 30
0.0
 11
452.014501
 21
5.7345
 31
0.0
  0
LINE
  5
D3
330
17
100
AcDbEntity
  8
VISTA
100
AcDbLine
 10
452.014501
 20
5.7345
 30
0.0
 11
452.0105
 21
5.7345
 31
0.0
  0
LINE
  5
D4
330
17
100
AcDbEntity
  8
VISTA
100
AcDbLine
 10
452.014501
 20
5.7885
 30
0.0
 11
451.91949999999997
 21
5.7885
 31
0.0
  0
LINE
  5
D5
330
17
100
AcDbEntity
  8
VISTA
100
AcDbLine
 10
451.920671
 20
3.180171
 30
0.0
 11
451.921150840854
 21
3.1797677096324275
 31
0.0
  0
LINE
  5
D6
330
17
100
AcDbEntity
  8
VISTA
100
AcDbLine
 10
451.921185
 20
3.179739
 30
0.0
 11
451.92334615092807
 21
3.1790491120795457
 31
0.0
  0
LINE
  5
D7
330
17
100
AcDbEntity
  8
VISTA
100
AcDbLine
 10
451.92334615092807
 20
3.1790491120795457
 30
0.0
 11
451.9235
 21
3.179
 31
0.0
  0
LINE
  5
D8
330
17
100
AcDbEntity
  8
VISTA
100
AcDbLine
 10
451.97470980826523
 20
3.179
 30
0.0
 11
452.00986133112946
 21
3.179
 31
0.0
  0
LINE
  5
D9
330
17
100
AcDbEntity
  8
VISTA
100
AcDbLine
 10
451.97470980826523
 20
3.179
 30
0.0
 11
451.9235
 21
3.179
 31
0.0
  0
LINE
  5
DA
330
17
100
AcDbEntity
  8
VISTA
100
AcDbLine
 10
452.0327248991369
 20
3.179
 30
0.0
 11
452.00986133112946
 21
3.179
 31
0.0
  0
LINE
  5
DB
330
17
100
AcDbEntity
  8
VISTA
100
AcDbLine
 10
452.040501
 20
3.179
 30
0.0
 11
452.0327248991369
 21
3.179
 31
0.0
  0
LINE
  5
DC
330
17
100
AcDbEntity
  8
VISTA
100
AcDbLine
 10
452.04266262036344
 20
3.1796892936363057
 30
0.0
 11
452.040501
 21
3.179
 31
0.0
  0
LINE
  5
DD
330
17
100
AcDbEntity
  8
VISTA
100
AcDbLine
 10
452.042816
 20
3.179739
 30
0.0
 11
452.04266262036344
 21
3.1796892936363057
 31
0.0
  0
LINE
  5
DE
330
17
100
AcDbEntity
  8
VISTA
100
AcDbLine
 10
452.0432949474963
 20
3.180142622913584
 30
0.0
 11
452.042816
 21
3.179739
 31
0.0
  0
LINE
  5
DF
330
17
100
AcDbEntity
  8
VISTA
100
AcDbLine
 10
452.0327254013636
 20
3.261
 30
0.0
 11
452.014501
 21
3.261
 31
0.0
  0
LINE
  5
E0
330
17
100
AcDbEntity
  8
VISTA
100
AcDbLine
 10
452.0327254013636
 20
3.261
 30
0.0
 11
452.040501
 21
3.261
 31
0.0
  0
LINE
  5
E1
330
17
100
AcDbEntity
  8
VISTA
100
AcDbLine
 10
452.0426621509281
 20
3.2603110456220636
 30
0.0
 11
452.040501
 21
3.261
 31
0.0
  0
LINE
  5
E2
330
17
100
AcDbEntity
  8
VISTA
100
AcDbLine
 10
452.042816
 20
3.260262
 30
0.0
 11
452.0426621509281
 21
3.2603110456220636
 31
0.0
  0
LINE
  5
E3
330
17
100
AcDbEntity
  8
VISTA
100
AcDbLine
 10
452.0432949073115
 20
3.25985777608991
 30
0.0
 11
452.042816
 21
3.260262
 31
0.0
  0
LINE
  5
E4
330
17
100
AcDbEntity
  8
VISTA
100
AcDbLine
 10
451.92026677608993
 20
3.1806499073114924
 30
0.0
 11
451.920671
 21
3.180171
 31
0.0
  0
LINE
  5
E5
330
17
100
AcDbEntity
  8
VISTA
100
AcDbLine
 10
451.91954904562203
 20
3.1828460844705977
 30
0.0
 11
451.920238
 21
3.180684
 31
0.0
  0
LINE
  5
E6
330
17
100
AcDbEntity
  8
VISTA
100
AcDbLine
 10
451.91954904562203
 20
3.1828460844705977
 30
0.0
 11
451.91949999999997
 21
3.183
 31
0.0
  0
LINE
  5
E7
330
17
100
AcDbEntity
  8
VISTA
100
AcDbLine
 10
451.91949999999997
 20
3.1865
 30
0.0
 11
451.91949999999997
 21
3.183
 31
0.0
  0
LINE
  5
E8
330
17
100
AcDbEntity
  8
VISTA
100
AcDbLine
 10
452.04332899999997
 20
3.180171
 30
0.0
 11
452.04373295063465
 21
3.1806499909868817
 31
0.0
  0
LINE
  5
E9
330
17
100
AcDbEntity
  8
VISTA
100
AcDbLine
 10
452.04445151951944
 20
3.1828461271704187
 30
0.0
 11
452.043762
 21
3.180684
 31
0.0
  0
LINE
  5
EA
330
17
100
AcDbEntity
  8
VISTA
100
AcDbLine
 10
452.04449999999997
 20
3.183
 30
0.0
 11
452.04445151951944
 21
3.1828461271704187
 31
0.0
  0
LINE
  5
EB
330
17
100
AcDbEntity
  8
VISTA
100
AcDbLine
 10
452.04449999999997
 20
3.2520821191985
 30
0.0
 11
452.04449999999997
 21
3.183
 31
0.0
  0
LINE
  5
EC
330
17
100
AcDbEntity
  8
VISTA
100
AcDbLine
 10
452.04449999999997
 20
3.2520821191985
 30
0.0
 11
452.04449999999997
 21
3.257
 31
0.0
  0
LINE
  5
ED
330
17
100
AcDbEntity
  8
VISTA
100
AcDbLine
 10
452.04449999999997
 20
3.257
 30
0.0
 11
452.04381103131544
 21
3.2591619964916125
 31
0.0
  0
LINE
  5
EE
330
17
100
AcDbEntity
  8
VISTA
100
AcDbLine
 10
452.04381103131544
 20
3.2591619964916125
 30
0.0
 11
452.043762
 21
3.259316
 31
0.0
  0
LINE
  5
EF
330
17
100
AcDbEntity
  8
VISTA
100
AcDbLine
 10
452.043762
 20
3.259316
 30
0.0
 11
452.043357834134
 21
3.2597948508182433
 31
0.0
  0
LINE
  5
F0
330
17
100
AcDbEntity
  8
VISTA
100
AcDbLine
 10
452.014501
 20
3.1865
 30
0.0
 11
452.014501
 21
3.261
 31
0.0
  0
LINE
  5
F1
330
17
100
AcDbEntity
  8
VISTA
100
AcDbLine
 10
451.9694258196349
 20
3.1865
 30
0.0
 11
452.0033113322885
 21
3.1865
 31
0.0
  0
LWPOLYLINE
  5
F2
330
17
100
AcDbEntity
  8
VISTA
100
AcDbPolyline
 90
48
 70
1
 10
451.911757
 20
3.144257
 10
451.91114336229106
 20
3.144984099226772
 10
451.911108
 20
3.145026
 10
451.91006037198537
 20
3.14831071094123
 10
451.91
 20
3.1485
 10
451.91
 20
3.179701917403741
 10
451.91
 20
3.1815
 10
451.91104762801467
 20
3.1847837654285813
 10
451.911108
 20
3.184973
 10
451.9117216377089
 20
3.1857010447394205
 10
451.911757
 20
3.185743
 10
451.9124840992268
 20
3.1863566377089403
 10
451.912526
 20
3.186392
 10
451.912864
 20
3.1865
 10
451.9185
 20
3.1865
 10
451.9185
 20
3.178
 10
451.91949999999997
 20
3.178
 10
451.91949999999997
 20
3.176
 10
452.04449999999997
 20
3.176
 10
452.04449999999997
 20
3.178
 10
452.045501
 20
3.178
 10
452.045501
 20
3.1875
 10
452.0748461980899
 20
3.1875
 10
452.084
 20
3.1875
 10
452.0872847109412
 20
3.1864523719853532
 10
452.087474
 20
3.186392
 10
452.08820109922675
 20
3.18577836229106
 10
452.088243
 20
3.185743
 10
452.0882783622911
 20
3.1857010447394205
 10
452.088892
 20
3.184973
 10
452.08895241023913
 20
3.1847837860753914
 10
452.09
 20
3.1815
 10
452.09
 20
3.179701669673003
 10
452.09
 20
3.1485
 10
452.08993962801463
 20
3.14831071094123
 10
452.088892
 20
3.145026
 10
452.08885663770894
 20
3.144984099226772
 10
452.088243
 20
3.144257
 10
452.08820109922675
 20
3.1442216377089403
 10
452.087474
 20
3.143608
 10
452.0872847109412
 20
3.143547628014647
 10
452.084
 20
3.1425
 10
452.0748461249645
 20
3.1425
 10
451.916
 20
3.1425
 10
451.91581071094123
 20
3.142560371985353
 10
451.912526
 20
3.143608
 10
451.9124840992268
 20
3.14364336229106
 10
451.911757
 20
3.144257
  0
LWPOLYLINE
  5
F3
330
17
100
AcDbEntity
  8
VISTA
100
AcDbPolyline
 90
39
 70
1
 10
452.001318
 20
3.051318
 10
452.00110158263215
 20
3.051574412363939
 10
452.000831
 20
3.051895
 10
452.00046171286925
 20
3.0530526329429133
 10
452.0
 20
3.0545
 10
452.0
 20
3.1216027240686066
 10
452.0
 20
3.176
 10
452.04449999999997
 20
3.176
 10
452.04449999999997
 20
3.178
 10
452.045501
 20
3.178
 10
452.045501
 20
3.21
 10
452.4448893460373
 20
3.21
 10
452.9955
 20
3.21
 10
452.9966576329429
 20
3.2096307128692665
 10
452.998105
 20
3.209169
 10
452.9983614123639
 20
3.2089525826321696
 10
452.998682
 20
3.208682
 10
452.99895258263217
 20
3.208361412363939
 10
452.999169
 20
3.208105
 10
452.99963071286925
 20
3.2066576329429135
 10
453.0
 20
3.2055
 10
453.0
 20
3.165952652997272
 10
453.0
 20
3.1564553817887577
 10
453.0
 20
3.121602715692867
 10
453.0
 20
3.0545
 10
452.99953828713075
 20
3.0530526329429133
 10
452.999169
 20
3.051895
 10
452.99889841736785
 20
3.051574412363939
 10
452.998682
 20
3.051318
 10
452.9983614123639
 20
3.0510474173678306
 10
452.998105
 20
3.050831
 10
452.9966576329429
 20
3.0503692871307337
 10
452.9955
 20
3.05
 10
452.4448893460373
 20
3.05
 10
452.0045
 20
3.05
 10
452.0030526329429
 20
3.050461712869266
 10
452.001895
 20
3.050831
 10
452.00157441236394
 20
3.0511015826321697
 10
452.001318
 20
3.051318
  0
LWPOLYLINE
  5
F4
330
17
100
AcDbEntity
  8
VISTA
100
AcDbPolyline
 90
41
 70
1
 10
453.002002
 20
4.277998
 10
453.00190472562133
 20
4.277916271754907
 10
453.0017835558248
 20
4.277814
 10
453.0013464873836
 20
4.277674528973048
 10
453.00079955582476
 20
4.2775
 10
452.98232186562984
 20
4.2775
 10
452.95919955582474
 20
4.2775
 10
452.9587624873836
 20
4.277639471026952
 10
452.9582155558248
 20
4.277814
 10
452.9581187256213
 20
4.277895728245094
 10
452.957997
 20
4.277998
 10
452.9579152717549
 20
4.278094830203425
 10
452.957813
 20
4.278216
 10
452.9576739731483
 20
4.27865306844115
 10
452.9575
 20
4.2792
 10
452.9575
 20
4.2976776901949405
 10
452.9575
 20
4.3208
 10
452.9576390268517
 20
4.32123706844115
 10
452.957813
 20
4.321784
 10
452.9578947282451
 20
4.321880830203425
 10
452.957997
 20
4.322002
 10
452.9581187256213
 20
4.322104271754907
 10
452.9582155558248
 20
4.322186
 10
452.9587624873836
 20
4.322360528973048
 10
452.95919955582474
 20
4.3225
 10
452.98232186562984
 20
4.3225
 10
453.00079955582476
 20
4.3225
 10
453.0013464873836
 20
4.322325471026952
 10
453.0017835558248
 20
4.322186
 10
453.00190472562133
 20
4.322083728245094
 10
453.002002
 20
4.322002
 10
453.0021042717549
 20
4.321880830203425
 10
453.002186
 20
4.321784
 10
453.00236052897304
 20
4.32123706844115
 10
453.0025
 20
4.3208
 10
453.0025
 20
4.2976776901949405
 10
453.0025
 20
4.2792
 10
453.00232547102695
 20
4.27865306844115
 10
453.002186
 20
4.278216
 10
453.0020837282451
 20
4.278094830203425
 10
453.002002
 20
4.277998
  0
LWPOLYLINE
  5
F5
330
17
100
AcDbEntity
  8
VISTA
100
AcDbPolyline
 90
41
 70
1
 10
452.993502
 20
3.792998
 10
452.9934047256213
 20
3.792916271754907
 10
452.99328355582475
 20
3.792814
 10
452.9928464873836
 20
3.792674528973048
 10
452.99229955582473
 20
3.7925
 10
452.981372844796
 20
3.7925
 10
452.96769955582477
 20
3.7925
 10
452.9672624873836
 20
3.792639471026952
 10
452.96671555582475
 20
3.792814
 10
452.96661872562134
 20
3.792895728245093
 10
452.966497
 20
3.792998
 10
452.9664152717549
 20
3.7930948302034255
 10
452.966313
 20
3.793216
 10
452.9661739731483
 20
3.7936530684411496
 10
452.966
 20
3.7942
 10
452.966
 20
3.8051267110287386
 10
452.966
 20
3.8188
 10
452.9661390268517
 20
3.8192370684411494
 10
452.966313
 20
3.819784
 10
452.9663947282451
 20
3.8198808302034255
 10
452.966497
 20
3.820002
 10
452.96661872562134
 20
3.820104271754907
 10
452.96671555582475
 20
3.820186
 10
452.9672624873836
 20
3.820360528973048
 10
452.96769955582477
 20
3.8205
 10
452.981372844796
 20
3.8205
 10
452.99229955582473
 20
3.8205
 10
452.9928464873836
 20
3.820325471026952
 10
452.99328355582475
 20
3.820186
 10
452.9934047256213
 20
3.820083728245093
 10
452.993502
 20
3.820002
 10
452.9936042717549
 20
3.8198808302034255
 10
452.993686
 20
3.819784
 10
452.9938599731483
 20
3.8192370684411494
 10
452.993999
 20
3.8188
 10
452.993999
 20
3.8051267110287386
 10
452.993999
 20
3.7942
 10
452.9938250268517
 20
3.7936530684411496
 10
452.993686
 20
3.793216
 10
452.9935837282451
 20
3.7930948302034255
 10
452.993502
 20
3.792998
  0
LWPOLYLINE
  5
F6
330
17
100
AcDbEntity
  8
CORTE
100
AcDbPolyline
 90
9
 70
1
 10
439.9025
 20
2.9975
 10
439.8849999978528
 20
2.9975
 10
439.8675
 20
2.9975
 10
439.8675
 20
3.015000002147239
 10
439.8675
 20
3.0325
 10
439.88500000214725
 20
3.0325
 10
439.9025
 20
3.0325
 10
439.9025
 20
3.0149999978527613
 10
439.9025
 20
2.9975
  0
LWPOLYLINE
  5
F7
330
17
100
AcDbEntity
  8
VISTA
100
AcDbPolyline
 90
9
 70
1
 10
453.029
 20
3.0325
 10
453.01654696132596
 20
3.0325
 10
453.001
 20
3.0325
 10
453.001
 20
3.056961325966851
 10
453.001
 20
3.0875
 10
453.013453038674
 20
3.0875
 10
453.029
 20
3.0875
 10
453.029
 20
3.063038674033149
 10
453.029
 20
3.0325
  0
LWPOLYLINE
  5
F8
330
17
100
AcDbEntity
  8
CORTE
100
AcDbPolyline
 90
41
 70
1
 10
448.931318
 20
3.201318
 10
448.9312640507905
 20
3.2013819192892603
 10
448.930831
 20
3.201895
 10
448.93073894293
 20
3.2021835784203163
 10
448.93
 20
3.2045
 10
448.93
 20
3.5081443186513264
 10
448.93
 20
5.9455
 10
448.93009205707
 20
5.945788578420316
 10
448.930831
 20
5.948105
 10
448.9308849492095
 20
5.94816891928926
 10
448.931318
 20
5.948682
 10
448.93138191928927
 20
5.948735949209479
 10
448.931895
 20
5.949169
 10
448.93218357842034
 20
5.949261057069974
 10
448.9345
 20
5.95
 10
448.94901200501397
 20
5.95
 10
449.0655
 20
5.95
 10
449.0657885784203
 20
5.949907942930026
 10
449.068105
 20
5.949169
 10
449.06816891928923
 20
5.949115050790521
 10
449.068682
 20
5.948682
 10
449.0691150507905
 20
5.94816891928926
 10
449.069169
 20
5.948105
 10
449.06990794293
 20
5.945788578420316
 10
449.07
 20
5.9455
 10
449.07
 20
3.5081443186513264
 10
449.07
 20
3.2045
 10
449.06926105707
 20
3.2021835784203163
 10
449.069169
 20
3.201895
 10
449.0687359492095
 20
3.2013819192892603
 10
449.068682
 20
3.201318
 10
449.06816891928923
 20
3.2008840599881436
 10
449.068105
 20
3.20083
 10
449.0657885784203
 20
3.20009194629131
 10
449.0655
 20
3.2
 10
448.94901200501397
 20
3.2
 10
448.9345
 20
3.2
 10
448.93218357842034
 20
3.20073805370869
 10
448.931895
 20
3.20083
 10
448.93138191928927
 20
3.2012639400118563
 10
448.931318
 20
3.201318
  0
LWPOLYLINE
  5
F9
330
17
100
AcDbEntity
  8
VISTA
100
AcDbPolyline
 90
11
 70
1
 10
451.940001
 20
3.171
 10
451.92106436170224
 20
3.171
 10
451.9
 20
3.171
 10
451.9
 20
3.179521402578783
 10
451.9
 20
3.1865
 10
451.9185
 20
3.1865
 10
451.9185
 20
3.178
 10
451.91949999999997
 20
3.178
 10
451.91949999999997
 20
3.176
 10
451.940001
 20
3.176
 10
451.940001
 20
3.171
  0
LWPOLYLINE
  5
FA
330
17
100
AcDbEntity
  8
VISTA
100
AcDbPolyline
 90
13
 70
1
 10
452.974293
 20
3.330293
 10
452.974
 20
3.331
 10
452.974
 20
4.257
 10
452.974293
 20
4.257707
 10
452.974999
 20
4.258
 10
452.985
 20
4.258
 10
452.985706
 20
4.257707
 10
452.985999
 20
4.257
 10
452.985999
 20
3.331
 10
452.985706
 20
3.330293
 10
452.985
 20
3.33
 10
452.974999
 20
3.33
 10
452.974293
 20
3.330293
  0
LWPOLYLINE
  5
FB
330
17
100
AcDbEntity
  8
VISTA
100
AcDbPolyline
 90
14
 70
1
 10
452.115
 20
3.211
 10
452.115
 20
3.247275
 10
452.115293
 20
3.2479774349058808
 10
452.115999
 20
3.24826
 10
452.49999971699117
 20
3.2425002641028033
 10
452.999001
 20
3.235015
 10
452.999708
 20
3.234712
 10
453.0
 20
3.234
 10
453.0
 20
3.211
 10
452.999708
 20
3.210293
 10
452.999
 20
3.21
 10
452.116
 20
3.21
 10
452.1152924928576
 20
3.210293
 10
452.115
 20
3.211
  0
LWPOLYLINE
  5
FC
330
17
100
AcDbEntity
  8
VISTA
100
AcDbPolyline
 90
13
 70
1
 10
452.102146
 20
3.240646
 10
452.102
 20
3.241
 10
452.102
 20
3.245
 10
452.102146
 20
3.245354
 10
452.1025
 20
3.2455
 10
452.1135
 20
3.2455
 10
452.113853
 20
3.245354
 10
452.113999
 20
3.245
 10
452.113999
 20
3.241
 10
452.113853
 20
3.240646
 10
452.1135
 20
3.2405
 10
452.1025
 20
3.2405
 10
452.102146
 20
3.240646
  0
LWPOLYLINE
  5
FD
330
17
100
AcDbEntity
  8
CORTE
100
AcDbPolyline
 90
5
 70
1
 10
446.078751
 20
8.16954
 10
439.901701
 20
7.037082
 10
439.901557
 20
7.037868
 10
446.078607
 20
8.170327
 10
446.078751
 20
8.16954
  0
LWPOLYLINE
  5
FE
330
17
100
AcDbEntity
  8
CORTE
100
AcDbPolyline
 90
5
 70
1
 10
452.098299
 20
6.437082
 10
445.921249
 20
7.569541
 10
445.921393
 20
7.570328
 10
452.098443
 20
6.437869
 10
452.098299
 20
6.437082
  0
LWPOLYLINE
  5
FF
330
17
100
AcDbEntity
  8
VISTA
100
AcDbPolyline
 90
41
 70
1
 10
445.910498
 20
8.100497
 10
445.91040600001054
 20
8.100606499987439
 10
445.91031399999997
 20
8.100716
 10
445.910157000018
 20
8.101207999943556
 10
445.91
 20
8.1017
 10
445.91
 20
8.154999993885228
 10
445.91
 20
8.2083
 10
445.910156999982
 20
8.208791999943555
 10
445.91031399999997
 20
8.209284
 10
445.91040599998945
 20
8.209392999987495
 10
445.910498
 20
8.209502
 10
445.9106069999875
 20
8.209593999989446
 10
445.910716
 20
8.209686
 10
445.91120799994354
 20
8.209842999981989
 10
445.9117
 20
8.21
 10
445.9999999898699
 20
8.21
 10
446.0883
 20
8.21
 10
446.08879199994357
 20
8.209843000018012
 10
446.089284
 20
8.209686
 10
446.08939299998747
 20
8.209594000010554
 10
446.089502
 20
8.209502
 10
446.08959400001055
 20
8.209392999987495
 10
446.08968600000003
 20
8.209284
 10
446.089843000018
 20
8.208791999943555
 10
446.09
 20
8.2083
 10
446.09
 20
8.154999993885228
 10
446.09
 20
8.1017
 10
446.089842999982
 20
8.101207999943556
 10
446.08968600000003
 20
8.100716
 10
446.08959399998946
 20
8.100606499987439
 10
446.089502
 20
8.100497
 10
446.08939299998747
 20
8.100404999989445
 10
446.089284
 20
8.100313
 10
446.08879199994357
 20
8.100155999981988
 10
446.0883
 20
8.099999
 10
445.9999999898699
 20
8.099999
 10
445.9117
 20
8.099999
 10
445.91120799994354
 20
8.100156000018012
 10
445.910716
 20
8.100313
 10
445.9106069999875
 20
8.100405000010555
 10
445.910498
 20
8.100497
  0
LWPOLYLINE
  5
100
330
17
100
AcDbEntity
  8
CORTE
100
AcDbPolyline
 90
5
 70
1
 10
452.086938
 20
6.310114
 10
445.909888
 20
7.442574
 10
445.913062
 20
7.459885
 10
452.090112
 20
6.327426
 10
452.086938
 20
6.310114
  0
LWPOLYLINE
  5
101
330
17
100
AcDbEntity
  8
VISTA
100
AcDbPolyline
 90
13
 70
1
 10
439.917946
 20
7.039453
 10
439.917115
 20
7.040738
 10
439.915672
 20
7.048607
 10
439.9159933666
 20
7.0501033666
 10
439.917279
 20
7.050935
 10
446.080557
 20
8.180869
 10
446.082054
 20
8.180548
 10
446.082885
 20
8.179262
 10
446.084328
 20
8.171393
 10
446.0840063666
 20
8.169897
 10
446.082721
 20
8.169065
 10
439.919443
 20
7.039131
 10
439.917946
 20
7.039453
  0
LWPOLYLINE
  5
102
330
17
100
AcDbEntity
  8
VISTA
100
AcDbPolyline
 90
13
 70
1
 10
445.915993
 20
7.569897
 10
445.915672
 20
7.571393
 10
445.917115
 20
7.579262
 10
445.917946
 20
7.580548
 10
445.919443
 20
7.580869
 10
452.082722
 20
6.450935
 10
452.084007
 20
6.450103
 10
452.084328
 20
6.448607
 10
452.082886
 20
6.440738
 10
452.0820533666
 20
6.439453
 10
452.080557
 20
6.439131
 10
445.917279
 20
7.569066
 10
445.915993
 20
7.569897
  0
LWPOLYLINE
  5
103
330
17
100
AcDbEntity
  8
CORTE
100
AcDbPolyline
 90
14
 70
1
 10
440.002
 20
7.0
 10
440.198
 20
7.0
 10
440.1994224998849
 20
6.9999050010585355
 10
440.2
 20
6.99968350483508
 10
440.2
 20
6.402
 10
440.199414
 20
6.400586
 10
440.198
 20
6.4
 10
440.002
 20
6.4
 10
440.000586
 20
6.400586
 10
440.0
 20
6.402
 10
440.0
 20
6.490525154392326
 10
440.0
 20
6.999457501165568
 10
440.00057899980214
 20
6.999986495972248
 10
440.002
 20
7.0
  0
LWPOLYLINE
  5
104
330
17
100
AcDbEntity
  8
CORTE
100
AcDbPolyline
 90
13
 70
1
 10
445.920586
 20
6.400586
 10
445.92
 20
6.402
 10
445.92
 20
8.078
 10
445.920586
 20
8.079414
 10
445.922
 20
8.08
 10
446.078
 20
8.08
 10
446.079414
 20
8.079414
 10
446.08
 20
8.078
 10
446.08
 20
6.402
 10
446.079414
 20
6.400586
 10
446.078
 20
6.4
 10
445.922
 20
6.4
 10
445.920586
 20
6.400586
  0
LWPOLYLINE
  5
105
330
17
100
AcDbEntity
  8
CORTE
100
AcDbPolyline
 90
13
 70
1
 10
446.094586
 20
7.485586
 10
446.094
 20
7.487
 10
446.094
 20
8.163
 10
446.094586
 20
8.164414
 10
446.096
 20
8.165
 10
446.114
 20
8.165
 10
446.115414
 20
8.164414
 10
446.116
 20
8.163
 10
446.116
 20
7.487
 10
446.115414
 20
7.485586
 10
446.114
 20
7.485
 10
446.096
 20
7.485
 10
446.094586
 20
7.485586
  0
LWPOLYLINE
  5
106
330
17
100
AcDbEntity
  8
CORTE
100
AcDbPolyline
 90
13
 70
1
 10
446.000586
 20
7.523086
 10
446.0
 20
7.5245
 10
446.0
 20
7.5455
 10
446.000586
 20
7.546914
 10
446.002
 20
7.5475
 10
446.318
 20
7.5475
 10
446.319414
 20
7.546914
 10
446.32
 20
7.5455
 10
446.32
 20
7.5245
 10
446.319414
 20
7.523086
 10
446.318
 20
7.5225
 10
446.002
 20
7.5225
 10
446.000586
 20
7.523086
  0
LINE
  5
107
330
17
100
AcDbEntity
  8
VISTA
100
AcDbLine
 10
454.0
 20
0.03148648949249484
 30
0.0
 11
454.0
 21
0.03148648949249483
 31
0.0
  0
LINE
  5
108
330
17
100
AcDbEntity
  8
VISTA
100
AcDbLine
 10
454.0
 20
0.03148648949249483
 30
0.0
 11
454.0
 21
0.0045
 31
0.0
  0
LINE
  5
109
330
17
100
AcDbEntity
  8
VISTA
100
AcDbLine
 10
454.0
 20
0.03148648949249484
 30
0.0
 11
454.0
 21
0.0855
 31
0.0
  0
LWPOLYLINE
  5
10A
330
17
100
AcDbEntity
  8
CORTE
100
AcDbPolyline
 90
41
 70
1
 10
451.701319
 20
2.641318
 10
451.701075
 20
2.6416065
 10
451.700831
 20
2.641895
 10
451.700416
 20
2.6431975
 10
451.700001
 20
2.6445
 10
451.700001
 20
2.82
 10
451.700001
 20
2.9955
 10
451.700416
 20
2.9968025
 10
451.700831
 20
2.998105
 10
451.701075
 20
2.9983934999999997
 10
451.701319
 20
2.998682
 10
451.701607
 20
2.9989255000000004
 10
451.701895
 20
2.999169
 10
451.7031975
 20
2.9995845
 10
451.7045
 20
3.0
 10
451.8500005
 20
3.0
 10
451.995501
 20
3.0
 10
451.9968035
 20
2.9995845
 10
451.998106
 20
2.999169
 10
451.998394
 20
2.9989255000000004
 10
451.998682
 20
2.998682
 10
451.9989255
 20
2.9983934999999997
 10
451.999169
 20
2.998105
 10
451.9995845
 20
2.9968025
 10
452.0
 20
2.9955
 10
452.0
 20
2.82
 10
452.0
 20
2.6445
 10
451.9995845
 20
2.6431975
 10
451.999169
 20
2.641895
 10
451.9989255
 20
2.6416065
 10
451.998682
 20
2.641318
 10
451.998394
 20
2.6410745
 10
451.998106
 20
2.640831
 10
451.9968035
 20
2.6404155
 10
451.995501
 20
2.64
 10
451.8500005
 20
2.64
 10
451.7045
 20
2.64
 10
451.7031975
 20
2.6404155
 10
451.701895
 20
2.640831
 10
451.701607
 20
2.6410745
 10
451.701319
 20
2.641318
  0
LWPOLYLINE
  5
10B
330
17
100
AcDbEntity
  8
VISTA
100
AcDbPolyline
 90
11
 70
1
 10
451.945
 20
0.06
 10
451.91936061053207
 20
0.06
 10
451.895
 20
0.06
 10
451.895
 20
0.11127877893590524
 10
451.895
 20
0.11127877893590525
 10
451.895
 20
0.16
 10
451.92063938946796
 20
0.16
 10
451.945
 20
0.16
 10
451.945
 20
0.10872122106409476
 10
451.945
 20
0.10872122106409475
 10
451.945
 20
0.06
  0
LWPOLYLINE
  5
10C
330
17
100
AcDbEntity
  8
VISTA
100
AcDbPolyline
 90
5
 70
1
 10
445.775
 20
3.2
 10
440.225
 20
3.2
 10
440.225
 20
3.25
 10
445.775
 20
3.25
 10
445.775
 20
3.2
  0
LWPOLYLINE
  5
10D
330
17
100
AcDbEntity
  8
VISTA
100
AcDbPolyline
 90
41
 70
1
 10
445.901318
 20
3.201318
 10
445.9010745
 20
3.2016065
 10
445.900831
 20
3.201895
 10
445.9004155
 20
3.2031975
 10
445.9
 20
3.2045
 10
445.9
 20
4.8
 10
445.9
 20
6.3955
 10
445.9004155
 20
6.396803
 10
445.900831
 20
6.398106
 10
445.9010745
 20
6.398394
 10
445.901318
 20
6.398682
 10
445.9016065
 20
6.3989255
 10
445.901895
 20
6.399169
 10
445.9031975
 20
6.3995845
 10
445.9045
 20
6.4
 10
446.0
 20
6.4
 10
446.0955
 20
6.4
 10
446.0968025
 20
6.3995845
 10
446.098105
 20
6.399169
 10
446.0983935
 20
6.3989255
 10
446.098682
 20
6.398682
 10
446.0989255
 20
6.398394
 10
446.099169
 20
6.398106
 10
446.0995845
 20
6.396803
 10
446.1
 20
6.3955
 10
446.1
 20
4.8
 10
446.1
 20
3.2045
 10
446.0995845
 20
3.2031975
 10
446.099169
 20
3.201895
 10
446.0989255
 20
3.2016065
 10
446.098682
 20
3.201318
 10
446.0983935
 20
3.2010745
 10
446.098105
 20
3.200831
 10
446.0968025
 20
3.2004155
 10
446.0955
 20
3.2
 10
446.0
 20
3.2
 10
445.9045
 20
3.2
 10
445.9031975
 20
3.2004155
 10
445.901895
 20
3.200831
 10
445.9016065
 20
3.2010745
 10
445.901318
 20
3.201318
  0
LWPOLYLINE
  5
10E
330
17
100
AcDbEntity
  8
VISTA
100
AcDbPolyline
 90
41
 70
1
 10
441.3262190480418
 20
3.838604357565039
 10
441.325884
 20
3.838978659175507
 10
441.3255718589993
 20
3.839901549784618
 10
441.325
 20
3.8415922828432394
 10
441.325
 20
3.915246976899764
 10
441.325
 20
4.053269202939793
 10
441.3252992127817
 20
4.054153869370107
 10
441.325884
 20
4.055882878464912
 10
441.3260592625839
 20
4.056078674466847
 10
441.326402
 20
4.0564615663214285
 10
441.3266093822405
 20
4.056626730149495
 10
441.327015
 20
4.0569504348687815
 10
441.32795233386827
 20
4.057232281507961
 10
441.329786
 20
4.0577836460260786
 10
442.459614632184
 20
4.0577836460260786
 10
444.670214
 20
4.0577836460260786
 10
444.67115128554855
 20
4.0575017596803304
 10
444.672985
 20
4.056950274525479
 10
444.6731923761409
 20
4.056785169787392
 10
444.673598
 20
4.0564615663214285
 10
444.6739407374161
 20
4.056078674466847
 10
444.6741163383581
 20
4.055882878464912
 10
444.6747011256943
 20
4.054153869370107
 10
444.675
 20
4.053269202939793
 10
444.675
 20
3.915246976899764
 10
444.675
 20
3.8415922828432394
 10
444.6744281410007
 20
3.839901549784618
 10
444.67411635316364
 20
3.838978659175507
 10
444.67378130514726
 20
3.838604357565039
 10
444.673598
 20
3.8383999996323976
 10
444.6732015268611
 20
3.8380835928327657
 10
444.672985
 20
3.8379107928006437
 10
444.67119291954833
 20
3.837371932704188
 10
444.670214
 20
3.837077581699044
 10
442.50993650466654
 20
3.8370773359918546
 10
441.329786
 20
3.837077581699044
 10
441.3279938711834
 20
3.8376165600383563
 10
441.327015
 20
3.8379109248230536
 10
441.3266185205076
 20
3.8382272329881695
 10
441.326402
 20
3.8383999996323976
 10
441.3262190480418
 20
3.838604357565039
  0
LINE
  5
10F
330
17
100
AcDbEntity
  8
VISTA
100
AcDbLine
 10
441.790548
 20
3.250424
 30
0.0
 11
441.7907382089483
 21
3.2502990510255705
 31
0.0
  0
LINE
  5
110
330
17
100
AcDbEntity
  8
VISTA
100
AcDbLine
 10
441.7907382089483
 20
3.2502990510255705
 30
0.0
 11
441.790787
 21
3.250267
 31
0.0
  0
LINE
  5
111
330
17
100
AcDbEntity
  8
VISTA
100
AcDbLine
 10
441.790787
 20
3.250267
 30
0.0
 11
441.7916489091676
 21
3.250054507158136
 31
0.0
  0
LINE
  5
112
330
17
100
AcDbEntity
  8
VISTA
100
AcDbLine
 10
441.7916489091676
 20
3.250054507158136
 30
0.0
 11
441.79187
 21
3.25
 31
0.0
  0
LINE
  5
113
330
17
100
AcDbEntity
  8
VISTA
100
AcDbLine
 10
441.79187
 20
3.25
 30
0.0
 11
443.71485879836257
 21
3.25
 31
0.0
  0
LINE
  5
114
330
17
100
AcDbEntity
  8
VISTA
100
AcDbLine
 10
444.20813
 20
3.25
 30
0.0
 11
443.71485879836257
 21
3.25
 31
0.0
  0
LINE
  5
115
330
17
100
AcDbEntity
  8
VISTA
100
AcDbLine
 10
444.20813
 20
3.25
 30
0.0
 11
444.20899190916754
 21
3.250212492841864
 31
0.0
  0
LINE
  5
116
330
17
100
AcDbEntity
  8
VISTA
100
AcDbLine
 10
444.20899190916754
 20
3.250212492841864
 30
0.0
 11
444.209213
 21
3.250267
 31
0.0
  0
LINE
  5
117
330
17
100
AcDbEntity
  8
VISTA
100
AcDbLine
 10
444.209213
 20
3.250267
 30
0.0
 11
444.2094040048017
 21
3.2503919489744297
 31
0.0
  0
LINE
  5
118
330
17
100
AcDbEntity
  8
VISTA
100
AcDbLine
 10
444.2094040048017
 20
3.2503919489744297
 30
0.0
 11
444.209453
 21
3.250424
 31
0.0
  0
LINE
  5
119
330
17
100
AcDbEntity
  8
VISTA
100
AcDbLine
 10
441.7907382089483
 20
3.8627009489744295
 30
0.0
 11
441.790548
 21
3.862576
 31
0.0
  0
LINE
  5
11A
330
17
100
AcDbEntity
  8
VISTA
100
AcDbLine
 10
441.790787
 20
3.862733
 30
0.0
 11
441.7907382089483
 21
3.8627009489744295
 31
0.0
  0
LINE
  5
11B
330
17
100
AcDbEntity
  8
VISTA
100
AcDbLine
 10
441.7916489091676
 20
3.862945492841864
 30
0.0
 11
441.790787
 21
3.862733
 31
0.0
  0
LINE
  5
11C
330
17
100
AcDbEntity
  8
VISTA
100
AcDbLine
 10
441.79187
 20
3.863
 30
0.0
 11
441.7916489091676
 21
3.862945492841864
 31
0.0
  0
LINE
  5
11D
330
17
100
AcDbEntity
  8
VISTA
100
AcDbLine
 10
441.79187
 20
3.863
 30
0.0
 11
443.7148568828784
 21
3.863
 31
0.0
  0
LINE
  5
11E
330
17
100
AcDbEntity
  8
VISTA
100
AcDbLine
 10
444.20813
 20
3.863
 30
0.0
 11
443.7148568828784
 21
3.863
 31
0.0
  0
LINE
  5
11F
330
17
100
AcDbEntity
  8
VISTA
100
AcDbLine
 10
444.20899190916754
 20
3.862787507158136
 30
0.0
 11
444.20813
 21
3.863
 31
0.0
  0
LINE
  5
120
330
17
100
AcDbEntity
  8
VISTA
100
AcDbLine
 10
444.209213
 20
3.862733
 30
0.0
 11
444.20899190916754
 21
3.862787507158136
 31
0.0
  0
LINE
  5
121
330
17
100
AcDbEntity
  8
VISTA
100
AcDbLine
 10
444.2094040048017
 20
3.8626080510255703
 30
0.0
 11
444.209213
 21
3.862733
 31
0.0
  0
LINE
  5
122
330
17
100
AcDbEntity
  8
VISTA
100
AcDbLine
 10
444.209453
 20
3.862576
 30
0.0
 11
444.2094040048017
 21
3.8626080510255703
 31
0.0
  0
LINE
  5
123
330
17
100
AcDbEntity
  8
VISTA
100
AcDbLine
 10
441.79038644177194
 20
3.2505720287212987
 30
0.0
 11
441.790548
 21
3.250424
 31
0.0
  0
LINE
  5
124
330
17
100
AcDbEntity
  8
VISTA
100
AcDbLine
 10
441.79038644177194
 20
3.2505720287212987
 30
0.0
 11
441.790345
 21
3.25061
 31
0.0
  0
LINE
  5
125
330
17
100
AcDbEntity
  8
VISTA
100
AcDbLine
 10
441.7900704305976
 20
3.251276925099184
 30
0.0
 11
441.790345
 21
3.25061
 31
0.0
  0
LINE
  5
126
330
17
100
AcDbEntity
  8
VISTA
100
AcDbLine
 10
441.7900704305976
 20
3.251276925099184
 30
0.0
 11
441.79
 21
3.251448
 31
0.0
  0
LINE
  5
127
330
17
100
AcDbEntity
  8
VISTA
100
AcDbLine
 10
441.79
 20
3.7370021021931494
 30
0.0
 11
441.79
 21
3.251448
 31
0.0
  0
LINE
  5
128
330
17
100
AcDbEntity
  8
VISTA
100
AcDbLine
 10
441.79
 20
3.7370021021931494
 30
0.0
 11
441.79
 21
3.861553
 31
0.0
  0
LINE
  5
129
330
17
100
AcDbEntity
  8
VISTA
100
AcDbLine
 10
441.7902745694024
 20
3.8622199250991844
 30
0.0
 11
441.79
 21
3.861553
 31
0.0
  0
LINE
  5
12A
330
17
100
AcDbEntity
  8
VISTA
100
AcDbLine
 10
441.7902745694024
 20
3.8622199250991844
 30
0.0
 11
441.790345
 21
3.862391
 31
0.0
  0
LINE
  5
12B
330
17
100
AcDbEntity
  8
VISTA
100
AcDbLine
 10
441.79050655822806
 20
3.862538232867958
 30
0.0
 11
441.790345
 21
3.862391
 31
0.0
  0
LINE
  5
12C
330
17
100
AcDbEntity
  8
VISTA
100
AcDbLine
 10
441.79050655822806
 20
3.862538232867958
 30
0.0
 11
441.790548
 21
3.862576
 31
0.0
  0
LINE
  5
12D
330
17
100
AcDbEntity
  8
VISTA
100
AcDbLine
 10
444.209453
 20
3.250424
 30
0.0
 11
444.2096137623747
 21
3.2505720287212987
 31
0.0
  0
LINE
  5
12E
330
17
100
AcDbEntity
  8
VISTA
100
AcDbLine
 10
444.209655
 20
3.25061
 30
0.0
 11
444.2096137623747
 21
3.2505720287212987
 31
0.0
  0
LINE
  5
12F
330
17
100
AcDbEntity
  8
VISTA
100
AcDbLine
 10
444.209655
 20
3.25061
 30
0.0
 11
444.2099295694024
 21
3.251276925099184
 31
0.0
  0
LINE
  5
130
330
17
100
AcDbEntity
  8
VISTA
100
AcDbLine
 10
444.21
 20
3.251448
 30
0.0
 11
444.2099295694024
 21
3.251276925099184
 31
0.0
  0
LINE
  5
131
330
17
100
AcDbEntity
  8
VISTA
100
AcDbLine
 10
444.21
 20
3.251448
 30
0.0
 11
444.21
 21
3.7370021021931494
 31
0.0
  0
LINE
  5
132
330
17
100
AcDbEntity
  8
VISTA
100
AcDbLine
 10
444.21
 20
3.861553
 30
0.0
 11
444.21
 21
3.7370021021931494
 31
0.0
  0
LINE
  5
133
330
17
100
AcDbEntity
  8
VISTA
100
AcDbLine
 10
444.21
 20
3.861553
 30
0.0
 11
444.2097254305976
 21
3.8622199250991844
 31
0.0
  0
LINE
  5
134
330
17
100
AcDbEntity
  8
VISTA
100
AcDbLine
 10
444.209655
 20
3.862391
 30
0.0
 11
444.2097254305976
 21
3.8622199250991844
 31
0.0
  0
LINE
  5
135
330
17
100
AcDbEntity
  8
VISTA
100
AcDbLine
 10
444.209655
 20
3.862391
 30
0.0
 11
444.2094942376253
 21
3.862538232867958
 31
0.0
  0
LINE
  5
136
330
17
100
AcDbEntity
  8
VISTA
100
AcDbLine
 10
444.209453
 20
3.862576
 30
0.0
 11
444.2094942376253
 21
3.862538232867958
 31
0.0
  0
LWPOLYLINE
  5
137
330
17
100
AcDbEntity
  8
VISTA
100
AcDbPolyline
 90
41
 70
1
 10
442.961318
 20
6.451318
 10
442.9610745
 20
6.4516065000000005
 10
442.960831
 20
6.451895
 10
442.9604155
 20
6.4531975
 10
442.96
 20
6.4545
 10
442.96
 20
6.4725
 10
442.96
 20
6.4905
 10
442.9604155
 20
6.4918025
 10
442.960831
 20
6.493105
 10
442.9610745
 20
6.4933935
 10
442.961318
 20
6.493682
 10
442.9616065
 20
6.4939255
 10
442.961895
 20
6.494169
 10
442.9631975
 20
6.4945845
 10
442.9645
 20
6.495
 10
443.0
 20
6.495
 10
443.0355
 20
6.495
 10
443.0368025
 20
6.4945845
 10
443.038105
 20
6.494169
 10
443.0383935
 20
6.4939255
 10
443.038682
 20
6.493682
 10
443.0389255
 20
6.4933935
 10
443.039169
 20
6.493105
 10
443.0395845
 20
6.4918025
 10
443.04
 20
6.4905
 10
443.04
 20
6.4725
 10
443.04
 20
6.4545
 10
443.0395845
 20
6.4531975
 10
443.039169
 20
6.451895
 10
443.0389255
 20
6.4516065000000005
 10
443.038682
 20
6.451318
 10
443.0383935
 20
6.451074
 10
443.038105
 20
6.45083
 10
443.0368025
 20
6.450415
 10
443.0355
 20
6.45
 10
443.0
 20
6.45
 10
442.9645
 20
6.45
 10
442.9631975
 20
6.450415
 10
442.961895
 20
6.45083
 10
442.9616065
 20
6.451074
 10
442.961318
 20
6.451318
  0
LWPOLYLINE
  5
138
330
17
100
AcDbEntity
  8
CORTE
100
AcDbPolyline
 90
41
 70
1
 10
441.702636
 20
6.452636
 10
441.70224618403546
 20
6.453097855875831
 10
441.701662
 20
6.45379
 10
441.7009968314856
 20
6.455875155210642
 10
441.7
 20
6.459
 10
441.7
 20
6.499822616407982
 10
441.7
 20
6.561
 10
441.70066516851443
 20
6.563085555432372
 10
441.701662
 20
6.566211
 10
441.7020518159645
 20
6.5666724556541025
 10
441.702636
 20
6.567364
 10
441.70309785587585
 20
6.567754216186253
 10
441.70379
 20
6.568339
 10
441.70587515521066
 20
6.569003768292683
 10
441.709
 20
6.57
 10
442.74237250554324
 20
6.57
 10
444.291
 20
6.57
 10
444.29308515521063
 20
6.569335231707317
 10
444.29621
 20
6.568339
 10
444.29667185587584
 20
6.567948783813748
 10
444.297364
 20
6.567364
 10
444.2979481840355
 20
6.5666724556541025
 10
444.298338
 20
6.566211
 10
444.29933483148557
 20
6.563085555432372
 10
444.3
 20
6.561
 10
444.3
 20
6.499822616407982
 10
444.3
 20
6.459
 10
444.2990031685144
 20
6.455875155210642
 10
444.298338
 20
6.45379
 10
444.29775381596454
 20
6.453097855875831
 10
444.297364
 20
6.452636
 10
444.29667185587584
 20
6.4520518159645235
 10
444.29621
 20
6.451662
 10
444.29308515521063
 20
6.450665168514412
 10
444.291
 20
6.45
 10
442.74237250554324
 20
6.45
 10
441.709
 20
6.45
 10
441.70587515521066
 20
6.450996831485588
 10
441.70379
 20
6.451662
 10
441.70309785587585
 20
6.452246184035476
 10
441.702636
 20
6.452636
  0
LWPOLYLINE
  5
139
330
17
100
AcDbEntity
  8
VISTA
100
AcDbPolyline
 90
9
 70
1
 10
440.3575
 20
5.8025
 10
440.34063636363635
 20
5.8025
 10
440.3225
 20
5.8025
 10
440.3225
 20
5.8193636363636365
 10
440.3225
 20
5.8375
 10
440.33936363636366
 20
5.8375
 10
440.3575
 20
5.8375
 10
440.3575
 20
5.820636363636364
 10
440.3575
 20
5.8025
  0
LWPOLYLINE
  5
13A
330
17
100
AcDbEntity
  8
VISTA
100
AcDbPolyline
 90
41
 70
1
 10
441.826318
 20
3.232318
 10
441.8260510677038
 20
3.2326342627000098
 10
441.825831
 20
3.232895
 10
441.8253755159381
 20
3.2343228411326272
 10
441.825
 20
3.2355
 10
441.825
 20
3.245914196360814
 10
441.825
 20
3.2545
 10
441.8254554840619
 20
3.2559278411326273
 10
441.825831
 20
3.257105
 10
441.8260979322962
 20
3.25742126270001
 10
441.826318
 20
3.257682
 10
441.8266342627
 20
3.2579489322961956
 10
441.826895
 20
3.258169
 10
441.8283228411326
 20
3.2586244840618863
 10
441.8295
 20
3.259
 10
443.1126386147718
 20
3.259
 10
444.1705
 20
3.259
 10
444.17192784113263
 20
3.2585445159381137
 10
444.173105
 20
3.258169
 10
444.1734212627
 20
3.2579020677038044
 10
444.173682
 20
3.257682
 10
444.1739020677038
 20
3.25742126270001
 10
444.174169
 20
3.257105
 10
444.1745445159381
 20
3.2559278411326273
 10
444.175
 20
3.2545
 10
444.175
 20
3.245914196360814
 10
444.175
 20
3.2355
 10
444.1746244840619
 20
3.2343228411326272
 10
444.174169
 20
3.232895
 10
444.1739489322962
 20
3.2326342627000098
 10
444.173682
 20
3.232318
 10
444.1734212627
 20
3.2320979322961954
 10
444.173105
 20
3.231831
 10
444.17192784113263
 20
3.231455484061886
 10
444.1705
 20
3.231
 10
443.1126386147718
 20
3.231
 10
441.8295
 20
3.231
 10
441.8283228411326
 20
3.231375515938114
 10
441.826895
 20
3.231831
 10
441.8266342627
 20
3.2320510677038046
 10
441.826318
 20
3.232318
  0
LWPOLYLINE
  5
13B
330
17
100
AcDbEntity
  8
VISTA
100
AcDbPolyline
 90
9
 70
1
 10
446.005
 20
3.26
 10
445.9799999966931
 20
3.26
 10
445.955
 20
3.26
 10
445.955
 20
3.3100000066137554
 10
445.955
 20
3.36
 10
445.9800000033069
 20
3.36
 10
446.005
 20
3.36
 10
446.005
 20
3.3099999933862443
 10
446.005
 20
3.26
  0
LWPOLYLINE
  5
13C
330
17
100
AcDbEntity
  8
VISTA
100
AcDbPolyline
 90
22
 70
1
 10
441.641318
 20
6.451318
 10
441.64098133890496
 20
6.4517168777244756
 10
441.640831
 20
6.451895
 10
441.64025653312126
 20
6.453695825775144
 10
441.64
 20
6.4545
 10
441.64
 20
6.489756090031607
 10
441.64
 20
6.5055
 10
441.6405744668788
 20
6.507300825775143
 10
441.640831
 20
6.508105
 10
441.641167661095
 20
6.5085038777244755
 10
441.641318
 20
6.508682
 10
441.6417168777245
 20
6.509018661095007
 10
441.641895
 20
6.509169
 10
441.6436958257751
 20
6.50974346687875
 10
441.6445
 20
6.51
 10
441.696
 20
6.51
 10
441.696
 20
6.45
 10
441.6445
 20
6.45
 10
441.6436958257751
 20
6.45025653312125
 10
441.641895
 20
6.450831
 10
441.6417168777245
 20
6.450981338904993
 10
441.641318
 20
6.451318
  0
LWPOLYLINE
  5
13D
330
17
100
AcDbEntity
  8
VISTA
100
AcDbPolyline
 90
22
 70
1
 10
444.304
 20
6.45
 10
444.304
 20
6.51
 10
444.3555
 20
6.51
 10
444.35730082577516
 20
6.50942553312125
 10
444.358105
 20
6.509169
 10
444.3585038777245
 20
6.508832338904993
 10
444.358682
 20
6.508682
 10
444.358832338905
 20
6.5085038777244755
 10
444.359169
 20
6.508105
 10
444.3594255331212
 20
6.507300825775143
 10
444.36
 20
6.5055
 10
444.36
 20
6.489756090031607
 10
444.36
 20
6.4545
 10
444.35974346687874
 20
6.453695825775144
 10
444.359169
 20
6.451895
 10
444.359018661095
 20
6.4517168777244756
 10
444.358682
 20
6.451318
 10
444.3585038777245
 20
6.451167661095007
 10
444.358105
 20
6.450831
 10
444.35730082577516
 20
6.45057446687875
 10
444.3555
 20
6.45
 10
444.304
 20
6.45
  0
LWPOLYLINE
  5
13E
330
17
100
AcDbEntity
  8
CORTE
100
AcDbPolyline
 90
5
 70
1
 10
441.636
 20
6.468
 10
441.636
 20
6.45
 10
440.21
 20
6.45
 10
440.21
 20
6.468
 10
441.636
 20
6.468
  0
LWPOLYLINE
  5
13F
330
17
100
AcDbEntity
  8
CORTE
100
AcDbPolyline
 90
5
 70
1
 10
444.364
 20
6.45
 10
444.364
 20
6.468
 10
445.79
 20
6.468
 10
445.79
 20
6.45
 10
444.364
 20
6.45
  0
LWPOLYLINE
  5
140
330
17
100
AcDbEntity
  8
VISTA
100
AcDbPolyline
 90
13
 70
1
 10
441.579176
 20
4.046529
 10
441.579
 20
4.046953
 10
441.579
 20
4.048753
 10
441.579176
 20
4.049177
 10
441.5796
 20
4.049353
 10
441.6604
 20
4.049353
 10
441.660824
 20
4.049177
 10
441.661
 20
4.048753
 10
441.661
 20
4.046953
 10
441.660824
 20
4.046529
 10
441.6604
 20
4.046353
 10
441.5796
 20
4.046353
 10
441.579176
 20
4.046529
  0
LWPOLYLINE
  5
141
330
17
100
AcDbEntity
  8
VISTA
100
AcDbPolyline
 90
5
 70
1
 10
441.6112637642765
 20
4.066623
 10
441.6112637642765
 20
4.084623
 10
441.62873623572347
 20
4.084623
 10
441.62873623572347
 20
4.066623
 10
441.6112637642765
 20
4.066623
  0
LWPOLYLINE
  5
142
330
17
100
AcDbEntity
  8
VISTA
100
AcDbPolyline
 90
13
 70
1
 10
441.667176
 20
4.046529
 10
441.667
 20
4.046953
 10
441.667
 20
4.048753
 10
441.667176
 20
4.049177
 10
441.6676
 20
4.049353
 10
441.7484
 20
4.049353
 10
441.748824
 20
4.049177
 10
441.749
 20
4.048753
 10
441.749
 20
4.046953
 10
441.748824
 20
4.046529
 10
441.7484
 20
4.046353
 10
441.6676
 20
4.046353
 10
441.667176
 20
4.046529
  0
LWPOLYLINE
  5
143
330
17
100
AcDbEntity
  8
VISTA
100
AcDbPolyline
 90
5
 70
1
 10
441.6992637642765
 20
4.066623
 10
441.6992637642765
 20
4.084623
 10
441.7167362357235
 20
4.084623
 10
441.7167362357235
 20
4.066623
 10
441.6992637642765
 20
4.066623
  0
LWPOLYLINE
  5
144
330
17
100
AcDbEntity
  8
VISTA
100
AcDbPolyline
 90
13
 70
1
 10
441.755176
 20
4.046529
 10
441.755
 20
4.046953
 10
441.755
 20
4.048753
 10
441.755176
 20
4.049177
 10
441.7556
 20
4.049353
 10
441.8364
 20
4.049353
 10
441.836824
 20
4.049177
 10
441.837
 20
4.048753
 10
441.837
 20
4.046953
 10
441.836824
 20
4.046529
 10
441.8364
 20
4.046353
 10
441.7556
 20
4.046353
 10
441.755176
 20
4.046529
  0
LWPOLYLINE
  5
145
330
17
100
AcDbEntity
  8
VISTA
100
AcDbPolyline
 90
5
 70
1
 10
441.78726376427653
 20
4.066623
 10
441.78726376427653
 20
4.084623
 10
441.8047362357235
 20
4.084623
 10
441.8047362357235
 20
4.066623
 10
441.78726376427653
 20
4.066623
  0
LWPOLYLINE
  5
146
330
17
100
AcDbEntity
  8
VISTA
100
AcDbPolyline
 90
13
 70
1
 10
441.843176
 20
4.046529
 10
441.843
 20
4.046953
 10
441.843
 20
4.048753
 10
441.843176
 20
4.049177
 10
441.8436
 20
4.049353
 10
441.9244
 20
4.049353
 10
441.924824
 20
4.049177
 10
441.925
 20
4.048753
 10
441.925
 20
4.046953
 10
441.924824
 20
4.046529
 10
441.9244
 20
4.046353
 10
441.8436
 20
4.046353
 10
441.843176
 20
4.046529
  0
LWPOLYLINE
  5
147
330
17
100
AcDbEntity
  8
VISTA
100
AcDbPolyline
 90
5
 70
1
 10
441.8752637642765
 20
4.066623
 10
441.8752637642765
 20
4.084623
 10
441.8927362357235
 20
4.084623
 10
441.8927362357235
 20
4.066623
 10
441.8752637642765
 20
4.066623
  0
LWPOLYLINE
  5
148
330
17
100
AcDbEntity
  8
VISTA
100
AcDbPolyline
 90
13
 70
1
 10
441.931176
 20
4.046529
 10
441.931
 20
4.046953
 10
441.931
 20
4.048753
 10
441.931176
 20
4.049177
 10
441.9316
 20
4.049353
 10
442.0124
 20
4.049353
 10
442.012824
 20
4.049177
 10
442.013
 20
4.048753
 10
442.013
 20
4.046953
 10
442.012824
 20
4.046529
 10
442.0124
 20
4.046353
 10
441.9316
 20
4.046353
 10
441.931176
 20
4.046529
  0
LWPOLYLINE
  5
149
330
17
100
AcDbEntity
  8
VISTA
100
AcDbPolyline
 90
5
 70
1
 10
441.9632637642765
 20
4.066623
 10
441.9632637642765
 20
4.084623
 10
441.9807362357235
 20
4.084623
 10
441.9807362357235
 20
4.066623
 10
441.9632637642765
 20
4.066623
  0
LWPOLYLINE
  5
14A
330
17
100
AcDbEntity
  8
VISTA
100
AcDbPolyline
 90
13
 70
1
 10
442.019176
 20
4.046529
 10
442.019
 20
4.046953
 10
442.019
 20
4.048753
 10
442.019176
 20
4.049177
 10
442.0196
 20
4.049353
 10
442.1004
 20
4.049353
 10
442.100824
 20
4.049177
 10
442.101
 20
4.048753
 10
442.101
 20
4.046953
 10
442.100824
 20
4.046529
 10
442.1004
 20
4.046353
 10
442.0196
 20
4.046353
 10
442.019176
 20
4.046529
  0
LWPOLYLINE
  5
14B
330
17
100
AcDbEntity
  8
VISTA
100
AcDbPolyline
 90
5
 70
1
 10
442.05126376427654
 20
4.066623
 10
442.05126376427654
 20
4.084623
 10
442.06873623572346
 20
4.084623
 10
442.06873623572346
 20
4.066623
 10
442.05126376427654
 20
4.066623
  0
LWPOLYLINE
  5
14C
330
17
100
AcDbEntity
  8
VISTA
100
AcDbPolyline
 90
13
 70
1
 10
442.107176
 20
4.046529
 10
442.107
 20
4.046953
 10
442.107
 20
4.048753
 10
442.107176
 20
4.049177
 10
442.1076
 20
4.049353
 10
442.1884
 20
4.049353
 10
442.188824
 20
4.049177
 10
442.189
 20
4.048753
 10
442.189
 20
4.046953
 10
442.188824
 20
4.046529
 10
442.1884
 20
4.046353
 10
442.1076
 20
4.046353
 10
442.107176
 20
4.046529
  0
LWPOLYLINE
  5
14D
330
17
100
AcDbEntity
  8
VISTA
100
AcDbPolyline
 90
5
 70
1
 10
442.1392637642765
 20
4.066623
 10
442.1392637642765
 20
4.084623
 10
442.1567362357235
 20
4.084623
 10
442.1567362357235
 20
4.066623
 10
442.1392637642765
 20
4.066623
  0
LWPOLYLINE
  5
14E
330
17
100
AcDbEntity
  8
VISTA
100
AcDbPolyline
 90
13
 70
1
 10
442.195176
 20
4.046529
 10
442.195
 20
4.046953
 10
442.195
 20
4.048753
 10
442.195176
 20
4.049177
 10
442.1956
 20
4.049353
 10
442.2764
 20
4.049353
 10
442.276824
 20
4.049177
 10
442.277
 20
4.048753
 10
442.277
 20
4.046953
 10
442.276824
 20
4.046529
 10
442.2764
 20
4.046353
 10
442.1956
 20
4.046353
 10
442.195176
 20
4.046529
  0
LWPOLYLINE
  5
14F
330
17
100
AcDbEntity
  8
VISTA
100
AcDbPolyline
 90
5
 70
1
 10
442.22726376427653
 20
4.066623
 10
442.22726376427653
 20
4.084623
 10
442.2447362357235
 20
4.084623
 10
442.2447362357235
 20
4.066623
 10
442.22726376427653
 20
4.066623
  0
LWPOLYLINE
  5
150
330
17
100
AcDbEntity
  8
VISTA
100
AcDbPolyline
 90
13
 70
1
 10
442.283176
 20
4.046529
 10
442.283
 20
4.046953
 10
442.283
 20
4.048753
 10
442.283176
 20
4.049177
 10
442.2836
 20
4.049353
 10
442.3644
 20
4.049353
 10
442.364824
 20
4.049177
 10
442.365
 20
4.048753
 10
442.365
 20
4.046953
 10
442.364824
 20
4.046529
 10
442.3644
 20
4.046353
 10
442.2836
 20
4.046353
 10
442.283176
 20
4.046529
  0
LWPOLYLINE
  5
151
330
17
100
AcDbEntity
  8
VISTA
100
AcDbPolyline
 90
5
 70
1
 10
442.3152637642765
 20
4.066623
 10
442.3152637642765
 20
4.084623
 10
442.3327362357235
 20
4.084623
 10
442.3327362357235
 20
4.066623
 10
442.3152637642765
 20
4.066623
  0
LWPOLYLINE
  5
152
330
17
100
AcDbEntity
  8
VISTA
100
AcDbPolyline
 90
13
 70
1
 10
442.371176
 20
4.064167
 10
442.371
 20
4.064591
 10
442.371
 20
4.066391
 10
442.371176
 20
4.066815
 10
442.3716
 20
4.066991
 10
442.4524
 20
4.066991
 10
442.452824
 20
4.066815
 10
442.453
 20
4.066391
 10
442.453
 20
4.064591
 10
442.452824
 20
4.064167
 10
442.4524
 20
4.063991
 10
442.3716
 20
4.063991
 10
442.371176
 20
4.064167
  0
LWPOLYLINE
  5
153
330
17
100
AcDbEntity
  8
VISTA
100
AcDbPolyline
 90
5
 70
1
 10
442.4032637642765
 20
4.066623
 10
442.4032637642765
 20
4.084623
 10
442.4207362357235
 20
4.084623
 10
442.4207362357235
 20
4.066623
 10
442.4032637642765
 20
4.066623
  0
LWPOLYLINE
  5
154
330
17
100
AcDbEntity
  8
VISTA
100
AcDbPolyline
 90
13
 70
1
 10
442.459176
 20
4.064167
 10
442.459
 20
4.064591
 10
442.459
 20
4.066391
 10
442.459176
 20
4.066815
 10
442.4596
 20
4.066991
 10
442.5404
 20
4.066991
 10
442.540824
 20
4.066815
 10
442.541
 20
4.066391
 10
442.541
 20
4.064591
 10
442.540824
 20
4.064167
 10
442.5404
 20
4.063991
 10
442.4596
 20
4.063991
 10
442.459176
 20
4.064167
  0
LWPOLYLINE
  5
155
330
17
100
AcDbEntity
  8
VISTA
100
AcDbPolyline
 90
5
 70
1
 10
442.49126376427654
 20
4.066623
 10
442.49126376427654
 20
4.084623
 10
442.50873623572346
 20
4.084623
 10
442.50873623572346
 20
4.066623
 10
442.49126376427654
 20
4.066623
  0
LWPOLYLINE
  5
156
330
17
100
AcDbEntity
  8
VISTA
100
AcDbPolyline
 90
13
 70
1
 10
442.547176
 20
4.064167
 10
442.547
 20
4.064591
 10
442.547
 20
4.066391
 10
442.547176
 20
4.066815
 10
442.5476
 20
4.066991
 10
442.6284
 20
4.066991
 10
442.628824
 20
4.066815
 10
442.629
 20
4.066391
 10
442.629
 20
4.064591
 10
442.628824
 20
4.064167
 10
442.6284
 20
4.063991
 10
442.5476
 20
4.063991
 10
442.547176
 20
4.064167
  0
LWPOLYLINE
  5
157
330
17
100
AcDbEntity
  8
VISTA
100
AcDbPolyline
 90
5
 70
1
 10
442.5792637642765
 20
4.066623
 10
442.5792637642765
 20
4.084623
 10
442.5967362357235
 20
4.084623
 10
442.5967362357235
 20
4.066623
 10
442.5792637642765
 20
4.066623
  0
LWPOLYLINE
  5
158
330
17
100
AcDbEntity
  8
VISTA
100
AcDbPolyline
 90
13
 70
1
 10
442.635176
 20
4.064167
 10
442.635
 20
4.064591
 10
442.635
 20
4.066391
 10
442.635176
 20
4.066815
 10
442.6356
 20
4.066991
 10
442.7164
 20
4.066991
 10
442.716824
 20
4.066815
 10
442.717
 20
4.066391
 10
442.717
 20
4.064591
 10
442.716824
 20
4.064167
 10
442.7164
 20
4.063991
 10
442.6356
 20
4.063991
 10
442.635176
 20
4.064167
  0
LWPOLYLINE
  5
159
330
17
100
AcDbEntity
  8
VISTA
100
AcDbPolyline
 90
5
 70
1
 10
442.6672637642765
 20
4.066623
 10
442.6672637642765
 20
4.084623
 10
442.6847362357235
 20
4.084623
 10
442.6847362357235
 20
4.066623
 10
442.6672637642765
 20
4.066623
  0
LWPOLYLINE
  5
15A
330
17
100
AcDbEntity
  8
VISTA
100
AcDbPolyline
 90
13
 70
1
 10
442.723176
 20
4.064167
 10
442.723
 20
4.064591
 10
442.723
 20
4.066391
 10
442.723176
 20
4.066815
 10
442.7236
 20
4.066991
 10
442.8044
 20
4.066991
 10
442.804824
 20
4.066815
 10
442.805
 20
4.066391
 10
442.805
 20
4.064591
 10
442.804824
 20
4.064167
 10
442.8044
 20
4.063991
 10
442.7236
 20
4.063991
 10
442.723176
 20
4.064167
  0
LWPOLYLINE
  5
15B
330
17
100
AcDbEntity
  8
VISTA
100
AcDbPolyline
 90
5
 70
1
 10
442.7552637642765
 20
4.066623
 10
442.7552637642765
 20
4.084623
 10
442.77273623572347
 20
4.084623
 10
442.77273623572347
 20
4.066623
 10
442.7552637642765
 20
4.066623
  0
LWPOLYLINE
  5
15C
330
17
100
AcDbEntity
  8
VISTA
100
AcDbPolyline
 90
13
 70
1
 10
442.811176
 20
4.064167
 10
442.811
 20
4.064591
 10
442.811
 20
4.066391
 10
442.811176
 20
4.066815
 10
442.8116
 20
4.066991
 10
442.8924
 20
4.066991
 10
442.892824
 20
4.066815
 10
442.893
 20
4.066391
 10
442.893
 20
4.064591
 10
442.892824
 20
4.064167
 10
442.8924
 20
4.063991
 10
442.8116
 20
4.063991
 10
442.811176
 20
4.064167
  0
LWPOLYLINE
  5
15D
330
17
100
AcDbEntity
  8
VISTA
100
AcDbPolyline
 90
5
 70
1
 10
442.8432637642765
 20
4.066623
 10
442.8432637642765
 20
4.084623
 10
442.8607362357235
 20
4.084623
 10
442.8607362357235
 20
4.066623
 10
442.8432637642765
 20
4.066623
  0
LWPOLYLINE
  5
15E
330
17
100
AcDbEntity
  8
VISTA
100
AcDbPolyline
 90
13
 70
1
 10
442.899176
 20
4.064167
 10
442.899
 20
4.064591
 10
442.899
 20
4.066391
 10
442.899176
 20
4.066815
 10
442.8996
 20
4.066991
 10
442.9804
 20
4.066991
 10
442.980824
 20
4.066815
 10
442.981
 20
4.066391
 10
442.981
 20
4.064591
 10
442.980824
 20
4.064167
 10
442.9804
 20
4.063991
 10
442.8996
 20
4.063991
 10
442.899176
 20
4.064167
  0
LWPOLYLINE
  5
15F
330
17
100
AcDbEntity
  8
VISTA
100
AcDbPolyline
 90
5
 70
1
 10
442.93126376427654
 20
4.066623
 10
442.93126376427654
 20
4.084623
 10
442.94873623572346
 20
4.084623
 10
442.94873623572346
 20
4.066623
 10
442.93126376427654
 20
4.066623
  0
LWPOLYLINE
  5
160
330
17
100
AcDbEntity
  8
VISTA
100
AcDbPolyline
 90
13
 70
1
 10
442.987176
 20
4.064167
 10
442.987
 20
4.064591
 10
442.987
 20
4.066391
 10
442.987176
 20
4.066815
 10
442.9876
 20
4.066991
 10
443.0684
 20
4.066991
 10
443.068824
 20
4.066815
 10
443.069
 20
4.066391
 10
443.069
 20
4.064591
 10
443.068824
 20
4.064167
 10
443.0684
 20
4.063991
 10
442.9876
 20
4.063991
 10
442.987176
 20
4.064167
  0
LWPOLYLINE
  5
161
330
17
100
AcDbEntity
  8
VISTA
100
AcDbPolyline
 90
5
 70
1
 10
443.0192637642765
 20
4.066623
 10
443.0192637642765
 20
4.084623
 10
443.0367362357235
 20
4.084623
 10
443.0367362357235
 20
4.066623
 10
443.0192637642765
 20
4.066623
  0
LWPOLYLINE
  5
162
330
17
100
AcDbEntity
  8
VISTA
100
AcDbPolyline
 90
13
 70
1
 10
443.075176
 20
4.064167
 10
443.075
 20
4.064591
 10
443.075
 20
4.066391
 10
443.075176
 20
4.066815
 10
443.0756
 20
4.066991
 10
443.1564
 20
4.066991
 10
443.156824
 20
4.066815
 10
443.157
 20
4.066391
 10
443.157
 20
4.064591
 10
443.156824
 20
4.064167
 10
443.1564
 20
4.063991
 10
443.0756
 20
4.063991
 10
443.075176
 20
4.064167
  0
LWPOLYLINE
  5
163
330
17
100
AcDbEntity
  8
VISTA
100
AcDbPolyline
 90
5
 70
1
 10
443.1072637642765
 20
4.066623
 10
443.1072637642765
 20
4.084623
 10
443.1247362357235
 20
4.084623
 10
443.1247362357235
 20
4.066623
 10
443.1072637642765
 20
4.066623
  0
LWPOLYLINE
  5
164
330
17
100
AcDbEntity
  8
VISTA
100
AcDbPolyline
 90
13
 70
1
 10
443.163176
 20
4.064167
 10
443.163
 20
4.064591
 10
443.163
 20
4.066391
 10
443.163176
 20
4.066815
 10
443.1636
 20
4.066991
 10
443.2444
 20
4.066991
 10
443.244824
 20
4.066815
 10
443.245
 20
4.066391
 10
443.245
 20
4.064591
 10
443.244824
 20
4.064167
 10
443.2444
 20
4.063991
 10
443.1636
 20
4.063991
 10
443.163176
 20
4.064167
  0
LWPOLYLINE
  5
165
330
17
100
AcDbEntity
  8
VISTA
100
AcDbPolyline
 90
5
 70
1
 10
443.1952637642765
 20
4.066623
 10
443.1952637642765
 20
4.084623
 10
443.21273623572347
 20
4.084623
 10
443.21273623572347
 20
4.066623
 10
443.1952637642765
 20
4.066623
  0
LWPOLYLINE
  5
166
330
17
100
AcDbEntity
  8
VISTA
100
AcDbPolyline
 90
13
 70
1
 10
443.251176
 20
4.064167
 10
443.251
 20
4.064591
 10
443.251
 20
4.066391
 10
443.251176
 20
4.066815
 10
443.2516
 20
4.066991
 10
443.3324
 20
4.066991
 10
443.332824
 20
4.066815
 10
443.333
 20
4.066391
 10
443.333
 20
4.064591
 10
443.332824
 20
4.064167
 10
443.3324
 20
4.063991
 10
443.2516
 20
4.063991
 10
443.251176
 20
4.064167
  0
LWPOLYLINE
  5
167
330
17
100
AcDbEntity
  8
VISTA
100
AcDbPolyline
 90
5
 70
1
 10
443.2832637642765
 20
4.066623
 10
443.2832637642765
 20
4.084623
 10
443.3007362357235
 20
4.084623
 10
443.3007362357235
 20
4.066623
 10
443.2832637642765
 20
4.066623
  0
LWPOLYLINE
  5
168
330
17
100
AcDbEntity
  8
VISTA
100
AcDbPolyline
 90
13
 70
1
 10
443.339176
 20
4.064167
 10
443.339
 20
4.064591
 10
443.339
 20
4.066391
 10
443.339176
 20
4.066815
 10
443.3396
 20
4.066991
 10
443.4204
 20
4.066991
 10
443.420824
 20
4.066815
 10
443.421
 20
4.066391
 10
443.421
 20
4.064591
 10
443.420824
 20
4.064167
 10
443.4204
 20
4.063991
 10
443.3396
 20
4.063991
 10
443.339176
 20
4.064167
  0
LWPOLYLINE
  5
169
330
17
100
AcDbEntity
  8
VISTA
100
AcDbPolyline
 90
5
 70
1
 10
443.37126376427653
 20
4.066623
 10
443.37126376427653
 20
4.084623
 10
443.3887362357235
 20
4.084623
 10
443.3887362357235
 20
4.066623
 10
443.37126376427653
 20
4.066623
  0
LWPOLYLINE
  5
16A
330
17
100
AcDbEntity
  8
VISTA
100
AcDbPolyline
 90
13
 70
1
 10
443.427176
 20
4.064167
 10
443.427
 20
4.064591
 10
443.427
 20
4.066391
 10
443.427176
 20
4.066815
 10
443.4276
 20
4.066991
 10
443.5084
 20
4.066991
 10
443.508824
 20
4.066815
 10
443.509
 20
4.066391
 10
443.509
 20
4.064591
 10
443.508824
 20
4.064167
 10
443.5084
 20
4.063991
 10
443.4276
 20
4.063991
 10
443.427176
 20
4.064167
  0
LWPOLYLINE
  5
16B
330
17
100
AcDbEntity
  8
VISTA
100
AcDbPolyline
 90
5
 70
1
 10
443.4592637642765
 20
4.066623
 10
443.4592637642765
 20
4.084623
 10
443.4767362357235
 20
4.084623
 10
443.4767362357235
 20
4.066623
 10
443.4592637642765
 20
4.066623
  0
LWPOLYLINE
  5
16C
330
17
100
AcDbEntity
  8
VISTA
100
AcDbPolyline
 90
13
 70
1
 10
443.515176
 20
4.064167
 10
443.515
 20
4.064591
 10
443.515
 20
4.066391
 10
443.515176
 20
4.066815
 10
443.5156
 20
4.066991
 10
443.5964
 20
4.066991
 10
443.596824
 20
4.066815
 10
443.597
 20
4.066391
 10
443.597
 20
4.064591
 10
443.596824
 20
4.064167
 10
443.5964
 20
4.063991
 10
443.5156
 20
4.063991
 10
443.515176
 20
4.064167
  0
LWPOLYLINE
  5
16D
330
17
100
AcDbEntity
  8
VISTA
100
AcDbPolyline
 90
5
 70
1
 10
443.5472637642765
 20
4.066623
 10
443.5472637642765
 20
4.084623
 10
443.5647362357235
 20
4.084623
 10
443.5647362357235
 20
4.066623
 10
443.5472637642765
 20
4.066623
  0
LWPOLYLINE
  5
16E
330
17
100
AcDbEntity
  8
VISTA
100
AcDbPolyline
 90
13
 70
1
 10
443.603176
 20
4.046529
 10
443.603
 20
4.046953
 10
443.603
 20
4.048753
 10
443.603176
 20
4.049177
 10
443.60360000000003
 20
4.049353
 10
443.6844
 20
4.049353
 10
443.684824
 20
4.049177
 10
443.685
 20
4.048753
 10
443.685
 20
4.046953
 10
443.684824
 20
4.046529
 10
443.6844
 20
4.046353
 10
443.60360000000003
 20
4.046353
 10
443.603176
 20
4.046529
  0
LWPOLYLINE
  5
16F
330
17
100
AcDbEntity
  8
VISTA
100
AcDbPolyline
 90
5
 70
1
 10
443.6352637642765
 20
4.066623
 10
443.6352637642765
 20
4.084623
 10
443.65273623572347
 20
4.084623
 10
443.65273623572347
 20
4.066623
 10
443.6352637642765
 20
4.066623
  0
LWPOLYLINE
  5
170
330
17
100
AcDbEntity
  8
VISTA
100
AcDbPolyline
 90
13
 70
1
 10
443.691176
 20
4.046529
 10
443.691
 20
4.046953
 10
443.691
 20
4.048753
 10
443.691176
 20
4.049177
 10
443.6916
 20
4.049353
 10
443.7724
 20
4.049353
 10
443.772824
 20
4.049177
 10
443.773
 20
4.048753
 10
443.773
 20
4.046953
 10
443.772824
 20
4.046529
 10
443.7724
 20
4.046353
 10
443.6916
 20
4.046353
 10
443.691176
 20
4.046529
  0
LWPOLYLINE
  5
171
330
17
100
AcDbEntity
  8
VISTA
100
AcDbPolyline
 90
5
 70
1
 10
443.7232637642765
 20
4.066623
 10
443.7232637642765
 20
4.084623
 10
443.7407362357235
 20
4.084623
 10
443.7407362357235
 20
4.066623
 10
443.7232637642765
 20
4.066623
  0
LWPOLYLINE
  5
172
330
17
100
AcDbEntity
  8
VISTA
100
AcDbPolyline
 90
13
 70
1
 10
443.779176
 20
4.046529
 10
443.779
 20
4.046953
 10
443.779
 20
4.048753
 10
443.779176
 20
4.049177
 10
443.7796
 20
4.049353
 10
443.8604
 20
4.049353
 10
443.860824
 20
4.049177
 10
443.861
 20
4.048753
 10
443.861
 20
4.046953
 10
443.860824
 20
4.046529
 10
443.8604
 20
4.046353
 10
443.7796
 20
4.046353
 10
443.779176
 20
4.046529
  0
LWPOLYLINE
  5
173
330
17
100
AcDbEntity
  8
VISTA
100
AcDbPolyline
 90
5
 70
1
 10
443.81126376427653
 20
4.066623
 10
443.81126376427653
 20
4.084623
 10
443.8287362357235
 20
4.084623
 10
443.8287362357235
 20
4.066623
 10
443.81126376427653
 20
4.066623
  0
LWPOLYLINE
  5
174
330
17
100
AcDbEntity
  8
VISTA
100
AcDbPolyline
 90
13
 70
1
 10
443.867176
 20
4.046529
 10
443.867
 20
4.046953
 10
443.867
 20
4.048753
 10
443.867176
 20
4.049177
 10
443.8676
 20
4.049353
 10
443.9484
 20
4.049353
 10
443.948824
 20
4.049177
 10
443.949
 20
4.048753
 10
443.949
 20
4.046953
 10
443.948824
 20
4.046529
 10
443.9484
 20
4.046353
 10
443.8676
 20
4.046353
 10
443.867176
 20
4.046529
  0
LWPOLYLINE
  5
175
330
17
100
AcDbEntity
  8
VISTA
100
AcDbPolyline
 90
5
 70
1
 10
443.8992637642765
 20
4.066623
 10
443.8992637642765
 20
4.084623
 10
443.9167362357235
 20
4.084623
 10
443.9167362357235
 20
4.066623
 10
443.8992637642765
 20
4.066623
  0
LWPOLYLINE
  5
176
330
17
100
AcDbEntity
  8
VISTA
100
AcDbPolyline
 90
13
 70
1
 10
443.955176
 20
4.046529
 10
443.955
 20
4.046953
 10
443.955
 20
4.048753
 10
443.955176
 20
4.049177
 10
443.9556
 20
4.049353
 10
444.0364
 20
4.049353
 10
444.036824
 20
4.049177
 10
444.037
 20
4.048753
 10
444.037
 20
4.046953
 10
444.036824
 20
4.046529
 10
444.0364
 20
4.046353
 10
443.9556
 20
4.046353
 10
443.955176
 20
4.046529
  0
LWPOLYLINE
  5
177
330
17
100
AcDbEntity
  8
VISTA
100
AcDbPolyline
 90
5
 70
1
 10
443.9872637642765
 20
4.066623
 10
443.9872637642765
 20
4.084623
 10
444.0047370948905
 20
4.084623
 10
444.0047370948905
 20
4.066623
 10
443.9872637642765
 20
4.066623
  0
LWPOLYLINE
  5
178
330
17
100
AcDbEntity
  8
VISTA
100
AcDbPolyline
 90
13
 70
1
 10
444.043176
 20
4.046529
 10
444.043
 20
4.046953
 10
444.043
 20
4.048753
 10
444.043176
 20
4.049177
 10
444.0436
 20
4.049353
 10
444.1244
 20
4.049353
 10
444.124825
 20
4.049177
 10
444.125
 20
4.048753
 10
444.125
 20
4.046953
 10
444.124825
 20
4.046529
 10
444.1244
 20
4.046353
 10
444.0436
 20
4.046353
 10
444.043176
 20
4.046529
  0
LWPOLYLINE
  5
179
330
17
100
AcDbEntity
  8
VISTA
100
AcDbPolyline
 90
5
 70
1
 10
444.0752637642765
 20
4.066623
 10
444.0752637642765
 20
4.084623
 10
444.09273623572346
 20
4.084623
 10
444.09273623572346
 20
4.066623
 10
444.0752637642765
 20
4.066623
  0
LWPOLYLINE
  5
17A
330
17
100
AcDbEntity
  8
VISTA
100
AcDbPolyline
 90
13
 70
1
 10
444.131176
 20
4.046529
 10
444.131
 20
4.046953
 10
444.131
 20
4.048753
 10
444.131176
 20
4.049177
 10
444.1316
 20
4.049353
 10
444.2124
 20
4.049353
 10
444.212824
 20
4.049177
 10
444.213
 20
4.048753
 10
444.213
 20
4.046953
 10
444.212824
 20
4.046529
 10
444.2124
 20
4.046353
 10
444.1316
 20
4.046353
 10
444.131176
 20
4.046529
  0
LWPOLYLINE
  5
17B
330
17
100
AcDbEntity
  8
VISTA
100
AcDbPolyline
 90
5
 70
1
 10
444.1632637642765
 20
4.066623
 10
444.1632637642765
 20
4.084623
 10
444.1807362357235
 20
4.084623
 10
444.1807362357235
 20
4.066623
 10
444.1632637642765
 20
4.066623
  0
LWPOLYLINE
  5
17C
330
17
100
AcDbEntity
  8
VISTA
100
AcDbPolyline
 90
13
 70
1
 10
444.219176
 20
4.046529
 10
444.219
 20
4.046953
 10
444.219
 20
4.048753
 10
444.219176
 20
4.049177
 10
444.2196
 20
4.049353
 10
444.3004
 20
4.049353
 10
444.300825
 20
4.049177
 10
444.301
 20
4.048753
 10
444.301
 20
4.046953
 10
444.300825
 20
4.046529
 10
444.3004
 20
4.046353
 10
444.2196
 20
4.046353
 10
444.219176
 20
4.046529
  0
LWPOLYLINE
  5
17D
330
17
100
AcDbEntity
  8
VISTA
100
AcDbPolyline
 90
5
 70
1
 10
444.25126376427653
 20
4.066623
 10
444.25126376427653
 20
4.084623
 10
444.2687362357235
 20
4.084623
 10
444.2687362357235
 20
4.066623
 10
444.25126376427653
 20
4.066623
  0
LWPOLYLINE
  5
17E
330
17
100
AcDbEntity
  8
VISTA
100
AcDbPolyline
 90
13
 70
1
 10
444.307176
 20
4.046529
 10
444.307
 20
4.046953
 10
444.307
 20
4.048753
 10
444.307176
 20
4.049177
 10
444.3076
 20
4.049353
 10
444.3884
 20
4.049353
 10
444.388824
 20
4.049177
 10
444.389
 20
4.048753
 10
444.389
 20
4.046953
 10
444.388824
 20
4.046529
 10
444.3884
 20
4.046353
 10
444.3076
 20
4.046353
 10
444.307176
 20
4.046529
  0
LWPOLYLINE
  5
17F
330
17
100
AcDbEntity
  8
VISTA
100
AcDbPolyline
 90
5
 70
1
 10
444.3392637642765
 20
4.066623
 10
444.3392637642765
 20
4.084623
 10
444.3567362357235
 20
4.084623
 10
444.3567362357235
 20
4.066623
 10
444.3392637642765
 20
4.066623
  0
LWPOLYLINE
  5
180
330
17
100
AcDbEntity
  8
VISTA
100
AcDbPolyline
 90
13
 70
1
 10
441.355293
 20
4.043646
 10
441.355
 20
4.044353
 10
441.355
 20
4.067353
 10
441.355293
 20
4.06806
 10
441.356
 20
4.068353
 10
441.404
 20
4.068353
 10
441.404707
 20
4.06806
 10
441.405
 20
4.067353
 10
441.405
 20
4.044353
 10
441.404707
 20
4.043646
 10
441.404
 20
4.043353
 10
441.356
 20
4.043353
 10
441.355293
 20
4.043646
  0
LWPOLYLINE
  5
181
330
17
100
AcDbEntity
  8
VISTA
100
AcDbPolyline
 90
13
 70
1
 10
444.595293
 20
4.043646
 10
444.595
 20
4.044353
 10
444.595
 20
4.067353
 10
444.595293
 20
4.06806
 10
444.596
 20
4.068353
 10
444.644
 20
4.068353
 10
444.644707
 20
4.06806
 10
444.645
 20
4.067353
 10
444.645
 20
4.044353
 10
444.644707
 20
4.043646
 10
444.644
 20
4.043353
 10
444.596
 20
4.043353
 10
444.595293
 20
4.043646
  0
LWPOLYLINE
  5
182
330
17
100
AcDbEntity
  8
VISTA
100
AcDbPolyline
 90
41
 70
1
 10
440.231318
 20
4.121318
 10
440.2310745
 20
4.1216065
 10
440.230831
 20
4.121895
 10
440.2304155
 20
4.1231975
 10
440.23
 20
4.1245
 10
440.23
 20
4.82
 10
440.23
 20
5.5155
 10
440.2304155
 20
5.516803
 10
440.230831
 20
5.518106
 10
440.2310745
 20
5.518394000000001
 10
440.231318
 20
5.518682
 10
440.2316065
 20
5.5189255
 10
440.231895
 20
5.519169
 10
440.2331975
 20
5.5195845
 10
440.2345
 20
5.52
 10
440.27
 20
5.52
 10
440.3055
 20
5.52
 10
440.3068025
 20
5.5195845
 10
440.308105
 20
5.519169
 10
440.3083935
 20
5.5189255
 10
440.308682
 20
5.518682
 10
440.3089255
 20
5.518394000000001
 10
440.309169
 20
5.518106
 10
440.3095845
 20
5.516803
 10
440.31
 20
5.5155
 10
440.31
 20
4.82
 10
440.31
 20
4.1245
 10
440.3095845
 20
4.1231975
 10
440.309169
 20
4.121895
 10
440.3089255
 20
4.1216065
 10
440.308682
 20
4.121318
 10
440.3083935
 20
4.1210745
 10
440.308105
 20
4.120831
 10
440.3068025
 20
4.1204155
 10
440.3055
 20
4.12
 10
440.27
 20
4.12
 10
440.2345
 20
4.12
 10
440.2331975
 20
4.1204155
 10
440.231895
 20
4.120831
 10
440.2316065
 20
4.1210745
 10
440.231318
 20
4.121318
  0
LWPOLYLINE
  5
183
330
17
100
AcDbEntity
  8
VISTA
100
AcDbPolyline
 90
41
 70
1
 10
449.511318
 20
5.658818
 10
449.5109327012623
 20
5.659274503843256
 10
449.510831
 20
5.659395
 10
449.51017353952557
 20
5.661455992221285
 10
449.51
 20
5.662
 10
449.51
 20
5.690482042213537
 10
449.51
 20
5.698
 10
449.5106574604744
 20
5.700060992221285
 10
449.510831
 20
5.700605
 10
449.51121629873774
 20
5.701061503843256
 10
449.511318
 20
5.701182
 10
449.51177450384324
 20
5.701567298737722
 10
449.511895
 20
5.701669
 10
449.5139567833891
 20
5.702326460474429
 10
449.514501
 20
5.7025
 10
449.57067312541994
 20
5.7025
 10
449.5855
 20
5.7025
 10
449.5875609922213
 20
5.701842539525571
 10
449.588105
 20
5.701669
 10
449.58856150384327
 20
5.701283701262278
 10
449.588682
 20
5.701182
 10
449.58878391009443
 20
5.701061503843256
 10
449.58917
 20
5.700605
 10
449.5893433306934
 20
5.700060992221285
 10
449.59
 20
5.698
 10
449.59
 20
5.690482042213537
 10
449.59
 20
5.662
 10
449.5898266693066
 20
5.661455992221285
 10
449.58917
 20
5.659395
 10
449.58906808990554
 20
5.659274503843256
 10
449.588682
 20
5.658818
 10
449.58856150384327
 20
5.658716089905561
 10
449.588105
 20
5.65833
 10
449.5875609922213
 20
5.65815666930659
 10
449.5855
 20
5.6575
 10
449.57067312541994
 20
5.6575
 10
449.514501
 20
5.6575
 10
449.5139567833891
 20
5.65767333069341
 10
449.511895
 20
5.65833
 10
449.51177450384324
 20
5.658431910094439
 10
449.511318
 20
5.658818
  0
LWPOLYLINE
  5
184
330
17
100
AcDbEntity
  8
VISTA
100
AcDbPolyline
 90
9
 70
1
 10
446.575
 20
3.26
 10
446.5321917515012
 20
3.26
 10
446.525
 20
3.26
 10
446.525
 20
3.3456164969976006
 10
446.525
 20
3.36
 10
446.5678082484988
 20
3.36
 10
446.575
 20
3.36
 10
446.575
 20
3.274383503002399
 10
446.575
 20
3.26
  0
LWPOLYLINE
  5
185
330
17
100
AcDbEntity
  8
CORTE
100
AcDbPolyline
 90
41
 70
1
 10
446.011318
 20
5.926318
 10
446.01092649275773
 20
5.9267818597100295
 10
446.010831
 20
5.926895
 10
446.0101629455476
 20
5.928989201983754
 10
446.01
 20
5.9295
 10
446.01
 20
5.946382242479394
 10
446.01
 20
5.9505
 10
446.0106680544524
 20
5.952594201983754
 10
446.010831
 20
5.953105
 10
446.0112225072423
 20
5.953568859710029
 10
446.011318
 20
5.953682
 10
446.01178185971
 20
5.954073507242261
 10
446.011895
 20
5.954169
 10
446.01398920198375
 20
5.954837054452399
 10
446.0145
 20
5.955
 10
448.209996242546
 20
5.955
 10
448.745501
 20
5.955
 10
448.74759439806746
 20
5.954331945547601
 10
448.748105
 20
5.954169
 10
448.74856885971
 20
5.953777492757739
 10
448.748682
 20
5.953682
 10
448.74877749275777
 20
5.953568859710029
 10
448.749169
 20
5.953105
 10
448.7493319455476
 20
5.952594201983754
 10
448.75
 20
5.9505
 10
448.75
 20
5.946382242479394
 10
448.75
 20
5.9295
 10
448.7498370544524
 20
5.928989201983754
 10
448.749169
 20
5.926895
 10
448.74907350724226
 20
5.9267818597100295
 10
448.748682
 20
5.926318
 10
448.74856885971
 20
5.926222507242261
 10
448.748105
 20
5.925831
 10
448.74759439806746
 20
5.925668054452399
 10
448.745501
 20
5.925
 10
448.209996242546
 20
5.925
 10
446.0145
 20
5.925
 10
446.01398920198375
 20
5.9251629455476005
 10
446.011895
 20
5.925831
 10
446.01178185971
 20
5.925926492757739
 10
446.011318
 20
5.926318
  0
LWPOLYLINE
  5
186
330
17
100
AcDbEntity
  8
VISTA
100
AcDbPolyline
 90
41
 70
1
 10
446.148525
 20
3.281025
 10
446.1482125554794
 20
3.28139515195187
 10
446.148146
 20
3.281474
 10
446.14761344284875
 20
3.283144217938729
 10
446.1475
 20
3.2835
 10
446.1475
 20
5.239781919350018
 10
446.1475
 20
5.6565
 10
446.1480325571512
 20
5.6581702179387285
 10
446.148146
 20
5.658526
 10
446.1484584445206
 20
5.65889615195187
 10
446.148525
 20
5.658975
 10
446.1488951519519
 20
5.659287444520621
 10
446.148974
 20
5.659354
 10
446.15064421793875
 20
5.659886557151244
 10
446.151
 20
5.66
 10
446.1823268912496
 20
5.66
 10
446.189
 20
5.66
 10
446.1906702179387
 20
5.659467442848757
 10
446.191026
 20
5.659354
 10
446.1913961519519
 20
5.659041555479379
 10
446.191475
 20
5.658975
 10
446.1915415554794
 20
5.65889615195187
 10
446.191854
 20
5.658526
 10
446.19196744284875
 20
5.6581702179387285
 10
446.1925
 20
5.6565
 10
446.1925
 20
5.239781919350018
 10
446.1925
 20
3.2835
 10
446.1923865571512
 20
3.283144217938729
 10
446.191854
 20
3.281474
 10
446.1917874445206
 20
3.28139515195187
 10
446.191475
 20
3.281025
 10
446.1913961519519
 20
3.2809584445206212
 10
446.191026
 20
3.280646
 10
446.1906702179387
 20
3.280532557151243
 10
446.189
 20
3.28
 10
446.1823268912496
 20
3.28
 10
446.151
 20
3.28
 10
446.15064421793875
 20
3.280113442848757
 10
446.148974
 20
3.280646
 10
446.1488951519519
 20
3.280712555479379
 10
446.148525
 20
3.281025
  0
LINE
  5
187
330
17
100
AcDbEntity
  8
VISTA
100
AcDbLine
 10
446.181025
 20
3.278525
 30
0.0
 11
446.1813960664602
 21
3.278211783544748
 31
0.0
  0
LINE
  5
188
330
17
100
AcDbEntity
  8
VISTA
100
AcDbLine
 10
446.1813960664602
 20
3.278211783544748
 30
0.0
 11
446.181474
 21
3.278146
 31
0.0
  0
LINE
  5
189
330
17
100
AcDbEntity
  8
VISTA
100
AcDbLine
 10
446.181474
 20
3.278146
 30
0.0
 11
446.18314834442833
 21
3.27761212709738
 31
0.0
  0
LINE
  5
18A
330
17
100
AcDbEntity
  8
VISTA
100
AcDbLine
 10
446.18314834442833
 20
3.27761212709738
 30
0.0
 11
446.1835
 21
3.2775
 31
0.0
  0
LINE
  5
18B
330
17
100
AcDbEntity
  8
VISTA
100
AcDbLine
 10
446.1835
 20
3.2775
 30
0.0
 11
446.6405150389297
 21
3.2775
 31
0.0
  0
LINE
  5
18C
330
17
100
AcDbEntity
  8
VISTA
100
AcDbLine
 10
446.6405150389297
 20
3.2775
 30
0.0
 11
446.7365
 21
3.2775
 31
0.0
  0
LINE
  5
18D
330
17
100
AcDbEntity
  8
VISTA
100
AcDbLine
 10
446.7365
 20
3.2775
 30
0.0
 11
446.73817434442833
 21
3.2780338729026197
 31
0.0
  0
LINE
  5
18E
330
17
100
AcDbEntity
  8
VISTA
100
AcDbLine
 10
446.73817434442833
 20
3.2780338729026197
 30
0.0
 11
446.738526
 21
3.278146
 31
0.0
  0
LINE
  5
18F
330
17
100
AcDbEntity
  8
VISTA
100
AcDbLine
 10
446.738526
 20
3.278146
 30
0.0
 11
446.7388970664602
 21
3.278459216455252
 31
0.0
  0
LINE
  5
190
330
17
100
AcDbEntity
  8
VISTA
100
AcDbLine
 10
446.7388970664602
 20
3.278459216455252
 30
0.0
 11
446.738975
 21
3.278525
 31
0.0
  0
LINE
  5
191
330
17
100
AcDbEntity
  8
VISTA
100
AcDbLine
 10
446.1813960664602
 20
3.301788216455252
 30
0.0
 11
446.181025
 21
3.301475
 31
0.0
  0
LINE
  5
192
330
17
100
AcDbEntity
  8
VISTA
100
AcDbLine
 10
446.181474
 20
3.301854
 30
0.0
 11
446.1813960664602
 21
3.301788216455252
 31
0.0
  0
LINE
  5
193
330
17
100
AcDbEntity
  8
VISTA
100
AcDbLine
 10
446.18314834442833
 20
3.30238787290262
 30
0.0
 11
446.181474
 21
3.301854
 31
0.0
  0
LINE
  5
194
330
17
100
AcDbEntity
  8
VISTA
100
AcDbLine
 10
446.1835
 20
3.3025
 30
0.0
 11
446.18314834442833
 21
3.30238787290262
 31
0.0
  0
LINE
  5
195
330
17
100
AcDbEntity
  8
VISTA
100
AcDbLine
 10
446.6405150389297
 20
3.3025
 30
0.0
 11
446.1835
 21
3.3025
 31
0.0
  0
LINE
  5
196
330
17
100
AcDbEntity
  8
VISTA
100
AcDbLine
 10
446.7365
 20
3.3025
 30
0.0
 11
446.6405150389297
 21
3.3025
 31
0.0
  0
LINE
  5
197
330
17
100
AcDbEntity
  8
VISTA
100
AcDbLine
 10
446.73817434442833
 20
3.3019661270973804
 30
0.0
 11
446.7365
 21
3.3025
 31
0.0
  0
LINE
  5
198
330
17
100
AcDbEntity
  8
VISTA
100
AcDbLine
 10
446.738526
 20
3.301854
 30
0.0
 11
446.73817434442833
 21
3.3019661270973804
 31
0.0
  0
LINE
  5
199
330
17
100
AcDbEntity
  8
VISTA
100
AcDbLine
 10
446.7388970664602
 20
3.301540783544748
 30
0.0
 11
446.738526
 21
3.301854
 31
0.0
  0
LINE
  5
19A
330
17
100
AcDbEntity
  8
VISTA
100
AcDbLine
 10
446.738975
 20
3.301475
 30
0.0
 11
446.7388970664602
 21
3.301540783544748
 31
0.0
  0
LINE
  5
19B
330
17
100
AcDbEntity
  8
VISTA
100
AcDbLine
 10
446.1807117835447
 20
3.2788960664601796
 30
0.0
 11
446.181025
 21
3.278525
 31
0.0
  0
LINE
  5
19C
330
17
100
AcDbEntity
  8
VISTA
100
AcDbLine
 10
446.1807117835447
 20
3.2788960664601796
 30
0.0
 11
446.180646
 21
3.278974
 31
0.0
  0
LINE
  5
19D
330
17
100
AcDbEntity
  8
VISTA
100
AcDbLine
 10
446.1801121270974
 20
3.2806483444283394
 30
0.0
 11
446.180646
 21
3.278974
 31
0.0
  0
LINE
  5
19E
330
17
100
AcDbEntity
  8
VISTA
100
AcDbLine
 10
446.1801121270974
 20
3.2806483444283394
 30
0.0
 11
446.18
 21
3.281
 31
0.0
  0
LINE
  5
19F
330
17
100
AcDbEntity
  8
VISTA
100
AcDbLine
 10
446.18
 20
3.295875715552866
 30
0.0
 11
446.18
 21
3.281
 31
0.0
  0
LINE
  5
1A0
330
17
100
AcDbEntity
  8
VISTA
100
AcDbLine
 10
446.18
 20
3.295875715552866
 30
0.0
 11
446.18
 21
3.299
 31
0.0
  0
LINE
  5
1A1
330
17
100
AcDbEntity
  8
VISTA
100
AcDbLine
 10
446.18053387290263
 20
3.300674344428339
 30
0.0
 11
446.18
 21
3.299
 31
0.0
  0
LINE
  5
1A2
330
17
100
AcDbEntity
  8
VISTA
100
AcDbLine
 10
446.18053387290263
 20
3.300674344428339
 30
0.0
 11
446.180646
 21
3.301026
 31
0.0
  0
LINE
  5
1A3
330
17
100
AcDbEntity
  8
VISTA
100
AcDbLine
 10
446.1809592164553
 20
3.3013970664601797
 30
0.0
 11
446.180646
 21
3.301026
 31
0.0
  0
LINE
  5
1A4
330
17
100
AcDbEntity
  8
VISTA
100
AcDbLine
 10
446.1809592164553
 20
3.3013970664601797
 30
0.0
 11
446.181025
 21
3.301475
 31
0.0
  0
LINE
  5
1A5
330
17
100
AcDbEntity
  8
VISTA
100
AcDbLine
 10
446.738975
 20
3.278525
 30
0.0
 11
446.73928821645524
 21
3.2788960664601796
 31
0.0
  0
LINE
  5
1A6
330
17
100
AcDbEntity
  8
VISTA
100
AcDbLine
 10
446.739354
 20
3.278974
 30
0.0
 11
446.73928821645524
 21
3.2788960664601796
 31
0.0
  0
LINE
  5
1A7
330
17
100
AcDbEntity
  8
VISTA
100
AcDbLine
 10
446.739354
 20
3.278974
 30
0.0
 11
446.7398878729026
 21
3.2806483444283394
 31
0.0
  0
LINE
  5
1A8
330
17
100
AcDbEntity
  8
VISTA
100
AcDbLine
 10
446.74
 20
3.281
 30
0.0
 11
446.7398878729026
 21
3.2806483444283394
 31
0.0
  0
LINE
  5
1A9
330
17
100
AcDbEntity
  8
VISTA
100
AcDbLine
 10
446.74
 20
3.281
 30
0.0
 11
446.74
 21
3.295875715552866
 31
0.0
  0
LINE
  5
1AA
330
17
100
AcDbEntity
  8
VISTA
100
AcDbLine
 10
446.74
 20
3.299
 30
0.0
 11
446.74
 21
3.295875715552866
 31
0.0
  0
LINE
  5
1AB
330
17
100
AcDbEntity
  8
VISTA
100
AcDbLine
 10
446.74
 20
3.299
 30
0.0
 11
446.7394661270974
 21
3.300674344428339
 31
0.0
  0
LINE
  5
1AC
330
17
100
AcDbEntity
  8
VISTA
100
AcDbLine
 10
446.739354
 20
3.301026
 30
0.0
 11
446.7394661270974
 21
3.300674344428339
 31
0.0
  0
LINE
  5
1AD
330
17
100
AcDbEntity
  8
VISTA
100
AcDbLine
 10
446.739354
 20
3.301026
 30
0.0
 11
446.73904078354474
 21
3.3013970664601797
 31
0.0
  0
LINE
  5
1AE
330
17
100
AcDbEntity
  8
VISTA
100
AcDbLine
 10
446.738975
 20
3.301475
 30
0.0
 11
446.73904078354474
 21
3.3013970664601797
 31
0.0
  0
LINE
  5
1AF
330
17
100
AcDbEntity
  8
VISTA
100
AcDbLine
 10
446.181025
 20
3.628525
 30
0.0
 11
446.1813960664602
 21
3.628211783544748
 31
0.0
  0
LINE
  5
1B0
330
17
100
AcDbEntity
  8
VISTA
100
AcDbLine
 10
446.1813960664602
 20
3.628211783544748
 30
0.0
 11
446.181474
 21
3.628146
 31
0.0
  0
LINE
  5
1B1
330
17
100
AcDbEntity
  8
VISTA
100
AcDbLine
 10
446.181474
 20
3.628146
 30
0.0
 11
446.18314834442833
 21
3.6276121270973802
 31
0.0
  0
LINE
  5
1B2
330
17
100
AcDbEntity
  8
VISTA
100
AcDbLine
 10
446.18314834442833
 20
3.6276121270973802
 30
0.0
 11
446.1835
 21
3.6275
 31
0.0
  0
LINE
  5
1B3
330
17
100
AcDbEntity
  8
VISTA
100
AcDbLine
 10
446.1835
 20
3.6275
 30
0.0
 11
446.6405150389297
 21
3.6275
 31
0.0
  0
LINE
  5
1B4
330
17
100
AcDbEntity
  8
VISTA
100
AcDbLine
 10
446.6405150389297
 20
3.6275
 30
0.0
 11
446.7365
 21
3.6275
 31
0.0
  0
LINE
  5
1B5
330
17
100
AcDbEntity
  8
VISTA
100
AcDbLine
 10
446.7365
 20
3.6275
 30
0.0
 11
446.73817434442833
 21
3.62803387290262
 31
0.0
  0
LINE
  5
1B6
330
17
100
AcDbEntity
  8
VISTA
100
AcDbLine
 10
446.73817434442833
 20
3.62803387290262
 30
0.0
 11
446.738526
 21
3.628146
 31
0.0
  0
LINE
  5
1B7
330
17
100
AcDbEntity
  8
VISTA
100
AcDbLine
 10
446.738526
 20
3.628146
 30
0.0
 11
446.7388970664602
 21
3.628459216455252
 31
0.0
  0
LINE
  5
1B8
330
17
100
AcDbEntity
  8
VISTA
100
AcDbLine
 10
446.7388970664602
 20
3.628459216455252
 30
0.0
 11
446.738975
 21
3.628525
 31
0.0
  0
LINE
  5
1B9
330
17
100
AcDbEntity
  8
VISTA
100
AcDbLine
 10
446.1813960664602
 20
3.651788216455252
 30
0.0
 11
446.181025
 21
3.651475
 31
0.0
  0
LINE
  5
1BA
330
17
100
AcDbEntity
  8
VISTA
100
AcDbLine
 10
446.181474
 20
3.651854
 30
0.0
 11
446.1813960664602
 21
3.651788216455252
 31
0.0
  0
LINE
  5
1BB
330
17
100
AcDbEntity
  8
VISTA
100
AcDbLine
 10
446.18314834442833
 20
3.6523878729026196
 30
0.0
 11
446.181474
 21
3.651854
 31
0.0
  0
LINE
  5
1BC
330
17
100
AcDbEntity
  8
VISTA
100
AcDbLine
 10
446.1835
 20
3.6525
 30
0.0
 11
446.18314834442833
 21
3.6523878729026196
 31
0.0
  0
LINE
  5
1BD
330
17
100
AcDbEntity
  8
VISTA
100
AcDbLine
 10
446.6405150389297
 20
3.6525
 30
0.0
 11
446.1835
 21
3.6525
 31
0.0
  0
LINE
  5
1BE
330
17
100
AcDbEntity
  8
VISTA
100
AcDbLine
 10
446.7365
 20
3.6525
 30
0.0
 11
446.6405150389297
 21
3.6525
 31
0.0
  0
LINE
  5
1BF
330
17
100
AcDbEntity
  8
VISTA
100
AcDbLine
 10
446.73817434442833
 20
3.6519661270973804
 30
0.0
 11
446.7365
 21
3.6525
 31
0.0
  0
LINE
  5
1C0
330
17
100
AcDbEntity
  8
VISTA
100
AcDbLine
 10
446.738526
 20
3.651854
 30
0.0
 11
446.73817434442833
 21
3.6519661270973804
 31
0.0
  0
LINE
  5
1C1
330
17
100
AcDbEntity
  8
VISTA
100
AcDbLine
 10
446.7388970664602
 20
3.651540783544748
 30
0.0
 11
446.738526
 21
3.651854
 31
0.0
  0
LINE
  5
1C2
330
17
100
AcDbEntity
  8
VISTA
100
AcDbLine
 10
446.738975
 20
3.651475
 30
0.0
 11
446.7388970664602
 21
3.651540783544748
 31
0.0
  0
LINE
  5
1C3
330
17
100
AcDbEntity
  8
VISTA
100
AcDbLine
 10
446.1807117835447
 20
3.6288960664601797
 30
0.0
 11
446.181025
 21
3.628525
 31
0.0
  0
LINE
  5
1C4
330
17
100
AcDbEntity
  8
VISTA
100
AcDbLine
 10
446.1807117835447
 20
3.6288960664601797
 30
0.0
 11
446.180646
 21
3.628974
 31
0.0
  0
LINE
  5
1C5
330
17
100
AcDbEntity
  8
VISTA
100
AcDbLine
 10
446.1801121270974
 20
3.630648344428339
 30
0.0
 11
446.180646
 21
3.628974
 31
0.0
  0
LINE
  5
1C6
330
17
100
AcDbEntity
  8
VISTA
100
AcDbLine
 10
446.1801121270974
 20
3.630648344428339
 30
0.0
 11
446.18
 21
3.631
 31
0.0
  0
LINE
  5
1C7
330
17
100
AcDbEntity
  8
VISTA
100
AcDbLine
 10
446.18
 20
3.645875715552866
 30
0.0
 11
446.18
 21
3.631
 31
0.0
  0
LINE
  5
1C8
330
17
100
AcDbEntity
  8
VISTA
100
AcDbLine
 10
446.18
 20
3.645875715552866
 30
0.0
 11
446.18
 21
3.649
 31
0.0
  0
LINE
  5
1C9
330
17
100
AcDbEntity
  8
VISTA
100
AcDbLine
 10
446.18053387290263
 20
3.650674344428339
 30
0.0
 11
446.18
 21
3.649
 31
0.0
  0
LINE
  5
1CA
330
17
100
AcDbEntity
  8
VISTA
100
AcDbLine
 10
446.18053387290263
 20
3.650674344428339
 30
0.0
 11
446.180646
 21
3.651026
 31
0.0
  0
LINE
  5
1CB
330
17
100
AcDbEntity
  8
VISTA
100
AcDbLine
 10
446.1809592164553
 20
3.65139706646018
 30
0.0
 11
446.180646
 21
3.651026
 31
0.0
  0
LINE
  5
1CC
330
17
100
AcDbEntity
  8
VISTA
100
AcDbLine
 10
446.1809592164553
 20
3.65139706646018
 30
0.0
 11
446.181025
 21
3.651475
 31
0.0
  0
LINE
  5
1CD
330
17
100
AcDbEntity
  8
VISTA
100
AcDbLine
 10
446.738975
 20
3.628525
 30
0.0
 11
446.73928821645524
 21
3.6288960664601797
 31
0.0
  0
LINE
  5
1CE
330
17
100
AcDbEntity
  8
VISTA
100
AcDbLine
 10
446.739354
 20
3.628974
 30
0.0
 11
446.73928821645524
 21
3.6288960664601797
 31
0.0
  0
LINE
  5
1CF
330
17
100
AcDbEntity
  8
VISTA
100
AcDbLine
 10
446.739354
 20
3.628974
 30
0.0
 11
446.7398878729026
 21
3.630648344428339
 31
0.0
  0
LINE
  5
1D0
330
17
100
AcDbEntity
  8
VISTA
100
AcDbLine
 10
446.74
 20
3.631
 30
0.0
 11
446.7398878729026
 21
3.630648344428339
 31
0.0
  0
LINE
  5
1D1
330
17
100
AcDbEntity
  8
VISTA
100
AcDbLine
 10
446.74
 20
3.631
 30
0.0
 11
446.74
 21
3.645875715552866
 31
0.0
  0
LINE
  5
1D2
330
17
100
AcDbEntity
  8
VISTA
100
AcDbLine
 10
446.74
 20
3.649
 30
0.0
 11
446.74
 21
3.645875715552866
 31
0.0
  0
LINE
  5
1D3
330
17
100
AcDbEntity
  8
VISTA
100
AcDbLine
 10
446.74
 20
3.649
 30
0.0
 11
446.7394661270974
 21
3.650674344428339
 31
0.0
  0
LINE
  5
1D4
330
17
100
AcDbEntity
  8
VISTA
100
AcDbLine
 10
446.739354
 20
3.651026
 30
0.0
 11
446.7394661270974
 21
3.650674344428339
 31
0.0
  0
LINE
  5
1D5
330
17
100
AcDbEntity
  8
VISTA
100
AcDbLine
 10
446.739354
 20
3.651026
 30
0.0
 11
446.73904078354474
 21
3.65139706646018
 31
0.0
  0
LINE
  5
1D6
330
17
100
AcDbEntity
  8
VISTA
100
AcDbLine
 10
446.738975
 20
3.651475
 30
0.0
 11
446.73904078354474
 21
3.65139706646018
 31
0.0
  0
LINE
  5
1D7
330
17
100
AcDbEntity
  8
VISTA
100
AcDbLine
 10
446.181025
 20
5.298525
 30
0.0
 11
446.1813960664602
 21
5.2982117835447475
 31
0.0
  0
LINE
  5
1D8
330
17
100
AcDbEntity
  8
VISTA
100
AcDbLine
 10
446.1813960664602
 20
5.2982117835447475
 30
0.0
 11
446.181474
 21
5.298146
 31
0.0
  0
LINE
  5
1D9
330
17
100
AcDbEntity
  8
VISTA
100
AcDbLine
 10
446.181474
 20
5.298146
 30
0.0
 11
446.18314834442833
 21
5.297612127097381
 31
0.0
  0
LINE
  5
1DA
330
17
100
AcDbEntity
  8
VISTA
100
AcDbLine
 10
446.18314834442833
 20
5.297612127097381
 30
0.0
 11
446.1835
 21
5.2975
 31
0.0
  0
LINE
  5
1DB
330
17
100
AcDbEntity
  8
VISTA
100
AcDbLine
 10
446.1835
 20
5.2975
 30
0.0
 11
446.6405150389297
 21
5.2975
 31
0.0
  0
LINE
  5
1DC
330
17
100
AcDbEntity
  8
VISTA
100
AcDbLine
 10
446.6405150389297
 20
5.2975
 30
0.0
 11
446.7365
 21
5.2975
 31
0.0
  0
LINE
  5
1DD
330
17
100
AcDbEntity
  8
VISTA
100
AcDbLine
 10
446.7365
 20
5.2975
 30
0.0
 11
446.73817434442833
 21
5.29803387290262
 31
0.0
  0
LINE
  5
1DE
330
17
100
AcDbEntity
  8
VISTA
100
AcDbLine
 10
446.73817434442833
 20
5.29803387290262
 30
0.0
 11
446.738526
 21
5.298146
 31
0.0
  0
LINE
  5
1DF
330
17
100
AcDbEntity
  8
VISTA
100
AcDbLine
 10
446.738526
 20
5.298146
 30
0.0
 11
446.7388970664602
 21
5.298459216455252
 31
0.0
  0
LINE
  5
1E0
330
17
100
AcDbEntity
  8
VISTA
100
AcDbLine
 10
446.7388970664602
 20
5.298459216455252
 30
0.0
 11
446.738975
 21
5.298525
 31
0.0
  0
LINE
  5
1E1
330
17
100
AcDbEntity
  8
VISTA
100
AcDbLine
 10
446.1813960664602
 20
5.321788216455253
 30
0.0
 11
446.181025
 21
5.321475
 31
0.0
  0
LINE
  5
1E2
330
17
100
AcDbEntity
  8
VISTA
100
AcDbLine
 10
446.181474
 20
5.321854
 30
0.0
 11
446.1813960664602
 21
5.321788216455253
 31
0.0
  0
LINE
  5
1E3
330
17
100
AcDbEntity
  8
VISTA
100
AcDbLine
 10
446.18314834442833
 20
5.3223878729026195
 30
0.0
 11
446.181474
 21
5.321854
 31
0.0
  0
LINE
  5
1E4
330
17
100
AcDbEntity
  8
VISTA
100
AcDbLine
 10
446.1835
 20
5.3225
 30
0.0
 11
446.18314834442833
 21
5.3223878729026195
 31
0.0
  0
LINE
  5
1E5
330
17
100
AcDbEntity
  8
VISTA
100
AcDbLine
 10
446.6405150389297
 20
5.3225
 30
0.0
 11
446.1835
 21
5.3225
 31
0.0
  0
LINE
  5
1E6
330
17
100
AcDbEntity
  8
VISTA
100
AcDbLine
 10
446.7365
 20
5.3225
 30
0.0
 11
446.6405150389297
 21
5.3225
 31
0.0
  0
LINE
  5
1E7
330
17
100
AcDbEntity
  8
VISTA
100
AcDbLine
 10
446.73817434442833
 20
5.32196612709738
 30
0.0
 11
446.7365
 21
5.3225
 31
0.0
  0
LINE
  5
1E8
330
17
100
AcDbEntity
  8
VISTA
100
AcDbLine
 10
446.738526
 20
5.321854
 30
0.0
 11
446.73817434442833
 21
5.32196612709738
 31
0.0
  0
LINE
  5
1E9
330
17
100
AcDbEntity
  8
VISTA
100
AcDbLine
 10
446.7388970664602
 20
5.321540783544748
 30
0.0
 11
446.738526
 21
5.321854
 31
0.0
  0
LINE
  5
1EA
330
17
100
AcDbEntity
  8
VISTA
100
AcDbLine
 10
446.738975
 20
5.321475
 30
0.0
 11
446.7388970664602
 21
5.321540783544748
 31
0.0
  0
LINE
  5
1EB
330
17
100
AcDbEntity
  8
VISTA
100
AcDbLine
 10
446.1807117835447
 20
5.29889606646018
 30
0.0
 11
446.181025
 21
5.298525
 31
0.0
  0
LINE
  5
1EC
330
17
100
AcDbEntity
  8
VISTA
100
AcDbLine
 10
446.1807117835447
 20
5.29889606646018
 30
0.0
 11
446.180646
 21
5.298974
 31
0.0
  0
LINE
  5
1ED
330
17
100
AcDbEntity
  8
VISTA
100
AcDbLine
 10
446.1801121270974
 20
5.30064834442834
 30
0.0
 11
446.180646
 21
5.298974
 31
0.0
  0
LINE
  5
1EE
330
17
100
AcDbEntity
  8
VISTA
100
AcDbLine
 10
446.1801121270974
 20
5.300648344428339
 30
0.0
 11
446.18
 21
5.301
 31
0.0
  0
LINE
  5
1EF
330
17
100
AcDbEntity
  8
VISTA
100
AcDbLine
 10
446.18
 20
5.315875715552866
 30
0.0
 11
446.18
 21
5.301
 31
0.0
  0
LINE
  5
1F0
330
17
100
AcDbEntity
  8
VISTA
100
AcDbLine
 10
446.18
 20
5.315875715552866
 30
0.0
 11
446.18
 21
5.319
 31
0.0
  0
LINE
  5
1F1
330
17
100
AcDbEntity
  8
VISTA
100
AcDbLine
 10
446.18053387290263
 20
5.3206743444283395
 30
0.0
 11
446.18
 21
5.319
 31
0.0
  0
LINE
  5
1F2
330
17
100
AcDbEntity
  8
VISTA
100
AcDbLine
 10
446.18053387290263
 20
5.320674344428339
 30
0.0
 11
446.180646
 21
5.321026
 31
0.0
  0
LINE
  5
1F3
330
17
100
AcDbEntity
  8
VISTA
100
AcDbLine
 10
446.1809592164553
 20
5.32139706646018
 30
0.0
 11
446.180646
 21
5.321026
 31
0.0
  0
LINE
  5
1F4
330
17
100
AcDbEntity
  8
VISTA
100
AcDbLine
 10
446.1809592164553
 20
5.32139706646018
 30
0.0
 11
446.181025
 21
5.321475
 31
0.0
  0
LINE
  5
1F5
330
17
100
AcDbEntity
  8
VISTA
100
AcDbLine
 10
446.738975
 20
5.298525
 30
0.0
 11
446.73928821645524
 21
5.29889606646018
 31
0.0
  0
LINE
  5
1F6
330
17
100
AcDbEntity
  8
VISTA
100
AcDbLine
 10
446.739354
 20
5.298974
 30
0.0
 11
446.73928821645524
 21
5.29889606646018
 31
0.0
  0
LINE
  5
1F7
330
17
100
AcDbEntity
  8
VISTA
100
AcDbLine
 10
446.739354
 20
5.298974
 30
0.0
 11
446.7398878729026
 21
5.300648344428339
 31
0.0
  0
LINE
  5
1F8
330
17
100
AcDbEntity
  8
VISTA
100
AcDbLine
 10
446.74
 20
5.301
 30
0.0
 11
446.7398878729026
 21
5.30064834442834
 31
0.0
  0
LINE
  5
1F9
330
17
100
AcDbEntity
  8
VISTA
100
AcDbLine
 10
446.74
 20
5.301
 30
0.0
 11
446.74
 21
5.315875715552866
 31
0.0
  0
LINE
  5
1FA
330
17
100
AcDbEntity
  8
VISTA
100
AcDbLine
 10
446.74
 20
5.319
 30
0.0
 11
446.74
 21
5.315875715552866
 31
0.0
  0
LINE
  5
1FB
330
17
100
AcDbEntity
  8
VISTA
100
AcDbLine
 10
446.74
 20
5.319
 30
0.0
 11
446.7394661270974
 21
5.320674344428339
 31
0.0
  0
LINE
  5
1FC
330
17
100
AcDbEntity
  8
VISTA
100
AcDbLine
 10
446.739354
 20
5.321026
 30
0.0
 11
446.7394661270974
 21
5.3206743444283395
 31
0.0
  0
LINE
  5
1FD
330
17
100
AcDbEntity
  8
VISTA
100
AcDbLine
 10
446.739354
 20
5.321026
 30
0.0
 11
446.73904078354474
 21
5.32139706646018
 31
0.0
  0
LINE
  5
1FE
330
17
100
AcDbEntity
  8
VISTA
100
AcDbLine
 10
446.738975
 20
5.321475
 30
0.0
 11
446.73904078354474
 21
5.32139706646018
 31
0.0
  0
LINE
  5
1FF
330
17
100
AcDbEntity
  8
VISTA
100
AcDbLine
 10
446.181025
 20
5.638525
 30
0.0
 11
446.1813960664602
 21
5.638211783544747
 31
0.0
  0
LINE
  5
200
330
17
100
AcDbEntity
  8
VISTA
100
AcDbLine
 10
446.1813960664602
 20
5.638211783544747
 30
0.0
 11
446.181474
 21
5.638146
 31
0.0
  0
LINE
  5
201
330
17
100
AcDbEntity
  8
VISTA
100
AcDbLine
 10
446.181474
 20
5.638146
 30
0.0
 11
446.18314834442833
 21
5.6376121270973805
 31
0.0
  0
LINE
  5
202
330
17
100
AcDbEntity
  8
VISTA
100
AcDbLine
 10
446.18314834442833
 20
5.6376121270973805
 30
0.0
 11
446.1835
 21
5.6375
 31
0.0
  0
LINE
  5
203
330
17
100
AcDbEntity
  8
VISTA
100
AcDbLine
 10
446.1835
 20
5.6375
 30
0.0
 11
446.6405150389297
 21
5.6375
 31
0.0
  0
LINE
  5
204
330
17
100
AcDbEntity
  8
VISTA
100
AcDbLine
 10
446.6405150389297
 20
5.6375
 30
0.0
 11
446.7365
 21
5.6375
 31
0.0
  0
LINE
  5
205
330
17
100
AcDbEntity
  8
VISTA
100
AcDbLine
 10
446.7365
 20
5.6375
 30
0.0
 11
446.73817434442833
 21
5.63803387290262
 31
0.0
  0
LINE
  5
206
330
17
100
AcDbEntity
  8
VISTA
100
AcDbLine
 10
446.73817434442833
 20
5.63803387290262
 30
0.0
 11
446.738526
 21
5.638146
 31
0.0
  0
LINE
  5
207
330
17
100
AcDbEntity
  8
VISTA
100
AcDbLine
 10
446.738526
 20
5.638146
 30
0.0
 11
446.7388970664602
 21
5.638459216455252
 31
0.0
  0
LINE
  5
208
330
17
100
AcDbEntity
  8
VISTA
100
AcDbLine
 10
446.7388970664602
 20
5.638459216455252
 30
0.0
 11
446.738975
 21
5.638525
 31
0.0
  0
LINE
  5
209
330
17
100
AcDbEntity
  8
VISTA
100
AcDbLine
 10
446.1813960664602
 20
5.661788216455252
 30
0.0
 11
446.181025
 21
5.661475
 31
0.0
  0
LINE
  5
20A
330
17
100
AcDbEntity
  8
VISTA
100
AcDbLine
 10
446.181474
 20
5.661854
 30
0.0
 11
446.1813960664602
 21
5.661788216455252
 31
0.0
  0
LINE
  5
20B
330
17
100
AcDbEntity
  8
VISTA
100
AcDbLine
 10
446.18314834442833
 20
5.662387872902619
 30
0.0
 11
446.181474
 21
5.661854
 31
0.0
  0
LINE
  5
20C
330
17
100
AcDbEntity
  8
VISTA
100
AcDbLine
 10
446.1835
 20
5.6625
 30
0.0
 11
446.18314834442833
 21
5.662387872902619
 31
0.0
  0
LINE
  5
20D
330
17
100
AcDbEntity
  8
VISTA
100
AcDbLine
 10
446.6405150389297
 20
5.6625
 30
0.0
 11
446.1835
 21
5.6625
 31
0.0
  0
LINE
  5
20E
330
17
100
AcDbEntity
  8
VISTA
100
AcDbLine
 10
446.7365
 20
5.6625
 30
0.0
 11
446.6405150389297
 21
5.6625
 31
0.0
  0
LINE
  5
20F
330
17
100
AcDbEntity
  8
VISTA
100
AcDbLine
 10
446.73817434442833
 20
5.66196612709738
 30
0.0
 11
446.7365
 21
5.6625
 31
0.0
  0
LINE
  5
210
330
17
100
AcDbEntity
  8
VISTA
100
AcDbLine
 10
446.738526
 20
5.661854
 30
0.0
 11
446.73817434442833
 21
5.66196612709738
 31
0.0
  0
LINE
  5
211
330
17
100
AcDbEntity
  8
VISTA
100
AcDbLine
 10
446.7388970664602
 20
5.661540783544748
 30
0.0
 11
446.738526
 21
5.661854
 31
0.0
  0
LINE
  5
212
330
17
100
AcDbEntity
  8
VISTA
100
AcDbLine
 10
446.738975
 20
5.661475
 30
0.0
 11
446.7388970664602
 21
5.661540783544748
 31
0.0
  0
LINE
  5
213
330
17
100
AcDbEntity
  8
VISTA
100
AcDbLine
 10
446.1807117835447
 20
5.6388960664601795
 30
0.0
 11
446.181025
 21
5.638525
 31
0.0
  0
LINE
  5
214
330
17
100
AcDbEntity
  8
VISTA
100
AcDbLine
 10
446.1807117835447
 20
5.6388960664601795
 30
0.0
 11
446.180646
 21
5.638974
 31
0.0
  0
LINE
  5
215
330
17
100
AcDbEntity
  8
VISTA
100
AcDbLine
 10
446.1801121270974
 20
5.64064834442834
 30
0.0
 11
446.180646
 21
5.638974
 31
0.0
  0
LINE
  5
216
330
17
100
AcDbEntity
  8
VISTA
100
AcDbLine
 10
446.1801121270974
 20
5.640648344428339
 30
0.0
 11
446.18
 21
5.641
 31
0.0
  0
LINE
  5
217
330
17
100
AcDbEntity
  8
VISTA
100
AcDbLine
 10
446.18
 20
5.655875715552866
 30
0.0
 11
446.18
 21
5.641
 31
0.0
  0
LINE
  5
218
330
17
100
AcDbEntity
  8
VISTA
100
AcDbLine
 10
446.18
 20
5.655875715552866
 30
0.0
 11
446.18
 21
5.659
 31
0.0
  0
LINE
  5
219
330
17
100
AcDbEntity
  8
VISTA
100
AcDbLine
 10
446.18053387290263
 20
5.660674344428339
 30
0.0
 11
446.18
 21
5.659
 31
0.0
  0
LINE
  5
21A
330
17
100
AcDbEntity
  8
VISTA
100
AcDbLine
 10
446.18053387290263
 20
5.6606743444283385
 30
0.0
 11
446.180646
 21
5.661026
 31
0.0
  0
LINE
  5
21B
330
17
100
AcDbEntity
  8
VISTA
100
AcDbLine
 10
446.1809592164553
 20
5.66139706646018
 30
0.0
 11
446.180646
 21
5.661026
 31
0.0
  0
LINE
  5
21C
330
17
100
AcDbEntity
  8
VISTA
100
AcDbLine
 10
446.1809592164553
 20
5.66139706646018
 30
0.0
 11
446.181025
 21
5.661475
 31
0.0
  0
LINE
  5
21D
330
17
100
AcDbEntity
  8
VISTA
100
AcDbLine
 10
446.738975
 20
5.638525
 30
0.0
 11
446.73928821645524
 21
5.6388960664601795
 31
0.0
  0
LINE
  5
21E
330
17
100
AcDbEntity
  8
VISTA
100
AcDbLine
 10
446.739354
 20
5.638974
 30
0.0
 11
446.73928821645524
 21
5.6388960664601795
 31
0.0
  0
LINE
  5
21F
330
17
100
AcDbEntity
  8
VISTA
100
AcDbLine
 10
446.739354
 20
5.638974
 30
0.0
 11
446.7398878729026
 21
5.640648344428339
 31
0.0
  0
LINE
  5
220
330
17
100
AcDbEntity
  8
VISTA
100
AcDbLine
 10
446.74
 20
5.641
 30
0.0
 11
446.7398878729026
 21
5.64064834442834
 31
0.0
  0
LINE
  5
221
330
17
100
AcDbEntity
  8
VISTA
100
AcDbLine
 10
446.74
 20
5.641
 30
0.0
 11
446.74
 21
5.655875715552866
 31
0.0
  0
LINE
  5
222
330
17
100
AcDbEntity
  8
VISTA
100
AcDbLine
 10
446.74
 20
5.659
 30
0.0
 11
446.74
 21
5.655875715552866
 31
0.0
  0
LINE
  5
223
330
17
100
AcDbEntity
  8
VISTA
100
AcDbLine
 10
446.74
 20
5.659
 30
0.0
 11
446.7394661270974
 21
5.6606743444283385
 31
0.0
  0
LINE
  5
224
330
17
100
AcDbEntity
  8
VISTA
100
AcDbLine
 10
446.739354
 20
5.661026
 30
0.0
 11
446.7394661270974
 21
5.660674344428339
 31
0.0
  0
LINE
  5
225
330
17
100
AcDbEntity
  8
VISTA
100
AcDbLine
 10
446.739354
 20
5.661026
 30
0.0
 11
446.73904078354474
 21
5.66139706646018
 31
0.0
  0
LINE
  5
226
330
17
100
AcDbEntity
  8
VISTA
100
AcDbLine
 10
446.738975
 20
5.661475
 30
0.0
 11
446.73904078354474
 21
5.66139706646018
 31
0.0
  0
LWPOLYLINE
  5
227
330
17
100
AcDbEntity
  8
VISTA
100
AcDbPolyline
 90
41
 70
1
 10
446.236172
 20
3.666081
 10
446.235955
 20
3.666318
 10
446.235738
 20
3.666555
 10
446.235369
 20
3.6676235
 10
446.235
 20
3.668692
 10
446.235
 20
3.785
 10
446.235
 20
3.901308
 10
446.235369
 20
3.9023765
 10
446.235738
 20
3.903445
 10
446.235955
 20
3.903682
 10
446.236172
 20
3.903919
 10
446.236428
 20
3.9041185
 10
446.236684
 20
3.904318
 10
446.237842
 20
3.9046589999999997
 10
446.239
 20
3.905
 10
446.48
 20
3.905
 10
446.721
 20
3.905
 10
446.722158
 20
3.9046589999999997
 10
446.723316
 20
3.904318
 10
446.723572
 20
3.9041185
 10
446.723828
 20
3.903919
 10
446.724045
 20
3.903682
 10
446.724262
 20
3.903445
 10
446.724631
 20
3.9023765
 10
446.725
 20
3.901308
 10
446.725
 20
3.785
 10
446.725
 20
3.668692
 10
446.724631
 20
3.6676235
 10
446.724262
 20
3.666555
 10
446.724045
 20
3.666318
 10
446.723828
 20
3.666081
 10
446.723572
 20
3.6658815000000002
 10
446.723316
 20
3.665682
 10
446.722158
 20
3.6653409999999997
 10
446.721
 20
3.665
 10
446.48
 20
3.665
 10
446.239
 20
3.665
 10
446.237842
 20
3.6653409999999997
 10
446.236684
 20
3.665682
 10
446.236428
 20
3.6658815000000002
 10
446.236172
 20
3.666081
  0
LWPOLYLINE
  5
228
330
17
100
AcDbEntity
  8
VISTA
100
AcDbPolyline
 90
41
 70
1
 10
446.236172
 20
3.931171
 10
446.235955
 20
3.9314275
 10
446.235738
 20
3.931684
 10
446.235369
 20
3.932842
 10
446.235
 20
3.934
 10
446.235
 20
4.0600000000000005
 10
446.235
 20
4.186
 10
446.235369
 20
4.1871575
 10
446.235738
 20
4.188315
 10
446.235955
 20
4.1885715
 10
446.236172
 20
4.188828
 10
446.236428
 20
4.1890445
 10
446.236684
 20
4.189261
 10
446.237842
 20
4.1896305
 10
446.239
 20
4.19
 10
446.48
 20
4.19
 10
446.721
 20
4.19
 10
446.722158
 20
4.1896305
 10
446.723316
 20
4.189261
 10
446.723572
 20
4.1890445
 10
446.723828
 20
4.188828
 10
446.724045
 20
4.1885715
 10
446.724262
 20
4.188315
 10
446.724631
 20
4.1871575
 10
446.725
 20
4.186
 10
446.725
 20
4.0600000000000005
 10
446.725
 20
3.934
 10
446.724631
 20
3.932842
 10
446.724262
 20
3.931684
 10
446.724045
 20
3.9314275
 10
446.723828
 20
3.931171
 10
446.723572
 20
3.9309545
 10
446.723316
 20
3.930738
 10
446.722158
 20
3.930369
 10
446.721
 20
3.93
 10
446.48
 20
3.93
 10
446.239
 20
3.93
 10
446.237842
 20
3.930369
 10
446.236684
 20
3.930738
 10
446.236428
 20
3.9309545
 10
446.236172
 20
3.931171
  0
LWPOLYLINE
  5
229
330
17
100
AcDbEntity
  8
VISTA
100
AcDbPolyline
 90
41
 70
1
 10
446.236172
 20
4.221171
 10
446.235955
 20
4.2214275
 10
446.235738
 20
4.221684
 10
446.235369
 20
4.222842
 10
446.235
 20
4.224
 10
446.235
 20
4.35
 10
446.235
 20
4.476
 10
446.235369
 20
4.477157500000001
 10
446.235738
 20
4.478315
 10
446.235955
 20
4.4785715
 10
446.236172
 20
4.478828
 10
446.236428
 20
4.4790445000000005
 10
446.236684
 20
4.479261
 10
446.237842
 20
4.479630500000001
 10
446.239
 20
4.48
 10
446.48
 20
4.48
 10
446.721
 20
4.48
 10
446.722158
 20
4.479630500000001
 10
446.723316
 20
4.479261
 10
446.723572
 20
4.4790445000000005
 10
446.723828
 20
4.478828
 10
446.724045
 20
4.4785715
 10
446.724262
 20
4.478315
 10
446.724631
 20
4.477157500000001
 10
446.725
 20
4.476
 10
446.725
 20
4.35
 10
446.725
 20
4.224
 10
446.724631
 20
4.222842
 10
446.724262
 20
4.221684
 10
446.724045
 20
4.2214275
 10
446.723828
 20
4.221171
 10
446.723572
 20
4.2209544999999995
 10
446.723316
 20
4.220738
 10
446.722158
 20
4.220369
 10
446.721
 20
4.22
 10
446.48
 20
4.22
 10
446.239
 20
4.22
 10
446.237842
 20
4.220369
 10
446.236684
 20
4.220738
 10
446.236428
 20
4.2209544999999995
 10
446.236172
 20
4.221171
  0
LWPOLYLINE
  5
22A
330
17
100
AcDbEntity
  8
VISTA
100
AcDbPolyline
 90
41
 70
1
 10
447.066318
 20
5.727818
 10
447.0658842369998
 20
5.728331924540252
 10
447.065831
 20
5.728395
 10
447.06509084178
 20
5.730715231243252
 10
447.065
 20
5.731
 10
447.065
 20
5.747032308014795
 10
447.065
 20
5.749
 10
447.06574015822
 20
5.751320231243252
 10
447.065831
 20
5.751605
 10
447.06626476300016
 20
5.752118924540253
 10
447.066318
 20
5.752182
 10
447.0668319245402
 20
5.752615763000178
 10
447.066895
 20
5.752669
 10
447.0692152312433
 20
5.753409158220016
 10
447.0695
 20
5.7535
 10
447.0882043593506
 20
5.7535
 10
447.0905
 20
5.7535
 10
447.09282023124325
 20
5.752759841779984
 10
447.093105
 20
5.752669
 10
447.09361892454024
 20
5.752235236999822
 10
447.093682
 20
5.752182
 10
447.0937352369998
 20
5.752118924540253
 10
447.094169
 20
5.751605
 10
447.09425984178
 20
5.751320231243252
 10
447.095
 20
5.749
 10
447.095
 20
5.747032308014795
 10
447.095
 20
5.731
 10
447.09490915822
 20
5.730715231243252
 10
447.094169
 20
5.728395
 10
447.09411576300016
 20
5.728331924540252
 10
447.093682
 20
5.727818
 10
447.09361892454024
 20
5.727764763000178
 10
447.093105
 20
5.727331
 10
447.09282023124325
 20
5.727240158220017
 10
447.0905
 20
5.7265
 10
447.0882043593506
 20
5.7265
 10
447.0695
 20
5.7265
 10
447.0692152312433
 20
5.726590841779983
 10
447.066895
 20
5.727331
 10
447.0668319245402
 20
5.727384236999822
 10
447.066318
 20
5.727818
  0
LWPOLYLINE
  5
22B
330
17
100
AcDbEntity
  8
VISTA
100
AcDbPolyline
 90
41
 70
1
 10
449.42082
 20
3.250469
 10
449.4206499822902
 20
3.2505840284835514
 10
449.420517
 20
3.250674
 10
449.42022690377564
 20
3.2511935920769197
 10
449.42
 20
3.2516
 10
449.42
 20
3.254293349858764
 10
449.42
 20
3.2564
 10
449.4202900962244
 20
3.25691959207692
 10
449.420517
 20
3.257326
 10
449.42068701770984
 20
3.2574410284835515
 10
449.42082
 20
3.257531
 10
449.42102144012483
 20
3.2576286339323803
 10
449.421179
 20
3.257705
 10
449.4220885666919
 20
3.2578705287934033
 10
449.4228
 20
3.258
 10
450.6204423427491
 20
3.258
 10
451.557199
 20
3.258
 10
451.55810912780646
 20
3.2578344712065967
 10
451.558821
 20
3.257705
 10
451.5590218790103
 20
3.25760736606762
 10
451.559179
 20
3.257531
 10
451.5593124211756
 20
3.2574410284835515
 10
451.559483
 20
3.257326
 10
451.5597094648902
 20
3.25691959207692
 10
451.559999
 20
3.2564
 10
451.559999
 20
3.254293349858764
 10
451.559999
 20
3.2516
 10
451.5597725351098
 20
3.2511935920769197
 10
451.559483
 20
3.250674
 10
451.55934957882437
 20
3.2505840284835514
 10
451.559179
 20
3.250469
 10
451.5590218790103
 20
3.25039263393238
 10
451.558821
 20
3.250295
 10
451.55810912780646
 20
3.2501655287934033
 10
451.557199
 20
3.25
 10
450.6204423427491
 20
3.25
 10
449.4228
 20
3.25
 10
449.4220885666919
 20
3.2501294712065967
 10
449.421179
 20
3.250295
 10
449.42102144012483
 20
3.2503713660676197
 10
449.42082
 20
3.250469
  0
LWPOLYLINE
  5
22C
330
17
100
AcDbEntity
  8
VISTA
100
AcDbPolyline
 90
41
 70
1
 10
449.8766678305194
 20
3.9571755454171242
 10
449.876477
 20
3.957332
 10
449.8753262492455
 20
3.959831530432818
 10
449.875001
 20
3.960538
 10
449.875001
 20
3.9869865559584876
 10
449.875001
 20
3.994462
 10
449.87615175075445
 20
3.996961530432818
 10
449.876477
 20
3.997668
 10
449.8771521694806
 20
3.9982215454171244
 10
449.877343
 20
3.998378
 10
449.8781429121098
 20
3.998845784859542
 10
449.878369
 20
3.998978
 10
449.8819795194742
 20
3.999774793544086
 10
449.883
 20
4.0
 10
451.17252692946994
 20
4.0
 10
451.537
 20
4.0
 10
451.5406105194742
 20
3.999203206455914
 10
451.541631
 20
3.998978
 10
451.5424309121098
 20
3.9985102151404583
 10
451.542657
 20
3.998378
 10
451.5428478305194
 20
3.9982215454171244
 10
451.543523
 20
3.997668
 10
451.5438482492455
 20
3.996961530432818
 10
451.544999
 20
3.994462
 10
451.544999
 20
3.9869865559584876
 10
451.544999
 20
3.960538
 10
451.5446737507545
 20
3.959831530432818
 10
451.543523
 20
3.957332
 10
451.5433321694806
 20
3.9571755454171242
 10
451.542657
 20
3.956622
 10
451.5424309121098
 20
3.9564897848595417
 10
451.541631
 20
3.956022
 10
451.5406105194742
 20
3.955796793544086
 10
451.537
 20
3.955
 10
451.17252692946994
 20
3.955
 10
449.883
 20
3.955
 10
449.8819795194742
 20
3.955225206455914
 10
449.878369
 20
3.956022
 10
449.8781429121098
 20
3.956154215140458
 10
449.877343
 20
3.956622
 10
449.8766678305194
 20
3.9571755454171242
  0
LWPOLYLINE
  5
22D
330
17
100
AcDbEntity
  8
VISTA
100
AcDbPolyline
 90
9
 70
1
 10
452.12
 20
5.73
 10
452.09166571435156
 20
5.73
 10
452.089999
 20
5.73
 10
452.089999
 20
5.805555576543215
 10
452.089999
 20
5.81
 10
452.1183332856484
 20
5.81
 10
452.12
 20
5.81
 10
452.12
 20
5.734444423456785
 10
452.12
 20
5.73
  0
LWPOLYLINE
  5
22E
330
17
100
AcDbEntity
  8
VISTA
100
AcDbPolyline
 90
9
 70
1
 10
452.12
 20
3.285
 10
452.09166571435156
 20
3.285
 10
452.089999
 20
3.285
 10
452.089999
 20
3.322777788271608
 10
452.089999
 20
3.325
 10
452.1183332856484
 20
3.325
 10
452.12
 20
3.325
 10
452.12
 20
3.2872222117283925
 10
452.12
 20
3.285
  0
LWPOLYLINE
  5
22F
330
17
100
AcDbEntity
  8
VISTA
100
AcDbPolyline
 90
6
 70
1
 10
451.86
 20
3.248
 10
451.8695
 20
3.248
 10
451.8695
 20
3.222
 10
451.86
 20
3.222
 10
451.86
 20
3.246555562376545
 10
451.86
 20
3.248
  0
LWPOLYLINE
  5
230
330
17
100
AcDbEntity
  8
VISTA
100
AcDbPolyline
 90
7
 70
1
 10
452.045501
 20
3.222
 10
452.045501
 20
3.248
 10
452.08666589643536
 20
3.248
 10
452.099999
 20
3.248
 10
452.099999
 20
3.223444437623455
 10
452.099999
 20
3.222
 10
452.045501
 20
3.222
  0
LWPOLYLINE
  5
231
330
17
100
AcDbEntity
  8
CORTE
100
AcDbPolyline
 90
7
 70
1
 10
451.8
 20
5.85
 10
447.9960641204467
 20
5.85
 10
446.2
 20
5.85
 10
446.2
 20
5.868
 10
446.65241322211983
 20
5.868
 10
451.8
 20
5.868
 10
451.8
 20
5.85
  0
LWPOLYLINE
  5
232
330
17
100
AcDbEntity
  8
VISTA
100
AcDbPolyline
 90
13
 70
1
 10
448.915293
 20
3.250293
 10
448.915
 20
3.251
 10
448.915
 20
3.349
 10
448.915293
 20
3.349707
 10
448.916
 20
3.35
 10
448.934
 20
3.35
 10
448.934708
 20
3.349707
 10
448.935
 20
3.349
 10
448.935
 20
3.251
 10
448.934708
 20
3.250293
 10
448.934
 20
3.25
 10
448.916
 20
3.25
 10
448.915293
 20
3.250293
  0
LWPOLYLINE
  5
233
330
17
100
AcDbEntity
  8
VISTA
100
AcDbPolyline
 90
13
 70
1
 10
446.147793
 20
3.250293
 10
446.1475
 20
3.251
 10
446.1475
 20
3.279
 10
446.147793
 20
3.279707
 10
446.1485
 20
3.28
 10
446.7315
 20
3.28
 10
446.732207
 20
3.279707
 10
446.7325
 20
3.279
 10
446.7325
 20
3.251
 10
446.732207
 20
3.250293
 10
446.7315
 20
3.25
 10
446.1485
 20
3.25
 10
446.147793
 20
3.250293
  0
LWPOLYLINE
  5
234
330
17
100
AcDbEntity
  8
VISTA
100
AcDbPolyline
 90
13
 70
1
 10
442.964647
 20
6.450146
 10
442.9645
 20
6.4505
 10
442.9645
 20
6.4515
 10
442.964647
 20
6.451853
 10
442.965
 20
6.452
 10
443.035
 20
6.452
 10
443.035353
 20
6.451853
 10
443.0355
 20
6.4515
 10
443.0355
 20
6.4505
 10
443.035353
 20
6.450146
 10
443.035
 20
6.45
 10
442.965
 20
6.45
 10
442.964647
 20
6.450146
  0
LWPOLYLINE
  5
235
330
17
100
AcDbEntity
  8
VISTA
100
AcDbPolyline
 90
13
 70
1
 10
449.514647
 20
5.657646
 10
449.514501
 20
5.658
 10
449.514501
 20
5.659
 10
449.514647
 20
5.659353
 10
449.515
 20
5.6595
 10
449.585
 20
5.6595
 10
449.585354
 20
5.659353
 10
449.5855
 20
5.659
 10
449.5855
 20
5.658
 10
449.585354
 20
5.657646
 10
449.585
 20
5.6575
 10
449.515
 20
5.6575
 10
449.514647
 20
5.657646
  0
LWPOLYLINE
  5
236
330
17
100
AcDbEntity
  8
VISTA
100
AcDbPolyline
 90
13
 70
1
 10
447.069646
 20
5.726646
 10
447.0695
 20
5.726999
 10
447.0695
 20
5.728
 10
447.069646
 20
5.728353
 10
447.07
 20
5.728499
 10
447.09
 20
5.728499
 10
447.090353
 20
5.728353
 10
447.0905
 20
5.728
 10
447.0905
 20
5.726999
 10
447.090353
 20
5.726646
 10
447.09
 20
5.7265
 10
447.07
 20
5.7265
 10
447.069646
 20
5.726646
  0
LWPOLYLINE
  5
237
330
17
100
AcDbEntity
  8
VISTA
100
AcDbPolyline
 90
5
 70
1
 10
442.783001
 20
2.58
 10
442.783001
 20
2.5
 10
442.780001
 20
2.5
 10
442.780001
 20
2.58
 10
442.783001
 20
2.58
  0
LWPOLYLINE
  5
238
330
17
100
AcDbEntity
  8
VISTA
100
AcDbPolyline
 90
5
 70
1
 10
443.216999
 20
2.5
 10
443.216999
 20
2.58
 10
443.219999
 20
2.58
 10
443.219999
 20
2.5
 10
443.216999
 20
2.5
  0
LWPOLYLINE
  5
239
330
17
100
AcDbEntity
  8
VISTA
100
AcDbPolyline
 90
5
 70
1
 10
442.783001
 20
2.577
 10
442.783001
 20
2.58
 10
443.216999
 20
2.58
 10
443.216999
 20
2.577
 10
442.783001
 20
2.577
  0
LWPOLYLINE
  5
23A
330
17
100
AcDbEntity
  8
VISTA
100
AcDbPolyline
 90
5
 70
1
 10
442.784001
 20
2.501
 10
442.784001
 20
2.503
 10
443.215999
 20
2.503
 10
443.215999
 20
2.501
 10
442.784001
 20
2.501
  0
LWPOLYLINE
  5
23B
330
17
100
AcDbEntity
  8
VISTA
100
AcDbPolyline
 90
5
 70
1
 10
442.9982
 20
2.58
 10
442.9982
 20
2.982
 10
443.0018
 20
2.982
 10
443.0018
 20
2.58
 10
442.9982
 20
2.58
  0
LWPOLYLINE
  5
23C
330
17
100
AcDbEntity
  8
VISTA
100
AcDbPolyline
 90
5
 70
1
 10
442.969
 20
2.98
 10
442.969
 20
3.0
 10
443.031
 20
3.0
 10
443.031
 20
2.98
 10
442.969
 20
2.98
  0
LWPOLYLINE
  5
23D
330
17
100
AcDbEntity
  8
VISTA
100
AcDbPolyline
 90
5
 70
1
 10
446.1825
 20
2.6625
 10
446.2575
 20
2.6625
 10
446.2575
 20
2.6175
 10
446.1825
 20
2.6175
 10
446.1825
 20
2.6625
  0
LWPOLYLINE
  5
23E
330
17
100
AcDbEntity
  8
VISTA
100
AcDbPolyline
 90
13
 70
1
 10
446.050586
 20
2.668086
 10
446.05
 20
2.6695
 10
446.05
 20
2.7105
 10
446.050586
 20
2.711914
 10
446.052
 20
2.7125
 10
446.268
 20
2.7125
 10
446.269414
 20
2.711914
 10
446.27
 20
2.7105
 10
446.27
 20
2.6695
 10
446.269414
 20
2.668086
 10
446.268
 20
2.6675
 10
446.052
 20
2.6675
 10
446.050586
 20
2.668086
  0
LWPOLYLINE
  5
23F
330
17
100
AcDbEntity
  8
CORTE
100
AcDbPolyline
 90
13
 70
1
 10
440.128086
 20
6.933586
 10
440.1275
 20
6.935
 10
440.1275
 20
6.986
 10
440.128086
 20
6.987414
 10
440.1295
 20
6.988
 10
440.1705
 20
6.988
 10
440.171914
 20
6.987414
 10
440.1725
 20
6.986
 10
440.1725
 20
6.935
 10
440.171914
 20
6.933586
 10
440.1705
 20
6.933
 10
440.1295
 20
6.933
 10
440.128086
 20
6.933586
  0
LWPOLYLINE
  5
240
330
17
100
AcDbEntity
  8
CORTE
100
AcDbPolyline
 90
13
 70
1
 10
440.942371
 20
7.082871
 10
440.941786
 20
7.084286
 10
440.941786
 20
7.135285
 10
440.942371
 20
7.1367
 10
440.943786
 20
7.137286
 10
440.984786
 20
7.137286
 10
440.9862
 20
7.1367
 10
440.986786
 20
7.135285
 10
440.986786
 20
7.084286
 10
440.9862
 20
7.082871
 10
440.984786
 20
7.082285
 10
440.943786
 20
7.082285
 10
440.942371
 20
7.082871
  0
LWPOLYLINE
  5
241
330
17
100
AcDbEntity
  8
CORTE
100
AcDbPolyline
 90
13
 70
1
 10
441.756657
 20
7.232157
 10
441.756071
 20
7.233572
 10
441.756071
 20
7.284571
 10
441.756657
 20
7.285985
 10
441.758072
 20
7.286572
 10
441.799071
 20
7.286572
 10
441.800486
 20
7.285985
 10
441.801072
 20
7.284571
 10
441.801072
 20
7.233572
 10
441.800486
 20
7.232157
 10
441.799071
 20
7.231571
 10
441.758072
 20
7.231571
 10
441.756657
 20
7.232157
  0
LWPOLYLINE
  5
242
330
17
100
AcDbEntity
  8
CORTE
100
AcDbPolyline
 90
13
 70
1
 10
442.570943
 20
7.381443
 10
442.570357
 20
7.382857
 10
442.570357
 20
7.433857
 10
442.570943
 20
7.435271
 10
442.572357
 20
7.435857
 10
442.613357
 20
7.435857
 10
442.614771
 20
7.435271
 10
442.615357
 20
7.433857
 10
442.615357
 20
7.382857
 10
442.614771
 20
7.381443
 10
442.613357
 20
7.380857
 10
442.572357
 20
7.380857
 10
442.570943
 20
7.381443
  0
LWPOLYLINE
  5
243
330
17
100
AcDbEntity
  8
CORTE
100
AcDbPolyline
 90
13
 70
1
 10
443.385229
 20
7.530729
 10
443.384643
 20
7.532143
 10
443.384643
 20
7.583143
 10
443.385229
 20
7.584557
 10
443.386643
 20
7.585143
 10
443.427643
 20
7.585143
 10
443.429057
 20
7.584557
 10
443.429643
 20
7.583143
 10
443.429643
 20
7.532143
 10
443.429057
 20
7.530729
 10
443.427643
 20
7.530143
 10
443.386643
 20
7.530143
 10
443.385229
 20
7.530729
  0
LWPOLYLINE
  5
244
330
17
100
AcDbEntity
  8
CORTE
100
AcDbPolyline
 90
13
 70
1
 10
444.199514
 20
7.680015
 10
444.198928
 20
7.681429
 10
444.198928
 20
7.732429
 10
444.199514
 20
7.733843
 10
444.200928
 20
7.734429
 10
444.241929
 20
7.734429
 10
444.243342
 20
7.733843
 10
444.243928
 20
7.732429
 10
444.243928
 20
7.681429
 10
444.243342
 20
7.680015
 10
444.241929
 20
7.679429
 10
444.200928
 20
7.679429
 10
444.199514
 20
7.680015
  0
LWPOLYLINE
  5
245
330
17
100
AcDbEntity
  8
CORTE
100
AcDbPolyline
 90
13
 70
1
 10
445.0138
 20
7.8293
 10
445.013214
 20
7.830715
 10
445.013214
 20
7.881714
 10
445.0138
 20
7.883129
 10
445.015214
 20
7.883715
 10
445.056214
 20
7.883715
 10
445.057628
 20
7.883129
 10
445.058214
 20
7.881714
 10
445.058214
 20
7.830715
 10
445.057628
 20
7.8293
 10
445.056214
 20
7.828714
 10
445.015214
 20
7.828714
 10
445.0138
 20
7.8293
  0
LWPOLYLINE
  5
246
330
17
100
AcDbEntity
  8
CORTE
100
AcDbPolyline
 90
13
 70
1
 10
445.828086
 20
7.978586
 10
445.8275
 20
7.98
 10
445.8275
 20
8.031
 10
445.828086
 20
8.032414
 10
445.8295
 20
8.033
 10
445.8705
 20
8.033
 10
445.871914
 20
8.032414
 10
445.8725
 20
8.031
 10
445.8725
 20
7.98
 10
445.871914
 20
7.978586
 10
445.8705
 20
7.978
 10
445.8295
 20
7.978
 10
445.828086
 20
7.978586
  0
LWPOLYLINE
  5
247
330
17
100
AcDbEntity
  8
CORTE
100
AcDbPolyline
 90
13
 70
1
 10
440.030586
 20
6.698919
 10
440.03
 20
6.700334
 10
440.03
 20
6.916333
 10
440.030586
 20
6.917747
 10
440.032
 20
6.918334
 10
440.168
 20
6.918334
 10
440.169414
 20
6.917747
 10
440.17
 20
6.916333
 10
440.17
 20
6.700334
 10
440.169414
 20
6.698919
 10
440.168
 20
6.698333
 10
440.032
 20
6.698333
 10
440.030586
 20
6.698919
  0
LWPOLYLINE
  5
248
330
17
100
AcDbEntity
  8
CORTE
100
AcDbPolyline
 90
13
 70
1
 10
445.830586
 20
7.762252
 10
445.83
 20
7.763667
 10
445.83
 20
7.979666
 10
445.830586
 20
7.981081
 10
445.832
 20
7.981667
 10
445.968
 20
7.981667
 10
445.96941400000003
 20
7.981081
 10
445.97
 20
7.979666
 10
445.97
 20
7.763667
 10
445.96941400000003
 20
7.762252
 10
445.968
 20
7.761666
 10
445.832
 20
7.761666
 10
445.830586
 20
7.762252
  0
LWPOLYLINE
  5
249
330
17
100
AcDbEntity
  8
CORTE
100
AcDbPolyline
 90
13
 70
1
 10
440.240586
 20
6.605586
 10
440.24
 20
6.607
 10
440.24
 20
6.643
 10
440.240586
 20
6.644414
 10
440.242
 20
6.645
 10
445.758
 20
6.645
 10
445.759414
 20
6.644414
 10
445.76
 20
6.643
 10
445.76
 20
6.607
 10
445.759414
 20
6.605586
 10
445.758
 20
6.605
 10
440.242
 20
6.605
 10
440.240586
 20
6.605586
  0
LWPOLYLINE
  5
24A
330
17
100
AcDbEntity
  8
CORTE
100
AcDbPolyline
 90
5
 70
1
 10
446.093033
 20
8.083639
 10
439.915983
 20
6.95118
 10
439.901557
 20
7.029869
 10
446.078607
 20
8.162328
 10
446.093033
 20
8.083639
  0
LWPOLYLINE
  5
24B
330
17
100
AcDbEntity
  8
CORTE
100
AcDbPolyline
 90
13
 70
1
 10
446.128086
 20
7.378586
 10
446.1275
 20
7.38
 10
446.1275
 20
7.431
 10
446.128086
 20
7.432414
 10
446.1295
 20
7.433
 10
446.1705
 20
7.433
 10
446.171914
 20
7.432414
 10
446.1725
 20
7.431
 10
446.1725
 20
7.38
 10
446.171914
 20
7.378586
 10
446.1705
 20
7.378
 10
446.1295
 20
7.378
 10
446.128086
 20
7.378586
  0
LWPOLYLINE
  5
24C
330
17
100
AcDbEntity
  8
CORTE
100
AcDbPolyline
 90
13
 70
1
 10
446.942372
 20
7.2293
 10
446.941786
 20
7.230714
 10
446.941786
 20
7.281714
 10
446.942372
 20
7.283128
 10
446.943786
 20
7.283714
 10
446.984786
 20
7.283714
 10
446.9862
 20
7.283128
 10
446.986786
 20
7.281714
 10
446.986786
 20
7.230714
 10
446.9862
 20
7.2293
 10
446.984786
 20
7.228714
 10
446.943786
 20
7.228714
 10
446.942372
 20
7.2293
  0
LWPOLYLINE
  5
24D
330
17
100
AcDbEntity
  8
CORTE
100
AcDbPolyline
 90
13
 70
1
 10
447.756658
 20
7.080014
 10
447.756072
 20
7.081429
 10
447.756072
 20
7.132428
 10
447.756658
 20
7.133842
 10
447.758071
 20
7.134429
 10
447.799072
 20
7.134429
 10
447.800486
 20
7.133842
 10
447.801072
 20
7.132428
 10
447.801072
 20
7.081429
 10
447.800486
 20
7.080014
 10
447.799072
 20
7.079428
 10
447.758071
 20
7.079428
 10
447.756658
 20
7.080014
  0
LWPOLYLINE
  5
24E
330
17
100
AcDbEntity
  8
CORTE
100
AcDbPolyline
 90
13
 70
1
 10
448.570943
 20
6.930729
 10
448.570357
 20
6.932143
 10
448.570357
 20
6.983143
 10
448.570943
 20
6.984557
 10
448.572357
 20
6.985143
 10
448.613358
 20
6.985143
 10
448.614772
 20
6.984557
 10
448.615357
 20
6.983143
 10
448.615357
 20
6.932143
 10
448.614772
 20
6.930729
 10
448.613358
 20
6.930143
 10
448.572357
 20
6.930143
 10
448.570943
 20
6.930729
  0
LWPOLYLINE
  5
24F
330
17
100
AcDbEntity
  8
CORTE
100
AcDbPolyline
 90
13
 70
1
 10
449.385228
 20
6.781443
 10
449.384643
 20
6.782857
 10
449.384643
 20
6.833857
 10
449.385228
 20
6.835271
 10
449.386642
 20
6.835857
 10
449.427643
 20
6.835857
 10
449.429057
 20
6.835271
 10
449.429643
 20
6.833857
 10
449.429643
 20
6.782857
 10
449.429057
 20
6.781443
 10
449.427643
 20
6.780857
 10
449.386642
 20
6.780857
 10
449.385228
 20
6.781443
  0
LWPOLYLINE
  5
250
330
17
100
AcDbEntity
  8
CORTE
100
AcDbPolyline
 90
13
 70
1
 10
450.199514
 20
6.632157
 10
450.198929
 20
6.633572
 10
450.198929
 20
6.684571
 10
450.199514
 20
6.685986
 10
450.200929
 20
6.686572
 10
450.241929
 20
6.686572
 10
450.243343
 20
6.685986
 10
450.243929
 20
6.684571
 10
450.243929
 20
6.633572
 10
450.243343
 20
6.632157
 10
450.241929
 20
6.631571
 10
450.200929
 20
6.631571
 10
450.199514
 20
6.632157
  0
LWPOLYLINE
  5
251
330
17
100
AcDbEntity
  8
CORTE
100
AcDbPolyline
 90
13
 70
1
 10
451.0138
 20
6.482872
 10
451.013214
 20
6.484286
 10
451.013214
 20
6.535285
 10
451.0138
 20
6.5367
 10
451.015214
 20
6.537286
 10
451.056214
 20
6.537286
 10
451.057629
 20
6.5367
 10
451.058214
 20
6.535285
 10
451.058214
 20
6.484286
 10
451.057629
 20
6.482872
 10
451.056214
 20
6.482285
 10
451.015214
 20
6.482285
 10
451.0138
 20
6.482872
  0
LWPOLYLINE
  5
252
330
17
100
AcDbEntity
  8
CORTE
100
AcDbPolyline
 90
13
 70
1
 10
451.828086
 20
6.333586
 10
451.8275
 20
6.335
 10
451.8275
 20
6.386
 10
451.828086
 20
6.387414
 10
451.8295
 20
6.388
 10
451.870501
 20
6.388
 10
451.871915
 20
6.387414
 10
451.8725
 20
6.386
 10
451.8725
 20
6.335
 10
451.871915
 20
6.333586
 10
451.870501
 20
6.333
 10
451.8295
 20
6.333
 10
451.828086
 20
6.333586
  0
LWPOLYLINE
  5
253
330
17
100
AcDbEntity
  8
CORTE
100
AcDbPolyline
 90
13
 70
1
 10
446.03058599999997
 20
7.162252
 10
446.03
 20
7.163667
 10
446.03
 20
7.379666
 10
446.03058599999997
 20
7.381081
 10
446.032
 20
7.381667
 10
446.168
 20
7.381667
 10
446.169414
 20
7.381081
 10
446.17
 20
7.379666
 10
446.17
 20
7.163667
 10
446.169414
 20
7.162252
 10
446.168
 20
7.161666
 10
446.032
 20
7.161666
 10
446.03058599999997
 20
7.162252
  0
LWPOLYLINE
  5
254
330
17
100
AcDbEntity
  8
CORTE
100
AcDbPolyline
 90
13
 70
1
 10
451.830585
 20
6.098919
 10
451.83
 20
6.100334
 10
451.83
 20
6.316333
 10
451.830585
 20
6.317748
 10
451.832
 20
6.318334
 10
451.967999
 20
6.318334
 10
451.96941400000003
 20
6.317748
 10
451.969999
 20
6.316333
 10
451.969999
 20
6.100334
 10
451.96941400000003
 20
6.098919
 10
451.967999
 20
6.098333
 10
451.832
 20
6.098333
 10
451.830585
 20
6.098919
  0
LWPOLYLINE
  5
255
330
17
100
AcDbEntity
  8
CORTE
100
AcDbPolyline
 90
13
 70
1
 10
446.240586
 20
5.960586
 10
446.24
 20
5.962
 10
446.24
 20
5.998
 10
446.240586
 20
5.999414
 10
446.242
 20
6.0
 10
451.757999
 20
6.0
 10
451.759414
 20
5.999414
 10
451.76
 20
5.998
 10
451.76
 20
5.962
 10
451.7594145
 20
5.960586
 10
451.757999
 20
5.96
 10
446.242
 20
5.96
 10
446.240586
 20
5.960586
  0
LWPOLYLINE
  5
256
330
17
100
AcDbEntity
  8
CORTE
100
AcDbPolyline
 90
5
 70
1
 10
452.084017
 20
6.35118
 10
445.906967
 20
7.483639
 10
445.921393
 20
7.562328
 10
452.098443
 20
6.429869
 10
452.084017
 20
6.35118
  0
LWPOLYLINE
  5
257
330
17
100
AcDbEntity
  8
VISTA
100
AcDbPolyline
 90
9
 70
1
 10
439.84
 20
6.915999997536657
 10
439.84
 20
7.055999997536658
 10
439.8412
 20
7.055999997536658
 10
439.8412
 20
6.917199997536657
 10
439.9988
 20
6.917199997536657
 10
439.9988
 20
7.055999997536658
 10
440.0
 20
7.055999997536658
 10
440.0
 20
6.915999997536657
 10
439.84
 20
6.915999997536657
  0
LWPOLYLINE
  5
258
330
17
100
AcDbEntity
  8
VISTA
100
AcDbPolyline
 90
9
 70
1
 10
452.0
 20
6.313900002668105
 10
452.0
 20
6.453900002668106
 10
452.0012
 20
6.453900002668106
 10
452.0012
 20
6.315100002668106
 10
452.1588
 20
6.315100002668106
 10
452.1588
 20
6.453900002668106
 10
452.16
 20
6.453900002668106
 10
452.16
 20
6.313900002668105
 10
452.0
 20
6.313900002668105
  0
LWPOLYLINE
  5
259
330
17
100
AcDbEntity
  8
VISTA
100
AcDbPolyline
 90
26
 70
1
 10
453.42
 20
-0.4201655738473995
 10
453.422726
 20
-0.39945993623051806
 10
453.430718
 20
-0.3801653428122879
 10
453.443432
 20
-0.363596240619516
 10
453.46
 20
-0.3508828415607827
 10
453.479295
 20
-0.3428905848860555
 10
453.5
 20
-0.34016449069719623
 10
453.520705
 20
-0.3428905645188118
 10
453.54
 20
-0.3508827962996903
 10
453.556568
 20
-0.36359617951585943
 10
453.569282
 20
-0.3801652636034783
 10
453.577274
 20
-0.3994598502298704
 10
453.58
 20
-0.42016589296861445
 10
453.577274
 20
-0.44087152507081634
 10
453.569282
 20
-0.4601661207622565
 10
453.556568
 20
-0.47673522063260043
 10
453.54
 20
-0.48944903164137155
 10
453.520705
 20
-0.4974408763554283
 10
453.50126816056013
 20
-0.5
 10
453.4987318289101
 20
-0.5
 10
453.479295
 20
-0.4974408989905384
 10
453.46
 20
-0.48944866721653624
 10
453.443432
 20
-0.4767352840089122
 10
453.430718
 20
-0.46016619771885137
 10
453.422726
 20
-0.440871611078607
 10
453.42
 20
-0.4201655738473995
  0
LWPOLYLINE
  5
25A
330
17
100
AcDbEntity
  8
VISTA
100
AcDbPolyline
 90
7
 70
1
 10
453.035
 20
3.231
 10
453.035
 20
3.199
 10
453.033
 20
3.199
 10
453.033
 20
3.229
 10
452.94
 20
3.232
 10
452.94
 20
3.234
 10
453.035
 20
3.231
  0
LWPOLYLINE
  5
25B
330
17
100
AcDbEntity
  8
VISTA
100
AcDbPolyline
 90
33
 70
1
 10
444.753847
 20
6.872038
 10
444.748924
 20
6.857977
 10
444.741352
 20
6.845146
 10
444.731422
 20
6.834038
 10
444.719517
 20
6.825081
 10
444.706093
 20
6.81862
 10
444.691666
 20
6.8149
 10
444.676791
 20
6.814068
 10
444.6620389860419
 20
6.816153
 10
444.647977
 20
6.821076
 10
444.635146
 20
6.828648
 10
444.62403898619334
 20
6.838577
 10
444.6150819862253
 20
6.85048298622527
 10
444.60862
 20
6.863907
 10
444.6049009862489
 20
6.878334
 10
444.604068
 20
6.893209
 10
444.606153
 20
6.907961
 10
444.611076
 20
6.922023
 10
444.618648
 20
6.934854
 10
444.628577
 20
6.945961
 10
444.6404829860419
 20
6.954918
 10
444.653907
 20
6.96138
 10
444.668334
 20
6.965099
 10
444.683209
 20
6.965932
 10
444.697961
 20
6.963847
 10
444.712023
 20
6.958924
 10
444.724854
 20
6.951352
 10
444.735961
 20
6.941422
 10
444.744918
 20
6.929517
 10
444.75138
 20
6.916093
 10
444.755099
 20
6.901666
 10
444.755932
 20
6.886790014413479
 10
444.753847
 20
6.872038
  0
LWPOLYLINE
  5
25C
330
17
100
AcDbEntity
  8
CORTE
100
AcDbPolyline
 90
33
 70
1
 10
444.77813801449537
 20
6.86613
 10
444.771596
 20
6.847443
 10
444.7615330143996
 20
6.830391
 10
444.748338
 20
6.81563
 10
444.732516
 20
6.803727
 10
444.714676
 20
6.795139
 10
444.695503
 20
6.790197
 10
444.675735
 20
6.78909
 10
444.65613
 20
6.791861
 10
444.637443
 20
6.798403
 10
444.620391
 20
6.808466
 10
444.60563
 20
6.821661
 10
444.593727
 20
6.837483986325323
 10
444.58513998635175
 20
6.855324
 10
444.580197
 20
6.874496
 10
444.57909098635173
 20
6.894265
 10
444.581861
 20
6.913869
 10
444.58840398628644
 20
6.932557
 10
444.598466
 20
6.949609
 10
444.6116619861614
 20
6.96437
 10
444.62748398608494
 20
6.976273
 10
444.645324
 20
6.98486
 10
444.664496
 20
6.989803
 10
444.684265
 20
6.99091
 10
444.703869
 20
6.988139
 10
444.722557
 20
6.981596
 10
444.7396080143996
 20
6.971534
 10
444.7543690144551
 20
6.958338
 10
444.766273
 20
6.942516
 10
444.77486
 20
6.924676
 10
444.77980201453005
 20
6.905503
 10
444.7809090145217
 20
6.885735
 10
444.77813801449537
 20
6.86613
  0
LWPOLYLINE
  5
25D
330
17
100
AcDbEntity
  8
VISTA
100
AcDbPolyline
 90
33
 70
1
 10
444.7786240144981
 20
6.866012
 10
444.7720490144551
 20
6.847232
 10
444.7619370143996
 20
6.830096
 10
444.748676
 20
6.815262
 10
444.732776
 20
6.8033
 10
444.714848
 20
6.79467
 10
444.69558
 20
6.789703
 10
444.675714
 20
6.78859
 10
444.656012
 20
6.791375
 10
444.637232
 20
6.79795
 10
444.620096
 20
6.808062
 10
444.605262
 20
6.821323
 10
444.5933
 20
6.837224
 10
444.58467
 20
6.855152
 10
444.579703
 20
6.87442
 10
444.5785909863545
 20
6.894286
 10
444.5813759863281
 20
6.913988
 10
444.58795
 20
6.932767
 10
444.59806298623084
 20
6.949904
 10
444.611323
 20
6.964738
 10
444.62722398608776
 20
6.9767
 10
444.645152
 20
6.98533
 10
444.66442
 20
6.990297
 10
444.684286
 20
6.991409
 10
444.703988
 20
6.988625
 10
444.722767
 20
6.98205
 10
444.7399030143996
 20
6.971938
 10
444.7547370144551
 20
6.958676
 10
444.7666990144981
 20
6.942776
 10
444.77533
 20
6.924848
 10
444.7802960145328
 20
6.90558
 10
444.781409
 20
6.885714
 10
444.7786240144981
 20
6.866012
  0
LWPOLYLINE
  5
25E
330
17
100
AcDbEntity
  8
VISTA
100
AcDbPolyline
 90
33
 70
1
 10
445.029785
 20
6.919084
 10
445.036808
 20
6.932223
 10
445.04626
 20
6.94374
 10
445.057776
 20
6.953191651297197
 10
445.070916
 20
6.960215
 10
445.085173
 20
6.96454
 10
445.1
 20
6.966
 10
445.114827
 20
6.96454
 10
445.129084
 20
6.960215
 10
445.142223
 20
6.953192
 10
445.15374
 20
6.94374
 10
445.163192
 20
6.932223
 10
445.170215
 20
6.919084
 10
445.17454
 20
6.904827
 10
445.176
 20
6.89
 10
445.17454
 20
6.875173
 10
445.170215
 20
6.860916
 10
445.163192
 20
6.847776
 10
445.15374
 20
6.83626
 10
445.142223
 20
6.826808
 10
445.129084
 20
6.819785
 10
445.114827
 20
6.81546
 10
445.1
 20
6.814
 10
445.085173
 20
6.81546
 10
445.070916
 20
6.819785
 10
445.057776
 20
6.826808
 10
445.04626
 20
6.83626
 10
445.036808
 20
6.847776
 10
445.029785
 20
6.860916
 10
445.02546
 20
6.875173
 10
445.024
 20
6.89
 10
445.02546
 20
6.904827
 10
445.029785
 20
6.919084
  0
LWPOLYLINE
  5
25F
330
17
100
AcDbEntity
  8
CORTE
100
AcDbPolyline
 90
33
 70
1
 10
445.006688
 20
6.928651
 10
445.016021
 20
6.946112651296156
 10
445.02858200000003
 20
6.961418
 10
445.043887
 20
6.973978
 10
445.061349
 20
6.983312
 10
445.080296
 20
6.989059
 10
445.1
 20
6.991
 10
445.119704
 20
6.989059
 10
445.138651
 20
6.983312
 10
445.156113
 20
6.973979
 10
445.171418
 20
6.961418
 10
445.183978
 20
6.946113
 10
445.193312
 20
6.928651
 10
445.199059
 20
6.909704
 10
445.201
 20
6.89
 10
445.199059
 20
6.870296
 10
445.193312
 20
6.851349
 10
445.183979
 20
6.833887348716352
 10
445.171418
 20
6.818582
 10
445.156113
 20
6.806022
 10
445.138651
 20
6.796688
 10
445.119704
 20
6.790941
 10
445.1
 20
6.789
 10
445.080296
 20
6.790941
 10
445.061349
 20
6.796688
 10
445.043887
 20
6.806021
 10
445.02858200000003
 20
6.818582
 10
445.016022
 20
6.833887
 10
445.006688
 20
6.851349
 10
445.000941
 20
6.870296
 10
444.999
 20
6.89
 10
445.000941
 20
6.909704
 10
445.006688
 20
6.928651
  0
LWPOLYLINE
  5
260
330
17
100
AcDbEntity
  8
VISTA
100
AcDbPolyline
 90
33
 70
1
 10
445.006226
 20
6.928842
 10
445.015606
 20
6.94639
 10
445.028228
 20
6.961771
 10
445.04361
 20
6.974394
 10
445.061158
 20
6.983774
 10
445.080198
 20
6.98955
 10
445.1
 20
6.9915
 10
445.119802
 20
6.98955
 10
445.138842
 20
6.983774
 10
445.15639
 20
6.974394
 10
445.171771
 20
6.961771
 10
445.184394
 20
6.94639
 10
445.193774
 20
6.928842
 10
445.19955
 20
6.909801
 10
445.2015
 20
6.89
 10
445.19955
 20
6.870198
 10
445.193774
 20
6.851158
 10
445.184394
 20
6.83361
 10
445.171772
 20
6.818229
 10
445.15639
 20
6.805606
 10
445.138842
 20
6.796226
 10
445.119802
 20
6.79045
 10
445.1
 20
6.7885
 10
445.080198
 20
6.79045
 10
445.061158
 20
6.796226
 10
445.04361
 20
6.805606
 10
445.028229
 20
6.818228348718437
 10
445.015606
 20
6.83361
 10
445.006226
 20
6.851158
 10
445.00045
 20
6.870198
 10
444.9985
 20
6.89
 10
445.00045
 20
6.909801
 10
445.006226
 20
6.928842
  0
LINE
  5
261
330
17
100
AcDbEntity
  8
VISTA
100
AcDbLine
 10
451.870501
 20
3.1895
 30
0.0
 11
451.870501
 21
3.1865
 31
0.0
  0
LINE
  5
262
330
17
100
AcDbEntity
  8
VISTA
100
AcDbLine
 10
452.0135
 20
3.1865
 30
0.0
 11
452.0135
 21
3.1895
 31
0.0
  0
LINE
  5
263
330
17
100
AcDbEntity
  8
VISTA
100
AcDbLine
 10
452.0030295090827
 20
3.1865
 30
0.0
 11
451.95067691266803
 21
3.1865
 31
0.0
  0
LINE
  5
264
330
17
100
AcDbEntity
  8
VISTA
100
AcDbLine
 10
451.95067691266803
 20
3.1895
 30
0.0
 11
452.0030295090827
 21
3.1895
 31
0.0
  0
LINE
  5
265
330
17
100
AcDbEntity
  8
VISTA
100
AcDbLine
 10
451.870501
 20
3.1925
 30
0.0
 11
451.870501
 21
3.1895
 31
0.0
  0
LINE
  5
266
330
17
100
AcDbEntity
  8
VISTA
100
AcDbLine
 10
452.0135
 20
3.1895
 30
0.0
 11
452.0135
 21
3.1925
 31
0.0
  0
LINE
  5
267
330
17
100
AcDbEntity
  8
VISTA
100
AcDbLine
 10
452.0030295090827
 20
3.1895
 30
0.0
 11
451.95067691266803
 21
3.1895
 31
0.0
  0
LINE
  5
268
330
17
100
AcDbEntity
  8
VISTA
100
AcDbLine
 10
451.95067691266803
 20
3.1925
 30
0.0
 11
452.0030295090827
 21
3.1925
 31
0.0
  0
LWPOLYLINE
  5
269
330
17
100
AcDbEntity
  8
VISTA
100
AcDbPolyline
 90
5
 70
1
 10
451.93
 20
3.1945
 10
451.938
 20
3.1945
 10
451.938
 20
3.1925
 10
451.93
 20
3.1925
 10
451.93
 20
3.1945
  0
LWPOLYLINE
  5
26A
330
17
100
AcDbEntity
  8
VISTA
100
AcDbPolyline
 90
5
 70
1
 10
451.870501
 20
3.27
 10
451.8735
 20
3.27
 10
451.8735
 20
3.1925
 10
451.870501
 20
3.1925
 10
451.870501
 20
3.27
  0
LWPOLYLINE
  5
26B
330
17
100
AcDbEntity
  8
VISTA
100
AcDbPolyline
 90
5
 70
1
 10
452.0105
 20
3.27
 10
452.0135
 20
3.27
 10
452.0135
 20
3.1925
 10
452.0105
 20
3.1925
 10
452.0105
 20
3.27
  0
LWPOLYLINE
  5
26C
330
17
100
AcDbEntity
  8
VISTA
100
AcDbPolyline
 90
5
 70
1
 10
451.870501
 20
5.7885
 10
452.0135
 20
5.7885
 10
452.0135
 20
5.7855
 10
451.870501
 20
5.7855
 10
451.870501
 20
5.7885
  0
LWPOLYLINE
  5
26D
330
17
100
AcDbEntity
  8
VISTA
100
AcDbPolyline
 90
5
 70
1
 10
451.870501
 20
5.7855
 10
451.8735
 20
5.7855
 10
451.8735
 20
5.7345
 10
451.870501
 20
5.7345
 10
451.870501
 20
5.7855
  0
LWPOLYLINE
  5
26E
330
17
100
AcDbEntity
  8
VISTA
100
AcDbPolyline
 90
5
 70
1
 10
452.0105
 20
5.7855
 10
452.0135
 20
5.7855
 10
452.0135
 20
5.7345
 10
452.0105
 20
5.7345
 10
452.0105
 20
5.7855
  0
LWPOLYLINE
  5
26F
330
17
100
AcDbEntity
  8
VISTA
100
AcDbPolyline
 90
7
 70
1
 10
451.91949999999997
 20
3.179
 10
451.9738216662893
 20
3.179
 10
452.0123565708419
 20
3.179
 10
452.04449999999997
 20
3.179
 10
452.04449999999997
 20
3.176
 10
451.91949999999997
 20
3.176
 10
451.91949999999997
 20
3.179
  0
LWPOLYLINE
  5
270
330
17
100
AcDbEntity
  8
VISTA
100
AcDbPolyline
 90
5
 70
1
 10
451.8735
 20
3.236
 10
451.9115
 20
3.236
 10
451.9115
 20
3.226
 10
451.8735
 20
3.226
 10
451.8735
 20
3.236
  0
LWPOLYLINE
  5
271
330
17
100
AcDbEntity
  8
VISTA
100
AcDbPolyline
 90
5
 70
1
 10
451.8735
 20
5.758
 10
451.9115
 20
5.758
 10
451.9115
 20
5.748
 10
451.8735
 20
5.748
 10
451.8735
 20
5.758
  0
LWPOLYLINE
  5
272
330
17
100
AcDbEntity
  8
VISTA
100
AcDbPolyline
 90
5
 70
1
 10
452.007501
 20
3.236
 10
452.0105
 20
3.236
 10
452.0105
 20
3.226
 10
452.007501
 20
3.226
 10
452.007501
 20
3.236
  0
LWPOLYLINE
  5
273
330
17
100
AcDbEntity
  8
VISTA
100
AcDbPolyline
 90
5
 70
1
 10
452.007501
 20
5.758
 10
452.0105
 20
5.758
 10
452.0105
 20
5.748
 10
452.007501
 20
5.748
 10
452.007501
 20
5.758
  0
LWPOLYLINE
  5
274
330
17
100
AcDbEntity
  8
VISTA
100
AcDbPolyline
 90
5
 70
1
 10
446.0
 20
0.17
 10
452.0
 20
0.17
 10
452.0
 20
0.16
 10
446.0
 20
0.16
 10
446.0
 20
0.17
  0
LWPOLYLINE
  5
275
330
17
100
AcDbEntity
  8
VISTA
100
AcDbPolyline
 90
5
 70
1
 10
446.0
 20
0.18
 10
452.0
 20
0.18
 10
452.0
 20
0.17
 10
446.0
 20
0.17
 10
446.0
 20
0.18
  0
LWPOLYLINE
  5
276
330
17
100
AcDbEntity
  8
VISTA
100
AcDbPolyline
 90
5
 70
1
 10
440.2
 20
0.19
 10
445.9
 20
0.19
 10
445.9
 20
0.16
 10
440.2
 20
0.16
 10
440.2
 20
0.19
  0
LWPOLYLINE
  5
277
330
17
100
AcDbEntity
  8
VISTA
100
AcDbPolyline
 90
5
 70
1
 10
440.2
 20
0.2
 10
445.9
 20
0.2
 10
445.9
 20
0.19
 10
440.2
 20
0.19
 10
440.2
 20
0.2
  0
LWPOLYLINE
  5
278
330
17
100
AcDbEntity
  8
VISTA
100
AcDbPolyline
 90
5
 70
1
 10
440.2
 20
0.21
 10
445.9
 20
0.21
 10
445.9
 20
0.2
 10
440.2
 20
0.2
 10
440.2
 20
0.21
  0
LWPOLYLINE
  5
279
330
17
100
AcDbEntity
  8
VISTA
100
AcDbPolyline
 90
17
 70
1
 10
446.696501
 20
5.287633
 10
446.696134
 20
5.288001
 10
446.696
 20
5.2885
 10
446.696
 20
5.2965
 10
446.696134
 20
5.296999
 10
446.696501
 20
5.297367
 10
446.697
 20
5.2975
 10
446.719
 20
5.2975
 10
446.7195
 20
5.297367
 10
446.719867
 20
5.296999
 10
446.72
 20
5.2965
 10
446.72
 20
5.2885
 10
446.719867
 20
5.288001
 10
446.7195
 20
5.287633
 10
446.719
 20
5.2875
 10
446.697
 20
5.2875
 10
446.696501
 20
5.287633
  0
LWPOLYLINE
  5
27A
330
17
100
AcDbEntity
  8
VISTA
100
AcDbPolyline
 90
17
 70
1
 10
446.69965
 20
5.28704
 10
446.69954
 20
5.28715
 10
446.6995
 20
5.2873
 10
446.6995
 20
5.2877
 10
446.69954
 20
5.28785
 10
446.69965
 20
5.28796
 10
446.6998
 20
5.288
 10
446.7162
 20
5.288
 10
446.71635
 20
5.28796
 10
446.71646
 20
5.28785
 10
446.7165
 20
5.2877
 10
446.7165
 20
5.2873
 10
446.71646
 20
5.28715
 10
446.71635
 20
5.28704
 10
446.7162
 20
5.287
 10
446.6998
 20
5.287
 10
446.69965
 20
5.28704
  0
LINE
  5
27B
330
17
100
AcDbEntity
  8
VISTA
100
AcDbLine
 10
439.5
 20
0.0
 30
0.0
 11
453.5
 21
0.0
 31
0.0
  0
TEXT
  5
27C
330
17
100
AcDbEntity
  8
TEXTOS
100
AcDbText
 10
439.75
 20
0.31
 30
0.0
 40
0.13
  1
PB +0,21
100
AcDbText
  0
TEXT
  5
27D
330
17
100
AcDbEntity
  8
TEXTOS
100
AcDbText
 10
439.75
 20
3.1
 30
0.0
 40
0.13
  1
Losa +3,00
100
AcDbText
  0
TEXT
  5
27E
330
17
100
AcDbEntity
  8
TEXTOS
100
AcDbText
 10
439.75
 20
3.35
 30
0.0
 40
0.13
  1
PA +3,25
100
AcDbText
  0
TEXT
  5
27F
330
17
100
AcDbEntity
  8
TEXTOS
100
AcDbText
 10
439.75
 20
5.949999999999999
 30
0.0
 40
0.13
  1
Vivienda +5,85
100
AcDbText
  0
TEXT
  5
280
330
17
100
AcDbEntity
  8
TEXTOS
100
AcDbText
 10
439.75
 20
6.55
 30
0.0
 40
0.13
  1
Estudio +6,45
100
AcDbText
  0
DIMENSION
  5
281
330
17
100
AcDbEntity
  8
COTAS
100
AcDbDimension
280
0
  2
*D1
  3
Standard
 10
443.3
 20
3.25
 30
0.0
 11
443.3
 21
4.85
 31
0.0
 70
32
 71
5
  1
<>
100
AcDbAlignedDimension
 13
443.3
 23
3.25
 33
0.0
 14
443.3
 24
6.45
 34
0.0
 50
90.0
100
AcDbRotatedDimension
1001
ACAD
1000
DSTYLE
1002
{
1070
140
1040
0.13
1070
41
1040
0.09
1002
}
  0
DIMENSION
  5
295
330
17
100
AcDbEntity
  8
COTAS
100
AcDbDimension
280
0
  2
*D2
  3
Standard
 10
449.0
 20
3.25
 30
0.0
 11
449.0
 21
4.55
 31
0.0
 70
32
 71
5
  1
<>
100
AcDbAlignedDimension
 13
449.0
 23
3.25
 33
0.0
 14
449.0
 24
5.85
 34
0.0
 50
90.0
100
AcDbRotatedDimension
1001
ACAD
1000
DSTYLE
1002
{
1070
140
1040
0.13
1070
41
1040
0.09
1002
}
  0
DIMENSION
  5
2A5
330
17
100
AcDbEntity
  8
COTAS
100
AcDbDimension
280
0
  2
*D3
  3
Standard
 10
440.0
 20
-0.95
 30
0.0
 11
443.0
 21
-0.95
 31
0.0
 70
32
 71
5
  1
<>
100
AcDbAlignedDimension
 13
440.0
 23
0.0
 33
0.0
 14
446.0
 24
0.0
 34
0.0
 50
0.0
100
AcDbRotatedDimension
1001
ACAD
1000
DSTYLE
1002
{
1070
140
1040
0.13
1070
41
1040
0.09
1002
}
  0
DIMENSION
  5
2B5
330
17
100
AcDbEntity
  8
COTAS
100
AcDbDimension
280
0
  2
*D4
  3
Standard
 10
446.0
 20
-0.95
 30
0.0
 11
449.0
 21
-0.95
 31
0.0
 70
32
 71
5
  1
<>
100
AcDbAlignedDimension
 13
446.0
 23
0.0
 33
0.0
 14
452.0
 24
0.0
 34
0.0
 50
0.0
100
AcDbRotatedDimension
1001
ACAD
1000
DSTYLE
1002
{
1070
140
1040
0.13
1070
41
1040
0.09
1002
}
  0
TEXT
  5
2C5
330
17
100
AcDbEntity
  8
TEXTOS
100
AcDbText
 10
443.0
 20
4.4
 30
0.0
 40
0.16
  1
ESTUDIO
100
AcDbText
  0
TEXT
  5
2C6
330
17
100
AcDbEntity
  8
TEXTOS
100
AcDbText
 10
449.0
 20
4.4
 30
0.0
 40
0.16
  1
VIVIENDA
100
AcDbText
  0
LINE
  5
2C7
330
17
100
AcDbEntity
  8
CORTE
100
AcDbLine
 10
494.001318
 20
0.001318
 30
0.0
 11
494.0009526586088
 21
0.0017508582807223517
 31
0.0
  0
LINE
  5
2C8
330
17
100
AcDbEntity
  8
CORTE
100
AcDbLine
 10
494.0009526586088
 20
0.0017508582807223517
 30
0.0
 11
494.000831
 21
0.001895
 31
0.0
  0
LINE
  5
2C9
330
17
100
AcDbEntity
  8
CORTE
100
AcDbLine
 10
494.000831
 20
0.001895
 30
0.0
 11
494.0002075940532
 21
0.0038492388583738755
 31
0.0
  0
LINE
  5
2CA
330
17
100
AcDbEntity
  8
CORTE
100
AcDbLine
 10
494.0002075940532
 20
0.003849238858373875
 30
0.0
 11
494.0
 21
0.0045
 31
0.0
  0
LINE
  5
2CB
330
17
100
AcDbEntity
  8
CORTE
100
AcDbLine
 10
494.0
 20
0.0045
 30
0.0
 11
494.0
 21
0.11777833689614403
 31
0.0
  0
LINE
  5
2CC
330
17
100
AcDbEntity
  8
CORTE
100
AcDbLine
 10
494.0
 20
0.11777833689614403
 30
0.0
 11
494.0
 21
0.11777833689614405
 31
0.0
  0
LINE
  5
2CD
330
17
100
AcDbEntity
  8
CORTE
100
AcDbLine
 10
494.0
 20
0.11777833689614405
 30
0.0
 11
494.0
 21
0.1555
 31
0.0
  0
LINE
  5
2CE
330
17
100
AcDbEntity
  8
CORTE
100
AcDbLine
 10
494.0
 20
0.1555
 30
0.0
 11
494.0006234059468
 21
0.15745423885837387
 31
0.0
  0
LINE
  5
2CF
330
17
100
AcDbEntity
  8
CORTE
100
AcDbLine
 10
494.0006234059468
 20
0.15745423885837387
 30
0.0
 11
494.000831
 21
0.158105
 31
0.0
  0
LINE
  5
2D0
330
17
100
AcDbEntity
  8
CORTE
100
AcDbLine
 10
494.000831
 20
0.158105
 30
0.0
 11
494.00119634139116
 21
0.15853785828072234
 31
0.0
  0
LINE
  5
2D1
330
17
100
AcDbEntity
  8
CORTE
100
AcDbLine
 10
494.00119634139116
 20
0.15853785828072234
 30
0.0
 11
494.001318
 21
0.158682
 31
0.0
  0
LINE
  5
2D2
330
17
100
AcDbEntity
  8
CORTE
100
AcDbLine
 10
501.9990465912035
 20
0.0017508582807223517
 30
0.0
 11
501.998682
 21
0.001318
 31
0.0
  0
LINE
  5
2D3
330
17
100
AcDbEntity
  8
CORTE
100
AcDbLine
 10
501.999168
 20
0.001895
 30
0.0
 11
501.9990465912035
 21
0.0017508582807223517
 31
0.0
  0
LINE
  5
2D4
330
17
100
AcDbEntity
  8
CORTE
100
AcDbLine
 10
501.99979215613445
 20
0.003849238858373875
 30
0.0
 11
501.999168
 21
0.001895
 31
0.0
  0
LINE
  5
2D5
330
17
100
AcDbEntity
  8
CORTE
100
AcDbLine
 10
502.0
 20
0.0045
 30
0.0
 11
501.99979215613445
 21
0.0038492388583738755
 31
0.0
  0
LINE
  5
2D6
330
17
100
AcDbEntity
  8
CORTE
100
AcDbLine
 10
502.0
 20
0.11777833689614403
 30
0.0
 11
502.0
 21
0.0045
 31
0.0
  0
LINE
  5
2D7
330
17
100
AcDbEntity
  8
CORTE
100
AcDbLine
 10
502.0
 20
0.1555
 30
0.0
 11
502.0
 21
0.11777833689614405
 31
0.0
  0
LINE
  5
2D8
330
17
100
AcDbEntity
  8
CORTE
100
AcDbLine
 10
501.99937584386555
 20
0.15745423885837387
 30
0.0
 11
502.0
 21
0.1555
 31
0.0
  0
LINE
  5
2D9
330
17
100
AcDbEntity
  8
CORTE
100
AcDbLine
 10
501.999168
 20
0.158105
 30
0.0
 11
501.99937584386555
 21
0.15745423885837387
 31
0.0
  0
LINE
  5
2DA
330
17
100
AcDbEntity
  8
CORTE
100
AcDbLine
 10
501.9988034087965
 20
0.15853785828072234
 30
0.0
 11
501.999168
 21
0.158105
 31
0.0
  0
LINE
  5
2DB
330
17
100
AcDbEntity
  8
CORTE
100
AcDbLine
 10
501.998682
 20
0.158682
 30
0.0
 11
501.9988034087965
 21
0.15853785828072234
 31
0.0
  0
LINE
  5
2DC
330
17
100
AcDbEntity
  8
CORTE
100
AcDbLine
 10
494.00175085828073
 20
0.0009526586088183964
 30
0.0
 11
494.001318
 21
0.001318
 31
0.0
  0
LINE
  5
2DD
330
17
100
AcDbEntity
  8
CORTE
100
AcDbLine
 10
494.00175085828073
 20
0.0009526586088183964
 30
0.0
 11
494.001895
 21
0.000831
 31
0.0
  0
LINE
  5
2DE
330
17
100
AcDbEntity
  8
CORTE
100
AcDbLine
 10
494.0038484886707
 20
0.00020759405324042587
 30
0.0
 11
494.001895
 21
0.000831
 31
0.0
  0
LINE
  5
2DF
330
17
100
AcDbEntity
  8
CORTE
100
AcDbLine
 10
494.0038484886707
 20
0.0002075940532404258
 30
0.0
 11
494.004499
 21
0.0
 31
0.0
  0
LINE
  5
2E0
330
17
100
AcDbEntity
  8
CORTE
100
AcDbLine
 10
499.9992501039322
 20
0.0
 30
0.0
 11
494.004499
 21
0.0
 31
0.0
  0
LINE
  5
2E1
330
17
100
AcDbEntity
  8
CORTE
100
AcDbLine
 10
499.9992501039322
 20
0.0
 30
0.0
 11
500.80902451216105
 21
0.0
 31
0.0
  0
LINE
  5
2E2
330
17
100
AcDbEntity
  8
CORTE
100
AcDbLine
 10
501.77589188536757
 20
0.0
 30
0.0
 11
500.80902451216105
 21
0.0
 31
0.0
  0
LINE
  5
2E3
330
17
100
AcDbEntity
  8
CORTE
100
AcDbLine
 10
501.77589188536757
 20
0.0
 30
0.0
 11
501.995501
 21
0.0
 31
0.0
  0
LINE
  5
2E4
330
17
100
AcDbEntity
  8
CORTE
100
AcDbLine
 10
501.99745373848305
 20
0.0006234059467595742
 30
0.0
 11
501.995501
 21
0.0
 31
0.0
  0
LINE
  5
2E5
330
17
100
AcDbEntity
  8
CORTE
100
AcDbLine
 10
501.99745373848305
 20
0.0006234059467595742
 30
0.0
 11
501.998104
 21
0.000831
 31
0.0
  0
LINE
  5
2E6
330
17
100
AcDbEntity
  8
CORTE
100
AcDbLine
 10
501.9985376084684
 20
0.0011963413911816037
 30
0.0
 11
501.998104
 21
0.000831
 31
0.0
  0
LINE
  5
2E7
330
17
100
AcDbEntity
  8
CORTE
100
AcDbLine
 10
501.9985376084684
 20
0.0011963413911816037
 30
0.0
 11
501.998682
 21
0.001318
 31
0.0
  0
LINE
  5
2E8
330
17
100
AcDbEntity
  8
CORTE
100
AcDbLine
 10
494.001318
 20
0.158682
 30
0.0
 11
494.00175085828073
 21
0.1590473413911816
 31
0.0
  0
LINE
  5
2E9
330
17
100
AcDbEntity
  8
CORTE
100
AcDbLine
 10
494.001895
 20
0.159169
 30
0.0
 11
494.00175085828073
 21
0.1590473413911816
 31
0.0
  0
LINE
  5
2EA
330
17
100
AcDbEntity
  8
CORTE
100
AcDbLine
 10
494.001895
 20
0.159169
 30
0.0
 11
494.0038484886707
 21
0.15979240594675959
 31
0.0
  0
LINE
  5
2EB
330
17
100
AcDbEntity
  8
CORTE
100
AcDbLine
 10
494.004499
 20
0.16
 30
0.0
 11
494.0038484886707
 21
0.15979240594675959
 31
0.0
  0
LINE
  5
2EC
330
17
100
AcDbEntity
  8
CORTE
100
AcDbLine
 10
494.004499
 20
0.16
 30
0.0
 11
499.9992493277672
 21
0.16
 31
0.0
  0
LINE
  5
2ED
330
17
100
AcDbEntity
  8
CORTE
100
AcDbLine
 10
501.995501
 20
0.16
 30
0.0
 11
501.6102065774747
 21
0.16
 31
0.0
  0
LINE
  5
2EE
330
17
100
AcDbEntity
  8
CORTE
100
AcDbLine
 10
501.6102065774747
 20
0.16
 30
0.0
 11
500.80902451216105
 21
0.16
 31
0.0
  0
LINE
  5
2EF
330
17
100
AcDbEntity
  8
CORTE
100
AcDbLine
 10
500.80902451216105
 20
0.16
 30
0.0
 11
499.9992493277672
 21
0.16
 31
0.0
  0
LINE
  5
2F0
330
17
100
AcDbEntity
  8
CORTE
100
AcDbLine
 10
501.995501
 20
0.16
 30
0.0
 11
501.99745373848305
 21
0.15937659405324042
 31
0.0
  0
LINE
  5
2F1
330
17
100
AcDbEntity
  8
CORTE
100
AcDbLine
 10
501.998104
 20
0.159169
 30
0.0
 11
501.99745373848305
 21
0.15937659405324042
 31
0.0
  0
LINE
  5
2F2
330
17
100
AcDbEntity
  8
CORTE
100
AcDbLine
 10
501.998104
 20
0.159169
 30
0.0
 11
501.9985376084684
 21
0.1588036586088184
 31
0.0
  0
LINE
  5
2F3
330
17
100
AcDbEntity
  8
CORTE
100
AcDbLine
 10
501.998682
 20
0.158682
 30
0.0
 11
501.9985376084684
 21
0.1588036586088184
 31
0.0
  0
LINE
  5
2F4
330
17
100
AcDbEntity
  8
CORTE
100
AcDbLine
 10
494.001318
 20
0.001318
 30
0.0
 11
494.001075
 21
0.0016064999999999999
 31
0.0
  0
LINE
  5
2F5
330
17
100
AcDbEntity
  8
CORTE
100
AcDbLine
 10
494.001075
 20
0.0016064999999999999
 30
0.0
 11
494.000832
 21
0.001895
 31
0.0
  0
LINE
  5
2F6
330
17
100
AcDbEntity
  8
CORTE
100
AcDbLine
 10
494.000832
 20
0.001895
 30
0.0
 11
494.000416
 21
0.0031975
 31
0.0
  0
LINE
  5
2F7
330
17
100
AcDbEntity
  8
CORTE
100
AcDbLine
 10
494.000416
 20
0.0031975
 30
0.0
 11
494.0
 21
0.0045
 31
0.0
  0
LINE
  5
2F8
330
17
100
AcDbEntity
  8
CORTE
100
AcDbLine
 10
494.0
 20
0.0045
 30
0.0
 11
494.0
 21
1.4999999999999998
 31
0.0
  0
LINE
  5
2F9
330
17
100
AcDbEntity
  8
CORTE
100
AcDbLine
 10
494.0
 20
1.5
 30
0.0
 11
494.0
 21
2.9955
 31
0.0
  0
LINE
  5
2FA
330
17
100
AcDbEntity
  8
CORTE
100
AcDbLine
 10
494.0
 20
2.9955
 30
0.0
 11
494.000416
 21
2.9968025
 31
0.0
  0
LINE
  5
2FB
330
17
100
AcDbEntity
  8
CORTE
100
AcDbLine
 10
494.000416
 20
2.9968025
 30
0.0
 11
494.000832
 21
2.998105
 31
0.0
  0
LINE
  5
2FC
330
17
100
AcDbEntity
  8
CORTE
100
AcDbLine
 10
494.000832
 20
2.998105
 30
0.0
 11
494.001075
 21
2.9983934999999997
 31
0.0
  0
LINE
  5
2FD
330
17
100
AcDbEntity
  8
CORTE
100
AcDbLine
 10
494.001075
 20
2.9983934999999997
 30
0.0
 11
494.001318
 21
2.998682
 31
0.0
  0
LINE
  5
2FE
330
17
100
AcDbEntity
  8
CORTE
100
AcDbLine
 10
494.19892600000003
 20
0.0016064999999999999
 30
0.0
 11
494.198683
 21
0.001318
 31
0.0
  0
LINE
  5
2FF
330
17
100
AcDbEntity
  8
CORTE
100
AcDbLine
 10
494.199169
 20
0.001895
 30
0.0
 11
494.19892600000003
 21
0.0016064999999999999
 31
0.0
  0
LINE
  5
300
330
17
100
AcDbEntity
  8
CORTE
100
AcDbLine
 10
494.199585
 20
0.0031975
 30
0.0
 11
494.199169
 21
0.001895
 31
0.0
  0
LINE
  5
301
330
17
100
AcDbEntity
  8
CORTE
100
AcDbLine
 10
494.200001
 20
0.0045
 30
0.0
 11
494.199585
 21
0.0031975
 31
0.0
  0
LINE
  5
302
330
17
100
AcDbEntity
  8
CORTE
100
AcDbLine
 10
494.200001
 20
1.5
 30
0.0
 11
494.200001
 21
1.4999999999999998
 31
0.0
  0
LINE
  5
303
330
17
100
AcDbEntity
  8
CORTE
100
AcDbLine
 10
494.200001
 20
1.4999999999999998
 30
0.0
 11
494.200001
 21
0.0045
 31
0.0
  0
LINE
  5
304
330
17
100
AcDbEntity
  8
CORTE
100
AcDbLine
 10
494.200001
 20
2.9955
 30
0.0
 11
494.200001
 21
1.5
 31
0.0
  0
LINE
  5
305
330
17
100
AcDbEntity
  8
CORTE
100
AcDbLine
 10
494.199585
 20
2.9968025
 30
0.0
 11
494.200001
 21
2.9955
 31
0.0
  0
LINE
  5
306
330
17
100
AcDbEntity
  8
CORTE
100
AcDbLine
 10
494.199169
 20
2.998105
 30
0.0
 11
494.199585
 21
2.9968025
 31
0.0
  0
LINE
  5
307
330
17
100
AcDbEntity
  8
CORTE
100
AcDbLine
 10
494.19892600000003
 20
2.9983934999999997
 30
0.0
 11
494.199169
 21
2.998105
 31
0.0
  0
LINE
  5
308
330
17
100
AcDbEntity
  8
CORTE
100
AcDbLine
 10
494.198683
 20
2.998682
 30
0.0
 11
494.19892600000003
 21
2.9983934999999997
 31
0.0
  0
LINE
  5
309
330
17
100
AcDbEntity
  8
CORTE
100
AcDbLine
 10
494.0016065
 20
0.0010745
 30
0.0
 11
494.001318
 21
0.001318
 31
0.0
  0
LINE
  5
30A
330
17
100
AcDbEntity
  8
CORTE
100
AcDbLine
 10
494.0016065
 20
0.0010745
 30
0.0
 11
494.001895
 21
0.000831
 31
0.0
  0
LINE
  5
30B
330
17
100
AcDbEntity
  8
CORTE
100
AcDbLine
 10
494.0031975
 20
0.0004155
 30
0.0
 11
494.001895
 21
0.000831
 31
0.0
  0
LINE
  5
30C
330
17
100
AcDbEntity
  8
CORTE
100
AcDbLine
 10
494.0031975
 20
0.0004155
 30
0.0
 11
494.0045
 21
0.0
 31
0.0
  0
LINE
  5
30D
330
17
100
AcDbEntity
  8
CORTE
100
AcDbLine
 10
494.1
 20
0.0
 30
0.0
 11
494.0045
 21
0.0
 31
0.0
  0
LINE
  5
30E
330
17
100
AcDbEntity
  8
CORTE
100
AcDbLine
 10
494.1
 20
0.0
 30
0.0
 11
494.1955
 21
0.0
 31
0.0
  0
LINE
  5
30F
330
17
100
AcDbEntity
  8
CORTE
100
AcDbLine
 10
494.196803
 20
0.0004155
 30
0.0
 11
494.1955
 21
0.0
 31
0.0
  0
LINE
  5
310
330
17
100
AcDbEntity
  8
CORTE
100
AcDbLine
 10
494.196803
 20
0.0004155
 30
0.0
 11
494.198106
 21
0.000831
 31
0.0
  0
LINE
  5
311
330
17
100
AcDbEntity
  8
CORTE
100
AcDbLine
 10
494.1983945
 20
0.0010745
 30
0.0
 11
494.198106
 21
0.000831
 31
0.0
  0
LINE
  5
312
330
17
100
AcDbEntity
  8
CORTE
100
AcDbLine
 10
494.1983945
 20
0.0010745
 30
0.0
 11
494.198683
 21
0.001318
 31
0.0
  0
LINE
  5
313
330
17
100
AcDbEntity
  8
CORTE
100
AcDbLine
 10
494.001318
 20
2.998682
 30
0.0
 11
494.0016065
 21
2.9989255000000004
 31
0.0
  0
LINE
  5
314
330
17
100
AcDbEntity
  8
CORTE
100
AcDbLine
 10
494.001895
 20
2.999169
 30
0.0
 11
494.0016065
 21
2.9989255000000004
 31
0.0
  0
LINE
  5
315
330
17
100
AcDbEntity
  8
CORTE
100
AcDbLine
 10
494.001895
 20
2.999169
 30
0.0
 11
494.0031975
 21
2.9995845
 31
0.0
  0
LINE
  5
316
330
17
100
AcDbEntity
  8
CORTE
100
AcDbLine
 10
494.0045
 20
3.0
 30
0.0
 11
494.0031975
 21
2.9995845
 31
0.0
  0
LINE
  5
317
330
17
100
AcDbEntity
  8
CORTE
100
AcDbLine
 10
494.0045
 20
3.0
 30
0.0
 11
494.1
 21
3.0
 31
0.0
  0
LINE
  5
318
330
17
100
AcDbEntity
  8
CORTE
100
AcDbLine
 10
494.1955
 20
3.0
 30
0.0
 11
494.1
 21
3.0
 31
0.0
  0
LINE
  5
319
330
17
100
AcDbEntity
  8
CORTE
100
AcDbLine
 10
494.1955
 20
3.0
 30
0.0
 11
494.196803
 21
2.9995845
 31
0.0
  0
LINE
  5
31A
330
17
100
AcDbEntity
  8
CORTE
100
AcDbLine
 10
494.198106
 20
2.999169
 30
0.0
 11
494.196803
 21
2.9995845
 31
0.0
  0
LINE
  5
31B
330
17
100
AcDbEntity
  8
CORTE
100
AcDbLine
 10
494.198106
 20
2.999169
 30
0.0
 11
494.1983945
 21
2.9989255000000004
 31
0.0
  0
LINE
  5
31C
330
17
100
AcDbEntity
  8
CORTE
100
AcDbLine
 10
494.198683
 20
2.998682
 30
0.0
 11
494.1983945
 21
2.9989255000000004
 31
0.0
  0
LINE
  5
31D
330
17
100
AcDbEntity
  8
CORTE
100
AcDbLine
 10
501.801317
 20
0.001318
 30
0.0
 11
501.8009524087965
 21
0.0017508582807223517
 31
0.0
  0
LINE
  5
31E
330
17
100
AcDbEntity
  8
CORTE
100
AcDbLine
 10
501.8009524087965
 20
0.0017508582807223517
 30
0.0
 11
501.800831
 21
0.001895
 31
0.0
  0
LINE
  5
31F
330
17
100
AcDbEntity
  8
CORTE
100
AcDbLine
 10
501.800831
 20
0.001895
 30
0.0
 11
501.80020684386557
 21
0.0038492388583738755
 31
0.0
  0
LINE
  5
320
330
17
100
AcDbEntity
  8
CORTE
100
AcDbLine
 10
501.80020684386557
 20
0.003849238858373875
 30
0.0
 11
501.799999
 21
0.0045
 31
0.0
  0
LINE
  5
321
330
17
100
AcDbEntity
  8
CORTE
100
AcDbLine
 10
501.799999
 20
0.13237141870900934
 30
0.0
 11
501.799999
 21
0.36
 31
0.0
  0
LINE
  5
322
330
17
100
AcDbEntity
  8
CORTE
100
AcDbLine
 10
501.799999
 20
1.1787605700712587
 30
0.0
 11
501.799999
 21
0.36
 31
0.0
  0
LINE
  5
323
330
17
100
AcDbEntity
  8
CORTE
100
AcDbLine
 10
501.799999
 20
2.9955
 30
0.0
 11
501.799999
 21
2.248311052729484
 31
0.0
  0
LINE
  5
324
330
17
100
AcDbEntity
  8
CORTE
100
AcDbLine
 10
501.799999
 20
2.9955
 30
0.0
 11
501.8006231561344
 21
2.997454238858374
 31
0.0
  0
LINE
  5
325
330
17
100
AcDbEntity
  8
CORTE
100
AcDbLine
 10
501.8006231561344
 20
2.997454238858374
 30
0.0
 11
501.800831
 21
2.998105
 31
0.0
  0
LINE
  5
326
330
17
100
AcDbEntity
  8
CORTE
100
AcDbLine
 10
501.800831
 20
2.998105
 30
0.0
 11
501.8011955912035
 21
2.9985378582807223
 31
0.0
  0
LINE
  5
327
330
17
100
AcDbEntity
  8
CORTE
100
AcDbLine
 10
501.8011955912035
 20
2.9985378582807223
 30
0.0
 11
501.801317
 21
2.998682
 31
0.0
  0
LINE
  5
328
330
17
100
AcDbEntity
  8
CORTE
100
AcDbLine
 10
501.9990465912035
 20
0.0017508582807223517
 30
0.0
 11
501.998682
 21
0.001318
 31
0.0
  0
LINE
  5
329
330
17
100
AcDbEntity
  8
CORTE
100
AcDbLine
 10
501.999168
 20
0.001895
 30
0.0
 11
501.9990465912035
 21
0.0017508582807223517
 31
0.0
  0
LINE
  5
32A
330
17
100
AcDbEntity
  8
CORTE
100
AcDbLine
 10
501.99979215613445
 20
0.003849238858373875
 30
0.0
 11
501.999168
 21
0.001895
 31
0.0
  0
LINE
  5
32B
330
17
100
AcDbEntity
  8
CORTE
100
AcDbLine
 10
502.0
 20
0.0045
 30
0.0
 11
501.99979215613445
 21
0.0038492388583738755
 31
0.0
  0
LINE
  5
32C
330
17
100
AcDbEntity
  8
CORTE
100
AcDbLine
 10
502.0
 20
2.2483112957375284
 30
0.0
 11
502.0
 21
0.0045
 31
0.0
  0
LINE
  5
32D
330
17
100
AcDbEntity
  8
CORTE
100
AcDbLine
 10
502.0
 20
2.9955
 30
0.0
 11
502.0
 21
2.248311295737529
 31
0.0
  0
LINE
  5
32E
330
17
100
AcDbEntity
  8
CORTE
100
AcDbLine
 10
501.99937584386555
 20
2.997454238858374
 30
0.0
 11
502.0
 21
2.9955
 31
0.0
  0
LINE
  5
32F
330
17
100
AcDbEntity
  8
CORTE
100
AcDbLine
 10
501.999168
 20
2.998105
 30
0.0
 11
501.99937584386555
 21
2.997454238858374
 31
0.0
  0
LINE
  5
330
330
17
100
AcDbEntity
  8
CORTE
100
AcDbLine
 10
501.9988034087965
 20
2.9985378582807223
 30
0.0
 11
501.999168
 21
2.998105
 31
0.0
  0
LINE
  5
331
330
17
100
AcDbEntity
  8
CORTE
100
AcDbLine
 10
501.998682
 20
2.998682
 30
0.0
 11
501.9988034087965
 21
2.9985378582807223
 31
0.0
  0
LINE
  5
332
330
17
100
AcDbEntity
  8
CORTE
100
AcDbLine
 10
501.8017506084684
 20
0.0009526586088183964
 30
0.0
 11
501.801317
 21
0.001318
 31
0.0
  0
LINE
  5
333
330
17
100
AcDbEntity
  8
CORTE
100
AcDbLine
 10
501.8017506084684
 20
0.0009526586088183964
 30
0.0
 11
501.801895
 21
0.000831
 31
0.0
  0
LINE
  5
334
330
17
100
AcDbEntity
  8
CORTE
100
AcDbLine
 10
501.8038484886707
 20
0.00020759405324042587
 30
0.0
 11
501.801895
 21
0.000831
 31
0.0
  0
LINE
  5
335
330
17
100
AcDbEntity
  8
CORTE
100
AcDbLine
 10
501.8038484886707
 20
0.0002075940532404258
 30
0.0
 11
501.804499
 21
0.0
 31
0.0
  0
LINE
  5
336
330
17
100
AcDbEntity
  8
CORTE
100
AcDbLine
 10
501.94778634373404
 20
0.0
 30
0.0
 11
501.804499
 21
0.0
 31
0.0
  0
LINE
  5
337
330
17
100
AcDbEntity
  8
CORTE
100
AcDbLine
 10
501.94778634373404
 20
0.0
 30
0.0
 11
501.995501
 21
0.0
 31
0.0
  0
LINE
  5
338
330
17
100
AcDbEntity
  8
CORTE
100
AcDbLine
 10
501.99745373848305
 20
0.0006234059467595742
 30
0.0
 11
501.995501
 21
0.0
 31
0.0
  0
LINE
  5
339
330
17
100
AcDbEntity
  8
CORTE
100
AcDbLine
 10
501.99745373848305
 20
0.0006234059467595742
 30
0.0
 11
501.998104
 21
0.000831
 31
0.0
  0
LINE
  5
33A
330
17
100
AcDbEntity
  8
CORTE
100
AcDbLine
 10
501.9985376084684
 20
0.0011963413911816037
 30
0.0
 11
501.998104
 21
0.000831
 31
0.0
  0
LINE
  5
33B
330
17
100
AcDbEntity
  8
CORTE
100
AcDbLine
 10
501.9985376084684
 20
0.0011963413911816037
 30
0.0
 11
501.998682
 21
0.001318
 31
0.0
  0
LINE
  5
33C
330
17
100
AcDbEntity
  8
CORTE
100
AcDbLine
 10
501.801317
 20
2.998682
 30
0.0
 11
501.8017506084684
 21
2.9990473413911816
 31
0.0
  0
LINE
  5
33D
330
17
100
AcDbEntity
  8
CORTE
100
AcDbLine
 10
501.801895
 20
2.999169
 30
0.0
 11
501.8017506084684
 21
2.9990473413911816
 31
0.0
  0
LINE
  5
33E
330
17
100
AcDbEntity
  8
CORTE
100
AcDbLine
 10
501.801895
 20
2.999169
 30
0.0
 11
501.8038484886707
 21
2.9997924059467596
 31
0.0
  0
LINE
  5
33F
330
17
100
AcDbEntity
  8
CORTE
100
AcDbLine
 10
501.804499
 20
3.0
 30
0.0
 11
501.8038484886707
 21
2.9997924059467596
 31
0.0
  0
LINE
  5
340
330
17
100
AcDbEntity
  8
CORTE
100
AcDbLine
 10
501.804499
 20
3.0
 30
0.0
 11
501.94778634373404
 21
3.0
 31
0.0
  0
LINE
  5
341
330
17
100
AcDbEntity
  8
CORTE
100
AcDbLine
 10
501.995501
 20
3.0
 30
0.0
 11
501.94778634373404
 21
3.0
 31
0.0
  0
LINE
  5
342
330
17
100
AcDbEntity
  8
CORTE
100
AcDbLine
 10
501.995501
 20
3.0
 30
0.0
 11
501.99745373848305
 21
2.9993765940532406
 31
0.0
  0
LINE
  5
343
330
17
100
AcDbEntity
  8
CORTE
100
AcDbLine
 10
501.998104
 20
2.999169
 30
0.0
 11
501.99745373848305
 21
2.9993765940532406
 31
0.0
  0
LINE
  5
344
330
17
100
AcDbEntity
  8
CORTE
100
AcDbLine
 10
501.998104
 20
2.999169
 30
0.0
 11
501.9985376084684
 21
2.9988036586088187
 31
0.0
  0
LINE
  5
345
330
17
100
AcDbEntity
  8
CORTE
100
AcDbLine
 10
501.998682
 20
2.998682
 30
0.0
 11
501.9985376084684
 21
2.9988036586088187
 31
0.0
  0
LWPOLYLINE
  5
346
330
17
100
AcDbEntity
  8
VISTA
100
AcDbPolyline
 90
41
 70
1
 10
498.6858020224404
 20
0.9255006423562412
 10
498.685644
 20
0.925573
 10
498.6852666381487
 20
0.9260333113604488
 10
498.684998
 20
0.926361
 10
498.684998
 20
0.9452162412342217
 10
498.684998
 20
0.958639
 10
498.68537536185136
 20
0.9590993113604488
 10
498.685644
 20
0.959427
 10
498.6858659775596
 20
0.9595286423562412
 10
498.686024
 20
0.959601
 10
498.68628569985975
 20
0.9596874544179523
 10
498.686472
 20
0.959749
 10
498.68765549088357
 20
0.9598956220196353
 10
498.688498
 20
0.96
 10
499.35618371739133
 20
0.96
 10
499.831499
 20
0.96
 10
499.8326824908836
 20
0.9598533779803646
 10
499.833525
 20
0.959749
 10
499.83378669985973
 20
0.9596625455820477
 10
499.833973
 20
0.959601
 10
499.8341306065919
 20
0.9595286423562412
 10
499.834352
 20
0.959427
 10
499.8346210539972
 20
0.9590993113604488
 10
499.834999
 20
0.958639
 10
499.834999
 20
0.9452162412342217
 10
499.834999
 20
0.926361
 10
499.8347299460028
 20
0.9260333113604488
 10
499.834352
 20
0.925573
 10
499.83419439340815
 20
0.9255006423562412
 10
499.833973
 20
0.925399
 10
499.83378669985973
 20
0.9253374544179523
 10
499.833525
 20
0.925251
 10
499.8326824908836
 20
0.9251466220196354
 10
499.831499
 20
0.925
 10
499.35618371739133
 20
0.925
 10
498.688498
 20
0.925
 10
498.68765549088357
 20
0.9251043779803647
 10
498.686472
 20
0.925251
 10
498.68628569985975
 20
0.9253125455820477
 10
498.686024
 20
0.925399
 10
498.6858020224404
 20
0.9255006423562412
  0
LWPOLYLINE
  5
347
330
17
100
AcDbEntity
  8
VISTA
100
AcDbPolyline
 90
13
 70
1
 10
498.765499
 20
0.853
 10
498.765499
 20
0.923
 10
498.76608699999997
 20
0.924414
 10
498.7675
 20
0.925
 10
498.7885
 20
0.925
 10
498.789913
 20
0.924414
 10
498.790501
 20
0.923
 10
498.790501
 20
0.853
 10
498.789913
 20
0.851586
 10
498.7885
 20
0.851
 10
498.7675
 20
0.851
 10
498.76608699999997
 20
0.851586
 10
498.765499
 20
0.853
  0
LWPOLYLINE
  5
348
330
17
100
AcDbEntity
  8
VISTA
100
AcDbPolyline
 90
13
 70
1
 10
499.730499
 20
0.853
 10
499.730499
 20
0.923
 10
499.731087
 20
0.924414
 10
499.7325
 20
0.925
 10
499.7535
 20
0.925
 10
499.754913
 20
0.924414
 10
499.755501
 20
0.923
 10
499.755501
 20
0.853
 10
499.754913
 20
0.851586
 10
499.7535
 20
0.851
 10
499.7325
 20
0.851
 10
499.731087
 20
0.851586
 10
499.730499
 20
0.853
  0
LWPOLYLINE
  5
349
330
17
100
AcDbEntity
  8
VISTA
100
AcDbPolyline
 90
21
 70
1
 10
496.129999
 20
0.836
 10
496.129999
 20
0.854
 10
496.130455
 20
0.856296
 10
496.131756
 20
0.858243
 10
496.133703
 20
0.859543
 10
496.136
 20
0.86
 10
496.504
 20
0.86
 10
496.506296
 20
0.859543
 10
496.508244
 20
0.858243
 10
496.509544
 20
0.856296
 10
496.51
 20
0.854
 10
496.51
 20
0.836
 10
496.509544
 20
0.833704
 10
496.508244
 20
0.831757
 10
496.506296
 20
0.830457
 10
496.504
 20
0.83
 10
496.136
 20
0.83
 10
496.133703
 20
0.830457
 10
496.131756
 20
0.831757
 10
496.130455
 20
0.833704
 10
496.129999
 20
0.836
  0
LWPOLYLINE
  5
34A
330
17
100
AcDbEntity
  8
VISTA
100
AcDbPolyline
 90
21
 70
1
 10
496.158499
 20
0.771
 10
496.158499
 20
0.829
 10
496.158575
 20
0.829383
 10
496.158792
 20
0.829707
 10
496.159117
 20
0.829924
 10
496.1595
 20
0.83
 10
496.175499
 20
0.83
 10
496.175882
 20
0.829924
 10
496.176207
 20
0.829707
 10
496.176424
 20
0.829383
 10
496.1765
 20
0.829
 10
496.1765
 20
0.771
 10
496.176424
 20
0.770617
 10
496.176207
 20
0.770293
 10
496.175882
 20
0.770076
 10
496.175499
 20
0.77
 10
496.1595
 20
0.77
 10
496.159117
 20
0.770076
 10
496.158792
 20
0.770293
 10
496.158575
 20
0.770617
 10
496.158499
 20
0.771
  0
LWPOLYLINE
  5
34B
330
17
100
AcDbEntity
  8
VISTA
100
AcDbPolyline
 90
21
 70
1
 10
496.15
 20
0.3865
 10
496.15
 20
0.4085
 10
496.150114
 20
0.409074
 10
496.150438
 20
0.409561
 10
496.15092500000003
 20
0.409886
 10
496.151499
 20
0.41
 10
496.1835
 20
0.41
 10
496.184074
 20
0.409886
 10
496.184561
 20
0.409561
 10
496.184885
 20
0.409074
 10
496.184999
 20
0.4085
 10
496.184999
 20
0.3865
 10
496.184885
 20
0.385926
 10
496.184561
 20
0.385439
 10
496.184074
 20
0.385114
 10
496.1835
 20
0.385
 10
496.151499
 20
0.385
 10
496.15092500000003
 20
0.385114
 10
496.150438
 20
0.385439
 10
496.150114
 20
0.385926
 10
496.15
 20
0.3865
  0
LWPOLYLINE
  5
34C
330
17
100
AcDbEntity
  8
VISTA
100
AcDbPolyline
 90
21
 70
1
 10
496.463499
 20
0.771
 10
496.463499
 20
0.829
 10
496.463575
 20
0.829383
 10
496.463793
 20
0.829707
 10
496.464117
 20
0.829924
 10
496.4645
 20
0.83
 10
496.480499
 20
0.83
 10
496.480883
 20
0.829924
 10
496.481207
 20
0.829707
 10
496.481424
 20
0.829383
 10
496.481501
 20
0.829
 10
496.481501
 20
0.771
 10
496.481424
 20
0.770617
 10
496.481207
 20
0.770293
 10
496.480883
 20
0.770076
 10
496.480499
 20
0.77
 10
496.4645
 20
0.77
 10
496.464117
 20
0.770076
 10
496.463793
 20
0.770293
 10
496.463575
 20
0.770617
 10
496.463499
 20
0.771
  0
LWPOLYLINE
  5
34D
330
17
100
AcDbEntity
  8
VISTA
100
AcDbPolyline
 90
21
 70
1
 10
496.455
 20
0.3865
 10
496.455
 20
0.4085
 10
496.455114
 20
0.409074
 10
496.455439
 20
0.409561
 10
496.455925
 20
0.409886
 10
496.456499
 20
0.41
 10
496.488501
 20
0.41
 10
496.489075
 20
0.409886
 10
496.489561
 20
0.409561
 10
496.489885
 20
0.409074
 10
496.49
 20
0.4085
 10
496.49
 20
0.3865
 10
496.489885
 20
0.385926
 10
496.489561
 20
0.385439
 10
496.489075
 20
0.385114
 10
496.488501
 20
0.385
 10
496.456499
 20
0.385
 10
496.455925
 20
0.385114
 10
496.455439
 20
0.385439
 10
496.455114
 20
0.385926
 10
496.455
 20
0.3865
  0
LWPOLYLINE
  5
34E
330
17
100
AcDbEntity
  8
VISTA
100
AcDbPolyline
 90
21
 70
1
 10
497.189999
 20
0.836
 10
497.189999
 20
0.854
 10
497.190454
 20
0.856296
 10
497.191755
 20
0.858243
 10
497.193703
 20
0.859543
 10
497.19599900000003
 20
0.86
 10
497.563999
 20
0.86
 10
497.566296
 20
0.859543
 10
497.568243
 20
0.858243
 10
497.569544
 20
0.856296
 10
497.57
 20
0.854
 10
497.57
 20
0.836
 10
497.569544
 20
0.833704
 10
497.568243
 20
0.831757
 10
497.566296
 20
0.830457
 10
497.563999
 20
0.83
 10
497.19599900000003
 20
0.83
 10
497.193703
 20
0.830457
 10
497.191755
 20
0.831757
 10
497.190454
 20
0.833704
 10
497.189999
 20
0.836
  0
LWPOLYLINE
  5
34F
330
17
100
AcDbEntity
  8
VISTA
100
AcDbPolyline
 90
21
 70
1
 10
497.218498
 20
0.771
 10
497.218498
 20
0.829
 10
497.218575
 20
0.829383
 10
497.218792
 20
0.829707
 10
497.219116
 20
0.829924
 10
497.2195
 20
0.83
 10
497.235498
 20
0.83
 10
497.235882
 20
0.829924
 10
497.236206
 20
0.829707
 10
497.236423
 20
0.829383
 10
497.2365
 20
0.829
 10
497.2365
 20
0.771
 10
497.236423
 20
0.770617
 10
497.236206
 20
0.770293
 10
497.235882
 20
0.770076
 10
497.235498
 20
0.77
 10
497.2195
 20
0.77
 10
497.219116
 20
0.770076
 10
497.218792
 20
0.770293
 10
497.218575
 20
0.770617
 10
497.218498
 20
0.771
  0
LWPOLYLINE
  5
350
330
17
100
AcDbEntity
  8
VISTA
100
AcDbPolyline
 90
21
 70
1
 10
497.209999
 20
0.3865
 10
497.209999
 20
0.4085
 10
497.210114
 20
0.409074
 10
497.210438
 20
0.409561
 10
497.210924
 20
0.409886
 10
497.211498
 20
0.41
 10
497.2435
 20
0.41
 10
497.244074
 20
0.409886
 10
497.24456
 20
0.409561
 10
497.244884
 20
0.409074
 10
497.244999
 20
0.4085
 10
497.244999
 20
0.3865
 10
497.244884
 20
0.385926
 10
497.24456
 20
0.385439
 10
497.244074
 20
0.385114
 10
497.2435
 20
0.385
 10
497.211498
 20
0.385
 10
497.210924
 20
0.385114
 10
497.210438
 20
0.385439
 10
497.210114
 20
0.385926
 10
497.209999
 20
0.3865
  0
LWPOLYLINE
  5
351
330
17
100
AcDbEntity
  8
VISTA
100
AcDbPolyline
 90
21
 70
1
 10
497.523499
 20
0.771
 10
497.523499
 20
0.829
 10
497.523575
 20
0.829383
 10
497.523792
 20
0.829707
 10
497.524117
 20
0.829924
 10
497.5245
 20
0.83
 10
497.540499
 20
0.83
 10
497.540882
 20
0.829924
 10
497.541206
 20
0.829707
 10
497.541424
 20
0.829383
 10
497.5415
 20
0.829
 10
497.5415
 20
0.771
 10
497.541424
 20
0.770617
 10
497.541206
 20
0.770293
 10
497.540882
 20
0.770076
 10
497.540499
 20
0.77
 10
497.5245
 20
0.77
 10
497.524117
 20
0.770076
 10
497.523792
 20
0.770293
 10
497.523575
 20
0.770617
 10
497.523499
 20
0.771
  0
LWPOLYLINE
  5
352
330
17
100
AcDbEntity
  8
VISTA
100
AcDbPolyline
 90
21
 70
1
 10
497.514999
 20
0.3865
 10
497.514999
 20
0.4085
 10
497.515114
 20
0.409074
 10
497.515438
 20
0.409561
 10
497.515924
 20
0.409886
 10
497.516499
 20
0.41
 10
497.5485
 20
0.41
 10
497.549074
 20
0.409886
 10
497.549561
 20
0.409561
 10
497.549885
 20
0.409074
 10
497.549999
 20
0.4085
 10
497.549999
 20
0.3865
 10
497.549885
 20
0.385926
 10
497.549561
 20
0.385439
 10
497.549074
 20
0.385114
 10
497.5485
 20
0.385
 10
497.516499
 20
0.385
 10
497.515924
 20
0.385114
 10
497.515438
 20
0.385439
 10
497.515114
 20
0.385926
 10
497.514999
 20
0.3865
  0
LWPOLYLINE
  5
353
330
17
100
AcDbEntity
  8
CORTE
100
AcDbPolyline
 90
7
 70
1
 10
494.0
 20
3.2
 10
501.70402525651144
 20
3.2
 10
502.0
 20
3.2
 10
502.0
 20
3.0
 10
501.70402525651144
 20
3.0
 10
494.0
 20
3.0
 10
494.0
 20
3.2
  0
LWPOLYLINE
  5
354
330
17
100
AcDbEntity
  8
CORTE
100
AcDbPolyline
 90
7
 70
1
 10
493.7
 20
7.605915799732396
 10
501.8202199137782
 20
7.6059163531176095
 10
502.299999
 20
7.605915799732396
 10
502.299999
 20
7.605102898153973
 10
501.82022883925225
 20
7.605102993567349
 10
493.7
 20
7.605102898153973
 10
493.7
 20
7.605915799732396
  0
LINE
  5
355
330
17
100
AcDbEntity
  8
VISTA
100
AcDbLine
 10
493.7205
 20
7.605933725056581
 30
0.0
 11
493.721086
 21
7.604495475235018
 31
0.0
  0
LINE
  5
356
330
17
100
AcDbEntity
  8
VISTA
100
AcDbLine
 10
493.721086
 20
7.604495475235018
 30
0.0
 11
493.7225
 21
7.603899633386
 31
0.0
  0
LINE
  5
357
330
17
100
AcDbEntity
  8
VISTA
100
AcDbLine
 10
493.737499
 20
7.603899633386
 30
0.0
 11
493.738914
 21
7.604495566872531
 31
0.0
  0
LINE
  5
358
330
17
100
AcDbEntity
  8
VISTA
100
AcDbLine
 10
493.738914
 20
7.604495566872531
 30
0.0
 11
493.739499
 21
7.60593372505658
 31
0.0
  0
LINE
  5
359
330
17
100
AcDbEntity
  8
VISTA
100
AcDbLine
 10
493.7225
 20
7.616100366614
 30
0.0
 11
493.721086
 21
7.615504433444184
 31
0.0
  0
LINE
  5
35A
330
17
100
AcDbEntity
  8
VISTA
100
AcDbLine
 10
493.721086
 20
7.615504433444184
 30
0.0
 11
493.7205
 21
7.614066775060484
 31
0.0
  0
LINE
  5
35B
330
17
100
AcDbEntity
  8
VISTA
100
AcDbLine
 10
493.739499
 20
7.614066775060484
 30
0.0
 11
493.738914
 21
7.61550452508186
 31
0.0
  0
LINE
  5
35C
330
17
100
AcDbEntity
  8
VISTA
100
AcDbLine
 10
493.738914
 20
7.61550452508186
 30
0.0
 11
493.737499
 21
7.616100366614
 31
0.0
  0
LINE
  5
35D
330
17
100
AcDbEntity
  8
VISTA
100
AcDbLine
 10
493.7205
 20
7.614066775060484
 30
0.0
 11
493.7205
 21
7.605933725056581
 31
0.0
  0
LINE
  5
35E
330
17
100
AcDbEntity
  8
VISTA
100
AcDbLine
 10
493.7205
 20
7.605933725056581
 30
0.0
 11
493.7205
 21
7.60593372505658
 31
0.0
  0
LINE
  5
35F
330
17
100
AcDbEntity
  8
VISTA
100
AcDbLine
 10
493.7225
 20
7.603899633386
 30
0.0
 11
493.737499
 21
7.603899633386
 31
0.0
  0
LINE
  5
360
330
17
100
AcDbEntity
  8
VISTA
100
AcDbLine
 10
493.737499
 20
7.616100366614
 30
0.0
 11
493.7225
 21
7.616100366614
 31
0.0
  0
LINE
  5
361
330
17
100
AcDbEntity
  8
VISTA
100
AcDbLine
 10
493.739499
 20
7.605933725056581
 30
0.0
 11
493.739499
 21
7.614066775060484
 31
0.0
  0
LINE
  5
362
330
17
100
AcDbEntity
  8
VISTA
100
AcDbLine
 10
493.9145
 20
7.605933725056581
 30
0.0
 11
493.915086
 21
7.604495475235018
 31
0.0
  0
LINE
  5
363
330
17
100
AcDbEntity
  8
VISTA
100
AcDbLine
 10
493.915086
 20
7.604495475235018
 30
0.0
 11
493.9165
 21
7.603899633386
 31
0.0
  0
LINE
  5
364
330
17
100
AcDbEntity
  8
VISTA
100
AcDbLine
 10
493.931499
 20
7.603899633386
 30
0.0
 11
493.932914
 21
7.604495566872531
 31
0.0
  0
LINE
  5
365
330
17
100
AcDbEntity
  8
VISTA
100
AcDbLine
 10
493.932914
 20
7.604495566872531
 30
0.0
 11
493.933499
 21
7.60593372505658
 31
0.0
  0
LINE
  5
366
330
17
100
AcDbEntity
  8
VISTA
100
AcDbLine
 10
493.9165
 20
7.616100366614
 30
0.0
 11
493.915086
 21
7.615504433444184
 31
0.0
  0
LINE
  5
367
330
17
100
AcDbEntity
  8
VISTA
100
AcDbLine
 10
493.915086
 20
7.615504433444184
 30
0.0
 11
493.9145
 21
7.614066775060484
 31
0.0
  0
LINE
  5
368
330
17
100
AcDbEntity
  8
VISTA
100
AcDbLine
 10
493.933499
 20
7.614066775060484
 30
0.0
 11
493.932914
 21
7.61550452508186
 31
0.0
  0
LINE
  5
369
330
17
100
AcDbEntity
  8
VISTA
100
AcDbLine
 10
493.932914
 20
7.61550452508186
 30
0.0
 11
493.931499
 21
7.616100366614
 31
0.0
  0
LINE
  5
36A
330
17
100
AcDbEntity
  8
VISTA
100
AcDbLine
 10
493.9145
 20
7.614066775060484
 30
0.0
 11
493.9145
 21
7.605933725056581
 31
0.0
  0
LINE
  5
36B
330
17
100
AcDbEntity
  8
VISTA
100
AcDbLine
 10
493.9145
 20
7.605933725056581
 30
0.0
 11
493.9145
 21
7.60593372505658
 31
0.0
  0
LINE
  5
36C
330
17
100
AcDbEntity
  8
VISTA
100
AcDbLine
 10
493.9165
 20
7.603899633386
 30
0.0
 11
493.931499
 21
7.603899633386
 31
0.0
  0
LINE
  5
36D
330
17
100
AcDbEntity
  8
VISTA
100
AcDbLine
 10
493.931499
 20
7.616100366614
 30
0.0
 11
493.9165
 21
7.616100366614
 31
0.0
  0
LINE
  5
36E
330
17
100
AcDbEntity
  8
VISTA
100
AcDbLine
 10
493.933499
 20
7.605933725056581
 30
0.0
 11
493.933499
 21
7.614066775060484
 31
0.0
  0
LINE
  5
36F
330
17
100
AcDbEntity
  8
VISTA
100
AcDbLine
 10
494.1085
 20
7.605933725056581
 30
0.0
 11
494.109086
 21
7.604495475235018
 31
0.0
  0
LINE
  5
370
330
17
100
AcDbEntity
  8
VISTA
100
AcDbLine
 10
494.109086
 20
7.604495475235018
 30
0.0
 11
494.1105
 21
7.603899633386
 31
0.0
  0
LINE
  5
371
330
17
100
AcDbEntity
  8
VISTA
100
AcDbLine
 10
494.1255
 20
7.603899633386
 30
0.0
 11
494.126914
 21
7.604495566872531
 31
0.0
  0
LINE
  5
372
330
17
100
AcDbEntity
  8
VISTA
100
AcDbLine
 10
494.126914
 20
7.604495566872531
 30
0.0
 11
494.1275
 21
7.60593372505658
 31
0.0
  0
LINE
  5
373
330
17
100
AcDbEntity
  8
VISTA
100
AcDbLine
 10
494.1105
 20
7.616100366614
 30
0.0
 11
494.109086
 21
7.615504433444184
 31
0.0
  0
LINE
  5
374
330
17
100
AcDbEntity
  8
VISTA
100
AcDbLine
 10
494.109086
 20
7.615504433444184
 30
0.0
 11
494.1085
 21
7.614066775060484
 31
0.0
  0
LINE
  5
375
330
17
100
AcDbEntity
  8
VISTA
100
AcDbLine
 10
494.1275
 20
7.614066775060484
 30
0.0
 11
494.126914
 21
7.61550452508186
 31
0.0
  0
LINE
  5
376
330
17
100
AcDbEntity
  8
VISTA
100
AcDbLine
 10
494.126914
 20
7.61550452508186
 30
0.0
 11
494.1255
 21
7.616100366614
 31
0.0
  0
LINE
  5
377
330
17
100
AcDbEntity
  8
VISTA
100
AcDbLine
 10
494.1085
 20
7.614066775060484
 30
0.0
 11
494.1085
 21
7.605933725056581
 31
0.0
  0
LINE
  5
378
330
17
100
AcDbEntity
  8
VISTA
100
AcDbLine
 10
494.1085
 20
7.605933725056581
 30
0.0
 11
494.1085
 21
7.60593372505658
 31
0.0
  0
LINE
  5
379
330
17
100
AcDbEntity
  8
VISTA
100
AcDbLine
 10
494.1105
 20
7.603899633386
 30
0.0
 11
494.1255
 21
7.603899633386
 31
0.0
  0
LINE
  5
37A
330
17
100
AcDbEntity
  8
VISTA
100
AcDbLine
 10
494.1255
 20
7.616100366614
 30
0.0
 11
494.1105
 21
7.616100366614
 31
0.0
  0
LINE
  5
37B
330
17
100
AcDbEntity
  8
VISTA
100
AcDbLine
 10
494.1275
 20
7.605933725056581
 30
0.0
 11
494.1275
 21
7.614066775060484
 31
0.0
  0
LINE
  5
37C
330
17
100
AcDbEntity
  8
VISTA
100
AcDbLine
 10
494.302501
 20
7.605933725056581
 30
0.0
 11
494.303086
 21
7.604495475235018
 31
0.0
  0
LINE
  5
37D
330
17
100
AcDbEntity
  8
VISTA
100
AcDbLine
 10
494.303086
 20
7.604495475235018
 30
0.0
 11
494.304501
 21
7.603899633386
 31
0.0
  0
LINE
  5
37E
330
17
100
AcDbEntity
  8
VISTA
100
AcDbLine
 10
494.3195
 20
7.603899633386
 30
0.0
 11
494.320914
 21
7.604495566872531
 31
0.0
  0
LINE
  5
37F
330
17
100
AcDbEntity
  8
VISTA
100
AcDbLine
 10
494.320914
 20
7.604495566872531
 30
0.0
 11
494.3215
 21
7.60593372505658
 31
0.0
  0
LINE
  5
380
330
17
100
AcDbEntity
  8
VISTA
100
AcDbLine
 10
494.304501
 20
7.616100366614
 30
0.0
 11
494.303086
 21
7.615504433444184
 31
0.0
  0
LINE
  5
381
330
17
100
AcDbEntity
  8
VISTA
100
AcDbLine
 10
494.303086
 20
7.615504433444184
 30
0.0
 11
494.302501
 21
7.614066775060484
 31
0.0
  0
LINE
  5
382
330
17
100
AcDbEntity
  8
VISTA
100
AcDbLine
 10
494.3215
 20
7.614066775060484
 30
0.0
 11
494.320914
 21
7.61550452508186
 31
0.0
  0
LINE
  5
383
330
17
100
AcDbEntity
  8
VISTA
100
AcDbLine
 10
494.320914
 20
7.61550452508186
 30
0.0
 11
494.3195
 21
7.616100366614
 31
0.0
  0
LINE
  5
384
330
17
100
AcDbEntity
  8
VISTA
100
AcDbLine
 10
494.302501
 20
7.614066775060484
 30
0.0
 11
494.302501
 21
7.605933725056581
 31
0.0
  0
LINE
  5
385
330
17
100
AcDbEntity
  8
VISTA
100
AcDbLine
 10
494.302501
 20
7.605933725056581
 30
0.0
 11
494.302501
 21
7.60593372505658
 31
0.0
  0
LINE
  5
386
330
17
100
AcDbEntity
  8
VISTA
100
AcDbLine
 10
494.304501
 20
7.603899633386
 30
0.0
 11
494.3195
 21
7.603899633386
 31
0.0
  0
LINE
  5
387
330
17
100
AcDbEntity
  8
VISTA
100
AcDbLine
 10
494.3195
 20
7.616100366614
 30
0.0
 11
494.304501
 21
7.616100366614
 31
0.0
  0
LINE
  5
388
330
17
100
AcDbEntity
  8
VISTA
100
AcDbLine
 10
494.3215
 20
7.605933725056581
 30
0.0
 11
494.3215
 21
7.614066775060484
 31
0.0
  0
LINE
  5
389
330
17
100
AcDbEntity
  8
VISTA
100
AcDbLine
 10
494.4965
 20
7.605933725056581
 30
0.0
 11
494.497086
 21
7.604495475235018
 31
0.0
  0
LINE
  5
38A
330
17
100
AcDbEntity
  8
VISTA
100
AcDbLine
 10
494.497086
 20
7.604495475235018
 30
0.0
 11
494.4985
 21
7.603899633386
 31
0.0
  0
LINE
  5
38B
330
17
100
AcDbEntity
  8
VISTA
100
AcDbLine
 10
494.513499
 20
7.603899633386
 30
0.0
 11
494.514914
 21
7.604495566872531
 31
0.0
  0
LINE
  5
38C
330
17
100
AcDbEntity
  8
VISTA
100
AcDbLine
 10
494.514914
 20
7.604495566872531
 30
0.0
 11
494.515499
 21
7.60593372505658
 31
0.0
  0
LINE
  5
38D
330
17
100
AcDbEntity
  8
VISTA
100
AcDbLine
 10
494.4985
 20
7.616100366614
 30
0.0
 11
494.497086
 21
7.615504433444184
 31
0.0
  0
LINE
  5
38E
330
17
100
AcDbEntity
  8
VISTA
100
AcDbLine
 10
494.497086
 20
7.615504433444184
 30
0.0
 11
494.4965
 21
7.614066775060484
 31
0.0
  0
LINE
  5
38F
330
17
100
AcDbEntity
  8
VISTA
100
AcDbLine
 10
494.515499
 20
7.614066775060484
 30
0.0
 11
494.514914
 21
7.61550452508186
 31
0.0
  0
LINE
  5
390
330
17
100
AcDbEntity
  8
VISTA
100
AcDbLine
 10
494.514914
 20
7.61550452508186
 30
0.0
 11
494.513499
 21
7.616100366614
 31
0.0
  0
LINE
  5
391
330
17
100
AcDbEntity
  8
VISTA
100
AcDbLine
 10
494.4965
 20
7.614066775060484
 30
0.0
 11
494.4965
 21
7.605933725056581
 31
0.0
  0
LINE
  5
392
330
17
100
AcDbEntity
  8
VISTA
100
AcDbLine
 10
494.4965
 20
7.605933725056581
 30
0.0
 11
494.4965
 21
7.60593372505658
 31
0.0
  0
LINE
  5
393
330
17
100
AcDbEntity
  8
VISTA
100
AcDbLine
 10
494.4985
 20
7.603899633386
 30
0.0
 11
494.513499
 21
7.603899633386
 31
0.0
  0
LINE
  5
394
330
17
100
AcDbEntity
  8
VISTA
100
AcDbLine
 10
494.513499
 20
7.616100366614
 30
0.0
 11
494.4985
 21
7.616100366614
 31
0.0
  0
LINE
  5
395
330
17
100
AcDbEntity
  8
VISTA
100
AcDbLine
 10
494.515499
 20
7.605933725056581
 30
0.0
 11
494.515499
 21
7.614066775060484
 31
0.0
  0
LINE
  5
396
330
17
100
AcDbEntity
  8
VISTA
100
AcDbLine
 10
494.6905
 20
7.605933725056581
 30
0.0
 11
494.691086
 21
7.604495475235018
 31
0.0
  0
LINE
  5
397
330
17
100
AcDbEntity
  8
VISTA
100
AcDbLine
 10
494.691086
 20
7.604495475235018
 30
0.0
 11
494.6925
 21
7.603899633386
 31
0.0
  0
LINE
  5
398
330
17
100
AcDbEntity
  8
VISTA
100
AcDbLine
 10
494.7075
 20
7.603899633386
 30
0.0
 11
494.708914
 21
7.604495566872531
 31
0.0
  0
LINE
  5
399
330
17
100
AcDbEntity
  8
VISTA
100
AcDbLine
 10
494.708914
 20
7.604495566872531
 30
0.0
 11
494.709499
 21
7.60593372505658
 31
0.0
  0
LINE
  5
39A
330
17
100
AcDbEntity
  8
VISTA
100
AcDbLine
 10
494.6925
 20
7.616100366614
 30
0.0
 11
494.691086
 21
7.615504433444184
 31
0.0
  0
LINE
  5
39B
330
17
100
AcDbEntity
  8
VISTA
100
AcDbLine
 10
494.691086
 20
7.615504433444184
 30
0.0
 11
494.6905
 21
7.614066775060484
 31
0.0
  0
LINE
  5
39C
330
17
100
AcDbEntity
  8
VISTA
100
AcDbLine
 10
494.709499
 20
7.614066775060484
 30
0.0
 11
494.708914
 21
7.61550452508186
 31
0.0
  0
LINE
  5
39D
330
17
100
AcDbEntity
  8
VISTA
100
AcDbLine
 10
494.708914
 20
7.61550452508186
 30
0.0
 11
494.7075
 21
7.616100366614
 31
0.0
  0
LINE
  5
39E
330
17
100
AcDbEntity
  8
VISTA
100
AcDbLine
 10
494.6905
 20
7.614066775060484
 30
0.0
 11
494.6905
 21
7.605933725056581
 31
0.0
  0
LINE
  5
39F
330
17
100
AcDbEntity
  8
VISTA
100
AcDbLine
 10
494.6905
 20
7.605933725056581
 30
0.0
 11
494.6905
 21
7.60593372505658
 31
0.0
  0
LINE
  5
3A0
330
17
100
AcDbEntity
  8
VISTA
100
AcDbLine
 10
494.6925
 20
7.603899633386
 30
0.0
 11
494.7075
 21
7.603899633386
 31
0.0
  0
LINE
  5
3A1
330
17
100
AcDbEntity
  8
VISTA
100
AcDbLine
 10
494.7075
 20
7.616100366614
 30
0.0
 11
494.6925
 21
7.616100366614
 31
0.0
  0
LINE
  5
3A2
330
17
100
AcDbEntity
  8
VISTA
100
AcDbLine
 10
494.709499
 20
7.605933725056581
 30
0.0
 11
494.709499
 21
7.614066775060484
 31
0.0
  0
LINE
  5
3A3
330
17
100
AcDbEntity
  8
VISTA
100
AcDbLine
 10
494.884501
 20
7.605933725056581
 30
0.0
 11
494.885086
 21
7.604495475235018
 31
0.0
  0
LINE
  5
3A4
330
17
100
AcDbEntity
  8
VISTA
100
AcDbLine
 10
494.885086
 20
7.604495475235018
 30
0.0
 11
494.8865
 21
7.603899633386
 31
0.0
  0
LINE
  5
3A5
330
17
100
AcDbEntity
  8
VISTA
100
AcDbLine
 10
494.9015
 20
7.603899633386
 30
0.0
 11
494.902914
 21
7.604495566872531
 31
0.0
  0
LINE
  5
3A6
330
17
100
AcDbEntity
  8
VISTA
100
AcDbLine
 10
494.902914
 20
7.604495566872531
 30
0.0
 11
494.9035
 21
7.60593372505658
 31
0.0
  0
LINE
  5
3A7
330
17
100
AcDbEntity
  8
VISTA
100
AcDbLine
 10
494.8865
 20
7.616100366614
 30
0.0
 11
494.885086
 21
7.615504433444184
 31
0.0
  0
LINE
  5
3A8
330
17
100
AcDbEntity
  8
VISTA
100
AcDbLine
 10
494.885086
 20
7.615504433444184
 30
0.0
 11
494.884501
 21
7.614066775060484
 31
0.0
  0
LINE
  5
3A9
330
17
100
AcDbEntity
  8
VISTA
100
AcDbLine
 10
494.9035
 20
7.614066775060484
 30
0.0
 11
494.902914
 21
7.61550452508186
 31
0.0
  0
LINE
  5
3AA
330
17
100
AcDbEntity
  8
VISTA
100
AcDbLine
 10
494.902914
 20
7.61550452508186
 30
0.0
 11
494.9015
 21
7.616100366614
 31
0.0
  0
LINE
  5
3AB
330
17
100
AcDbEntity
  8
VISTA
100
AcDbLine
 10
494.884501
 20
7.614066775060484
 30
0.0
 11
494.884501
 21
7.605933725056581
 31
0.0
  0
LINE
  5
3AC
330
17
100
AcDbEntity
  8
VISTA
100
AcDbLine
 10
494.884501
 20
7.605933725056581
 30
0.0
 11
494.884501
 21
7.60593372505658
 31
0.0
  0
LINE
  5
3AD
330
17
100
AcDbEntity
  8
VISTA
100
AcDbLine
 10
494.8865
 20
7.603899633386
 30
0.0
 11
494.9015
 21
7.603899633386
 31
0.0
  0
LINE
  5
3AE
330
17
100
AcDbEntity
  8
VISTA
100
AcDbLine
 10
494.9015
 20
7.616100366614
 30
0.0
 11
494.8865
 21
7.616100366614
 31
0.0
  0
LINE
  5
3AF
330
17
100
AcDbEntity
  8
VISTA
100
AcDbLine
 10
494.9035
 20
7.605933725056581
 30
0.0
 11
494.9035
 21
7.614066775060484
 31
0.0
  0
LINE
  5
3B0
330
17
100
AcDbEntity
  8
VISTA
100
AcDbLine
 10
495.078501
 20
7.605933725056581
 30
0.0
 11
495.079086
 21
7.604495475235018
 31
0.0
  0
LINE
  5
3B1
330
17
100
AcDbEntity
  8
VISTA
100
AcDbLine
 10
495.079086
 20
7.604495475235018
 30
0.0
 11
495.080501
 21
7.603899633386
 31
0.0
  0
LINE
  5
3B2
330
17
100
AcDbEntity
  8
VISTA
100
AcDbLine
 10
495.0955
 20
7.603899633386
 30
0.0
 11
495.096914
 21
7.604495566872531
 31
0.0
  0
LINE
  5
3B3
330
17
100
AcDbEntity
  8
VISTA
100
AcDbLine
 10
495.096914
 20
7.604495566872531
 30
0.0
 11
495.0975
 21
7.60593372505658
 31
0.0
  0
LINE
  5
3B4
330
17
100
AcDbEntity
  8
VISTA
100
AcDbLine
 10
495.080501
 20
7.616100366614
 30
0.0
 11
495.079086
 21
7.615504433444184
 31
0.0
  0
LINE
  5
3B5
330
17
100
AcDbEntity
  8
VISTA
100
AcDbLine
 10
495.079086
 20
7.615504433444184
 30
0.0
 11
495.078501
 21
7.614066775060484
 31
0.0
  0
LINE
  5
3B6
330
17
100
AcDbEntity
  8
VISTA
100
AcDbLine
 10
495.0975
 20
7.614066775060484
 30
0.0
 11
495.096914
 21
7.61550452508186
 31
0.0
  0
LINE
  5
3B7
330
17
100
AcDbEntity
  8
VISTA
100
AcDbLine
 10
495.096914
 20
7.61550452508186
 30
0.0
 11
495.0955
 21
7.616100366614
 31
0.0
  0
LINE
  5
3B8
330
17
100
AcDbEntity
  8
VISTA
100
AcDbLine
 10
495.078501
 20
7.614066775060484
 30
0.0
 11
495.078501
 21
7.605933725056581
 31
0.0
  0
LINE
  5
3B9
330
17
100
AcDbEntity
  8
VISTA
100
AcDbLine
 10
495.078501
 20
7.605933725056581
 30
0.0
 11
495.078501
 21
7.60593372505658
 31
0.0
  0
LINE
  5
3BA
330
17
100
AcDbEntity
  8
VISTA
100
AcDbLine
 10
495.080501
 20
7.603899633386
 30
0.0
 11
495.0955
 21
7.603899633386
 31
0.0
  0
LINE
  5
3BB
330
17
100
AcDbEntity
  8
VISTA
100
AcDbLine
 10
495.0955
 20
7.616100366614
 30
0.0
 11
495.080501
 21
7.616100366614
 31
0.0
  0
LINE
  5
3BC
330
17
100
AcDbEntity
  8
VISTA
100
AcDbLine
 10
495.0975
 20
7.605933725056581
 30
0.0
 11
495.0975
 21
7.614066775060484
 31
0.0
  0
LINE
  5
3BD
330
17
100
AcDbEntity
  8
VISTA
100
AcDbLine
 10
495.2725
 20
7.605933725056581
 30
0.0
 11
495.273086
 21
7.604495475235018
 31
0.0
  0
LINE
  5
3BE
330
17
100
AcDbEntity
  8
VISTA
100
AcDbLine
 10
495.273086
 20
7.604495475235018
 30
0.0
 11
495.2745
 21
7.603899633386
 31
0.0
  0
LINE
  5
3BF
330
17
100
AcDbEntity
  8
VISTA
100
AcDbLine
 10
495.289499
 20
7.603899633386
 30
0.0
 11
495.290914
 21
7.604495566872531
 31
0.0
  0
LINE
  5
3C0
330
17
100
AcDbEntity
  8
VISTA
100
AcDbLine
 10
495.290914
 20
7.604495566872531
 30
0.0
 11
495.291499
 21
7.60593372505658
 31
0.0
  0
LINE
  5
3C1
330
17
100
AcDbEntity
  8
VISTA
100
AcDbLine
 10
495.2745
 20
7.616100366614
 30
0.0
 11
495.273086
 21
7.615504433444184
 31
0.0
  0
LINE
  5
3C2
330
17
100
AcDbEntity
  8
VISTA
100
AcDbLine
 10
495.273086
 20
7.615504433444184
 30
0.0
 11
495.2725
 21
7.614066775060484
 31
0.0
  0
LINE
  5
3C3
330
17
100
AcDbEntity
  8
VISTA
100
AcDbLine
 10
495.291499
 20
7.614066775060484
 30
0.0
 11
495.290914
 21
7.61550452508186
 31
0.0
  0
LINE
  5
3C4
330
17
100
AcDbEntity
  8
VISTA
100
AcDbLine
 10
495.290914
 20
7.61550452508186
 30
0.0
 11
495.289499
 21
7.616100366614
 31
0.0
  0
LINE
  5
3C5
330
17
100
AcDbEntity
  8
VISTA
100
AcDbLine
 10
495.2725
 20
7.614066775060484
 30
0.0
 11
495.2725
 21
7.605933725056581
 31
0.0
  0
LINE
  5
3C6
330
17
100
AcDbEntity
  8
VISTA
100
AcDbLine
 10
495.2725
 20
7.605933725056581
 30
0.0
 11
495.2725
 21
7.60593372505658
 31
0.0
  0
LINE
  5
3C7
330
17
100
AcDbEntity
  8
VISTA
100
AcDbLine
 10
495.2745
 20
7.603899633386
 30
0.0
 11
495.289499
 21
7.603899633386
 31
0.0
  0
LINE
  5
3C8
330
17
100
AcDbEntity
  8
VISTA
100
AcDbLine
 10
495.289499
 20
7.616100366614
 30
0.0
 11
495.2745
 21
7.616100366614
 31
0.0
  0
LINE
  5
3C9
330
17
100
AcDbEntity
  8
VISTA
100
AcDbLine
 10
495.291499
 20
7.605933725056581
 30
0.0
 11
495.291499
 21
7.614066775060484
 31
0.0
  0
LINE
  5
3CA
330
17
100
AcDbEntity
  8
VISTA
100
AcDbLine
 10
495.4665
 20
7.605933725056581
 30
0.0
 11
495.467086
 21
7.604495475235018
 31
0.0
  0
LINE
  5
3CB
330
17
100
AcDbEntity
  8
VISTA
100
AcDbLine
 10
495.467086
 20
7.604495475235018
 30
0.0
 11
495.4685
 21
7.603899633386
 31
0.0
  0
LINE
  5
3CC
330
17
100
AcDbEntity
  8
VISTA
100
AcDbLine
 10
495.4835
 20
7.603899633386
 30
0.0
 11
495.484914
 21
7.604495566872531
 31
0.0
  0
LINE
  5
3CD
330
17
100
AcDbEntity
  8
VISTA
100
AcDbLine
 10
495.484914
 20
7.604495566872531
 30
0.0
 11
495.485499
 21
7.60593372505658
 31
0.0
  0
LINE
  5
3CE
330
17
100
AcDbEntity
  8
VISTA
100
AcDbLine
 10
495.4685
 20
7.616100366614
 30
0.0
 11
495.467086
 21
7.615504433444184
 31
0.0
  0
LINE
  5
3CF
330
17
100
AcDbEntity
  8
VISTA
100
AcDbLine
 10
495.467086
 20
7.615504433444184
 30
0.0
 11
495.4665
 21
7.614066775060484
 31
0.0
  0
LINE
  5
3D0
330
17
100
AcDbEntity
  8
VISTA
100
AcDbLine
 10
495.485499
 20
7.614066775060484
 30
0.0
 11
495.484914
 21
7.61550452508186
 31
0.0
  0
LINE
  5
3D1
330
17
100
AcDbEntity
  8
VISTA
100
AcDbLine
 10
495.484914
 20
7.61550452508186
 30
0.0
 11
495.4835
 21
7.616100366614
 31
0.0
  0
LINE
  5
3D2
330
17
100
AcDbEntity
  8
VISTA
100
AcDbLine
 10
495.4665
 20
7.614066775060484
 30
0.0
 11
495.4665
 21
7.605933725056581
 31
0.0
  0
LINE
  5
3D3
330
17
100
AcDbEntity
  8
VISTA
100
AcDbLine
 10
495.4665
 20
7.605933725056581
 30
0.0
 11
495.4665
 21
7.60593372505658
 31
0.0
  0
LINE
  5
3D4
330
17
100
AcDbEntity
  8
VISTA
100
AcDbLine
 10
495.4685
 20
7.603899633386
 30
0.0
 11
495.4835
 21
7.603899633386
 31
0.0
  0
LINE
  5
3D5
330
17
100
AcDbEntity
  8
VISTA
100
AcDbLine
 10
495.4835
 20
7.616100366614
 30
0.0
 11
495.4685
 21
7.616100366614
 31
0.0
  0
LINE
  5
3D6
330
17
100
AcDbEntity
  8
VISTA
100
AcDbLine
 10
495.485499
 20
7.605933725056581
 30
0.0
 11
495.485499
 21
7.614066775060484
 31
0.0
  0
LINE
  5
3D7
330
17
100
AcDbEntity
  8
VISTA
100
AcDbLine
 10
495.660501
 20
7.605933725056581
 30
0.0
 11
495.661086
 21
7.604495475235018
 31
0.0
  0
LINE
  5
3D8
330
17
100
AcDbEntity
  8
VISTA
100
AcDbLine
 10
495.661086
 20
7.604495475235018
 30
0.0
 11
495.6625
 21
7.603899633386
 31
0.0
  0
LINE
  5
3D9
330
17
100
AcDbEntity
  8
VISTA
100
AcDbLine
 10
495.6775
 20
7.603899633386
 30
0.0
 11
495.678914
 21
7.604495566872531
 31
0.0
  0
LINE
  5
3DA
330
17
100
AcDbEntity
  8
VISTA
100
AcDbLine
 10
495.678914
 20
7.604495566872531
 30
0.0
 11
495.6795
 21
7.60593372505658
 31
0.0
  0
LINE
  5
3DB
330
17
100
AcDbEntity
  8
VISTA
100
AcDbLine
 10
495.6625
 20
7.616100366614
 30
0.0
 11
495.661086
 21
7.615504433444184
 31
0.0
  0
LINE
  5
3DC
330
17
100
AcDbEntity
  8
VISTA
100
AcDbLine
 10
495.661086
 20
7.615504433444184
 30
0.0
 11
495.660501
 21
7.614066775060484
 31
0.0
  0
LINE
  5
3DD
330
17
100
AcDbEntity
  8
VISTA
100
AcDbLine
 10
495.6795
 20
7.614066775060484
 30
0.0
 11
495.678914
 21
7.61550452508186
 31
0.0
  0
LINE
  5
3DE
330
17
100
AcDbEntity
  8
VISTA
100
AcDbLine
 10
495.678914
 20
7.61550452508186
 30
0.0
 11
495.6775
 21
7.616100366614
 31
0.0
  0
LINE
  5
3DF
330
17
100
AcDbEntity
  8
VISTA
100
AcDbLine
 10
495.660501
 20
7.614066775060484
 30
0.0
 11
495.660501
 21
7.605933725056581
 31
0.0
  0
LINE
  5
3E0
330
17
100
AcDbEntity
  8
VISTA
100
AcDbLine
 10
495.660501
 20
7.605933725056581
 30
0.0
 11
495.660501
 21
7.60593372505658
 31
0.0
  0
LINE
  5
3E1
330
17
100
AcDbEntity
  8
VISTA
100
AcDbLine
 10
495.6625
 20
7.603899633386
 30
0.0
 11
495.6775
 21
7.603899633386
 31
0.0
  0
LINE
  5
3E2
330
17
100
AcDbEntity
  8
VISTA
100
AcDbLine
 10
495.6775
 20
7.616100366614
 30
0.0
 11
495.6625
 21
7.616100366614
 31
0.0
  0
LINE
  5
3E3
330
17
100
AcDbEntity
  8
VISTA
100
AcDbLine
 10
495.6795
 20
7.605933725056581
 30
0.0
 11
495.6795
 21
7.614066775060484
 31
0.0
  0
LINE
  5
3E4
330
17
100
AcDbEntity
  8
VISTA
100
AcDbLine
 10
495.854501
 20
7.605933725056581
 30
0.0
 11
495.85508600000003
 21
7.604495475235018
 31
0.0
  0
LINE
  5
3E5
330
17
100
AcDbEntity
  8
VISTA
100
AcDbLine
 10
495.85508600000003
 20
7.604495475235018
 30
0.0
 11
495.856501
 21
7.603899633386
 31
0.0
  0
LINE
  5
3E6
330
17
100
AcDbEntity
  8
VISTA
100
AcDbLine
 10
495.8715
 20
7.603899633386
 30
0.0
 11
495.872914
 21
7.604495566872531
 31
0.0
  0
LINE
  5
3E7
330
17
100
AcDbEntity
  8
VISTA
100
AcDbLine
 10
495.872914
 20
7.604495566872531
 30
0.0
 11
495.8735
 21
7.60593372505658
 31
0.0
  0
LINE
  5
3E8
330
17
100
AcDbEntity
  8
VISTA
100
AcDbLine
 10
495.856501
 20
7.616100366614
 30
0.0
 11
495.85508600000003
 21
7.615504433444184
 31
0.0
  0
LINE
  5
3E9
330
17
100
AcDbEntity
  8
VISTA
100
AcDbLine
 10
495.85508600000003
 20
7.615504433444184
 30
0.0
 11
495.854501
 21
7.614066775060484
 31
0.0
  0
LINE
  5
3EA
330
17
100
AcDbEntity
  8
VISTA
100
AcDbLine
 10
495.8735
 20
7.614066775060484
 30
0.0
 11
495.872914
 21
7.61550452508186
 31
0.0
  0
LINE
  5
3EB
330
17
100
AcDbEntity
  8
VISTA
100
AcDbLine
 10
495.872914
 20
7.61550452508186
 30
0.0
 11
495.8715
 21
7.616100366614
 31
0.0
  0
LINE
  5
3EC
330
17
100
AcDbEntity
  8
VISTA
100
AcDbLine
 10
495.854501
 20
7.614066775060484
 30
0.0
 11
495.854501
 21
7.605933725056581
 31
0.0
  0
LINE
  5
3ED
330
17
100
AcDbEntity
  8
VISTA
100
AcDbLine
 10
495.854501
 20
7.605933725056581
 30
0.0
 11
495.854501
 21
7.60593372505658
 31
0.0
  0
LINE
  5
3EE
330
17
100
AcDbEntity
  8
VISTA
100
AcDbLine
 10
495.856501
 20
7.603899633386
 30
0.0
 11
495.8715
 21
7.603899633386
 31
0.0
  0
LINE
  5
3EF
330
17
100
AcDbEntity
  8
VISTA
100
AcDbLine
 10
495.8715
 20
7.616100366614
 30
0.0
 11
495.856501
 21
7.616100366614
 31
0.0
  0
LINE
  5
3F0
330
17
100
AcDbEntity
  8
VISTA
100
AcDbLine
 10
495.8735
 20
7.605933725056581
 30
0.0
 11
495.8735
 21
7.614066775060484
 31
0.0
  0
LINE
  5
3F1
330
17
100
AcDbEntity
  8
VISTA
100
AcDbLine
 10
496.0485
 20
7.605933725056581
 30
0.0
 11
496.049086
 21
7.604495475235018
 31
0.0
  0
LINE
  5
3F2
330
17
100
AcDbEntity
  8
VISTA
100
AcDbLine
 10
496.049086
 20
7.604495475235018
 30
0.0
 11
496.050501
 21
7.603899633386
 31
0.0
  0
LINE
  5
3F3
330
17
100
AcDbEntity
  8
VISTA
100
AcDbLine
 10
496.0655
 20
7.603899633386
 30
0.0
 11
496.066916
 21
7.604495566872531
 31
0.0
  0
LINE
  5
3F4
330
17
100
AcDbEntity
  8
VISTA
100
AcDbLine
 10
496.066916
 20
7.604495566872531
 30
0.0
 11
496.067501
 21
7.60593372505658
 31
0.0
  0
LINE
  5
3F5
330
17
100
AcDbEntity
  8
VISTA
100
AcDbLine
 10
496.050501
 20
7.616100366614
 30
0.0
 11
496.049086
 21
7.615504433444184
 31
0.0
  0
LINE
  5
3F6
330
17
100
AcDbEntity
  8
VISTA
100
AcDbLine
 10
496.049086
 20
7.615504433444184
 30
0.0
 11
496.0485
 21
7.614066775060484
 31
0.0
  0
LINE
  5
3F7
330
17
100
AcDbEntity
  8
VISTA
100
AcDbLine
 10
496.067501
 20
7.614066775060484
 30
0.0
 11
496.066916
 21
7.61550452508186
 31
0.0
  0
LINE
  5
3F8
330
17
100
AcDbEntity
  8
VISTA
100
AcDbLine
 10
496.066916
 20
7.61550452508186
 30
0.0
 11
496.0655
 21
7.616100366614
 31
0.0
  0
LINE
  5
3F9
330
17
100
AcDbEntity
  8
VISTA
100
AcDbLine
 10
496.0485
 20
7.614066775060484
 30
0.0
 11
496.0485
 21
7.605933725056581
 31
0.0
  0
LINE
  5
3FA
330
17
100
AcDbEntity
  8
VISTA
100
AcDbLine
 10
496.0485
 20
7.605933725056581
 30
0.0
 11
496.0485
 21
7.60593372505658
 31
0.0
  0
LINE
  5
3FB
330
17
100
AcDbEntity
  8
VISTA
100
AcDbLine
 10
496.050501
 20
7.603899633386
 30
0.0
 11
496.0655
 21
7.603899633386
 31
0.0
  0
LINE
  5
3FC
330
17
100
AcDbEntity
  8
VISTA
100
AcDbLine
 10
496.0655
 20
7.616100366614
 30
0.0
 11
496.050501
 21
7.616100366614
 31
0.0
  0
LINE
  5
3FD
330
17
100
AcDbEntity
  8
VISTA
100
AcDbLine
 10
496.067501
 20
7.605933725056581
 30
0.0
 11
496.067501
 21
7.614066775060484
 31
0.0
  0
LINE
  5
3FE
330
17
100
AcDbEntity
  8
VISTA
100
AcDbLine
 10
496.2425
 20
7.605933725056581
 30
0.0
 11
496.243086
 21
7.604495475235018
 31
0.0
  0
LINE
  5
3FF
330
17
100
AcDbEntity
  8
VISTA
100
AcDbLine
 10
496.243086
 20
7.604495475235018
 30
0.0
 11
496.244501
 21
7.603899633386
 31
0.0
  0
LINE
  5
400
330
17
100
AcDbEntity
  8
VISTA
100
AcDbLine
 10
496.259501
 20
7.603899633386
 30
0.0
 11
496.260916
 21
7.604495566872531
 31
0.0
  0
LINE
  5
401
330
17
100
AcDbEntity
  8
VISTA
100
AcDbLine
 10
496.260916
 20
7.604495566872531
 30
0.0
 11
496.261501
 21
7.60593372505658
 31
0.0
  0
LINE
  5
402
330
17
100
AcDbEntity
  8
VISTA
100
AcDbLine
 10
496.244501
 20
7.616100366614
 30
0.0
 11
496.243086
 21
7.615504433444184
 31
0.0
  0
LINE
  5
403
330
17
100
AcDbEntity
  8
VISTA
100
AcDbLine
 10
496.243086
 20
7.615504433444184
 30
0.0
 11
496.2425
 21
7.614066775060484
 31
0.0
  0
LINE
  5
404
330
17
100
AcDbEntity
  8
VISTA
100
AcDbLine
 10
496.261501
 20
7.614066775060484
 30
0.0
 11
496.260916
 21
7.61550452508186
 31
0.0
  0
LINE
  5
405
330
17
100
AcDbEntity
  8
VISTA
100
AcDbLine
 10
496.260916
 20
7.61550452508186
 30
0.0
 11
496.259501
 21
7.616100366614
 31
0.0
  0
LINE
  5
406
330
17
100
AcDbEntity
  8
VISTA
100
AcDbLine
 10
496.2425
 20
7.614066775060484
 30
0.0
 11
496.2425
 21
7.605933725056581
 31
0.0
  0
LINE
  5
407
330
17
100
AcDbEntity
  8
VISTA
100
AcDbLine
 10
496.2425
 20
7.605933725056581
 30
0.0
 11
496.2425
 21
7.60593372505658
 31
0.0
  0
LINE
  5
408
330
17
100
AcDbEntity
  8
VISTA
100
AcDbLine
 10
496.244501
 20
7.603899633386
 30
0.0
 11
496.259501
 21
7.603899633386
 31
0.0
  0
LINE
  5
409
330
17
100
AcDbEntity
  8
VISTA
100
AcDbLine
 10
496.259501
 20
7.616100366614
 30
0.0
 11
496.244501
 21
7.616100366614
 31
0.0
  0
LINE
  5
40A
330
17
100
AcDbEntity
  8
VISTA
100
AcDbLine
 10
496.261501
 20
7.605933725056581
 30
0.0
 11
496.261501
 21
7.614066775060484
 31
0.0
  0
LINE
  5
40B
330
17
100
AcDbEntity
  8
VISTA
100
AcDbLine
 10
496.436499
 20
7.605933725056581
 30
0.0
 11
496.437084
 21
7.604495475235018
 31
0.0
  0
LINE
  5
40C
330
17
100
AcDbEntity
  8
VISTA
100
AcDbLine
 10
496.437084
 20
7.604495475235018
 30
0.0
 11
496.438499
 21
7.603899633386
 31
0.0
  0
LINE
  5
40D
330
17
100
AcDbEntity
  8
VISTA
100
AcDbLine
 10
496.453499
 20
7.603899633386
 30
0.0
 11
496.454914
 21
7.604495566872531
 31
0.0
  0
LINE
  5
40E
330
17
100
AcDbEntity
  8
VISTA
100
AcDbLine
 10
496.454914
 20
7.604495566872531
 30
0.0
 11
496.45550000000003
 21
7.60593372505658
 31
0.0
  0
LINE
  5
40F
330
17
100
AcDbEntity
  8
VISTA
100
AcDbLine
 10
496.438499
 20
7.616100366614
 30
0.0
 11
496.437084
 21
7.615504433444184
 31
0.0
  0
LINE
  5
410
330
17
100
AcDbEntity
  8
VISTA
100
AcDbLine
 10
496.437084
 20
7.615504433444184
 30
0.0
 11
496.436499
 21
7.614066775060484
 31
0.0
  0
LINE
  5
411
330
17
100
AcDbEntity
  8
VISTA
100
AcDbLine
 10
496.45550000000003
 20
7.614066775060484
 30
0.0
 11
496.454914
 21
7.61550452508186
 31
0.0
  0
LINE
  5
412
330
17
100
AcDbEntity
  8
VISTA
100
AcDbLine
 10
496.454914
 20
7.61550452508186
 30
0.0
 11
496.453499
 21
7.616100366614
 31
0.0
  0
LINE
  5
413
330
17
100
AcDbEntity
  8
VISTA
100
AcDbLine
 10
496.436499
 20
7.614066775060484
 30
0.0
 11
496.436499
 21
7.605933725056581
 31
0.0
  0
LINE
  5
414
330
17
100
AcDbEntity
  8
VISTA
100
AcDbLine
 10
496.436499
 20
7.605933725056581
 30
0.0
 11
496.436499
 21
7.60593372505658
 31
0.0
  0
LINE
  5
415
330
17
100
AcDbEntity
  8
VISTA
100
AcDbLine
 10
496.438499
 20
7.603899633386
 30
0.0
 11
496.453499
 21
7.603899633386
 31
0.0
  0
LINE
  5
416
330
17
100
AcDbEntity
  8
VISTA
100
AcDbLine
 10
496.453499
 20
7.616100366614
 30
0.0
 11
496.438499
 21
7.616100366614
 31
0.0
  0
LINE
  5
417
330
17
100
AcDbEntity
  8
VISTA
100
AcDbLine
 10
496.45550000000003
 20
7.605933725056581
 30
0.0
 11
496.45550000000003
 21
7.614066775060484
 31
0.0
  0
LINE
  5
418
330
17
100
AcDbEntity
  8
VISTA
100
AcDbLine
 10
496.630499
 20
7.605933725056581
 30
0.0
 11
496.631084
 21
7.604495475235018
 31
0.0
  0
LINE
  5
419
330
17
100
AcDbEntity
  8
VISTA
100
AcDbLine
 10
496.631084
 20
7.604495475235018
 30
0.0
 11
496.6325
 21
7.603899633386
 31
0.0
  0
LINE
  5
41A
330
17
100
AcDbEntity
  8
VISTA
100
AcDbLine
 10
496.647499
 20
7.603899633386
 30
0.0
 11
496.648914
 21
7.604495566872531
 31
0.0
  0
LINE
  5
41B
330
17
100
AcDbEntity
  8
VISTA
100
AcDbLine
 10
496.648914
 20
7.604495566872531
 30
0.0
 11
496.6495
 21
7.60593372505658
 31
0.0
  0
LINE
  5
41C
330
17
100
AcDbEntity
  8
VISTA
100
AcDbLine
 10
496.6325
 20
7.616100366614
 30
0.0
 11
496.631084
 21
7.615504433444184
 31
0.0
  0
LINE
  5
41D
330
17
100
AcDbEntity
  8
VISTA
100
AcDbLine
 10
496.631084
 20
7.615504433444184
 30
0.0
 11
496.630499
 21
7.614066775060484
 31
0.0
  0
LINE
  5
41E
330
17
100
AcDbEntity
  8
VISTA
100
AcDbLine
 10
496.6495
 20
7.614066775060484
 30
0.0
 11
496.648914
 21
7.61550452508186
 31
0.0
  0
LINE
  5
41F
330
17
100
AcDbEntity
  8
VISTA
100
AcDbLine
 10
496.648914
 20
7.61550452508186
 30
0.0
 11
496.647499
 21
7.616100366614
 31
0.0
  0
LINE
  5
420
330
17
100
AcDbEntity
  8
VISTA
100
AcDbLine
 10
496.630499
 20
7.614066775060484
 30
0.0
 11
496.630499
 21
7.605933725056581
 31
0.0
  0
LINE
  5
421
330
17
100
AcDbEntity
  8
VISTA
100
AcDbLine
 10
496.630499
 20
7.605933725056581
 30
0.0
 11
496.630499
 21
7.60593372505658
 31
0.0
  0
LINE
  5
422
330
17
100
AcDbEntity
  8
VISTA
100
AcDbLine
 10
496.6325
 20
7.603899633386
 30
0.0
 11
496.647499
 21
7.603899633386
 31
0.0
  0
LINE
  5
423
330
17
100
AcDbEntity
  8
VISTA
100
AcDbLine
 10
496.647499
 20
7.616100366614
 30
0.0
 11
496.6325
 21
7.616100366614
 31
0.0
  0
LINE
  5
424
330
17
100
AcDbEntity
  8
VISTA
100
AcDbLine
 10
496.6495
 20
7.605933725056581
 30
0.0
 11
496.6495
 21
7.614066775060484
 31
0.0
  0
LINE
  5
425
330
17
100
AcDbEntity
  8
VISTA
100
AcDbLine
 10
496.824499
 20
7.605933725056581
 30
0.0
 11
496.825085
 21
7.604495475235018
 31
0.0
  0
LINE
  5
426
330
17
100
AcDbEntity
  8
VISTA
100
AcDbLine
 10
496.825085
 20
7.604495475235018
 30
0.0
 11
496.8265
 21
7.603899633386
 31
0.0
  0
LINE
  5
427
330
17
100
AcDbEntity
  8
VISTA
100
AcDbLine
 10
496.841499
 20
7.603899633386
 30
0.0
 11
496.842915
 21
7.604495566872531
 31
0.0
  0
LINE
  5
428
330
17
100
AcDbEntity
  8
VISTA
100
AcDbLine
 10
496.842915
 20
7.604495566872531
 30
0.0
 11
496.8435
 21
7.60593372505658
 31
0.0
  0
LINE
  5
429
330
17
100
AcDbEntity
  8
VISTA
100
AcDbLine
 10
496.8265
 20
7.616100366614
 30
0.0
 11
496.825085
 21
7.615504433444184
 31
0.0
  0
LINE
  5
42A
330
17
100
AcDbEntity
  8
VISTA
100
AcDbLine
 10
496.825085
 20
7.615504433444184
 30
0.0
 11
496.824499
 21
7.614066775060484
 31
0.0
  0
LINE
  5
42B
330
17
100
AcDbEntity
  8
VISTA
100
AcDbLine
 10
496.8435
 20
7.614066775060484
 30
0.0
 11
496.842915
 21
7.61550452508186
 31
0.0
  0
LINE
  5
42C
330
17
100
AcDbEntity
  8
VISTA
100
AcDbLine
 10
496.842915
 20
7.61550452508186
 30
0.0
 11
496.841499
 21
7.616100366614
 31
0.0
  0
LINE
  5
42D
330
17
100
AcDbEntity
  8
VISTA
100
AcDbLine
 10
496.824499
 20
7.614066775060484
 30
0.0
 11
496.824499
 21
7.605933725056581
 31
0.0
  0
LINE
  5
42E
330
17
100
AcDbEntity
  8
VISTA
100
AcDbLine
 10
496.824499
 20
7.605933725056581
 30
0.0
 11
496.824499
 21
7.60593372505658
 31
0.0
  0
LINE
  5
42F
330
17
100
AcDbEntity
  8
VISTA
100
AcDbLine
 10
496.8265
 20
7.603899633386
 30
0.0
 11
496.841499
 21
7.603899633386
 31
0.0
  0
LINE
  5
430
330
17
100
AcDbEntity
  8
VISTA
100
AcDbLine
 10
496.841499
 20
7.616100366614
 30
0.0
 11
496.8265
 21
7.616100366614
 31
0.0
  0
LINE
  5
431
330
17
100
AcDbEntity
  8
VISTA
100
AcDbLine
 10
496.8435
 20
7.605933725056581
 30
0.0
 11
496.8435
 21
7.614066775060484
 31
0.0
  0
LINE
  5
432
330
17
100
AcDbEntity
  8
VISTA
100
AcDbLine
 10
497.018499
 20
7.605933725056581
 30
0.0
 11
497.019085
 21
7.604495475235018
 31
0.0
  0
LINE
  5
433
330
17
100
AcDbEntity
  8
VISTA
100
AcDbLine
 10
497.019085
 20
7.604495475235018
 30
0.0
 11
497.02049999999997
 21
7.603899633386
 31
0.0
  0
LINE
  5
434
330
17
100
AcDbEntity
  8
VISTA
100
AcDbLine
 10
497.0355
 20
7.603899633386
 30
0.0
 11
497.036915
 21
7.604495566872531
 31
0.0
  0
LINE
  5
435
330
17
100
AcDbEntity
  8
VISTA
100
AcDbLine
 10
497.036915
 20
7.604495566872531
 30
0.0
 11
497.0375
 21
7.60593372505658
 31
0.0
  0
LINE
  5
436
330
17
100
AcDbEntity
  8
VISTA
100
AcDbLine
 10
497.02049999999997
 20
7.616100366614
 30
0.0
 11
497.019085
 21
7.615504433444184
 31
0.0
  0
LINE
  5
437
330
17
100
AcDbEntity
  8
VISTA
100
AcDbLine
 10
497.019085
 20
7.615504433444184
 30
0.0
 11
497.018499
 21
7.614066775060484
 31
0.0
  0
LINE
  5
438
330
17
100
AcDbEntity
  8
VISTA
100
AcDbLine
 10
497.0375
 20
7.614066775060484
 30
0.0
 11
497.036915
 21
7.61550452508186
 31
0.0
  0
LINE
  5
439
330
17
100
AcDbEntity
  8
VISTA
100
AcDbLine
 10
497.036915
 20
7.61550452508186
 30
0.0
 11
497.0355
 21
7.616100366614
 31
0.0
  0
LINE
  5
43A
330
17
100
AcDbEntity
  8
VISTA
100
AcDbLine
 10
497.018499
 20
7.614066775060484
 30
0.0
 11
497.018499
 21
7.605933725056581
 31
0.0
  0
LINE
  5
43B
330
17
100
AcDbEntity
  8
VISTA
100
AcDbLine
 10
497.018499
 20
7.605933725056581
 30
0.0
 11
497.018499
 21
7.60593372505658
 31
0.0
  0
LINE
  5
43C
330
17
100
AcDbEntity
  8
VISTA
100
AcDbLine
 10
497.02049999999997
 20
7.603899633386
 30
0.0
 11
497.0355
 21
7.603899633386
 31
0.0
  0
LINE
  5
43D
330
17
100
AcDbEntity
  8
VISTA
100
AcDbLine
 10
497.0355
 20
7.616100366614
 30
0.0
 11
497.02049999999997
 21
7.616100366614
 31
0.0
  0
LINE
  5
43E
330
17
100
AcDbEntity
  8
VISTA
100
AcDbLine
 10
497.0375
 20
7.605933725056581
 30
0.0
 11
497.0375
 21
7.614066775060484
 31
0.0
  0
LINE
  5
43F
330
17
100
AcDbEntity
  8
VISTA
100
AcDbLine
 10
497.2125
 20
7.605933725056581
 30
0.0
 11
497.213085
 21
7.604495475235018
 31
0.0
  0
LINE
  5
440
330
17
100
AcDbEntity
  8
VISTA
100
AcDbLine
 10
497.213085
 20
7.604495475235018
 30
0.0
 11
497.2145
 21
7.603899633386
 31
0.0
  0
LINE
  5
441
330
17
100
AcDbEntity
  8
VISTA
100
AcDbLine
 10
497.22950000000003
 20
7.603899633386
 30
0.0
 11
497.230915
 21
7.604495566872531
 31
0.0
  0
LINE
  5
442
330
17
100
AcDbEntity
  8
VISTA
100
AcDbLine
 10
497.230915
 20
7.604495566872531
 30
0.0
 11
497.231501
 21
7.60593372505658
 31
0.0
  0
LINE
  5
443
330
17
100
AcDbEntity
  8
VISTA
100
AcDbLine
 10
497.2145
 20
7.616100366614
 30
0.0
 11
497.213085
 21
7.615504433444184
 31
0.0
  0
LINE
  5
444
330
17
100
AcDbEntity
  8
VISTA
100
AcDbLine
 10
497.213085
 20
7.615504433444184
 30
0.0
 11
497.2125
 21
7.614066775060484
 31
0.0
  0
LINE
  5
445
330
17
100
AcDbEntity
  8
VISTA
100
AcDbLine
 10
497.231501
 20
7.614066775060484
 30
0.0
 11
497.230915
 21
7.61550452508186
 31
0.0
  0
LINE
  5
446
330
17
100
AcDbEntity
  8
VISTA
100
AcDbLine
 10
497.230915
 20
7.61550452508186
 30
0.0
 11
497.22950000000003
 21
7.616100366614
 31
0.0
  0
LINE
  5
447
330
17
100
AcDbEntity
  8
VISTA
100
AcDbLine
 10
497.2125
 20
7.614066775060484
 30
0.0
 11
497.2125
 21
7.605933725056581
 31
0.0
  0
LINE
  5
448
330
17
100
AcDbEntity
  8
VISTA
100
AcDbLine
 10
497.2125
 20
7.605933725056581
 30
0.0
 11
497.2125
 21
7.60593372505658
 31
0.0
  0
LINE
  5
449
330
17
100
AcDbEntity
  8
VISTA
100
AcDbLine
 10
497.2145
 20
7.603899633386
 30
0.0
 11
497.22950000000003
 21
7.603899633386
 31
0.0
  0
LINE
  5
44A
330
17
100
AcDbEntity
  8
VISTA
100
AcDbLine
 10
497.22950000000003
 20
7.616100366614
 30
0.0
 11
497.2145
 21
7.616100366614
 31
0.0
  0
LINE
  5
44B
330
17
100
AcDbEntity
  8
VISTA
100
AcDbLine
 10
497.231501
 20
7.605933725056581
 30
0.0
 11
497.231501
 21
7.614066775060484
 31
0.0
  0
LINE
  5
44C
330
17
100
AcDbEntity
  8
VISTA
100
AcDbLine
 10
497.4065
 20
7.605933725056581
 30
0.0
 11
497.407085
 21
7.604495475235018
 31
0.0
  0
LINE
  5
44D
330
17
100
AcDbEntity
  8
VISTA
100
AcDbLine
 10
497.407085
 20
7.604495475235018
 30
0.0
 11
497.408501
 21
7.603899633386
 31
0.0
  0
LINE
  5
44E
330
17
100
AcDbEntity
  8
VISTA
100
AcDbLine
 10
497.4235
 20
7.603899633386
 30
0.0
 11
497.424915
 21
7.604495566872531
 31
0.0
  0
LINE
  5
44F
330
17
100
AcDbEntity
  8
VISTA
100
AcDbLine
 10
497.424915
 20
7.604495566872531
 30
0.0
 11
497.425501
 21
7.60593372505658
 31
0.0
  0
LINE
  5
450
330
17
100
AcDbEntity
  8
VISTA
100
AcDbLine
 10
497.408501
 20
7.616100366614
 30
0.0
 11
497.407085
 21
7.615504433444184
 31
0.0
  0
LINE
  5
451
330
17
100
AcDbEntity
  8
VISTA
100
AcDbLine
 10
497.407085
 20
7.615504433444184
 30
0.0
 11
497.4065
 21
7.614066775060484
 31
0.0
  0
LINE
  5
452
330
17
100
AcDbEntity
  8
VISTA
100
AcDbLine
 10
497.425501
 20
7.614066775060484
 30
0.0
 11
497.424915
 21
7.61550452508186
 31
0.0
  0
LINE
  5
453
330
17
100
AcDbEntity
  8
VISTA
100
AcDbLine
 10
497.424915
 20
7.61550452508186
 30
0.0
 11
497.4235
 21
7.616100366614
 31
0.0
  0
LINE
  5
454
330
17
100
AcDbEntity
  8
VISTA
100
AcDbLine
 10
497.4065
 20
7.614066775060484
 30
0.0
 11
497.4065
 21
7.605933725056581
 31
0.0
  0
LINE
  5
455
330
17
100
AcDbEntity
  8
VISTA
100
AcDbLine
 10
497.4065
 20
7.605933725056581
 30
0.0
 11
497.4065
 21
7.60593372505658
 31
0.0
  0
LINE
  5
456
330
17
100
AcDbEntity
  8
VISTA
100
AcDbLine
 10
497.408501
 20
7.603899633386
 30
0.0
 11
497.4235
 21
7.603899633386
 31
0.0
  0
LINE
  5
457
330
17
100
AcDbEntity
  8
VISTA
100
AcDbLine
 10
497.4235
 20
7.616100366614
 30
0.0
 11
497.408501
 21
7.616100366614
 31
0.0
  0
LINE
  5
458
330
17
100
AcDbEntity
  8
VISTA
100
AcDbLine
 10
497.425501
 20
7.605933725056581
 30
0.0
 11
497.425501
 21
7.614066775060484
 31
0.0
  0
LINE
  5
459
330
17
100
AcDbEntity
  8
VISTA
100
AcDbLine
 10
497.6005
 20
7.605933725056581
 30
0.0
 11
497.601086
 21
7.604495475235018
 31
0.0
  0
LINE
  5
45A
330
17
100
AcDbEntity
  8
VISTA
100
AcDbLine
 10
497.601086
 20
7.604495475235018
 30
0.0
 11
497.602501
 21
7.603899633386
 31
0.0
  0
LINE
  5
45B
330
17
100
AcDbEntity
  8
VISTA
100
AcDbLine
 10
497.6175
 20
7.603899633386
 30
0.0
 11
497.618916
 21
7.604495566872531
 31
0.0
  0
LINE
  5
45C
330
17
100
AcDbEntity
  8
VISTA
100
AcDbLine
 10
497.618916
 20
7.604495566872531
 30
0.0
 11
497.619501
 21
7.60593372505658
 31
0.0
  0
LINE
  5
45D
330
17
100
AcDbEntity
  8
VISTA
100
AcDbLine
 10
497.602501
 20
7.616100366614
 30
0.0
 11
497.601086
 21
7.615504433444184
 31
0.0
  0
LINE
  5
45E
330
17
100
AcDbEntity
  8
VISTA
100
AcDbLine
 10
497.601086
 20
7.615504433444184
 30
0.0
 11
497.6005
 21
7.614066775060484
 31
0.0
  0
LINE
  5
45F
330
17
100
AcDbEntity
  8
VISTA
100
AcDbLine
 10
497.619501
 20
7.614066775060484
 30
0.0
 11
497.618916
 21
7.61550452508186
 31
0.0
  0
LINE
  5
460
330
17
100
AcDbEntity
  8
VISTA
100
AcDbLine
 10
497.618916
 20
7.61550452508186
 30
0.0
 11
497.6175
 21
7.616100366614
 31
0.0
  0
LINE
  5
461
330
17
100
AcDbEntity
  8
VISTA
100
AcDbLine
 10
497.6005
 20
7.614066775060484
 30
0.0
 11
497.6005
 21
7.605933725056581
 31
0.0
  0
LINE
  5
462
330
17
100
AcDbEntity
  8
VISTA
100
AcDbLine
 10
497.6005
 20
7.605933725056581
 30
0.0
 11
497.6005
 21
7.60593372505658
 31
0.0
  0
LINE
  5
463
330
17
100
AcDbEntity
  8
VISTA
100
AcDbLine
 10
497.602501
 20
7.603899633386
 30
0.0
 11
497.6175
 21
7.603899633386
 31
0.0
  0
LINE
  5
464
330
17
100
AcDbEntity
  8
VISTA
100
AcDbLine
 10
497.6175
 20
7.616100366614
 30
0.0
 11
497.602501
 21
7.616100366614
 31
0.0
  0
LINE
  5
465
330
17
100
AcDbEntity
  8
VISTA
100
AcDbLine
 10
497.619501
 20
7.605933725056581
 30
0.0
 11
497.619501
 21
7.614066775060484
 31
0.0
  0
LINE
  5
466
330
17
100
AcDbEntity
  8
VISTA
100
AcDbLine
 10
497.79449999999997
 20
7.605933725056581
 30
0.0
 11
497.795086
 21
7.604495475235018
 31
0.0
  0
LINE
  5
467
330
17
100
AcDbEntity
  8
VISTA
100
AcDbLine
 10
497.795086
 20
7.604495475235018
 30
0.0
 11
497.796501
 21
7.603899633386
 31
0.0
  0
LINE
  5
468
330
17
100
AcDbEntity
  8
VISTA
100
AcDbLine
 10
497.811501
 20
7.603899633386
 30
0.0
 11
497.812916
 21
7.604495566872531
 31
0.0
  0
LINE
  5
469
330
17
100
AcDbEntity
  8
VISTA
100
AcDbLine
 10
497.812916
 20
7.604495566872531
 30
0.0
 11
497.813501
 21
7.60593372505658
 31
0.0
  0
LINE
  5
46A
330
17
100
AcDbEntity
  8
VISTA
100
AcDbLine
 10
497.796501
 20
7.616100366614
 30
0.0
 11
497.795086
 21
7.615504433444184
 31
0.0
  0
LINE
  5
46B
330
17
100
AcDbEntity
  8
VISTA
100
AcDbLine
 10
497.795086
 20
7.615504433444184
 30
0.0
 11
497.79449999999997
 21
7.614066775060484
 31
0.0
  0
LINE
  5
46C
330
17
100
AcDbEntity
  8
VISTA
100
AcDbLine
 10
497.813501
 20
7.614066775060484
 30
0.0
 11
497.812916
 21
7.61550452508186
 31
0.0
  0
LINE
  5
46D
330
17
100
AcDbEntity
  8
VISTA
100
AcDbLine
 10
497.812916
 20
7.61550452508186
 30
0.0
 11
497.811501
 21
7.616100366614
 31
0.0
  0
LINE
  5
46E
330
17
100
AcDbEntity
  8
VISTA
100
AcDbLine
 10
497.79449999999997
 20
7.614066775060484
 30
0.0
 11
497.79449999999997
 21
7.605933725056581
 31
0.0
  0
LINE
  5
46F
330
17
100
AcDbEntity
  8
VISTA
100
AcDbLine
 10
497.79449999999997
 20
7.605933725056581
 30
0.0
 11
497.79449999999997
 21
7.60593372505658
 31
0.0
  0
LINE
  5
470
330
17
100
AcDbEntity
  8
VISTA
100
AcDbLine
 10
497.796501
 20
7.603899633386
 30
0.0
 11
497.811501
 21
7.603899633386
 31
0.0
  0
LINE
  5
471
330
17
100
AcDbEntity
  8
VISTA
100
AcDbLine
 10
497.811501
 20
7.616100366614
 30
0.0
 11
497.796501
 21
7.616100366614
 31
0.0
  0
LINE
  5
472
330
17
100
AcDbEntity
  8
VISTA
100
AcDbLine
 10
497.813501
 20
7.605933725056581
 30
0.0
 11
497.813501
 21
7.614066775060484
 31
0.0
  0
LINE
  5
473
330
17
100
AcDbEntity
  8
VISTA
100
AcDbLine
 10
497.988499
 20
7.605933725056581
 30
0.0
 11
497.989084
 21
7.604495475235018
 31
0.0
  0
LINE
  5
474
330
17
100
AcDbEntity
  8
VISTA
100
AcDbLine
 10
497.989084
 20
7.604495475235018
 30
0.0
 11
497.990499
 21
7.603899633386
 31
0.0
  0
LINE
  5
475
330
17
100
AcDbEntity
  8
VISTA
100
AcDbLine
 10
498.005499
 20
7.603899633386
 30
0.0
 11
498.006914
 21
7.604495566872531
 31
0.0
  0
LINE
  5
476
330
17
100
AcDbEntity
  8
VISTA
100
AcDbLine
 10
498.006914
 20
7.604495566872531
 30
0.0
 11
498.0075
 21
7.60593372505658
 31
0.0
  0
LINE
  5
477
330
17
100
AcDbEntity
  8
VISTA
100
AcDbLine
 10
497.990499
 20
7.616100366614
 30
0.0
 11
497.989084
 21
7.615504433444184
 31
0.0
  0
LINE
  5
478
330
17
100
AcDbEntity
  8
VISTA
100
AcDbLine
 10
497.989084
 20
7.615504433444184
 30
0.0
 11
497.988499
 21
7.614066775060484
 31
0.0
  0
LINE
  5
479
330
17
100
AcDbEntity
  8
VISTA
100
AcDbLine
 10
498.0075
 20
7.614066775060484
 30
0.0
 11
498.006914
 21
7.61550452508186
 31
0.0
  0
LINE
  5
47A
330
17
100
AcDbEntity
  8
VISTA
100
AcDbLine
 10
498.006914
 20
7.61550452508186
 30
0.0
 11
498.005499
 21
7.616100366614
 31
0.0
  0
LINE
  5
47B
330
17
100
AcDbEntity
  8
VISTA
100
AcDbLine
 10
497.988499
 20
7.614066775060484
 30
0.0
 11
497.988499
 21
7.605933725056581
 31
0.0
  0
LINE
  5
47C
330
17
100
AcDbEntity
  8
VISTA
100
AcDbLine
 10
497.988499
 20
7.605933725056581
 30
0.0
 11
497.988499
 21
7.60593372505658
 31
0.0
  0
LINE
  5
47D
330
17
100
AcDbEntity
  8
VISTA
100
AcDbLine
 10
497.990499
 20
7.603899633386
 30
0.0
 11
498.005499
 21
7.603899633386
 31
0.0
  0
LINE
  5
47E
330
17
100
AcDbEntity
  8
VISTA
100
AcDbLine
 10
498.005499
 20
7.616100366614
 30
0.0
 11
497.990499
 21
7.616100366614
 31
0.0
  0
LINE
  5
47F
330
17
100
AcDbEntity
  8
VISTA
100
AcDbLine
 10
498.0075
 20
7.605933725056581
 30
0.0
 11
498.0075
 21
7.614066775060484
 31
0.0
  0
LINE
  5
480
330
17
100
AcDbEntity
  8
VISTA
100
AcDbLine
 10
498.182499
 20
7.605933725056581
 30
0.0
 11
498.183084
 21
7.604495475235018
 31
0.0
  0
LINE
  5
481
330
17
100
AcDbEntity
  8
VISTA
100
AcDbLine
 10
498.183084
 20
7.604495475235018
 30
0.0
 11
498.1845
 21
7.603899633386
 31
0.0
  0
LINE
  5
482
330
17
100
AcDbEntity
  8
VISTA
100
AcDbLine
 10
498.199499
 20
7.603899633386
 30
0.0
 11
498.200914
 21
7.604495566872531
 31
0.0
  0
LINE
  5
483
330
17
100
AcDbEntity
  8
VISTA
100
AcDbLine
 10
498.200914
 20
7.604495566872531
 30
0.0
 11
498.2015
 21
7.60593372505658
 31
0.0
  0
LINE
  5
484
330
17
100
AcDbEntity
  8
VISTA
100
AcDbLine
 10
498.1845
 20
7.616100366614
 30
0.0
 11
498.183084
 21
7.615504433444184
 31
0.0
  0
LINE
  5
485
330
17
100
AcDbEntity
  8
VISTA
100
AcDbLine
 10
498.183084
 20
7.615504433444184
 30
0.0
 11
498.182499
 21
7.614066775060484
 31
0.0
  0
LINE
  5
486
330
17
100
AcDbEntity
  8
VISTA
100
AcDbLine
 10
498.2015
 20
7.614066775060484
 30
0.0
 11
498.200914
 21
7.61550452508186
 31
0.0
  0
LINE
  5
487
330
17
100
AcDbEntity
  8
VISTA
100
AcDbLine
 10
498.200914
 20
7.61550452508186
 30
0.0
 11
498.199499
 21
7.616100366614
 31
0.0
  0
LINE
  5
488
330
17
100
AcDbEntity
  8
VISTA
100
AcDbLine
 10
498.182499
 20
7.614066775060484
 30
0.0
 11
498.182499
 21
7.605933725056581
 31
0.0
  0
LINE
  5
489
330
17
100
AcDbEntity
  8
VISTA
100
AcDbLine
 10
498.182499
 20
7.605933725056581
 30
0.0
 11
498.182499
 21
7.60593372505658
 31
0.0
  0
LINE
  5
48A
330
17
100
AcDbEntity
  8
VISTA
100
AcDbLine
 10
498.1845
 20
7.603899633386
 30
0.0
 11
498.199499
 21
7.603899633386
 31
0.0
  0
LINE
  5
48B
330
17
100
AcDbEntity
  8
VISTA
100
AcDbLine
 10
498.199499
 20
7.616100366614
 30
0.0
 11
498.1845
 21
7.616100366614
 31
0.0
  0
LINE
  5
48C
330
17
100
AcDbEntity
  8
VISTA
100
AcDbLine
 10
498.2015
 20
7.605933725056581
 30
0.0
 11
498.2015
 21
7.614066775060484
 31
0.0
  0
LINE
  5
48D
330
17
100
AcDbEntity
  8
VISTA
100
AcDbLine
 10
498.376499
 20
7.605933725056581
 30
0.0
 11
498.377085
 21
7.604495475235018
 31
0.0
  0
LINE
  5
48E
330
17
100
AcDbEntity
  8
VISTA
100
AcDbLine
 10
498.377085
 20
7.604495475235018
 30
0.0
 11
498.3785
 21
7.603899633386
 31
0.0
  0
LINE
  5
48F
330
17
100
AcDbEntity
  8
VISTA
100
AcDbLine
 10
498.393499
 20
7.603899633386
 30
0.0
 11
498.394915
 21
7.604495566872531
 31
0.0
  0
LINE
  5
490
330
17
100
AcDbEntity
  8
VISTA
100
AcDbLine
 10
498.394915
 20
7.604495566872531
 30
0.0
 11
498.39549999999997
 21
7.60593372505658
 31
0.0
  0
LINE
  5
491
330
17
100
AcDbEntity
  8
VISTA
100
AcDbLine
 10
498.3785
 20
7.616100366614
 30
0.0
 11
498.377085
 21
7.615504433444184
 31
0.0
  0
LINE
  5
492
330
17
100
AcDbEntity
  8
VISTA
100
AcDbLine
 10
498.377085
 20
7.615504433444184
 30
0.0
 11
498.376499
 21
7.614066775060484
 31
0.0
  0
LINE
  5
493
330
17
100
AcDbEntity
  8
VISTA
100
AcDbLine
 10
498.39549999999997
 20
7.614066775060484
 30
0.0
 11
498.394915
 21
7.61550452508186
 31
0.0
  0
LINE
  5
494
330
17
100
AcDbEntity
  8
VISTA
100
AcDbLine
 10
498.394915
 20
7.61550452508186
 30
0.0
 11
498.393499
 21
7.616100366614
 31
0.0
  0
LINE
  5
495
330
17
100
AcDbEntity
  8
VISTA
100
AcDbLine
 10
498.376499
 20
7.614066775060484
 30
0.0
 11
498.376499
 21
7.605933725056581
 31
0.0
  0
LINE
  5
496
330
17
100
AcDbEntity
  8
VISTA
100
AcDbLine
 10
498.376499
 20
7.605933725056581
 30
0.0
 11
498.376499
 21
7.60593372505658
 31
0.0
  0
LINE
  5
497
330
17
100
AcDbEntity
  8
VISTA
100
AcDbLine
 10
498.3785
 20
7.603899633386
 30
0.0
 11
498.393499
 21
7.603899633386
 31
0.0
  0
LINE
  5
498
330
17
100
AcDbEntity
  8
VISTA
100
AcDbLine
 10
498.393499
 20
7.616100366614
 30
0.0
 11
498.3785
 21
7.616100366614
 31
0.0
  0
LINE
  5
499
330
17
100
AcDbEntity
  8
VISTA
100
AcDbLine
 10
498.39549999999997
 20
7.605933725056581
 30
0.0
 11
498.39549999999997
 21
7.614066775060484
 31
0.0
  0
LINE
  5
49A
330
17
100
AcDbEntity
  8
VISTA
100
AcDbLine
 10
498.570499
 20
7.605933725056581
 30
0.0
 11
498.571085
 21
7.604495475235018
 31
0.0
  0
LINE
  5
49B
330
17
100
AcDbEntity
  8
VISTA
100
AcDbLine
 10
498.571085
 20
7.604495475235018
 30
0.0
 11
498.5725
 21
7.603899633386
 31
0.0
  0
LINE
  5
49C
330
17
100
AcDbEntity
  8
VISTA
100
AcDbLine
 10
498.5875
 20
7.603899633386
 30
0.0
 11
498.588915
 21
7.604495566872531
 31
0.0
  0
LINE
  5
49D
330
17
100
AcDbEntity
  8
VISTA
100
AcDbLine
 10
498.588915
 20
7.604495566872531
 30
0.0
 11
498.5895
 21
7.60593372505658
 31
0.0
  0
LINE
  5
49E
330
17
100
AcDbEntity
  8
VISTA
100
AcDbLine
 10
498.5725
 20
7.616100366614
 30
0.0
 11
498.571085
 21
7.615504433444184
 31
0.0
  0
LINE
  5
49F
330
17
100
AcDbEntity
  8
VISTA
100
AcDbLine
 10
498.571085
 20
7.615504433444184
 30
0.0
 11
498.570499
 21
7.614066775060484
 31
0.0
  0
LINE
  5
4A0
330
17
100
AcDbEntity
  8
VISTA
100
AcDbLine
 10
498.5895
 20
7.614066775060484
 30
0.0
 11
498.588915
 21
7.61550452508186
 31
0.0
  0
LINE
  5
4A1
330
17
100
AcDbEntity
  8
VISTA
100
AcDbLine
 10
498.588915
 20
7.61550452508186
 30
0.0
 11
498.5875
 21
7.616100366614
 31
0.0
  0
LINE
  5
4A2
330
17
100
AcDbEntity
  8
VISTA
100
AcDbLine
 10
498.570499
 20
7.614066775060484
 30
0.0
 11
498.570499
 21
7.605933725056581
 31
0.0
  0
LINE
  5
4A3
330
17
100
AcDbEntity
  8
VISTA
100
AcDbLine
 10
498.570499
 20
7.605933725056581
 30
0.0
 11
498.570499
 21
7.60593372505658
 31
0.0
  0
LINE
  5
4A4
330
17
100
AcDbEntity
  8
VISTA
100
AcDbLine
 10
498.5725
 20
7.603899633386
 30
0.0
 11
498.5875
 21
7.603899633386
 31
0.0
  0
LINE
  5
4A5
330
17
100
AcDbEntity
  8
VISTA
100
AcDbLine
 10
498.5875
 20
7.616100366614
 30
0.0
 11
498.5725
 21
7.616100366614
 31
0.0
  0
LINE
  5
4A6
330
17
100
AcDbEntity
  8
VISTA
100
AcDbLine
 10
498.5895
 20
7.605933725056581
 30
0.0
 11
498.5895
 21
7.614066775060484
 31
0.0
  0
LINE
  5
4A7
330
17
100
AcDbEntity
  8
VISTA
100
AcDbLine
 10
498.7645
 20
7.605933725056581
 30
0.0
 11
498.765085
 21
7.604495475235018
 31
0.0
  0
LINE
  5
4A8
330
17
100
AcDbEntity
  8
VISTA
100
AcDbLine
 10
498.765085
 20
7.604495475235018
 30
0.0
 11
498.7665
 21
7.603899633386
 31
0.0
  0
LINE
  5
4A9
330
17
100
AcDbEntity
  8
VISTA
100
AcDbLine
 10
498.7815
 20
7.603899633386
 30
0.0
 11
498.782915
 21
7.604495566872531
 31
0.0
  0
LINE
  5
4AA
330
17
100
AcDbEntity
  8
VISTA
100
AcDbLine
 10
498.782915
 20
7.604495566872531
 30
0.0
 11
498.783501
 21
7.60593372505658
 31
0.0
  0
LINE
  5
4AB
330
17
100
AcDbEntity
  8
VISTA
100
AcDbLine
 10
498.7665
 20
7.616100366614
 30
0.0
 11
498.765085
 21
7.615504433444184
 31
0.0
  0
LINE
  5
4AC
330
17
100
AcDbEntity
  8
VISTA
100
AcDbLine
 10
498.765085
 20
7.615504433444184
 30
0.0
 11
498.7645
 21
7.614066775060484
 31
0.0
  0
LINE
  5
4AD
330
17
100
AcDbEntity
  8
VISTA
100
AcDbLine
 10
498.783501
 20
7.614066775060484
 30
0.0
 11
498.782915
 21
7.61550452508186
 31
0.0
  0
LINE
  5
4AE
330
17
100
AcDbEntity
  8
VISTA
100
AcDbLine
 10
498.782915
 20
7.61550452508186
 30
0.0
 11
498.7815
 21
7.616100366614
 31
0.0
  0
LINE
  5
4AF
330
17
100
AcDbEntity
  8
VISTA
100
AcDbLine
 10
498.7645
 20
7.614066775060484
 30
0.0
 11
498.7645
 21
7.605933725056581
 31
0.0
  0
LINE
  5
4B0
330
17
100
AcDbEntity
  8
VISTA
100
AcDbLine
 10
498.7645
 20
7.605933725056581
 30
0.0
 11
498.7645
 21
7.60593372505658
 31
0.0
  0
LINE
  5
4B1
330
17
100
AcDbEntity
  8
VISTA
100
AcDbLine
 10
498.7665
 20
7.603899633386
 30
0.0
 11
498.7815
 21
7.603899633386
 31
0.0
  0
LINE
  5
4B2
330
17
100
AcDbEntity
  8
VISTA
100
AcDbLine
 10
498.7815
 20
7.616100366614
 30
0.0
 11
498.7665
 21
7.616100366614
 31
0.0
  0
LINE
  5
4B3
330
17
100
AcDbEntity
  8
VISTA
100
AcDbLine
 10
498.783501
 20
7.605933725056581
 30
0.0
 11
498.783501
 21
7.614066775060484
 31
0.0
  0
LINE
  5
4B4
330
17
100
AcDbEntity
  8
VISTA
100
AcDbLine
 10
498.9585
 20
7.605933725056581
 30
0.0
 11
498.959085
 21
7.604495475235018
 31
0.0
  0
LINE
  5
4B5
330
17
100
AcDbEntity
  8
VISTA
100
AcDbLine
 10
498.959085
 20
7.604495475235018
 30
0.0
 11
498.960501
 21
7.603899633386
 31
0.0
  0
LINE
  5
4B6
330
17
100
AcDbEntity
  8
VISTA
100
AcDbLine
 10
498.9755
 20
7.603899633386
 30
0.0
 11
498.976915
 21
7.604495566872531
 31
0.0
  0
LINE
  5
4B7
330
17
100
AcDbEntity
  8
VISTA
100
AcDbLine
 10
498.976915
 20
7.604495566872531
 30
0.0
 11
498.977501
 21
7.60593372505658
 31
0.0
  0
LINE
  5
4B8
330
17
100
AcDbEntity
  8
VISTA
100
AcDbLine
 10
498.960501
 20
7.616100366614
 30
0.0
 11
498.959085
 21
7.615504433444184
 31
0.0
  0
LINE
  5
4B9
330
17
100
AcDbEntity
  8
VISTA
100
AcDbLine
 10
498.959085
 20
7.615504433444184
 30
0.0
 11
498.9585
 21
7.614066775060484
 31
0.0
  0
LINE
  5
4BA
330
17
100
AcDbEntity
  8
VISTA
100
AcDbLine
 10
498.977501
 20
7.614066775060484
 30
0.0
 11
498.976915
 21
7.61550452508186
 31
0.0
  0
LINE
  5
4BB
330
17
100
AcDbEntity
  8
VISTA
100
AcDbLine
 10
498.976915
 20
7.61550452508186
 30
0.0
 11
498.9755
 21
7.616100366614
 31
0.0
  0
LINE
  5
4BC
330
17
100
AcDbEntity
  8
VISTA
100
AcDbLine
 10
498.9585
 20
7.614066775060484
 30
0.0
 11
498.9585
 21
7.605933725056581
 31
0.0
  0
LINE
  5
4BD
330
17
100
AcDbEntity
  8
VISTA
100
AcDbLine
 10
498.9585
 20
7.605933725056581
 30
0.0
 11
498.9585
 21
7.60593372505658
 31
0.0
  0
LINE
  5
4BE
330
17
100
AcDbEntity
  8
VISTA
100
AcDbLine
 10
498.960501
 20
7.603899633386
 30
0.0
 11
498.9755
 21
7.603899633386
 31
0.0
  0
LINE
  5
4BF
330
17
100
AcDbEntity
  8
VISTA
100
AcDbLine
 10
498.9755
 20
7.616100366614
 30
0.0
 11
498.960501
 21
7.616100366614
 31
0.0
  0
LINE
  5
4C0
330
17
100
AcDbEntity
  8
VISTA
100
AcDbLine
 10
498.977501
 20
7.605933725056581
 30
0.0
 11
498.977501
 21
7.614066775060484
 31
0.0
  0
LINE
  5
4C1
330
17
100
AcDbEntity
  8
VISTA
100
AcDbLine
 10
499.1525
 20
7.605933725056581
 30
0.0
 11
499.153086
 21
7.604495475235018
 31
0.0
  0
LINE
  5
4C2
330
17
100
AcDbEntity
  8
VISTA
100
AcDbLine
 10
499.153086
 20
7.604495475235018
 30
0.0
 11
499.154501
 21
7.603899633386
 31
0.0
  0
LINE
  5
4C3
330
17
100
AcDbEntity
  8
VISTA
100
AcDbLine
 10
499.16949999999997
 20
7.603899633386
 30
0.0
 11
499.170916
 21
7.604495566872531
 31
0.0
  0
LINE
  5
4C4
330
17
100
AcDbEntity
  8
VISTA
100
AcDbLine
 10
499.170916
 20
7.604495566872531
 30
0.0
 11
499.171501
 21
7.60593372505658
 31
0.0
  0
LINE
  5
4C5
330
17
100
AcDbEntity
  8
VISTA
100
AcDbLine
 10
499.154501
 20
7.616100366614
 30
0.0
 11
499.153086
 21
7.615504433444184
 31
0.0
  0
LINE
  5
4C6
330
17
100
AcDbEntity
  8
VISTA
100
AcDbLine
 10
499.153086
 20
7.615504433444184
 30
0.0
 11
499.1525
 21
7.614066775060484
 31
0.0
  0
LINE
  5
4C7
330
17
100
AcDbEntity
  8
VISTA
100
AcDbLine
 10
499.171501
 20
7.614066775060484
 30
0.0
 11
499.170916
 21
7.61550452508186
 31
0.0
  0
LINE
  5
4C8
330
17
100
AcDbEntity
  8
VISTA
100
AcDbLine
 10
499.170916
 20
7.61550452508186
 30
0.0
 11
499.16949999999997
 21
7.616100366614
 31
0.0
  0
LINE
  5
4C9
330
17
100
AcDbEntity
  8
VISTA
100
AcDbLine
 10
499.1525
 20
7.614066775060484
 30
0.0
 11
499.1525
 21
7.605933725056581
 31
0.0
  0
LINE
  5
4CA
330
17
100
AcDbEntity
  8
VISTA
100
AcDbLine
 10
499.1525
 20
7.605933725056581
 30
0.0
 11
499.1525
 21
7.60593372505658
 31
0.0
  0
LINE
  5
4CB
330
17
100
AcDbEntity
  8
VISTA
100
AcDbLine
 10
499.154501
 20
7.603899633386
 30
0.0
 11
499.16949999999997
 21
7.603899633386
 31
0.0
  0
LINE
  5
4CC
330
17
100
AcDbEntity
  8
VISTA
100
AcDbLine
 10
499.16949999999997
 20
7.616100366614
 30
0.0
 11
499.154501
 21
7.616100366614
 31
0.0
  0
LINE
  5
4CD
330
17
100
AcDbEntity
  8
VISTA
100
AcDbLine
 10
499.171501
 20
7.605933725056581
 30
0.0
 11
499.171501
 21
7.614066775060484
 31
0.0
  0
LINE
  5
4CE
330
17
100
AcDbEntity
  8
VISTA
100
AcDbLine
 10
499.3465
 20
7.605933725056581
 30
0.0
 11
499.347086
 21
7.604495475235018
 31
0.0
  0
LINE
  5
4CF
330
17
100
AcDbEntity
  8
VISTA
100
AcDbLine
 10
499.347086
 20
7.604495475235018
 30
0.0
 11
499.348501
 21
7.603899633386
 31
0.0
  0
LINE
  5
4D0
330
17
100
AcDbEntity
  8
VISTA
100
AcDbLine
 10
499.363501
 20
7.603899633386
 30
0.0
 11
499.364916
 21
7.604495566872531
 31
0.0
  0
LINE
  5
4D1
330
17
100
AcDbEntity
  8
VISTA
100
AcDbLine
 10
499.364916
 20
7.604495566872531
 30
0.0
 11
499.365501
 21
7.60593372505658
 31
0.0
  0
LINE
  5
4D2
330
17
100
AcDbEntity
  8
VISTA
100
AcDbLine
 10
499.348501
 20
7.616100366614
 30
0.0
 11
499.347086
 21
7.615504433444184
 31
0.0
  0
LINE
  5
4D3
330
17
100
AcDbEntity
  8
VISTA
100
AcDbLine
 10
499.347086
 20
7.615504433444184
 30
0.0
 11
499.3465
 21
7.614066775060484
 31
0.0
  0
LINE
  5
4D4
330
17
100
AcDbEntity
  8
VISTA
100
AcDbLine
 10
499.365501
 20
7.614066775060484
 30
0.0
 11
499.364916
 21
7.61550452508186
 31
0.0
  0
LINE
  5
4D5
330
17
100
AcDbEntity
  8
VISTA
100
AcDbLine
 10
499.364916
 20
7.61550452508186
 30
0.0
 11
499.363501
 21
7.616100366614
 31
0.0
  0
LINE
  5
4D6
330
17
100
AcDbEntity
  8
VISTA
100
AcDbLine
 10
499.3465
 20
7.614066775060484
 30
0.0
 11
499.3465
 21
7.605933725056581
 31
0.0
  0
LINE
  5
4D7
330
17
100
AcDbEntity
  8
VISTA
100
AcDbLine
 10
499.3465
 20
7.605933725056581
 30
0.0
 11
499.3465
 21
7.60593372505658
 31
0.0
  0
LINE
  5
4D8
330
17
100
AcDbEntity
  8
VISTA
100
AcDbLine
 10
499.348501
 20
7.603899633386
 30
0.0
 11
499.363501
 21
7.603899633386
 31
0.0
  0
LINE
  5
4D9
330
17
100
AcDbEntity
  8
VISTA
100
AcDbLine
 10
499.363501
 20
7.616100366614
 30
0.0
 11
499.348501
 21
7.616100366614
 31
0.0
  0
LINE
  5
4DA
330
17
100
AcDbEntity
  8
VISTA
100
AcDbLine
 10
499.365501
 20
7.605933725056581
 30
0.0
 11
499.365501
 21
7.614066775060484
 31
0.0
  0
LINE
  5
4DB
330
17
100
AcDbEntity
  8
VISTA
100
AcDbLine
 10
499.540499
 20
7.605933725056581
 30
0.0
 11
499.541084
 21
7.604495475235018
 31
0.0
  0
LINE
  5
4DC
330
17
100
AcDbEntity
  8
VISTA
100
AcDbLine
 10
499.541084
 20
7.604495475235018
 30
0.0
 11
499.5425
 21
7.603899633386
 31
0.0
  0
LINE
  5
4DD
330
17
100
AcDbEntity
  8
VISTA
100
AcDbLine
 10
499.557499
 20
7.603899633386
 30
0.0
 11
499.558914
 21
7.604495566872531
 31
0.0
  0
LINE
  5
4DE
330
17
100
AcDbEntity
  8
VISTA
100
AcDbLine
 10
499.558914
 20
7.604495566872531
 30
0.0
 11
499.5595
 21
7.60593372505658
 31
0.0
  0
LINE
  5
4DF
330
17
100
AcDbEntity
  8
VISTA
100
AcDbLine
 10
499.5425
 20
7.616100366614
 30
0.0
 11
499.541084
 21
7.615504433444184
 31
0.0
  0
LINE
  5
4E0
330
17
100
AcDbEntity
  8
VISTA
100
AcDbLine
 10
499.541084
 20
7.615504433444184
 30
0.0
 11
499.540499
 21
7.614066775060484
 31
0.0
  0
LINE
  5
4E1
330
17
100
AcDbEntity
  8
VISTA
100
AcDbLine
 10
499.5595
 20
7.614066775060484
 30
0.0
 11
499.558914
 21
7.61550452508186
 31
0.0
  0
LINE
  5
4E2
330
17
100
AcDbEntity
  8
VISTA
100
AcDbLine
 10
499.558914
 20
7.61550452508186
 30
0.0
 11
499.557499
 21
7.616100366614
 31
0.0
  0
LINE
  5
4E3
330
17
100
AcDbEntity
  8
VISTA
100
AcDbLine
 10
499.540499
 20
7.614066775060484
 30
0.0
 11
499.540499
 21
7.605933725056581
 31
0.0
  0
LINE
  5
4E4
330
17
100
AcDbEntity
  8
VISTA
100
AcDbLine
 10
499.540499
 20
7.605933725056581
 30
0.0
 11
499.540499
 21
7.60593372505658
 31
0.0
  0
LINE
  5
4E5
330
17
100
AcDbEntity
  8
VISTA
100
AcDbLine
 10
499.5425
 20
7.603899633386
 30
0.0
 11
499.557499
 21
7.603899633386
 31
0.0
  0
LINE
  5
4E6
330
17
100
AcDbEntity
  8
VISTA
100
AcDbLine
 10
499.557499
 20
7.616100366614
 30
0.0
 11
499.5425
 21
7.616100366614
 31
0.0
  0
LINE
  5
4E7
330
17
100
AcDbEntity
  8
VISTA
100
AcDbLine
 10
499.5595
 20
7.605933725056581
 30
0.0
 11
499.5595
 21
7.614066775060484
 31
0.0
  0
LINE
  5
4E8
330
17
100
AcDbEntity
  8
VISTA
100
AcDbLine
 10
499.734499
 20
7.605933725056581
 30
0.0
 11
499.735085
 21
7.604495475235018
 31
0.0
  0
LINE
  5
4E9
330
17
100
AcDbEntity
  8
VISTA
100
AcDbLine
 10
499.735085
 20
7.604495475235018
 30
0.0
 11
499.7365
 21
7.603899633386
 31
0.0
  0
LINE
  5
4EA
330
17
100
AcDbEntity
  8
VISTA
100
AcDbLine
 10
499.751499
 20
7.603899633386
 30
0.0
 11
499.752914
 21
7.604495566872531
 31
0.0
  0
LINE
  5
4EB
330
17
100
AcDbEntity
  8
VISTA
100
AcDbLine
 10
499.752914
 20
7.604495566872531
 30
0.0
 11
499.7535
 21
7.60593372505658
 31
0.0
  0
LINE
  5
4EC
330
17
100
AcDbEntity
  8
VISTA
100
AcDbLine
 10
499.7365
 20
7.616100366614
 30
0.0
 11
499.735085
 21
7.615504433444184
 31
0.0
  0
LINE
  5
4ED
330
17
100
AcDbEntity
  8
VISTA
100
AcDbLine
 10
499.735085
 20
7.615504433444184
 30
0.0
 11
499.734499
 21
7.614066775060484
 31
0.0
  0
LINE
  5
4EE
330
17
100
AcDbEntity
  8
VISTA
100
AcDbLine
 10
499.7535
 20
7.614066775060484
 30
0.0
 11
499.752914
 21
7.61550452508186
 31
0.0
  0
LINE
  5
4EF
330
17
100
AcDbEntity
  8
VISTA
100
AcDbLine
 10
499.752914
 20
7.61550452508186
 30
0.0
 11
499.751499
 21
7.616100366614
 31
0.0
  0
LINE
  5
4F0
330
17
100
AcDbEntity
  8
VISTA
100
AcDbLine
 10
499.734499
 20
7.614066775060484
 30
0.0
 11
499.734499
 21
7.605933725056581
 31
0.0
  0
LINE
  5
4F1
330
17
100
AcDbEntity
  8
VISTA
100
AcDbLine
 10
499.734499
 20
7.605933725056581
 30
0.0
 11
499.734499
 21
7.60593372505658
 31
0.0
  0
LINE
  5
4F2
330
17
100
AcDbEntity
  8
VISTA
100
AcDbLine
 10
499.7365
 20
7.603899633386
 30
0.0
 11
499.751499
 21
7.603899633386
 31
0.0
  0
LINE
  5
4F3
330
17
100
AcDbEntity
  8
VISTA
100
AcDbLine
 10
499.751499
 20
7.616100366614
 30
0.0
 11
499.7365
 21
7.616100366614
 31
0.0
  0
LINE
  5
4F4
330
17
100
AcDbEntity
  8
VISTA
100
AcDbLine
 10
499.7535
 20
7.605933725056581
 30
0.0
 11
499.7535
 21
7.614066775060484
 31
0.0
  0
LINE
  5
4F5
330
17
100
AcDbEntity
  8
VISTA
100
AcDbLine
 10
499.928499
 20
7.605933725056581
 30
0.0
 11
499.929085
 21
7.604495475235018
 31
0.0
  0
LINE
  5
4F6
330
17
100
AcDbEntity
  8
VISTA
100
AcDbLine
 10
499.929085
 20
7.604495475235018
 30
0.0
 11
499.9305
 21
7.603899633386
 31
0.0
  0
LINE
  5
4F7
330
17
100
AcDbEntity
  8
VISTA
100
AcDbLine
 10
499.945499
 20
7.603899633386
 30
0.0
 11
499.946915
 21
7.604495566872531
 31
0.0
  0
LINE
  5
4F8
330
17
100
AcDbEntity
  8
VISTA
100
AcDbLine
 10
499.946915
 20
7.604495566872531
 30
0.0
 11
499.9475
 21
7.60593372505658
 31
0.0
  0
LINE
  5
4F9
330
17
100
AcDbEntity
  8
VISTA
100
AcDbLine
 10
499.9305
 20
7.616100366614
 30
0.0
 11
499.929085
 21
7.615504433444184
 31
0.0
  0
LINE
  5
4FA
330
17
100
AcDbEntity
  8
VISTA
100
AcDbLine
 10
499.929085
 20
7.615504433444184
 30
0.0
 11
499.928499
 21
7.614066775060484
 31
0.0
  0
LINE
  5
4FB
330
17
100
AcDbEntity
  8
VISTA
100
AcDbLine
 10
499.9475
 20
7.614066775060484
 30
0.0
 11
499.946915
 21
7.61550452508186
 31
0.0
  0
LINE
  5
4FC
330
17
100
AcDbEntity
  8
VISTA
100
AcDbLine
 10
499.946915
 20
7.61550452508186
 30
0.0
 11
499.945499
 21
7.616100366614
 31
0.0
  0
LINE
  5
4FD
330
17
100
AcDbEntity
  8
VISTA
100
AcDbLine
 10
499.928499
 20
7.614066775060484
 30
0.0
 11
499.928499
 21
7.605933725056581
 31
0.0
  0
LINE
  5
4FE
330
17
100
AcDbEntity
  8
VISTA
100
AcDbLine
 10
499.928499
 20
7.605933725056581
 30
0.0
 11
499.928499
 21
7.60593372505658
 31
0.0
  0
LINE
  5
4FF
330
17
100
AcDbEntity
  8
VISTA
100
AcDbLine
 10
499.9305
 20
7.603899633386
 30
0.0
 11
499.945499
 21
7.603899633386
 31
0.0
  0
LINE
  5
500
330
17
100
AcDbEntity
  8
VISTA
100
AcDbLine
 10
499.945499
 20
7.616100366614
 30
0.0
 11
499.9305
 21
7.616100366614
 31
0.0
  0
LINE
  5
501
330
17
100
AcDbEntity
  8
VISTA
100
AcDbLine
 10
499.9475
 20
7.605933725056581
 30
0.0
 11
499.9475
 21
7.614066775060484
 31
0.0
  0
LINE
  5
502
330
17
100
AcDbEntity
  8
VISTA
100
AcDbLine
 10
500.122499
 20
7.605933725056581
 30
0.0
 11
500.123085
 21
7.604495475235018
 31
0.0
  0
LINE
  5
503
330
17
100
AcDbEntity
  8
VISTA
100
AcDbLine
 10
500.123085
 20
7.604495475235018
 30
0.0
 11
500.1245
 21
7.603899633386
 31
0.0
  0
LINE
  5
504
330
17
100
AcDbEntity
  8
VISTA
100
AcDbLine
 10
500.1395
 20
7.603899633386
 30
0.0
 11
500.140915
 21
7.604495566872531
 31
0.0
  0
LINE
  5
505
330
17
100
AcDbEntity
  8
VISTA
100
AcDbLine
 10
500.140915
 20
7.604495566872531
 30
0.0
 11
500.1415
 21
7.60593372505658
 31
0.0
  0
LINE
  5
506
330
17
100
AcDbEntity
  8
VISTA
100
AcDbLine
 10
500.1245
 20
7.616100366614
 30
0.0
 11
500.123085
 21
7.615504433444184
 31
0.0
  0
LINE
  5
507
330
17
100
AcDbEntity
  8
VISTA
100
AcDbLine
 10
500.123085
 20
7.615504433444184
 30
0.0
 11
500.122499
 21
7.614066775060484
 31
0.0
  0
LINE
  5
508
330
17
100
AcDbEntity
  8
VISTA
100
AcDbLine
 10
500.1415
 20
7.614066775060484
 30
0.0
 11
500.140915
 21
7.61550452508186
 31
0.0
  0
LINE
  5
509
330
17
100
AcDbEntity
  8
VISTA
100
AcDbLine
 10
500.140915
 20
7.61550452508186
 30
0.0
 11
500.1395
 21
7.616100366614
 31
0.0
  0
LINE
  5
50A
330
17
100
AcDbEntity
  8
VISTA
100
AcDbLine
 10
500.122499
 20
7.614066775060484
 30
0.0
 11
500.122499
 21
7.605933725056581
 31
0.0
  0
LINE
  5
50B
330
17
100
AcDbEntity
  8
VISTA
100
AcDbLine
 10
500.122499
 20
7.605933725056581
 30
0.0
 11
500.122499
 21
7.60593372505658
 31
0.0
  0
LINE
  5
50C
330
17
100
AcDbEntity
  8
VISTA
100
AcDbLine
 10
500.1245
 20
7.603899633386
 30
0.0
 11
500.1395
 21
7.603899633386
 31
0.0
  0
LINE
  5
50D
330
17
100
AcDbEntity
  8
VISTA
100
AcDbLine
 10
500.1395
 20
7.616100366614
 30
0.0
 11
500.1245
 21
7.616100366614
 31
0.0
  0
LINE
  5
50E
330
17
100
AcDbEntity
  8
VISTA
100
AcDbLine
 10
500.1415
 20
7.605933725056581
 30
0.0
 11
500.1415
 21
7.614066775060484
 31
0.0
  0
LINE
  5
50F
330
17
100
AcDbEntity
  8
VISTA
100
AcDbLine
 10
500.3165
 20
7.605933725056581
 30
0.0
 11
500.317085
 21
7.604495475235018
 31
0.0
  0
LINE
  5
510
330
17
100
AcDbEntity
  8
VISTA
100
AcDbLine
 10
500.317085
 20
7.604495475235018
 30
0.0
 11
500.318501
 21
7.603899633386
 31
0.0
  0
LINE
  5
511
330
17
100
AcDbEntity
  8
VISTA
100
AcDbLine
 10
500.3335
 20
7.603899633386
 30
0.0
 11
500.334915
 21
7.604495566872531
 31
0.0
  0
LINE
  5
512
330
17
100
AcDbEntity
  8
VISTA
100
AcDbLine
 10
500.334915
 20
7.604495566872531
 30
0.0
 11
500.335501
 21
7.60593372505658
 31
0.0
  0
LINE
  5
513
330
17
100
AcDbEntity
  8
VISTA
100
AcDbLine
 10
500.318501
 20
7.616100366614
 30
0.0
 11
500.317085
 21
7.615504433444184
 31
0.0
  0
LINE
  5
514
330
17
100
AcDbEntity
  8
VISTA
100
AcDbLine
 10
500.317085
 20
7.615504433444184
 30
0.0
 11
500.3165
 21
7.614066775060484
 31
0.0
  0
LINE
  5
515
330
17
100
AcDbEntity
  8
VISTA
100
AcDbLine
 10
500.335501
 20
7.614066775060484
 30
0.0
 11
500.334915
 21
7.61550452508186
 31
0.0
  0
LINE
  5
516
330
17
100
AcDbEntity
  8
VISTA
100
AcDbLine
 10
500.334915
 20
7.61550452508186
 30
0.0
 11
500.3335
 21
7.616100366614
 31
0.0
  0
LINE
  5
517
330
17
100
AcDbEntity
  8
VISTA
100
AcDbLine
 10
500.3165
 20
7.614066775060484
 30
0.0
 11
500.3165
 21
7.605933725056581
 31
0.0
  0
LINE
  5
518
330
17
100
AcDbEntity
  8
VISTA
100
AcDbLine
 10
500.3165
 20
7.605933725056581
 30
0.0
 11
500.3165
 21
7.60593372505658
 31
0.0
  0
LINE
  5
519
330
17
100
AcDbEntity
  8
VISTA
100
AcDbLine
 10
500.318501
 20
7.603899633386
 30
0.0
 11
500.3335
 21
7.603899633386
 31
0.0
  0
LINE
  5
51A
330
17
100
AcDbEntity
  8
VISTA
100
AcDbLine
 10
500.3335
 20
7.616100366614
 30
0.0
 11
500.318501
 21
7.616100366614
 31
0.0
  0
LINE
  5
51B
330
17
100
AcDbEntity
  8
VISTA
100
AcDbLine
 10
500.335501
 20
7.605933725056581
 30
0.0
 11
500.335501
 21
7.614066775060484
 31
0.0
  0
LINE
  5
51C
330
17
100
AcDbEntity
  8
VISTA
100
AcDbLine
 10
500.5105
 20
7.605933725056581
 30
0.0
 11
500.511086
 21
7.604495475235018
 31
0.0
  0
LINE
  5
51D
330
17
100
AcDbEntity
  8
VISTA
100
AcDbLine
 10
500.511086
 20
7.604495475235018
 30
0.0
 11
500.512501
 21
7.603899633386
 31
0.0
  0
LINE
  5
51E
330
17
100
AcDbEntity
  8
VISTA
100
AcDbLine
 10
500.5275
 20
7.603899633386
 30
0.0
 11
500.528915
 21
7.604495566872531
 31
0.0
  0
LINE
  5
51F
330
17
100
AcDbEntity
  8
VISTA
100
AcDbLine
 10
500.528915
 20
7.604495566872531
 30
0.0
 11
500.529501
 21
7.60593372505658
 31
0.0
  0
LINE
  5
520
330
17
100
AcDbEntity
  8
VISTA
100
AcDbLine
 10
500.512501
 20
7.616100366614
 30
0.0
 11
500.511086
 21
7.615504433444184
 31
0.0
  0
LINE
  5
521
330
17
100
AcDbEntity
  8
VISTA
100
AcDbLine
 10
500.511086
 20
7.615504433444184
 30
0.0
 11
500.5105
 21
7.614066775060484
 31
0.0
  0
LINE
  5
522
330
17
100
AcDbEntity
  8
VISTA
100
AcDbLine
 10
500.529501
 20
7.614066775060484
 30
0.0
 11
500.528915
 21
7.61550452508186
 31
0.0
  0
LINE
  5
523
330
17
100
AcDbEntity
  8
VISTA
100
AcDbLine
 10
500.528915
 20
7.61550452508186
 30
0.0
 11
500.5275
 21
7.616100366614
 31
0.0
  0
LINE
  5
524
330
17
100
AcDbEntity
  8
VISTA
100
AcDbLine
 10
500.5105
 20
7.614066775060484
 30
0.0
 11
500.5105
 21
7.605933725056581
 31
0.0
  0
LINE
  5
525
330
17
100
AcDbEntity
  8
VISTA
100
AcDbLine
 10
500.5105
 20
7.605933725056581
 30
0.0
 11
500.5105
 21
7.60593372505658
 31
0.0
  0
LINE
  5
526
330
17
100
AcDbEntity
  8
VISTA
100
AcDbLine
 10
500.512501
 20
7.603899633386
 30
0.0
 11
500.5275
 21
7.603899633386
 31
0.0
  0
LINE
  5
527
330
17
100
AcDbEntity
  8
VISTA
100
AcDbLine
 10
500.5275
 20
7.616100366614
 30
0.0
 11
500.512501
 21
7.616100366614
 31
0.0
  0
LINE
  5
528
330
17
100
AcDbEntity
  8
VISTA
100
AcDbLine
 10
500.529501
 20
7.605933725056581
 30
0.0
 11
500.529501
 21
7.614066775060484
 31
0.0
  0
LINE
  5
529
330
17
100
AcDbEntity
  8
VISTA
100
AcDbLine
 10
500.7045
 20
7.605933725056581
 30
0.0
 11
500.705086
 21
7.604495475235018
 31
0.0
  0
LINE
  5
52A
330
17
100
AcDbEntity
  8
VISTA
100
AcDbLine
 10
500.705086
 20
7.604495475235018
 30
0.0
 11
500.706501
 21
7.603899633386
 31
0.0
  0
LINE
  5
52B
330
17
100
AcDbEntity
  8
VISTA
100
AcDbLine
 10
500.7215
 20
7.603899633386
 30
0.0
 11
500.722916
 21
7.604495566872531
 31
0.0
  0
LINE
  5
52C
330
17
100
AcDbEntity
  8
VISTA
100
AcDbLine
 10
500.722916
 20
7.604495566872531
 30
0.0
 11
500.723501
 21
7.60593372505658
 31
0.0
  0
LINE
  5
52D
330
17
100
AcDbEntity
  8
VISTA
100
AcDbLine
 10
500.706501
 20
7.616100366614
 30
0.0
 11
500.705086
 21
7.615504433444184
 31
0.0
  0
LINE
  5
52E
330
17
100
AcDbEntity
  8
VISTA
100
AcDbLine
 10
500.705086
 20
7.615504433444184
 30
0.0
 11
500.7045
 21
7.614066775060484
 31
0.0
  0
LINE
  5
52F
330
17
100
AcDbEntity
  8
VISTA
100
AcDbLine
 10
500.723501
 20
7.614066775060484
 30
0.0
 11
500.722916
 21
7.61550452508186
 31
0.0
  0
LINE
  5
530
330
17
100
AcDbEntity
  8
VISTA
100
AcDbLine
 10
500.722916
 20
7.61550452508186
 30
0.0
 11
500.7215
 21
7.616100366614
 31
0.0
  0
LINE
  5
531
330
17
100
AcDbEntity
  8
VISTA
100
AcDbLine
 10
500.7045
 20
7.614066775060484
 30
0.0
 11
500.7045
 21
7.605933725056581
 31
0.0
  0
LINE
  5
532
330
17
100
AcDbEntity
  8
VISTA
100
AcDbLine
 10
500.7045
 20
7.605933725056581
 30
0.0
 11
500.7045
 21
7.60593372505658
 31
0.0
  0
LINE
  5
533
330
17
100
AcDbEntity
  8
VISTA
100
AcDbLine
 10
500.706501
 20
7.603899633386
 30
0.0
 11
500.7215
 21
7.603899633386
 31
0.0
  0
LINE
  5
534
330
17
100
AcDbEntity
  8
VISTA
100
AcDbLine
 10
500.7215
 20
7.616100366614
 30
0.0
 11
500.706501
 21
7.616100366614
 31
0.0
  0
LINE
  5
535
330
17
100
AcDbEntity
  8
VISTA
100
AcDbLine
 10
500.723501
 20
7.605933725056581
 30
0.0
 11
500.723501
 21
7.614066775060484
 31
0.0
  0
LINE
  5
536
330
17
100
AcDbEntity
  8
VISTA
100
AcDbLine
 10
500.8985
 20
7.605933725056581
 30
0.0
 11
500.899086
 21
7.604495475235018
 31
0.0
  0
LINE
  5
537
330
17
100
AcDbEntity
  8
VISTA
100
AcDbLine
 10
500.899086
 20
7.604495475235018
 30
0.0
 11
500.900501
 21
7.603899633386
 31
0.0
  0
LINE
  5
538
330
17
100
AcDbEntity
  8
VISTA
100
AcDbLine
 10
500.915501
 20
7.603899633386
 30
0.0
 11
500.916916
 21
7.604495566872531
 31
0.0
  0
LINE
  5
539
330
17
100
AcDbEntity
  8
VISTA
100
AcDbLine
 10
500.916916
 20
7.604495566872531
 30
0.0
 11
500.917501
 21
7.60593372505658
 31
0.0
  0
LINE
  5
53A
330
17
100
AcDbEntity
  8
VISTA
100
AcDbLine
 10
500.900501
 20
7.616100366614
 30
0.0
 11
500.899086
 21
7.615504433444184
 31
0.0
  0
LINE
  5
53B
330
17
100
AcDbEntity
  8
VISTA
100
AcDbLine
 10
500.899086
 20
7.615504433444184
 30
0.0
 11
500.8985
 21
7.614066775060484
 31
0.0
  0
LINE
  5
53C
330
17
100
AcDbEntity
  8
VISTA
100
AcDbLine
 10
500.917501
 20
7.614066775060484
 30
0.0
 11
500.916916
 21
7.61550452508186
 31
0.0
  0
LINE
  5
53D
330
17
100
AcDbEntity
  8
VISTA
100
AcDbLine
 10
500.916916
 20
7.61550452508186
 30
0.0
 11
500.915501
 21
7.616100366614
 31
0.0
  0
LINE
  5
53E
330
17
100
AcDbEntity
  8
VISTA
100
AcDbLine
 10
500.8985
 20
7.614066775060484
 30
0.0
 11
500.8985
 21
7.605933725056581
 31
0.0
  0
LINE
  5
53F
330
17
100
AcDbEntity
  8
VISTA
100
AcDbLine
 10
500.8985
 20
7.605933725056581
 30
0.0
 11
500.8985
 21
7.60593372505658
 31
0.0
  0
LINE
  5
540
330
17
100
AcDbEntity
  8
VISTA
100
AcDbLine
 10
500.900501
 20
7.603899633386
 30
0.0
 11
500.915501
 21
7.603899633386
 31
0.0
  0
LINE
  5
541
330
17
100
AcDbEntity
  8
VISTA
100
AcDbLine
 10
500.915501
 20
7.616100366614
 30
0.0
 11
500.900501
 21
7.616100366614
 31
0.0
  0
LINE
  5
542
330
17
100
AcDbEntity
  8
VISTA
100
AcDbLine
 10
500.917501
 20
7.605933725056581
 30
0.0
 11
500.917501
 21
7.614066775060484
 31
0.0
  0
LINE
  5
543
330
17
100
AcDbEntity
  8
VISTA
100
AcDbLine
 10
501.092499
 20
7.605933725056581
 30
0.0
 11
501.093084
 21
7.604495475235018
 31
0.0
  0
LINE
  5
544
330
17
100
AcDbEntity
  8
VISTA
100
AcDbLine
 10
501.093084
 20
7.604495475235018
 30
0.0
 11
501.0945
 21
7.603899633386
 31
0.0
  0
LINE
  5
545
330
17
100
AcDbEntity
  8
VISTA
100
AcDbLine
 10
501.109499
 20
7.603899633386
 30
0.0
 11
501.110914
 21
7.604495566872531
 31
0.0
  0
LINE
  5
546
330
17
100
AcDbEntity
  8
VISTA
100
AcDbLine
 10
501.110914
 20
7.604495566872531
 30
0.0
 11
501.1115
 21
7.60593372505658
 31
0.0
  0
LINE
  5
547
330
17
100
AcDbEntity
  8
VISTA
100
AcDbLine
 10
501.0945
 20
7.616100366614
 30
0.0
 11
501.093084
 21
7.615504433444184
 31
0.0
  0
LINE
  5
548
330
17
100
AcDbEntity
  8
VISTA
100
AcDbLine
 10
501.093084
 20
7.615504433444184
 30
0.0
 11
501.092499
 21
7.614066775060484
 31
0.0
  0
LINE
  5
549
330
17
100
AcDbEntity
  8
VISTA
100
AcDbLine
 10
501.1115
 20
7.614066775060484
 30
0.0
 11
501.110914
 21
7.61550452508186
 31
0.0
  0
LINE
  5
54A
330
17
100
AcDbEntity
  8
VISTA
100
AcDbLine
 10
501.110914
 20
7.61550452508186
 30
0.0
 11
501.109499
 21
7.616100366614
 31
0.0
  0
LINE
  5
54B
330
17
100
AcDbEntity
  8
VISTA
100
AcDbLine
 10
501.092499
 20
7.614066775060484
 30
0.0
 11
501.092499
 21
7.605933725056581
 31
0.0
  0
LINE
  5
54C
330
17
100
AcDbEntity
  8
VISTA
100
AcDbLine
 10
501.092499
 20
7.605933725056581
 30
0.0
 11
501.092499
 21
7.60593372505658
 31
0.0
  0
LINE
  5
54D
330
17
100
AcDbEntity
  8
VISTA
100
AcDbLine
 10
501.0945
 20
7.603899633386
 30
0.0
 11
501.109499
 21
7.603899633386
 31
0.0
  0
LINE
  5
54E
330
17
100
AcDbEntity
  8
VISTA
100
AcDbLine
 10
501.109499
 20
7.616100366614
 30
0.0
 11
501.0945
 21
7.616100366614
 31
0.0
  0
LINE
  5
54F
330
17
100
AcDbEntity
  8
VISTA
100
AcDbLine
 10
501.1115
 20
7.605933725056581
 30
0.0
 11
501.1115
 21
7.614066775060484
 31
0.0
  0
LINE
  5
550
330
17
100
AcDbEntity
  8
VISTA
100
AcDbLine
 10
501.286499
 20
7.605933725056581
 30
0.0
 11
501.287085
 21
7.604495475235018
 31
0.0
  0
LINE
  5
551
330
17
100
AcDbEntity
  8
VISTA
100
AcDbLine
 10
501.287085
 20
7.604495475235018
 30
0.0
 11
501.2885
 21
7.603899633386
 31
0.0
  0
LINE
  5
552
330
17
100
AcDbEntity
  8
VISTA
100
AcDbLine
 10
501.303499
 20
7.603899633386
 30
0.0
 11
501.304914
 21
7.604495566872531
 31
0.0
  0
LINE
  5
553
330
17
100
AcDbEntity
  8
VISTA
100
AcDbLine
 10
501.304914
 20
7.604495566872531
 30
0.0
 11
501.3055
 21
7.60593372505658
 31
0.0
  0
LINE
  5
554
330
17
100
AcDbEntity
  8
VISTA
100
AcDbLine
 10
501.2885
 20
7.616100366614
 30
0.0
 11
501.287085
 21
7.615504433444184
 31
0.0
  0
LINE
  5
555
330
17
100
AcDbEntity
  8
VISTA
100
AcDbLine
 10
501.287085
 20
7.615504433444184
 30
0.0
 11
501.286499
 21
7.614066775060484
 31
0.0
  0
LINE
  5
556
330
17
100
AcDbEntity
  8
VISTA
100
AcDbLine
 10
501.3055
 20
7.614066775060484
 30
0.0
 11
501.304914
 21
7.61550452508186
 31
0.0
  0
LINE
  5
557
330
17
100
AcDbEntity
  8
VISTA
100
AcDbLine
 10
501.304914
 20
7.61550452508186
 30
0.0
 11
501.303499
 21
7.616100366614
 31
0.0
  0
LINE
  5
558
330
17
100
AcDbEntity
  8
VISTA
100
AcDbLine
 10
501.286499
 20
7.614066775060484
 30
0.0
 11
501.286499
 21
7.605933725056581
 31
0.0
  0
LINE
  5
559
330
17
100
AcDbEntity
  8
VISTA
100
AcDbLine
 10
501.286499
 20
7.605933725056581
 30
0.0
 11
501.286499
 21
7.60593372505658
 31
0.0
  0
LINE
  5
55A
330
17
100
AcDbEntity
  8
VISTA
100
AcDbLine
 10
501.2885
 20
7.603899633386
 30
0.0
 11
501.303499
 21
7.603899633386
 31
0.0
  0
LINE
  5
55B
330
17
100
AcDbEntity
  8
VISTA
100
AcDbLine
 10
501.303499
 20
7.616100366614
 30
0.0
 11
501.2885
 21
7.616100366614
 31
0.0
  0
LINE
  5
55C
330
17
100
AcDbEntity
  8
VISTA
100
AcDbLine
 10
501.3055
 20
7.605933725056581
 30
0.0
 11
501.3055
 21
7.614066775060484
 31
0.0
  0
LINE
  5
55D
330
17
100
AcDbEntity
  8
VISTA
100
AcDbLine
 10
501.480499
 20
7.605933725056581
 30
0.0
 11
501.481085
 21
7.604495475235018
 31
0.0
  0
LINE
  5
55E
330
17
100
AcDbEntity
  8
VISTA
100
AcDbLine
 10
501.481085
 20
7.604495475235018
 30
0.0
 11
501.4825
 21
7.603899633386
 31
0.0
  0
LINE
  5
55F
330
17
100
AcDbEntity
  8
VISTA
100
AcDbLine
 10
501.497499
 20
7.603899633386
 30
0.0
 11
501.498915
 21
7.604495566872531
 31
0.0
  0
LINE
  5
560
330
17
100
AcDbEntity
  8
VISTA
100
AcDbLine
 10
501.498915
 20
7.604495566872531
 30
0.0
 11
501.4995
 21
7.60593372505658
 31
0.0
  0
LINE
  5
561
330
17
100
AcDbEntity
  8
VISTA
100
AcDbLine
 10
501.4825
 20
7.616100366614
 30
0.0
 11
501.481085
 21
7.615504433444184
 31
0.0
  0
LINE
  5
562
330
17
100
AcDbEntity
  8
VISTA
100
AcDbLine
 10
501.481085
 20
7.615504433444184
 30
0.0
 11
501.480499
 21
7.614066775060484
 31
0.0
  0
LINE
  5
563
330
17
100
AcDbEntity
  8
VISTA
100
AcDbLine
 10
501.4995
 20
7.614066775060484
 30
0.0
 11
501.498915
 21
7.61550452508186
 31
0.0
  0
LINE
  5
564
330
17
100
AcDbEntity
  8
VISTA
100
AcDbLine
 10
501.498915
 20
7.61550452508186
 30
0.0
 11
501.497499
 21
7.616100366614
 31
0.0
  0
LINE
  5
565
330
17
100
AcDbEntity
  8
VISTA
100
AcDbLine
 10
501.480499
 20
7.614066775060484
 30
0.0
 11
501.480499
 21
7.605933725056581
 31
0.0
  0
LINE
  5
566
330
17
100
AcDbEntity
  8
VISTA
100
AcDbLine
 10
501.480499
 20
7.605933725056581
 30
0.0
 11
501.480499
 21
7.60593372505658
 31
0.0
  0
LINE
  5
567
330
17
100
AcDbEntity
  8
VISTA
100
AcDbLine
 10
501.4825
 20
7.603899633386
 30
0.0
 11
501.497499
 21
7.603899633386
 31
0.0
  0
LINE
  5
568
330
17
100
AcDbEntity
  8
VISTA
100
AcDbLine
 10
501.497499
 20
7.616100366614
 30
0.0
 11
501.4825
 21
7.616100366614
 31
0.0
  0
LINE
  5
569
330
17
100
AcDbEntity
  8
VISTA
100
AcDbLine
 10
501.4995
 20
7.605933725056581
 30
0.0
 11
501.4995
 21
7.614066775060484
 31
0.0
  0
LINE
  5
56A
330
17
100
AcDbEntity
  8
VISTA
100
AcDbLine
 10
501.6745
 20
7.605933725056581
 30
0.0
 11
501.675085
 21
7.604495475235018
 31
0.0
  0
LINE
  5
56B
330
17
100
AcDbEntity
  8
VISTA
100
AcDbLine
 10
501.675085
 20
7.604495475235018
 30
0.0
 11
501.6765
 21
7.603899633386
 31
0.0
  0
LINE
  5
56C
330
17
100
AcDbEntity
  8
VISTA
100
AcDbLine
 10
501.6915
 20
7.603899633386
 30
0.0
 11
501.69291499999997
 21
7.604495566872531
 31
0.0
  0
LINE
  5
56D
330
17
100
AcDbEntity
  8
VISTA
100
AcDbLine
 10
501.69291499999997
 20
7.604495566872531
 30
0.0
 11
501.693501
 21
7.60593372505658
 31
0.0
  0
LINE
  5
56E
330
17
100
AcDbEntity
  8
VISTA
100
AcDbLine
 10
501.6765
 20
7.616100366614
 30
0.0
 11
501.675085
 21
7.615504433444184
 31
0.0
  0
LINE
  5
56F
330
17
100
AcDbEntity
  8
VISTA
100
AcDbLine
 10
501.675085
 20
7.615504433444184
 30
0.0
 11
501.6745
 21
7.614066775060484
 31
0.0
  0
LINE
  5
570
330
17
100
AcDbEntity
  8
VISTA
100
AcDbLine
 10
501.693501
 20
7.614066775060484
 30
0.0
 11
501.69291499999997
 21
7.61550452508186
 31
0.0
  0
LINE
  5
571
330
17
100
AcDbEntity
  8
VISTA
100
AcDbLine
 10
501.69291499999997
 20
7.61550452508186
 30
0.0
 11
501.6915
 21
7.616100366614
 31
0.0
  0
LINE
  5
572
330
17
100
AcDbEntity
  8
VISTA
100
AcDbLine
 10
501.6745
 20
7.614066775060484
 30
0.0
 11
501.6745
 21
7.605933725056581
 31
0.0
  0
LINE
  5
573
330
17
100
AcDbEntity
  8
VISTA
100
AcDbLine
 10
501.6745
 20
7.605933725056581
 30
0.0
 11
501.6745
 21
7.60593372505658
 31
0.0
  0
LINE
  5
574
330
17
100
AcDbEntity
  8
VISTA
100
AcDbLine
 10
501.6765
 20
7.603899633386
 30
0.0
 11
501.6915
 21
7.603899633386
 31
0.0
  0
LINE
  5
575
330
17
100
AcDbEntity
  8
VISTA
100
AcDbLine
 10
501.6915
 20
7.616100366614
 30
0.0
 11
501.6765
 21
7.616100366614
 31
0.0
  0
LINE
  5
576
330
17
100
AcDbEntity
  8
VISTA
100
AcDbLine
 10
501.693501
 20
7.605933725056581
 30
0.0
 11
501.693501
 21
7.614066775060484
 31
0.0
  0
LINE
  5
577
330
17
100
AcDbEntity
  8
VISTA
100
AcDbLine
 10
501.8685
 20
7.605933725056581
 30
0.0
 11
501.869085
 21
7.604495475235018
 31
0.0
  0
LINE
  5
578
330
17
100
AcDbEntity
  8
VISTA
100
AcDbLine
 10
501.869085
 20
7.604495475235018
 30
0.0
 11
501.870501
 21
7.603899633386
 31
0.0
  0
LINE
  5
579
330
17
100
AcDbEntity
  8
VISTA
100
AcDbLine
 10
501.8855
 20
7.603899633386
 30
0.0
 11
501.886915
 21
7.604495566872531
 31
0.0
  0
LINE
  5
57A
330
17
100
AcDbEntity
  8
VISTA
100
AcDbLine
 10
501.886915
 20
7.604495566872531
 30
0.0
 11
501.887501
 21
7.60593372505658
 31
0.0
  0
LINE
  5
57B
330
17
100
AcDbEntity
  8
VISTA
100
AcDbLine
 10
501.870501
 20
7.616100366614
 30
0.0
 11
501.869085
 21
7.615504433444184
 31
0.0
  0
LINE
  5
57C
330
17
100
AcDbEntity
  8
VISTA
100
AcDbLine
 10
501.869085
 20
7.615504433444184
 30
0.0
 11
501.8685
 21
7.614066775060484
 31
0.0
  0
LINE
  5
57D
330
17
100
AcDbEntity
  8
VISTA
100
AcDbLine
 10
501.887501
 20
7.614066775060484
 30
0.0
 11
501.886915
 21
7.61550452508186
 31
0.0
  0
LINE
  5
57E
330
17
100
AcDbEntity
  8
VISTA
100
AcDbLine
 10
501.886915
 20
7.61550452508186
 30
0.0
 11
501.8855
 21
7.616100366614
 31
0.0
  0
LINE
  5
57F
330
17
100
AcDbEntity
  8
VISTA
100
AcDbLine
 10
501.8685
 20
7.614066775060484
 30
0.0
 11
501.8685
 21
7.605933725056581
 31
0.0
  0
LINE
  5
580
330
17
100
AcDbEntity
  8
VISTA
100
AcDbLine
 10
501.8685
 20
7.605933725056581
 30
0.0
 11
501.8685
 21
7.60593372505658
 31
0.0
  0
LINE
  5
581
330
17
100
AcDbEntity
  8
VISTA
100
AcDbLine
 10
501.870501
 20
7.603899633386
 30
0.0
 11
501.8855
 21
7.603899633386
 31
0.0
  0
LINE
  5
582
330
17
100
AcDbEntity
  8
VISTA
100
AcDbLine
 10
501.8855
 20
7.616100366614
 30
0.0
 11
501.870501
 21
7.616100366614
 31
0.0
  0
LINE
  5
583
330
17
100
AcDbEntity
  8
VISTA
100
AcDbLine
 10
501.887501
 20
7.605933725056581
 30
0.0
 11
501.887501
 21
7.614066775060484
 31
0.0
  0
LINE
  5
584
330
17
100
AcDbEntity
  8
VISTA
100
AcDbLine
 10
502.0625
 20
7.605933725056581
 30
0.0
 11
502.063086
 21
7.604495475235018
 31
0.0
  0
LINE
  5
585
330
17
100
AcDbEntity
  8
VISTA
100
AcDbLine
 10
502.063086
 20
7.604495475235018
 30
0.0
 11
502.064501
 21
7.603899633386
 31
0.0
  0
LINE
  5
586
330
17
100
AcDbEntity
  8
VISTA
100
AcDbLine
 10
502.0795
 20
7.603899633386
 30
0.0
 11
502.080915
 21
7.604495566872531
 31
0.0
  0
LINE
  5
587
330
17
100
AcDbEntity
  8
VISTA
100
AcDbLine
 10
502.080915
 20
7.604495566872531
 30
0.0
 11
502.081501
 21
7.60593372505658
 31
0.0
  0
LINE
  5
588
330
17
100
AcDbEntity
  8
VISTA
100
AcDbLine
 10
502.064501
 20
7.616100366614
 30
0.0
 11
502.063086
 21
7.615504433444184
 31
0.0
  0
LINE
  5
589
330
17
100
AcDbEntity
  8
VISTA
100
AcDbLine
 10
502.063086
 20
7.615504433444184
 30
0.0
 11
502.0625
 21
7.614066775060484
 31
0.0
  0
LINE
  5
58A
330
17
100
AcDbEntity
  8
VISTA
100
AcDbLine
 10
502.081501
 20
7.614066775060484
 30
0.0
 11
502.080915
 21
7.61550452508186
 31
0.0
  0
LINE
  5
58B
330
17
100
AcDbEntity
  8
VISTA
100
AcDbLine
 10
502.080915
 20
7.61550452508186
 30
0.0
 11
502.0795
 21
7.616100366614
 31
0.0
  0
LINE
  5
58C
330
17
100
AcDbEntity
  8
VISTA
100
AcDbLine
 10
502.0625
 20
7.614066775060484
 30
0.0
 11
502.0625
 21
7.605933725056581
 31
0.0
  0
LINE
  5
58D
330
17
100
AcDbEntity
  8
VISTA
100
AcDbLine
 10
502.0625
 20
7.605933725056581
 30
0.0
 11
502.0625
 21
7.60593372505658
 31
0.0
  0
LINE
  5
58E
330
17
100
AcDbEntity
  8
VISTA
100
AcDbLine
 10
502.064501
 20
7.603899633386
 30
0.0
 11
502.0795
 21
7.603899633386
 31
0.0
  0
LINE
  5
58F
330
17
100
AcDbEntity
  8
VISTA
100
AcDbLine
 10
502.0795
 20
7.616100366614
 30
0.0
 11
502.064501
 21
7.616100366614
 31
0.0
  0
LINE
  5
590
330
17
100
AcDbEntity
  8
VISTA
100
AcDbLine
 10
502.081501
 20
7.605933725056581
 30
0.0
 11
502.081501
 21
7.614066775060484
 31
0.0
  0
LINE
  5
591
330
17
100
AcDbEntity
  8
VISTA
100
AcDbLine
 10
502.2565
 20
7.605933725056581
 30
0.0
 11
502.257086
 21
7.604495475235018
 31
0.0
  0
LINE
  5
592
330
17
100
AcDbEntity
  8
VISTA
100
AcDbLine
 10
502.257086
 20
7.604495475235018
 30
0.0
 11
502.258501
 21
7.603899633386
 31
0.0
  0
LINE
  5
593
330
17
100
AcDbEntity
  8
VISTA
100
AcDbLine
 10
502.2735
 20
7.603899633386
 30
0.0
 11
502.274916
 21
7.604495566872531
 31
0.0
  0
LINE
  5
594
330
17
100
AcDbEntity
  8
VISTA
100
AcDbLine
 10
502.274916
 20
7.604495566872531
 30
0.0
 11
502.275501
 21
7.60593372505658
 31
0.0
  0
LINE
  5
595
330
17
100
AcDbEntity
  8
VISTA
100
AcDbLine
 10
502.258501
 20
7.616100366614
 30
0.0
 11
502.257086
 21
7.615504433444184
 31
0.0
  0
LINE
  5
596
330
17
100
AcDbEntity
  8
VISTA
100
AcDbLine
 10
502.257086
 20
7.615504433444184
 30
0.0
 11
502.2565
 21
7.614066775060484
 31
0.0
  0
LINE
  5
597
330
17
100
AcDbEntity
  8
VISTA
100
AcDbLine
 10
502.275501
 20
7.614066775060484
 30
0.0
 11
502.274916
 21
7.61550452508186
 31
0.0
  0
LINE
  5
598
330
17
100
AcDbEntity
  8
VISTA
100
AcDbLine
 10
502.274916
 20
7.61550452508186
 30
0.0
 11
502.2735
 21
7.616100366614
 31
0.0
  0
LINE
  5
599
330
17
100
AcDbEntity
  8
VISTA
100
AcDbLine
 10
502.2565
 20
7.614066775060484
 30
0.0
 11
502.2565
 21
7.605933725056581
 31
0.0
  0
LINE
  5
59A
330
17
100
AcDbEntity
  8
VISTA
100
AcDbLine
 10
502.2565
 20
7.605933725056581
 30
0.0
 11
502.2565
 21
7.60593372505658
 31
0.0
  0
LINE
  5
59B
330
17
100
AcDbEntity
  8
VISTA
100
AcDbLine
 10
502.258501
 20
7.603899633386
 30
0.0
 11
502.2735
 21
7.603899633386
 31
0.0
  0
LINE
  5
59C
330
17
100
AcDbEntity
  8
VISTA
100
AcDbLine
 10
502.2735
 20
7.616100366614
 30
0.0
 11
502.258501
 21
7.616100366614
 31
0.0
  0
LINE
  5
59D
330
17
100
AcDbEntity
  8
VISTA
100
AcDbLine
 10
502.275501
 20
7.605933725056581
 30
0.0
 11
502.275501
 21
7.614066775060484
 31
0.0
  0
LWPOLYLINE
  5
59E
330
17
100
AcDbEntity
  8
CORTE
100
AcDbPolyline
 90
5
 70
1
 10
493.99
 20
7.55
 10
494.17
 20
7.55
 10
494.17
 20
6.4
 10
493.99
 20
6.4
 10
493.99
 20
7.55
  0
LWPOLYLINE
  5
59F
330
17
100
AcDbEntity
  8
CORTE
100
AcDbPolyline
 90
5
 70
1
 10
501.83
 20
7.55
 10
502.01
 20
7.55
 10
502.01
 20
6.4
 10
501.83
 20
6.4
 10
501.83
 20
7.55
  0
LWPOLYLINE
  5
5A0
330
17
100
AcDbEntity
  8
VISTA
100
AcDbPolyline
 90
41
 70
1
 10
492.9808452428382
 20
1.5812379576930373
 10
492.980646
 20
1.581474
 10
492.9803396065263
 20
1.5824349182318345
 10
492.98
 20
1.5835
 10
492.98
 20
1.6157519446025421
 10
492.98
 20
1.6515
 10
492.9803063934737
 20
1.6524609182318346
 10
492.980646
 20
1.653526
 10
492.9808257571618
 20
1.6537389576930375
 10
492.981025
 20
1.653975
 10
492.98123748339975
 20
1.654154757161829
 10
492.981473
 20
1.654354
 10
492.98243439252514
 20
1.6546603934737243
 10
492.9835
 20
1.655
 10
493.4544716176703
 20
1.655
 10
493.9765
 20
1.655
 10
493.9774609182318
 20
1.6546936065262758
 10
493.978526
 20
1.654354
 10
493.97873848339975
 20
1.6541742428381712
 10
493.978974
 20
1.653975
 10
493.97917324283816
 20
1.6537389576930375
 10
493.979353
 20
1.653526
 10
493.97969313223297
 20
1.6524609182318346
 10
493.98
 20
1.6515
 10
493.98
 20
1.6157519446025421
 10
493.98
 20
1.5835
 10
493.97965986776705
 20
1.5824349182318345
 10
493.979353
 20
1.581474
 10
493.97915375716184
 20
1.5812379576930373
 10
493.978974
 20
1.581025
 10
493.97873848339975
 20
1.580825757161829
 10
493.978526
 20
1.580646
 10
493.9774609182318
 20
1.5803063934737243
 10
493.9765
 20
1.58
 10
493.4544732498577
 20
1.58
 10
492.9835
 20
1.58
 10
492.98243439252514
 20
1.5803396065262758
 10
492.981473
 20
1.580646
 10
492.98123748339975
 20
1.580845242838171
 10
492.981025
 20
1.581025
 10
492.9808452428382
 20
1.5812379576930373
  0
LINE
  5
5A1
330
17
100
AcDbEntity
  8
VISTA
100
AcDbLine
 10
492.977999
 20
1.367621660405243
 30
0.0
 11
492.9778997043801
 21
1.367774199575354
 31
0.0
  0
LINE
  5
5A2
330
17
100
AcDbEntity
  8
VISTA
100
AcDbLine
 10
492.9778997043801
 20
1.3677741995753545
 30
0.0
 11
492.977815
 21
1.367905244234247
 31
0.0
  0
LINE
  5
5A3
330
17
100
AcDbEntity
  8
VISTA
100
AcDbLine
 10
492.977815
 20
1.367905244234247
 30
0.0
 11
492.9776455831302
 21
1.368594373365919
 31
0.0
  0
LINE
  5
5A4
330
17
100
AcDbEntity
  8
VISTA
100
AcDbLine
 10
492.9776455831302
 20
1.3685943733659192
 30
0.0
 11
492.977501
 21
1.3691857111715742
 31
0.0
  0
LINE
  5
5A5
330
17
100
AcDbEntity
  8
VISTA
100
AcDbLine
 10
492.977501
 20
1.369185711171574
 30
0.0
 11
492.977501
 21
1.3691857111715742
 31
0.0
  0
LINE
  5
5A6
330
17
100
AcDbEntity
  8
VISTA
100
AcDbLine
 10
492.977501
 20
1.3691857111715742
 30
0.0
 11
492.977501
 21
1.4762980228255094
 31
0.0
  0
LINE
  5
5A7
330
17
100
AcDbEntity
  8
VISTA
100
AcDbLine
 10
492.977501
 20
1.4762980228255094
 30
0.0
 11
492.977501
 21
1.572953571830465
 31
0.0
  0
LINE
  5
5A8
330
17
100
AcDbEntity
  8
VISTA
100
AcDbLine
 10
492.977501
 20
1.572953571830465
 30
0.0
 11
492.97766211803986
 21
1.5736130497929701
 31
0.0
  0
LINE
  5
5A9
330
17
100
AcDbEntity
  8
VISTA
100
AcDbLine
 10
492.97766211803986
 20
1.5736130497929701
 30
0.0
 11
492.977815
 21
1.5742349206407895
 31
0.0
  0
LINE
  5
5AA
330
17
100
AcDbEntity
  8
VISTA
100
AcDbLine
 10
492.977815
 20
1.5742349206407893
 30
0.0
 11
492.97790939489647
 21
1.574380526751559
 31
0.0
  0
LINE
  5
5AB
330
17
100
AcDbEntity
  8
VISTA
100
AcDbLine
 10
492.97790939489647
 20
1.5743805267515592
 30
0.0
 11
492.977999
 21
1.5745181792444682
 31
0.0
  0
LINE
  5
5AC
330
17
100
AcDbEntity
  8
VISTA
100
AcDbLine
 10
493.0621012956199
 20
1.3677741995753545
 30
0.0
 11
493.062002
 21
1.367621660405243
 31
0.0
  0
LINE
  5
5AD
330
17
100
AcDbEntity
  8
VISTA
100
AcDbLine
 10
493.062186
 20
1.367905244234247
 30
0.0
 11
493.0621012956199
 21
1.367774199575354
 31
0.0
  0
LINE
  5
5AE
330
17
100
AcDbEntity
  8
VISTA
100
AcDbLine
 10
493.0623554168698
 20
1.3685943733659192
 30
0.0
 11
493.062186
 21
1.367905244234247
 31
0.0
  0
LINE
  5
5AF
330
17
100
AcDbEntity
  8
VISTA
100
AcDbLine
 10
493.0625
 20
1.369185711171574
 30
0.0
 11
493.0623554168698
 21
1.368594373365919
 31
0.0
  0
LINE
  5
5B0
330
17
100
AcDbEntity
  8
VISTA
100
AcDbLine
 10
493.0625
 20
1.4762980228255094
 30
0.0
 11
493.0625
 21
1.3691857111715742
 31
0.0
  0
LINE
  5
5B1
330
17
100
AcDbEntity
  8
VISTA
100
AcDbLine
 10
493.0625
 20
1.572953571830465
 30
0.0
 11
493.0625
 21
1.4762980228255094
 31
0.0
  0
LINE
  5
5B2
330
17
100
AcDbEntity
  8
VISTA
100
AcDbLine
 10
493.06233888196016
 20
1.5736130497929701
 30
0.0
 11
493.0625
 21
1.572953571830465
 31
0.0
  0
LINE
  5
5B3
330
17
100
AcDbEntity
  8
VISTA
100
AcDbLine
 10
493.062186
 20
1.5742349206407893
 30
0.0
 11
493.06233888196016
 21
1.5736130497929701
 31
0.0
  0
LINE
  5
5B4
330
17
100
AcDbEntity
  8
VISTA
100
AcDbLine
 10
493.06209160510355
 20
1.5743805267515592
 30
0.0
 11
493.062186
 21
1.5742349206407895
 31
0.0
  0
LINE
  5
5B5
330
17
100
AcDbEntity
  8
VISTA
100
AcDbLine
 10
493.062002
 20
1.5745181792444682
 30
0.0
 11
493.06209160510355
 21
1.574380526751559
 31
0.0
  0
LINE
  5
5B6
330
17
100
AcDbEntity
  8
VISTA
100
AcDbLine
 10
492.9781161119683
 20
1.3674931079290815
 30
0.0
 11
492.977999
 21
1.367621660405243
 31
0.0
  0
LINE
  5
5B7
330
17
100
AcDbEntity
  8
VISTA
100
AcDbLine
 10
492.9781161119683
 20
1.3674931079290817
 30
0.0
 11
492.978216
 21
1.3673825413736687
 31
0.0
  0
LINE
  5
5B8
330
17
100
AcDbEntity
  8
VISTA
100
AcDbLine
 10
492.9787470934333
 20
1.3671624072130915
 30
0.0
 11
492.978216
 21
1.3673825413736684
 31
0.0
  0
LINE
  5
5B9
330
17
100
AcDbEntity
  8
VISTA
100
AcDbLine
 10
492.9787470934333
 20
1.367162407213092
 30
0.0
 11
492.9792
 21
1.3669737604165924
 31
0.0
  0
LINE
  5
5BA
330
17
100
AcDbEntity
  8
VISTA
100
AcDbLine
 10
493.0232444123297
 20
1.3669737604165924
 30
0.0
 11
492.9792
 21
1.3669737604165926
 31
0.0
  0
LINE
  5
5BB
330
17
100
AcDbEntity
  8
VISTA
100
AcDbLine
 10
493.0232444123297
 20
1.3669737604165926
 30
0.0
 11
493.060801
 21
1.3669737604165924
 31
0.0
  0
LINE
  5
5BC
330
17
100
AcDbEntity
  8
VISTA
100
AcDbLine
 10
493.0613320893156
 20
1.3671938928135527
 30
0.0
 11
493.060801
 21
1.3669737604165926
 31
0.0
  0
LINE
  5
5BD
330
17
100
AcDbEntity
  8
VISTA
100
AcDbLine
 10
493.0613320893156
 20
1.367193892813553
 30
0.0
 11
493.061785
 21
1.3673825413736687
 31
0.0
  0
LINE
  5
5BE
330
17
100
AcDbEntity
  8
VISTA
100
AcDbLine
 10
493.06190211143763
 20
1.3675110932340682
 30
0.0
 11
493.061785
 21
1.3673825413736684
 31
0.0
  0
LINE
  5
5BF
330
17
100
AcDbEntity
  8
VISTA
100
AcDbLine
 10
493.06190211143763
 20
1.3675110932340682
 30
0.0
 11
493.062002
 21
1.367621660405243
 31
0.0
  0
LINE
  5
5C0
330
17
100
AcDbEntity
  8
VISTA
100
AcDbLine
 10
492.977999
 20
1.5745181792444682
 30
0.0
 11
492.9781103170887
 21
1.5746418272717078
 31
0.0
  0
LINE
  5
5C1
330
17
100
AcDbEntity
  8
VISTA
100
AcDbLine
 10
492.978216
 20
1.574757834171938
 30
0.0
 11
492.9781103170887
 21
1.5746418272717073
 31
0.0
  0
LINE
  5
5C2
330
17
100
AcDbEntity
  8
VISTA
100
AcDbLine
 10
492.978216
 20
1.5747578341719377
 30
0.0
 11
492.97872073291535
 21
1.5749680679796256
 31
0.0
  0
LINE
  5
5C3
330
17
100
AcDbEntity
  8
VISTA
100
AcDbLine
 10
492.9792
 20
1.5751667204642994
 30
0.0
 11
492.97872073291535
 21
1.5749680679796259
 31
0.0
  0
LINE
  5
5C4
330
17
100
AcDbEntity
  8
VISTA
100
AcDbLine
 10
492.9792
 20
1.5751667204642994
 30
0.0
 11
493.0210543199744
 21
1.5751667204642994
 31
0.0
  0
LINE
  5
5C5
330
17
100
AcDbEntity
  8
VISTA
100
AcDbLine
 10
493.060801
 20
1.5751667204642994
 30
0.0
 11
493.0210543199744
 21
1.5751667204642994
 31
0.0
  0
LINE
  5
5C6
330
17
100
AcDbEntity
  8
VISTA
100
AcDbLine
 10
493.060801
 20
1.5751667204642994
 30
0.0
 11
493.0613057342567
 21
1.5749564861519567
 31
0.0
  0
LINE
  5
5C7
330
17
100
AcDbEntity
  8
VISTA
100
AcDbLine
 10
493.061785
 20
1.574757834171938
 30
0.0
 11
493.0613057342567
 21
1.5749564861519565
 31
0.0
  0
LINE
  5
5C8
330
17
100
AcDbEntity
  8
VISTA
100
AcDbLine
 10
493.061785
 20
1.5747578341719377
 30
0.0
 11
493.0618963172916
 21
1.5746341859645676
 31
0.0
  0
LINE
  5
5C9
330
17
100
AcDbEntity
  8
VISTA
100
AcDbLine
 10
493.062002
 20
1.5745181792444682
 30
0.0
 11
493.0618963172916
 21
1.5746341859645674
 31
0.0
  0
LINE
  5
5CA
330
17
100
AcDbEntity
  8
VISTA
100
AcDbLine
 10
492.972998
 20
2.5924333339050434
 30
0.0
 11
492.9729004790314
 21
2.5925827112823985
 31
0.0
  0
LINE
  5
5CB
330
17
100
AcDbEntity
  8
VISTA
100
AcDbLine
 10
492.9729004790314
 20
2.5925827112823985
 30
0.0
 11
492.97281399999997
 21
2.5927161152376414
 31
0.0
  0
LINE
  5
5CC
330
17
100
AcDbEntity
  8
VISTA
100
AcDbLine
 10
492.97281399999997
 20
2.592716115237642
 30
0.0
 11
492.97264761118333
 21
2.5933924395696053
 31
0.0
  0
LINE
  5
5CD
330
17
100
AcDbEntity
  8
VISTA
100
AcDbLine
 10
492.97264761118333
 20
2.5933924395696057
 30
0.0
 11
492.9725
 21
2.593996199452307
 31
0.0
  0
LINE
  5
5CE
330
17
100
AcDbEntity
  8
VISTA
100
AcDbLine
 10
492.9725
 20
2.5939961994523064
 30
0.0
 11
492.9725
 21
2.593996199452307
 31
0.0
  0
LINE
  5
5CF
330
17
100
AcDbEntity
  8
VISTA
100
AcDbLine
 10
492.9725
 20
2.593996199452307
 30
0.0
 11
492.9725
 21
2.622472105543116
 31
0.0
  0
LINE
  5
5D0
330
17
100
AcDbEntity
  8
VISTA
100
AcDbLine
 10
492.9725
 20
2.622472105543116
 30
0.0
 11
492.9725
 21
2.6481173188454457
 31
0.0
  0
LINE
  5
5D1
330
17
100
AcDbEntity
  8
VISTA
100
AcDbLine
 10
492.9725
 20
2.6481173188454457
 30
0.0
 11
492.97266414617565
 21
2.648789232981728
 31
0.0
  0
LINE
  5
5D2
330
17
100
AcDbEntity
  8
VISTA
100
AcDbLine
 10
492.97266414617565
 20
2.648789232981728
 30
0.0
 11
492.97281399999997
 21
2.649398824403358
 31
0.0
  0
LINE
  5
5D3
330
17
100
AcDbEntity
  8
VISTA
100
AcDbLine
 10
492.97281399999997
 20
2.649398824403358
 30
0.0
 11
492.97291016954864
 21
2.6495476158446123
 31
0.0
  0
LINE
  5
5D4
330
17
100
AcDbEntity
  8
VISTA
100
AcDbLine
 10
492.97291016954864
 20
2.649547615844612
 30
0.0
 11
492.972998
 21
2.6496825505015433
 31
0.0
  0
LINE
  5
5D5
330
17
100
AcDbEntity
  8
VISTA
100
AcDbLine
 10
493.01709952096854
 20
2.5925827112823985
 30
0.0
 11
493.017002
 21
2.592433333905044
 31
0.0
  0
LINE
  5
5D6
330
17
100
AcDbEntity
  8
VISTA
100
AcDbLine
 10
493.017186
 20
2.592716115237642
 30
0.0
 11
493.01709952096854
 21
2.5925827112823985
 31
0.0
  0
LINE
  5
5D7
330
17
100
AcDbEntity
  8
VISTA
100
AcDbLine
 10
493.0173523888167
 20
2.5933924395696057
 30
0.0
 11
493.017186
 21
2.5927161152376414
 31
0.0
  0
LINE
  5
5D8
330
17
100
AcDbEntity
  8
VISTA
100
AcDbLine
 10
493.0175
 20
2.5939961994523064
 30
0.0
 11
493.0173523888167
 21
2.5933924395696053
 31
0.0
  0
LINE
  5
5D9
330
17
100
AcDbEntity
  8
VISTA
100
AcDbLine
 10
493.0175
 20
2.622472105543116
 30
0.0
 11
493.0175
 21
2.593996199452307
 31
0.0
  0
LINE
  5
5DA
330
17
100
AcDbEntity
  8
VISTA
100
AcDbLine
 10
493.0175
 20
2.6481173188454457
 30
0.0
 11
493.0175
 21
2.622472105543116
 31
0.0
  0
LINE
  5
5DB
330
17
100
AcDbEntity
  8
VISTA
100
AcDbLine
 10
493.01733585382436
 20
2.648789232981728
 30
0.0
 11
493.0175
 21
2.6481173188454457
 31
0.0
  0
LINE
  5
5DC
330
17
100
AcDbEntity
  8
VISTA
100
AcDbLine
 10
493.017186
 20
2.649398824403358
 30
0.0
 11
493.01733585382436
 21
2.648789232981728
 31
0.0
  0
LINE
  5
5DD
330
17
100
AcDbEntity
  8
VISTA
100
AcDbLine
 10
493.01708983045137
 20
2.649547615844612
 30
0.0
 11
493.017186
 21
2.649398824403358
 31
0.0
  0
LINE
  5
5DE
330
17
100
AcDbEntity
  8
VISTA
100
AcDbLine
 10
493.017002
 20
2.6496825505015433
 30
0.0
 11
493.01708983045137
 21
2.6495476158446123
 31
0.0
  0
LINE
  5
5DF
330
17
100
AcDbEntity
  8
VISTA
100
AcDbLine
 10
492.97311354893696
 20
2.5923060961258653
 30
0.0
 11
492.972998
 21
2.592433333905044
 31
0.0
  0
LINE
  5
5E0
330
17
100
AcDbEntity
  8
VISTA
100
AcDbLine
 10
492.97311354893696
 20
2.5923060961258653
 30
0.0
 11
492.973216
 21
2.5921928112471786
 31
0.0
  0
LINE
  5
5E1
330
17
100
AcDbEntity
  8
VISTA
100
AcDbLine
 10
492.97373760218096
 20
2.591977127736933
 30
0.0
 11
492.973216
 21
2.5921928112471786
 31
0.0
  0
LINE
  5
5E2
330
17
100
AcDbEntity
  8
VISTA
100
AcDbLine
 10
492.97373760218096
 20
2.591977127736933
 30
0.0
 11
492.9742
 21
2.5917849101103445
 31
0.0
  0
LINE
  5
5E3
330
17
100
AcDbEntity
  8
VISTA
100
AcDbLine
 10
492.99625249875044
 20
2.5917849101103445
 30
0.0
 11
492.9742
 21
2.5917849101103445
 31
0.0
  0
LINE
  5
5E4
330
17
100
AcDbEntity
  8
VISTA
100
AcDbLine
 10
492.99625249875044
 20
2.5917849101103445
 30
0.0
 11
493.0158
 21
2.5917849101103445
 31
0.0
  0
LINE
  5
5E5
330
17
100
AcDbEntity
  8
VISTA
100
AcDbLine
 10
493.0163215989412
 20
2.5920005922206206
 30
0.0
 11
493.0158
 21
2.5917849101103445
 31
0.0
  0
LINE
  5
5E6
330
17
100
AcDbEntity
  8
VISTA
100
AcDbLine
 10
493.0163215989412
 20
2.5920005922206206
 30
0.0
 11
493.016784
 21
2.5921928112471786
 31
0.0
  0
LINE
  5
5E7
330
17
100
AcDbEntity
  8
VISTA
100
AcDbLine
 10
493.01689954853
 20
2.5923200485617235
 30
0.0
 11
493.016784
 21
2.5921928112471786
 31
0.0
  0
LINE
  5
5E8
330
17
100
AcDbEntity
  8
VISTA
100
AcDbLine
 10
493.01689954853
 20
2.592320048561724
 30
0.0
 11
493.017002
 21
2.5924333339050434
 31
0.0
  0
LINE
  5
5E9
330
17
100
AcDbEntity
  8
VISTA
100
AcDbLine
 10
492.972998
 20
2.6496825505015433
 30
0.0
 11
492.97311193268933
 21
2.6498080924530267
 31
0.0
  0
LINE
  5
5EA
330
17
100
AcDbEntity
  8
VISTA
100
AcDbLine
 10
492.973216
 20
2.6499218090098458
 30
0.0
 11
492.97311193268933
 21
2.6498080924530267
 31
0.0
  0
LINE
  5
5EB
330
17
100
AcDbEntity
  8
VISTA
100
AcDbLine
 10
492.973216
 20
2.6499218090098458
 30
0.0
 11
492.9737302234271
 21
2.650135486533131
 31
0.0
  0
LINE
  5
5EC
330
17
100
AcDbEntity
  8
VISTA
100
AcDbLine
 10
492.9742
 20
2.6503297399788117
 30
0.0
 11
492.9737302234271
 21
2.650135486533131
 31
0.0
  0
LINE
  5
5ED
330
17
100
AcDbEntity
  8
VISTA
100
AcDbLine
 10
492.9742
 20
2.6503297399788113
 30
0.0
 11
492.99593848098914
 21
2.6503297399788117
 31
0.0
  0
LINE
  5
5EE
330
17
100
AcDbEntity
  8
VISTA
100
AcDbLine
 10
493.0158
 20
2.6503297399788117
 30
0.0
 11
492.99593848098914
 21
2.6503297399788113
 31
0.0
  0
LINE
  5
5EF
330
17
100
AcDbEntity
  8
VISTA
100
AcDbLine
 10
493.0158
 20
2.6503297399788113
 30
0.0
 11
493.01631422576816
 21
2.650116061537789
 31
0.0
  0
LINE
  5
5F0
330
17
100
AcDbEntity
  8
VISTA
100
AcDbLine
 10
493.016784
 20
2.6499218090098458
 30
0.0
 11
493.01631422576816
 21
2.650116061537789
 31
0.0
  0
LINE
  5
5F1
330
17
100
AcDbEntity
  8
VISTA
100
AcDbLine
 10
493.016784
 20
2.6499218090098458
 30
0.0
 11
493.0168979329933
 21
2.649796266755626
 31
0.0
  0
LINE
  5
5F2
330
17
100
AcDbEntity
  8
VISTA
100
AcDbLine
 10
493.017002
 20
2.6496825505015433
 30
0.0
 11
493.0168979329933
 21
2.6497962667556254
 31
0.0
  0
LINE
  5
5F3
330
17
100
AcDbEntity
  8
VISTA
100
AcDbLine
 10
493.897998
 20
1.367621660405243
 30
0.0
 11
493.89789870438005
 21
1.367774199575354
 31
0.0
  0
LINE
  5
5F4
330
17
100
AcDbEntity
  8
VISTA
100
AcDbLine
 10
493.89789870438005
 20
1.3677741995753545
 30
0.0
 11
493.897814
 21
1.367905244234247
 31
0.0
  0
LINE
  5
5F5
330
17
100
AcDbEntity
  8
VISTA
100
AcDbLine
 10
493.897814
 20
1.367905244234247
 30
0.0
 11
493.8976445831302
 21
1.368594373365919
 31
0.0
  0
LINE
  5
5F6
330
17
100
AcDbEntity
  8
VISTA
100
AcDbLine
 10
493.8976445831302
 20
1.3685943733659192
 30
0.0
 11
493.8975
 21
1.3691857111715742
 31
0.0
  0
LINE
  5
5F7
330
17
100
AcDbEntity
  8
VISTA
100
AcDbLine
 10
493.8975
 20
1.369185711171574
 30
0.0
 11
493.8975
 21
1.3691857111715742
 31
0.0
  0
LINE
  5
5F8
330
17
100
AcDbEntity
  8
VISTA
100
AcDbLine
 10
493.8975
 20
1.3691857111715742
 30
0.0
 11
493.8975
 21
1.4762980228255094
 31
0.0
  0
LINE
  5
5F9
330
17
100
AcDbEntity
  8
VISTA
100
AcDbLine
 10
493.8975
 20
1.4762980228255094
 30
0.0
 11
493.8975
 21
1.572953571830465
 31
0.0
  0
LINE
  5
5FA
330
17
100
AcDbEntity
  8
VISTA
100
AcDbLine
 10
493.8975
 20
1.572953571830465
 30
0.0
 11
493.8976611180398
 21
1.5736130497929701
 31
0.0
  0
LINE
  5
5FB
330
17
100
AcDbEntity
  8
VISTA
100
AcDbLine
 10
493.8976611180398
 20
1.5736130497929701
 30
0.0
 11
493.897814
 21
1.5742349206407895
 31
0.0
  0
LINE
  5
5FC
330
17
100
AcDbEntity
  8
VISTA
100
AcDbLine
 10
493.897814
 20
1.5742349206407893
 30
0.0
 11
493.89790839489643
 21
1.574380526751559
 31
0.0
  0
LINE
  5
5FD
330
17
100
AcDbEntity
  8
VISTA
100
AcDbLine
 10
493.89790839489643
 20
1.5743805267515592
 30
0.0
 11
493.897998
 21
1.5745181792444682
 31
0.0
  0
LINE
  5
5FE
330
17
100
AcDbEntity
  8
VISTA
100
AcDbLine
 10
493.98210029561994
 20
1.3677741995753545
 30
0.0
 11
493.982001
 21
1.367621660405243
 31
0.0
  0
LINE
  5
5FF
330
17
100
AcDbEntity
  8
VISTA
100
AcDbLine
 10
493.982185
 20
1.367905244234247
 30
0.0
 11
493.98210029561994
 21
1.367774199575354
 31
0.0
  0
LINE
  5
600
330
17
100
AcDbEntity
  8
VISTA
100
AcDbLine
 10
493.9823544168698
 20
1.3685943733659192
 30
0.0
 11
493.982185
 21
1.367905244234247
 31
0.0
  0
LINE
  5
601
330
17
100
AcDbEntity
  8
VISTA
100
AcDbLine
 10
493.982499
 20
1.369185711171574
 30
0.0
 11
493.9823544168698
 21
1.368594373365919
 31
0.0
  0
LINE
  5
602
330
17
100
AcDbEntity
  8
VISTA
100
AcDbLine
 10
493.982499
 20
1.4762980228255094
 30
0.0
 11
493.982499
 21
1.3691857111715742
 31
0.0
  0
LINE
  5
603
330
17
100
AcDbEntity
  8
VISTA
100
AcDbLine
 10
493.982499
 20
1.572953571830465
 30
0.0
 11
493.982499
 21
1.4762980228255094
 31
0.0
  0
LINE
  5
604
330
17
100
AcDbEntity
  8
VISTA
100
AcDbLine
 10
493.9823378819602
 20
1.5736130497929701
 30
0.0
 11
493.982499
 21
1.572953571830465
 31
0.0
  0
LINE
  5
605
330
17
100
AcDbEntity
  8
VISTA
100
AcDbLine
 10
493.982185
 20
1.5742349206407893
 30
0.0
 11
493.9823378819602
 21
1.5736130497929701
 31
0.0
  0
LINE
  5
606
330
17
100
AcDbEntity
  8
VISTA
100
AcDbLine
 10
493.98209060510356
 20
1.5743805267515592
 30
0.0
 11
493.982185
 21
1.5742349206407895
 31
0.0
  0
LINE
  5
607
330
17
100
AcDbEntity
  8
VISTA
100
AcDbLine
 10
493.982001
 20
1.5745181792444682
 30
0.0
 11
493.98209060510356
 21
1.574380526751559
 31
0.0
  0
LINE
  5
608
330
17
100
AcDbEntity
  8
VISTA
100
AcDbLine
 10
493.8981151119683
 20
1.3674931079290815
 30
0.0
 11
493.897998
 21
1.367621660405243
 31
0.0
  0
LINE
  5
609
330
17
100
AcDbEntity
  8
VISTA
100
AcDbLine
 10
493.8981151119683
 20
1.3674931079290817
 30
0.0
 11
493.898215
 21
1.3673825413736687
 31
0.0
  0
LINE
  5
60A
330
17
100
AcDbEntity
  8
VISTA
100
AcDbLine
 10
493.8987460934333
 20
1.3671624072130915
 30
0.0
 11
493.898215
 21
1.3673825413736684
 31
0.0
  0
LINE
  5
60B
330
17
100
AcDbEntity
  8
VISTA
100
AcDbLine
 10
493.8987460934333
 20
1.367162407213092
 30
0.0
 11
493.899199
 21
1.3669737604165924
 31
0.0
  0
LINE
  5
60C
330
17
100
AcDbEntity
  8
VISTA
100
AcDbLine
 10
493.94324341232965
 20
1.3669737604165924
 30
0.0
 11
493.899199
 21
1.3669737604165926
 31
0.0
  0
LINE
  5
60D
330
17
100
AcDbEntity
  8
VISTA
100
AcDbLine
 10
493.94324341232965
 20
1.3669737604165926
 30
0.0
 11
493.9808
 21
1.3669737604165924
 31
0.0
  0
LINE
  5
60E
330
17
100
AcDbEntity
  8
VISTA
100
AcDbLine
 10
493.9813310893156
 20
1.3671938928135527
 30
0.0
 11
493.9808
 21
1.3669737604165926
 31
0.0
  0
LINE
  5
60F
330
17
100
AcDbEntity
  8
VISTA
100
AcDbLine
 10
493.9813310893156
 20
1.367193892813553
 30
0.0
 11
493.981784
 21
1.3673825413736687
 31
0.0
  0
LINE
  5
610
330
17
100
AcDbEntity
  8
VISTA
100
AcDbLine
 10
493.98190111143765
 20
1.3675110932340682
 30
0.0
 11
493.981784
 21
1.3673825413736684
 31
0.0
  0
LINE
  5
611
330
17
100
AcDbEntity
  8
VISTA
100
AcDbLine
 10
493.98190111143765
 20
1.3675110932340682
 30
0.0
 11
493.982001
 21
1.367621660405243
 31
0.0
  0
LINE
  5
612
330
17
100
AcDbEntity
  8
VISTA
100
AcDbLine
 10
493.897998
 20
1.5745181792444682
 30
0.0
 11
493.8981093170887
 21
1.5746418272717078
 31
0.0
  0
LINE
  5
613
330
17
100
AcDbEntity
  8
VISTA
100
AcDbLine
 10
493.898215
 20
1.574757834171938
 30
0.0
 11
493.8981093170887
 21
1.5746418272717073
 31
0.0
  0
LINE
  5
614
330
17
100
AcDbEntity
  8
VISTA
100
AcDbLine
 10
493.898215
 20
1.5747578341719377
 30
0.0
 11
493.89871973291537
 21
1.5749680679796256
 31
0.0
  0
LINE
  5
615
330
17
100
AcDbEntity
  8
VISTA
100
AcDbLine
 10
493.899199
 20
1.5751667204642994
 30
0.0
 11
493.89871973291537
 21
1.5749680679796259
 31
0.0
  0
LINE
  5
616
330
17
100
AcDbEntity
  8
VISTA
100
AcDbLine
 10
493.899199
 20
1.5751667204642994
 30
0.0
 11
493.9410533199744
 21
1.5751667204642994
 31
0.0
  0
LINE
  5
617
330
17
100
AcDbEntity
  8
VISTA
100
AcDbLine
 10
493.9808
 20
1.5751667204642994
 30
0.0
 11
493.9410533199744
 21
1.5751667204642994
 31
0.0
  0
LINE
  5
618
330
17
100
AcDbEntity
  8
VISTA
100
AcDbLine
 10
493.9808
 20
1.5751667204642994
 30
0.0
 11
493.9813047342567
 21
1.5749564861519567
 31
0.0
  0
LINE
  5
619
330
17
100
AcDbEntity
  8
VISTA
100
AcDbLine
 10
493.981784
 20
1.574757834171938
 30
0.0
 11
493.9813047342567
 21
1.5749564861519565
 31
0.0
  0
LINE
  5
61A
330
17
100
AcDbEntity
  8
VISTA
100
AcDbLine
 10
493.981784
 20
1.5747578341719377
 30
0.0
 11
493.9818953172916
 21
1.5746341859645676
 31
0.0
  0
LINE
  5
61B
330
17
100
AcDbEntity
  8
VISTA
100
AcDbLine
 10
493.982001
 20
1.5745181792444682
 30
0.0
 11
493.9818953172916
 21
1.5746341859645674
 31
0.0
  0
LINE
  5
61C
330
17
100
AcDbEntity
  8
VISTA
100
AcDbLine
 10
493.942998
 20
2.5924333339050434
 30
0.0
 11
493.94290047903144
 21
2.5925827112823985
 31
0.0
  0
LINE
  5
61D
330
17
100
AcDbEntity
  8
VISTA
100
AcDbLine
 10
493.94290047903144
 20
2.5925827112823985
 30
0.0
 11
493.942814
 21
2.5927161152376414
 31
0.0
  0
LINE
  5
61E
330
17
100
AcDbEntity
  8
VISTA
100
AcDbLine
 10
493.942814
 20
2.592716115237642
 30
0.0
 11
493.94264761118336
 21
2.5933924395696053
 31
0.0
  0
LINE
  5
61F
330
17
100
AcDbEntity
  8
VISTA
100
AcDbLine
 10
493.94264761118336
 20
2.5933924395696057
 30
0.0
 11
493.9425
 21
2.593996199452307
 31
0.0
  0
LINE
  5
620
330
17
100
AcDbEntity
  8
VISTA
100
AcDbLine
 10
493.9425
 20
2.5939961994523064
 30
0.0
 11
493.9425
 21
2.593996199452307
 31
0.0
  0
LINE
  5
621
330
17
100
AcDbEntity
  8
VISTA
100
AcDbLine
 10
493.9425
 20
2.593996199452307
 30
0.0
 11
493.9425
 21
2.622472105543116
 31
0.0
  0
LINE
  5
622
330
17
100
AcDbEntity
  8
VISTA
100
AcDbLine
 10
493.9425
 20
2.622472105543116
 30
0.0
 11
493.9425
 21
2.6481173188454457
 31
0.0
  0
LINE
  5
623
330
17
100
AcDbEntity
  8
VISTA
100
AcDbLine
 10
493.9425
 20
2.6481173188454457
 30
0.0
 11
493.9426641461757
 21
2.648789232981728
 31
0.0
  0
LINE
  5
624
330
17
100
AcDbEntity
  8
VISTA
100
AcDbLine
 10
493.9426641461757
 20
2.648789232981728
 30
0.0
 11
493.942814
 21
2.649398824403358
 31
0.0
  0
LINE
  5
625
330
17
100
AcDbEntity
  8
VISTA
100
AcDbLine
 10
493.942814
 20
2.649398824403358
 30
0.0
 11
493.9429101695486
 21
2.6495476158446123
 31
0.0
  0
LINE
  5
626
330
17
100
AcDbEntity
  8
VISTA
100
AcDbLine
 10
493.9429101695486
 20
2.649547615844612
 30
0.0
 11
493.942998
 21
2.6496825505015433
 31
0.0
  0
LINE
  5
627
330
17
100
AcDbEntity
  8
VISTA
100
AcDbLine
 10
493.98709952096857
 20
2.5925827112823985
 30
0.0
 11
493.987002
 21
2.592433333905044
 31
0.0
  0
LINE
  5
628
330
17
100
AcDbEntity
  8
VISTA
100
AcDbLine
 10
493.987186
 20
2.592716115237642
 30
0.0
 11
493.98709952096857
 21
2.5925827112823985
 31
0.0
  0
LINE
  5
629
330
17
100
AcDbEntity
  8
VISTA
100
AcDbLine
 10
493.98735238881665
 20
2.5933924395696057
 30
0.0
 11
493.987186
 21
2.5927161152376414
 31
0.0
  0
LINE
  5
62A
330
17
100
AcDbEntity
  8
VISTA
100
AcDbLine
 10
493.9875
 20
2.5939961994523064
 30
0.0
 11
493.98735238881665
 21
2.5933924395696053
 31
0.0
  0
LINE
  5
62B
330
17
100
AcDbEntity
  8
VISTA
100
AcDbLine
 10
493.9875
 20
2.622472105543116
 30
0.0
 11
493.9875
 21
2.593996199452307
 31
0.0
  0
LINE
  5
62C
330
17
100
AcDbEntity
  8
VISTA
100
AcDbLine
 10
493.9875
 20
2.6481173188454457
 30
0.0
 11
493.9875
 21
2.622472105543116
 31
0.0
  0
LINE
  5
62D
330
17
100
AcDbEntity
  8
VISTA
100
AcDbLine
 10
493.98733585382433
 20
2.648789232981728
 30
0.0
 11
493.9875
 21
2.6481173188454457
 31
0.0
  0
LINE
  5
62E
330
17
100
AcDbEntity
  8
VISTA
100
AcDbLine
 10
493.987186
 20
2.649398824403358
 30
0.0
 11
493.98733585382433
 21
2.648789232981728
 31
0.0
  0
LINE
  5
62F
330
17
100
AcDbEntity
  8
VISTA
100
AcDbLine
 10
493.98708983045134
 20
2.649547615844612
 30
0.0
 11
493.987186
 21
2.649398824403358
 31
0.0
  0
LINE
  5
630
330
17
100
AcDbEntity
  8
VISTA
100
AcDbLine
 10
493.987002
 20
2.6496825505015433
 30
0.0
 11
493.98708983045134
 21
2.6495476158446123
 31
0.0
  0
LINE
  5
631
330
17
100
AcDbEntity
  8
VISTA
100
AcDbLine
 10
493.943113548937
 20
2.5923060961258653
 30
0.0
 11
493.942998
 21
2.592433333905044
 31
0.0
  0
LINE
  5
632
330
17
100
AcDbEntity
  8
VISTA
100
AcDbLine
 10
493.943113548937
 20
2.5923060961258653
 30
0.0
 11
493.943216
 21
2.5921928112471786
 31
0.0
  0
LINE
  5
633
330
17
100
AcDbEntity
  8
VISTA
100
AcDbLine
 10
493.9437381322645
 20
2.591977127736933
 30
0.0
 11
493.943216
 21
2.5921928112471786
 31
0.0
  0
LINE
  5
634
330
17
100
AcDbEntity
  8
VISTA
100
AcDbLine
 10
493.9437381322645
 20
2.591977127736933
 30
0.0
 11
493.944201
 21
2.5917849101103445
 31
0.0
  0
LINE
  5
635
330
17
100
AcDbEntity
  8
VISTA
100
AcDbLine
 10
493.9662529686423
 20
2.5917849101103445
 30
0.0
 11
493.944201
 21
2.5917849101103445
 31
0.0
  0
LINE
  5
636
330
17
100
AcDbEntity
  8
VISTA
100
AcDbLine
 10
493.9662529686423
 20
2.5917849101103445
 30
0.0
 11
493.9858
 21
2.5917849101103445
 31
0.0
  0
LINE
  5
637
330
17
100
AcDbEntity
  8
VISTA
100
AcDbLine
 10
493.98632159894123
 20
2.5920005922206206
 30
0.0
 11
493.9858
 21
2.5917849101103445
 31
0.0
  0
LINE
  5
638
330
17
100
AcDbEntity
  8
VISTA
100
AcDbLine
 10
493.98632159894123
 20
2.5920005922206206
 30
0.0
 11
493.986784
 21
2.5921928112471786
 31
0.0
  0
LINE
  5
639
330
17
100
AcDbEntity
  8
VISTA
100
AcDbLine
 10
493.98689954853
 20
2.5923200485617235
 30
0.0
 11
493.986784
 21
2.5921928112471786
 31
0.0
  0
LINE
  5
63A
330
17
100
AcDbEntity
  8
VISTA
100
AcDbLine
 10
493.98689954853
 20
2.592320048561724
 30
0.0
 11
493.987002
 21
2.5924333339050434
 31
0.0
  0
LINE
  5
63B
330
17
100
AcDbEntity
  8
VISTA
100
AcDbLine
 10
493.942998
 20
2.6496825505015433
 30
0.0
 11
493.9431119326893
 21
2.6498080924530267
 31
0.0
  0
LINE
  5
63C
330
17
100
AcDbEntity
  8
VISTA
100
AcDbLine
 10
493.943216
 20
2.6499218090098458
 30
0.0
 11
493.9431119326893
 21
2.6498080924530267
 31
0.0
  0
LINE
  5
63D
330
17
100
AcDbEntity
  8
VISTA
100
AcDbLine
 10
493.943216
 20
2.6499218090098458
 30
0.0
 11
493.94373074601185
 21
2.650135486533131
 31
0.0
  0
LINE
  5
63E
330
17
100
AcDbEntity
  8
VISTA
100
AcDbLine
 10
493.944201
 20
2.6503297399788117
 30
0.0
 11
493.94373074601185
 21
2.650135486533131
 31
0.0
  0
LINE
  5
63F
330
17
100
AcDbEntity
  8
VISTA
100
AcDbLine
 10
493.944201
 20
2.6503297399788113
 30
0.0
 11
493.9659389584295
 21
2.6503297399788117
 31
0.0
  0
LINE
  5
640
330
17
100
AcDbEntity
  8
VISTA
100
AcDbLine
 10
493.9858
 20
2.6503297399788117
 30
0.0
 11
493.9659389584295
 21
2.6503297399788113
 31
0.0
  0
LINE
  5
641
330
17
100
AcDbEntity
  8
VISTA
100
AcDbLine
 10
493.9858
 20
2.6503297399788113
 30
0.0
 11
493.9863142257681
 21
2.650116061537789
 31
0.0
  0
LINE
  5
642
330
17
100
AcDbEntity
  8
VISTA
100
AcDbLine
 10
493.986784
 20
2.6499218090098458
 30
0.0
 11
493.9863142257681
 21
2.650116061537789
 31
0.0
  0
LINE
  5
643
330
17
100
AcDbEntity
  8
VISTA
100
AcDbLine
 10
493.986784
 20
2.6499218090098458
 30
0.0
 11
493.9868979329933
 21
2.649796266755626
 31
0.0
  0
LINE
  5
644
330
17
100
AcDbEntity
  8
VISTA
100
AcDbLine
 10
493.987002
 20
2.6496825505015433
 30
0.0
 11
493.9868979329933
 21
2.6497962667556254
 31
0.0
  0
LWPOLYLINE
  5
645
330
17
100
AcDbEntity
  8
VISTA
100
AcDbPolyline
 90
13
 70
1
 10
493.014294
 20
1.6713455000000002
 10
493.014001
 20
1.672053
 10
493.014001
 20
2.6100525
 10
493.014294
 20
2.61076
 10
493.015001
 20
2.611053
 10
493.025
 20
2.611053
 10
493.025707
 20
2.61076
 10
493.026
 20
2.6100525
 10
493.026
 20
1.672053
 10
493.025707
 20
1.6713455000000002
 10
493.025
 20
1.6710525
 10
493.015001
 20
1.6710525
 10
493.014294
 20
1.6713455000000002
  0
LWPOLYLINE
  5
646
330
17
100
AcDbEntity
  8
VISTA
100
AcDbPolyline
 90
13
 70
1
 10
493.974293
 20
1.6713455000000002
 10
493.974
 20
1.672053
 10
493.974
 20
2.6100525
 10
493.974293
 20
2.61076
 10
493.975
 20
2.611053
 10
493.984999
 20
2.611053
 10
493.985706
 20
2.61076
 10
493.985999
 20
2.6100525
 10
493.985999
 20
1.672053
 10
493.985706
 20
1.6713455000000002
 10
493.984999
 20
1.6710525
 10
493.975
 20
1.6710525
 10
493.974293
 20
1.6713455000000002
  0
LWPOLYLINE
  5
647
330
17
100
AcDbEntity
  8
VISTA
100
AcDbPolyline
 90
17
 70
1
 10
493.0685
 20
1.5475
 10
493.068661
 20
1.547853
 10
493.069052
 20
1.548
 10
493.1429229455942
 20
1.548
 10
493.8187078643006
 20
1.548
 10
493.890947
 20
1.548
 10
493.891338
 20
1.547853
 10
493.8915
 20
1.5475
 10
493.8915
 20
1.5455
 10
493.891336
 20
1.545147
 10
493.890941
 20
1.545
 10
493.80647773688054
 20
1.545
 10
493.1535219846762
 20
1.545
 10
493.069058
 20
1.545
 10
493.068663
 20
1.545147
 10
493.0685
 20
1.5455
 10
493.0685
 20
1.5475
  0
LWPOLYLINE
  5
648
330
17
100
AcDbEntity
  8
VISTA
100
AcDbPolyline
 90
17
 70
1
 10
493.8915
 20
1.5775
 10
493.891338
 20
1.577147
 10
493.890946
 20
1.577
 10
493.81826595086096
 20
1.577
 10
493.1412890247756
 20
1.577
 10
493.069053
 20
1.577
 10
493.068661
 20
1.577147
 10
493.0685
 20
1.5775
 10
493.0685
 20
1.5795
 10
493.068663
 20
1.579853
 10
493.069058
 20
1.58
 10
493.1535219846762
 20
1.58
 10
493.80647773688054
 20
1.58
 10
493.890941
 20
1.58
 10
493.891336
 20
1.579853
 10
493.8915
 20
1.5795
 10
493.8915
 20
1.5775
  0
LWPOLYLINE
  5
649
330
17
100
AcDbEntity
  8
VISTA
100
AcDbPolyline
 90
5
 70
1
 10
493.0625
 20
1.58
 10
493.0685
 20
1.58
 10
493.0685
 20
1.426052603257143
 10
493.0625
 20
1.426052603257143
 10
493.0625
 20
1.58
  0
LWPOLYLINE
  5
64A
330
17
100
AcDbEntity
  8
VISTA
100
AcDbPolyline
 90
5
 70
1
 10
493.8915
 20
1.58
 10
493.8975
 20
1.58
 10
493.8975
 20
1.426052603257143
 10
493.8915
 20
1.426052603257143
 10
493.8915
 20
1.58
  0
LWPOLYLINE
  5
64B
330
17
100
AcDbEntity
  8
VISTA
100
AcDbPolyline
 90
7
 70
1
 10
494.225
 20
3.25
 10
501.61742721453646
 20
3.25
 10
501.775
 20
3.25
 10
501.775
 20
3.2
 10
501.61742721453646
 20
3.2
 10
494.225
 20
3.2
 10
494.225
 20
3.25
  0
LWPOLYLINE
  5
64C
330
17
100
AcDbEntity
  8
CORTE
100
AcDbPolyline
 90
41
 70
1
 10
501.80107399999997
 20
3.2016065
 10
501.800831
 20
3.201895
 10
501.800415
 20
3.2031975
 10
501.799999
 20
3.2045
 10
501.799999
 20
4.8
 10
501.799999
 20
6.3955
 10
501.800415
 20
6.396803
 10
501.800831
 20
6.398106
 10
501.80107399999997
 20
6.398394
 10
501.801317
 20
6.398682
 10
501.801606
 20
6.3989255
 10
501.801895
 20
6.399169
 10
501.803197
 20
6.3995845
 10
501.804499
 20
6.4
 10
501.9
 20
6.4
 10
501.995501
 20
6.4
 10
501.9968025
 20
6.3995845
 10
501.998104
 20
6.399169
 10
501.998393
 20
6.3989255
 10
501.998682
 20
6.398682
 10
501.998925
 20
6.398394
 10
501.999168
 20
6.398106
 10
501.999584
 20
6.396803
 10
502.0
 20
6.3955
 10
502.0
 20
4.8
 10
502.0
 20
3.2045
 10
501.999584
 20
3.2031975
 10
501.999168
 20
3.201895
 10
501.998925
 20
3.2016065
 10
501.998682
 20
3.201318
 10
501.998393
 20
3.2010745
 10
501.998104
 20
3.200831
 10
501.9968025
 20
3.2004155
 10
501.995501
 20
3.2
 10
501.9
 20
3.2
 10
501.804499
 20
3.2
 10
501.803197
 20
3.2004155
 10
501.801895
 20
3.200831
 10
501.801606
 20
3.2010745
 10
501.801317
 20
3.201318
 10
501.80107399999997
 20
3.2016065
  0
LINE
  5
64D
330
17
100
AcDbEntity
  8
CORTE
100
AcDbLine
 10
494.001318
 20
3.201318
 30
0.0
 11
494.001075
 21
3.2016065
 31
0.0
  0
LINE
  5
64E
330
17
100
AcDbEntity
  8
CORTE
100
AcDbLine
 10
494.001075
 20
3.2016065
 30
0.0
 11
494.000832
 21
3.201895
 31
0.0
  0
LINE
  5
64F
330
17
100
AcDbEntity
  8
CORTE
100
AcDbLine
 10
494.000832
 20
3.201895
 30
0.0
 11
494.000416
 21
3.2031975
 31
0.0
  0
LINE
  5
650
330
17
100
AcDbEntity
  8
CORTE
100
AcDbLine
 10
494.000416
 20
3.2031975
 30
0.0
 11
494.0
 21
3.2045
 31
0.0
  0
LINE
  5
651
330
17
100
AcDbEntity
  8
CORTE
100
AcDbLine
 10
494.0
 20
3.2045
 30
0.0
 11
494.0
 21
3.6199998690434003
 31
0.0
  0
LINE
  5
652
330
17
100
AcDbEntity
  8
CORTE
100
AcDbLine
 10
494.0
 20
3.6199998690434003
 30
0.0
 11
494.0
 21
4.016
 31
0.0
  0
LINE
  5
653
330
17
100
AcDbEntity
  8
CORTE
100
AcDbLine
 10
494.19892600000003
 20
3.2016065
 30
0.0
 11
494.198683
 21
3.201318
 31
0.0
  0
LINE
  5
654
330
17
100
AcDbEntity
  8
CORTE
100
AcDbLine
 10
494.199169
 20
3.201895
 30
0.0
 11
494.19892600000003
 21
3.2016065
 31
0.0
  0
LINE
  5
655
330
17
100
AcDbEntity
  8
CORTE
100
AcDbLine
 10
494.199585
 20
3.2031975
 30
0.0
 11
494.199169
 21
3.201895
 31
0.0
  0
LINE
  5
656
330
17
100
AcDbEntity
  8
CORTE
100
AcDbLine
 10
494.200001
 20
3.2045
 30
0.0
 11
494.199585
 21
3.2031975
 31
0.0
  0
LINE
  5
657
330
17
100
AcDbEntity
  8
CORTE
100
AcDbLine
 10
494.200001
 20
3.6199999999999997
 30
0.0
 11
494.200001
 21
3.2045
 31
0.0
  0
LINE
  5
658
330
17
100
AcDbEntity
  8
CORTE
100
AcDbLine
 10
494.200001
 20
4.0355
 30
0.0
 11
494.200001
 21
3.62
 31
0.0
  0
LINE
  5
659
330
17
100
AcDbEntity
  8
CORTE
100
AcDbLine
 10
494.199585
 20
4.036802499999999
 30
0.0
 11
494.200001
 21
4.0355
 31
0.0
  0
LINE
  5
65A
330
17
100
AcDbEntity
  8
CORTE
100
AcDbLine
 10
494.199169
 20
4.038105
 30
0.0
 11
494.199585
 21
4.0368025
 31
0.0
  0
LINE
  5
65B
330
17
100
AcDbEntity
  8
CORTE
100
AcDbLine
 10
494.19892600000003
 20
4.0383935
 30
0.0
 11
494.199169
 21
4.038105
 31
0.0
  0
LINE
  5
65C
330
17
100
AcDbEntity
  8
CORTE
100
AcDbLine
 10
494.198683
 20
4.038682
 30
0.0
 11
494.19892600000003
 21
4.0383935
 31
0.0
  0
LINE
  5
65D
330
17
100
AcDbEntity
  8
CORTE
100
AcDbLine
 10
494.0016065
 20
3.2010745000000003
 30
0.0
 11
494.001318
 21
3.201318
 31
0.0
  0
LINE
  5
65E
330
17
100
AcDbEntity
  8
CORTE
100
AcDbLine
 10
494.0016065
 20
3.2010745
 30
0.0
 11
494.001895
 21
3.200831
 31
0.0
  0
LINE
  5
65F
330
17
100
AcDbEntity
  8
CORTE
100
AcDbLine
 10
494.0031975
 20
3.2004155
 30
0.0
 11
494.001895
 21
3.200831
 31
0.0
  0
LINE
  5
660
330
17
100
AcDbEntity
  8
CORTE
100
AcDbLine
 10
494.0031975
 20
3.2004155
 30
0.0
 11
494.0045
 21
3.2
 31
0.0
  0
LINE
  5
661
330
17
100
AcDbEntity
  8
CORTE
100
AcDbLine
 10
494.1
 20
3.2
 30
0.0
 11
494.0045
 21
3.2
 31
0.0
  0
LINE
  5
662
330
17
100
AcDbEntity
  8
CORTE
100
AcDbLine
 10
494.1
 20
3.2
 30
0.0
 11
494.1955
 21
3.2
 31
0.0
  0
LINE
  5
663
330
17
100
AcDbEntity
  8
CORTE
100
AcDbLine
 10
494.196803
 20
3.2004155
 30
0.0
 11
494.1955
 21
3.2
 31
0.0
  0
LINE
  5
664
330
17
100
AcDbEntity
  8
CORTE
100
AcDbLine
 10
494.196803
 20
3.2004155
 30
0.0
 11
494.198106
 21
3.200831
 31
0.0
  0
LINE
  5
665
330
17
100
AcDbEntity
  8
CORTE
100
AcDbLine
 10
494.1983945
 20
3.2010745
 30
0.0
 11
494.198106
 21
3.200831
 31
0.0
  0
LINE
  5
666
330
17
100
AcDbEntity
  8
CORTE
100
AcDbLine
 10
494.1983945
 20
3.2010745
 30
0.0
 11
494.198683
 21
3.201318
 31
0.0
  0
LINE
  5
667
330
17
100
AcDbEntity
  8
CORTE
100
AcDbLine
 10
494.0485
 20
4.04
 30
0.0
 11
494.10000021481517
 21
4.04
 31
0.0
  0
LINE
  5
668
330
17
100
AcDbEntity
  8
CORTE
100
AcDbLine
 10
494.1955
 20
4.04
 30
0.0
 11
494.10000021481517
 21
4.04
 31
0.0
  0
LINE
  5
669
330
17
100
AcDbEntity
  8
CORTE
100
AcDbLine
 10
494.1955
 20
4.04
 30
0.0
 11
494.196803
 21
4.0395845
 31
0.0
  0
LINE
  5
66A
330
17
100
AcDbEntity
  8
CORTE
100
AcDbLine
 10
494.198106
 20
4.039169
 30
0.0
 11
494.196803
 21
4.0395845
 31
0.0
  0
LINE
  5
66B
330
17
100
AcDbEntity
  8
CORTE
100
AcDbLine
 10
494.198106
 20
4.039169
 30
0.0
 11
494.1983945
 21
4.0389254999999995
 31
0.0
  0
LINE
  5
66C
330
17
100
AcDbEntity
  8
CORTE
100
AcDbLine
 10
494.198683
 20
4.038682
 30
0.0
 11
494.1983945
 21
4.0389255
 31
0.0
  0
LINE
  5
66D
330
17
100
AcDbEntity
  8
CORTE
100
AcDbLine
 10
494.0
 20
4.016
 30
0.0
 11
494.0485
 21
4.016
 31
0.0
  0
LINE
  5
66E
330
17
100
AcDbEntity
  8
CORTE
100
AcDbLine
 10
494.0485
 20
4.04
 30
0.0
 11
494.0485
 21
4.016
 31
0.0
  0
LINE
  5
66F
330
17
100
AcDbEntity
  8
CORTE
100
AcDbLine
 10
494.0
 20
6.079999938199941
 30
0.0
 11
494.0
 21
5.822
 31
0.0
  0
LINE
  5
670
330
17
100
AcDbEntity
  8
CORTE
100
AcDbLine
 10
494.0
 20
6.3955
 30
0.0
 11
494.0
 21
6.079999938199941
 31
0.0
  0
LINE
  5
671
330
17
100
AcDbEntity
  8
CORTE
100
AcDbLine
 10
494.0
 20
6.3955
 30
0.0
 11
494.000416
 21
6.3968025
 31
0.0
  0
LINE
  5
672
330
17
100
AcDbEntity
  8
CORTE
100
AcDbLine
 10
494.000416
 20
6.3968025
 30
0.0
 11
494.000832
 21
6.398105
 31
0.0
  0
LINE
  5
673
330
17
100
AcDbEntity
  8
CORTE
100
AcDbLine
 10
494.000832
 20
6.398105
 30
0.0
 11
494.001075
 21
6.3983935
 31
0.0
  0
LINE
  5
674
330
17
100
AcDbEntity
  8
CORTE
100
AcDbLine
 10
494.001075
 20
6.3983935
 30
0.0
 11
494.001318
 21
6.398682
 31
0.0
  0
LINE
  5
675
330
17
100
AcDbEntity
  8
CORTE
100
AcDbLine
 10
494.19892600000003
 20
5.7616065
 30
0.0
 11
494.198683
 21
5.761318
 31
0.0
  0
LINE
  5
676
330
17
100
AcDbEntity
  8
CORTE
100
AcDbLine
 10
494.199169
 20
5.761895
 30
0.0
 11
494.19892600000003
 21
5.7616065
 31
0.0
  0
LINE
  5
677
330
17
100
AcDbEntity
  8
CORTE
100
AcDbLine
 10
494.199585
 20
5.7631974999999995
 30
0.0
 11
494.199169
 21
5.761895
 31
0.0
  0
LINE
  5
678
330
17
100
AcDbEntity
  8
CORTE
100
AcDbLine
 10
494.200001
 20
5.7645
 30
0.0
 11
494.199585
 21
5.7631975
 31
0.0
  0
LINE
  5
679
330
17
100
AcDbEntity
  8
CORTE
100
AcDbLine
 10
494.200001
 20
6.08
 30
0.0
 11
494.200001
 21
5.7645
 31
0.0
  0
LINE
  5
67A
330
17
100
AcDbEntity
  8
CORTE
100
AcDbLine
 10
494.200001
 20
6.3955
 30
0.0
 11
494.200001
 21
6.08
 31
0.0
  0
LINE
  5
67B
330
17
100
AcDbEntity
  8
CORTE
100
AcDbLine
 10
494.199585
 20
6.3968025
 30
0.0
 11
494.200001
 21
6.3955
 31
0.0
  0
LINE
  5
67C
330
17
100
AcDbEntity
  8
CORTE
100
AcDbLine
 10
494.199169
 20
6.398105
 30
0.0
 11
494.199585
 21
6.3968025
 31
0.0
  0
LINE
  5
67D
330
17
100
AcDbEntity
  8
CORTE
100
AcDbLine
 10
494.19892600000003
 20
6.3983935
 30
0.0
 11
494.199169
 21
6.398105
 31
0.0
  0
LINE
  5
67E
330
17
100
AcDbEntity
  8
CORTE
100
AcDbLine
 10
494.198683
 20
6.398682
 30
0.0
 11
494.19892600000003
 21
6.3983935
 31
0.0
  0
LINE
  5
67F
330
17
100
AcDbEntity
  8
CORTE
100
AcDbLine
 10
494.10000021481517
 20
5.76
 30
0.0
 11
494.0485
 21
5.76
 31
0.0
  0
LINE
  5
680
330
17
100
AcDbEntity
  8
CORTE
100
AcDbLine
 10
494.10000021481517
 20
5.76
 30
0.0
 11
494.1955
 21
5.76
 31
0.0
  0
LINE
  5
681
330
17
100
AcDbEntity
  8
CORTE
100
AcDbLine
 10
494.196803
 20
5.7604155
 30
0.0
 11
494.1955
 21
5.76
 31
0.0
  0
LINE
  5
682
330
17
100
AcDbEntity
  8
CORTE
100
AcDbLine
 10
494.196803
 20
5.7604155
 30
0.0
 11
494.198106
 21
5.760831
 31
0.0
  0
LINE
  5
683
330
17
100
AcDbEntity
  8
CORTE
100
AcDbLine
 10
494.1983945
 20
5.761074499999999
 30
0.0
 11
494.198106
 21
5.760831
 31
0.0
  0
LINE
  5
684
330
17
100
AcDbEntity
  8
CORTE
100
AcDbLine
 10
494.1983945
 20
5.761074499999999
 30
0.0
 11
494.198683
 21
5.761318
 31
0.0
  0
LINE
  5
685
330
17
100
AcDbEntity
  8
CORTE
100
AcDbLine
 10
494.001318
 20
6.398682
 30
0.0
 11
494.0016065
 21
6.3989255
 31
0.0
  0
LINE
  5
686
330
17
100
AcDbEntity
  8
CORTE
100
AcDbLine
 10
494.001895
 20
6.399169
 30
0.0
 11
494.0016065
 21
6.3989255
 31
0.0
  0
LINE
  5
687
330
17
100
AcDbEntity
  8
CORTE
100
AcDbLine
 10
494.001895
 20
6.399169
 30
0.0
 11
494.0031975
 21
6.3995845
 31
0.0
  0
LINE
  5
688
330
17
100
AcDbEntity
  8
CORTE
100
AcDbLine
 10
494.0045
 20
6.4
 30
0.0
 11
494.0031975
 21
6.3995845
 31
0.0
  0
LINE
  5
689
330
17
100
AcDbEntity
  8
CORTE
100
AcDbLine
 10
494.0045
 20
6.4
 30
0.0
 11
494.1
 21
6.4
 31
0.0
  0
LINE
  5
68A
330
17
100
AcDbEntity
  8
CORTE
100
AcDbLine
 10
494.1955
 20
6.4
 30
0.0
 11
494.1
 21
6.4
 31
0.0
  0
LINE
  5
68B
330
17
100
AcDbEntity
  8
CORTE
100
AcDbLine
 10
494.1955
 20
6.4
 30
0.0
 11
494.196803
 21
6.3995845
 31
0.0
  0
LINE
  5
68C
330
17
100
AcDbEntity
  8
CORTE
100
AcDbLine
 10
494.198106
 20
6.399169
 30
0.0
 11
494.196803
 21
6.3995845000000005
 31
0.0
  0
LINE
  5
68D
330
17
100
AcDbEntity
  8
CORTE
100
AcDbLine
 10
494.198106
 20
6.399169
 30
0.0
 11
494.1983945
 21
6.3989255
 31
0.0
  0
LINE
  5
68E
330
17
100
AcDbEntity
  8
CORTE
100
AcDbLine
 10
494.198683
 20
6.398682
 30
0.0
 11
494.1983945
 21
6.3989255
 31
0.0
  0
LINE
  5
68F
330
17
100
AcDbEntity
  8
CORTE
100
AcDbLine
 10
494.0485
 20
5.822
 30
0.0
 11
494.0485
 21
5.76
 31
0.0
  0
LINE
  5
690
330
17
100
AcDbEntity
  8
CORTE
100
AcDbLine
 10
494.0
 20
5.822
 30
0.0
 11
494.0485
 21
5.822
 31
0.0
  0
LWPOLYLINE
  5
691
330
17
100
AcDbEntity
  8
VISTA
100
AcDbPolyline
 90
9
 70
1
 10
493.976501
 20
5.78
 10
493.976501
 20
4.92
 10
493.976501
 20
4.06
 10
493.9720005
 20
4.06
 10
493.9675
 20
4.06
 10
493.9675
 20
4.92
 10
493.9675
 20
5.78
 10
493.9720005
 20
5.78
 10
493.976501
 20
5.78
  0
LWPOLYLINE
  5
692
330
17
100
AcDbEntity
  8
VISTA
100
AcDbPolyline
 90
9
 70
1
 10
494.002501
 20
5.77742
 10
494.002501
 20
4.92
 10
494.002501
 20
4.06258
 10
493.9980005
 20
4.06258
 10
493.9935
 20
4.06258
 10
493.9935
 20
4.92
 10
493.9935
 20
5.77742
 10
493.9980005
 20
5.77742
 10
494.002501
 20
5.77742
  0
LINE
  5
693
330
17
100
AcDbEntity
  8
VISTA
100
AcDbLine
 10
493.923671
 20
5.740172
 30
0.0
 11
493.9234545
 21
5.7404285
 31
0.0
  0
LINE
  5
694
330
17
100
AcDbEntity
  8
VISTA
100
AcDbLine
 10
493.9234545
 20
5.7404285
 30
0.0
 11
493.923238
 21
5.740685
 31
0.0
  0
LINE
  5
695
330
17
100
AcDbEntity
  8
VISTA
100
AcDbLine
 10
493.923238
 20
5.740685
 30
0.0
 11
493.922869
 21
5.741842500000001
 31
0.0
  0
LINE
  5
696
330
17
100
AcDbEntity
  8
VISTA
100
AcDbLine
 10
493.922869
 20
5.741842500000001
 30
0.0
 11
493.9225
 21
5.743
 31
0.0
  0
LINE
  5
697
330
17
100
AcDbEntity
  8
VISTA
100
AcDbLine
 10
493.9225
 20
5.743
 30
0.0
 11
493.9225
 21
5.78
 31
0.0
  0
LINE
  5
698
330
17
100
AcDbEntity
  8
VISTA
100
AcDbLine
 10
493.9225
 20
5.78
 30
0.0
 11
493.9225
 21
5.817
 31
0.0
  0
LINE
  5
699
330
17
100
AcDbEntity
  8
VISTA
100
AcDbLine
 10
493.9225
 20
5.817
 30
0.0
 11
493.922869
 21
5.818158
 31
0.0
  0
LINE
  5
69A
330
17
100
AcDbEntity
  8
VISTA
100
AcDbLine
 10
493.922869
 20
5.818158
 30
0.0
 11
493.923238
 21
5.819316
 31
0.0
  0
LINE
  5
69B
330
17
100
AcDbEntity
  8
VISTA
100
AcDbLine
 10
493.923238
 20
5.819316
 30
0.0
 11
493.9234545
 21
5.8195725
 31
0.0
  0
LINE
  5
69C
330
17
100
AcDbEntity
  8
VISTA
100
AcDbLine
 10
493.9234545
 20
5.8195725000000005
 30
0.0
 11
493.923671
 21
5.819829
 31
0.0
  0
LINE
  5
69D
330
17
100
AcDbEntity
  8
VISTA
100
AcDbLine
 10
494.0465455
 20
5.7404285
 30
0.0
 11
494.046329
 21
5.740172
 31
0.0
  0
LINE
  5
69E
330
17
100
AcDbEntity
  8
VISTA
100
AcDbLine
 10
494.046762
 20
5.740685
 30
0.0
 11
494.0465455
 21
5.7404285
 31
0.0
  0
LINE
  5
69F
330
17
100
AcDbEntity
  8
VISTA
100
AcDbLine
 10
494.047131
 20
5.741842500000001
 30
0.0
 11
494.046762
 21
5.740685
 31
0.0
  0
LINE
  5
6A0
330
17
100
AcDbEntity
  8
VISTA
100
AcDbLine
 10
494.0475
 20
5.743
 30
0.0
 11
494.047131
 21
5.741842500000001
 31
0.0
  0
LINE
  5
6A1
330
17
100
AcDbEntity
  8
VISTA
100
AcDbLine
 10
494.0475
 20
5.78
 30
0.0
 11
494.0475
 21
5.743
 31
0.0
  0
LINE
  5
6A2
330
17
100
AcDbEntity
  8
VISTA
100
AcDbLine
 10
494.0475
 20
5.817
 30
0.0
 11
494.0475
 21
5.78
 31
0.0
  0
LINE
  5
6A3
330
17
100
AcDbEntity
  8
VISTA
100
AcDbLine
 10
494.047131
 20
5.818158
 30
0.0
 11
494.0475
 21
5.817
 31
0.0
  0
LINE
  5
6A4
330
17
100
AcDbEntity
  8
VISTA
100
AcDbLine
 10
494.046762
 20
5.819316
 30
0.0
 11
494.047131
 21
5.818158
 31
0.0
  0
LINE
  5
6A5
330
17
100
AcDbEntity
  8
VISTA
100
AcDbLine
 10
494.0465455
 20
5.8195725000000005
 30
0.0
 11
494.046762
 21
5.819316
 31
0.0
  0
LINE
  5
6A6
330
17
100
AcDbEntity
  8
VISTA
100
AcDbLine
 10
494.046329
 20
5.819829
 30
0.0
 11
494.0465455
 21
5.8195725
 31
0.0
  0
LINE
  5
6A7
330
17
100
AcDbEntity
  8
VISTA
100
AcDbLine
 10
493.9239275
 20
5.739955
 30
0.0
 11
493.923671
 21
5.740172
 31
0.0
  0
LINE
  5
6A8
330
17
100
AcDbEntity
  8
VISTA
100
AcDbLine
 10
493.9239275
 20
5.739955
 30
0.0
 11
493.924184
 21
5.739738
 31
0.0
  0
LINE
  5
6A9
330
17
100
AcDbEntity
  8
VISTA
100
AcDbLine
 10
493.9253415
 20
5.739369
 30
0.0
 11
493.924184
 21
5.739738
 31
0.0
  0
LINE
  5
6AA
330
17
100
AcDbEntity
  8
VISTA
100
AcDbLine
 10
493.9253415
 20
5.739369
 30
0.0
 11
493.926499
 21
5.739
 31
0.0
  0
LINE
  5
6AB
330
17
100
AcDbEntity
  8
VISTA
100
AcDbLine
 10
493.9655
 20
5.739
 30
0.0
 11
493.926499
 21
5.739
 31
0.0
  0
LINE
  5
6AC
330
17
100
AcDbEntity
  8
VISTA
100
AcDbLine
 10
494.0435
 20
5.739
 30
0.0
 11
494.0045
 21
5.739
 31
0.0
  0
LINE
  5
6AD
330
17
100
AcDbEntity
  8
VISTA
100
AcDbLine
 10
494.04465749999997
 20
5.739369
 30
0.0
 11
494.0435
 21
5.739
 31
0.0
  0
LINE
  5
6AE
330
17
100
AcDbEntity
  8
VISTA
100
AcDbLine
 10
494.04465749999997
 20
5.739369
 30
0.0
 11
494.045815
 21
5.739738
 31
0.0
  0
LINE
  5
6AF
330
17
100
AcDbEntity
  8
VISTA
100
AcDbLine
 10
494.046072
 20
5.739955
 30
0.0
 11
494.045815
 21
5.739738
 31
0.0
  0
LINE
  5
6B0
330
17
100
AcDbEntity
  8
VISTA
100
AcDbLine
 10
494.046072
 20
5.739955
 30
0.0
 11
494.046329
 21
5.740172
 31
0.0
  0
LINE
  5
6B1
330
17
100
AcDbEntity
  8
VISTA
100
AcDbLine
 10
493.923671
 20
5.819829
 30
0.0
 11
493.9239275
 21
5.8200455
 31
0.0
  0
LINE
  5
6B2
330
17
100
AcDbEntity
  8
VISTA
100
AcDbLine
 10
493.924184
 20
5.820262
 30
0.0
 11
493.9239275
 21
5.8200455
 31
0.0
  0
LINE
  5
6B3
330
17
100
AcDbEntity
  8
VISTA
100
AcDbLine
 10
493.924184
 20
5.820262
 30
0.0
 11
493.9253415
 21
5.820631
 31
0.0
  0
LINE
  5
6B4
330
17
100
AcDbEntity
  8
VISTA
100
AcDbLine
 10
493.926499
 20
5.821
 30
0.0
 11
493.9253415
 21
5.820631
 31
0.0
  0
LINE
  5
6B5
330
17
100
AcDbEntity
  8
VISTA
100
AcDbLine
 10
493.926499
 20
5.821
 30
0.0
 11
493.9849995
 21
5.821
 31
0.0
  0
LINE
  5
6B6
330
17
100
AcDbEntity
  8
VISTA
100
AcDbLine
 10
494.0435
 20
5.821
 30
0.0
 11
493.9849995
 21
5.821
 31
0.0
  0
LINE
  5
6B7
330
17
100
AcDbEntity
  8
VISTA
100
AcDbLine
 10
494.0435
 20
5.821
 30
0.0
 11
494.04465749999997
 21
5.820631
 31
0.0
  0
LINE
  5
6B8
330
17
100
AcDbEntity
  8
VISTA
100
AcDbLine
 10
494.045815
 20
5.820262
 30
0.0
 11
494.04465749999997
 21
5.820631
 31
0.0
  0
LINE
  5
6B9
330
17
100
AcDbEntity
  8
VISTA
100
AcDbLine
 10
494.045815
 20
5.820262
 30
0.0
 11
494.046072
 21
5.8200455
 31
0.0
  0
LINE
  5
6BA
330
17
100
AcDbEntity
  8
VISTA
100
AcDbLine
 10
494.046329
 20
5.819829
 30
0.0
 11
494.046072
 21
5.8200455
 31
0.0
  0
LINE
  5
6BB
330
17
100
AcDbEntity
  8
VISTA
100
AcDbLine
 10
494.0045
 20
5.782
 30
0.0
 11
494.0045
 21
5.739
 31
0.0
  0
LINE
  5
6BC
330
17
100
AcDbEntity
  8
VISTA
100
AcDbLine
 10
494.0045
 20
5.782
 30
0.0
 11
493.9655
 21
5.782
 31
0.0
  0
LINE
  5
6BD
330
17
100
AcDbEntity
  8
VISTA
100
AcDbLine
 10
493.9655
 20
5.782
 30
0.0
 11
493.9655
 21
5.739
 31
0.0
  0
LINE
  5
6BE
330
17
100
AcDbEntity
  8
VISTA
100
AcDbLine
 10
493.923671
 20
4.020172
 30
0.0
 11
493.9234545
 21
4.020428
 31
0.0
  0
LINE
  5
6BF
330
17
100
AcDbEntity
  8
VISTA
100
AcDbLine
 10
493.9234545
 20
4.020428
 30
0.0
 11
493.923238
 21
4.020684
 31
0.0
  0
LINE
  5
6C0
330
17
100
AcDbEntity
  8
VISTA
100
AcDbLine
 10
493.923238
 20
4.020684
 30
0.0
 11
493.922869
 21
4.0218419999999995
 31
0.0
  0
LINE
  5
6C1
330
17
100
AcDbEntity
  8
VISTA
100
AcDbLine
 10
493.922869
 20
4.021842
 30
0.0
 11
493.9225
 21
4.023
 31
0.0
  0
LINE
  5
6C2
330
17
100
AcDbEntity
  8
VISTA
100
AcDbLine
 10
493.9225
 20
4.023
 30
0.0
 11
493.9225
 21
4.0600000000000005
 31
0.0
  0
LINE
  5
6C3
330
17
100
AcDbEntity
  8
VISTA
100
AcDbLine
 10
493.9225
 20
4.0600000000000005
 30
0.0
 11
493.9225
 21
4.097
 31
0.0
  0
LINE
  5
6C4
330
17
100
AcDbEntity
  8
VISTA
100
AcDbLine
 10
493.9225
 20
4.097
 30
0.0
 11
493.922869
 21
4.098158
 31
0.0
  0
LINE
  5
6C5
330
17
100
AcDbEntity
  8
VISTA
100
AcDbLine
 10
493.922869
 20
4.098158000000001
 30
0.0
 11
493.923238
 21
4.099316
 31
0.0
  0
LINE
  5
6C6
330
17
100
AcDbEntity
  8
VISTA
100
AcDbLine
 10
493.923238
 20
4.099316
 30
0.0
 11
493.9234545
 21
4.099572
 31
0.0
  0
LINE
  5
6C7
330
17
100
AcDbEntity
  8
VISTA
100
AcDbLine
 10
493.9234545
 20
4.099572
 30
0.0
 11
493.923671
 21
4.099828
 31
0.0
  0
LINE
  5
6C8
330
17
100
AcDbEntity
  8
VISTA
100
AcDbLine
 10
494.0465455
 20
4.020428
 30
0.0
 11
494.046329
 21
4.020172
 31
0.0
  0
LINE
  5
6C9
330
17
100
AcDbEntity
  8
VISTA
100
AcDbLine
 10
494.046762
 20
4.020684
 30
0.0
 11
494.0465455
 21
4.020428
 31
0.0
  0
LINE
  5
6CA
330
17
100
AcDbEntity
  8
VISTA
100
AcDbLine
 10
494.047131
 20
4.021842
 30
0.0
 11
494.046762
 21
4.020684
 31
0.0
  0
LINE
  5
6CB
330
17
100
AcDbEntity
  8
VISTA
100
AcDbLine
 10
494.0475
 20
4.023
 30
0.0
 11
494.047131
 21
4.0218419999999995
 31
0.0
  0
LINE
  5
6CC
330
17
100
AcDbEntity
  8
VISTA
100
AcDbLine
 10
494.0475
 20
4.0600000000000005
 30
0.0
 11
494.0475
 21
4.023
 31
0.0
  0
LINE
  5
6CD
330
17
100
AcDbEntity
  8
VISTA
100
AcDbLine
 10
494.0475
 20
4.097
 30
0.0
 11
494.0475
 21
4.0600000000000005
 31
0.0
  0
LINE
  5
6CE
330
17
100
AcDbEntity
  8
VISTA
100
AcDbLine
 10
494.047131
 20
4.098158000000001
 30
0.0
 11
494.0475
 21
4.097
 31
0.0
  0
LINE
  5
6CF
330
17
100
AcDbEntity
  8
VISTA
100
AcDbLine
 10
494.046762
 20
4.099316
 30
0.0
 11
494.047131
 21
4.098158
 31
0.0
  0
LINE
  5
6D0
330
17
100
AcDbEntity
  8
VISTA
100
AcDbLine
 10
494.0465455
 20
4.099572
 30
0.0
 11
494.046762
 21
4.099316
 31
0.0
  0
LINE
  5
6D1
330
17
100
AcDbEntity
  8
VISTA
100
AcDbLine
 10
494.046329
 20
4.099828
 30
0.0
 11
494.0465455
 21
4.099572
 31
0.0
  0
LINE
  5
6D2
330
17
100
AcDbEntity
  8
VISTA
100
AcDbLine
 10
493.9239275
 20
4.0199549999999995
 30
0.0
 11
493.923671
 21
4.020172
 31
0.0
  0
LINE
  5
6D3
330
17
100
AcDbEntity
  8
VISTA
100
AcDbLine
 10
493.9239275
 20
4.0199549999999995
 30
0.0
 11
493.924184
 21
4.019738
 31
0.0
  0
LINE
  5
6D4
330
17
100
AcDbEntity
  8
VISTA
100
AcDbLine
 10
493.9253415
 20
4.019369
 30
0.0
 11
493.924184
 21
4.019738
 31
0.0
  0
LINE
  5
6D5
330
17
100
AcDbEntity
  8
VISTA
100
AcDbLine
 10
493.9253415
 20
4.019369
 30
0.0
 11
493.926499
 21
4.019
 31
0.0
  0
LINE
  5
6D6
330
17
100
AcDbEntity
  8
VISTA
100
AcDbLine
 10
493.9849995
 20
4.019
 30
0.0
 11
493.926499
 21
4.019
 31
0.0
  0
LINE
  5
6D7
330
17
100
AcDbEntity
  8
VISTA
100
AcDbLine
 10
493.9849995
 20
4.019
 30
0.0
 11
494.0435
 21
4.019
 31
0.0
  0
LINE
  5
6D8
330
17
100
AcDbEntity
  8
VISTA
100
AcDbLine
 10
494.04465749999997
 20
4.019369
 30
0.0
 11
494.0435
 21
4.019
 31
0.0
  0
LINE
  5
6D9
330
17
100
AcDbEntity
  8
VISTA
100
AcDbLine
 10
494.04465749999997
 20
4.019369
 30
0.0
 11
494.045815
 21
4.019738
 31
0.0
  0
LINE
  5
6DA
330
17
100
AcDbEntity
  8
VISTA
100
AcDbLine
 10
494.046072
 20
4.019955
 30
0.0
 11
494.045815
 21
4.019738
 31
0.0
  0
LINE
  5
6DB
330
17
100
AcDbEntity
  8
VISTA
100
AcDbLine
 10
494.046072
 20
4.0199549999999995
 30
0.0
 11
494.046329
 21
4.020172
 31
0.0
  0
LINE
  5
6DC
330
17
100
AcDbEntity
  8
VISTA
100
AcDbLine
 10
493.923671
 20
4.099828
 30
0.0
 11
493.9239275
 21
4.100045
 31
0.0
  0
LINE
  5
6DD
330
17
100
AcDbEntity
  8
VISTA
100
AcDbLine
 10
493.924184
 20
4.100262
 30
0.0
 11
493.9239275
 21
4.100045
 31
0.0
  0
LINE
  5
6DE
330
17
100
AcDbEntity
  8
VISTA
100
AcDbLine
 10
493.924184
 20
4.100262
 30
0.0
 11
493.9253415
 21
4.100631
 31
0.0
  0
LINE
  5
6DF
330
17
100
AcDbEntity
  8
VISTA
100
AcDbLine
 10
493.926499
 20
4.101
 30
0.0
 11
493.9253415
 21
4.100631
 31
0.0
  0
LINE
  5
6E0
330
17
100
AcDbEntity
  8
VISTA
100
AcDbLine
 10
493.926499
 20
4.101
 30
0.0
 11
493.9655
 21
4.101
 31
0.0
  0
LINE
  5
6E1
330
17
100
AcDbEntity
  8
VISTA
100
AcDbLine
 10
494.0435
 20
4.101
 30
0.0
 11
494.0045
 21
4.101
 31
0.0
  0
LINE
  5
6E2
330
17
100
AcDbEntity
  8
VISTA
100
AcDbLine
 10
494.0435
 20
4.101
 30
0.0
 11
494.04465749999997
 21
4.100631
 31
0.0
  0
LINE
  5
6E3
330
17
100
AcDbEntity
  8
VISTA
100
AcDbLine
 10
494.045815
 20
4.100262
 30
0.0
 11
494.04465749999997
 21
4.100631
 31
0.0
  0
LINE
  5
6E4
330
17
100
AcDbEntity
  8
VISTA
100
AcDbLine
 10
494.045815
 20
4.100262
 30
0.0
 11
494.046072
 21
4.100045
 31
0.0
  0
LINE
  5
6E5
330
17
100
AcDbEntity
  8
VISTA
100
AcDbLine
 10
494.046329
 20
4.099828
 30
0.0
 11
494.046072
 21
4.100045
 31
0.0
  0
LINE
  5
6E6
330
17
100
AcDbEntity
  8
VISTA
100
AcDbLine
 10
493.9655
 20
4.054
 30
0.0
 11
494.0045
 21
4.054
 31
0.0
  0
LINE
  5
6E7
330
17
100
AcDbEntity
  8
VISTA
100
AcDbLine
 10
494.0045
 20
4.054
 30
0.0
 11
494.0045
 21
4.101
 31
0.0
  0
LINE
  5
6E8
330
17
100
AcDbEntity
  8
VISTA
100
AcDbLine
 10
493.9655
 20
4.054
 30
0.0
 11
493.9655
 21
4.101
 31
0.0
  0
LWPOLYLINE
  5
6E9
330
17
100
AcDbEntity
  8
VISTA
100
AcDbPolyline
 90
44
 70
1
 10
493.914433
 20
3.984642
 10
493.914108
 20
3.985027
 10
493.913554
 20
3.9867635000000003
 10
493.913
 20
3.9885
 10
493.913
 20
4.005
 10
493.913
 20
4.0215
 10
493.913554
 20
4.023237
 10
493.914108
 20
4.024974
 10
493.914433
 20
4.0253585
 10
493.914758
 20
4.025743
 10
493.915142
 20
4.0260675
 10
493.915526
 20
4.026392
 10
493.9172635
 20
4.026946000000001
 10
493.919001
 20
4.0275
 10
493.921499
 20
4.0275
 10
493.921499
 20
4.016
 10
494.0485
 20
4.016
 10
494.0485
 20
4.0275
 10
494.087
 20
4.0275
 10
494.088737
 20
4.026946000000001
 10
494.090474
 20
4.026392
 10
494.0908585
 20
4.0260675
 10
494.091243
 20
4.025743
 10
494.0915675
 20
4.0253585
 10
494.091892
 20
4.024974
 10
494.092446
 20
4.023237
 10
494.093
 20
4.0215
 10
494.093
 20
4.005
 10
494.093
 20
3.9885
 10
494.092446
 20
3.9867635000000003
 10
494.091892
 20
3.985027
 10
494.0915675
 20
3.984642
 10
494.091243
 20
3.984257
 10
494.0908585
 20
3.9839325
 10
494.090474
 20
3.983608
 10
494.088737
 20
3.983054
 10
494.087
 20
3.9825
 10
494.0030005
 20
3.9825
 10
493.919001
 20
3.9825
 10
493.9172635
 20
3.983054
 10
493.915526
 20
3.983608
 10
493.915142
 20
3.9839325
 10
493.914758
 20
3.984257
 10
493.914433
 20
3.984642
  0
LWPOLYLINE
  5
6EA
330
17
100
AcDbEntity
  8
VISTA
100
AcDbPolyline
 90
36
 70
1
 10
498.17120967056917
 20
3.8233512187577814
 10
497.5877
 20
3.870132
 10
497.586401
 20
3.870653
 10
497.585101
 20
3.871174
 10
497.5848255
 20
3.8714405
 10
497.584551
 20
3.871707
 10
497.584324
 20
3.8720144999999997
 10
497.584097
 20
3.872322
 10
497.5837765
 20
3.8736545
 10
497.583456
 20
3.874987
 10
497.5918875
 20
3.9801495
 10
497.600319
 20
4.085312
 10
497.6008475
 20
4.0865765
 10
497.601376
 20
4.087841
 10
497.6016485
 20
4.0881085
 10
497.601921
 20
4.088376
 10
497.602235
 20
4.088595000000001
 10
497.60255
 20
4.088814
 10
497.60391549999997
 20
4.0891215
 10
497.60528
 20
4.089429
 10
498.1887905
 20
4.042648
 10
498.77230099999997
 20
3.995867
 10
498.7736
 20
3.9953465
 10
498.7748995
 20
3.994826
 10
498.775175
 20
3.9945595
 10
498.77545
 20
3.994293
 10
498.775677
 20
3.9939855
 10
498.775904
 20
3.993678
 10
498.7762245
 20
3.9923455
 10
498.776545
 20
3.991013
 10
498.773256
 20
3.95
 10
498.181
 20
3.95
 10
498.178171
 20
3.948828
 10
498.177
 20
3.946
 10
498.177
 20
3.822887
 10
498.17120967056917
 20
3.8233512187577814
  0
LINE
  5
6EB
330
17
100
AcDbEntity
  8
VISTA
100
AcDbLine
 10
497.860584
 20
3.250424
 30
0.0
 11
497.8604765
 21
3.2505170000000003
 31
0.0
  0
LINE
  5
6EC
330
17
100
AcDbEntity
  8
VISTA
100
AcDbLine
 10
497.8604765
 20
3.250517
 30
0.0
 11
497.860369
 21
3.25061
 31
0.0
  0
LINE
  5
6ED
330
17
100
AcDbEntity
  8
VISTA
100
AcDbLine
 10
497.860369
 20
3.25061
 30
0.0
 11
497.860185
 21
3.251029
 31
0.0
  0
LINE
  5
6EE
330
17
100
AcDbEntity
  8
VISTA
100
AcDbLine
 10
497.860185
 20
3.251029
 30
0.0
 11
497.860001
 21
3.251448
 31
0.0
  0
LINE
  5
6EF
330
17
100
AcDbEntity
  8
VISTA
100
AcDbLine
 10
497.860001
 20
3.251448
 30
0.0
 11
497.860001
 21
3.5565005
 31
0.0
  0
LINE
  5
6F0
330
17
100
AcDbEntity
  8
VISTA
100
AcDbLine
 10
497.860001
 20
3.5565005
 30
0.0
 11
497.860001
 21
3.861553
 31
0.0
  0
LINE
  5
6F1
330
17
100
AcDbEntity
  8
VISTA
100
AcDbLine
 10
497.860001
 20
3.861553
 30
0.0
 11
497.860185
 21
3.8619719999999997
 31
0.0
  0
LINE
  5
6F2
330
17
100
AcDbEntity
  8
VISTA
100
AcDbLine
 10
497.860185
 20
3.8619719999999997
 30
0.0
 11
497.860369
 21
3.862391
 31
0.0
  0
LINE
  5
6F3
330
17
100
AcDbEntity
  8
VISTA
100
AcDbLine
 10
497.860369
 20
3.862391
 30
0.0
 11
497.8604765
 21
3.8624834999999997
 31
0.0
  0
LINE
  5
6F4
330
17
100
AcDbEntity
  8
VISTA
100
AcDbLine
 10
497.8604765
 20
3.8624834999999997
 30
0.0
 11
497.860584
 21
3.862576
 31
0.0
  0
LINE
  5
6F5
330
17
100
AcDbEntity
  8
VISTA
100
AcDbLine
 10
497.860712
 20
3.2503455000000003
 30
0.0
 11
497.860584
 21
3.250424
 31
0.0
  0
LINE
  5
6F6
330
17
100
AcDbEntity
  8
VISTA
100
AcDbLine
 10
497.860712
 20
3.2503455
 30
0.0
 11
497.86084
 21
3.250267
 31
0.0
  0
LINE
  5
6F7
330
17
100
AcDbEntity
  8
VISTA
100
AcDbLine
 10
497.861417
 20
3.2501335
 30
0.0
 11
497.86084
 21
3.250267
 31
0.0
  0
LINE
  5
6F8
330
17
100
AcDbEntity
  8
VISTA
100
AcDbLine
 10
497.861417
 20
3.2501335
 30
0.0
 11
497.861994
 21
3.25
 31
0.0
  0
LINE
  5
6F9
330
17
100
AcDbEntity
  8
VISTA
100
AcDbLine
 10
498.178587
 20
3.25
 30
0.0
 11
497.861994
 21
3.25
 31
0.0
  0
LINE
  5
6FA
330
17
100
AcDbEntity
  8
VISTA
100
AcDbLine
 10
497.860584
 20
3.862576
 30
0.0
 11
497.860712
 21
3.8626544999999997
 31
0.0
  0
LINE
  5
6FB
330
17
100
AcDbEntity
  8
VISTA
100
AcDbLine
 10
497.86084
 20
3.862733
 30
0.0
 11
497.860712
 21
3.8626544999999997
 31
0.0
  0
LINE
  5
6FC
330
17
100
AcDbEntity
  8
VISTA
100
AcDbLine
 10
497.86084
 20
3.862733
 30
0.0
 11
497.861417
 21
3.8628665
 31
0.0
  0
LINE
  5
6FD
330
17
100
AcDbEntity
  8
VISTA
100
AcDbLine
 10
497.861994
 20
3.863
 30
0.0
 11
497.861417
 21
3.8628665
 31
0.0
  0
LINE
  5
6FE
330
17
100
AcDbEntity
  8
VISTA
100
AcDbLine
 10
497.861994
 20
3.863
 30
0.0
 11
498.177
 21
3.863
 31
0.0
  0
LINE
  5
6FF
330
17
100
AcDbEntity
  8
VISTA
100
AcDbLine
 10
498.178173
 20
3.250172
 30
0.0
 11
498.177
 21
3.253
 31
0.0
  0
LINE
  5
700
330
17
100
AcDbEntity
  8
VISTA
100
AcDbLine
 10
498.178587
 20
3.25
 30
0.0
 11
498.178173
 21
3.250172
 31
0.0
  0
LINE
  5
701
330
17
100
AcDbEntity
  8
VISTA
100
AcDbLine
 10
498.177
 20
3.253
 30
0.0
 11
498.177
 21
3.863
 31
0.0
  0
LWPOLYLINE
  5
702
330
17
100
AcDbEntity
  8
VISTA
100
AcDbPolyline
 90
41
 70
1
 10
497.493575
 20
4.1987625
 10
497.493332
 20
4.199079
 10
497.492916
 20
4.2005075000000005
 10
497.4925
 20
4.201936
 10
497.4925
 20
4.5370004999999995
 10
497.4925
 20
4.872065
 10
497.492916
 20
4.8734935
 10
497.493332
 20
4.874922
 10
497.493575
 20
4.8752385
 10
497.493818
 20
4.875555
 10
497.494107
 20
4.875822
 10
497.494396
 20
4.876089
 10
497.495698
 20
4.8765445
 10
497.497
 20
4.877
 10
497.5200005
 20
4.877
 10
497.543001
 20
4.877
 10
497.544303
 20
4.8765445
 10
497.545605
 20
4.876089
 10
497.545894
 20
4.875822
 10
497.546183
 20
4.875555
 10
497.546426
 20
4.8752385
 10
497.546669
 20
4.874922
 10
497.547085
 20
4.8734935
 10
497.547501
 20
4.872065
 10
497.547501
 20
4.5370004999999995
 10
497.547501
 20
4.201936
 10
497.547085
 20
4.2005075000000005
 10
497.546669
 20
4.199079
 10
497.546426
 20
4.1987625
 10
497.546183
 20
4.198446
 10
497.545894
 20
4.1981785
 10
497.545605
 20
4.197911
 10
497.544303
 20
4.1974555
 10
497.543001
 20
4.197
 10
497.5200005
 20
4.197
 10
497.497
 20
4.197
 10
497.495698
 20
4.1974555
 10
497.494396
 20
4.197911
 10
497.494107
 20
4.1981785
 10
497.493818
 20
4.198446
 10
497.493575
 20
4.1987625
  0
LWPOLYLINE
  5
703
330
17
100
AcDbEntity
  8
VISTA
100
AcDbPolyline
 90
41
 70
1
 10
496.4010745
 20
6.4516065000000005
 10
496.400831
 20
6.451895
 10
496.4004155
 20
6.4531975
 10
496.4
 20
6.4545
 10
496.4
 20
6.4725
 10
496.4
 20
6.4905
 10
496.4004155
 20
6.4918025
 10
496.400831
 20
6.493105
 10
496.4010745
 20
6.4933935
 10
496.401318
 20
6.493682
 10
496.401607
 20
6.4939255
 10
496.401896
 20
6.494169
 10
496.4031975
 20
6.4945845
 10
496.404499
 20
6.495
 10
498.0
 20
6.495
 10
499.595501
 20
6.495
 10
499.5968025
 20
6.4945845
 10
499.598104
 20
6.494169
 10
499.598393
 20
6.4939255
 10
499.598682
 20
6.493682
 10
499.5989255
 20
6.4933935
 10
499.599169
 20
6.493105
 10
499.5995845
 20
6.4918025
 10
499.6
 20
6.4905
 10
499.6
 20
6.4725
 10
499.6
 20
6.4545
 10
499.5995845
 20
6.4531975
 10
499.599169
 20
6.451895
 10
499.5989255
 20
6.4516065000000005
 10
499.598682
 20
6.451318
 10
499.598393
 20
6.451074
 10
499.598104
 20
6.45083
 10
499.5968025
 20
6.450415
 10
499.595501
 20
6.45
 10
498.0
 20
6.45
 10
496.404499
 20
6.45
 10
496.4031975
 20
6.450415
 10
496.401896
 20
6.45083
 10
496.401607
 20
6.451074
 10
496.401318
 20
6.451318
 10
496.4010745
 20
6.4516065000000005
  0
LWPOLYLINE
  5
704
330
17
100
AcDbEntity
  8
VISTA
100
AcDbPolyline
 90
35
 70
1
 10
493.7314325
 20
3.9696415
 10
493.731108
 20
3.970026
 10
493.730554
 20
3.971763
 10
493.73
 20
3.9735
 10
493.73
 20
4.0
 10
493.73
 20
4.0265
 10
493.730554
 20
4.028237000000001
 10
493.731108
 20
4.029974
 10
493.7314325
 20
4.0303585
 10
493.731757
 20
4.030743
 10
493.732142
 20
4.031067500000001
 10
493.732527
 20
4.031392
 10
493.7342635
 20
4.031946
 10
493.736
 20
4.0325
 10
493.86999974149444
 20
4.0325
 10
493.921499
 20
4.0325
 10
493.921499
 20
4.016
 10
494.01
 20
4.016
 10
494.01
 20
3.999999833428508
 10
494.01
 20
3.9735
 10
494.009446
 20
3.971763
 10
494.008892
 20
3.970026
 10
494.0085675
 20
3.9696415
 10
494.008243
 20
3.969257
 10
494.007858
 20
3.9689325
 10
494.007473
 20
3.968608
 10
494.0057365
 20
3.968054
 10
494.004
 20
3.9675
 10
493.87
 20
3.9675
 10
493.736
 20
3.9675
 10
493.7342635
 20
3.968054
 10
493.732527
 20
3.968608
 10
493.732142
 20
3.9689325
 10
493.731757
 20
3.969257
 10
493.7314325
 20
3.9696415
  0
LWPOLYLINE
  5
705
330
17
100
AcDbEntity
  8
CORTE
100
AcDbPolyline
 90
41
 70
1
 10
494.6921485
 20
6.453213
 10
494.691661
 20
6.45379
 10
494.6908305
 20
6.456395
 10
494.69
 20
6.459
 10
494.69
 20
6.51
 10
494.69
 20
6.561
 10
494.6908305
 20
6.5636055
 10
494.691661
 20
6.566211
 10
494.6921485
 20
6.5667875
 10
494.692636
 20
6.567364
 10
494.6932125
 20
6.567851500000001
 10
494.693789
 20
6.568339
 10
494.696394
 20
6.5691695
 10
494.698999
 20
6.57
 10
495.1499995
 20
6.57
 10
495.601
 20
6.57
 10
495.603605
 20
6.5691695
 10
495.60621
 20
6.568339
 10
495.606787
 20
6.5678515
 10
495.607364
 20
6.567364
 10
495.607851
 20
6.5667875
 10
495.608338
 20
6.566211
 10
495.609169
 20
6.5636055
 10
495.61
 20
6.561
 10
495.61
 20
6.51
 10
495.61
 20
6.459
 10
495.609169
 20
6.456395
 10
495.608338
 20
6.45379
 10
495.607851
 20
6.453213
 10
495.607364
 20
6.452636
 10
495.606787
 20
6.452149
 10
495.60621
 20
6.451662
 10
495.603605
 20
6.450831
 10
495.601
 20
6.45
 10
495.1499995
 20
6.45
 10
494.698999
 20
6.45
 10
494.696394
 20
6.450831
 10
494.693789
 20
6.451662
 10
494.6932125
 20
6.4521489999999995
 10
494.692636
 20
6.452636
 10
494.6921485
 20
6.453213
  0
LWPOLYLINE
  5
706
330
17
100
AcDbEntity
  8
CORTE
100
AcDbPolyline
 90
41
 70
1
 10
496.0721505
 20
6.453213
 10
496.071663
 20
6.45379
 10
496.0708325
 20
6.456395
 10
496.070002
 20
6.459
 10
496.070002
 20
6.51
 10
496.070002
 20
6.561
 10
496.0708325
 20
6.5636055
 10
496.071663
 20
6.566211
 10
496.0721505
 20
6.5667875
 10
496.072638
 20
6.567364
 10
496.073214
 20
6.567851500000001
 10
496.07379
 20
6.568339
 10
496.076395
 20
6.5691695
 10
496.079
 20
6.57
 10
496.5300005
 20
6.57
 10
496.981001
 20
6.57
 10
496.9836065
 20
6.5691695
 10
496.986212
 20
6.568339
 10
496.986788
 20
6.5678515
 10
496.987364
 20
6.567364
 10
496.987851
 20
6.5667875
 10
496.988338
 20
6.566211
 10
496.989169
 20
6.5636055
 10
496.99
 20
6.561
 10
496.99
 20
6.51
 10
496.99
 20
6.459
 10
496.989169
 20
6.456395
 10
496.988338
 20
6.45379
 10
496.987851
 20
6.453213
 10
496.987364
 20
6.452636
 10
496.986788
 20
6.452149
 10
496.986212
 20
6.451662
 10
496.9836065
 20
6.450831
 10
496.981001
 20
6.45
 10
496.5300005
 20
6.45
 10
496.079
 20
6.45
 10
496.076395
 20
6.450831
 10
496.07379
 20
6.451662
 10
496.073214
 20
6.4521489999999995
 10
496.072638
 20
6.452636
 10
496.0721505
 20
6.453213
  0
LWPOLYLINE
  5
707
330
17
100
AcDbEntity
  8
CORTE
100
AcDbPolyline
 90
41
 70
1
 10
497.4521495
 20
6.453213
 10
497.451662
 20
6.45379
 10
497.4508315
 20
6.456395
 10
497.450001
 20
6.459
 10
497.450001
 20
6.51
 10
497.450001
 20
6.561
 10
497.4508315
 20
6.5636055
 10
497.451662
 20
6.566211
 10
497.4521495
 20
6.5667875
 10
497.452637
 20
6.567364
 10
497.453213
 20
6.567851500000001
 10
497.45378900000003
 20
6.568339
 10
497.4563945
 20
6.5691695
 10
497.459
 20
6.57
 10
497.91
 20
6.57
 10
498.361
 20
6.57
 10
498.3636055
 20
6.5691695
 10
498.366211
 20
6.568339
 10
498.366787
 20
6.5678515
 10
498.367363
 20
6.567364
 10
498.3678505
 20
6.5667875
 10
498.368338
 20
6.566211
 10
498.3691685
 20
6.5636055
 10
498.369999
 20
6.561
 10
498.369999
 20
6.51
 10
498.369999
 20
6.459
 10
498.3691685
 20
6.456395
 10
498.368338
 20
6.45379
 10
498.36785050000003
 20
6.453213
 10
498.367363
 20
6.452636
 10
498.366787
 20
6.452149
 10
498.366211
 20
6.451662
 10
498.3636055
 20
6.450831
 10
498.361
 20
6.45
 10
497.91
 20
6.45
 10
497.459
 20
6.45
 10
497.4563945
 20
6.450831
 10
497.45378900000003
 20
6.451662
 10
497.453213
 20
6.4521489999999995
 10
497.452637
 20
6.452636
 10
497.4521495
 20
6.453213
  0
LWPOLYLINE
  5
708
330
17
100
AcDbEntity
  8
CORTE
100
AcDbPolyline
 90
41
 70
1
 10
498.8321505
 20
6.453213
 10
498.831663
 20
6.45379
 10
498.8308325
 20
6.456395
 10
498.830002
 20
6.459
 10
498.830002
 20
6.51
 10
498.830002
 20
6.561
 10
498.8308325
 20
6.5636055
 10
498.831663
 20
6.566211
 10
498.8321505
 20
6.5667875
 10
498.832638
 20
6.567364
 10
498.833214
 20
6.567851500000001
 10
498.83379
 20
6.568339
 10
498.8363955
 20
6.5691695
 10
498.839001
 20
6.57
 10
499.290001
 20
6.57
 10
499.741001
 20
6.57
 10
499.7436065
 20
6.5691695
 10
499.746212
 20
6.568339
 10
499.746788
 20
6.5678515
 10
499.747364
 20
6.567364
 10
499.7478515
 20
6.5667875
 10
499.748339
 20
6.566211
 10
499.7491695
 20
6.5636055
 10
499.75
 20
6.561
 10
499.75
 20
6.51
 10
499.75
 20
6.459
 10
499.7491695
 20
6.456395
 10
499.748339
 20
6.45379
 10
499.7478515
 20
6.453213
 10
499.747364
 20
6.452636
 10
499.746788
 20
6.452149
 10
499.746212
 20
6.451662
 10
499.7436065
 20
6.450831
 10
499.741001
 20
6.45
 10
499.290001
 20
6.45
 10
498.839001
 20
6.45
 10
498.8363955
 20
6.450831
 10
498.83379
 20
6.451662
 10
498.833214
 20
6.4521489999999995
 10
498.832638
 20
6.452636
 10
498.8321505
 20
6.453213
  0
LWPOLYLINE
  5
709
330
17
100
AcDbEntity
  8
CORTE
100
AcDbPolyline
 90
41
 70
1
 10
500.2121495
 20
6.453213
 10
500.211662
 20
6.45379
 10
500.2108315
 20
6.456395
 10
500.210001
 20
6.459
 10
500.210001
 20
6.51
 10
500.210001
 20
6.561
 10
500.2108315
 20
6.5636055
 10
500.211662
 20
6.566211
 10
500.2121495
 20
6.5667875
 10
500.212637
 20
6.567364
 10
500.213213
 20
6.567851500000001
 10
500.213789
 20
6.568339
 10
500.2163945
 20
6.5691695
 10
500.219
 20
6.57
 10
500.67
 20
6.57
 10
501.121
 20
6.57
 10
501.1236055
 20
6.5691695
 10
501.126211
 20
6.568339
 10
501.126787
 20
6.5678515
 10
501.127363
 20
6.567364
 10
501.1278505
 20
6.5667875
 10
501.128338
 20
6.566211
 10
501.1291685
 20
6.5636055
 10
501.129999
 20
6.561
 10
501.129999
 20
6.51
 10
501.129999
 20
6.459
 10
501.1291685
 20
6.456395
 10
501.128338
 20
6.45379
 10
501.1278505
 20
6.453213
 10
501.127363
 20
6.452636
 10
501.126787
 20
6.452149
 10
501.126211
 20
6.451662
 10
501.1236055
 20
6.450831
 10
501.121
 20
6.45
 10
500.67
 20
6.45
 10
500.219
 20
6.45
 10
500.2163945
 20
6.450831
 10
500.213789
 20
6.451662
 10
500.213213
 20
6.4521489999999995
 10
500.212637
 20
6.452636
 10
500.2121495
 20
6.453213
  0
LWPOLYLINE
  5
70A
330
17
100
AcDbEntity
  8
VISTA
100
AcDbPolyline
 90
9
 70
1
 10
501.577499
 20
5.8375
 10
501.577499
 20
5.82
 10
501.577499
 20
5.8025
 10
501.5599995
 20
5.8025
 10
501.5425
 20
5.8025
 10
501.5425
 20
5.82
 10
501.5425
 20
5.8375
 10
501.5599995
 20
5.8375
 10
501.577499
 20
5.8375
  0
LWPOLYLINE
  5
70B
330
17
100
AcDbEntity
  8
VISTA
100
AcDbPolyline
 90
41
 70
1
 10
496.306075
 20
3.2326064999999997
 10
496.305832
 20
3.232895
 10
496.305416
 20
3.2341975
 10
496.305
 20
3.2355
 10
496.305
 20
3.245
 10
496.305
 20
3.2545
 10
496.305416
 20
3.2558025
 10
496.305832
 20
3.257105
 10
496.306075
 20
3.2573935
 10
496.306318
 20
3.257682
 10
496.306606
 20
3.2579255
 10
496.306894
 20
3.258169
 10
496.308197
 20
3.2585845
 10
496.3095
 20
3.259
 10
498.1800005
 20
3.259
 10
500.050501
 20
3.259
 10
500.0518035
 20
3.2585845
 10
500.053106
 20
3.258169
 10
500.053394
 20
3.2579255000000003
 10
500.053682
 20
3.257682
 10
500.0539255
 20
3.2573935
 10
500.054169
 20
3.257105
 10
500.0545845
 20
3.2558025
 10
500.055
 20
3.2545
 10
500.055
 20
3.245
 10
500.055
 20
3.2355
 10
500.0545845
 20
3.2341975
 10
500.054169
 20
3.232895
 10
500.0539255
 20
3.2326064999999997
 10
500.053682
 20
3.232318
 10
500.053394
 20
3.2320745
 10
500.053106
 20
3.231831
 10
500.0518035
 20
3.2314154999999998
 10
500.050501
 20
3.231
 10
498.1800005
 20
3.231
 10
496.3095
 20
3.231
 10
496.308197
 20
3.2314155
 10
496.306894
 20
3.231831
 10
496.306606
 20
3.2320745
 10
496.306318
 20
3.232318
 10
496.306075
 20
3.2326064999999997
  0
LWPOLYLINE
  5
70C
330
17
100
AcDbEntity
  8
VISTA
100
AcDbPolyline
 90
41
 70
1
 10
498.190716
 20
4.046571
 10
498.190554
 20
4.046763
 10
498.1902765
 20
4.0476315
 10
498.189999
 20
4.0485
 10
498.189999
 20
4.073
 10
498.189999
 20
4.0975
 10
498.1902765
 20
4.098368000000001
 10
498.190554
 20
4.099236
 10
498.190716
 20
4.0994285
 10
498.190878
 20
4.099621
 10
498.1910705
 20
4.0997835
 10
498.191263
 20
4.099946
 10
498.192131
 20
4.100223
 10
498.192999
 20
4.1005
 10
498.5499995
 20
4.1005
 10
498.907
 20
4.1005
 10
498.9078675
 20
4.100223
 10
498.908735
 20
4.099946
 10
498.908928
 20
4.0997835
 10
498.909121
 20
4.099621
 10
498.909283
 20
4.0994285
 10
498.909445
 20
4.099236
 10
498.9097225
 20
4.098368000000001
 10
498.91
 20
4.0975
 10
498.91
 20
4.073
 10
498.91
 20
4.0485
 10
498.9097225
 20
4.0476315
 10
498.909445
 20
4.046763
 10
498.909283
 20
4.046571
 10
498.909121
 20
4.046379
 10
498.908928
 20
4.0462165
 10
498.908735
 20
4.046054
 10
498.9078675
 20
4.045776999999999
 10
498.907
 20
4.0455
 10
498.5499995
 20
4.0455
 10
498.192999
 20
4.0455
 10
498.192131
 20
4.045776999999999
 10
498.191263
 20
4.046054
 10
498.1910705
 20
4.0462165
 10
498.190878
 20
4.046379
 10
498.190716
 20
4.046571
  0
LWPOLYLINE
  5
70D
330
17
100
AcDbEntity
  8
VISTA
100
AcDbPolyline
 90
9
 70
1
 10
493.92
 20
5.82
 10
493.92
 20
5.77
 10
493.92
 20
5.72
 10
493.9049995
 20
5.72
 10
493.889999
 20
5.72
 10
493.889999
 20
5.7700000000000005
 10
493.889999
 20
5.82
 10
493.9049995
 20
5.82
 10
493.92
 20
5.82
  0
LWPOLYLINE
  5
70E
330
17
100
AcDbEntity
  8
VISTA
100
AcDbPolyline
 90
9
 70
1
 10
493.92
 20
4.07
 10
493.92
 20
4.03
 10
493.92
 20
3.99
 10
493.9049995
 20
3.99
 10
493.889999
 20
3.99
 10
493.889999
 20
4.03
 10
493.889999
 20
4.07
 10
493.9049995
 20
4.07
 10
493.92
 20
4.07
  0
LWPOLYLINE
  5
70F
330
17
100
AcDbEntity
  8
VISTA
100
AcDbPolyline
 90
9
 70
1
 10
493.92
 20
5.78
 10
493.92
 20
4.9
 10
493.92
 20
4.02
 10
493.9049995
 20
4.02
 10
493.889999
 20
4.02
 10
493.889999
 20
4.9
 10
493.889999
 20
5.78
 10
493.9049995
 20
5.78
 10
493.92
 20
5.78
  0
LINE
  5
710
330
17
100
AcDbEntity
  8
VISTA
100
AcDbLine
 10
500.7699162848079
 20
3.5790800616848784
 30
0.0
 11
500.69764692667025
 21
3.578947477227365
 31
0.0
  0
LINE
  5
711
330
17
100
AcDbEntity
  8
VISTA
100
AcDbLine
 10
500.7699162848079
 20
3.5790800616848784
 30
0.0
 11
500.80208539591143
 21
3.5791302739172757
 31
0.0
  0
LINE
  5
712
330
17
100
AcDbEntity
  8
VISTA
100
AcDbLine
 10
500.80208539591143
 20
3.5791302739172757
 30
0.0
 11
500.81860045405
 21
3.5791711820054077
 31
0.0
  0
LINE
  5
713
330
17
100
AcDbEntity
  8
VISTA
100
AcDbLine
 10
500.81860045405
 20
3.5791711820054077
 30
0.0
 11
500.83011101422886
 21
3.57919532765151
 31
0.0
  0
LINE
  5
714
330
17
100
AcDbEntity
  8
VISTA
100
AcDbLine
 10
500.83011101422886
 20
3.57919532765151
 30
0.0
 11
500.83959035061895
 21
3.579195803805215
 31
0.0
  0
LINE
  5
715
330
17
100
AcDbEntity
  8
VISTA
100
AcDbLine
 10
500.83959035061895
 20
3.579195803805215
 30
0.0
 11
500.8484565020272
 21
3.5791963808268457
 31
0.0
  0
LINE
  5
716
330
17
100
AcDbEntity
  8
VISTA
100
AcDbLine
 10
500.8484565020272
 20
3.5791963808268457
 30
0.0
 11
500.85787543634467
 21
3.579210691373871
 31
0.0
  0
LINE
  5
717
330
17
100
AcDbEntity
  8
VISTA
100
AcDbLine
 10
500.85787543634467
 20
3.579210691373871
 30
0.0
 11
500.8698453448955
 21
3.5792205378133617
 31
0.0
  0
LINE
  5
718
330
17
100
AcDbEntity
  8
VISTA
100
AcDbLine
 10
500.8698453448955
 20
3.5792205378133617
 30
0.0
 11
500.91
 21
3.5792131831490144
 31
0.0
  0
LINE
  5
719
330
17
100
AcDbEntity
  8
VISTA
100
AcDbLine
 10
500.91
 20
3.5792131831490144
 30
0.0
 11
500.95015430125665
 21
3.579206383898979
 31
0.0
  0
LINE
  5
71A
330
17
100
AcDbEntity
  8
VISTA
100
AcDbLine
 10
500.95015430125665
 20
3.579206383898979
 30
0.0
 11
500.9621245636553
 21
3.57921321047707
 31
0.0
  0
LINE
  5
71B
330
17
100
AcDbEntity
  8
VISTA
100
AcDbLine
 10
500.9621245636553
 20
3.57921321047707
 30
0.0
 11
500.9715431273672
 21
3.579216764131807
 31
0.0
  0
LINE
  5
71C
330
17
100
AcDbEntity
  8
VISTA
100
AcDbLine
 10
500.9715431273672
 20
3.579216764131807
 30
0.0
 11
500.98040964938104
 21
3.5792012265466435
 31
0.0
  0
LINE
  5
71D
330
17
100
AcDbEntity
  8
VISTA
100
AcDbLine
 10
500.98040964938104
 20
3.5792012265466435
 30
0.0
 11
500.98988898577113
 21
3.5791833625401246
 31
0.0
  0
LINE
  5
71E
330
17
100
AcDbEntity
  8
VISTA
100
AcDbLine
 10
500.98988898577113
 20
3.5791833625401246
 30
0.0
 11
501.00139909430874
 21
3.5791784082656375
 31
0.0
  0
LINE
  5
71F
330
17
100
AcDbEntity
  8
VISTA
100
AcDbLine
 10
501.00139909430874
 20
3.5791784082656375
 30
0.0
 11
501.0179140862865
 21
3.5791628954454136
 31
0.0
  0
LINE
  5
720
330
17
100
AcDbEntity
  8
VISTA
100
AcDbLine
 10
501.0179140862865
 20
3.5791628954454136
 30
0.0
 11
501.0500837151921
 21
3.5790926189636942
 31
0.0
  0
LINE
  5
721
330
17
100
AcDbEntity
  8
VISTA
100
AcDbLine
 10
501.0500837151921
 20
3.5790926189636942
 30
0.0
 11
501.12235307682886
 21
3.5789512181583456
 31
0.0
  0
LINE
  5
722
330
17
100
AcDbEntity
  8
VISTA
100
AcDbLine
 10
500.69764692667025
 20
3.578947477227365
 30
0.0
 11
500.67750469536173
 21
3.5785721055996405
 31
0.0
  0
LINE
  5
723
330
17
100
AcDbEntity
  8
VISTA
100
AcDbLine
 10
500.67750469536173
 20
3.5785721055996405
 30
0.0
 11
500.6382467702547
 21
3.577800145611732
 31
0.0
  0
LINE
  5
724
330
17
100
AcDbEntity
  8
VISTA
100
AcDbLine
 10
501.12235307682886
 20
3.5789512181583456
 30
0.0
 11
501.1530534066261
 21
3.578284695601537
 31
0.0
  0
LINE
  5
725
330
17
100
AcDbEntity
  8
VISTA
100
AcDbLine
 10
501.1530534066261
 20
3.578284695601537
 30
0.0
 11
501.1817527178816
 21
3.5776464607205005
 31
0.0
  0
LINE
  5
726
330
17
100
AcDbEntity
  8
VISTA
100
AcDbLine
 10
500.6382467702547
 20
3.577800145611732
 30
0.0
 11
500.61849109694816
 21
3.5767908621307503
 31
0.0
  0
LINE
  5
727
330
17
100
AcDbEntity
  8
VISTA
100
AcDbLine
 10
500.61849109694816
 20
3.5767908621307503
 30
0.0
 11
500.59735726283856
 21
3.575657890205537
 31
0.0
  0
LINE
  5
728
330
17
100
AcDbEntity
  8
VISTA
100
AcDbLine
 10
501.1817527178816
 20
3.5776464607205005
 30
0.0
 11
501.2001297079291
 21
3.576747813146052
 31
0.0
  0
LINE
  5
729
330
17
100
AcDbEntity
  8
VISTA
100
AcDbLine
 10
501.2001297079291
 20
3.576747813146052
 30
0.0
 11
501.222642195121
 21
3.5756251893922824
 31
0.0
  0
LINE
  5
72A
330
17
100
AcDbEntity
  8
VISTA
100
AcDbLine
 10
500.59735726283856
 20
3.575657890205537
 30
0.0
 11
500.5801887678212
 21
3.5742181437260307
 31
0.0
  0
LINE
  5
72B
330
17
100
AcDbEntity
  8
VISTA
100
AcDbLine
 10
500.5801887678212
 20
3.5742181437260307
 30
0.0
 11
500.56617318710624
 21
3.5729702853028056
 31
0.0
  0
LINE
  5
72C
330
17
100
AcDbEntity
  8
VISTA
100
AcDbLine
 10
501.222642195121
 20
3.5756251893922824
 30
0.0
 11
501.2353893718066
 21
3.5742932897033777
 31
0.0
  0
LINE
  5
72D
330
17
100
AcDbEntity
  8
VISTA
100
AcDbLine
 10
501.2353893718066
 20
3.5742932897033777
 30
0.0
 11
501.25382682204844
 21
3.572378831523442
 31
0.0
  0
LINE
  5
72E
330
17
100
AcDbEntity
  8
VISTA
100
AcDbLine
 10
500.56617318710624
 20
3.5729702853028056
 30
0.0
 11
500.551619166941
 21
3.570511308626365
 31
0.0
  0
LINE
  5
72F
330
17
100
AcDbEntity
  8
VISTA
100
AcDbLine
 10
500.551619166941
 20
3.570511308626365
 30
0.0
 11
500.5415570721979
 21
3.568745640709288
 31
0.0
  0
LINE
  5
730
330
17
100
AcDbEntity
  8
VISTA
100
AcDbLine
 10
501.25382682204844
 20
3.572378831523442
 30
0.0
 11
501.26321754923447
 21
3.570966220056971
 31
0.0
  0
LINE
  5
731
330
17
100
AcDbEntity
  8
VISTA
100
AcDbLine
 10
501.26321754923447
 20
3.570966220056971
 30
0.0
 11
501.2784425558777
 21
3.5686858089628157
 31
0.0
  0
LINE
  5
732
330
17
100
AcDbEntity
  8
VISTA
100
AcDbLine
 10
500.5415570721979
 20
3.568745640709288
 30
0.0
 11
500.5294673364922
 21
3.5660013752298547
 31
0.0
  0
LINE
  5
733
330
17
100
AcDbEntity
  8
VISTA
100
AcDbLine
 10
500.5294673364922
 20
3.5660013752298547
 30
0.0
 11
500.5220110107827
 21
3.5642309085065835
 31
0.0
  0
LINE
  5
734
330
17
100
AcDbEntity
  8
VISTA
100
AcDbLine
 10
501.2784425558777
 20
3.5686858089628157
 30
0.0
 11
501.2855242536897
 21
3.5666515484040833
 31
0.0
  0
LINE
  5
735
330
17
100
AcDbEntity
  8
VISTA
100
AcDbLine
 10
501.2855242536897
 20
3.5666515484040833
 30
0.0
 11
501.2979883614207
 21
3.5631621593984453
 31
0.0
  0
LINE
  5
736
330
17
100
AcDbEntity
  8
VISTA
100
AcDbLine
 10
500.5220110107827
 20
3.5642309085065835
 30
0.0
 11
500.5122590299036
 21
3.5598436968118126
 31
0.0
  0
LINE
  5
737
330
17
100
AcDbEntity
  8
VISTA
100
AcDbLine
 10
500.5122590299036
 20
3.5598436968118126
 30
0.0
 11
500.50671691442375
 21
3.557306427462856
 31
0.0
  0
LINE
  5
738
330
17
100
AcDbEntity
  8
VISTA
100
AcDbLine
 10
501.2979883614207
 20
3.5631621593984453
 30
0.0
 11
501.30332032047505
 21
3.5611196953286233
 31
0.0
  0
LINE
  5
739
330
17
100
AcDbEntity
  8
VISTA
100
AcDbLine
 10
501.30332032047505
 20
3.5611196953286233
 30
0.0
 11
501.3132820956586
 21
3.5573696175327694
 31
0.0
  0
LINE
  5
73A
330
17
100
AcDbEntity
  8
VISTA
100
AcDbLine
 10
500.50671691442375
 20
3.557306427462856
 30
0.0
 11
500.49920769166573
 21
3.552592318762303
 31
0.0
  0
LINE
  5
73B
330
17
100
AcDbEntity
  8
VISTA
100
AcDbLine
 10
500.49920769166573
 20
3.552592318762303
 30
0.0
 11
500.4951887985426
 21
3.550017681566341
 31
0.0
  0
LINE
  5
73C
330
17
100
AcDbEntity
  8
VISTA
100
AcDbLine
 10
501.3132820956586
 20
3.5573696175327694
 30
0.0
 11
501.31718945288856
 21
3.5543752808293623
 31
0.0
  0
LINE
  5
73D
330
17
100
AcDbEntity
  8
VISTA
100
AcDbLine
 10
501.31718945288856
 20
3.5543752808293623
 30
0.0
 11
501.324810211688
 21
3.5487066473539004
 31
0.0
  0
LINE
  5
73E
330
17
100
AcDbEntity
  8
VISTA
100
AcDbLine
 10
500.4951887985426
 20
3.550017681566341
 30
0.0
 11
500.4898593276053
 21
3.542509354736081
 31
0.0
  0
LINE
  5
73F
330
17
100
AcDbEntity
  8
VISTA
100
AcDbLine
 10
500.4898593276053
 20
3.542509354736081
 30
0.0
 11
500.4871273681721
 21
3.5386607357346307
 31
0.0
  0
LINE
  5
740
330
17
100
AcDbEntity
  8
VISTA
100
AcDbLine
 10
501.324810211688
 20
3.5487066473539004
 30
0.0
 11
501.32749046965256
 21
3.5454633040683423
 31
0.0
  0
LINE
  5
741
330
17
100
AcDbEntity
  8
VISTA
100
AcDbLine
 10
501.32749046965256
 20
3.5454633040683423
 30
0.0
 11
501.33287264216585
 21
3.539048486028789
 31
0.0
  0
LINE
  5
742
330
17
100
AcDbEntity
  8
VISTA
100
AcDbLine
 10
500.4871273681721
 20
3.5386607357346307
 30
0.0
 11
500.48394200832547
 21
3.5290839633709785
 31
0.0
  0
LINE
  5
743
330
17
100
AcDbEntity
  8
VISTA
100
AcDbLine
 10
500.48394200832547
 20
3.5290839633709785
 30
0.0
 11
500.48235463319793
 21
3.5243082359154543
 31
0.0
  0
LINE
  5
744
330
17
100
AcDbEntity
  8
VISTA
100
AcDbLine
 10
501.33287264216585
 20
3.539048486028789
 30
0.0
 11
501.3344419936084
 21
3.5337457191028965
 31
0.0
  0
LINE
  5
745
330
17
100
AcDbEntity
  8
VISTA
100
AcDbLine
 10
501.3344419936084
 20
3.5337457191028965
 30
0.0
 11
501.33764504840605
 21
3.5231156313346075
 31
0.0
  0
LINE
  5
746
330
17
100
AcDbEntity
  8
VISTA
100
AcDbLine
 10
500.48235463319793
 20
3.5243082359154543
 30
0.0
 11
500.4812934436892
 21
3.487079345275488
 31
0.0
  0
LINE
  5
747
330
17
100
AcDbEntity
  8
VISTA
100
AcDbLine
 10
500.4812934436892
 20
3.487079345275488
 30
0.0
 11
500.48077406387483
 21
3.4688945970374157
 31
0.0
  0
LINE
  5
748
330
17
100
AcDbEntity
  8
VISTA
100
AcDbLine
 10
501.33764504840605
 20
3.5231156313346075
 30
0.0
 11
501.3381628384217
 21
3.5055971324458186
 31
0.0
  0
LINE
  5
749
330
17
100
AcDbEntity
  8
VISTA
100
AcDbLine
 10
501.3381628384217
 20
3.5055971324458186
 30
0.0
 11
501.3392259465351
 21
3.469704289385641
 31
0.0
  0
LINE
  5
74A
330
17
100
AcDbEntity
  8
VISTA
100
AcDbLine
 10
500.48077406387483
 20
3.4688945970374157
 30
0.0
 11
500.4818371650233
 21
3.432887677177443
 31
0.0
  0
LINE
  5
74B
330
17
100
AcDbEntity
  8
VISTA
100
AcDbLine
 10
500.4818371650233
 20
3.432887677177443
 30
0.0
 11
500.48235463319793
 21
3.4153840081056144
 31
0.0
  0
LINE
  5
74C
330
17
100
AcDbEntity
  8
VISTA
100
AcDbLine
 10
501.3392259465351
 20
3.469704289385641
 30
0.0
 11
501.3387062448929
 21
3.4515349737102827
 31
0.0
  0
LINE
  5
74D
330
17
100
AcDbEntity
  8
VISTA
100
AcDbLine
 10
501.3387062448929
 20
3.4515349737102827
 30
0.0
 11
501.33764504840605
 21
3.414582380295644
 31
0.0
  0
LINE
  5
74E
330
17
100
AcDbEntity
  8
VISTA
100
AcDbLine
 10
500.48235463319793
 20
3.4153840081056144
 30
0.0
 11
500.48555766693335
 21
3.4045063122305343
 31
0.0
  0
LINE
  5
74F
330
17
100
AcDbEntity
  8
VISTA
100
AcDbLine
 10
500.48555766693335
 20
3.4045063122305343
 30
0.0
 11
500.4871273681721
 21
3.3992623104700264
 31
0.0
  0
LINE
  5
750
330
17
100
AcDbEntity
  8
VISTA
100
AcDbLine
 10
501.33764504840605
 20
3.414582380295644
 30
0.0
 11
501.3360580231945
 21
3.4098617012293246
 31
0.0
  0
LINE
  5
751
330
17
100
AcDbEntity
  8
VISTA
100
AcDbLine
 10
501.3360580231945
 20
3.4098617012293246
 30
0.0
 11
501.33287264216585
 21
3.400374312176654
 31
0.0
  0
LINE
  5
752
330
17
100
AcDbEntity
  8
VISTA
100
AcDbLine
 10
500.4871273681721
 20
3.3992623104700264
 30
0.0
 11
500.4925088373849
 21
3.3928014768666395
 31
0.0
  0
LINE
  5
753
330
17
100
AcDbEntity
  8
VISTA
100
AcDbLine
 10
500.4925088373849
 20
3.3928014768666395
 30
0.0
 11
500.4951887985426
 21
3.389641431993402
 31
0.0
  0
LINE
  5
754
330
17
100
AcDbEntity
  8
VISTA
100
AcDbLine
 10
501.33287264216585
 20
3.400374312176654
 30
0.0
 11
501.33014037981775
 21
3.3966016416687568
 31
0.0
  0
LINE
  5
755
330
17
100
AcDbEntity
  8
VISTA
100
AcDbLine
 10
501.33014037981775
 20
3.3966016416687568
 30
0.0
 11
501.324810211688
 21
3.3892823285678455
 31
0.0
  0
LINE
  5
756
330
17
100
AcDbEntity
  8
VISTA
100
AcDbLine
 10
500.4951887985426
 20
3.389641431993402
 30
0.0
 11
500.5028095056828
 21
3.3838551681489517
 31
0.0
  0
LINE
  5
757
330
17
100
AcDbEntity
  8
VISTA
100
AcDbLine
 10
500.5028095056828
 20
3.3838551681489517
 30
0.0
 11
500.50671691442375
 21
3.3809734905980484
 31
0.0
  0
LINE
  5
758
330
17
100
AcDbEntity
  8
VISTA
100
AcDbLine
 10
501.324810211688
 20
3.3892823285678455
 30
0.0
 11
501.3207913707725
 21
3.3868047750534536
 31
0.0
  0
LINE
  5
759
330
17
100
AcDbEntity
  8
VISTA
100
AcDbLine
 10
501.3207913707725
 20
3.3868047750534536
 30
0.0
 11
501.3132820956586
 21
3.3820828167518826
 31
0.0
  0
LINE
  5
75A
330
17
100
AcDbEntity
  8
VISTA
100
AcDbLine
 10
500.50671691442375
 20
3.3809734905980484
 30
0.0
 11
500.51667862015233
 21
3.3772853209887446
 31
0.0
  0
LINE
  5
75B
330
17
100
AcDbEntity
  8
VISTA
100
AcDbLine
 10
500.51667862015233
 20
3.3772853209887446
 30
0.0
 11
500.5220110107827
 21
3.375360767264014
 31
0.0
  0
LINE
  5
75C
330
17
100
AcDbEntity
  8
VISTA
100
AcDbLine
 10
501.3132820956586
 20
3.3820828167518826
 30
0.0
 11
501.30774041296735
 21
3.3796427938617466
 31
0.0
  0
LINE
  5
75D
330
17
100
AcDbEntity
  8
VISTA
100
AcDbLine
 10
501.30774041296735
 20
3.3796427938617466
 30
0.0
 11
501.2979883614207
 21
3.3752963619424436
 31
0.0
  0
LINE
  5
75E
330
17
100
AcDbEntity
  8
VISTA
100
AcDbLine
 10
500.5220110107827
 20
3.375360767264014
 30
0.0
 11
500.53447566586954
 21
3.371896910588724
 31
0.0
  0
LINE
  5
75F
330
17
100
AcDbEntity
  8
VISTA
100
AcDbLine
 10
500.53447566586954
 20
3.371896910588724
 30
0.0
 11
500.5415570721979
 21
3.3699846589399844
 31
0.0
  0
LINE
  5
760
330
17
100
AcDbEntity
  8
VISTA
100
AcDbLine
 10
501.2979883614207
 20
3.3752963619424436
 30
0.0
 11
501.29053176532886
 21
3.3736185087695203
 31
0.0
  0
LINE
  5
761
330
17
100
AcDbEntity
  8
VISTA
100
AcDbLine
 10
501.29053176532886
 20
3.3736185087695203
 30
0.0
 11
501.2784425558777
 21
3.3707727882801772
 31
0.0
  0
LINE
  5
762
330
17
100
AcDbEntity
  8
VISTA
100
AcDbLine
 10
500.5415570721979
 20
3.3699846589399844
 30
0.0
 11
500.5567819626739
 21
3.3678329123537893
 31
0.0
  0
LINE
  5
763
330
17
100
AcDbEntity
  8
VISTA
100
AcDbLine
 10
500.5567819626739
 20
3.3678329123537893
 30
0.0
 11
500.56617318710624
 21
3.3665261240353384
 31
0.0
  0
LINE
  5
764
330
17
100
AcDbEntity
  8
VISTA
100
AcDbLine
 10
501.2784425558777
 20
3.3707727882801772
 30
0.0
 11
501.2683809611952
 21
3.3690816938509123
 31
0.0
  0
LINE
  5
765
330
17
100
AcDbEntity
  8
VISTA
100
AcDbLine
 10
501.2683809611952
 20
3.3690816938509123
 30
0.0
 11
501.25382682204844
 21
3.3665517474173288
 31
0.0
  0
LINE
  5
766
330
17
100
AcDbEntity
  8
VISTA
100
AcDbLine
 10
500.56617318710624
 20
3.3665261240353384
 30
0.0
 11
500.5846098953778
 21
3.3647050977878177
 31
0.0
  0
LINE
  5
767
330
17
100
AcDbEntity
  8
VISTA
100
AcDbLine
 10
500.5846098953778
 20
3.3647050977878177
 30
0.0
 11
500.59735726283856
 21
3.3634611116580775
 31
0.0
  0
LINE
  5
768
330
17
100
AcDbEntity
  8
VISTA
100
AcDbLine
 10
501.25382682204844
 20
3.3665517474173288
 30
0.0
 11
501.23981139503593
 21
3.365355429558032
 31
0.0
  0
LINE
  5
769
330
17
100
AcDbEntity
  8
VISTA
100
AcDbLine
 10
501.23981139503593
 20
3.365355429558032
 30
0.0
 11
501.222642195121
 21
3.3637972960357385
 31
0.0
  0
LINE
  5
76A
330
17
100
AcDbEntity
  8
VISTA
100
AcDbLine
 10
500.59735726283856
 20
3.3634611116580775
 30
0.0
 11
500.61987016285656
 21
3.362441451818672
 31
0.0
  0
LINE
  5
76B
330
17
100
AcDbEntity
  8
VISTA
100
AcDbLine
 10
500.61987016285656
 20
3.362441451818672
 30
0.0
 11
500.6382467702547
 21
3.3616012248972322
 31
0.0
  0
LINE
  5
76C
330
17
100
AcDbEntity
  8
VISTA
100
AcDbLine
 10
501.222642195121
 20
3.3637972960357385
 30
0.0
 11
501.2015081147567
 21
3.3626901930230795
 31
0.0
  0
LINE
  5
76D
330
17
100
AcDbEntity
  8
VISTA
100
AcDbLine
 10
501.2015081147567
 20
3.3626901930230795
 30
0.0
 11
501.1817527178816
 21
3.361606011140017
 31
0.0
  0
LINE
  5
76E
330
17
100
AcDbEntity
  8
VISTA
100
AcDbLine
 10
500.6382467702547
 20
3.3616012248972322
 30
0.0
 11
500.66694588373184
 21
3.3610180725939554
 31
0.0
  0
LINE
  5
76F
330
17
100
AcDbEntity
  8
VISTA
100
AcDbLine
 10
500.66694588373184
 20
3.3610180725939554
 30
0.0
 11
500.69764692667025
 21
3.360382574574486
 31
0.0
  0
LINE
  5
770
330
17
100
AcDbEntity
  8
VISTA
100
AcDbLine
 10
501.1817527178816
 20
3.361606011140017
 30
0.0
 11
501.14249548563396
 21
3.3608335951162984
 31
0.0
  0
LINE
  5
771
330
17
100
AcDbEntity
  8
VISTA
100
AcDbLine
 10
501.14249548563396
 20
3.3608335951162984
 30
0.0
 11
501.12235307682886
 21
3.360415155486233
 31
0.0
  0
LINE
  5
772
330
17
100
AcDbEntity
  8
VISTA
100
AcDbLine
 10
500.69764692667025
 20
3.360382574574486
 30
0.0
 11
500.7699162848079
 21
3.3602564328516036
 31
0.0
  0
LINE
  5
773
330
17
100
AcDbEntity
  8
VISTA
100
AcDbLine
 10
500.8020857428206
 20
3.3602154049536566
 30
0.0
 11
500.7699166014831
 21
3.360256432271908
 31
0.0
  0
LINE
  5
774
330
17
100
AcDbEntity
  8
VISTA
100
AcDbLine
 10
500.8186007881826
 20
3.360181559124536
 30
0.0
 11
500.8020857428206
 21
3.3602154049536566
 31
0.0
  0
LINE
  5
775
330
17
100
AcDbEntity
  8
VISTA
100
AcDbLine
 10
500.83011132708026
 20
3.3601551332504482
 30
0.0
 11
500.8186007881826
 21
3.360181559124536
 31
0.0
  0
LINE
  5
776
330
17
100
AcDbEntity
  8
VISTA
100
AcDbLine
 10
500.8395909257855
 20
3.3601522228551657
 30
0.0
 11
500.8301116399334
 21
3.360155132642929
 31
0.0
  0
LINE
  5
777
330
17
100
AcDbEntity
  8
VISTA
100
AcDbLine
 10
500.84845701849827
 20
3.3601563942274195
 30
0.0
 11
500.8395909257855
 21
3.3601522228551657
 31
0.0
  0
LINE
  5
778
330
17
100
AcDbEntity
  8
VISTA
100
AcDbLine
 10
500.85787588123213
 20
3.3601471863449555
 30
0.0
 11
500.84845701849827
 21
3.3601563942274195
 31
0.0
  0
LINE
  5
779
330
17
100
AcDbEntity
  8
VISTA
100
AcDbLine
 10
500.86984569084404
 20
3.3601355225626253
 30
0.0
 11
500.85787588123213
 21
3.3601471863449555
 31
0.0
  0
LINE
  5
77A
330
17
100
AcDbEntity
  8
VISTA
100
AcDbLine
 10
500.91
 20
3.360140759926053
 30
0.0
 11
500.86984569084404
 21
3.3601355225626253
 31
0.0
  0
LINE
  5
77B
330
17
100
AcDbEntity
  8
VISTA
100
AcDbLine
 10
500.9501539553112
 20
3.3601521532687437
 30
0.0
 11
500.91
 21
3.360140759926053
 31
0.0
  0
LINE
  5
77C
330
17
100
AcDbEntity
  8
VISTA
100
AcDbLine
 10
500.96212411876786
 20
3.360149705426654
 30
0.0
 11
500.9501539553112
 21
3.3601521532687437
 31
0.0
  0
LINE
  5
77D
330
17
100
AcDbEntity
  8
VISTA
100
AcDbLine
 10
500.9715426108993
 20
3.360144534949511
 30
0.0
 11
500.96212411876786
 21
3.360149705426654
 31
0.0
  0
LINE
  5
77E
330
17
100
AcDbEntity
  8
VISTA
100
AcDbLine
 10
500.9804090742145
 20
3.3601572582167867
 30
0.0
 11
500.9715426108993
 21
3.360144534949511
 31
0.0
  0
LINE
  5
77F
330
17
100
AcDbEntity
  8
VISTA
100
AcDbLine
 10
500.9898883600666
 20
3.360179062678274
 30
0.0
 11
500.9804090742145
 21
3.3601572582167867
 31
0.0
  0
LINE
  5
780
330
17
100
AcDbEntity
  8
VISTA
100
AcDbLine
 10
501.00139842604483
 20
3.3601892363061543
 30
0.0
 11
500.9898883600666
 21
3.360179062678274
 31
0.0
  0
LINE
  5
781
330
17
100
AcDbEntity
  8
VISTA
100
AcDbLine
 10
501.01791373937897
 20
3.360202977744792
 30
0.0
 11
501.0013987601778
 21
3.3601892369979613
 31
0.0
  0
LINE
  5
782
330
17
100
AcDbEntity
  8
VISTA
100
AcDbLine
 10
501.0500833985169
 20
3.3602683286144193
 30
0.0
 11
501.01791373937897
 21
3.360202977744792
 31
0.0
  0
LINE
  5
783
330
17
100
AcDbEntity
  8
VISTA
100
AcDbLine
 10
501.12235307682886
 20
3.360415155486233
 30
0.0
 11
501.0500833985169
 21
3.3602683286144193
 31
0.0
  0
LINE
  5
784
330
17
100
AcDbEntity
  8
VISTA
100
AcDbLine
 10
501.20010875771624
 20
4.10925344279542
 30
0.0
 11
501.1807428538184
 21
4.10891416411596
 31
0.0
  0
LINE
  5
785
330
17
100
AcDbEntity
  8
VISTA
100
AcDbLine
 10
501.20010875771624
 20
4.10925344279542
 30
0.0
 11
501.2092694757161
 21
4.109389204345315
 31
0.0
  0
LINE
  5
786
330
17
100
AcDbEntity
  8
VISTA
100
AcDbLine
 10
501.2092694757161
 20
4.109389204345315
 30
0.0
 11
501.21397213346444
 21
4.109499508418336
 31
0.0
  0
LINE
  5
787
330
17
100
AcDbEntity
  8
VISTA
100
AcDbLine
 10
501.21397213346444
 20
4.109499508418336
 30
0.0
 11
501.2172507199272
 21
4.109565938599889
 31
0.0
  0
LINE
  5
788
330
17
100
AcDbEntity
  8
VISTA
100
AcDbLine
 10
501.2172507199272
 20
4.109565938599889
 30
0.0
 11
501.2199493034494
 21
4.109567998988178
 31
0.0
  0
LINE
  5
789
330
17
100
AcDbEntity
  8
VISTA
100
AcDbLine
 10
501.2199493034494
 20
4.109567998988178
 30
0.0
 11
501.22247455558943
 21
4.109569266530358
 31
0.0
  0
LINE
  5
78A
330
17
100
AcDbEntity
  8
VISTA
100
AcDbLine
 10
501.22247455558943
 20
4.109569266530358
 30
0.0
 11
501.22515676448484
 21
4.109608180591904
 31
0.0
  0
LINE
  5
78B
330
17
100
AcDbEntity
  8
VISTA
100
AcDbLine
 10
501.22515676448484
 20
4.109608180591904
 30
0.0
 11
501.2285649430835
 21
4.1096349591871615
 31
0.0
  0
LINE
  5
78C
330
17
100
AcDbEntity
  8
VISTA
100
AcDbLine
 10
501.2285649430835
 20
4.1096349591871615
 30
0.0
 11
501.24
 21
4.109614702354876
 31
0.0
  0
LINE
  5
78D
330
17
100
AcDbEntity
  8
VISTA
100
AcDbLine
 10
501.24
 20
4.109614702354876
 30
0.0
 11
501.2514346958475
 21
4.109595963729411
 31
0.0
  0
LINE
  5
78E
330
17
100
AcDbEntity
  8
VISTA
100
AcDbLine
 10
501.2514346958475
 20
4.109595963729411
 30
0.0
 11
501.25484286829925
 21
4.1096151576947655
 31
0.0
  0
LINE
  5
78F
330
17
100
AcDbEntity
  8
VISTA
100
AcDbLine
 10
501.25484286829925
 20
4.1096151576947655
 30
0.0
 11
501.25752544441053
 21
4.109624100905335
 31
0.0
  0
LINE
  5
790
330
17
100
AcDbEntity
  8
VISTA
100
AcDbLine
 10
501.25752544441053
 20
4.109624100905335
 30
0.0
 11
501.2600506965506
 21
4.109581832506397
 31
0.0
  0
LINE
  5
791
330
17
100
AcDbEntity
  8
VISTA
100
AcDbLine
 10
501.2600506965506
 20
4.109581832506397
 30
0.0
 11
501.26274928007274
 21
4.109533941833247
 31
0.0
  0
LINE
  5
792
330
17
100
AcDbEntity
  8
VISTA
100
AcDbLine
 10
501.26274928007274
 20
4.109533941833247
 30
0.0
 11
501.2660274056778
 21
4.109520707877596
 31
0.0
  0
LINE
  5
793
330
17
100
AcDbEntity
  8
VISTA
100
AcDbLine
 10
501.2660274056778
 20
4.109520707877596
 30
0.0
 11
501.27073052428386
 21
4.109477442125879
 31
0.0
  0
LINE
  5
794
330
17
100
AcDbEntity
  8
VISTA
100
AcDbLine
 10
501.27073052428386
 20
4.109477442125879
 30
0.0
 11
501.27989056788704
 21
4.1092871626330245
 31
0.0
  0
LINE
  5
795
330
17
100
AcDbEntity
  8
VISTA
100
AcDbLine
 10
501.27989056788704
 20
4.1092871626330245
 30
0.0
 11
501.29925647274075
 21
4.108925742950274
 31
0.0
  0
LINE
  5
796
330
17
100
AcDbEntity
  8
VISTA
100
AcDbLine
 10
501.1807428538184
 20
4.10891416411596
 30
0.0
 11
501.1753453530451
 21
4.107953638853171
 31
0.0
  0
LINE
  5
797
330
17
100
AcDbEntity
  8
VISTA
100
AcDbLine
 10
501.1753453530451
 20
4.107953638853171
 30
0.0
 11
501.1641664555277
 21
4.105854524979519
 31
0.0
  0
LINE
  5
798
330
17
100
AcDbEntity
  8
VISTA
100
AcDbLine
 10
501.29925647274075
 20
4.108925742950274
 30
0.0
 11
501.30799929288247
 21
4.107113181835443
 31
0.0
  0
LINE
  5
799
330
17
100
AcDbEntity
  8
VISTA
100
AcDbLine
 10
501.30799929288247
 20
4.107113181835443
 30
0.0
 11
501.3158330732637
 21
4.105449165141292
 31
0.0
  0
LINE
  5
79A
330
17
100
AcDbEntity
  8
VISTA
100
AcDbLine
 10
501.1641664555277
 20
4.105854524979519
 30
0.0
 11
501.1587732078773
 21
4.103224536969126
 31
0.0
  0
LINE
  5
79B
330
17
100
AcDbEntity
  8
VISTA
100
AcDbLine
 10
501.1587732078773
 20
4.103224536969126
 30
0.0
 11
501.1527545863338
 21
4.100144451760246
 31
0.0
  0
LINE
  5
79C
330
17
100
AcDbEntity
  8
VISTA
100
AcDbLine
 10
501.3158330732637
 20
4.105449165141292
 30
0.0
 11
501.3210659143642
 21
4.103005854110425
 31
0.0
  0
LINE
  5
79D
330
17
100
AcDbEntity
  8
VISTA
100
AcDbLine
 10
501.3210659143642
 20
4.103005854110425
 30
0.0
 11
501.32724441605467
 21
4.10006440645465
 31
0.0
  0
LINE
  5
79E
330
17
100
AcDbEntity
  8
VISTA
100
AcDbLine
 10
501.1527545863338
 20
4.100144451760246
 30
0.0
 11
501.14804386011895
 21
4.09637305550545
 31
0.0
  0
LINE
  5
79F
330
17
100
AcDbEntity
  8
VISTA
100
AcDbLine
 10
501.14804386011895
 20
4.09637305550545
 30
0.0
 11
501.1440532284243
 21
4.09297898344961
 31
0.0
  0
LINE
  5
7A0
330
17
100
AcDbEntity
  8
VISTA
100
AcDbLine
 10
501.32724441605467
 20
4.10006440645465
 30
0.0
 11
501.3308739127427
 21
4.0964436683721415
 31
0.0
  0
LINE
  5
7A1
330
17
100
AcDbEntity
  8
VISTA
100
AcDbLine
 10
501.3308739127427
 20
4.0964436683721415
 30
0.0
 11
501.3359457741431
 21
4.091414359078598
 31
0.0
  0
LINE
  5
7A2
330
17
100
AcDbEntity
  8
VISTA
100
AcDbLine
 10
501.1440532284243
 20
4.09297898344961
 30
0.0
 11
501.14004870053583
 21
4.0865175290618945
 31
0.0
  0
LINE
  5
7A3
330
17
100
AcDbEntity
  8
VISTA
100
AcDbLine
 10
501.14004870053583
 20
4.0865175290618945
 30
0.0
 11
501.13718333838455
 21
4.081717359681199
 31
0.0
  0
LINE
  5
7A4
330
17
100
AcDbEntity
  8
VISTA
100
AcDbLine
 10
501.3359457741431
 20
4.091414359078598
 30
0.0
 11
501.3386200569091
 21
4.087573971784198
 31
0.0
  0
LINE
  5
7A5
330
17
100
AcDbEntity
  8
VISTA
100
AcDbLine
 10
501.3386200569091
 20
4.087573971784198
 30
0.0
 11
501.34281627502105
 21
4.081575535705759
 31
0.0
  0
LINE
  5
7A6
330
17
100
AcDbEntity
  8
VISTA
100
AcDbLine
 10
501.13718333838455
 20
4.081717359681199
 30
0.0
 11
501.1338519176916
 21
4.074498161878859
 31
0.0
  0
LINE
  5
7A7
330
17
100
AcDbEntity
  8
VISTA
100
AcDbLine
 10
501.1338519176916
 20
4.074498161878859
 30
0.0
 11
501.1317287218258
 21
4.069684045795468
 31
0.0
  0
LINE
  5
7A8
330
17
100
AcDbEntity
  8
VISTA
100
AcDbLine
 10
501.34281627502105
 20
4.081575535705759
 30
0.0
 11
501.34483306886625
 21
4.076043445496088
 31
0.0
  0
LINE
  5
7A9
330
17
100
AcDbEntity
  8
VISTA
100
AcDbLine
 10
501.34483306886625
 20
4.076043445496088
 30
0.0
 11
501.3482712809565
 21
4.06685324009031
 31
0.0
  0
LINE
  5
7AA
330
17
100
AcDbEntity
  8
VISTA
100
AcDbLine
 10
501.1317287218258
 20
4.069684045795468
 30
0.0
 11
501.12903804925355
 21
4.058130982256105
 31
0.0
  0
LINE
  5
7AB
330
17
100
AcDbEntity
  8
VISTA
100
AcDbLine
 10
501.12903804925355
 20
4.058130982256105
 30
0.0
 11
501.12745954890227
 21
4.051232878082328
 31
0.0
  0
LINE
  5
7AC
330
17
100
AcDbEntity
  8
VISTA
100
AcDbLine
 10
501.3482712809565
 20
4.06685324009031
 30
0.0
 11
501.34978966456157
 21
4.061300640030829
 31
0.0
  0
LINE
  5
7AD
330
17
100
AcDbEntity
  8
VISTA
100
AcDbLine
 10
501.34978966456157
 20
4.061300640030829
 30
0.0
 11
501.35253945393964
 21
4.051417376427343
 31
0.0
  0
LINE
  5
7AE
330
17
100
AcDbEntity
  8
VISTA
100
AcDbLine
 10
501.12745954890227
 20
4.051232878082328
 30
0.0
 11
501.1253875574016
 21
4.038808016114192
 31
0.0
  0
LINE
  5
7AF
330
17
100
AcDbEntity
  8
VISTA
100
AcDbLine
 10
501.1253875574016
 20
4.038808016114192
 30
0.0
 11
501.12424331047777
 21
4.031807757007579
 31
0.0
  0
LINE
  5
7B0
330
17
100
AcDbEntity
  8
VISTA
100
AcDbLine
 10
501.35253945393964
 20
4.051417376427343
 30
0.0
 11
501.35365195178764
 21
4.043276315803793
 31
0.0
  0
LINE
  5
7B1
330
17
100
AcDbEntity
  8
VISTA
100
AcDbLine
 10
501.35365195178764
 20
4.043276315803793
 30
0.0
 11
501.35575569240456
 21
4.028330337689587
 31
0.0
  0
LINE
  5
7B2
330
17
100
AcDbEntity
  8
VISTA
100
AcDbLine
 10
501.12424331047777
 20
4.031807757007579
 30
0.0
 11
501.12277148720455
 21
4.0120120610547625
 31
0.0
  0
LINE
  5
7B3
330
17
100
AcDbEntity
  8
VISTA
100
AcDbLine
 10
501.12277148720455
 20
4.0120120610547625
 30
0.0
 11
501.12199352883596
 21
4.001548946428814
 31
0.0
  0
LINE
  5
7B4
330
17
100
AcDbEntity
  8
VISTA
100
AcDbLine
 10
501.35575569240456
 20
4.028330337689587
 30
0.0
 11
501.35651883303814
 21
4.019512248025984
 31
0.0
  0
LINE
  5
7B5
330
17
100
AcDbEntity
  8
VISTA
100
AcDbLine
 10
501.35651883303814
 20
4.019512248025984
 30
0.0
 11
501.3580061348076
 21
4.002594933719202
 31
0.0
  0
LINE
  5
7B6
330
17
100
AcDbEntity
  8
VISTA
100
AcDbLine
 10
501.12199352883596
 20
4.001548946428814
 30
0.0
 11
501.121113443312
 21
3.9762914169075505
 31
0.0
  0
LINE
  5
7B7
330
17
100
AcDbEntity
  8
VISTA
100
AcDbLine
 10
501.121113443312
 20
3.9762914169075505
 30
0.0
 11
501.12066142047803
 21
3.9633065214100553
 31
0.0
  0
LINE
  5
7B8
330
17
100
AcDbEntity
  8
VISTA
100
AcDbLine
 10
501.3580061348076
 20
4.002594933719202
 30
0.0
 11
501.3584534563856
 21
3.988177614260792
 31
0.0
  0
LINE
  5
7B9
330
17
100
AcDbEntity
  8
VISTA
100
AcDbLine
 10
501.3584534563856
 20
3.988177614260792
 30
0.0
 11
501.3593379179423
 21
3.960136661015433
 31
0.0
  0
LINE
  5
7BA
330
17
100
AcDbEntity
  8
VISTA
100
AcDbLine
 10
501.12066142047803
 20
3.9633065214100553
 30
0.0
 11
501.120367709445
 21
3.865100715642704
 31
0.0
  0
LINE
  5
7BB
330
17
100
AcDbEntity
  8
VISTA
100
AcDbLine
 10
501.120367709445
 20
3.865100715642704
 30
0.0
 11
501.12021961280925
 21
3.815658832888025
 31
0.0
  0
LINE
  5
7BC
330
17
100
AcDbEntity
  8
VISTA
100
AcDbLine
 10
501.3593379179423
 20
3.960136661015433
 30
0.0
 11
501.3594854661482
 21
3.912506174707521
 31
0.0
  0
LINE
  5
7BD
330
17
100
AcDbEntity
  8
VISTA
100
AcDbLine
 10
501.3594854661482
 20
3.912506174707521
 30
0.0
 11
501.35978039012815
 21
3.817820265065181
 31
0.0
  0
LINE
  5
7BE
330
17
100
AcDbEntity
  8
VISTA
100
AcDbLine
 10
501.12021961280925
 20
3.815658832888025
 30
0.0
 11
501.12051386907945
 21
3.7234740687973114
 31
0.0
  0
LINE
  5
7BF
330
17
100
AcDbEntity
  8
VISTA
100
AcDbLine
 10
501.12051386907945
 20
3.7234740687973114
 30
0.0
 11
501.12066142047803
 21
3.6774390380561077
 31
0.0
  0
LINE
  5
7C0
330
17
100
AcDbEntity
  8
VISTA
100
AcDbLine
 10
501.35978039012815
 20
3.817820265065181
 30
0.0
 11
501.3596322954552
 21
3.770110918125699
 31
0.0
  0
LINE
  5
7C1
330
17
100
AcDbEntity
  8
VISTA
100
AcDbLine
 10
501.3596322954552
 20
3.770110918125699
 30
0.0
 11
501.3593379179423
 21
3.6756469684231714
 31
0.0
  0
LINE
  5
7C2
330
17
100
AcDbEntity
  8
VISTA
100
AcDbLine
 10
501.12066142047803
 20
3.6774390380561077
 30
0.0
 11
501.12154654060475
 21
3.653388623082377
 31
0.0
  0
LINE
  5
7C3
330
17
100
AcDbEntity
  8
VISTA
100
AcDbLine
 10
501.12154654060475
 20
3.653388623082377
 30
0.0
 11
501.12199352883596
 21
3.641438214449858
 31
0.0
  0
LINE
  5
7C4
330
17
100
AcDbEntity
  8
VISTA
100
AcDbLine
 10
501.3593379179423
 20
3.6756469684231714
 30
0.0
 11
501.358885565574
 21
3.6648892313313834
 31
0.0
  0
LINE
  5
7C5
330
17
100
AcDbEntity
  8
VISTA
100
AcDbLine
 10
501.358885565574
 20
3.6648892313313834
 30
0.0
 11
501.3580061348076
 21
3.6439156995379074
 31
0.0
  0
LINE
  5
7C6
330
17
100
AcDbEntity
  8
VISTA
100
AcDbLine
 10
501.12199352883596
 20
3.641438214449858
 30
0.0
 11
501.12348015978847
 21
3.627155324982697
 31
0.0
  0
LINE
  5
7C7
330
17
100
AcDbEntity
  8
VISTA
100
AcDbLine
 10
501.12348015978847
 20
3.627155324982697
 30
0.0
 11
501.12424331047777
 21
3.619953882912275
 31
0.0
  0
LINE
  5
7C8
330
17
100
AcDbEntity
  8
VISTA
100
AcDbLine
 10
501.3580061348076
 20
3.6439156995379074
 30
0.0
 11
501.35722818000676
 21
3.6353185026538717
 31
0.0
  0
LINE
  5
7C9
330
17
100
AcDbEntity
  8
VISTA
100
AcDbLine
 10
501.35722818000676
 20
3.6353185026538717
 30
0.0
 11
501.35575569240456
 21
3.6191440342167276
 31
0.0
  0
LINE
  5
7CA
330
17
100
AcDbEntity
  8
VISTA
100
AcDbLine
 10
501.12424331047777
 20
3.619953882912275
 30
0.0
 11
501.12634703654294
 21
3.6071666823146393
 31
0.0
  0
LINE
  5
7CB
330
17
100
AcDbEntity
  8
VISTA
100
AcDbLine
 10
501.12634703654294
 20
3.6071666823146393
 30
0.0
 11
501.12745954890227
 21
3.6005987916585642
 31
0.0
  0
LINE
  5
7CC
330
17
100
AcDbEntity
  8
VISTA
100
AcDbLine
 10
501.35575569240456
 20
3.6191440342167276
 30
0.0
 11
501.35461146018145
 21
3.6134974189126696
 31
0.0
  0
LINE
  5
7CD
330
17
100
AcDbEntity
  8
VISTA
100
AcDbLine
 10
501.35461146018145
 20
3.6134974189126696
 30
0.0
 11
501.35253945393964
 21
3.603065872562993
 31
0.0
  0
LINE
  5
7CE
330
17
100
AcDbEntity
  8
VISTA
100
AcDbLine
 10
501.12745954890227
 20
3.6005987916585642
 30
0.0
 11
501.1302099629931
 21
3.5924512778162483
 31
0.0
  0
LINE
  5
7CF
330
17
100
AcDbEntity
  8
VISTA
100
AcDbLine
 10
501.1302099629931
 20
3.5924512778162483
 30
0.0
 11
501.1317287218258
 21
3.588065616200455
 31
0.0
  0
LINE
  5
7D0
330
17
100
AcDbEntity
  8
VISTA
100
AcDbLine
 10
501.35253945393964
 20
3.603065872562993
 30
0.0
 11
501.3509613431383
 21
3.597505052253558
 31
0.0
  0
LINE
  5
7D1
330
17
100
AcDbEntity
  8
VISTA
100
AcDbLine
 10
501.3509613431383
 20
3.597505052253558
 30
0.0
 11
501.3482712809565
 21
3.5879102030050727
 31
0.0
  0
LINE
  5
7D2
330
17
100
AcDbEntity
  8
VISTA
100
AcDbLine
 10
501.1317287218258
 20
3.588065616200455
 30
0.0
 11
501.13516690849286
 21
3.580420299193773
 31
0.0
  0
LINE
  5
7D3
330
17
100
AcDbEntity
  8
VISTA
100
AcDbLine
 10
501.13516690849286
 20
3.580420299193773
 30
0.0
 11
501.13718333838455
 21
3.5760629319966055
 31
0.0
  0
LINE
  5
7D4
330
17
100
AcDbEntity
  8
VISTA
100
AcDbLine
 10
501.3482712809565
 20
3.5879102030050727
 30
0.0
 11
501.34614772165185
 21
3.584087182577417
 31
0.0
  0
LINE
  5
7D5
330
17
100
AcDbEntity
  8
VISTA
100
AcDbLine
 10
501.34614772165185
 20
3.584087182577417
 30
0.0
 11
501.34281627502105
 21
3.577811482196431
 31
0.0
  0
LINE
  5
7D6
330
17
100
AcDbEntity
  8
VISTA
100
AcDbLine
 10
501.13718333838455
 20
3.5760629319966055
 30
0.0
 11
501.14137891311617
 21
3.5713177186538947
 31
0.0
  0
LINE
  5
7D7
330
17
100
AcDbEntity
  8
VISTA
100
AcDbLine
 10
501.14137891311617
 20
3.5713177186538947
 30
0.0
 11
501.1440532284243
 21
3.5683396192409402
 31
0.0
  0
LINE
  5
7D8
330
17
100
AcDbEntity
  8
VISTA
100
AcDbLine
 10
501.34281627502105
 20
3.577811482196431
 30
0.0
 11
501.33995091834294
 21
3.573956970029976
 31
0.0
  0
LINE
  5
7D9
330
17
100
AcDbEntity
  8
VISTA
100
AcDbLine
 10
501.33995091834294
 20
3.573956970029976
 30
0.0
 11
501.3359457741431
 21
3.5683873072692185
 31
0.0
  0
LINE
  5
7DA
330
17
100
AcDbEntity
  8
VISTA
100
AcDbLine
 10
501.1440532284243
 20
3.5683396192409402
 30
0.0
 11
501.1491250475156
 21
3.5643304281467847
 31
0.0
  0
LINE
  5
7DB
330
17
100
AcDbEntity
  8
VISTA
100
AcDbLine
 10
501.1491250475156
 20
3.5643304281467847
 30
0.0
 11
501.1527545863338
 21
3.5614953313175475
 31
0.0
  0
LINE
  5
7DC
330
17
100
AcDbEntity
  8
VISTA
100
AcDbLine
 10
501.3359457741431
 20
3.5683873072692185
 30
0.0
 11
501.33195518547643
 21
3.565661118404559
 31
0.0
  0
LINE
  5
7DD
330
17
100
AcDbEntity
  8
VISTA
100
AcDbLine
 10
501.33195518547643
 20
3.565661118404559
 30
0.0
 11
501.32724441605467
 21
3.5622388941182943
 31
0.0
  0
LINE
  5
7DE
330
17
100
AcDbEntity
  8
VISTA
100
AcDbLine
 10
501.1527545863338
 20
3.5614953313175475
 30
0.0
 11
501.15893304944893
 21
3.559256098628797
 31
0.0
  0
LINE
  5
7DF
330
17
100
AcDbEntity
  8
VISTA
100
AcDbLine
 10
501.15893304944893
 20
3.559256098628797
 30
0.0
 11
501.1641664555277
 21
3.557341103529023
 31
0.0
  0
LINE
  5
7E0
330
17
100
AcDbEntity
  8
VISTA
100
AcDbLine
 10
501.32724441605467
 20
3.5622388941182943
 30
0.0
 11
501.32122637849585
 21
3.5597154345205864
 31
0.0
  0
LINE
  5
7E1
330
17
100
AcDbEntity
  8
VISTA
100
AcDbLine
 10
501.32122637849585
 20
3.5597154345205864
 30
0.0
 11
501.3158330732637
 21
3.557346293209475
 31
0.0
  0
LINE
  5
7E2
330
17
100
AcDbEntity
  8
VISTA
100
AcDbLine
 10
501.1641664555277
 20
3.557341103529023
 30
0.0
 11
501.172000653416
 21
3.5560665163477054
 31
0.0
  0
LINE
  5
7E3
330
17
100
AcDbEntity
  8
VISTA
100
AcDbLine
 10
501.172000653416
 20
3.5560665163477054
 30
0.0
 11
501.1807428538184
 21
3.55461760393756
 31
0.0
  0
LINE
  5
7E4
330
17
100
AcDbEntity
  8
VISTA
100
AcDbLine
 10
501.3158330732637
 20
3.557346293209475
 30
0.0
 11
501.30465369644367
 21
3.5555872516590235
 31
0.0
  0
LINE
  5
7E5
330
17
100
AcDbEntity
  8
VISTA
100
AcDbLine
 10
501.30465369644367
 20
3.5555872516590235
 30
0.0
 11
501.29925647274075
 21
3.5546905362827084
 31
0.0
  0
LINE
  5
7E6
330
17
100
AcDbEntity
  8
VISTA
100
AcDbLine
 10
501.1807428538184
 20
3.55461760393756
 30
0.0
 11
501.20010875771624
 21
3.554347027587323
 31
0.0
  0
LINE
  5
7E7
330
17
100
AcDbEntity
  8
VISTA
100
AcDbLine
 10
501.2092695723394
 20
3.5542543825024393
 30
0.0
 11
501.2001088443081
 21
3.5543470263195753
 31
0.0
  0
LINE
  5
7E8
330
17
100
AcDbEntity
  8
VISTA
100
AcDbLine
 10
501.2139722270162
 20
3.5541768488258842
 30
0.0
 11
501.2092695723394
 21
3.5542543825024393
 31
0.0
  0
LINE
  5
7E9
330
17
100
AcDbEntity
  8
VISTA
100
AcDbLine
 10
501.2172508077382
 20
3.5541166471083545
 30
0.0
 11
501.2139722270162
 21
3.5541768488258842
 31
0.0
  0
LINE
  5
7EA
330
17
100
AcDbEntity
  8
VISTA
100
AcDbLine
 10
501.2199494651275
 20
3.5541100208874052
 30
0.0
 11
501.2172508955496
 21
3.5541166457432833
 31
0.0
  0
LINE
  5
7EB
330
17
100
AcDbEntity
  8
VISTA
100
AcDbLine
 10
501.22247470089525
 20
3.554119987729644
 30
0.0
 11
501.2199494651275
 21
3.5541100208874052
 31
0.0
  0
LINE
  5
7EC
330
17
100
AcDbEntity
  8
VISTA
100
AcDbLine
 10
501.22515688971964
 20
3.55409863253745
 30
0.0
 11
501.22247470089525
 21
3.554119987729644
 31
0.0
  0
LINE
  5
7ED
330
17
100
AcDbEntity
  8
VISTA
100
AcDbLine
 10
501.2285650405001
 20
3.5540724335425136
 30
0.0
 11
501.22515688971964
 21
3.55409863253745
 31
0.0
  0
LINE
  5
7EE
330
17
100
AcDbEntity
  8
VISTA
100
AcDbLine
 10
501.24
 20
3.5540843778616176
 30
0.0
 11
501.2285650405001
 21
3.5540724335425136
 31
0.0
  0
LINE
  5
7EF
330
17
100
AcDbEntity
  8
VISTA
100
AcDbLine
 10
501.2514345984339
 20
3.5541096233381717
 30
0.0
 11
501.24
 21
3.5540843778616176
 31
0.0
  0
LINE
  5
7F0
330
17
100
AcDbEntity
  8
VISTA
100
AcDbLine
 10
501.2548427430675
 20
3.5541045079429194
 30
0.0
 11
501.2514345984339
 21
3.5541096233381717
 31
0.0
  0
LINE
  5
7F1
330
17
100
AcDbEntity
  8
VISTA
100
AcDbLine
 10
501.25752529910477
 20
3.554092381686991
 30
0.0
 11
501.2548427430675
 21
3.5541045079429194
 31
0.0
  0
LINE
  5
7F2
330
17
100
AcDbEntity
  8
VISTA
100
AcDbLine
 10
501.2600505348725
 20
3.554121878093125
 30
0.0
 11
501.25752529910477
 21
3.554092381686991
 31
0.0
  0
LINE
  5
7F3
330
17
100
AcDbEntity
  8
VISTA
100
AcDbLine
 10
501.2627491044504
 20
3.554171376632125
 30
0.0
 11
501.2600505348725
 21
3.554121878093125
 31
0.0
  0
LINE
  5
7F4
330
17
100
AcDbEntity
  8
VISTA
100
AcDbLine
 10
501.266027218577
 20
3.554194820663762
 30
0.0
 11
501.2627491044504
 21
3.554171376632125
 31
0.0
  0
LINE
  5
7F5
330
17
100
AcDbEntity
  8
VISTA
100
AcDbLine
 10
501.2707304276606
 20
3.5542253222469187
 30
0.0
 11
501.2660273121277
 21
3.5541948222158726
 31
0.0
  0
LINE
  5
7F6
330
17
100
AcDbEntity
  8
VISTA
100
AcDbLine
 10
501.27989048129666
 20
3.5543753509216796
 30
0.0
 11
501.2707304276606
 21
3.5542253222469187
 31
0.0
  0
LINE
  5
7F7
330
17
100
AcDbEntity
  8
VISTA
100
AcDbLine
 10
501.29925647274075
 20
3.5546905362827084
 30
0.0
 11
501.27989048129666
 21
3.5543753509216796
 31
0.0
  0
LWPOLYLINE
  5
7F8
330
17
100
AcDbEntity
  8
VISTA
100
AcDbPolyline
 90
87
 70
1
 10
500.76055256434677
 20
3.6908869785103784
 10
500.7797975216524
 20
3.691355281681155
 10
500.8049758672172
 20
3.6919836423479087
 10
500.85752684892316
 20
3.6916044731597557
 10
500.889999
 20
3.6913090065952185
 10
500.9407139305
 20
3.6909661506654254
 10
500.9750227259981
 20
3.690822963878327
 10
500.99494925269676
 20
3.690779990906013
 10
501.01944552499845
 20
3.6910040910811306
 10
501.028221180687
 20
3.6907227798370137
 10
501.0505305139564
 20
3.690001514650743
 10
501.05589895921327
 20
3.689640957376891
 10
501.05916354305253
 20
3.689384611439229
 10
501.0777633349519
 20
3.686616089048816
 10
501.100127558745
 20
3.682891342957276
 10
501.10056040496
 20
3.6828156554823956
 10
501.1009481505021
 20
3.682750401568304
 10
501.1177291073334
 20
3.6796455609463536
 10
501.1293986510245
 20
3.6777200692262944
 10
501.13471032342915
 20
3.675615898453203
 10
501.14754866079426
 20
3.6707519032547027
 10
501.149808467316
 20
3.6697497873829996
 10
501.1505813548702
 20
3.6694143357407767
 10
501.1602349268312
 20
3.6643377516539237
 10
501.16317636549013
 20
3.662818583222937
 10
501.16796129195865
 20
3.6547956467717717
 10
501.1707030499954
 20
3.650146185716941
 10
501.1721278919749
 20
3.6379341533805136
 10
501.1732067339492
 20
3.6286210143187065
 10
501.17175941052886
 20
3.6140572436609517
 10
501.1707030499954
 20
3.603285818650683
 10
501.1655510896585
 20
3.5966011084466336
 10
501.16317636549013
 20
3.5934301307721426
 10
501.15146076734817
 20
3.583594057918828
 10
501.1505813548702
 20
3.5828316640640248
 10
501.14754866079426
 20
3.5817879626754254
 10
501.1293986510245
 20
3.5762805244651283
 10
501.10230431310015
 20
3.568664047668038
 10
501.1009481505021
 20
3.568277500068785
 10
501.100127558745
 20
3.5681586867489985
 10
501.09381542553194
 20
3.567655666293393
 10
501.05916354305253
 20
3.5649329319241527
 10
501.0505305139564
 20
3.564697204277184
 10
501.01944552499845
 20
3.564003534521702
 10
501.0001991610048
 20
3.563559646411483
 10
500.9750227259981
 20
3.562878327590304
 10
500.9224711510768
 20
3.56215031340405
 10
500.889999
 20
3.5615622176422095
 10
500.83928469450683
 20
3.5617274726983954
 10
500.8049758672172
 20
3.561843274180133
 10
500.7850487473032
 20
3.562712130750254
 10
500.76055256434677
 20
3.563887087912088
 10
500.75177832852825
 20
3.564335717083644
 10
500.7294694488889
 20
3.5652597616666664
 10
500.72410004078677
 20
3.5656291276277
 10
500.7208354569475
 20
3.565847606465651
 10
500.70223566504814
 20
3.5672441264198387
 10
500.679871441255
 20
3.5688225712616823
 10
500.67943859504004
 20
3.568883779245357
 10
500.67905084949786
 20
3.5689461708625667
 10
500.66226930284984
 20
3.5721639946229886
 10
500.65059998998123
 20
3.5744767589683923
 10
500.64528867657083
 20
3.576361738530106
 10
500.6324503392057
 20
3.5814349280382203
 10
500.63019048915606
 20
3.582555251959516
 10
500.6294176451298
 20
3.5829568940074177
 10
500.6197640731688
 20
3.5895807172285386
 10
500.61682263450984
 20
3.591530706850871
 10
500.6120377080414
 20
3.5997990717801134
 10
500.60929595000465
 20
3.60458968729672
 10
500.6078710069438
 20
3.6176381597080027
 10
500.6067917823918
 20
3.627283768395769
 10
500.6082391675924
 20
3.641644975126781
 10
500.60929595000465
 20
3.652097068720379
 10
500.6144479103415
 20
3.6592577850872496
 10
500.61682263450984
 20
3.6623810916445874
 10
500.6285382326518
 20
3.671408345620995
 10
500.6294176451298
 20
3.6720775036111655
 10
500.6324503392057
 20
3.673140157360406
 10
500.65059998998123
 20
3.6778393209876543
 10
500.6776946868999
 20
3.683207616255144
 10
500.67905084949786
 20
3.6834753110469114
 10
500.679871441255
 20
3.6835552506675566
 10
500.6861835744681
 20
3.6841931914893613
 10
500.7208354569475
 20
3.68769740223811
 10
500.7294694488889
 20
3.6885425816666664
 10
500.76055256434677
 20
3.6908869785103784
  0
LINE
  5
7F9
330
17
100
AcDbEntity
  8
VISTA
100
AcDbLine
 10
500.60790215344826
 20
3.624619
 30
0.0
 11
500.6055308339921
 21
3.624619
 31
0.0
  0
LINE
  5
7FA
330
17
100
AcDbEntity
  8
VISTA
100
AcDbLine
 10
500.6055308339921
 20
3.624619
 30
0.0
 11
500.60542717210774
 21
3.624500174815706
 31
0.0
  0
LINE
  5
7FB
330
17
100
AcDbEntity
  8
VISTA
100
AcDbLine
 10
500.60542717210774
 20
3.624500174815706
 30
0.0
 11
500.6043168335135
 21
3.623226
 31
0.0
  0
LINE
  5
7FC
330
17
100
AcDbEntity
  8
VISTA
100
AcDbLine
 10
500.6043168335135
 20
3.623226
 30
0.0
 11
500.6044631649933
 21
3.623058268833813
 31
0.0
  0
LINE
  5
7FD
330
17
100
AcDbEntity
  8
VISTA
100
AcDbLine
 10
500.6044631649933
 20
3.623058268833813
 30
0.0
 11
500.6055308339921
 21
3.621833
 31
0.0
  0
LINE
  5
7FE
330
17
100
AcDbEntity
  8
VISTA
100
AcDbLine
 10
500.6055308339921
 20
3.621833
 30
0.0
 11
500.60572207375
 21
3.621833
 31
0.0
  0
LINE
  5
7FF
330
17
100
AcDbEntity
  8
VISTA
100
AcDbLine
 10
500.60572207375
 20
3.621833
 30
0.0
 11
500.60790215344826
 21
3.621833
 31
0.0
  0
LINE
  5
800
330
17
100
AcDbEntity
  8
VISTA
100
AcDbLine
 10
500.60936246379197
 20
3.623226
 30
0.0
 11
500.6079684312641
 21
3.624615289899611
 31
0.0
  0
LINE
  5
801
330
17
100
AcDbEntity
  8
VISTA
100
AcDbLine
 10
500.6079647087287
 20
3.624619
 30
0.0
 11
500.60790215344826
 21
3.624619
 31
0.0
  0
LINE
  5
802
330
17
100
AcDbEntity
  8
VISTA
100
AcDbLine
 10
500.60795870051265
 20
3.621833
 30
0.0
 11
500.60790215344826
 21
3.621833
 31
0.0
  0
LINE
  5
803
330
17
100
AcDbEntity
  8
VISTA
100
AcDbLine
 10
500.6079647087287
 20
3.621833
 30
0.0
 11
500.6092861774121
 21
3.62314996807841
 31
0.0
  0
LINE
  5
804
330
17
100
AcDbEntity
  8
VISTA
100
AcDbLine
 10
500.6092861774121
 20
3.62314996807841
 30
0.0
 11
500.60936246379197
 21
3.623226
 31
0.0
  0
LINE
  5
805
330
17
100
AcDbEntity
  8
VISTA
100
AcDbLine
 10
501.17063653620806
 20
3.623226
 30
0.0
 11
501.1707128225879
 21
3.6233020319215896
 31
0.0
  0
LINE
  5
806
330
17
100
AcDbEntity
  8
VISTA
100
AcDbLine
 10
501.1707128225879
 20
3.6233020319215896
 30
0.0
 11
501.17203329373814
 21
3.624619
 31
0.0
  0
LINE
  5
807
330
17
100
AcDbEntity
  8
VISTA
100
AcDbLine
 10
501.1720392994873
 20
3.624619
 30
0.0
 11
501.1720958689655
 21
3.624619
 31
0.0
  0
LINE
  5
808
330
17
100
AcDbEntity
  8
VISTA
100
AcDbLine
 10
501.1720958689655
 20
3.621833
 30
0.0
 11
501.17203329373814
 21
3.621833
 31
0.0
  0
LINE
  5
809
330
17
100
AcDbEntity
  8
VISTA
100
AcDbLine
 10
501.1720295713993
 20
3.621836710100389
 30
0.0
 11
501.17063653620806
 21
3.623226
 31
0.0
  0
LINE
  5
80A
330
17
100
AcDbEntity
  8
VISTA
100
AcDbLine
 10
501.17427692625
 20
3.624619
 30
0.0
 11
501.1720958689655
 21
3.624619
 31
0.0
  0
LINE
  5
80B
330
17
100
AcDbEntity
  8
VISTA
100
AcDbLine
 10
501.17427692625
 20
3.624619
 30
0.0
 11
501.1744681660079
 21
3.624619
 31
0.0
  0
LINE
  5
80C
330
17
100
AcDbEntity
  8
VISTA
100
AcDbLine
 10
501.1744681660079
 20
3.624619
 30
0.0
 11
501.17553583500666
 21
3.623393731166187
 31
0.0
  0
LINE
  5
80D
330
17
100
AcDbEntity
  8
VISTA
100
AcDbLine
 10
501.17553583500666
 20
3.623393731166187
 30
0.0
 11
501.17568216648647
 21
3.623226
 31
0.0
  0
LINE
  5
80E
330
17
100
AcDbEntity
  8
VISTA
100
AcDbLine
 10
501.17568216648647
 20
3.623226
 30
0.0
 11
501.1745718278923
 21
3.621951825184294
 31
0.0
  0
LINE
  5
80F
330
17
100
AcDbEntity
  8
VISTA
100
AcDbLine
 10
501.1745718278923
 20
3.621951825184294
 30
0.0
 11
501.1744681660079
 21
3.621833
 31
0.0
  0
LINE
  5
810
330
17
100
AcDbEntity
  8
VISTA
100
AcDbLine
 10
501.1744681660079
 20
3.621833
 30
0.0
 11
501.1720958689655
 21
3.621833
 31
0.0
  0
LINE
  5
811
330
17
100
AcDbEntity
  8
VISTA
100
AcDbLine
 10
499.1
 20
3.72
 30
0.0
 11
498.99095900965835
 21
3.7198209998226353
 31
0.0
  0
LINE
  5
812
330
17
100
AcDbEntity
  8
VISTA
100
AcDbLine
 10
499.1
 20
3.72
 30
0.0
 11
499.209042
 21
3.719809
 31
0.0
  0
LINE
  5
813
330
17
100
AcDbEntity
  8
VISTA
100
AcDbLine
 10
498.99095900965835
 20
3.7198209998226353
 30
0.0
 11
498.9605674997017
 21
3.719315007981425
 31
0.0
  0
LINE
  5
814
330
17
100
AcDbEntity
  8
VISTA
100
AcDbLine
 10
499.209042
 20
3.719809
 30
0.0
 11
499.239433
 21
3.719205
 31
0.0
  0
LINE
  5
815
330
17
100
AcDbEntity
  8
VISTA
100
AcDbLine
 10
498.96056700967165
 20
3.7193149993695145
 30
0.0
 11
498.93964827345405
 21
3.718359011424392
 31
0.0
  0
LINE
  5
816
330
17
100
AcDbEntity
  8
VISTA
100
AcDbLine
 10
499.239433
 20
3.719205
 30
0.0
 11
499.260353
 21
3.718271
 31
0.0
  0
LINE
  5
817
330
17
100
AcDbEntity
  8
VISTA
100
AcDbLine
 10
498.9396480096599
 20
3.718358998760992
 30
0.0
 11
498.92369318460123
 21
3.7171620118857045
 31
0.0
  0
LINE
  5
818
330
17
100
AcDbEntity
  8
VISTA
100
AcDbLine
 10
499.260353
 20
3.718271
 30
0.0
 11
499.276308
 21
3.71679
 31
0.0
  0
LINE
  5
819
330
17
100
AcDbEntity
  8
VISTA
100
AcDbLine
 10
498.92369300966334
 20
3.7171619979556425
 30
0.0
 11
498.9110981352667
 21
3.7152580169432365
 31
0.0
  0
LINE
  5
81A
330
17
100
AcDbEntity
  8
VISTA
100
AcDbLine
 10
499.276308
 20
3.71679
 30
0.0
 11
499.288902
 21
3.715102
 31
0.0
  0
LINE
  5
81B
330
17
100
AcDbEntity
  8
VISTA
100
AcDbLine
 10
498.9110980096612
 20
3.7152579972356663
 30
0.0
 11
498.9010981027364
 21
3.713228016129933
 31
0.0
  0
LINE
  5
81C
330
17
100
AcDbEntity
  8
VISTA
100
AcDbLine
 10
499.288902
 20
3.715102
 30
0.0
 11
499.298903
 21
3.712598
 31
0.0
  0
LINE
  5
81D
330
17
100
AcDbEntity
  8
VISTA
100
AcDbLine
 10
498.9010980096617
 20
3.7132279963580754
 30
0.0
 11
498.8932740788229
 21
3.710079024194047
 31
0.0
  0
LINE
  5
81E
330
17
100
AcDbEntity
  8
VISTA
100
AcDbLine
 10
499.298903
 20
3.712598
 30
0.0
 11
499.306726
 21
3.709963
 31
0.0
  0
LINE
  5
81F
330
17
100
AcDbEntity
  8
VISTA
100
AcDbLine
 10
498.89327400965317
 20
3.7100789958665734
 30
0.0
 11
498.88737505982414
 21
3.7067670240351087
 31
0.0
  0
LINE
  5
820
330
17
100
AcDbEntity
  8
VISTA
100
AcDbLine
 10
499.306726
 20
3.709963
 30
0.0
 11
499.312626
 21
3.706039
 31
0.0
  0
LINE
  5
821
330
17
100
AcDbEntity
  8
VISTA
100
AcDbLine
 10
498.8873750096666
 20
3.7067669952866074
 30
0.0
 11
498.8832510437684
 21
3.7015690382694406
 31
0.0
  0
LINE
  5
822
330
17
100
AcDbEntity
  8
VISTA
100
AcDbLine
 10
499.312626
 20
3.706039
 30
0.0
 11
499.31675
 21
3.701641
 31
0.0
  0
LINE
  5
823
330
17
100
AcDbEntity
  8
VISTA
100
AcDbLine
 10
498.883251009653
 20
3.7015689952951867
 30
0.0
 11
498.88081002945376
 21
3.69500304855692
 31
0.0
  0
LINE
  5
824
330
17
100
AcDbEntity
  8
VISTA
100
AcDbLine
 10
499.31675
 20
3.701641
 30
0.0
 11
499.319191
 21
3.694393
 31
0.0
  0
LINE
  5
825
330
17
100
AcDbEntity
  8
VISTA
100
AcDbLine
 10
498.88081000964974
 20
3.6950029952353067
 30
0.0
 11
498.880001016139
 21
3.6696191988497358
 31
0.0
  0
LINE
  5
826
330
17
100
AcDbEntity
  8
VISTA
100
AcDbLine
 10
499.319191
 20
3.694393
 30
0.0
 11
499.32
 21
3.669965
 31
0.0
  0
LINE
  5
827
330
17
100
AcDbEntity
  8
VISTA
100
AcDbLine
 10
498.8800010096622
 20
3.6696189958122547
 30
0.0
 11
498.88081000319676
 21
3.645113191661272
 31
0.0
  0
LINE
  5
828
330
17
100
AcDbEntity
  8
VISTA
100
AcDbLine
 10
499.32
 20
3.669965
 30
0.0
 11
499.319191
 21
3.64477
 31
0.0
  0
LINE
  5
829
330
17
100
AcDbEntity
  8
VISTA
100
AcDbLine
 10
498.88081000964974
 20
3.6451129962299564
 30
0.0
 11
498.88325099006954
 21
3.63769605572445
 31
0.0
  0
LINE
  5
82A
330
17
100
AcDbEntity
  8
VISTA
100
AcDbLine
 10
499.319191
 20
3.64477
 30
0.0
 11
499.31675
 21
3.638265
 31
0.0
  0
LINE
  5
82B
330
17
100
AcDbEntity
  8
VISTA
100
AcDbLine
 10
498.883251009653
 20
3.637695997169
 30
0.0
 11
498.88737497620014
 21
3.6332670330959296
 31
0.0
  0
LINE
  5
82C
330
17
100
AcDbEntity
  8
VISTA
100
AcDbLine
 10
499.31675
 20
3.638265
 30
0.0
 11
499.312626
 21
3.633198
 31
0.0
  0
LINE
  5
82D
330
17
100
AcDbEntity
  8
VISTA
100
AcDbLine
 10
498.8873750096666
 20
3.633266997816955
 30
0.0
 11
498.8932739608871
 21
3.6292610309430096
 31
0.0
  0
LINE
  5
82E
330
17
100
AcDbEntity
  8
VISTA
100
AcDbLine
 10
499.312626
 20
3.633198
 30
0.0
 11
499.306726
 21
3.62988
 31
0.0
  0
LINE
  5
82F
330
17
100
AcDbEntity
  8
VISTA
100
AcDbLine
 10
498.89327400965317
 20
3.6292609987667763
 30
0.0
 11
498.90109794311013
 21
3.6266690208117165
 31
0.0
  0
LINE
  5
830
330
17
100
AcDbEntity
  8
VISTA
100
AcDbLine
 10
499.306726
 20
3.62988
 30
0.0
 11
499.298903
 21
3.626761
 31
0.0
  0
LINE
  5
831
330
17
100
AcDbEntity
  8
VISTA
100
AcDbLine
 10
498.9010980096617
 20
3.626668999319349
 30
0.0
 11
498.9110979212655
 21
3.6241840212858114
 31
0.0
  0
LINE
  5
832
330
17
100
AcDbEntity
  8
VISTA
100
AcDbLine
 10
499.298903
 20
3.626761
 30
0.0
 11
499.288902
 21
3.624655
 31
0.0
  0
LINE
  5
833
330
17
100
AcDbEntity
  8
VISTA
100
AcDbLine
 10
498.9110980096612
 20
3.6241839999348473
 30
0.0
 11
498.923692892433
 21
3.62259201475242
 31
0.0
  0
LINE
  5
834
330
17
100
AcDbEntity
  8
VISTA
100
AcDbLine
 10
499.288902
 20
3.624655
 30
0.0
 11
499.276308
 21
3.622697
 31
0.0
  0
LINE
  5
835
330
17
100
AcDbEntity
  8
VISTA
100
AcDbLine
 10
498.92369300966334
 20
3.6225920001595595
 30
0.0
 11
498.9396478505525
 21
3.621182014220751
 31
0.0
  0
LINE
  5
836
330
17
100
AcDbEntity
  8
VISTA
100
AcDbLine
 10
499.276308
 20
3.622697
 30
0.0
 11
499.260353
 21
3.621402
 31
0.0
  0
LINE
  5
837
330
17
100
AcDbEntity
  8
VISTA
100
AcDbLine
 10
498.9396480096599
 20
3.621182000339905
 30
0.0
 11
498.9605667802899
 21
3.6203340096379466
 31
0.0
  0
LINE
  5
838
330
17
100
AcDbEntity
  8
VISTA
100
AcDbLine
 10
499.260353
 20
3.621402
 30
0.0
 11
499.239433
 21
3.620374
 31
0.0
  0
LINE
  5
839
330
17
100
AcDbEntity
  8
VISTA
100
AcDbLine
 10
498.96056700967165
 20
3.6203340002521944
 30
0.0
 11
498.99095862643753
 21
3.6197820072127507
 31
0.0
  0
LINE
  5
83A
330
17
100
AcDbEntity
  8
VISTA
100
AcDbLine
 10
499.239433
 20
3.620374
 30
0.0
 11
499.209042
 21
3.61981
 31
0.0
  0
LINE
  5
83B
330
17
100
AcDbEntity
  8
VISTA
100
AcDbLine
 10
498.99095900965835
 20
3.6197820001128687
 30
0.0
 11
499.1
 21
3.619612
 31
0.0
  0
LINE
  5
83C
330
17
100
AcDbEntity
  8
VISTA
100
AcDbLine
 10
499.209042
 20
3.61981
 30
0.0
 11
499.1
 21
3.619612
 31
0.0
  0
LWPOLYLINE
  5
83D
330
17
100
AcDbEntity
  8
VISTA
100
AcDbPolyline
 90
45
 70
1
 10
499.315739
 20
4.111016
 10
499.334095
 20
4.108245
 10
499.338926
 20
4.105333
 10
499.34199
 20
4.101321
 10
499.343929
 20
4.095273
 10
499.345196
 20
4.08849
 10
499.345602
 20
4.078585
 10
499.345577
 20
4.068214
 10
499.344561
 20
4.052874
 10
499.343006
 20
4.03573
 10
499.339703
 20
4.007555
 10
499.327311
 20
3.912732
 10
499.314257
 20
3.814966
 10
499.310509
 20
3.789767
 10
499.307211
 20
3.770179
 10
499.30451
 20
3.757413
 10
499.301586
 20
3.745452
 10
499.298817
 20
3.737466
 10
499.295681
 20
3.730101
 10
499.292315
 20
3.725372
 10
499.28825
 20
3.721775
 10
499.282818
 20
3.72015
 10
499.264263
 20
3.721411
 10
499.245895
 20
3.724103
 10
499.241037
 20
3.726813
 10
499.23793
 20
3.730493
 10
499.235954
 20
3.73626
 10
499.23464
 20
3.742673
 10
499.234221
 20
3.752506
 10
499.234224
 20
3.762709
 10
499.235281
 20
3.778365
 10
499.236855
 20
3.795634
 10
499.240246
 20
3.824463
 10
499.252674
 20
3.919586
 10
499.265827
 20
4.018086
 10
499.269608
 20
4.043523
 10
499.27297
 20
4.063619
 10
499.275667
 20
4.076364
 10
499.278606
 20
4.088438
 10
499.28134
 20
4.096131
 10
499.284447
 20
4.103285
 10
499.287762
 20
4.107632
 10
499.29179
 20
4.110952
 10
499.297194
 20
4.112352
 10
499.315739
 20
4.111016
  0
LWPOLYLINE
  5
83E
330
17
100
AcDbEntity
  8
VISTA
100
AcDbPolyline
 90
9
 70
1
 10
494.205
 20
3.36
 10
494.205
 20
3.3100001290322583
 10
494.205
 20
3.26
 10
494.1800003311828
 20
3.26
 10
494.155001
 20
3.26
 10
494.155001
 20
3.309999870967742
 10
494.155001
 20
3.36
 10
494.18000006451615
 20
3.36
 10
494.205
 20
3.36
  0
LWPOLYLINE
  5
83F
330
17
100
AcDbEntity
  8
VISTA
100
AcDbPolyline
 90
41
 70
1
 10
501.7312690406125
 20
4.221376007323569
 10
501.730831
 20
4.221895
 10
501.7307474573901
 20
4.222156887483355
 10
501.73
 20
4.2245
 10
501.73
 20
4.344234354194407
 10
501.73
 20
5.4155
 10
501.73008354260986
 20
5.415761887483355
 10
501.730831
 20
5.418105
 10
501.7308799593875
 20
5.418163007323568
 10
501.731318
 20
5.418682
 10
501.73137600732355
 20
5.418730959387484
 10
501.731895
 20
5.419169
 10
501.73215698801596
 20
5.419252542609853
 10
501.734501
 20
5.42
 10
501.73962806324903
 20
5.42
 10
501.7855
 20
5.42
 10
501.7857618874834
 20
5.419916457390147
 10
501.788105
 20
5.419169
 10
501.7881631078562
 20
5.419120040612516
 10
501.788683
 20
5.418682
 10
501.78912014114513
 20
5.418163007323568
 10
501.789169
 20
5.418105
 10
501.78991735685753
 20
5.415761887483355
 10
501.790001
 20
5.4155
 10
501.790001
 20
4.344234354194407
 10
501.790001
 20
4.2245
 10
501.7892526431425
 20
4.222156887483355
 10
501.789169
 20
4.221895
 10
501.7887318588549
 20
4.221376007323569
 10
501.788683
 20
4.221318
 10
501.7881631078562
 20
4.220879959387484
 10
501.788105
 20
4.220831
 10
501.7857618874834
 20
4.220083542609854
 10
501.7855
 20
4.22
 10
501.73962806324903
 20
4.22
 10
501.734501
 20
4.22
 10
501.73215698801596
 20
4.2207474573901465
 10
501.731895
 20
4.220831
 10
501.73137600732355
 20
4.221269040612516
 10
501.731318
 20
4.221318
 10
501.7312690406125
 20
4.221376007323569
  0
LWPOLYLINE
  5
840
330
17
100
AcDbEntity
  8
CORTE
100
AcDbPolyline
 90
5
 70
1
 10
494.685998
 20
6.45
 10
494.21
 20
6.45
 10
494.21
 20
6.468
 10
494.685998
 20
6.468
 10
494.685998
 20
6.45
  0
LWPOLYLINE
  5
841
330
17
100
AcDbEntity
  8
CORTE
100
AcDbPolyline
 90
5
 70
1
 10
496.066002
 20
6.45
 10
495.613998
 20
6.45
 10
495.613998
 20
6.468
 10
496.066002
 20
6.468
 10
496.066002
 20
6.45
  0
LWPOLYLINE
  5
842
330
17
100
AcDbEntity
  8
CORTE
100
AcDbPolyline
 90
5
 70
1
 10
497.44599900000003
 20
6.45
 10
496.993999
 20
6.45
 10
496.993999
 20
6.468
 10
497.44599900000003
 20
6.468
 10
497.44599900000003
 20
6.45
  0
LWPOLYLINE
  5
843
330
17
100
AcDbEntity
  8
CORTE
100
AcDbPolyline
 90
5
 70
1
 10
498.826002
 20
6.468
 10
498.826002
 20
6.45
 10
498.373999
 20
6.45
 10
498.373999
 20
6.468
 10
498.826002
 20
6.468
  0
LWPOLYLINE
  5
844
330
17
100
AcDbEntity
  8
CORTE
100
AcDbPolyline
 90
5
 70
1
 10
500.206001
 20
6.45
 10
499.754
 20
6.45
 10
499.754
 20
6.468
 10
500.206001
 20
6.468
 10
500.206001
 20
6.45
  0
LWPOLYLINE
  5
845
330
17
100
AcDbEntity
  8
CORTE
100
AcDbPolyline
 90
7
 70
1
 10
501.133999
 20
6.468
 10
501.62345040510496
 20
6.468
 10
501.790001
 20
6.468
 10
501.790001
 20
6.45
 10
501.62345040510496
 20
6.45
 10
501.133999
 20
6.45
 10
501.133999
 20
6.468
  0
LWPOLYLINE
  5
846
330
17
100
AcDbEntity
  8
VISTA
100
AcDbPolyline
 90
13
 70
1
 10
497.769999
 20
4.064591
 10
497.769999
 20
4.066391
 10
497.770174
 20
4.066815
 10
497.770599
 20
4.066991
 10
498.149399
 20
4.066991
 10
498.149824
 20
4.066815
 10
498.15
 20
4.066391
 10
498.15
 20
4.064591
 10
498.149824
 20
4.064167
 10
498.149399
 20
4.063991
 10
497.770599
 20
4.063991
 10
497.770174
 20
4.064167
 10
497.769999
 20
4.064591
  0
LWPOLYLINE
  5
847
330
17
100
AcDbEntity
  8
VISTA
100
AcDbPolyline
 90
13
 70
1
 10
498.690001
 20
4.1015
 10
498.690001
 20
4.1085
 10
498.690294
 20
4.109207
 10
498.691
 20
4.1095
 10
498.889002
 20
4.1095
 10
498.889708
 20
4.109207
 10
498.890001
 20
4.1085
 10
498.890001
 20
4.1015
 10
498.889708
 20
4.100793
 10
498.889002
 20
4.1005
 10
498.691
 20
4.1005
 10
498.690294
 20
4.100793
 10
498.690001
 20
4.1015
  0
LWPOLYLINE
  5
848
330
17
100
AcDbEntity
  8
VISTA
100
AcDbPolyline
 90
13
 70
1
 10
498.276499
 20
4.105
 10
498.276499
 20
4.109
 10
498.277378
 20
4.111122
 10
498.279499
 20
4.112
 10
498.320499
 20
4.112
 10
498.32262000000003
 20
4.111122
 10
498.3235
 20
4.109
 10
498.3235
 20
4.105
 10
498.32262000000003
 20
4.102879
 10
498.320499
 20
4.102
 10
498.279499
 20
4.102
 10
498.277378
 20
4.102879
 10
498.276499
 20
4.105
  0
LWPOLYLINE
  5
849
330
17
100
AcDbEntity
  8
VISTA
100
AcDbPolyline
 90
13
 70
1
 10
498.3515
 20
4.105
 10
498.3515
 20
4.109
 10
498.352379
 20
4.111122
 10
498.35450000000003
 20
4.112
 10
498.39549999999997
 20
4.112
 10
498.397621
 20
4.111122
 10
498.3985
 20
4.109
 10
498.3985
 20
4.105
 10
498.397621
 20
4.102879
 10
498.39549999999997
 20
4.102
 10
498.35450000000003
 20
4.102
 10
498.352379
 20
4.102879
 10
498.3515
 20
4.105
  0
LWPOLYLINE
  5
84A
330
17
100
AcDbEntity
  8
VISTA
100
AcDbPolyline
 90
13
 70
1
 10
497.28000099999997
 20
3.257
 10
497.28000099999997
 20
3.277
 10
497.282051
 20
3.28195
 10
497.287001
 20
3.284
 10
497.573
 20
3.284
 10
497.57795
 20
3.28195
 10
497.58
 20
3.277
 10
497.58
 20
3.257
 10
497.57795
 20
3.25205
 10
497.573
 20
3.25
 10
497.287001
 20
3.25
 10
497.282051
 20
3.25205
 10
497.28000099999997
 20
3.257
  0
LWPOLYLINE
  5
84B
330
17
100
AcDbEntity
  8
CORTE
100
AcDbPolyline
 90
5
 70
1
 10
497.412001
 20
3.284
 10
497.412001
 20
4.52
 10
497.448
 20
4.52
 10
497.448
 20
3.284
 10
497.412001
 20
3.284
  0
LWPOLYLINE
  5
84C
330
17
100
AcDbEntity
  8
VISTA
100
AcDbPolyline
 90
5
 70
1
 10
497.43
 20
4.504
 10
497.495001
 20
4.504
 10
497.495001
 20
4.476
 10
497.43
 20
4.476
 10
497.43
 20
4.504
  0
LWPOLYLINE
  5
84D
330
17
100
AcDbEntity
  8
VISTA
100
AcDbPolyline
 90
13
 70
1
 10
496.404499
 20
6.4505
 10
496.404499
 20
6.4515
 10
496.404646
 20
6.451853
 10
496.404999
 20
6.452
 10
499.595001
 20
6.452
 10
499.595354
 20
6.451853
 10
499.595501
 20
6.4515
 10
499.595501
 20
6.4505
 10
499.595354
 20
6.450146
 10
499.595001
 20
6.45
 10
496.404999
 20
6.45
 10
496.404646
 20
6.450146
 10
496.404499
 20
6.4505
  0
LWPOLYLINE
  5
84E
330
17
100
AcDbEntity
  8
VISTA
100
AcDbPolyline
 90
5
 70
1
 10
497.783001
 20
2.58
 10
497.783001
 20
2.5
 10
497.78000099999997
 20
2.5
 10
497.78000099999997
 20
2.58
 10
497.783001
 20
2.58
  0
LWPOLYLINE
  5
84F
330
17
100
AcDbEntity
  8
VISTA
100
AcDbPolyline
 90
5
 70
1
 10
498.216999
 20
2.5
 10
498.216999
 20
2.58
 10
498.21999900000003
 20
2.58
 10
498.21999900000003
 20
2.5
 10
498.216999
 20
2.5
  0
LWPOLYLINE
  5
850
330
17
100
AcDbEntity
  8
VISTA
100
AcDbPolyline
 90
5
 70
1
 10
497.783001
 20
2.577
 10
497.783001
 20
2.58
 10
498.216999
 20
2.58
 10
498.216999
 20
2.577
 10
497.783001
 20
2.577
  0
LWPOLYLINE
  5
851
330
17
100
AcDbEntity
  8
VISTA
100
AcDbPolyline
 90
5
 70
1
 10
497.784
 20
2.501
 10
497.784
 20
2.503
 10
498.216
 20
2.503
 10
498.216
 20
2.501
 10
497.784
 20
2.501
  0
LWPOLYLINE
  5
852
330
17
100
AcDbEntity
  8
VISTA
100
AcDbPolyline
 90
5
 70
1
 10
497.998199
 20
2.58
 10
497.998199
 20
2.982
 10
498.001801
 20
2.982
 10
498.001801
 20
2.58
 10
497.998199
 20
2.58
  0
LWPOLYLINE
  5
853
330
17
100
AcDbEntity
  8
VISTA
100
AcDbPolyline
 90
5
 70
1
 10
497.969
 20
2.98
 10
497.969
 20
3.0
 10
498.031
 20
3.0
 10
498.031
 20
2.98
 10
497.969
 20
2.98
  0
LWPOLYLINE
  5
854
330
17
100
AcDbEntity
  8
CORTE
100
AcDbPolyline
 90
13
 70
1
 10
494.280585
 20
7.228762648807123
 10
494.28
 20
7.230200085367024
 10
494.28
 20
7.449799914632975
 10
494.280585
 20
7.451238258929757
 10
494.282
 20
7.451833601199225
 10
494.358
 20
7.451833601199225
 10
494.359414
 20
7.451238167859483
 10
494.36
 20
7.449799914632975
 10
494.36
 20
7.230200085367024
 10
494.359414
 20
7.228762832140517
 10
494.358
 20
7.228166902071388
 10
494.282
 20
7.228166902071388
 10
494.280585
 20
7.228762648807123
  0
LWPOLYLINE
  5
855
330
17
100
AcDbEntity
  8
CORTE
100
AcDbPolyline
 90
13
 70
1
 10
494.976585
 20
7.228762648807123
 10
494.976
 20
7.230200085367024
 10
494.976
 20
7.449799914632975
 10
494.976585
 20
7.451238258929757
 10
494.978
 20
7.451833601199225
 10
495.054
 20
7.451833601199225
 10
495.055414
 20
7.451238167859483
 10
495.056
 20
7.449799914632975
 10
495.056
 20
7.230200085367024
 10
495.055414
 20
7.228762832140517
 10
495.054
 20
7.228166902071388
 10
494.978
 20
7.228166902071388
 10
494.976585
 20
7.228762648807123
  0
LWPOLYLINE
  5
856
330
17
100
AcDbEntity
  8
CORTE
100
AcDbPolyline
 90
13
 70
1
 10
495.672585
 20
7.228762648807123
 10
495.672
 20
7.230200085367024
 10
495.672
 20
7.449799914632975
 10
495.672585
 20
7.451238258929757
 10
495.674
 20
7.451833601199225
 10
495.75
 20
7.451833601199225
 10
495.751414
 20
7.451238167859483
 10
495.752
 20
7.449799914632975
 10
495.752
 20
7.230200085367024
 10
495.751414
 20
7.228762832140517
 10
495.75
 20
7.228166902071388
 10
495.674
 20
7.228166902071388
 10
495.672585
 20
7.228762648807123
  0
LWPOLYLINE
  5
857
330
17
100
AcDbEntity
  8
CORTE
100
AcDbPolyline
 90
13
 70
1
 10
496.368587
 20
7.228762648807123
 10
496.368
 20
7.230200085367024
 10
496.368
 20
7.449799914632975
 10
496.368587
 20
7.451238258929757
 10
496.370001
 20
7.451833601199225
 10
496.446001
 20
7.451833601199225
 10
496.447414
 20
7.451238167859483
 10
496.448002
 20
7.449799914632975
 10
496.448002
 20
7.230200085367024
 10
496.447414
 20
7.228762832140517
 10
496.446001
 20
7.228166902071388
 10
496.370001
 20
7.228166902071388
 10
496.368587
 20
7.228762648807123
  0
LWPOLYLINE
  5
858
330
17
100
AcDbEntity
  8
CORTE
100
AcDbPolyline
 90
13
 70
1
 10
497.064587
 20
7.228762648807123
 10
497.063999
 20
7.230200085367024
 10
497.063999
 20
7.449799914632975
 10
497.064587
 20
7.451238258929757
 10
497.066
 20
7.451833601199225
 10
497.142
 20
7.451833601199225
 10
497.143414
 20
7.451238167859483
 10
497.144001
 20
7.449799914632975
 10
497.144001
 20
7.230200085367024
 10
497.143414
 20
7.228762832140517
 10
497.142
 20
7.228166902071388
 10
497.066
 20
7.228166902071388
 10
497.064587
 20
7.228762648807123
  0
LWPOLYLINE
  5
859
330
17
100
AcDbEntity
  8
CORTE
100
AcDbPolyline
 90
13
 70
1
 10
497.760586
 20
7.228762648807123
 10
497.759998
 20
7.230200085367024
 10
497.759998
 20
7.449799914632975
 10
497.760586
 20
7.451238258929757
 10
497.761999
 20
7.451833601199225
 10
497.837999
 20
7.451833601199225
 10
497.839413
 20
7.451238167859483
 10
497.84
 20
7.449799914632975
 10
497.84
 20
7.230200085367024
 10
497.839413
 20
7.228762832140517
 10
497.837999
 20
7.228166902071388
 10
497.761999
 20
7.228166902071388
 10
497.760586
 20
7.228762648807123
  0
LWPOLYLINE
  5
85A
330
17
100
AcDbEntity
  8
CORTE
100
AcDbPolyline
 90
13
 70
1
 10
498.456587
 20
7.228762648807123
 10
498.455999
 20
7.230200085367024
 10
498.455999
 20
7.449799914632975
 10
498.456587
 20
7.451238258929757
 10
498.45799999999997
 20
7.451833601199225
 10
498.534
 20
7.451833601199225
 10
498.535414
 20
7.451238167859483
 10
498.536001
 20
7.449799914632975
 10
498.536001
 20
7.230200085367024
 10
498.535414
 20
7.228762832140517
 10
498.534
 20
7.228166902071388
 10
498.45799999999997
 20
7.228166902071388
 10
498.456587
 20
7.228762648807123
  0
LWPOLYLINE
  5
85B
330
17
100
AcDbEntity
  8
CORTE
100
AcDbPolyline
 90
13
 70
1
 10
499.152586
 20
7.228762648807123
 10
499.151999
 20
7.230200085367024
 10
499.151999
 20
7.449799914632975
 10
499.152586
 20
7.451238258929757
 10
499.153999
 20
7.451833601199225
 10
499.23
 20
7.451833601199225
 10
499.231413
 20
7.451238167859483
 10
499.23199999999997
 20
7.449799914632975
 10
499.23199999999997
 20
7.230200085367024
 10
499.231413
 20
7.228762832140517
 10
499.23
 20
7.228166902071388
 10
499.153999
 20
7.228166902071388
 10
499.152586
 20
7.228762648807123
  0
LWPOLYLINE
  5
85C
330
17
100
AcDbEntity
  8
CORTE
100
AcDbPolyline
 90
13
 70
1
 10
499.848587
 20
7.228762648807123
 10
499.848
 20
7.230200085367024
 10
499.848
 20
7.449799914632975
 10
499.848587
 20
7.451238258929757
 10
499.85
 20
7.451833601199225
 10
499.926001
 20
7.451833601199225
 10
499.927414
 20
7.451238167859483
 10
499.928001
 20
7.449799914632975
 10
499.928001
 20
7.230200085367024
 10
499.927414
 20
7.228762832140517
 10
499.926001
 20
7.228166902071388
 10
499.85
 20
7.228166902071388
 10
499.848587
 20
7.228762648807123
  0
LWPOLYLINE
  5
85D
330
17
100
AcDbEntity
  8
CORTE
100
AcDbPolyline
 90
13
 70
1
 10
500.544586
 20
7.228762648807123
 10
500.543999
 20
7.230200085367024
 10
500.543999
 20
7.449799914632975
 10
500.544586
 20
7.451238258929757
 10
500.546
 20
7.451833601199225
 10
500.622
 20
7.451833601199225
 10
500.623413
 20
7.451238167859483
 10
500.624001
 20
7.449799914632975
 10
500.624001
 20
7.230200085367024
 10
500.623413
 20
7.228762832140517
 10
500.622
 20
7.228166902071388
 10
500.546
 20
7.228166902071388
 10
500.544586
 20
7.228762648807123
  0
LWPOLYLINE
  5
85E
330
17
100
AcDbEntity
  8
CORTE
100
AcDbPolyline
 90
13
 70
1
 10
501.240587
 20
7.228762648807123
 10
501.24
 20
7.230200085367024
 10
501.24
 20
7.449799914632975
 10
501.240587
 20
7.451238258929757
 10
501.242001
 20
7.451833601199225
 10
501.318001
 20
7.451833601199225
 10
501.319414
 20
7.451238167859483
 10
501.320002
 20
7.449799914632975
 10
501.320002
 20
7.230200085367024
 10
501.319414
 20
7.228762832140517
 10
501.318001
 20
7.228166902071388
 10
501.242001
 20
7.228166902071388
 10
501.240587
 20
7.228762648807123
  0
LWPOLYLINE
  5
85F
330
17
100
AcDbEntity
  8
CORTE
100
AcDbPolyline
 90
13
 70
1
 10
494.383085
 20
6.605586
 10
494.3825
 20
6.607
 10
494.3825
 20
6.643
 10
494.383085
 20
6.644414
 10
494.3845
 20
6.645
 10
494.4155
 20
6.645
 10
494.416914
 20
6.644414
 10
494.4175
 20
6.643
 10
494.4175
 20
6.607
 10
494.416914
 20
6.605586
 10
494.4155
 20
6.605
 10
494.3845
 20
6.605
 10
494.383085
 20
6.605586
  0
LWPOLYLINE
  5
860
330
17
100
AcDbEntity
  8
CORTE
100
AcDbPolyline
 90
13
 70
1
 10
494.983086
 20
6.605586
 10
494.9825
 20
6.607
 10
494.9825
 20
6.643
 10
494.983086
 20
6.644414
 10
494.9845
 20
6.645
 10
495.0155
 20
6.645
 10
495.016914
 20
6.644414
 10
495.0175
 20
6.643
 10
495.0175
 20
6.607
 10
495.016914
 20
6.605586
 10
495.0155
 20
6.605
 10
494.9845
 20
6.605
 10
494.983086
 20
6.605586
  0
LWPOLYLINE
  5
861
330
17
100
AcDbEntity
  8
CORTE
100
AcDbPolyline
 90
13
 70
1
 10
495.583086
 20
6.605586
 10
495.5825
 20
6.607
 10
495.5825
 20
6.643
 10
495.583086
 20
6.644414
 10
495.5845
 20
6.645
 10
495.6155
 20
6.645
 10
495.616915
 20
6.644414
 10
495.6175
 20
6.643
 10
495.6175
 20
6.607
 10
495.616915
 20
6.605586
 10
495.6155
 20
6.605
 10
495.5845
 20
6.605
 10
495.583086
 20
6.605586
  0
LWPOLYLINE
  5
862
330
17
100
AcDbEntity
  8
CORTE
100
AcDbPolyline
 90
13
 70
1
 10
496.183086
 20
6.605586
 10
496.182501
 20
6.607
 10
496.182501
 20
6.643
 10
496.183086
 20
6.644414
 10
496.184502
 20
6.645
 10
496.2155
 20
6.645
 10
496.216915
 20
6.644414
 10
496.21750099999997
 20
6.643
 10
496.21750099999997
 20
6.607
 10
496.216915
 20
6.605586
 10
496.2155
 20
6.605
 10
496.184502
 20
6.605
 10
496.183086
 20
6.605586
  0
LWPOLYLINE
  5
863
330
17
100
AcDbEntity
  8
CORTE
100
AcDbPolyline
 90
13
 70
1
 10
496.783085
 20
6.605586
 10
496.78249900000003
 20
6.607
 10
496.78249900000003
 20
6.643
 10
496.783085
 20
6.644414
 10
496.7845
 20
6.645
 10
496.815498
 20
6.645
 10
496.816914
 20
6.644414
 10
496.817499
 20
6.643
 10
496.817499
 20
6.607
 10
496.816914
 20
6.605586
 10
496.815498
 20
6.605
 10
496.7845
 20
6.605
 10
496.783085
 20
6.605586
  0
LWPOLYLINE
  5
864
330
17
100
AcDbEntity
  8
CORTE
100
AcDbPolyline
 90
13
 70
1
 10
497.383085
 20
6.605586
 10
497.3825
 20
6.607
 10
497.3825
 20
6.643
 10
497.383085
 20
6.644414
 10
497.384501
 20
6.645
 10
497.415499
 20
6.645
 10
497.416914
 20
6.644414
 10
497.4175
 20
6.643
 10
497.4175
 20
6.607
 10
497.416914
 20
6.605586
 10
497.415499
 20
6.605
 10
497.384501
 20
6.605
 10
497.383085
 20
6.605586
  0
LWPOLYLINE
  5
865
330
17
100
AcDbEntity
  8
CORTE
100
AcDbPolyline
 90
13
 70
1
 10
497.983086
 20
6.605586
 10
497.9825
 20
6.607
 10
497.9825
 20
6.643
 10
497.983086
 20
6.644414
 10
497.984501
 20
6.645
 10
498.015499
 20
6.645
 10
498.016914
 20
6.644414
 10
498.0175
 20
6.643
 10
498.0175
 20
6.607
 10
498.016914
 20
6.605586
 10
498.015499
 20
6.605
 10
497.984501
 20
6.605
 10
497.983086
 20
6.605586
  0
LWPOLYLINE
  5
866
330
17
100
AcDbEntity
  8
CORTE
100
AcDbPolyline
 90
13
 70
1
 10
498.583086
 20
6.644414
 10
498.584501
 20
6.645
 10
498.615499
 20
6.645
 10
498.616915
 20
6.644414
 10
498.6175
 20
6.643
 10
498.6175
 20
6.607
 10
498.616915
 20
6.605586
 10
498.615499
 20
6.605
 10
498.584501
 20
6.605
 10
498.583086
 20
6.605586
 10
498.5825
 20
6.607
 10
498.5825
 20
6.643
 10
498.583086
 20
6.644414
  0
LWPOLYLINE
  5
867
330
17
100
AcDbEntity
  8
CORTE
100
AcDbPolyline
 90
13
 70
1
 10
499.183086
 20
6.644414
 10
499.184502
 20
6.645
 10
499.2155
 20
6.645
 10
499.216915
 20
6.644414
 10
499.21750099999997
 20
6.643
 10
499.21750099999997
 20
6.607
 10
499.216915
 20
6.605586
 10
499.2155
 20
6.605
 10
499.184502
 20
6.605
 10
499.183086
 20
6.605586
 10
499.182501
 20
6.607
 10
499.182501
 20
6.643
 10
499.183086
 20
6.644414
  0
LWPOLYLINE
  5
868
330
17
100
AcDbEntity
  8
CORTE
100
AcDbPolyline
 90
13
 70
1
 10
499.783085
 20
6.644414
 10
499.7845
 20
6.645
 10
499.815498
 20
6.645
 10
499.816914
 20
6.644414
 10
499.817499
 20
6.643
 10
499.817499
 20
6.607
 10
499.816914
 20
6.605586
 10
499.815498
 20
6.605
 10
499.7845
 20
6.605
 10
499.783085
 20
6.605586
 10
499.78249900000003
 20
6.607
 10
499.78249900000003
 20
6.643
 10
499.783085
 20
6.644414
  0
LWPOLYLINE
  5
869
330
17
100
AcDbEntity
  8
CORTE
100
AcDbPolyline
 90
13
 70
1
 10
500.383085
 20
6.605586
 10
500.3825
 20
6.607
 10
500.3825
 20
6.643
 10
500.383085
 20
6.644414
 10
500.384501
 20
6.645
 10
500.415499
 20
6.645
 10
500.416914
 20
6.644414
 10
500.4175
 20
6.643
 10
500.4175
 20
6.607
 10
500.416914
 20
6.605586
 10
500.415499
 20
6.605
 10
500.384501
 20
6.605
 10
500.383085
 20
6.605586
  0
LWPOLYLINE
  5
86A
330
17
100
AcDbEntity
  8
CORTE
100
AcDbPolyline
 90
13
 70
1
 10
500.983086
 20
6.605586
 10
500.9825
 20
6.607
 10
500.9825
 20
6.643
 10
500.983086
 20
6.644414
 10
500.984501
 20
6.645
 10
501.015499
 20
6.645
 10
501.016914
 20
6.644414
 10
501.0175
 20
6.643
 10
501.0175
 20
6.607
 10
501.016914
 20
6.605586
 10
501.015499
 20
6.605
 10
500.984501
 20
6.605
 10
500.983086
 20
6.605586
  0
LWPOLYLINE
  5
86B
330
17
100
AcDbEntity
  8
CORTE
100
AcDbPolyline
 90
13
 70
1
 10
501.583086
 20
6.605586
 10
501.5825
 20
6.607
 10
501.5825
 20
6.643
 10
501.583086
 20
6.644414
 10
501.584501
 20
6.645
 10
501.615499
 20
6.645
 10
501.616915
 20
6.644414
 10
501.6175
 20
6.643
 10
501.6175
 20
6.607
 10
501.616915
 20
6.605586
 10
501.615499
 20
6.605
 10
501.584501
 20
6.605
 10
501.583086
 20
6.605586
  0
LINE
  5
86C
330
17
100
AcDbEntity
  8
CORTE
100
AcDbLine
 10
493.7
 20
7.597916799732396
 30
0.0
 11
493.7
 21
7.516583033454967
 31
0.0
  0
LINE
  5
86D
330
17
100
AcDbEntity
  8
CORTE
100
AcDbLine
 10
502.299999
 20
7.516583033454966
 30
0.0
 11
502.299999
 21
7.516583033454967
 31
0.0
  0
LINE
  5
86E
330
17
100
AcDbEntity
  8
CORTE
100
AcDbLine
 10
502.299999
 20
7.516583033454967
 30
0.0
 11
502.299999
 21
7.597916799732396
 31
0.0
  0
LINE
  5
86F
330
17
100
AcDbEntity
  8
CORTE
100
AcDbLine
 10
493.7
 20
7.516583033454966
 30
0.0
 11
501.82111655143996
 21
7.516583445898762
 31
0.0
  0
LINE
  5
870
330
17
100
AcDbEntity
  8
CORTE
100
AcDbLine
 10
501.82111655143996
 20
7.516583445898762
 30
0.0
 11
502.299999
 21
7.516583033454967
 31
0.0
  0
LINE
  5
871
330
17
100
AcDbEntity
  8
CORTE
100
AcDbLine
 10
502.299999
 20
7.597916799732396
 30
0.0
 11
501.8202199137782
 21
7.597916753393002
 31
0.0
  0
LINE
  5
872
330
17
100
AcDbEntity
  8
CORTE
100
AcDbLine
 10
501.8202199137782
 20
7.597916753393002
 30
0.0
 11
493.7
 21
7.597916799732396
 31
0.0
  0
LINE
  5
873
330
17
100
AcDbEntity
  8
VISTA
100
AcDbLine
 10
492.619567
 20
-0.45445832093818483
 30
0.0
 11
492.6
 21
-0.45217444175305155
 31
0.0
  0
LINE
  5
874
330
17
100
AcDbEntity
  8
VISTA
100
AcDbLine
 10
492.6
 20
-0.4581643349197614
 30
0.0
 11
492.6181
 21
-0.46027650774216883
 31
0.0
  0
LINE
  5
875
330
17
100
AcDbEntity
  8
VISTA
100
AcDbLine
 10
492.638977
 20
-0.462166619537441
 30
0.0
 11
492.619567
 21
-0.45445832093818483
 31
0.0
  0
LINE
  5
876
330
17
100
AcDbEntity
  8
VISTA
100
AcDbLine
 10
492.6181
 20
-0.46027650774216883
 30
0.0
 11
492.636054
 21
-0.46740611241611624
 31
0.0
  0
LINE
  5
877
330
17
100
AcDbEntity
  8
VISTA
100
AcDbLine
 10
492.655731
 20
-0.4746353746574281
 30
0.0
 11
492.638977
 21
-0.462166619537441
 31
0.0
  0
LINE
  5
878
330
17
100
AcDbEntity
  8
VISTA
100
AcDbLine
 10
492.636054
 20
-0.46740611241611624
 30
0.0
 11
492.651551
 21
-0.47893981284121406
 31
0.0
  0
LINE
  5
879
330
17
100
AcDbEntity
  8
VISTA
100
AcDbLine
 10
492.668687
 20
-0.49101554316834106
 30
0.0
 11
492.655731
 21
-0.4746353746574281
 31
0.0
  0
LINE
  5
87A
330
17
100
AcDbEntity
  8
VISTA
100
AcDbLine
 10
492.651551
 20
-0.47893981284121406
 30
0.0
 11
492.663535
 21
-0.4940917320154524
 31
0.0
  0
LINE
  5
87B
330
17
100
AcDbEntity
  8
VISTA
100
AcDbLine
 10
492.6725642216093
 20
-0.5
 30
0.0
 11
492.668687
 21
-0.49101554316834106
 31
0.0
  0
LINE
  5
87C
330
17
100
AcDbEntity
  8
VISTA
100
AcDbLine
 10
492.663535
 20
-0.4940917320154524
 30
0.0
 11
492.66608456705967
 21
-0.5
 31
0.0
  0
LWPOLYLINE
  5
87D
330
17
100
AcDbEntity
  8
VISTA
100
AcDbPolyline
 90
33
 70
1
 10
497.56546000000003
 20
6.744827
 10
497.569784
 20
6.759084
 10
497.576807
 20
6.772223
 10
497.58626
 20
6.78374
 10
497.597776
 20
6.793192
 10
497.610916
 20
6.800215
 10
497.625172
 20
6.80454
 10
497.639999
 20
6.806
 10
497.654827
 20
6.80454
 10
497.669083
 20
6.800215
 10
497.682222
 20
6.793192
 10
497.693739
 20
6.78374
 10
497.703192
 20
6.772223
 10
497.710215
 20
6.759084
 10
497.714539
 20
6.744827
 10
497.716
 20
6.73
 10
497.714539
 20
6.715173
 10
497.710215
 20
6.700916
 10
497.703192
 20
6.687777
 10
497.693739
 20
6.67626
 10
497.682222
 20
6.666808
 10
497.669083
 20
6.659785
 10
497.654827
 20
6.65546
 10
497.639999
 20
6.654
 10
497.625172
 20
6.65546
 10
497.610916
 20
6.659785
 10
497.597776
 20
6.666808
 10
497.58626
 20
6.67626
 10
497.576807
 20
6.687777
 10
497.569784
 20
6.700916
 10
497.56546000000003
 20
6.715173
 10
497.563999
 20
6.73
 10
497.56546000000003
 20
6.744827
  0
LWPOLYLINE
  5
87E
330
17
100
AcDbEntity
  8
CORTE
100
AcDbPolyline
 90
33
 70
1
 10
497.540939
 20
6.749704
 10
497.546688
 20
6.768651
 10
497.556021
 20
6.786113
 10
497.568583
 20
6.801418
 10
497.583887
 20
6.813979
 10
497.601349
 20
6.823312
 10
497.620295
 20
6.829059
 10
497.639999
 20
6.831
 10
497.659704
 20
6.829059
 10
497.67865
 20
6.823312
 10
497.69611199999997
 20
6.813979
 10
497.711416
 20
6.801418
 10
497.723978
 20
6.786113
 10
497.733311
 20
6.768651
 10
497.739059
 20
6.749704
 10
497.740999
 20
6.73
 10
497.739059
 20
6.710296
 10
497.733311
 20
6.691349
 10
497.723978
 20
6.673887
 10
497.711416
 20
6.658582
 10
497.69611199999997
 20
6.646021
 10
497.67865
 20
6.636688
 10
497.659704
 20
6.630941
 10
497.639999
 20
6.629
 10
497.620295
 20
6.630941
 10
497.601349
 20
6.636688
 10
497.583887
 20
6.646021
 10
497.568583
 20
6.658582
 10
497.556021
 20
6.673887
 10
497.546688
 20
6.691349
 10
497.540939
 20
6.710296
 10
497.539
 20
6.73
 10
497.540939
 20
6.749704
  0
LWPOLYLINE
  5
87F
330
17
100
AcDbEntity
  8
VISTA
100
AcDbPolyline
 90
33
 70
1
 10
497.540449
 20
6.749802
 10
497.546227
 20
6.768842
 10
497.555605
 20
6.78639
 10
497.568228
 20
6.801771
 10
497.583609
 20
6.814394
 10
497.601156
 20
6.823774
 10
497.620197
 20
6.82955
 10
497.639999
 20
6.8315
 10
497.659801
 20
6.82955
 10
497.67884300000003
 20
6.823774
 10
497.69639
 20
6.814394
 10
497.711771
 20
6.801771
 10
497.724394
 20
6.78639
 10
497.733772
 20
6.768842
 10
497.73955
 20
6.749802
 10
497.741499
 20
6.73
 10
497.73955
 20
6.710198
 10
497.733772
 20
6.691158
 10
497.724394
 20
6.67361
 10
497.711771
 20
6.658229
 10
497.69639
 20
6.645606
 10
497.67884300000003
 20
6.636226
 10
497.659801
 20
6.63045
 10
497.639999
 20
6.6285
 10
497.620197
 20
6.63045
 10
497.601156
 20
6.636226
 10
497.583609
 20
6.645606
 10
497.568228
 20
6.658229
 10
497.555605
 20
6.67361
 10
497.546227
 20
6.691158
 10
497.540449
 20
6.710198
 10
497.5385
 20
6.73
 10
497.540449
 20
6.749802
  0
LWPOLYLINE
  5
880
330
17
100
AcDbEntity
  8
VISTA
100
AcDbPolyline
 90
37
 70
1
 10
500.31156547562244
 20
6.714649604618906
 10
500.3031473084963
 20
6.701324944407677
 10
500.29665793283004
 20
6.69448302419667
 10
500.2922021145261
 20
6.689619288473276
 10
500.2792972265565
 20
6.680010466493962
 10
500.26466493493785
 20
6.672820566028226
 10
500.2488706247632
 20
6.668327116567828
 10
500.2325205537604
 20
6.66670220179336
 10
500.2162424571123
 20
6.668009013324345
 10
500.2006620589646
 20
6.672196942322317
 10
500.1863818638224
 20
6.679104333813779
 10
500.1739460934936
 20
6.68846609560164
 10
500.1655724858956
 20
6.697953301833568
 10
500.16387665712614
 20
6.699927217666076
 10
500.1566251422811
 20
6.7130606475033145
 10
500.1522805845055
 20
6.7273269717227375
 10
500.1510051084751
 20
6.7421777168503025
 10
500.15285233547354
 20
6.757042648475121
 10
500.1544725545523
 20
6.76177942814146
 10
500.1578924743964
 20
6.771375388166622
 10
500.1659438653979
 20
6.784627476080956
 10
500.1766263480982
 20
6.796278391693067
 10
500.18952668802973
 20
6.805879379595788
 10
500.2041524771273
 20
6.813062867109234
 10
500.2199381388963
 20
6.817553181161947
 10
500.2362786122987
 20
6.819176737628111
 10
500.25254772157297
 20
6.817873753305468
 10
500.2681212950414
 20
6.813691858408809
 10
500.2766422248966
 20
6.809573946596465
 10
500.28258600814394
 20
6.806825284378625
 10
500.29540732613106
 20
6.7975398187750775
 10
500.305810670449
 20
6.786143551317599
 10
500.3133983079016
 20
6.773073692614396
 10
500.3178754715011
 20
6.758832448692626
 10
500.3190746458754
 20
6.743967151368609
 10
500.31694225005253
 20
6.729047836005882
 10
500.31156547562244
 20
6.714649604618906
  0
LWPOLYLINE
  5
881
330
17
100
AcDbEntity
  8
CORTE
100
AcDbPolyline
 90
37
 70
1
 10
500.3375829511044
 20
6.705462493459147
 10
500.3263978731125
 20
6.687752392016856
 10
500.3115992512891
 20
6.672150462014438
 10
500.3017763231297
 20
6.665051173250349
 10
500.29406905919893
 20
6.659311671225442
 10
500.27462184227113
 20
6.649755742865605
 10
500.2536295103542
 20
6.643783176361501
 10
500.231898576713
 20
6.6416244691541495
 10
500.2102637497256
 20
6.64336181064764
 10
500.18955896517605
 20
6.6489278775024925
 10
500.1726770807116
 20
6.6570946610113655
 10
500.1706347763497
 20
6.658119167491282
 10
500.1545231338679
 20
6.670632264283916
 10
500.1413976919358
 20
6.685910345674624
 10
500.13176394349244
 20
6.703364549369099
 10
500.1259905666514
 20
6.72232497807033
 10
500.12429930709686
 20
6.742060731323283
 10
500.1267521961463
 20
6.761814447330601
 10
500.1332576749153
 20
6.780827762063586
 10
500.1435637538484
 20
6.798369454110412
 10
500.1473664115554
 20
6.8026397824466285
 10
500.15762467032675
 20
6.81382705312506
 10
500.17476887996725
 20
6.826585201966408
 10
500.194202026871
 20
6.8361307103927755
 10
500.2151796883492
 20
6.842096834614202
 10
500.2368934055669
 20
6.844255575855757
 10
500.2585124132242
 20
6.842523222721285
 10
500.2715194251527
 20
6.839030879222236
 10
500.2794667673363
 20
6.837013204204958
 10
500.2990595708259
 20
6.827953554975409
 10
500.31609690019707
 20
6.815616533232019
 10
500.3299243051374
 20
6.8004741695850095
 10
500.34000863092143
 20
6.783107946552269
 10
500.34596249512197
 20
6.76418304097561
 10
500.34755674389174
 20
6.744427233159739
 10
500.3447280894034
 20
6.72459955332094
 10
500.3375829511044
 20
6.705462493459147
  0
LWPOLYLINE
  5
882
330
17
100
AcDbEntity
  8
VISTA
100
AcDbPolyline
 90
37
 70
1
 10
500.3381036123841
 20
6.7052791898857915
 10
500.32686118199706
 20
6.687481199072447
 10
500.31199151706903
 20
6.671801923355573
 10
500.30187410515674
 20
6.6644898345551065
 10
500.2943649847998
 20
6.658898006470946
 10
500.274821544991
 20
6.649294738559187
 10
500.2537251563981
 20
6.643292462703482
 10
500.23188629945184
 20
6.641122902632477
 10
500.2101444983833
 20
6.642868884888985
 10
500.1893360645452
 20
6.648462484846161
 10
500.1727855009015
 20
6.656468228487133
 10
500.17032924543764
 20
6.657700290805898
 10
500.1541380108895
 20
6.67027664524708
 10
500.1409479789131
 20
6.685629683466273
 10
500.1312666792776
 20
6.703170933506182
 10
500.12546438936187
 20
6.72222428635756
 10
500.1237642957409
 20
6.742058449946255
 10
500.12623166377614
 20
6.761909674770797
 10
500.13276766511336
 20
6.781017193028049
 10
500.14312393452286
 20
6.798645358123715
 10
500.1472528082631
 20
6.80328201163575
 10
500.1572441342369
 20
6.81417819461678
 10
500.17447311988764
 20
6.826999788134105
 10
500.1940031942791
 20
6.836591573249171
 10
500.2150843149708
 20
6.842587514909314
 10
500.23690661023903
 20
6.8447566984471
 10
500.258632394842
 20
6.84301578154092
 10
500.2714250100459
 20
6.839580965149448
 10
500.2797000602459
 20
6.837480013664256
 10
500.2993881665112
 20
6.8283759477145525
 10
500.3165113953621
 20
6.815978270766014
 10
500.3304061654777
 20
6.8007610812686785
 10
500.3405412969305
 20
6.783308309529601
 10
500.3465242212703
 20
6.764289971709627
 10
500.34812567946034
 20
6.7444363376114165
 10
500.34528304761903
 20
6.72451083235486
 10
500.3381036123841
 20
6.7052791898857915
  0
LWPOLYLINE
  5
883
330
17
100
AcDbEntity
  8
VISTA
100
AcDbPolyline
 90
5
 70
1
 10
493.9655
 20
4.06
 10
493.9655
 20
4.072
 10
493.9675
 20
4.072
 10
493.9675
 20
4.06
 10
493.9655
 20
4.06
  0
LWPOLYLINE
  5
884
330
17
100
AcDbEntity
  8
VISTA
100
AcDbPolyline
 90
5
 70
1
 10
493.9655
 20
5.768
 10
493.9655
 20
5.78
 10
493.9675
 20
5.78
 10
493.9675
 20
5.768
 10
493.9655
 20
5.768
  0
LWPOLYLINE
  5
885
330
17
100
AcDbEntity
  8
VISTA
100
AcDbPolyline
 90
5
 70
1
 10
493.976501
 20
4.06
 10
493.976501
 20
4.072
 10
493.9785
 20
4.072
 10
493.9785
 20
4.06
 10
493.976501
 20
4.06
  0
LWPOLYLINE
  5
886
330
17
100
AcDbEntity
  8
VISTA
100
AcDbPolyline
 90
5
 70
1
 10
493.976501
 20
5.768
 10
493.976501
 20
5.78
 10
493.9785
 20
5.78
 10
493.9785
 20
5.768
 10
493.976501
 20
5.768
  0
LWPOLYLINE
  5
887
330
17
100
AcDbEntity
  8
VISTA
100
AcDbPolyline
 90
5
 70
1
 10
493.9915
 20
4.06258
 10
493.9915
 20
4.07458
 10
493.9935
 20
4.07458
 10
493.9935
 20
4.06258
 10
493.9915
 20
4.06258
  0
LWPOLYLINE
  5
888
330
17
100
AcDbEntity
  8
VISTA
100
AcDbPolyline
 90
5
 70
1
 10
493.9915
 20
5.76542
 10
493.9915
 20
5.77742
 10
493.9935
 20
5.77742
 10
493.9935
 20
5.76542
 10
493.9915
 20
5.76542
  0
LWPOLYLINE
  5
889
330
17
100
AcDbEntity
  8
VISTA
100
AcDbPolyline
 90
5
 70
1
 10
494.002501
 20
4.06258
 10
494.002501
 20
4.07458
 10
494.0045
 20
4.07458
 10
494.0045
 20
4.06258
 10
494.002501
 20
4.06258
  0
LWPOLYLINE
  5
88A
330
17
100
AcDbEntity
  8
VISTA
100
AcDbPolyline
 90
5
 70
1
 10
494.002501
 20
5.76542
 10
494.002501
 20
5.77742
 10
494.0045
 20
5.77742
 10
494.0045
 20
5.76542
 10
494.002501
 20
5.76542
  0
LWPOLYLINE
  5
88B
330
17
100
AcDbEntity
  8
VISTA
100
AcDbPolyline
 90
5
 70
1
 10
493.9785
 20
4.06258
 10
493.9785
 20
4.06858
 10
493.9915
 20
4.06858
 10
493.9915
 20
4.06258
 10
493.9785
 20
4.06258
  0
LWPOLYLINE
  5
88C
330
17
100
AcDbEntity
  8
VISTA
100
AcDbPolyline
 90
5
 70
1
 10
493.9785
 20
5.77142
 10
493.9785
 20
5.77742
 10
493.9915
 20
5.77742
 10
493.9915
 20
5.77142
 10
493.9785
 20
5.77142
  0
LWPOLYLINE
  5
88D
330
17
100
AcDbEntity
  8
VISTA
100
AcDbPolyline
 90
5
 70
1
 10
493.9225
 20
4.016
 10
493.9225
 20
4.019
 10
494.0475
 20
4.019
 10
494.0475
 20
4.016
 10
493.9225
 20
4.016
  0
LWPOLYLINE
  5
88E
330
17
100
AcDbEntity
  8
VISTA
100
AcDbPolyline
 90
5
 70
1
 10
493.921499
 20
4.016
 10
493.921499
 20
4.0275
 10
493.9225
 20
4.0275
 10
493.9225
 20
4.016
 10
493.921499
 20
4.016
  0
LWPOLYLINE
  5
88F
330
17
100
AcDbEntity
  8
VISTA
100
AcDbPolyline
 90
5
 70
1
 10
494.0475
 20
4.016
 10
494.0475
 20
4.0275
 10
494.0485
 20
4.0275
 10
494.0485
 20
4.016
 10
494.0475
 20
4.016
  0
LWPOLYLINE
  5
890
330
17
100
AcDbEntity
  8
VISTA
100
AcDbPolyline
 90
5
 70
1
 10
494.2
 20
0.16
 10
494.2
 20
0.19
 10
501.799999
 20
0.19
 10
501.799999
 20
0.16
 10
494.2
 20
0.16
  0
LWPOLYLINE
  5
891
330
17
100
AcDbEntity
  8
VISTA
100
AcDbPolyline
 90
5
 70
1
 10
494.2
 20
0.19
 10
494.2
 20
0.2
 10
501.799999
 20
0.2
 10
501.799999
 20
0.19
 10
494.2
 20
0.19
  0
LWPOLYLINE
  5
892
330
17
100
AcDbEntity
  8
VISTA
100
AcDbPolyline
 90
5
 70
1
 10
494.2
 20
0.2
 10
494.2
 20
0.21
 10
501.799999
 20
0.21
 10
501.799999
 20
0.2
 10
494.2
 20
0.2
  0
LWPOLYLINE
  5
893
330
17
100
AcDbEntity
  8
VISTA
100
AcDbPolyline
 90
17
 70
1
 10
497.54449999999997
 20
4.198
 10
497.54449999999997
 20
4.21
 10
497.544634
 20
4.210499
 10
497.545
 20
4.210866
 10
497.5455
 20
4.211
 10
497.550501
 20
4.211
 10
497.551001
 20
4.210866
 10
497.551367
 20
4.210499
 10
497.5515
 20
4.21
 10
497.5515
 20
4.198
 10
497.551367
 20
4.197501
 10
497.551001
 20
4.197134
 10
497.550501
 20
4.197
 10
497.5455
 20
4.197
 10
497.545
 20
4.197134
 10
497.544634
 20
4.197501
 10
497.54449999999997
 20
4.198
  0
LWPOLYLINE
  5
894
330
17
100
AcDbEntity
  8
VISTA
100
AcDbPolyline
 90
17
 70
1
 10
497.54449999999997
 20
4.864
 10
497.54449999999997
 20
4.876
 10
497.544634
 20
4.8765
 10
497.545
 20
4.876867
 10
497.5455
 20
4.877
 10
497.550501
 20
4.877
 10
497.551001
 20
4.876867
 10
497.551367
 20
4.8765
 10
497.5515
 20
4.876
 10
497.5515
 20
4.864
 10
497.551367
 20
4.863501
 10
497.551001
 20
4.863134
 10
497.550501
 20
4.863
 10
497.5455
 20
4.863
 10
497.545
 20
4.863134
 10
497.544634
 20
4.863501
 10
497.54449999999997
 20
4.864
  0
LINE
  5
895
330
17
100
AcDbEntity
  8
VISTA
100
AcDbLine
 10
497.552
 20
4.211
 30
0.0
 11
497.552
 21
4.863
 31
0.0
  0
LINE
  5
896
330
17
100
AcDbEntity
  8
VISTA
100
AcDbLine
 10
493.0
 20
0.0
 30
0.0
 11
502.8
 21
0.0
 31
0.0
  0
DIMENSION
  5
897
330
17
100
AcDbEntity
  8
COTAS
100
AcDbDimension
280
0
  2
*D5
  3
Standard
 10
494.0
 20
-0.95
 30
0.0
 11
498.0
 21
-0.95
 31
0.0
 70
32
 71
5
  1
<>
100
AcDbAlignedDimension
 13
494.0
 23
0.0
 33
0.0
 14
502.0
 24
0.0
 34
0.0
 50
0.0
100
AcDbRotatedDimension
1001
ACAD
1000
DSTYLE
1002
{
1070
140
1040
0.13
1070
41
1040
0.09
1002
}
  0
DIMENSION
  5
8A7
330
17
100
AcDbEntity
  8
COTAS
100
AcDbDimension
280
0
  2
*D6
  3
Standard
 10
502.6
 20
3.25
 30
0.0
 11
502.6
 21
4.85
 31
0.0
 70
32
 71
5
  1
<>
100
AcDbAlignedDimension
 13
502.6
 23
3.25
 33
0.0
 14
502.6
 24
6.45
 34
0.0
 50
90.0
100
AcDbRotatedDimension
1001
ACAD
1000
DSTYLE
1002
{
1070
140
1040
0.13
1070
41
1040
0.09
1002
}
  0
TEXT
  5
8B7
330
17
100
AcDbEntity
  8
TEXTOS
100
AcDbText
 10
493.3
 20
0.31
 30
0.0
 40
0.13
  1
+0.21
100
AcDbText
  0
TEXT
  5
8B8
330
17
100
AcDbEntity
  8
TEXTOS
100
AcDbText
 10
493.3
 20
3.35
 30
0.0
 40
0.13
  1
+3.25
100
AcDbText
  0
TEXT
  5
8B9
330
17
100
AcDbEntity
  8
TEXTOS
100
AcDbText
 10
493.3
 20
6.55
 30
0.0
 40
0.13
  1
+6.45
100
AcDbText
  0
ENDSEC
  0
SECTION
  2
OBJECTS
  0
DICTIONARY
  5
A
330
0
100
AcDbDictionary
281
1
  3
ACAD_COLOR
350
B
  3
ACAD_GROUP
350
C
  3
ACAD_LAYOUT
350
D
  3
ACAD_MATERIAL
350
E
  3
ACAD_MLEADERSTYLE
350
F
  3
ACAD_MLINESTYLE
350
10
  3
ACAD_PLOTSETTINGS
350
11
  3
ACAD_PLOTSTYLENAME
350
12
  3
ACAD_SCALELIST
350
14
  3
ACAD_TABLESTYLE
350
15
  3
ACAD_VISUALSTYLE
350
16
  3
EZDXF_META
350
2D
  0
DICTIONARY
  5
B
330
A
100
AcDbDictionary
281
1
  0
DICTIONARY
  5
C
330
A
100
AcDbDictionary
281
1
  0
DICTIONARY
  5
D
330
A
100
AcDbDictionary
281
1
  3
Model
350
1A
  3
Layout1
350
1E
  0
DICTIONARY
  5
E
330
A
100
AcDbDictionary
281
1
  3
ByBlock
350
1F
  3
ByLayer
350
20
  3
Global
350
21
  0
DICTIONARY
  5
F
330
A
100
AcDbDictionary
281
1
  3
Standard
350
2C
  0
DICTIONARY
  5
10
330
A
100
AcDbDictionary
281
1
  3
Standard
350
22
  0
DICTIONARY
  5
11
330
A
100
AcDbDictionary
281
1
  0
ACDBDICTIONARYWDFLT
  5
12
330
A
100
AcDbDictionary
281
1
  3
Normal
350
13
100
AcDbDictionaryWithDefault
340
13
  0
ACDBPLACEHOLDER
  5
13
330
12
  0
DICTIONARY
  5
14
330
A
100
AcDbDictionary
281
1
  0
DICTIONARY
  5
15
330
A
100
AcDbDictionary
281
1
  0
DICTIONARY
  5
16
330
A
100
AcDbDictionary
281
1
  0
LAYOUT
  5
1A
330
D
100
AcDbPlotSettings
  1

  4
A3
  6

 40
7.5
 41
20.0
 42
7.5
 43
20.0
 44
420.0
 45
297.0
 46
0.0
 47
0.0
 48
0.0
 49
0.0
140
0.0
141
0.0
142
1.0
143
1.0
 70
1024
 72
1
 73
0
 74
5
  7

 75
16
 76
0
 77
2
 78
300
147
1.0
148
0.0
149
0.0
100
AcDbLayout
  1
Model
 70
1
 71
0
 10
0.0
 20
0.0
 11
420.0
 21
297.0
 12
0.0
 22
0.0
 32
0.0
 14
1e+20
 24
1e+20
 34
1e+20
 15
-1e+20
 25
-1e+20
 35
-1e+20
146
0.0
 13
0.0
 23
0.0
 33
0.0
 16
1.0
 26
0.0
 36
0.0
 17
0.0
 27
1.0
 37
0.0
 76
1
330
17
  0
LAYOUT
  5
1E
330
D
100
AcDbPlotSettings
  1

  4
A3
  6

 40
7.5
 41
20.0
 42
7.5
 43
20.0
 44
420.0
 45
297.0
 46
0.0
 47
0.0
 48
0.0
 49
0.0
140
0.0
141
0.0
142
1.0
143
1.0
 70
0
 72
1
 73
0
 74
5
  7

 75
16
 76
0
 77
2
 78
300
147
1.0
148
0.0
149
0.0
100
AcDbLayout
  1
Layout1
 70
1
 71
1
 10
0.0
 20
0.0
 11
420.0
 21
297.0
 12
0.0
 22
0.0
 32
0.0
 14
1e+20
 24
1e+20
 34
1e+20
 15
-1e+20
 25
-1e+20
 35
-1e+20
146
0.0
 13
0.0
 23
0.0
 33
0.0
 16
1.0
 26
0.0
 36
0.0
 17
0.0
 27
1.0
 37
0.0
 76
1
330
1B
  0
MATERIAL
  5
1F
102
{ACAD_REACTORS
330
E
102
}
330
E
100
AcDbMaterial
  1
ByBlock
  2

 70
0
 40
1.0
 71
1
 41
1.0
 91
-1023410177
 42
1.0
 72
1
  3

 73
1
 74
1
 75
1
 44
0.5
 73
0
 45
1.0
 46
1.0
 77
1
  4

 78
1
 79
1
170
1
 48
1.0
171
1
  6

172
1
173
1
174
1
140
1.0
141
1.0
175
1
  7

176
1
177
1
178
1
143
1.0
179
1
  8

270
1
271
1
272
1
145
1.0
146
1.0
273
1
  9

274
1
275
1
276
1
 42
1.0
 72
1
  3

 73
1
 74
1
 75
1
 94
63
  0
MATERIAL
  5
20
102
{ACAD_REACTORS
330
E
102
}
330
E
100
AcDbMaterial
  1
ByLayer
  2

 70
0
 40
1.0
 71
1
 41
1.0
 91
-1023410177
 42
1.0
 72
1
  3

 73
1
 74
1
 75
1
 44
0.5
 73
0
 45
1.0
 46
1.0
 77
1
  4

 78
1
 79
1
170
1
 48
1.0
171
1
  6

172
1
173
1
174
1
140
1.0
141
1.0
175
1
  7

176
1
177
1
178
1
143
1.0
179
1
  8

270
1
271
1
272
1
145
1.0
146
1.0
273
1
  9

274
1
275
1
276
1
 42
1.0
 72
1
  3

 73
1
 74
1
 75
1
 94
63
  0
MATERIAL
  5
21
102
{ACAD_REACTORS
330
E
102
}
330
E
100
AcDbMaterial
  1
Global
  2

 70
0
 40
1.0
 71
1
 41
1.0
 91
-1023410177
 42
1.0
 72
1
  3

 73
1
 74
1
 75
1
 44
0.5
 73
0
 45
1.0
 46
1.0
 77
1
  4

 78
1
 79
1
170
1
 48
1.0
171
1
  6

172
1
173
1
174
1
140
1.0
141
1.0
175
1
  7

176
1
177
1
178
1
143
1.0
179
1
  8

270
1
271
1
272
1
145
1.0
146
1.0
273
1
  9

274
1
275
1
276
1
 42
1.0
 72
1
  3

 73
1
 74
1
 75
1
 94
63
  0
MLINESTYLE
  5
22
102
{ACAD_REACTORS
330
10
102
}
330
10
100
AcDbMlineStyle
  2
Standard
 70
0
  3

 62
256
 51
90.0
 52
90.0
 71
2
 49
0.5
 62
256
  6
BYLAYER
 49
-0.5
 62
256
  6
BYLAYER
  0
MLEADERSTYLE
  5
2C
102
{ACAD_REACTORS
330
F
102
}
330
F
100
AcDbMLeaderStyle
179
2
170
2
171
1
172
0
 90
2
 40
0.0
 41
0.0
173
1
 91
-1056964608
 92
-2
290
1
 42
2.0
291
1
 43
8.0
  3
Standard
 44
4.0
300

342
29
174
1
175
1
176
0
178
1
 93
-1056964608
 45
4.0
292
0
297
0
 46
4.0
 94
-1056964608
 47
1.0
 49
1.0
140
1.0
294
1
141
0.0
177
0
142
1.0
295
0
296
0
143
3.75
271
0
272
9
273
9
  0
DICTIONARY
  5
2D
330
A
100
AcDbDictionary
280
1
281
1
  3
CREATED_BY_EZDXF
350
2E
  3
WRITTEN_BY_EZDXF
350
8BC
  0
DICTIONARYVAR
  5
2E
330
2D
100
DictionaryVariables
280
0
  1
1.4.4 @ 2026-09-11T02:41:38.195015+00:00
  0
DICTIONARYVAR
  5
8BC
330
2D
100
DictionaryVariables
280
0
  1
1.4.4 @ 2026-09-11T02:41:39.029251+00:00
  0
ENDSEC
  0
EOF
