  0
SECTION
  2
HEADER
  9
$ACADVER
  1
AC1024
  9
$ACADMAINTVER
 70
6
  9
$DWGCODEPAGE
  3
ANSI_1252
  9
$LASTSAVEDBY
  1
ezdxf
  9
$INSBASE
 10
0.0
 20
0.0
 30
0.0
  9
$EXTMIN
 10
1e+20
 20
1e+20
 30
1e+20
  9
$EXTMAX
 10
-1e+20
 20
-1e+20
 30
-1e+20
  9
$LIMMIN
 10
0.0
 20
0.0
  9
$LIMMAX
 10
420.0
 20
297.0
  9
$ORTHOMODE
 70
0
  9
$REGENMODE
 70
1
  9
$FILLMODE
 70
1
  9
$QTEXTMODE
 70
0
  9
$MIRRTEXT
 70
1
  9
$LTSCALE
 40
1.0
  9
$ATTMODE
 70
1
  9
$TEXTSIZE
 40
2.5
  9
$TRACEWID
 40
1.0
  9
$TEXTSTYLE
  7
Standard
  9
$CLAYER
  8
0
  9
$CELTYPE
  6
ByLayer
  9
$CECOLOR
 62
256
  9
$CELTSCALE
 40
1.0
  9
$DISPSILH
 70
0
  9
$DIMSCALE
 40
1.0
  9
$DIMASZ
 40
2.5
  9
$DIMEXO
 40
0.625
  9
$DIMDLI
 40
3.75
  9
$DIMRND
 40
0.0
  9
$DIMDLE
 40
0.0
  9
$DIMEXE
 40
1.25
  9
$DIMTP
 40
0.0
  9
$DIMTM
 40
0.0
  9
$DIMTXT
 40
2.5
  9
$DIMCEN
 40
2.5
  9
$DIMTSZ
 40
0.0
  9
$DIMTOL
 70
0
  9
$DIMLIM
 70
0
  9
$DIMTIH
 70
0
  9
$DIMTOH
 70
0
  9
$DIMSE1
 70
0
  9
$DIMSE2
 70
0
  9
$DIMTAD
 70
1
  9
$DIMZIN
 70
8
  9
$DIMBLK
  1

  9
$DIMASO
 70
1
  9
$DIMSHO
 70
1
  9
$DIMPOST
  1

  9
$DIMAPOST
  1

  9
$DIMALT
 70
0
  9
$DIMALTD
 70
3
  9
$DIMALTF
 40
0.03937007874
  9
$DIMLFAC
 40
1.0
  9
$DIMTOFL
 70
1
  9
$DIMTVP
 40
0.0
  9
$DIMTIX
 70
0
  9
$DIMSOXD
 70
0
  9
$DIMSAH
 70
0
  9
$DIMBLK1
  1

  9
$DIMBLK2
  1

  9
$DIMSTYLE
  2
ISO-25
  9
$DIMCLRD
 70
0
  9
$DIMCLRE
 70
0
  9
$DIMCLRT
 70
0
  9
$DIMTFAC
 40
1.0
  9
$DIMGAP
 40
0.625
  9
$DIMJUST
 70
0
  9
$DIMSD1
 70
0
  9
$DIMSD2
 70
0
  9
$DIMTOLJ
 70
0
  9
$DIMTZIN
 70
8
  9
$DIMALTZ
 70
0
  9
$DIMALTTZ
 70
0
  9
$DIMUPT
 70
0
  9
$DIMDEC
 70
2
  9
$DIMTDEC
 70
2
  9
$DIMALTU
 70
2
  9
$DIMALTTD
 70
3
  9
$DIMTXSTY
  7
Standard
  9
$DIMAUNIT
 70
0
  9
$DIMADEC
 70
0
  9
$DIMALTRND
 40
0.0
  9
$DIMAZIN
 70
0
  9
$DIMDSEP
 70
44
  9
$DIMATFIT
 70
3
  9
$DIMFRAC
 70
0
  9
$DIMLDRBLK
  1

  9
$DIMLUNIT
 70
2
  9
$DIMLWD
 70
-2
  9
$DIMLWE
 70
-2
  9
$DIMTMOVE
 70
0
  9
$DIMFXL
 40
1.0
  9
$DIMFXLON
 70
0
  9
$DIMJOGANG
 40
0.785398163397
  9
$DIMTFILL
 70
0
  9
$DIMTFILLCLR
 70
0
  9
$DIMARCSYM
 70
0
  9
$DIMLTYPE
  6

  9
$DIMLTEX1
  6

  9
$DIMLTEX2
  6

  9
$DIMTXTDIRECTION
 70
0
  9
$LUNITS
 70
2
  9
$LUPREC
 70
4
  9
$SKETCHINC
 40
1.0
  9
$FILLETRAD
 40
10.0
  9
$AUNITS
 70
0
  9
$AUPREC
 70
2
  9
$MENU
  1
.
  9
$ELEVATION
 40
0.0
  9
$PELEVATION
 40
0.0
  9
$THICKNESS
 40
0.0
  9
$LIMCHECK
 70
0
  9
$CHAMFERA
 40
0.0
  9
$CHAMFERB
 40
0.0
  9
$CHAMFERC
 40
0.0
  9
$CHAMFERD
 40
0.0
  9
$SKPOLY
 70
0
  9
$TDCREATE
 40
2461295.072974537
  9
$TDUCREATE
 40
2458532.153996898
  9
$TDUPDATE
 40
2461295.0730555556
  9
$TDUUPDATE
 40
2458532.1544311
  9
$TDINDWG
 40
0.0
  9
$TDUSRTIMER
 40
0.0
  9
$USRTIMER
 70
1
  9
$ANGBASE
 50
0.0
  9
$ANGDIR
 70
0
  9
$PDMODE
 70
0
  9
$PDSIZE
 40
0.0
  9
$PLINEWID
 40
0.0
  9
$SPLFRAME
 70
0
  9
$SPLINETYPE
 70
6
  9
$SPLINESEGS
 70
8
  9
$HANDSEED
  5
595
  9
$SURFTAB1
 70
6
  9
$SURFTAB2
 70
6
  9
$SURFTYPE
 70
6
  9
$SURFU
 70
6
  9
$SURFV
 70
6
  9
$UCSBASE
  2

  9
$UCSNAME
  2

  9
$UCSORG
 10
0.0
 20
0.0
 30
0.0
  9
$UCSXDIR
 10
1.0
 20
0.0
 30
0.0
  9
$UCSYDIR
 10
0.0
 20
1.0
 30
0.0
  9
$UCSORTHOREF
  2

  9
$UCSORTHOVIEW
 70
0
  9
$UCSORGTOP
 10
0.0
 20
0.0
 30
0.0
  9
$UCSORGBOTTOM
 10
0.0
 20
0.0
 30
0.0
  9
$UCSORGLEFT
 10
0.0
 20
0.0
 30
0.0
  9
$UCSORGRIGHT
 10
0.0
 20
0.0
 30
0.0
  9
$UCSORGFRONT
 10
0.0
 20
0.0
 30
0.0
  9
$UCSORGBACK
 10
0.0
 20
0.0
 30
0.0
  9
$PUCSBASE
  2

  9
$PUCSNAME
  2

  9
$PUCSORG
 10
0.0
 20
0.0
 30
0.0
  9
$PUCSXDIR
 10
1.0
 20
0.0
 30
0.0
  9
$PUCSYDIR
 10
0.0
 20
1.0
 30
0.0
  9
$PUCSORTHOREF
  2

  9
$PUCSORTHOVIEW
 70
0
  9
$PUCSORGTOP
 10
0.0
 20
0.0
 30
0.0
  9
$PUCSORGBOTTOM
 10
0.0
 20
0.0
 30
0.0
  9
$PUCSORGLEFT
 10
0.0
 20
0.0
 30
0.0
  9
$PUCSORGRIGHT
 10
0.0
 20
0.0
 30
0.0
  9
$PUCSORGFRONT
 10
0.0
 20
0.0
 30
0.0
  9
$PUCSORGBACK
 10
0.0
 20
0.0
 30
0.0
  9
$USERI1
 70
0
  9
$USERI2
 70
0
  9
$USERI3
 70
0
  9
$USERI4
 70
0
  9
$USERI5
 70
0
  9
$USERR1
 40
0.0
  9
$USERR2
 40
0.0
  9
$USERR3
 40
0.0
  9
$USERR4
 40
0.0
  9
$USERR5
 40
0.0
  9
$WORLDVIEW
 70
1
  9
$SHADEDGE
 70
3
  9
$SHADEDIF
 70
70
  9
$TILEMODE
 70
1
  9
$MAXACTVP
 70
64
  9
$PINSBASE
 10
0.0
 20
0.0
 30
0.0
  9
$PLIMCHECK
 70
0
  9
$PEXTMIN
 10
1e+20
 20
1e+20
 30
1e+20
  9
$PEXTMAX
 10
-1e+20
 20
-1e+20
 30
-1e+20
  9
$PLIMMIN
 10
0.0
 20
0.0
  9
$PLIMMAX
 10
420.0
 20
297.0
  9
$UNITMODE
 70
0
  9
$VISRETAIN
 70
1
  9
$PLINEGEN
 70
0
  9
$PSLTSCALE
 70
1
  9
$TREEDEPTH
 70
3020
  9
$CMLSTYLE
  2
Standard
  9
$CMLJUST
 70
0
  9
$CMLSCALE
 40
20.0
  9
$PROXYGRAPHICS
 70
1
  9
$MEASUREMENT
 70
1
  9
$CELWEIGHT
370
-1
  9
$ENDCAPS
280
0
  9
$JOINSTYLE
280
0
  9
$LWDISPLAY
290
0
  9
$INSUNITS
 70
6
  9
$HYPERLINKBASE
  1

  9
$STYLESHEET
  1

  9
$XEDIT
290
1
  9
$CEPSNTYPE
380
0
  9
$PSTYLEMODE
290
1
  9
$FINGERPRINTGUID
  2
{497E7967-C931-4701-B1F2-3D89B6E43DE2}
  9
$VERSIONGUID
  2
{D2B7B603-D4E9-4D81-A807-AEF4E76DA822}
  9
$EXTNAMES
290
1
  9
$PSVPSCALE
 40
0.0
  9
$OLESTARTUP
290
0
  9
$SORTENTS
280
127
  9
$INDEXCTL
280
0
  9
$HIDETEXT
280
1
  9
$XCLIPFRAME
280
1
  9
$HALOGAP
280
0
  9
$OBSCOLOR
 70
257
  9
$OBSLTYPE
280
0
  9
$INTERSECTIONDISPLAY
280
0
  9
$INTERSECTIONCOLOR
 70
257
  9
$DIMASSOC
280
2
  9
$PROJECTNAME
  1

  9
$CAMERADISPLAY
290
0
  9
$LENSLENGTH
 40
50.0
  9
$CAMERAHEIGHT
 40
0.0
  9
$STEPSPERSEC
 40
24.0
  9
$STEPSIZE
 40
100.0
  9
$3DDWFPREC
 40
2.0
  9
$PSOLWIDTH
 40
0.005
  9
$PSOLHEIGHT
 40
0.08
  9
$LOFTANG1
 40
1.570796326795
  9
$LOFTANG2
 40
1.570796326795
  9
$LOFTMAG1
 40
0.0
  9
$LOFTMAG2
 40
0.0
  9
$LOFTPARAM
 70
7
  9
$LOFTNORMALS
280
1
  9
$LATITUDE
 40
37.795
  9
$LONGITUDE
 40
-122.394
  9
$NORTHDIRECTION
 40
0.0
  9
$TIMEZONE
 70
-8000
  9
$LIGHTGLYPHDISPLAY
280
1
  9
$TILEMODELIGHTSYNCH
280
1
  9
$CMATERIAL
347
20
  9
$SOLIDHIST
280
0
  9
$SHOWHIST
280
1
  9
$DWFFRAME
280
2
  9
$DGNFRAME
280
2
  9
$REALWORLDSCALE
290
1
  9
$INTERFERECOLOR
 62
256
  9
$CSHADOW
280
0
  9
$SHADOWPLANELOCATION
 40
0.0
  0
ENDSEC
  0
SECTION
  2
CLASSES
  0
CLASS
  1
ACDBDICTIONARYWDFLT
  2
AcDbDictionaryWithDefault
  3
ObjectDBX Classes
 90
0
 91
0
280
0
281
0
  0
CLASS
  1
SUN
  2
AcDbSun
  3
SCENEOE
 90
1153
 91
0
280
0
281
0
  0
CLASS
  1
VISUALSTYLE
  2
AcDbVisualStyle
  3
ObjectDBX Classes
 90
4095
 91
0
280
0
281
0
  0
CLASS
  1
MATERIAL
  2
AcDbMaterial
  3
ObjectDBX Classes
 90
1153
 91
0
280
0
281
0
  0
CLASS
  1
SCALE
  2
AcDbScale
  3
ObjectDBX Classes
 90
1153
 91
0
280
0
281
0
  0
CLASS
  1
TABLESTYLE
  2
AcDbTableStyle
  3
ObjectDBX Classes
 90
4095
 91
0
280
0
281
0
  0
CLASS
  1
MLEADERSTYLE
  2
AcDbMLeaderStyle
  3
ACDB_MLEADERSTYLE_CLASS
 90
4095
 91
0
280
0
281
0
  0
CLASS
  1
DICTIONARYVAR
  2
AcDbDictionaryVar
  3
ObjectDBX Classes
 90
0
 91
0
280
0
281
0
  0
CLASS
  1
CELLSTYLEMAP
  2
AcDbCellStyleMap
  3
ObjectDBX Classes
 90
1152
 91
0
280
0
281
0
  0
CLASS
  1
MENTALRAYRENDERSETTINGS
  2
AcDbMentalRayRenderSettings
  3
SCENEOE
 90
1024
 91
0
280
0
281
0
  0
CLASS
  1
ACDBDETAILVIEWSTYLE
  2
AcDbDetailViewStyle
  3
ObjectDBX Classes
 90
1025
 91
0
280
0
281
0
  0
CLASS
  1
ACDBSECTIONVIEWSTYLE
  2
AcDbSectionViewStyle
  3
ObjectDBX Classes
 90
1025
 91
0
280
0
281
0
  0
CLASS
  1
RASTERVARIABLES
  2
AcDbRasterVariables
  3
ISM
 90
0
 91
0
280
0
281
0
  0
CLASS
  1
LAYOUT
  2
AcDbLayout
  3
ObjectDBX Classes
 90
0
 91
0
280
0
281
0
  0
CLASS
  1
ACDBPLACEHOLDER
  2
AcDbPlaceHolder
  3
ObjectDBX Classes
 90
0
 91
0
280
0
281
0
  0
ENDSEC
  0
SECTION
  2
TABLES
  0
TABLE
  2
VPORT
  5
8
330
0
100
AcDbSymbolTable
 70
1
  0
VPORT
  5
23
330
8
100
AcDbSymbolTableRecord
100
AcDbViewportTableRecord
  2
*Active
 70
0
 10
0.0
 20
0.0
 11
1.0
 21
1.0
 12
0.0
 22
0.0
 13
0.0
 23
0.0
 14
0.5
 24
0.5
 15
0.5
 25
0.5
 16
0.0
 26
0.0
 36
1.0
 17
0.0
 27
0.0
 37
0.0
 40
1000.0
 41
1.34
 42
50.0
 43
0.0
 44
0.0
 50
0.0
 51
0.0
 71
0
 72
1000
 73
1
 74
3
 75
0
 76
0
 77
0
 78
0
281
0
 65
0
146
0.0
  0
ENDTAB
  0
TABLE
  2
LTYPE
  5
2
330
0
100
AcDbSymbolTable
 70
3
  0
LTYPE
  5
24
330
2
100
AcDbSymbolTableRecord
100
AcDbLinetypeTableRecord
  2
ByBlock
 70
0
  3

 72
65
 73
0
 40
0.0
  0
LTYPE
  5
25
330
2
100
AcDbSymbolTableRecord
100
AcDbLinetypeTableRecord
  2
ByLayer
 70
0
  3

 72
65
 73
0
 40
0.0
  0
LTYPE
  5
26
330
2
100
AcDbSymbolTableRecord
100
AcDbLinetypeTableRecord
  2
Continuous
 70
0
  3

 72
65
 73
0
 40
0.0
  0
ENDTAB
  0
TABLE
  2
LAYER
  5
1
330
0
100
AcDbSymbolTable
 70
8
  0
LAYER
  5
27
330
1
100
AcDbSymbolTableRecord
100
AcDbLayerTableRecord
  2
0
 70
0
 62
7
  6
Continuous
370
-3
390
13
347
21
  0
LAYER
  5
28
330
1
100
AcDbSymbolTableRecord
100
AcDbLayerTableRecord
  2
Defpoints
 70
0
 62
7
  6
Continuous
290
0
370
-3
390
13
347
21
  0
LAYER
  5
2F
330
1
100
AcDbSymbolTableRecord
100
AcDbLayerTableRecord
  2
CORTE
 70
0
 62
7
  6
Continuous
370
-3
390
13
347
21
  0
LAYER
  5
30
330
1
100
AcDbSymbolTableRecord
100
AcDbLayerTableRecord
  2
VISTA
 70
0
 62
8
  6
Continuous
370
-3
390
13
347
21
  0
LAYER
  5
31
330
1
100
AcDbSymbolTableRecord
100
AcDbLayerTableRecord
  2
COTAS
 70
0
 62
4
  6
Continuous
370
-3
390
13
347
21
  0
LAYER
  5
32
330
1
100
AcDbSymbolTableRecord
100
AcDbLayerTableRecord
  2
TEXTOS
 70
0
 62
7
  6
Continuous
370
-3
390
13
347
21
  0
LAYER
  5
33
330
1
100
AcDbSymbolTableRecord
100
AcDbLayerTableRecord
  2
EJES
 70
0
 62
3
  6
Continuous
370
-3
390
13
347
21
  0
LAYER
  5
34
330
1
100
AcDbSymbolTableRecord
100
AcDbLayerTableRecord
  2
SISTEMAS
 70
0
 62
5
  6
Continuous
370
-3
390
13
347
21
  0
ENDTAB
  0
TABLE
  2
STYLE
  5
5
330
0
100
AcDbSymbolTable
 70
1
  0
STYLE
  5
29
330
5
100
AcDbSymbolTableRecord
100
AcDbTextStyleTableRecord
  2
Standard
 70
0
 40
0.0
 41
1.0
 50
0.0
 71
0
 42
2.5
  3
txt
  4

  0
ENDTAB
  0
TABLE
  2
VIEW
  5
7
330
0
100
AcDbSymbolTable
 70
0
  0
ENDTAB
  0
TABLE
  2
UCS
  5
6
330
0
100
AcDbSymbolTable
 70
0
  0
ENDTAB
  0
TABLE
  2
APPID
  5
3
330
0
100
AcDbSymbolTable
 70
3
  0
APPID
  5
2A
330
3
100
AcDbSymbolTableRecord
100
AcDbRegAppTableRecord
  2
ACAD
 70
0
  0
APPID
  5
592
330
3
100
AcDbSymbolTableRecord
100
AcDbRegAppTableRecord
  2
HATCHBACKGROUNDCOLOR
 70
0
  0
APPID
  5
593
330
3
100
AcDbSymbolTableRecord
100
AcDbRegAppTableRecord
  2
EZDXF
 70
0
  0
ENDTAB
  0
TABLE
  2
DIMSTYLE
  5
4
330
0
100
AcDbSymbolTable
 70
1
100
AcDbDimStyleTable
  0
DIMSTYLE
105
2B
330
4
100
AcDbSymbolTableRecord
100
AcDbDimStyleTableRecord
  2
Standard
 70
0
 40
1.0
 41
2.5
 42
0.625
 43
3.75
 44
1.25
 45
0.0
 46
0.0
 47
0.0
 48
0.0
 49
2.5
140
2.5
141
2.5
142
0.0
143
0.03937007874
144
1.0
145
0.0
146
1.0
147
0.625
148
0.0
 69
0
 70
0
 71
0
 72
0
 73
0
 74
0
 75
0
 76
0
 77
1
 78
8
 79
3
170
0
171
3
172
1
173
0
174
0
175
0
176
0
177
0
178
0
179
2
271
2
272
2
273
2
274
3
275
0
276
0
277
2
278
44
279
0
280
0
281
0
282
0
283
0
284
8
285
0
286
0
288
0
289
3
290
0
371
-2
372
-2
  0
ENDTAB
  0
TABLE
  2
BLOCK_RECORD
  5
9
330
0
100
AcDbSymbolTable
 70
19
  0
BLOCK_RECORD
  5
17
330
9
100
AcDbSymbolTableRecord
100
AcDbBlockTableRecord
  2
*Model_Space
340
1A
 70
0
280
1
281
0
  0
BLOCK_RECORD
  5
1B
330
9
100
AcDbSymbolTableRecord
100
AcDbBlockTableRecord
  2
*Paper_Space
340
1E
 70
0
280
1
281
0
  0
BLOCK_RECORD
  5
456
330
9
100
AcDbSymbolTableRecord
100
AcDbBlockTableRecord
  2
*D1
340
0
 70
0
280
1
281
0
  0
BLOCK_RECORD
  5
45B
330
9
100
AcDbSymbolTableRecord
100
AcDbBlockTableRecord
  2
_CLOSEDFILLED
340
0
 70
0
280
1
281
0
  0
BLOCK_RECORD
  5
46A
330
9
100
AcDbSymbolTableRecord
100
AcDbBlockTableRecord
  2
*D2
340
0
 70
0
280
1
281
0
  0
BLOCK_RECORD
  5
47B
330
9
100
AcDbSymbolTableRecord
100
AcDbBlockTableRecord
  2
*D3
340
0
 70
0
280
1
281
0
  0
BLOCK_RECORD
  5
48B
330
9
100
AcDbSymbolTableRecord
100
AcDbBlockTableRecord
  2
*D4
340
0
 70
0
280
1
281
0
  0
BLOCK_RECORD
  5
49C
330
9
100
AcDbSymbolTableRecord
100
AcDbBlockTableRecord
  2
*D5
340
0
 70
0
280
1
281
0
  0
BLOCK_RECORD
  5
4AC
330
9
100
AcDbSymbolTableRecord
100
AcDbBlockTableRecord
  2
*D6
340
0
 70
0
280
1
281
0
  0
BLOCK_RECORD
  5
4BC
330
9
100
AcDbSymbolTableRecord
100
AcDbBlockTableRecord
  2
*D7
340
0
 70
0
280
1
281
0
  0
BLOCK_RECORD
  5
4DA
330
9
100
AcDbSymbolTableRecord
100
AcDbBlockTableRecord
  2
*D8
340
0
 70
0
280
1
281
0
  0
BLOCK_RECORD
  5
4EA
330
9
100
AcDbSymbolTableRecord
100
AcDbBlockTableRecord
  2
*D9
340
0
 70
0
280
1
281
0
  0
BLOCK_RECORD
  5
4FA
330
9
100
AcDbSymbolTableRecord
100
AcDbBlockTableRecord
  2
*D10
340
0
 70
0
280
1
281
0
  0
BLOCK_RECORD
  5
50A
330
9
100
AcDbSymbolTableRecord
100
AcDbBlockTableRecord
  2
*D11
340
0
 70
0
280
1
281
0
  0
BLOCK_RECORD
  5
51A
330
9
100
AcDbSymbolTableRecord
100
AcDbBlockTableRecord
  2
*D12
340
0
 70
0
280
1
281
0
  0
BLOCK_RECORD
  5
52A
330
9
100
AcDbSymbolTableRecord
100
AcDbBlockTableRecord
  2
*D13
340
0
 70
0
280
1
281
0
  0
BLOCK_RECORD
  5
53A
330
9
100
AcDbSymbolTableRecord
100
AcDbBlockTableRecord
  2
*D14
340
0
 70
0
280
1
281
0
  0
BLOCK_RECORD
  5
54A
330
9
100
AcDbSymbolTableRecord
100
AcDbBlockTableRecord
  2
*D15
340
0
 70
0
280
1
281
0
  0
BLOCK_RECORD
  5
55A
330
9
100
AcDbSymbolTableRecord
100
AcDbBlockTableRecord
  2
*D16
340
0
 70
0
280
1
281
0
  0
ENDTAB
  0
ENDSEC
  0
SECTION
  2
BLOCKS
  0
BLOCK
  5
18
330
17
100
AcDbEntity
  8
0
100
AcDbBlockBegin
  2
*Model_Space
 70
0
 10
0.0
 20
0.0
 30
0.0
  3
*Model_Space
  1

  0
ENDBLK
  5
19
330
17
100
AcDbEntity
  8
0
100
AcDbBlockEnd
  0
BLOCK
  5
1C
330
1B
100
AcDbEntity
  8
0
100
AcDbBlockBegin
  2
*Paper_Space
 70
0
 10
0.0
 20
0.0
 30
0.0
  3
*Paper_Space
  1

  0
ENDBLK
  5
1D
330
1B
100
AcDbEntity
  8
0
100
AcDbBlockEnd
  0
BLOCK
  5
457
330
456
100
AcDbEntity
  8
0
100
AcDbBlockBegin
  2
*D1
 70
1
 10
0.0
 20
0.0
 30
0.0
  3
*D1
  1

  0
LINE
  5
459
330
456
100
AcDbEntity
  8
0
100
AcDbLine
 10
94.0
 20
0.0
 30
0.0
 11
94.0
 21
1.35
 31
0.0
  0
LINE
  5
45A
330
456
100
AcDbEntity
  8
0
100
AcDbLine
 10
102.0
 20
0.0
 30
0.0
 11
102.0
 21
1.35
 31
0.0
  0
INSERT
  5
45F
330
456
100
AcDbEntity
  8
COTAS
100
AcDbBlockReference
  2
_CLOSEDFILLED
 10
94.0
 20
1.35
 30
0.0
 41
0.09
 42
0.09
 50
180.0
  0
INSERT
  5
461
330
456
100
AcDbEntity
  8
COTAS
100
AcDbBlockReference
  2
_CLOSEDFILLED
 10
102.0
 20
1.35
 30
0.0
 41
0.09
 42
0.09
  0
LINE
  5
463
330
456
100
AcDbEntity
  8
0
100
AcDbLine
 10
94.09
 20
1.35
 30
0.0
 11
97.935
 21
1.35
 31
0.0
  0
LINE
  5
464
330
456
100
AcDbEntity
  8
0
100
AcDbLine
 10
98.065
 20
1.35
 30
0.0
 11
101.91
 21
1.35
 31
0.0
  0
MTEXT
  5
465
330
456
100
AcDbEntity
  8
COTAS
100
AcDbMText
 10
98.0
 20
1.35
 30
0.0
 40
0.13
 71
5
  1
8
  0
POINT
  5
466
330
456
100
AcDbEntity
  8
Defpoints
100
AcDbPoint
 10
94.0
 20
1.35
 30
0.0
  0
POINT
  5
467
330
456
100
AcDbEntity
  8
Defpoints
100
AcDbPoint
 10
94.0
 20
0.0
 30
0.0
  0
POINT
  5
468
330
456
100
AcDbEntity
  8
Defpoints
100
AcDbPoint
 10
102.0
 20
0.0
 30
0.0
  0
ENDBLK
  5
458
330
456
100
AcDbEntity
  8
0
100
AcDbBlockEnd
  0
BLOCK
  5
45C
330
45B
100
AcDbEntity
  8
0
100
AcDbBlockBegin
  2
_CLOSEDFILLED
 70
0
 10
0.0
 20
0.0
 30
0.0
  3
_CLOSEDFILLED
  1

  0
SOLID
  5
45E
330
45B
100
AcDbEntity
  8
0
  6
BYBLOCK
 62
0
100
AcDbTrace
 10
-1.0
 20
0.16439898372402537
 30
0.0
 11
0.0
 21
0.0
 31
0.0
 12
-1.0
 22
-0.16439898372402537
 32
0.0
 13
-1.0
 23
-0.16439898372402537
 33
0.0
  0
ENDBLK
  5
45D
330
45B
100
AcDbEntity
  8
0
100
AcDbBlockEnd
  0
BLOCK
  5
46B
330
46A
100
AcDbEntity
  8
0
100
AcDbBlockBegin
  2
*D2
 70
1
 10
0.0
 20
0.0
 30
0.0
  3
*D2
  1

  0
LINE
  5
46D
330
46A
100
AcDbEntity
  8
0
100
AcDbLine
 10
94.0
 20
0.0
 30
0.0
 11
94.0
 21
0.7
 31
0.0
  0
LINE
  5
46E
330
46A
100
AcDbEntity
  8
0
100
AcDbLine
 10
94.2
 20
0.0
 30
0.0
 11
94.2
 21
0.7
 31
0.0
  0
INSERT
  5
46F
330
46A
100
AcDbEntity
  8
COTAS
100
AcDbBlockReference
  2
_CLOSEDFILLED
 10
94.0
 20
0.7
 30
0.0
 41
0.09
 42
0.09
  0
INSERT
  5
471
330
46A
100
AcDbEntity
  8
COTAS
100
AcDbBlockReference
  2
_CLOSEDFILLED
 10
94.2
 20
0.7
 30
0.0
 41
0.09
 42
0.09
 50
180.0
  0
LINE
  5
473
330
46A
100
AcDbEntity
  8
0
100
AcDbLine
 10
93.91
 20
0.7
 30
0.0
 11
93.82
 21
0.7
 31
0.0
  0
LINE
  5
474
330
46A
100
AcDbEntity
  8
0
100
AcDbLine
 10
94.29
 20
0.7
 30
0.0
 11
94.38000000000001
 21
0.7
 31
0.0
  0
LINE
  5
475
330
46A
100
AcDbEntity
  8
0
100
AcDbLine
 10
94.0
 20
0.7
 30
0.0
 11
94.2
 21
0.7
 31
0.0
  0
MTEXT
  5
476
330
46A
100
AcDbEntity
  8
COTAS
100
AcDbMText
 10
94.1
 20
1.39
 30
0.0
 40
0.13
 71
5
  1
0,2
  0
POINT
  5
477
330
46A
100
AcDbEntity
  8
Defpoints
100
AcDbPoint
 10
94.0
 20
0.7
 30
0.0
  0
POINT
  5
478
330
46A
100
AcDbEntity
  8
Defpoints
100
AcDbPoint
 10
94.0
 20
0.0
 30
0.0
  0
POINT
  5
479
330
46A
100
AcDbEntity
  8
Defpoints
100
AcDbPoint
 10
94.2
 20
0.0
 30
0.0
  0
ENDBLK
  5
46C
330
46A
100
AcDbEntity
  8
0
100
AcDbBlockEnd
  0
BLOCK
  5
47C
330
47B
100
AcDbEntity
  8
0
100
AcDbBlockBegin
  2
*D3
 70
1
 10
0.0
 20
0.0
 30
0.0
  3
*D3
  1

  0
LINE
  5
47E
330
47B
100
AcDbEntity
  8
0
100
AcDbLine
 10
94.2
 20
0.0
 30
0.0
 11
94.2
 21
0.7
 31
0.0
  0
LINE
  5
47F
330
47B
100
AcDbEntity
  8
0
100
AcDbLine
 10
101.8
 20
0.0
 30
0.0
 11
101.8
 21
0.7
 31
0.0
  0
INSERT
  5
480
330
47B
100
AcDbEntity
  8
COTAS
100
AcDbBlockReference
  2
_CLOSEDFILLED
 10
94.2
 20
0.7
 30
0.0
 41
0.09
 42
0.09
 50
180.0
  0
INSERT
  5
482
330
47B
100
AcDbEntity
  8
COTAS
100
AcDbBlockReference
  2
_CLOSEDFILLED
 10
101.8
 20
0.7
 30
0.0
 41
0.09
 42
0.09
  0
LINE
  5
484
330
47B
100
AcDbEntity
  8
0
100
AcDbLine
 10
94.29
 20
0.7
 30
0.0
 11
97.805
 21
0.7
 31
0.0
  0
LINE
  5
485
330
47B
100
AcDbEntity
  8
0
100
AcDbLine
 10
98.195
 20
0.7
 30
0.0
 11
101.71
 21
0.7
 31
0.0
  0
MTEXT
  5
486
330
47B
100
AcDbEntity
  8
COTAS
100
AcDbMText
 10
98.0
 20
0.7
 30
0.0
 40
0.13
 71
5
  1
7,6
  0
POINT
  5
487
330
47B
100
AcDbEntity
  8
Defpoints
100
AcDbPoint
 10
94.2
 20
0.7
 30
0.0
  0
POINT
  5
488
330
47B
100
AcDbEntity
  8
Defpoints
100
AcDbPoint
 10
94.2
 20
0.0
 30
0.0
  0
POINT
  5
489
330
47B
100
AcDbEntity
  8
Defpoints
100
AcDbPoint
 10
101.8
 20
0.0
 30
0.0
  0
ENDBLK
  5
47D
330
47B
100
AcDbEntity
  8
0
100
AcDbBlockEnd
  0
BLOCK
  5
48C
330
48B
100
AcDbEntity
  8
0
100
AcDbBlockBegin
  2
*D4
 70
1
 10
0.0
 20
0.0
 30
0.0
  3
*D4
  1

  0
LINE
  5
48E
330
48B
100
AcDbEntity
  8
0
100
AcDbLine
 10
101.8
 20
0.0
 30
0.0
 11
101.8
 21
0.7
 31
0.0
  0
LINE
  5
48F
330
48B
100
AcDbEntity
  8
0
100
AcDbLine
 10
102.0
 20
0.0
 30
0.0
 11
102.0
 21
0.7
 31
0.0
  0
INSERT
  5
490
330
48B
100
AcDbEntity
  8
COTAS
100
AcDbBlockReference
  2
_CLOSEDFILLED
 10
101.8
 20
0.7
 30
0.0
 41
0.09
 42
0.09
  0
INSERT
  5
492
330
48B
100
AcDbEntity
  8
COTAS
100
AcDbBlockReference
  2
_CLOSEDFILLED
 10
102.0
 20
0.7
 30
0.0
 41
0.09
 42
0.09
 50
180.0
  0
LINE
  5
494
330
48B
100
AcDbEntity
  8
0
100
AcDbLine
 10
101.71
 20
0.7
 30
0.0
 11
101.61999999999999
 21
0.7
 31
0.0
  0
LINE
  5
495
330
48B
100
AcDbEntity
  8
0
100
AcDbLine
 10
102.09
 20
0.7
 30
0.0
 11
102.18
 21
0.7
 31
0.0
  0
LINE
  5
496
330
48B
100
AcDbEntity
  8
0
100
AcDbLine
 10
101.8
 20
0.7
 30
0.0
 11
102.0
 21
0.7
 31
0.0
  0
MTEXT
  5
497
330
48B
100
AcDbEntity
  8
COTAS
100
AcDbMText
 10
101.9
 20
1.39
 30
0.0
 40
0.13
 71
5
  1
0,2
  0
POINT
  5
498
330
48B
100
AcDbEntity
  8
Defpoints
100
AcDbPoint
 10
101.8
 20
0.7
 30
0.0
  0
POINT
  5
499
330
48B
100
AcDbEntity
  8
Defpoints
100
AcDbPoint
 10
101.8
 20
0.0
 30
0.0
  0
POINT
  5
49A
330
48B
100
AcDbEntity
  8
Defpoints
100
AcDbPoint
 10
102.0
 20
0.0
 30
0.0
  0
ENDBLK
  5
48D
330
48B
100
AcDbEntity
  8
0
100
AcDbBlockEnd
  0
BLOCK
  5
49D
330
49C
100
AcDbEntity
  8
0
100
AcDbBlockBegin
  2
*D5
 70
1
 10
0.0
 20
0.0
 30
0.0
  3
*D5
  1

  0
LINE
  5
49F
330
49C
100
AcDbEntity
  8
0
100
AcDbLine
 10
102.0
 20
0.0
 30
0.0
 11
103.05
 21
0.0
 31
0.0
  0
LINE
  5
4A0
330
49C
100
AcDbEntity
  8
0
100
AcDbLine
 10
102.0
 20
-12.0
 30
0.0
 11
103.05
 21
-12.0
 31
0.0
  0
INSERT
  5
4A1
330
49C
100
AcDbEntity
  8
COTAS
100
AcDbBlockReference
  2
_CLOSEDFILLED
 10
103.05
 20
0.0
 30
0.0
 41
0.09
 42
0.09
 50
270.0
  0
INSERT
  5
4A3
330
49C
100
AcDbEntity
  8
COTAS
100
AcDbBlockReference
  2
_CLOSEDFILLED
 10
103.05
 20
-12.0
 30
0.0
 41
0.09
 42
0.09
 50
90.0
  0
LINE
  5
4A5
330
49C
100
AcDbEntity
  8
0
100
AcDbLine
 10
103.05
 20
0.09
 30
0.0
 11
103.05
 21
-5.87
 31
0.0
  0
LINE
  5
4A6
330
49C
100
AcDbEntity
  8
0
100
AcDbLine
 10
103.05
 20
-6.130000000000001
 30
0.0
 11
103.05
 21
-12.09
 31
0.0
  0
MTEXT
  5
4A7
330
49C
100
AcDbEntity
  8
COTAS
100
AcDbMText
 10
103.05
 20
-6.0
 30
0.0
 40
0.13
 71
5
  1
12
 50
90.0
  0
POINT
  5
4A8
330
49C
100
AcDbEntity
  8
Defpoints
100
AcDbPoint
 10
103.05
 20
0.0
 30
0.0
  0
POINT
  5
4A9
330
49C
100
AcDbEntity
  8
Defpoints
100
AcDbPoint
 10
102.0
 20
0.0
 30
0.0
  0
POINT
  5
4AA
330
49C
100
AcDbEntity
  8
Defpoints
100
AcDbPoint
 10
102.0
 20
-12.0
 30
0.0
  0
ENDBLK
  5
49E
330
49C
100
AcDbEntity
  8
0
100
AcDbBlockEnd
  0
BLOCK
  5
4AD
330
4AC
100
AcDbEntity
  8
0
100
AcDbBlockBegin
  2
*D6
 70
1
 10
0.0
 20
0.0
 30
0.0
  3
*D6
  1

  0
LINE
  5
4AF
330
4AC
100
AcDbEntity
  8
0
100
AcDbLine
 10
102.0
 20
0.0
 30
0.0
 11
102.55
 21
0.0
 31
0.0
  0
LINE
  5
4B0
330
4AC
100
AcDbEntity
  8
0
100
AcDbLine
 10
102.0
 20
-6.0
 30
0.0
 11
102.55
 21
-6.0
 31
0.0
  0
INSERT
  5
4B1
330
4AC
100
AcDbEntity
  8
COTAS
100
AcDbBlockReference
  2
_CLOSEDFILLED
 10
102.55
 20
0.0
 30
0.0
 41
0.09
 42
0.09
 50
270.0
  0
INSERT
  5
4B3
330
4AC
100
AcDbEntity
  8
COTAS
100
AcDbBlockReference
  2
_CLOSEDFILLED
 10
102.55
 20
-6.0
 30
0.0
 41
0.09
 42
0.09
 50
90.0
  0
LINE
  5
4B5
330
4AC
100
AcDbEntity
  8
0
100
AcDbLine
 10
102.55
 20
0.09
 30
0.0
 11
102.55
 21
-2.935
 31
0.0
  0
LINE
  5
4B6
330
4AC
100
AcDbEntity
  8
0
100
AcDbLine
 10
102.55
 20
-3.065
 30
0.0
 11
102.55
 21
-6.09
 31
0.0
  0
MTEXT
  5
4B7
330
4AC
100
AcDbEntity
  8
COTAS
100
AcDbMText
 10
102.55
 20
-3.0
 30
0.0
 40
0.13
 71
5
  1
6
 50
90.0
  0
POINT
  5
4B8
330
4AC
100
AcDbEntity
  8
Defpoints
100
AcDbPoint
 10
102.55
 20
0.0
 30
0.0
  0
POINT
  5
4B9
330
4AC
100
AcDbEntity
  8
Defpoints
100
AcDbPoint
 10
102.0
 20
0.0
 30
0.0
  0
POINT
  5
4BA
330
4AC
100
AcDbEntity
  8
Defpoints
100
AcDbPoint
 10
102.0
 20
-6.0
 30
0.0
  0
ENDBLK
  5
4AE
330
4AC
100
AcDbEntity
  8
0
100
AcDbBlockEnd
  0
BLOCK
  5
4BD
330
4BC
100
AcDbEntity
  8
0
100
AcDbBlockBegin
  2
*D7
 70
1
 10
0.0
 20
0.0
 30
0.0
  3
*D7
  1

  0
LINE
  5
4BF
330
4BC
100
AcDbEntity
  8
0
100
AcDbLine
 10
102.0
 20
-6.0
 30
0.0
 11
102.55
 21
-6.0
 31
0.0
  0
LINE
  5
4C0
330
4BC
100
AcDbEntity
  8
0
100
AcDbLine
 10
102.0
 20
-12.0
 30
0.0
 11
102.55
 21
-12.0
 31
0.0
  0
INSERT
  5
4C1
330
4BC
100
AcDbEntity
  8
COTAS
100
AcDbBlockReference
  2
_CLOSEDFILLED
 10
102.55
 20
-6.0
 30
0.0
 41
0.09
 42
0.09
 50
270.0
  0
INSERT
  5
4C3
330
4BC
100
AcDbEntity
  8
COTAS
100
AcDbBlockReference
  2
_CLOSEDFILLED
 10
102.55
 20
-12.0
 30
0.0
 41
0.09
 42
0.09
 50
90.0
  0
LINE
  5
4C5
330
4BC
100
AcDbEntity
  8
0
100
AcDbLine
 10
102.55
 20
-5.91
 30
0.0
 11
102.55
 21
-8.935
 31
0.0
  0
LINE
  5
4C6
330
4BC
100
AcDbEntity
  8
0
100
AcDbLine
 10
102.55
 20
-9.065
 30
0.0
 11
102.55
 21
-12.09
 31
0.0
  0
MTEXT
  5
4C7
330
4BC
100
AcDbEntity
  8
COTAS
100
AcDbMText
 10
102.55
 20
-9.0
 30
0.0
 40
0.13
 71
5
  1
6
 50
90.0
  0
POINT
  5
4C8
330
4BC
100
AcDbEntity
  8
Defpoints
100
AcDbPoint
 10
102.55
 20
-6.0
 30
0.0
  0
POINT
  5
4C9
330
4BC
100
AcDbEntity
  8
Defpoints
100
AcDbPoint
 10
102.0
 20
-6.0
 30
0.0
  0
POINT
  5
4CA
330
4BC
100
AcDbEntity
  8
Defpoints
100
AcDbPoint
 10
102.0
 20
-12.0
 30
0.0
  0
ENDBLK
  5
4BE
330
4BC
100
AcDbEntity
  8
0
100
AcDbBlockEnd
  0
BLOCK
  5
4DB
330
4DA
100
AcDbEntity
  8
0
100
AcDbBlockBegin
  2
*D8
 70
1
 10
0.0
 20
0.0
 30
0.0
  3
*D8
  1

  0
LINE
  5
4DD
330
4DA
100
AcDbEntity
  8
0
100
AcDbLine
 10
94.2
 20
-3.55
 30
0.0
 11
94.2
 21
-3.55
 31
0.0
  0
LINE
  5
4DE
330
4DA
100
AcDbEntity
  8
0
100
AcDbLine
 10
99.25
 20
-3.55
 30
0.0
 11
99.25
 21
-3.55
 31
0.0
  0
INSERT
  5
4DF
330
4DA
100
AcDbEntity
  8
COTAS
100
AcDbBlockReference
  2
_CLOSEDFILLED
 10
94.2
 20
-3.55
 30
0.0
 41
0.09
 42
0.09
 50
180.0
  0
INSERT
  5
4E1
330
4DA
100
AcDbEntity
  8
COTAS
100
AcDbBlockReference
  2
_CLOSEDFILLED
 10
99.25
 20
-3.55
 30
0.0
 41
0.09
 42
0.09
  0
LINE
  5
4E3
330
4DA
100
AcDbEntity
  8
0
100
AcDbLine
 10
94.29
 20
-3.55
 30
0.0
 11
96.46499999999999
 21
-3.55
 31
0.0
  0
LINE
  5
4E4
330
4DA
100
AcDbEntity
  8
0
100
AcDbLine
 10
96.985
 20
-3.55
 30
0.0
 11
99.16
 21
-3.55
 31
0.0
  0
MTEXT
  5
4E5
330
4DA
100
AcDbEntity
  8
COTAS
100
AcDbMText
 10
96.725
 20
-3.55
 30
0.0
 40
0.13
 71
5
  1
5,05
  0
POINT
  5
4E6
330
4DA
100
AcDbEntity
  8
Defpoints
100
AcDbPoint
 10
94.2
 20
-3.55
 30
0.0
  0
POINT
  5
4E7
330
4DA
100
AcDbEntity
  8
Defpoints
100
AcDbPoint
 10
94.2
 20
-3.55
 30
0.0
  0
POINT
  5
4E8
330
4DA
100
AcDbEntity
  8
Defpoints
100
AcDbPoint
 10
99.25
 20
-3.55
 30
0.0
  0
ENDBLK
  5
4DC
330
4DA
100
AcDbEntity
  8
0
100
AcDbBlockEnd
  0
BLOCK
  5
4EB
330
4EA
100
AcDbEntity
  8
0
100
AcDbBlockBegin
  2
*D9
 70
1
 10
0.0
 20
0.0
 30
0.0
  3
*D9
  1

  0
LINE
  5
4ED
330
4EA
100
AcDbEntity
  8
0
100
AcDbLine
 10
99.39
 20
-3.55
 30
0.0
 11
99.39
 21
-3.55
 31
0.0
  0
LINE
  5
4EE
330
4EA
100
AcDbEntity
  8
0
100
AcDbLine
 10
101.8
 20
-3.55
 30
0.0
 11
101.8
 21
-3.55
 31
0.0
  0
INSERT
  5
4EF
330
4EA
100
AcDbEntity
  8
COTAS
100
AcDbBlockReference
  2
_CLOSEDFILLED
 10
99.39
 20
-3.55
 30
0.0
 41
0.09
 42
0.09
 50
180.0
  0
INSERT
  5
4F1
330
4EA
100
AcDbEntity
  8
COTAS
100
AcDbBlockReference
  2
_CLOSEDFILLED
 10
101.8
 20
-3.55
 30
0.0
 41
0.09
 42
0.09
  0
LINE
  5
4F3
330
4EA
100
AcDbEntity
  8
0
100
AcDbLine
 10
99.48
 20
-3.55
 30
0.0
 11
100.335
 21
-3.55
 31
0.0
  0
LINE
  5
4F4
330
4EA
100
AcDbEntity
  8
0
100
AcDbLine
 10
100.855
 20
-3.55
 30
0.0
 11
101.71
 21
-3.55
 31
0.0
  0
MTEXT
  5
4F5
330
4EA
100
AcDbEntity
  8
COTAS
100
AcDbMText
 10
100.595
 20
-3.55
 30
0.0
 40
0.13
 71
5
  1
2,41
  0
POINT
  5
4F6
330
4EA
100
AcDbEntity
  8
Defpoints
100
AcDbPoint
 10
99.39
 20
-3.55
 30
0.0
  0
POINT
  5
4F7
330
4EA
100
AcDbEntity
  8
Defpoints
100
AcDbPoint
 10
99.39
 20
-3.55
 30
0.0
  0
POINT
  5
4F8
330
4EA
100
AcDbEntity
  8
Defpoints
100
AcDbPoint
 10
101.8
 20
-3.55
 30
0.0
  0
ENDBLK
  5
4EC
330
4EA
100
AcDbEntity
  8
0
100
AcDbBlockEnd
  0
BLOCK
  5
4FB
330
4FA
100
AcDbEntity
  8
0
100
AcDbBlockBegin
  2
*D10
 70
1
 10
0.0
 20
0.0
 30
0.0
  3
*D10
  1

  0
LINE
  5
4FD
330
4FA
100
AcDbEntity
  8
0
100
AcDbLine
 10
102.0
 20
-0.2
 30
0.0
 11
103.55
 21
-0.2
 31
0.0
  0
LINE
  5
4FE
330
4FA
100
AcDbEntity
  8
0
100
AcDbLine
 10
102.0
 20
-5.9
 30
0.0
 11
103.55
 21
-5.9
 31
0.0
  0
INSERT
  5
4FF
330
4FA
100
AcDbEntity
  8
COTAS
100
AcDbBlockReference
  2
_CLOSEDFILLED
 10
103.55
 20
-0.2
 30
0.0
 41
0.09
 42
0.09
 50
270.0
  0
INSERT
  5
501
330
4FA
100
AcDbEntity
  8
COTAS
100
AcDbBlockReference
  2
_CLOSEDFILLED
 10
103.55
 20
-5.9
 30
0.0
 41
0.09
 42
0.09
 50
90.0
  0
LINE
  5
503
330
4FA
100
AcDbEntity
  8
0
100
AcDbLine
 10
103.55
 20
-0.11000000000000001
 30
0.0
 11
103.55
 21
-2.8550000000000004
 31
0.0
  0
LINE
  5
504
330
4FA
100
AcDbEntity
  8
0
100
AcDbLine
 10
103.55
 20
-3.2449999999999997
 30
0.0
 11
103.55
 21
-5.99
 31
0.0
  0
MTEXT
  5
505
330
4FA
100
AcDbEntity
  8
COTAS
100
AcDbMText
 10
103.55
 20
-3.0500000000000003
 30
0.0
 40
0.13
 71
5
  1
5,7
 50
90.0
  0
POINT
  5
506
330
4FA
100
AcDbEntity
  8
Defpoints
100
AcDbPoint
 10
103.55
 20
-0.2
 30
0.0
  0
POINT
  5
507
330
4FA
100
AcDbEntity
  8
Defpoints
100
AcDbPoint
 10
102.0
 20
-0.2
 30
0.0
  0
POINT
  5
508
330
4FA
100
AcDbEntity
  8
Defpoints
100
AcDbPoint
 10
102.0
 20
-5.9
 30
0.0
  0
ENDBLK
  5
4FC
330
4FA
100
AcDbEntity
  8
0
100
AcDbBlockEnd
  0
BLOCK
  5
50B
330
50A
100
AcDbEntity
  8
0
100
AcDbBlockBegin
  2
*D11
 70
1
 10
0.0
 20
0.0
 30
0.0
  3
*D11
  1

  0
LINE
  5
50D
330
50A
100
AcDbEntity
  8
0
100
AcDbLine
 10
101.8
 20
-0.26
 30
0.0
 11
102.75
 21
-0.26
 31
0.0
  0
LINE
  5
50E
330
50A
100
AcDbEntity
  8
0
100
AcDbLine
 10
101.8
 20
-1.81
 30
0.0
 11
102.75
 21
-1.81
 31
0.0
  0
INSERT
  5
50F
330
50A
100
AcDbEntity
  8
COTAS
100
AcDbBlockReference
  2
_CLOSEDFILLED
 10
102.75
 20
-0.26
 30
0.0
 41
0.09
 42
0.09
 50
270.0
  0
INSERT
  5
511
330
50A
100
AcDbEntity
  8
COTAS
100
AcDbBlockReference
  2
_CLOSEDFILLED
 10
102.75
 20
-1.81
 30
0.0
 41
0.09
 42
0.09
 50
90.0
  0
LINE
  5
513
330
50A
100
AcDbEntity
  8
0
100
AcDbLine
 10
102.75
 20
-0.17
 30
0.0
 11
102.75
 21
-0.7750000000000002
 31
0.0
  0
LINE
  5
514
330
50A
100
AcDbEntity
  8
0
100
AcDbLine
 10
102.75
 20
-1.2950000000000002
 30
0.0
 11
102.75
 21
-1.9000000000000001
 31
0.0
  0
MTEXT
  5
515
330
50A
100
AcDbEntity
  8
COTAS
100
AcDbMText
 10
102.75
 20
-1.0350000000000001
 30
0.0
 40
0.13
 71
5
  1
1,55
 50
90.0
  0
POINT
  5
516
330
50A
100
AcDbEntity
  8
Defpoints
100
AcDbPoint
 10
102.75
 20
-0.26
 30
0.0
  0
POINT
  5
517
330
50A
100
AcDbEntity
  8
Defpoints
100
AcDbPoint
 10
101.8
 20
-0.26
 30
0.0
  0
POINT
  5
518
330
50A
100
AcDbEntity
  8
Defpoints
100
AcDbPoint
 10
101.8
 20
-1.81
 30
0.0
  0
ENDBLK
  5
50C
330
50A
100
AcDbEntity
  8
0
100
AcDbBlockEnd
  0
BLOCK
  5
51B
330
51A
100
AcDbEntity
  8
0
100
AcDbBlockBegin
  2
*D12
 70
1
 10
0.0
 20
0.0
 30
0.0
  3
*D12
  1

  0
LINE
  5
51D
330
51A
100
AcDbEntity
  8
0
100
AcDbLine
 10
94.0
 20
-6.1
 30
0.0
 11
94.0
 21
-6.6
 31
0.0
  0
LINE
  5
51E
330
51A
100
AcDbEntity
  8
0
100
AcDbLine
 10
96.75
 20
-6.1
 30
0.0
 11
96.75
 21
-6.6
 31
0.0
  0
INSERT
  5
51F
330
51A
100
AcDbEntity
  8
COTAS
100
AcDbBlockReference
  2
_CLOSEDFILLED
 10
94.0
 20
-6.6
 30
0.0
 41
0.09
 42
0.09
 50
180.0
  0
INSERT
  5
521
330
51A
100
AcDbEntity
  8
COTAS
100
AcDbBlockReference
  2
_CLOSEDFILLED
 10
96.75
 20
-6.6
 30
0.0
 41
0.09
 42
0.09
  0
LINE
  5
523
330
51A
100
AcDbEntity
  8
0
100
AcDbLine
 10
94.09
 20
-6.6
 30
0.0
 11
95.115
 21
-6.6
 31
0.0
  0
LINE
  5
524
330
51A
100
AcDbEntity
  8
0
100
AcDbLine
 10
95.635
 20
-6.6
 30
0.0
 11
96.66
 21
-6.6
 31
0.0
  0
MTEXT
  5
525
330
51A
100
AcDbEntity
  8
COTAS
100
AcDbMText
 10
95.375
 20
-6.6
 30
0.0
 40
0.13
 71
5
  1
2,75
  0
POINT
  5
526
330
51A
100
AcDbEntity
  8
Defpoints
100
AcDbPoint
 10
94.0
 20
-6.6
 30
0.0
  0
POINT
  5
527
330
51A
100
AcDbEntity
  8
Defpoints
100
AcDbPoint
 10
94.0
 20
-6.1
 30
0.0
  0
POINT
  5
528
330
51A
100
AcDbEntity
  8
Defpoints
100
AcDbPoint
 10
96.75
 20
-6.1
 30
0.0
  0
ENDBLK
  5
51C
330
51A
100
AcDbEntity
  8
0
100
AcDbBlockEnd
  0
BLOCK
  5
52B
330
52A
100
AcDbEntity
  8
0
100
AcDbBlockBegin
  2
*D13
 70
1
 10
0.0
 20
0.0
 30
0.0
  3
*D13
  1

  0
LINE
  5
52D
330
52A
100
AcDbEntity
  8
0
100
AcDbLine
 10
96.75
 20
-6.1
 30
0.0
 11
96.75
 21
-6.6
 31
0.0
  0
LINE
  5
52E
330
52A
100
AcDbEntity
  8
0
100
AcDbLine
 10
99.25
 20
-6.1
 30
0.0
 11
99.25
 21
-6.6
 31
0.0
  0
INSERT
  5
52F
330
52A
100
AcDbEntity
  8
COTAS
100
AcDbBlockReference
  2
_CLOSEDFILLED
 10
96.75
 20
-6.6
 30
0.0
 41
0.09
 42
0.09
 50
180.0
  0
INSERT
  5
531
330
52A
100
AcDbEntity
  8
COTAS
100
AcDbBlockReference
  2
_CLOSEDFILLED
 10
99.25
 20
-6.6
 30
0.0
 41
0.09
 42
0.09
  0
LINE
  5
533
330
52A
100
AcDbEntity
  8
0
100
AcDbLine
 10
96.84
 20
-6.6
 30
0.0
 11
97.805
 21
-6.6
 31
0.0
  0
LINE
  5
534
330
52A
100
AcDbEntity
  8
0
100
AcDbLine
 10
98.195
 20
-6.6
 30
0.0
 11
99.16
 21
-6.6
 31
0.0
  0
MTEXT
  5
535
330
52A
100
AcDbEntity
  8
COTAS
100
AcDbMText
 10
98.0
 20
-6.6
 30
0.0
 40
0.13
 71
5
  1
2,5
  0
POINT
  5
536
330
52A
100
AcDbEntity
  8
Defpoints
100
AcDbPoint
 10
96.75
 20
-6.6
 30
0.0
  0
POINT
  5
537
330
52A
100
AcDbEntity
  8
Defpoints
100
AcDbPoint
 10
96.75
 20
-6.1
 30
0.0
  0
POINT
  5
538
330
52A
100
AcDbEntity
  8
Defpoints
100
AcDbPoint
 10
99.25
 20
-6.1
 30
0.0
  0
ENDBLK
  5
52C
330
52A
100
AcDbEntity
  8
0
100
AcDbBlockEnd
  0
BLOCK
  5
53B
330
53A
100
AcDbEntity
  8
0
100
AcDbBlockBegin
  2
*D14
 70
1
 10
0.0
 20
0.0
 30
0.0
  3
*D14
  1

  0
LINE
  5
53D
330
53A
100
AcDbEntity
  8
0
100
AcDbLine
 10
99.25
 20
-6.1
 30
0.0
 11
99.25
 21
-6.6
 31
0.0
  0
LINE
  5
53E
330
53A
100
AcDbEntity
  8
0
100
AcDbLine
 10
102.0
 20
-6.1
 30
0.0
 11
102.0
 21
-6.6
 31
0.0
  0
INSERT
  5
53F
330
53A
100
AcDbEntity
  8
COTAS
100
AcDbBlockReference
  2
_CLOSEDFILLED
 10
99.25
 20
-6.6
 30
0.0
 41
0.09
 42
0.09
 50
180.0
  0
INSERT
  5
541
330
53A
100
AcDbEntity
  8
COTAS
100
AcDbBlockReference
  2
_CLOSEDFILLED
 10
102.0
 20
-6.6
 30
0.0
 41
0.09
 42
0.09
  0
LINE
  5
543
330
53A
100
AcDbEntity
  8
0
100
AcDbLine
 10
99.34
 20
-6.6
 30
0.0
 11
100.365
 21
-6.6
 31
0.0
  0
LINE
  5
544
330
53A
100
AcDbEntity
  8
0
100
AcDbLine
 10
100.885
 20
-6.6
 30
0.0
 11
101.91
 21
-6.6
 31
0.0
  0
MTEXT
  5
545
330
53A
100
AcDbEntity
  8
COTAS
100
AcDbMText
 10
100.625
 20
-6.6
 30
0.0
 40
0.13
 71
5
  1
2,75
  0
POINT
  5
546
330
53A
100
AcDbEntity
  8
Defpoints
100
AcDbPoint
 10
99.25
 20
-6.6
 30
0.0
  0
POINT
  5
547
330
53A
100
AcDbEntity
  8
Defpoints
100
AcDbPoint
 10
99.25
 20
-6.1
 30
0.0
  0
POINT
  5
548
330
53A
100
AcDbEntity
  8
Defpoints
100
AcDbPoint
 10
102.0
 20
-6.1
 30
0.0
  0
ENDBLK
  5
53C
330
53A
100
AcDbEntity
  8
0
100
AcDbBlockEnd
  0
BLOCK
  5
54B
330
54A
100
AcDbEntity
  8
0
100
AcDbBlockBegin
  2
*D15
 70
1
 10
0.0
 20
0.0
 30
0.0
  3
*D15
  1

  0
LINE
  5
54D
330
54A
100
AcDbEntity
  8
0
100
AcDbLine
 10
100.7
 20
-12.0
 30
0.0
 11
100.7
 21
-12.55
 31
0.0
  0
LINE
  5
54E
330
54A
100
AcDbEntity
  8
0
100
AcDbLine
 10
101.8
 20
-12.0
 30
0.0
 11
101.8
 21
-12.55
 31
0.0
  0
INSERT
  5
54F
330
54A
100
AcDbEntity
  8
COTAS
100
AcDbBlockReference
  2
_CLOSEDFILLED
 10
100.7
 20
-12.55
 30
0.0
 41
0.09
 42
0.09
 50
180.0
  0
INSERT
  5
551
330
54A
100
AcDbEntity
  8
COTAS
100
AcDbBlockReference
  2
_CLOSEDFILLED
 10
101.8
 20
-12.55
 30
0.0
 41
0.09
 42
0.09
  0
LINE
  5
553
330
54A
100
AcDbEntity
  8
0
100
AcDbLine
 10
100.79
 20
-12.55
 30
0.0
 11
101.055
 21
-12.55
 31
0.0
  0
LINE
  5
554
330
54A
100
AcDbEntity
  8
0
100
AcDbLine
 10
101.445
 20
-12.55
 30
0.0
 11
101.71
 21
-12.55
 31
0.0
  0
MTEXT
  5
555
330
54A
100
AcDbEntity
  8
COTAS
100
AcDbMText
 10
101.25
 20
-12.55
 30
0.0
 40
0.13
 71
5
  1
1,1
  0
POINT
  5
556
330
54A
100
AcDbEntity
  8
Defpoints
100
AcDbPoint
 10
100.7
 20
-12.55
 30
0.0
  0
POINT
  5
557
330
54A
100
AcDbEntity
  8
Defpoints
100
AcDbPoint
 10
100.7
 20
-12.0
 30
0.0
  0
POINT
  5
558
330
54A
100
AcDbEntity
  8
Defpoints
100
AcDbPoint
 10
101.8
 20
-12.0
 30
0.0
  0
ENDBLK
  5
54C
330
54A
100
AcDbEntity
  8
0
100
AcDbBlockEnd
  0
BLOCK
  5
55B
330
55A
100
AcDbEntity
  8
0
100
AcDbBlockBegin
  2
*D16
 70
1
 10
0.0
 20
0.0
 30
0.0
  3
*D16
  1

  0
LINE
  5
55D
330
55A
100
AcDbEntity
  8
0
100
AcDbLine
 10
102.0
 20
-10.17
 30
0.0
 11
103.55
 21
-10.17
 31
0.0
  0
LINE
  5
55E
330
55A
100
AcDbEntity
  8
0
100
AcDbLine
 10
102.0
 20
-11.83
 30
0.0
 11
103.55
 21
-11.83
 31
0.0
  0
INSERT
  5
55F
330
55A
100
AcDbEntity
  8
COTAS
100
AcDbBlockReference
  2
_CLOSEDFILLED
 10
103.55
 20
-10.17
 30
0.0
 41
0.09
 42
0.09
 50
270.0
  0
INSERT
  5
561
330
55A
100
AcDbEntity
  8
COTAS
100
AcDbBlockReference
  2
_CLOSEDFILLED
 10
103.55
 20
-11.83
 30
0.0
 41
0.09
 42
0.09
 50
90.0
  0
LINE
  5
563
330
55A
100
AcDbEntity
  8
0
100
AcDbLine
 10
103.55
 20
-10.08
 30
0.0
 11
103.55
 21
-10.74
 31
0.0
  0
LINE
  5
564
330
55A
100
AcDbEntity
  8
0
100
AcDbLine
 10
103.55
 20
-11.26
 30
0.0
 11
103.55
 21
-11.92
 31
0.0
  0
MTEXT
  5
565
330
55A
100
AcDbEntity
  8
COTAS
100
AcDbMText
 10
103.55
 20
-11.0
 30
0.0
 40
0.13
 71
5
  1
1,66
 50
90.0
  0
POINT
  5
566
330
55A
100
AcDbEntity
  8
Defpoints
100
AcDbPoint
 10
103.55
 20
-10.17
 30
0.0
  0
POINT
  5
567
330
55A
100
AcDbEntity
  8
Defpoints
100
AcDbPoint
 10
102.0
 20
-10.17
 30
0.0
  0
POINT
  5
568
330
55A
100
AcDbEntity
  8
Defpoints
100
AcDbPoint
 10
102.0
 20
-11.83
 30
0.0
  0
ENDBLK
  5
55C
330
55A
100
AcDbEntity
  8
0
100
AcDbBlockEnd
  0
ENDSEC
  0
SECTION
  2
ENTITIES
  0
LWPOLYLINE
  5
35
330
17
100
AcDbEntity
  8
VISTA
100
AcDbPolyline
 90
5
 70
1
 10
101.389999
 20
-1.005
 10
101.599998
 20
-1.005
 10
101.599998
 20
-0.965
 10
101.389999
 20
-0.965
 10
101.389999
 20
-1.005
  0
LWPOLYLINE
  5
36
330
17
100
AcDbEntity
  8
VISTA
100
AcDbPolyline
 90
5
 70
1
 10
101.395
 20
-6.78
 10
101.395
 20
-11.099999
 10
101.445
 20
-11.099999
 10
101.445
 20
-6.78
 10
101.395
 20
-6.78
  0
LWPOLYLINE
  5
37
330
17
100
AcDbEntity
  8
VISTA
100
AcDbPolyline
 90
5
 70
1
 10
94.190001
 20
-11.895
 10
94.190001
 20
-11.945
 10
102.01
 20
-11.945
 10
102.01
 20
-11.895
 10
94.190001
 20
-11.895
  0
LWPOLYLINE
  5
38
330
17
100
AcDbEntity
  8
VISTA
100
AcDbPolyline
 90
5
 70
1
 10
93.068999
 20
-1.323056
 10
93.89150000000001
 20
-1.322556
 10
93.891
 20
-1.288056
 10
93.068663
 20
-1.288355
 10
93.068999
 20
-1.323056
  0
LWPOLYLINE
  5
39
330
17
100
AcDbEntity
  8
VISTA
100
AcDbPolyline
 90
4
 70
1
 10
93.18654951811281
 20
-1.3035301658560983
 10
93.18654951811281
 20
-1.3035301658560938
 10
93.18654951811281
 20
-1.3035301658560967
 10
93.18654951811281
 20
-1.3035301658560983
  0
LWPOLYLINE
  5
3A
330
17
100
AcDbEntity
  8
VISTA
100
AcDbPolyline
 90
5
 70
1
 10
93.187525
 20
-1.303081
 10
93.192474
 20
-1.303081
 10
93.192474
 20
-1.30803
 10
93.187525
 20
-1.30803
 10
93.187525
 20
-1.303081
  0
LWPOLYLINE
  5
3B
330
17
100
AcDbEntity
  8
VISTA
100
AcDbPolyline
 90
5
 70
1
 10
93.770906
 20
-1.302175
 10
93.773381
 20
-1.306461
 10
93.769094
 20
-1.308936
 10
93.76662
 20
-1.30465
 10
93.770906
 20
-1.302175
  0
LWPOLYLINE
  5
3C
330
17
100
AcDbEntity
  8
VISTA
100
AcDbPolyline
 90
9
 70
1
 10
94.0
 20
-12.0
 10
100.5
 20
-12.0
 10
100.5
 20
-10.0
 10
100.700001
 20
-10.0
 10
100.700001
 20
-10.030001
 10
102.0
 20
-10.030001
 10
102.0
 20
-6.0
 10
94.0
 20
-6.0
 10
94.0
 20
-12.0
  0
LWPOLYLINE
  5
3D
330
17
100
AcDbEntity
  8
VISTA
100
AcDbPolyline
 90
5
 70
1
 10
101.799999
 20
-11.83
 10
102.0
 20
-11.83
 10
102.0
 20
-10.17
 10
101.799999
 20
-10.17
 10
101.799999
 20
-11.83
  0
LWPOLYLINE
  5
3E
330
17
100
AcDbEntity
  8
VISTA
100
AcDbPolyline
 90
13
 70
1
 10
100.77
 20
-11.83
 10
100.77
 20
-11.969999
 10
100.700001
 20
-11.969999
 10
100.700001
 20
-12.0
 10
102.0
 20
-12.0
 10
102.0
 20
-11.969999
 10
101.66999799999999
 20
-11.969999
 10
101.66999799999999
 20
-11.83
 10
101.635
 20
-11.83
 10
101.635
 20
-11.975
 10
100.805
 20
-11.975
 10
100.805
 20
-11.83
 10
100.77
 20
-11.83
  0
LWPOLYLINE
  5
3F
330
17
100
AcDbEntity
  8
VISTA
100
AcDbPolyline
 90
5
 70
1
 10
101.290001
 20
-1.045
 10
101.41
 20
-1.045
 10
101.41
 20
-0.925
 10
101.290001
 20
-0.925
 10
101.290001
 20
-1.045
  0
LWPOLYLINE
  5
40
330
17
100
AcDbEntity
  8
VISTA
100
AcDbPolyline
 90
25
 70
1
 10
101.338354
 20
-0.941533
 10
101.35
 20
-0.94
 10
101.361647
 20
-0.941533
 10
101.372499
 20
-0.946029
 10
101.381821
 20
-0.95318
 10
101.388971
 20
-0.9625
 10
101.393467
 20
-0.973353
 10
101.395
 20
-0.985
 10
101.393467
 20
-0.996646
 10
101.388971
 20
-1.0075
 10
101.381821
 20
-1.016819
 10
101.372499
 20
-1.023971
 10
101.361647
 20
-1.028466
 10
101.35
 20
-1.03
 10
101.338354
 20
-1.028466
 10
101.327501
 20
-1.023971
 10
101.31818
 20
-1.016819
 10
101.311029
 20
-1.0075
 10
101.306534
 20
-0.996646
 10
101.305
 20
-0.985
 10
101.306534
 20
-0.973353
 10
101.311029
 20
-0.9625
 10
101.31818
 20
-0.95318
 10
101.327501
 20
-0.946029
 10
101.338354
 20
-0.941533
  0
LWPOLYLINE
  5
41
330
17
100
AcDbEntity
  8
VISTA
100
AcDbPolyline
 90
5
 70
1
 10
101.290001
 20
-1.045
 10
101.41
 20
-1.045
 10
101.41
 20
-0.925
 10
101.290001
 20
-0.925
 10
101.290001
 20
-1.045
  0
LWPOLYLINE
  5
42
330
17
100
AcDbEntity
  8
VISTA
100
AcDbPolyline
 90
25
 70
1
 10
101.338354
 20
-0.941533
 10
101.35
 20
-0.94
 10
101.361647
 20
-0.941533
 10
101.372499
 20
-0.946029
 10
101.381821
 20
-0.95318
 10
101.388971
 20
-0.9625
 10
101.393467
 20
-0.973353
 10
101.395
 20
-0.985
 10
101.393467
 20
-0.996646
 10
101.388971
 20
-1.0075
 10
101.381821
 20
-1.016819
 10
101.372499
 20
-1.023971
 10
101.361647
 20
-1.028466
 10
101.35
 20
-1.03
 10
101.338354
 20
-1.028466
 10
101.327501
 20
-1.023971
 10
101.31818
 20
-1.016819
 10
101.311029
 20
-1.0075
 10
101.306534
 20
-0.996646
 10
101.305
 20
-0.985
 10
101.306534
 20
-0.973353
 10
101.311029
 20
-0.9625
 10
101.31818
 20
-0.95318
 10
101.327501
 20
-0.946029
 10
101.338354
 20
-0.941533
  0
LWPOLYLINE
  5
43
330
17
100
AcDbEntity
  8
VISTA
100
AcDbPolyline
 90
7
 70
1
 10
101.799999
 20
-1.81
 10
101.799999
 20
-1.71
 10
100.9
 20
-1.71
 10
100.9
 20
-0.26
 10
99.389999
 20
-0.26
 10
99.389999
 20
-1.81
 10
101.799999
 20
-1.81
  0
LWPOLYLINE
  5
44
330
17
100
AcDbEntity
  8
VISTA
100
AcDbPolyline
 90
25
 70
1
 10
99.790001
 20
-1.35
 10
99.792046
 20
-1.334471
 10
99.79803799999999
 20
-1.32
 10
99.807573
 20
-1.307573
 10
99.82
 20
-1.298038
 10
99.83447100000001
 20
-1.292044
 10
99.85
 20
-1.29
 10
99.86553
 20
-1.292044
 10
99.880001
 20
-1.298038
 10
99.892427
 20
-1.307573
 10
99.901962
 20
-1.32
 10
99.907955
 20
-1.334471
 10
99.91
 20
-1.35
 10
99.907955
 20
-1.365529
 10
99.901962
 20
-1.38
 10
99.892427
 20
-1.392426
 10
99.880001
 20
-1.401961
 10
99.86553
 20
-1.407956
 10
99.85
 20
-1.41
 10
99.83447100000001
 20
-1.407956
 10
99.82
 20
-1.401961
 10
99.807573
 20
-1.392426
 10
99.79803799999999
 20
-1.38
 10
99.792046
 20
-1.365529
 10
99.790001
 20
-1.35
  0
LWPOLYLINE
  5
45
330
17
100
AcDbEntity
  8
VISTA
100
AcDbPolyline
 90
5
 70
1
 10
100.700001
 20
-11.83
 10
101.799999
 20
-11.83
 10
101.799999
 20
-10.17
 10
100.700001
 20
-10.17
 10
100.700001
 20
-11.83
  0
LWPOLYLINE
  5
46
330
17
100
AcDbEntity
  8
VISTA
100
AcDbPolyline
 90
25
 70
1
 10
101.5
 20
-10.528038
 10
101.514471
 20
-10.522044
 10
101.530001
 20
-10.52
 10
101.54553
 20
-10.522044
 10
101.560001
 20
-10.528038
 10
101.572428
 20
-10.537574
 10
101.581963
 20
-10.55
 10
101.587955
 20
-10.564471
 10
101.59
 20
-10.58
 10
101.587955
 20
-10.595529
 10
101.581963
 20
-10.61
 10
101.572428
 20
-10.622426
 10
101.560001
 20
-10.631962
 10
101.54553
 20
-10.637956
 10
101.530001
 20
-10.64
 10
101.514471
 20
-10.637956
 10
101.5
 20
-10.631962
 10
101.487574
 20
-10.622426
 10
101.478039
 20
-10.61
 10
101.472046
 20
-10.595529
 10
101.470001
 20
-10.58
 10
101.472046
 20
-10.564471
 10
101.478039
 20
-10.55
 10
101.487574
 20
-10.537574
 10
101.5
 20
-10.528038
  0
LWPOLYLINE
  5
47
330
17
100
AcDbEntity
  8
VISTA
100
AcDbPolyline
 90
5
 70
1
 10
100.805
 20
-11.975
 10
101.635
 20
-11.975
 10
101.635
 20
-11.83
 10
100.805
 20
-11.83
 10
100.805
 20
-11.975
  0
LWPOLYLINE
  5
48
330
17
100
AcDbEntity
  8
VISTA
100
AcDbPolyline
 90
5
 70
1
 10
100.9
 20
-0.26
 10
101.299999
 20
-0.935
 10
101.4
 20
-0.935
 10
101.799999
 20
-0.26
 10
100.9
 20
-0.26
  0
LWPOLYLINE
  5
49
330
17
100
AcDbEntity
  8
VISTA
100
AcDbPolyline
 90
5
 70
1
 10
101.799999
 20
-1.71
 10
101.799999
 20
-0.26
 10
101.4
 20
-0.935
 10
101.4
 20
-1.035
 10
101.799999
 20
-1.71
  0
LWPOLYLINE
  5
4A
330
17
100
AcDbEntity
  8
VISTA
100
AcDbPolyline
 90
5
 70
1
 10
100.9
 20
-1.71
 10
101.799999
 20
-1.71
 10
101.4
 20
-1.035
 10
101.299999
 20
-1.035
 10
100.9
 20
-1.71
  0
LWPOLYLINE
  5
4B
330
17
100
AcDbEntity
  8
VISTA
100
AcDbPolyline
 90
5
 70
1
 10
101.299999
 20
-1.035
 10
101.299999
 20
-0.935
 10
100.9
 20
-0.26
 10
100.9
 20
-1.71
 10
101.299999
 20
-1.035
  0
LWPOLYLINE
  5
4C
330
17
100
AcDbEntity
  8
VISTA
100
AcDbPolyline
 90
7
 70
1
 10
101.799999
 20
-1.95
 10
99.25
 20
-1.95
 10
99.25
 20
-0.2
 10
94.2
 20
-0.2
 10
94.2
 20
-5.9
 10
101.799999
 20
-5.9
 10
101.799999
 20
-1.95
  0
LWPOLYLINE
  5
4D
330
17
100
AcDbEntity
  8
VISTA
100
AcDbPolyline
 90
5
 70
1
 10
99.25
 20
-1.36
 10
99.389999
 20
-1.36
 10
99.389999
 20
-0.36
 10
99.25
 20
-0.36
 10
99.25
 20
-1.36
  0
LWPOLYLINE
  5
4E
330
17
100
AcDbEntity
  8
VISTA
100
AcDbPolyline
 90
7
 70
1
 10
101.799999
 20
-1.81
 10
101.799999
 20
-1.71
 10
100.9
 20
-1.71
 10
100.9
 20
-0.26
 10
99.389999
 20
-0.26
 10
99.389999
 20
-1.81
 10
101.799999
 20
-1.81
  0
LWPOLYLINE
  5
4F
330
17
100
AcDbEntity
  8
VISTA
100
AcDbPolyline
 90
25
 70
1
 10
99.790001
 20
-1.35
 10
99.792046
 20
-1.334471
 10
99.79803799999999
 20
-1.32
 10
99.807573
 20
-1.307573
 10
99.82
 20
-1.298038
 10
99.83447100000001
 20
-1.292044
 10
99.85
 20
-1.29
 10
99.86553
 20
-1.292044
 10
99.880001
 20
-1.298038
 10
99.892427
 20
-1.307573
 10
99.901962
 20
-1.32
 10
99.907955
 20
-1.334471
 10
99.91
 20
-1.35
 10
99.907955
 20
-1.365529
 10
99.901962
 20
-1.38
 10
99.892427
 20
-1.392426
 10
99.880001
 20
-1.401961
 10
99.86553
 20
-1.407956
 10
99.85
 20
-1.41
 10
99.83447100000001
 20
-1.407956
 10
99.82
 20
-1.401961
 10
99.807573
 20
-1.392426
 10
99.79803799999999
 20
-1.38
 10
99.792046
 20
-1.365529
 10
99.790001
 20
-1.35
  0
LWPOLYLINE
  5
50
330
17
100
AcDbEntity
  8
VISTA
100
AcDbPolyline
 90
5
 70
1
 10
100.700001
 20
-11.83
 10
101.799999
 20
-11.83
 10
101.799999
 20
-10.17
 10
100.700001
 20
-10.17
 10
100.700001
 20
-11.83
  0
LWPOLYLINE
  5
51
330
17
100
AcDbEntity
  8
VISTA
100
AcDbPolyline
 90
25
 70
1
 10
101.5
 20
-10.528038
 10
101.514471
 20
-10.522044
 10
101.530001
 20
-10.52
 10
101.54553
 20
-10.522044
 10
101.560001
 20
-10.528038
 10
101.572428
 20
-10.537574
 10
101.581963
 20
-10.55
 10
101.587955
 20
-10.564471
 10
101.59
 20
-10.58
 10
101.587955
 20
-10.595529
 10
101.581963
 20
-10.61
 10
101.572428
 20
-10.622426
 10
101.560001
 20
-10.631962
 10
101.54553
 20
-10.637956
 10
101.530001
 20
-10.64
 10
101.514471
 20
-10.637956
 10
101.5
 20
-10.631962
 10
101.487574
 20
-10.622426
 10
101.478039
 20
-10.61
 10
101.472046
 20
-10.595529
 10
101.470001
 20
-10.58
 10
101.472046
 20
-10.564471
 10
101.478039
 20
-10.55
 10
101.487574
 20
-10.537574
 10
101.5
 20
-10.528038
  0
LWPOLYLINE
  5
52
330
17
100
AcDbEntity
  8
VISTA
100
AcDbPolyline
 90
5
 70
1
 10
100.805
 20
-11.975
 10
101.635
 20
-11.975
 10
101.635
 20
-11.83
 10
100.805
 20
-11.83
 10
100.805
 20
-11.975
  0
LWPOLYLINE
  5
53
330
17
100
AcDbEntity
  8
VISTA
100
AcDbPolyline
 90
5
 70
1
 10
101.294073
 20
-0.925
 10
101.405926
 20
-0.925
 10
101.799999
 20
-0.26
 10
100.9
 20
-0.26
 10
101.294073
 20
-0.925
  0
LWPOLYLINE
  5
54
330
17
100
AcDbEntity
  8
VISTA
100
AcDbPolyline
 90
7
 70
1
 10
101.41
 20
-1.045
 10
101.405926
 20
-1.045
 10
101.799999
 20
-1.71
 10
101.799999
 20
-0.26
 10
101.405926
 20
-0.925
 10
101.41
 20
-0.925
 10
101.41
 20
-1.045
  0
LWPOLYLINE
  5
55
330
17
100
AcDbEntity
  8
VISTA
100
AcDbPolyline
 90
5
 70
1
 10
101.405926
 20
-1.045
 10
101.294073
 20
-1.045
 10
100.9
 20
-1.71
 10
101.799999
 20
-1.71
 10
101.405926
 20
-1.045
  0
LWPOLYLINE
  5
56
330
17
100
AcDbEntity
  8
VISTA
100
AcDbPolyline
 90
7
 70
1
 10
101.290001
 20
-0.925
 10
101.294073
 20
-0.925
 10
100.9
 20
-0.26
 10
100.9
 20
-1.71
 10
101.294073
 20
-1.045
 10
101.290001
 20
-1.045
 10
101.290001
 20
-0.925
  0
LWPOLYLINE
  5
57
330
17
100
AcDbEntity
  8
VISTA
100
AcDbPolyline
 90
5
 70
1
 10
99.25
 20
-1.36
 10
99.389999
 20
-1.36
 10
99.389999
 20
-0.36
 10
99.25
 20
-0.36
 10
99.25
 20
-1.36
  0
LWPOLYLINE
  5
58
330
17
100
AcDbEntity
  8
VISTA
100
AcDbPolyline
 90
7
 70
1
 10
101.799999
 20
-1.81
 10
101.799999
 20
-1.71
 10
100.9
 20
-1.71
 10
100.9
 20
-0.26
 10
99.389999
 20
-0.26
 10
99.389999
 20
-1.81
 10
101.799999
 20
-1.81
  0
LWPOLYLINE
  5
59
330
17
100
AcDbEntity
  8
VISTA
100
AcDbPolyline
 90
25
 70
1
 10
99.790001
 20
-1.35
 10
99.792046
 20
-1.334471
 10
99.79803799999999
 20
-1.32
 10
99.807573
 20
-1.307573
 10
99.82
 20
-1.298038
 10
99.83447100000001
 20
-1.292044
 10
99.85
 20
-1.29
 10
99.86553
 20
-1.292044
 10
99.880001
 20
-1.298038
 10
99.892427
 20
-1.307573
 10
99.901962
 20
-1.32
 10
99.907955
 20
-1.334471
 10
99.91
 20
-1.35
 10
99.907955
 20
-1.365529
 10
99.901962
 20
-1.38
 10
99.892427
 20
-1.392426
 10
99.880001
 20
-1.401961
 10
99.86553
 20
-1.407956
 10
99.85
 20
-1.41
 10
99.83447100000001
 20
-1.407956
 10
99.82
 20
-1.401961
 10
99.807573
 20
-1.392426
 10
99.79803799999999
 20
-1.38
 10
99.792046
 20
-1.365529
 10
99.790001
 20
-1.35
  0
LWPOLYLINE
  5
5A
330
17
100
AcDbEntity
  8
VISTA
100
AcDbPolyline
 90
5
 70
1
 10
100.700001
 20
-11.83
 10
101.799999
 20
-11.83
 10
101.799999
 20
-10.17
 10
100.700001
 20
-10.17
 10
100.700001
 20
-11.83
  0
LWPOLYLINE
  5
5B
330
17
100
AcDbEntity
  8
VISTA
100
AcDbPolyline
 90
25
 70
1
 10
101.5
 20
-10.528038
 10
101.514471
 20
-10.522044
 10
101.530001
 20
-10.52
 10
101.54553
 20
-10.522044
 10
101.560001
 20
-10.528038
 10
101.572428
 20
-10.537574
 10
101.581963
 20
-10.55
 10
101.587955
 20
-10.564471
 10
101.59
 20
-10.58
 10
101.587955
 20
-10.595529
 10
101.581963
 20
-10.61
 10
101.572428
 20
-10.622426
 10
101.560001
 20
-10.631962
 10
101.54553
 20
-10.637956
 10
101.530001
 20
-10.64
 10
101.514471
 20
-10.637956
 10
101.5
 20
-10.631962
 10
101.487574
 20
-10.622426
 10
101.478039
 20
-10.61
 10
101.472046
 20
-10.595529
 10
101.470001
 20
-10.58
 10
101.472046
 20
-10.564471
 10
101.478039
 20
-10.55
 10
101.487574
 20
-10.537574
 10
101.5
 20
-10.528038
  0
LWPOLYLINE
  5
5C
330
17
100
AcDbEntity
  8
VISTA
100
AcDbPolyline
 90
5
 70
1
 10
100.805
 20
-11.975
 10
101.635
 20
-11.975
 10
101.635
 20
-11.83
 10
100.805
 20
-11.83
 10
100.805
 20
-11.975
  0
LWPOLYLINE
  5
5D
330
17
100
AcDbEntity
  8
VISTA
100
AcDbPolyline
 90
5
 70
1
 10
101.299999
 20
-0.935
 10
101.4
 20
-0.935
 10
101.799999
 20
-0.26
 10
100.9
 20
-0.26
 10
101.299999
 20
-0.935
  0
LWPOLYLINE
  5
5E
330
17
100
AcDbEntity
  8
VISTA
100
AcDbPolyline
 90
5
 70
1
 10
101.799999
 20
-1.71
 10
101.799999
 20
-0.26
 10
101.4
 20
-0.935
 10
101.4
 20
-1.035
 10
101.799999
 20
-1.71
  0
LWPOLYLINE
  5
5F
330
17
100
AcDbEntity
  8
VISTA
100
AcDbPolyline
 90
5
 70
1
 10
100.9
 20
-1.71
 10
101.799999
 20
-1.71
 10
101.4
 20
-1.035
 10
101.299999
 20
-1.035
 10
100.9
 20
-1.71
  0
LWPOLYLINE
  5
60
330
17
100
AcDbEntity
  8
VISTA
100
AcDbPolyline
 90
5
 70
1
 10
101.299999
 20
-1.035
 10
101.299999
 20
-0.935
 10
100.9
 20
-0.26
 10
100.9
 20
-1.71
 10
101.299999
 20
-1.035
  0
LWPOLYLINE
  5
61
330
17
100
AcDbEntity
  8
VISTA
100
AcDbPolyline
 90
7
 70
1
 10
101.799999
 20
-1.95
 10
99.25
 20
-1.95
 10
99.25
 20
-0.2
 10
94.2
 20
-0.2
 10
94.2
 20
-5.9
 10
101.799999
 20
-5.9
 10
101.799999
 20
-1.95
  0
LWPOLYLINE
  5
62
330
17
100
AcDbEntity
  8
VISTA
100
AcDbPolyline
 90
5
 70
1
 10
99.25
 20
-1.36
 10
99.389999
 20
-1.36
 10
99.389999
 20
-0.36
 10
99.25
 20
-0.36
 10
99.25
 20
-1.36
  0
LWPOLYLINE
  5
63
330
17
100
AcDbEntity
  8
VISTA
100
AcDbPolyline
 90
25
 70
1
 10
99.83447100000001
 20
-1.407955
 10
99.85
 20
-1.41
 10
99.86553
 20
-1.407955
 10
99.880001
 20
-1.401961
 10
99.892427
 20
-1.392426
 10
99.901962
 20
-1.38
 10
99.907955
 20
-1.365529
 10
99.91
 20
-1.35
 10
99.907955
 20
-1.334471
 10
99.901962
 20
-1.32
 10
99.892427
 20
-1.307573
 10
99.880001
 20
-1.298038
 10
99.86553
 20
-1.292044
 10
99.85
 20
-1.29
 10
99.83447100000001
 20
-1.292044
 10
99.82
 20
-1.298038
 10
99.807573
 20
-1.307574
 10
99.79803799999999
 20
-1.32
 10
99.792046
 20
-1.334471
 10
99.790001
 20
-1.35
 10
99.792046
 20
-1.365529
 10
99.79803799999999
 20
-1.38
 10
99.807573
 20
-1.392426
 10
99.82
 20
-1.401961
 10
99.83447100000001
 20
-1.407955
  0
LWPOLYLINE
  5
64
330
17
100
AcDbEntity
  8
VISTA
100
AcDbPolyline
 90
25
 70
1
 10
99.802368
 20
-1.3775
 10
99.796875
 20
-1.364235
 10
99.795
 20
-1.35
 10
99.796875
 20
-1.335765
 10
99.802368
 20
-1.3225
 10
99.81111
 20
-1.311109
 10
99.8225
 20
-1.302369
 10
99.835766
 20
-1.296874
 10
99.85
 20
-1.295
 10
99.86423500000001
 20
-1.296874
 10
99.877501
 20
-1.302369
 10
99.888891
 20
-1.311109
 10
99.897633
 20
-1.3225
 10
99.903126
 20
-1.335765
 10
99.905001
 20
-1.35
 10
99.903126
 20
-1.364235
 10
99.897633
 20
-1.3775
 10
99.888891
 20
-1.388891
 10
99.877501
 20
-1.397631
 10
99.86423500000001
 20
-1.403126
 10
99.85
 20
-1.405
 10
99.835766
 20
-1.403126
 10
99.8225
 20
-1.397631
 10
99.81111
 20
-1.388891
 10
99.802368
 20
-1.3775
  0
LWPOLYLINE
  5
65
330
17
100
AcDbEntity
  8
VISTA
100
AcDbPolyline
 90
25
 70
1
 10
101.514471
 20
-10.637956
 10
101.530001
 20
-10.64
 10
101.54553
 20
-10.637956
 10
101.560001
 20
-10.631962
 10
101.572428
 20
-10.622426
 10
101.581963
 20
-10.61
 10
101.587955
 20
-10.595529
 10
101.59
 20
-10.58
 10
101.587955
 20
-10.564471
 10
101.581963
 20
-10.55
 10
101.572428
 20
-10.537574
 10
101.560001
 20
-10.528038
 10
101.54553
 20
-10.522044
 10
101.530001
 20
-10.52
 10
101.514471
 20
-10.522044
 10
101.5
 20
-10.528038
 10
101.487574
 20
-10.537574
 10
101.478039
 20
-10.55
 10
101.472046
 20
-10.564471
 10
101.470001
 20
-10.58
 10
101.472046
 20
-10.595529
 10
101.478039
 20
-10.61
 10
101.487574
 20
-10.622426
 10
101.5
 20
-10.631962
 10
101.514471
 20
-10.637956
  0
LWPOLYLINE
  5
66
330
17
100
AcDbEntity
  8
VISTA
100
AcDbPolyline
 90
25
 70
1
 10
101.48236800000001
 20
-10.6075
 10
101.476875
 20
-10.594235
 10
101.475
 20
-10.58
 10
101.476875
 20
-10.565764
 10
101.48236800000001
 20
-10.5525
 10
101.49110999999999
 20
-10.541109
 10
101.502501
 20
-10.532369
 10
101.515766
 20
-10.526874
 10
101.530001
 20
-10.525
 10
101.544235
 20
-10.526874
 10
101.557501
 20
-10.532369
 10
101.568892
 20
-10.541109
 10
101.57763299999999
 20
-10.5525
 10
101.583126
 20
-10.565764
 10
101.585001
 20
-10.58
 10
101.583126
 20
-10.594235
 10
101.57763299999999
 20
-10.6075
 10
101.568892
 20
-10.618891
 10
101.557501
 20
-10.627631
 10
101.544235
 20
-10.633126
 10
101.530001
 20
-10.635
 10
101.515766
 20
-10.633126
 10
101.502501
 20
-10.627631
 10
101.49110999999999
 20
-10.618891
 10
101.48236800000001
 20
-10.6075
  0
LWPOLYLINE
  5
67
330
17
100
AcDbEntity
  8
VISTA
100
AcDbPolyline
 90
5
 70
1
 10
100.805
 20
-11.975
 10
101.635
 20
-11.975
 10
101.635
 20
-11.83
 10
100.805
 20
-11.83
 10
100.805
 20
-11.975
  0
LWPOLYLINE
  5
68
330
17
100
AcDbEntity
  8
VISTA
100
AcDbPolyline
 90
5
 70
1
 10
101.299999
 20
-0.935
 10
101.4
 20
-0.935
 10
101.799999
 20
-0.26
 10
100.9
 20
-0.26
 10
101.299999
 20
-0.935
  0
LWPOLYLINE
  5
69
330
17
100
AcDbEntity
  8
VISTA
100
AcDbPolyline
 90
5
 70
1
 10
101.4
 20
-0.935
 10
101.4
 20
-1.035
 10
101.799999
 20
-1.71
 10
101.799999
 20
-0.26
 10
101.4
 20
-0.935
  0
LWPOLYLINE
  5
6A
330
17
100
AcDbEntity
  8
VISTA
100
AcDbPolyline
 90
5
 70
1
 10
101.4
 20
-1.035
 10
101.299999
 20
-1.035
 10
100.9
 20
-1.71
 10
101.799999
 20
-1.71
 10
101.4
 20
-1.035
  0
LWPOLYLINE
  5
6B
330
17
100
AcDbEntity
  8
VISTA
100
AcDbPolyline
 90
5
 70
1
 10
101.299999
 20
-1.035
 10
101.299999
 20
-0.935
 10
100.9
 20
-0.26
 10
100.9
 20
-1.71
 10
101.299999
 20
-1.035
  0
LWPOLYLINE
  5
6C
330
17
100
AcDbEntity
  8
VISTA
100
AcDbPolyline
 90
5
 70
1
 10
99.25
 20
-1.36
 10
99.389999
 20
-1.36
 10
99.389999
 20
-0.36
 10
99.25
 20
-0.36
 10
99.25
 20
-1.36
  0
LWPOLYLINE
  5
6D
330
17
100
AcDbEntity
  8
VISTA
100
AcDbPolyline
 90
5
 70
1
 10
100.889
 20
-0.775
 10
100.910999
 20
-0.775
 10
100.910999
 20
-0.26
 10
100.889
 20
-0.26
 10
100.889
 20
-0.775
  0
LWPOLYLINE
  5
6E
330
17
100
AcDbEntity
  8
VISTA
100
AcDbPolyline
 90
5
 70
1
 10
98.3575
 20
-0.417499
 10
98.3575
 20
-0.432499
 10
99.2325
 20
-0.432499
 10
99.2325
 20
-0.4175
 10
98.3575
 20
-0.417499
  0
LWPOLYLINE
  5
6F
330
17
100
AcDbEntity
  8
VISTA
100
AcDbPolyline
 90
12
 70
1
 10
92.98349999999999
 20
-1.417111
 10
93.9765
 20
-1.417111
 10
93.978974
 20
-1.416086
 10
93.98
 20
-1.413611
 10
93.98
 20
-1.1975
 10
93.978974
 20
-1.195025
 10
93.9765
 20
-1.194
 10
92.98349999999999
 20
-1.194
 10
92.981025
 20
-1.195025
 10
92.98
 20
-1.1975
 10
92.98064600000001
 20
-1.415637
 10
92.98349999999999
 20
-1.417111
  0
LWPOLYLINE
  5
70
330
17
100
AcDbEntity
  8
VISTA
100
AcDbPolyline
 90
4
 70
1
 10
92.981746
 20
-1.415365
 10
92.981746
 20
-1.416081
 10
92.98103
 20
-1.415365
 10
92.981746
 20
-1.415365
  0
LWPOLYLINE
  5
71
330
17
100
AcDbEntity
  8
VISTA
100
AcDbPolyline
 90
4
 70
1
 10
92.981746
 20
-1.19503
 10
92.981746
 20
-1.195746
 10
92.98103
 20
-1.195746
 10
92.981746
 20
-1.19503
  0
LWPOLYLINE
  5
72
330
17
100
AcDbEntity
  8
VISTA
100
AcDbPolyline
 90
4
 70
1
 10
93.978711
 20
-1.415823
 10
93.978253
 20
-1.416081
 10
93.978253
 20
-1.415365
 10
93.978711
 20
-1.415823
  0
LWPOLYLINE
  5
73
330
17
100
AcDbEntity
  8
VISTA
100
AcDbPolyline
 90
4
 70
1
 10
93.978253
 20
-1.19503
 10
93.97897
 20
-1.195746
 10
93.978253
 20
-1.195746
 10
93.978253
 20
-1.19503
  0
LWPOLYLINE
  5
74
330
17
100
AcDbEntity
  8
VISTA
100
AcDbPolyline
 90
13
 70
1
 10
96.7731
 20
-5.982
 10
96.774857
 20
-5.986242
 10
96.779099
 20
-5.988
 10
97.98089999999999
 20
-5.988
 10
97.985142
 20
-5.986242
 10
97.986898
 20
-5.982
 10
97.986898
 20
-5.814
 10
97.985142
 20
-5.809757
 10
97.98089999999999
 20
-5.808
 10
96.779099
 20
-5.808
 10
96.774857
 20
-5.809757
 10
96.7731
 20
-5.814
 10
96.7731
 20
-5.982
  0
LWPOLYLINE
  5
75
330
17
100
AcDbEntity
  8
VISTA
100
AcDbPolyline
 90
13
 70
1
 10
98.013102
 20
-5.982
 10
98.014858
 20
-5.986242
 10
98.01910000000001
 20
-5.988
 10
99.220901
 20
-5.988
 10
99.225143
 20
-5.986242
 10
99.2269
 20
-5.982
 10
99.2269
 20
-5.814
 10
99.225143
 20
-5.809757
 10
99.220901
 20
-5.808
 10
98.01910000000001
 20
-5.808
 10
98.014858
 20
-5.809757
 10
98.013102
 20
-5.814
 10
98.013102
 20
-5.982
  0
LWPOLYLINE
  5
76
330
17
100
AcDbEntity
  8
VISTA
100
AcDbPolyline
 90
5
 70
1
 10
93.025
 20
-1.199445
 10
93.025
 20
-1.217444
 10
93.934999
 20
-1.217444
 10
93.934999
 20
-1.199445
 10
93.025
 20
-1.199445
  0
LWPOLYLINE
  5
77
330
17
100
AcDbEntity
  8
VISTA
100
AcDbPolyline
 90
5
 70
1
 10
93.0307
 20
-1.231
 10
93.929999
 20
-1.2303
 10
93.929299
 20
-1.209
 10
93.0307
 20
-1.209205
 10
93.0307
 20
-1.231
  0
LWPOLYLINE
  5
78
330
17
100
AcDbEntity
  8
VISTA
100
AcDbPolyline
 90
5
 70
1
 10
100.889
 20
-0.775
 10
100.892
 20
-0.775
 10
100.892
 20
-0.26
 10
100.889
 20
-0.26
 10
100.889
 20
-0.775
  0
LWPOLYLINE
  5
79
330
17
100
AcDbEntity
  8
VISTA
100
AcDbPolyline
 90
5
 70
1
 10
100.908001
 20
-0.775
 10
100.910999
 20
-0.775
 10
100.910999
 20
-0.26
 10
100.908001
 20
-0.26
 10
100.908001
 20
-0.775
  0
LWPOLYLINE
  5
7A
330
17
100
AcDbEntity
  8
VISTA
100
AcDbPolyline
 90
5
 70
1
 10
100.892
 20
-0.766
 10
100.89399900000001
 20
-0.766
 10
100.89399900000001
 20
-0.266
 10
100.892
 20
-0.266
 10
100.892
 20
-0.766
  0
LWPOLYLINE
  5
7B
330
17
100
AcDbEntity
  8
VISTA
100
AcDbPolyline
 90
5
 70
1
 10
100.906
 20
-0.766
 10
100.908001
 20
-0.766
 10
100.908001
 20
-0.266
 10
100.906
 20
-0.266
 10
100.906
 20
-0.766
  0
LWPOLYLINE
  5
7C
330
17
100
AcDbEntity
  8
VISTA
100
AcDbPolyline
 90
5
 70
1
 10
95.854501
 20
-5.122
 10
96.52600100000001
 20
-5.1215
 10
96.52550099999999
 20
-5.115
 10
95.854501
 20
-5.115147
 10
95.854501
 20
-5.122
  0
LWPOLYLINE
  5
7D
330
17
100
AcDbEntity
  8
VISTA
100
AcDbPolyline
 90
5
 70
1
 10
96.031708
 20
-6.226501
 10
97.168289
 20
-6.226501
 10
97.168289
 20
-6.2135
 10
96.031708
 20
-6.2135
 10
96.031708
 20
-6.226501
  0
LWPOLYLINE
  5
7E
330
17
100
AcDbEntity
  8
VISTA
100
AcDbPolyline
 90
5
 70
1
 10
98.831711
 20
-6.226501
 10
99.968292
 20
-6.226501
 10
99.968292
 20
-6.2135
 10
98.831711
 20
-6.2135
 10
98.831711
 20
-6.226501
  0
LWPOLYLINE
  5
7F
330
17
100
AcDbEntity
  8
VISTA
100
AcDbPolyline
 90
8
 70
1
 10
98.868
 20
-9.78
 10
98.869999
 20
-9.778
 10
98.869999
 20
-7.601999
 10
98.868
 20
-7.599999
 10
98.431999
 20
-7.599999
 10
98.43
 20
-7.601999
 10
98.430586
 20
-9.779414
 10
98.868
 20
-9.78
  0
LWPOLYLINE
  5
80
330
17
100
AcDbEntity
  8
VISTA
100
AcDbPolyline
 90
5
 70
1
 10
96.029999
 20
-6.2025
 10
97.16999799999999
 20
-6.2025
 10
97.16999799999999
 20
-6.2005
 10
96.029999
 20
-6.2005
 10
96.029999
 20
-6.2025
  0
LWPOLYLINE
  5
81
330
17
100
AcDbEntity
  8
VISTA
100
AcDbPolyline
 90
5
 70
1
 10
96.029999
 20
-6.2135
 10
97.16999799999999
 20
-6.2135
 10
97.16999799999999
 20
-6.2115
 10
96.029999
 20
-6.2115
 10
96.029999
 20
-6.2135
  0
LWPOLYLINE
  5
82
330
17
100
AcDbEntity
  8
VISTA
100
AcDbPolyline
 90
5
 70
1
 10
98.83000200000001
 20
-6.2025
 10
99.970001
 20
-6.2025
 10
99.970001
 20
-6.2005
 10
98.83000200000001
 20
-6.2005
 10
98.83000200000001
 20
-6.2025
  0
LWPOLYLINE
  5
83
330
17
100
AcDbEntity
  8
VISTA
100
AcDbPolyline
 90
5
 70
1
 10
98.83000200000001
 20
-6.2135
 10
99.970001
 20
-6.2135
 10
99.970001
 20
-6.2115
 10
98.83000200000001
 20
-6.2115
 10
98.83000200000001
 20
-6.2135
  0
LWPOLYLINE
  5
84
330
17
100
AcDbEntity
  8
VISTA
100
AcDbPolyline
 90
5
 70
1
 10
96.031708
 20
-6.2285
 10
97.168289
 20
-6.2285
 10
97.168289
 20
-6.226501
 10
96.031708
 20
-6.226501
 10
96.031708
 20
-6.2285
  0
LWPOLYLINE
  5
85
330
17
100
AcDbEntity
  8
VISTA
100
AcDbPolyline
 90
5
 70
1
 10
96.031708
 20
-6.2395
 10
97.168289
 20
-6.2395
 10
97.168289
 20
-6.2375
 10
96.031708
 20
-6.2375
 10
96.031708
 20
-6.2395
  0
LWPOLYLINE
  5
86
330
17
100
AcDbEntity
  8
VISTA
100
AcDbPolyline
 90
5
 70
1
 10
98.831711
 20
-6.2285
 10
99.968292
 20
-6.2285
 10
99.968292
 20
-6.226501
 10
98.831711
 20
-6.226501
 10
98.831711
 20
-6.2285
  0
LWPOLYLINE
  5
87
330
17
100
AcDbEntity
  8
VISTA
100
AcDbPolyline
 90
5
 70
1
 10
98.831711
 20
-6.2395
 10
99.968292
 20
-6.2395
 10
99.968292
 20
-6.2375
 10
98.831711
 20
-6.2375
 10
98.831711
 20
-6.2395
  0
LWPOLYLINE
  5
88
330
17
100
AcDbEntity
  8
VISTA
100
AcDbPolyline
 90
8
 70
1
 10
94.758
 20
-5.74
 10
94.76
 20
-5.738
 10
94.76
 20
-3.282
 10
94.758
 20
-3.28
 10
94.262
 20
-3.28
 10
94.26
 20
-3.282
 10
94.260586
 20
-5.739415
 10
94.758
 20
-5.74
  0
LWPOLYLINE
  5
89
330
17
100
AcDbEntity
  8
VISTA
100
AcDbPolyline
 90
5
 70
1
 10
95.699414
 20
-5.749414
 10
95.699414
 20
-5.300586
 10
94.900586
 20
-5.300586
 10
94.900586
 20
-5.749414
 10
95.699414
 20
-5.749414
  0
LWPOLYLINE
  5
8A
330
17
100
AcDbEntity
  8
VISTA
100
AcDbPolyline
 90
8
 70
1
 10
97.577999
 20
-3.9
 10
97.58
 20
-3.898
 10
97.58
 20
-3.782
 10
97.577999
 20
-3.78
 10
96.062
 20
-3.78
 10
96.059999
 20
-3.782
 10
96.060585
 20
-3.899414
 10
97.577999
 20
-3.9
  0
LWPOLYLINE
  5
8B
330
17
100
AcDbEntity
  8
VISTA
100
AcDbPolyline
 90
11
 70
1
 10
97.247999
 20
-6.2825
 10
97.250828
 20
-6.281329
 10
97.251999
 20
-6.2785
 10
97.251999
 20
-6.1615
 10
97.250828
 20
-6.158672
 10
97.247999
 20
-6.1575
 10
95.951999
 20
-6.1575
 10
95.94917
 20
-6.158672
 10
95.947998
 20
-6.1615
 10
95.94917
 20
-6.281329
 10
97.247999
 20
-6.2825
  0
LWPOLYLINE
  5
8C
330
17
100
AcDbEntity
  8
VISTA
100
AcDbPolyline
 90
4
 70
1
 10
95.949689
 20
-6.28081
 10
95.950204
 20
-6.281028
 10
95.949471
 20
-6.281028
 10
95.949689
 20
-6.28081
  0
LWPOLYLINE
  5
8D
330
17
100
AcDbEntity
  8
VISTA
100
AcDbPolyline
 90
4
 70
1
 10
95.949689
 20
-6.159191
 10
95.949471
 20
-6.159706
 10
95.949471
 20
-6.158973
 10
95.949689
 20
-6.159191
  0
LWPOLYLINE
  5
8E
330
17
100
AcDbEntity
  8
VISTA
100
AcDbPolyline
 90
4
 70
1
 10
97.25030699999999
 20
-6.159191
 10
97.24979400000001
 20
-6.158973
 10
97.25052600000001
 20
-6.158973
 10
97.25030699999999
 20
-6.159191
  0
LWPOLYLINE
  5
8F
330
17
100
AcDbEntity
  8
VISTA
100
AcDbPolyline
 90
4
 70
1
 10
97.25052600000001
 20
-6.281028
 10
97.24979400000001
 20
-6.281028
 10
97.25030699999999
 20
-6.28081
 10
97.25052600000001
 20
-6.281028
  0
LWPOLYLINE
  5
90
330
17
100
AcDbEntity
  8
VISTA
100
AcDbPolyline
 90
12
 70
1
 10
98.749172
 20
-6.281329
 10
98.752001
 20
-6.2825
 10
100.048002
 20
-6.2825
 10
100.050831
 20
-6.281329
 10
100.052002
 20
-6.2785
 10
100.052002
 20
-6.1615
 10
100.050831
 20
-6.158672
 10
100.048002
 20
-6.1575
 10
98.752001
 20
-6.1575
 10
98.749172
 20
-6.158672
 10
98.748001
 20
-6.1615
 10
98.749172
 20
-6.281329
  0
LWPOLYLINE
  5
91
330
17
100
AcDbEntity
  8
VISTA
100
AcDbPolyline
 90
4
 70
1
 10
98.74969300000001
 20
-6.28081
 10
98.75020599999999
 20
-6.281028
 10
98.74947399999999
 20
-6.281028
 10
98.74969300000001
 20
-6.28081
  0
LWPOLYLINE
  5
92
330
17
100
AcDbEntity
  8
VISTA
100
AcDbPolyline
 90
4
 70
1
 10
98.74969300000001
 20
-6.159191
 10
98.74947399999999
 20
-6.159706
 10
98.74947399999999
 20
-6.158973
 10
98.74969300000001
 20
-6.159191
  0
LWPOLYLINE
  5
93
330
17
100
AcDbEntity
  8
VISTA
100
AcDbPolyline
 90
4
 70
1
 10
100.05031
 20
-6.159191
 10
100.049797
 20
-6.158973
 10
100.050529
 20
-6.158973
 10
100.05031
 20
-6.159191
  0
LWPOLYLINE
  5
94
330
17
100
AcDbEntity
  8
VISTA
100
AcDbPolyline
 90
4
 70
1
 10
100.049797
 20
-6.281028
 10
100.050529
 20
-6.280295
 10
100.05031
 20
-6.28081
 10
100.049797
 20
-6.281028
  0
LWPOLYLINE
  5
95
330
17
100
AcDbEntity
  8
VISTA
100
AcDbPolyline
 90
5
 70
1
 10
100.257999
 20
-0.57
 10
100.822001
 20
-0.57
 10
100.822001
 20
-0.27
 10
100.257999
 20
-0.27
 10
100.257999
 20
-0.57
  0
LWPOLYLINE
  5
96
330
17
100
AcDbEntity
  8
VISTA
100
AcDbPolyline
 90
5
 70
1
 10
100.792999
 20
-10.54
 10
101.197001
 20
-10.54
 10
101.197001
 20
-10.18
 10
100.792999
 20
-10.18
 10
100.792999
 20
-10.54
  0
LWPOLYLINE
  5
97
330
17
100
AcDbEntity
  8
VISTA
100
AcDbPolyline
 90
5
 70
1
 10
93.068999
 20
-1.534167
 10
93.89150000000001
 20
-1.533667
 10
93.891
 20
-1.499167
 10
93.068663
 20
-1.499466
 10
93.068999
 20
-1.534167
  0
LWPOLYLINE
  5
98
330
17
100
AcDbEntity
  8
VISTA
100
AcDbPolyline
 90
5
 70
1
 10
93.187525
 20
-1.514192
 10
93.192474
 20
-1.514192
 10
93.192474
 20
-1.519142
 10
93.187525
 20
-1.519142
 10
93.187525
 20
-1.514192
  0
LWPOLYLINE
  5
99
330
17
100
AcDbEntity
  8
VISTA
100
AcDbPolyline
 90
5
 70
1
 10
93.770906
 20
-1.513286
 10
93.773381
 20
-1.517573
 10
93.769094
 20
-1.520047
 10
93.76662
 20
-1.515761
 10
93.770906
 20
-1.513286
  0
LWPOLYLINE
  5
9A
330
17
100
AcDbEntity
  8
VISTA
100
AcDbPolyline
 90
5
 70
1
 10
96.198999
 20
-3.22
 10
96.502501
 20
-3.2185
 10
96.501001
 20
-3.185
 10
96.197615
 20
-3.1865
 10
96.198999
 20
-3.22
  0
LWPOLYLINE
  5
9B
330
17
100
AcDbEntity
  8
VISTA
100
AcDbPolyline
 90
6
 70
1
 10
96.1625
 20
-3.1835
 10
96.196001
 20
-3.185
 10
96.1975
 20
-2.9165
 10
96.196001
 20
-2.915
 10
96.162615
 20
-2.9165
 10
96.1625
 20
-3.1835
  0
LWPOLYLINE
  5
9C
330
17
100
AcDbEntity
  8
VISTA
100
AcDbPolyline
 90
5
 70
1
 10
96.198999
 20
-2.915
 10
96.502501
 20
-2.9135
 10
96.501001
 20
-2.88
 10
96.197615
 20
-2.8815
 10
96.198999
 20
-2.915
  0
LWPOLYLINE
  5
9D
330
17
100
AcDbEntity
  8
VISTA
100
AcDbPolyline
 90
6
 70
1
 10
96.502501
 20
-3.1835
 10
96.536001
 20
-3.185
 10
96.5375
 20
-2.9165
 10
96.536001
 20
-2.915
 10
96.50261499999999
 20
-2.9165
 10
96.502501
 20
-3.1835
  0
LWPOLYLINE
  5
9E
330
17
100
AcDbEntity
  8
VISTA
100
AcDbPolyline
 90
5
 70
1
 10
97.139
 20
-3.22
 10
97.442499
 20
-3.2185
 10
97.441
 20
-3.185
 10
97.137615
 20
-3.1865
 10
97.139
 20
-3.22
  0
LWPOLYLINE
  5
9F
330
17
100
AcDbEntity
  8
VISTA
100
AcDbPolyline
 90
6
 70
1
 10
97.102499
 20
-3.1835
 10
97.136
 20
-3.185
 10
97.13749899999999
 20
-2.9165
 10
97.136
 20
-2.915
 10
97.102613
 20
-2.9165
 10
97.102499
 20
-3.1835
  0
LWPOLYLINE
  5
A0
330
17
100
AcDbEntity
  8
VISTA
100
AcDbPolyline
 90
5
 70
1
 10
97.139
 20
-2.915
 10
97.442499
 20
-2.9135
 10
97.441
 20
-2.88
 10
97.137615
 20
-2.8815
 10
97.139
 20
-2.915
  0
LWPOLYLINE
  5
A1
330
17
100
AcDbEntity
  8
VISTA
100
AcDbPolyline
 90
6
 70
1
 10
97.442499
 20
-3.1835
 10
97.476
 20
-3.185
 10
97.477499
 20
-2.9165
 10
97.476
 20
-2.915
 10
97.44261399999999
 20
-2.9165
 10
97.442499
 20
-3.1835
  0
LWPOLYLINE
  5
A2
330
17
100
AcDbEntity
  8
VISTA
100
AcDbPolyline
 90
12
 70
1
 10
92.98349999999999
 20
-1.628222
 10
93.9765
 20
-1.628222
 10
93.978974
 20
-1.627197
 10
93.98
 20
-1.624722
 10
93.98
 20
-1.408611
 10
93.978974
 20
-1.406136
 10
93.9765
 20
-1.405111
 10
92.98349999999999
 20
-1.405111
 10
92.981025
 20
-1.406136
 10
92.98
 20
-1.408611
 10
92.98064600000001
 20
-1.626748
 10
92.98349999999999
 20
-1.628222
  0
LWPOLYLINE
  5
A3
330
17
100
AcDbEntity
  8
VISTA
100
AcDbPolyline
 90
4
 70
1
 10
92.981746
 20
-1.626476
 10
92.981746
 20
-1.627192
 10
92.98103
 20
-1.626476
 10
92.981746
 20
-1.626476
  0
LWPOLYLINE
  5
A4
330
17
100
AcDbEntity
  8
VISTA
100
AcDbPolyline
 90
4
 70
1
 10
92.981746
 20
-1.406141
 10
92.981746
 20
-1.406857
 10
92.98103
 20
-1.406857
 10
92.981746
 20
-1.406141
  0
LWPOLYLINE
  5
A5
330
17
100
AcDbEntity
  8
VISTA
100
AcDbPolyline
 90
4
 70
1
 10
93.978711
 20
-1.626934
 10
93.978253
 20
-1.627192
 10
93.978253
 20
-1.626476
 10
93.978711
 20
-1.626934
  0
LWPOLYLINE
  5
A6
330
17
100
AcDbEntity
  8
VISTA
100
AcDbPolyline
 90
4
 70
1
 10
93.978253
 20
-1.406141
 10
93.97897
 20
-1.406857
 10
93.978253
 20
-1.406857
 10
93.978253
 20
-1.406141
  0
LWPOLYLINE
  5
A7
330
17
100
AcDbEntity
  8
VISTA
100
AcDbPolyline
 90
5
 70
1
 10
93.025
 20
-1.410556
 10
93.025
 20
-1.428555
 10
93.934999
 20
-1.428555
 10
93.934999
 20
-1.410556
 10
93.025
 20
-1.410556
  0
LWPOLYLINE
  5
A8
330
17
100
AcDbEntity
  8
VISTA
100
AcDbPolyline
 90
5
 70
1
 10
93.0307
 20
-1.442111
 10
93.929999
 20
-1.441411
 10
93.929299
 20
-1.420111
 10
93.0307
 20
-1.420316
 10
93.0307
 20
-1.442111
  0
LWPOLYLINE
  5
A9
330
17
100
AcDbEntity
  8
VISTA
100
AcDbPolyline
 90
5
 70
1
 10
93.068999
 20
-1.745278
 10
93.89150000000001
 20
-1.744778
 10
93.891
 20
-1.710278
 10
93.068663
 20
-1.710577
 10
93.068999
 20
-1.745278
  0
LWPOLYLINE
  5
AA
330
17
100
AcDbEntity
  8
VISTA
100
AcDbPolyline
 90
5
 70
1
 10
93.187525
 20
-1.725303
 10
93.192474
 20
-1.725303
 10
93.192474
 20
-1.730253
 10
93.187525
 20
-1.730253
 10
93.187525
 20
-1.725303
  0
LWPOLYLINE
  5
AB
330
17
100
AcDbEntity
  8
VISTA
100
AcDbPolyline
 90
5
 70
1
 10
93.770906
 20
-1.724397
 10
93.773381
 20
-1.728684
 10
93.769094
 20
-1.731158
 10
93.76662
 20
-1.726872
 10
93.770906
 20
-1.724397
  0
LWPOLYLINE
  5
AC
330
17
100
AcDbEntity
  8
VISTA
100
AcDbPolyline
 90
39
 70
1
 10
94.775764
 20
-1.840661
 10
94.851356
 20
-1.8583
 10
94.953402
 20
-1.870478
 10
95.104236
 20
-1.877637
 10
95.650002
 20
-1.88
 10
96.195765
 20
-1.877637
 10
96.346598
 20
-1.870478
 10
96.448643
 20
-1.8583
 10
96.524235
 20
-1.840661
 10
96.581226
 20
-1.816752
 10
96.623274
 20
-1.785041
 10
96.65230199999999
 20
-1.742232
 10
96.669367
 20
-1.678955
 10
96.674999
 20
-1.45
 10
96.158035
 20
-1.45
 10
96.674999
 20
-1.449999
 10
96.669367
 20
-1.221045
 10
96.65230199999999
 20
-1.157768
 10
96.623274
 20
-1.114959
 10
96.581226
 20
-1.083248
 10
96.524235
 20
-1.059339
 10
96.448643
 20
-1.0417
 10
96.346598
 20
-1.029522
 10
96.195765
 20
-1.022363
 10
95.649998
 20
-1.02
 10
95.104236
 20
-1.022363
 10
94.953402
 20
-1.029522
 10
94.851356
 20
-1.0417
 10
94.775764
 20
-1.059339
 10
94.718773
 20
-1.083248
 10
94.676726
 20
-1.114959
 10
94.647697
 20
-1.157768
 10
94.630633
 20
-1.221045
 10
94.625
 20
-1.450001
 10
94.630633
 20
-1.678955
 10
94.647697
 20
-1.742232
 10
94.676726
 20
-1.785041
 10
94.718773
 20
-1.816752
 10
94.775764
 20
-1.840661
  0
LWPOLYLINE
  5
AD
330
17
100
AcDbEntity
  8
VISTA
100
AcDbPolyline
 90
4
 70
1
 10
95.02997008277508
 20
-1.0267230685854767
 10
95.02997008277508
 20
-1.0267230685854767
 10
95.02997008277508
 20
-1.0267230685854765
 10
95.02997008277508
 20
-1.0267230685854767
  0
LWPOLYLINE
  5
AE
330
17
100
AcDbEntity
  8
VISTA
100
AcDbPolyline
 90
4
 70
1
 10
94.70656460861542
 20
-1.7976477353054114
 10
94.70656460861542
 20
-1.7976477353054128
 10
94.70656460861542
 20
-1.797647735305412
 10
94.70656460861542
 20
-1.7976477353054114
  0
LWPOLYLINE
  5
AF
330
17
100
AcDbEntity
  8
VISTA
100
AcDbPolyline
 90
4
 70
1
 10
95.65
 20
-1.45
 10
95.650002
 20
-1.4499995507904115
 10
95.650002
 20
-1.4499995507904118
 10
95.65
 20
-1.45
  0
LWPOLYLINE
  5
B0
330
17
100
AcDbEntity
  8
VISTA
100
AcDbPolyline
 90
5
 70
1
 10
94.09
 20
-0.505
 10
94.09
 20
-0.495
 10
93.965
 20
-0.495
 10
93.965
 20
-0.50433
 10
94.09
 20
-0.505
  0
LWPOLYLINE
  5
B1
330
17
100
AcDbEntity
  8
VISTA
100
AcDbPolyline
 90
5
 70
1
 10
94.039
 20
-0.51
 10
94.03999999999999
 20
-0.491
 10
93.682
 20
-0.49
 10
93.681293
 20
-0.509707
 10
94.039
 20
-0.51
  0
LWPOLYLINE
  5
B2
330
17
100
AcDbEntity
  8
VISTA
100
AcDbPolyline
 90
5
 70
1
 10
101.791
 20
-12.184
 10
101.790001
 20
-11.995
 10
101.769001
 20
-11.996
 10
101.769293
 20
-12.184708
 10
101.791
 20
-12.184
  0
LWPOLYLINE
  5
B3
330
17
100
AcDbEntity
  8
VISTA
100
AcDbPolyline
 90
5
 70
1
 10
93.5635
 20
-0.559
 10
93.5625
 20
-0.44
 10
93.5545
 20
-0.441
 10
93.554793
 20
-0.559707
 10
93.5635
 20
-0.559
  0
LWPOLYLINE
  5
B4
330
17
100
AcDbEntity
  8
VISTA
100
AcDbPolyline
 90
5
 70
1
 10
93.6855
 20
-0.559
 10
93.6845
 20
-0.44
 10
93.676499
 20
-0.441
 10
93.676793
 20
-0.559707
 10
93.6855
 20
-0.559
  0
LWPOLYLINE
  5
B5
330
17
100
AcDbEntity
  8
VISTA
100
AcDbPolyline
 90
5
 70
1
 10
101.723499
 20
-12.299
 10
101.7225
 20
-12.179999
 10
101.7145
 20
-12.181
 10
101.714792
 20
-12.299706
 10
101.723499
 20
-12.299
  0
LWPOLYLINE
  5
B6
330
17
100
AcDbEntity
  8
VISTA
100
AcDbPolyline
 90
5
 70
1
 10
101.845499
 20
-12.299
 10
101.8445
 20
-12.179999
 10
101.8365
 20
-12.181
 10
101.836792
 20
-12.299706
 10
101.845499
 20
-12.299
  0
LWPOLYLINE
  5
B7
330
17
100
AcDbEntity
  8
VISTA
100
AcDbPolyline
 90
44
 70
1
 10
94.887261
 20
-1.721167
 10
94.896353
 20
-1.734996
 10
94.90768800000001
 20
-1.746167
 10
94.921679
 20
-1.754964
 10
94.93909
 20
-1.761585
 10
94.961609
 20
-1.766192
 10
94.99411
 20
-1.768906
 10
95.113335
 20
-1.7698
 10
95.232557
 20
-1.768906
 10
95.26505900000001
 20
-1.766192
 10
95.287578
 20
-1.761585
 10
95.304988
 20
-1.754964
 10
95.318979
 20
-1.746167
 10
95.330315
 20
-1.734996
 10
95.339406
 20
-1.721167
 10
95.346532
 20
-1.704176
 10
95.355634
 20
-1.655625
 10
95.357843
 20
-1.615959
 10
95.358574
 20
-1.470011
 10
95.35627300000002
 20
-1.47
 10
95.358574
 20
-1.469988
 10
95.357843
 20
-1.324041
 10
95.355634
 20
-1.284375
 10
95.346532
 20
-1.235824
 10
95.339406
 20
-1.218833
 10
95.330315
 20
-1.205004
 10
95.318979
 20
-1.193833
 10
95.304988
 20
-1.185036
 10
95.287578
 20
-1.178416
 10
95.26505900000001
 20
-1.173808
 10
95.232557
 20
-1.171094
 10
94.99411
 20
-1.171094
 10
94.961609
 20
-1.173808
 10
94.93909
 20
-1.178416
 10
94.921679
 20
-1.185036
 10
94.90768800000001
 20
-1.193833
 10
94.896353
 20
-1.205004
 10
94.887261
 20
-1.218833
 10
94.880136
 20
-1.235824
 10
94.874774
 20
-1.256964
 10
94.868824
 20
-1.324041
 10
94.868824
 20
-1.615959
 10
94.874774
 20
-1.683036
 10
94.887261
 20
-1.721167
  0
LWPOLYLINE
  5
B8
330
17
100
AcDbEntity
  8
VISTA
100
AcDbPolyline
 90
38
 70
1
 10
94.962189
 20
-1.76183
 10
94.94028
 20
-1.757349
 10
94.92361700000001
 20
-1.751013
 10
94.91041200000001
 20
-1.742712
 10
94.899761
 20
-1.732213
 10
94.891155
 20
-1.71912
 10
94.879099
 20
-1.682226
 10
94.873223
 20
-1.615889
 10
94.873223
 20
-1.324111
 10
94.879099
 20
-1.257774
 10
94.891155
 20
-1.22088
 10
94.899761
 20
-1.207787
 10
94.91041200000001
 20
-1.197289
 10
94.92361700000001
 20
-1.188987
 10
94.94028
 20
-1.182652
 10
94.962189
 20
-1.17817
 10
94.994214
 20
-1.175493
 10
95.23245299999999
 20
-1.175493
 10
95.264479
 20
-1.17817
 10
95.286387
 20
-1.182652
 10
95.30305
 20
-1.188987
 10
95.316256
 20
-1.197289
 10
95.326906
 20
-1.207787
 10
95.335512
 20
-1.22088
 10
95.347569
 20
-1.257774
 10
95.351251
 20
-1.284764
 10
95.353444
 20
-1.324111
 10
95.353444
 20
-1.615889
 10
95.347569
 20
-1.682226
 10
95.335512
 20
-1.71912
 10
95.326906
 20
-1.732213
 10
95.316256
 20
-1.742712
 10
95.30305
 20
-1.751013
 10
95.286387
 20
-1.757349
 10
95.264479
 20
-1.76183
 10
95.23245299999999
 20
-1.764507
 10
94.994214
 20
-1.764507
 10
94.962189
 20
-1.76183
  0
LWPOLYLINE
  5
B9
330
17
100
AcDbEntity
  8
VISTA
100
AcDbPolyline
 90
44
 70
1
 10
95.423927
 20
-1.721167
 10
95.433019
 20
-1.734996
 10
95.444354
 20
-1.746167
 10
95.458345
 20
-1.754964
 10
95.475756
 20
-1.761585
 10
95.498275
 20
-1.766192
 10
95.530776
 20
-1.768906
 10
95.650001
 20
-1.7698
 10
95.769223
 20
-1.768906
 10
95.80172400000001
 20
-1.766192
 10
95.824244
 20
-1.761585
 10
95.841654
 20
-1.754964
 10
95.855645
 20
-1.746167
 10
95.866981
 20
-1.734996
 10
95.876072
 20
-1.721167
 10
95.883198
 20
-1.704176
 10
95.8923
 20
-1.655625
 10
95.894509
 20
-1.615959
 10
95.89524
 20
-1.470011
 10
95.89293900000001
 20
-1.47
 10
95.89524
 20
-1.469988
 10
95.894509
 20
-1.324041
 10
95.8923
 20
-1.284375
 10
95.883198
 20
-1.235824
 10
95.876072
 20
-1.218833
 10
95.866981
 20
-1.205004
 10
95.855645
 20
-1.193833
 10
95.841654
 20
-1.185036
 10
95.824244
 20
-1.178416
 10
95.80172400000001
 20
-1.173808
 10
95.769223
 20
-1.171094
 10
95.530776
 20
-1.171094
 10
95.498275
 20
-1.173808
 10
95.475756
 20
-1.178416
 10
95.458345
 20
-1.185036
 10
95.444354
 20
-1.193833
 10
95.433019
 20
-1.205004
 10
95.423927
 20
-1.218833
 10
95.41680099999999
 20
-1.235824
 10
95.41144
 20
-1.256964
 10
95.40549
 20
-1.324041
 10
95.40549
 20
-1.615959
 10
95.41144
 20
-1.683036
 10
95.423927
 20
-1.721167
  0
LWPOLYLINE
  5
BA
330
17
100
AcDbEntity
  8
VISTA
100
AcDbPolyline
 90
38
 70
1
 10
95.498855
 20
-1.76183
 10
95.476946
 20
-1.757349
 10
95.460283
 20
-1.751013
 10
95.447078
 20
-1.742712
 10
95.436427
 20
-1.732213
 10
95.427821
 20
-1.71912
 10
95.415765
 20
-1.682226
 10
95.40988899999999
 20
-1.615889
 10
95.40988899999999
 20
-1.324111
 10
95.415765
 20
-1.257774
 10
95.427821
 20
-1.22088
 10
95.436427
 20
-1.207787
 10
95.447078
 20
-1.197289
 10
95.460283
 20
-1.188987
 10
95.476946
 20
-1.182652
 10
95.498855
 20
-1.17817
 10
95.53088
 20
-1.175493
 10
95.769119
 20
-1.175493
 10
95.801145
 20
-1.17817
 10
95.823053
 20
-1.182652
 10
95.839716
 20
-1.188987
 10
95.852921
 20
-1.197289
 10
95.863572
 20
-1.207787
 10
95.872178
 20
-1.22088
 10
95.88423399999999
 20
-1.257774
 10
95.887917
 20
-1.284764
 10
95.89010999999999
 20
-1.324111
 10
95.89010999999999
 20
-1.615889
 10
95.88423399999999
 20
-1.682226
 10
95.872178
 20
-1.71912
 10
95.863572
 20
-1.732213
 10
95.852921
 20
-1.742712
 10
95.839716
 20
-1.751013
 10
95.823053
 20
-1.757349
 10
95.801145
 20
-1.76183
 10
95.769119
 20
-1.764507
 10
95.53088
 20
-1.764507
 10
95.498855
 20
-1.76183
  0
LWPOLYLINE
  5
BB
330
17
100
AcDbEntity
  8
VISTA
100
AcDbPolyline
 90
44
 70
1
 10
95.960594
 20
-1.721167
 10
95.969686
 20
-1.734996
 10
95.981021
 20
-1.746167
 10
95.995012
 20
-1.754964
 10
96.012423
 20
-1.761585
 10
96.034941
 20
-1.766192
 10
96.067444
 20
-1.768906
 10
96.186666
 20
-1.7698
 10
96.30588900000001
 20
-1.768906
 10
96.338392
 20
-1.766192
 10
96.36091
 20
-1.761585
 10
96.378321
 20
-1.754964
 10
96.392313
 20
-1.746167
 10
96.403646
 20
-1.734996
 10
96.412739
 20
-1.721167
 10
96.419865
 20
-1.704176
 10
96.428967
 20
-1.655625
 10
96.431177
 20
-1.615959
 10
96.431906
 20
-1.470011
 10
96.42960645454546
 20
-1.47
 10
96.431906
 20
-1.469988
 10
96.431177
 20
-1.324041
 10
96.428967
 20
-1.284375
 10
96.419865
 20
-1.235824
 10
96.412739
 20
-1.218833
 10
96.403646
 20
-1.205004
 10
96.392313
 20
-1.193833
 10
96.378321
 20
-1.185036
 10
96.36091
 20
-1.178416
 10
96.338392
 20
-1.173808
 10
96.30588900000001
 20
-1.171094
 10
96.067444
 20
-1.171094
 10
96.034941
 20
-1.173808
 10
96.012423
 20
-1.178416
 10
95.995012
 20
-1.185036
 10
95.981021
 20
-1.193833
 10
95.969686
 20
-1.205004
 10
95.960594
 20
-1.218833
 10
95.953468
 20
-1.235824
 10
95.948107
 20
-1.256964
 10
95.942157
 20
-1.324041
 10
95.942157
 20
-1.615959
 10
95.948107
 20
-1.683036
 10
95.960594
 20
-1.721167
  0
LWPOLYLINE
  5
BC
330
17
100
AcDbEntity
  8
VISTA
100
AcDbPolyline
 90
38
 70
1
 10
96.035521
 20
-1.76183
 10
96.01361299999999
 20
-1.757349
 10
95.99695
 20
-1.751013
 10
95.983745
 20
-1.742712
 10
95.973094
 20
-1.732213
 10
95.964488
 20
-1.71912
 10
95.952432
 20
-1.682226
 10
95.946556
 20
-1.615889
 10
95.946556
 20
-1.324111
 10
95.952432
 20
-1.257774
 10
95.964488
 20
-1.22088
 10
95.973094
 20
-1.207787
 10
95.983745
 20
-1.197289
 10
95.99695
 20
-1.188987
 10
96.01361299999999
 20
-1.182652
 10
96.035521
 20
-1.17817
 10
96.067547
 20
-1.175493
 10
96.305786
 20
-1.175493
 10
96.337812
 20
-1.17817
 10
96.35972
 20
-1.182652
 10
96.376383
 20
-1.188987
 10
96.389589
 20
-1.197289
 10
96.40024
 20
-1.207787
 10
96.408844
 20
-1.22088
 10
96.420902
 20
-1.257774
 10
96.424583
 20
-1.284764
 10
96.426777
 20
-1.324111
 10
96.426777
 20
-1.615889
 10
96.420902
 20
-1.682226
 10
96.408844
 20
-1.71912
 10
96.40024
 20
-1.732213
 10
96.389589
 20
-1.742712
 10
96.376383
 20
-1.751013
 10
96.35972
 20
-1.757349
 10
96.337812
 20
-1.76183
 10
96.305786
 20
-1.764507
 10
96.067547
 20
-1.764507
 10
96.035521
 20
-1.76183
  0
LWPOLYLINE
  5
BD
330
17
100
AcDbEntity
  8
VISTA
100
AcDbPolyline
 90
12
 70
1
 10
92.98349999999999
 20
-1.839333
 10
93.9765
 20
-1.839333
 10
93.978974
 20
-1.838308
 10
93.98
 20
-1.835833
 10
93.98
 20
-1.619722
 10
93.978974
 20
-1.617247
 10
93.9765
 20
-1.616222
 10
92.98349999999999
 20
-1.616222
 10
92.981025
 20
-1.617247
 10
92.98
 20
-1.619722
 10
92.98064600000001
 20
-1.83786
 10
92.98349999999999
 20
-1.839333
  0
LWPOLYLINE
  5
BE
330
17
100
AcDbEntity
  8
VISTA
100
AcDbPolyline
 90
4
 70
1
 10
92.981746
 20
-1.837587
 10
92.981746
 20
-1.838303
 10
92.98103
 20
-1.837587
 10
92.981746
 20
-1.837587
  0
LWPOLYLINE
  5
BF
330
17
100
AcDbEntity
  8
VISTA
100
AcDbPolyline
 90
4
 70
1
 10
92.98102734473606
 20
-1.837969889059458
 10
92.981288
 20
-1.838045
 10
92.98102734473606
 20
-1.8379698890594582
 10
92.98102734473606
 20
-1.837969889059458
  0
LWPOLYLINE
  5
C0
330
17
100
AcDbEntity
  8
VISTA
100
AcDbPolyline
 90
4
 70
1
 10
92.981746
 20
-1.617252
 10
92.981746
 20
-1.617969
 10
92.98103
 20
-1.617969
 10
92.981746
 20
-1.617252
  0
LWPOLYLINE
  5
C1
330
17
100
AcDbEntity
  8
VISTA
100
AcDbPolyline
 90
4
 70
1
 10
93.978711
 20
-1.838045
 10
93.978253
 20
-1.838303
 10
93.978253
 20
-1.837587
 10
93.978711
 20
-1.838045
  0
LWPOLYLINE
  5
C2
330
17
100
AcDbEntity
  8
VISTA
100
AcDbPolyline
 90
4
 70
1
 10
93.97897212346265
 20
-1.8379697541423832
 10
93.97897212346265
 20
-1.8379697541423834
 10
93.978711
 20
-1.838045
 10
93.97897212346265
 20
-1.8379697541423832
  0
LWPOLYLINE
  5
C3
330
17
100
AcDbEntity
  8
VISTA
100
AcDbPolyline
 90
4
 70
1
 10
93.978253
 20
-1.617252
 10
93.97897
 20
-1.617969
 10
93.978253
 20
-1.617969
 10
93.978253
 20
-1.617252
  0
LWPOLYLINE
  5
C4
330
17
100
AcDbEntity
  8
VISTA
100
AcDbPolyline
 90
5
 70
1
 10
93.025
 20
-1.621667
 10
93.025
 20
-1.639667
 10
93.934999
 20
-1.639667
 10
93.934999
 20
-1.621667
 10
93.025
 20
-1.621667
  0
LWPOLYLINE
  5
C5
330
17
100
AcDbEntity
  8
VISTA
100
AcDbPolyline
 90
5
 70
1
 10
93.0307
 20
-1.653222
 10
93.929999
 20
-1.652522
 10
93.929299
 20
-1.631222
 10
93.0307
 20
-1.631427
 10
93.0307
 20
-1.653222
  0
LWPOLYLINE
  5
C6
330
17
100
AcDbEntity
  8
VISTA
100
AcDbPolyline
 90
6
 70
1
 10
100.681173
 20
-7.208828
 10
100.684
 20
-7.21
 10
101.558828
 20
-7.208828
 10
101.558828
 20
-6.291172
 10
100.681173
 20
-6.291172
 10
100.681173
 20
-7.208828
  0
LWPOLYLINE
  5
C7
330
17
100
AcDbEntity
  8
VISTA
100
AcDbPolyline
 90
4
 70
1
 10
100.681692
 20
-7.208309
 10
100.682205
 20
-7.208528
 10
100.681473
 20
-7.208528
 10
100.681692
 20
-7.208309
  0
LWPOLYLINE
  5
C8
330
17
100
AcDbEntity
  8
VISTA
100
AcDbPolyline
 90
4
 70
1
 10
100.681692
 20
-6.291691
 10
100.681473
 20
-6.292205
 10
100.681473
 20
-6.291472
 10
100.681692
 20
-6.291691
  0
LWPOLYLINE
  5
C9
330
17
100
AcDbEntity
  8
VISTA
100
AcDbPolyline
 90
4
 70
1
 10
101.55831
 20
-6.291691
 10
101.557796
 20
-6.291472
 10
101.558529
 20
-6.291472
 10
101.55831
 20
-6.291691
  0
LWPOLYLINE
  5
CA
330
17
100
AcDbEntity
  8
VISTA
100
AcDbPolyline
 90
4
 70
1
 10
101.558529
 20
-7.208528
 10
101.557796
 20
-7.208528
 10
101.55831
 20
-7.208309
 10
101.558529
 20
-7.208528
  0
LWPOLYLINE
  5
CB
330
17
100
AcDbEntity
  8
VISTA
100
AcDbPolyline
 90
8
 70
1
 10
95.938
 20
-9.372
 10
95.94
 20
-9.37
 10
95.94
 20
-9.349999
 10
95.938
 20
-9.348
 10
95.562
 20
-9.348
 10
95.56
 20
-9.349999
 10
95.560586
 20
-9.371414
 10
95.938
 20
-9.372
  0
LWPOLYLINE
  5
CC
330
17
100
AcDbEntity
  8
VISTA
100
AcDbPolyline
 90
8
 70
1
 10
95.938
 20
-9.732
 10
95.94
 20
-9.73
 10
95.94
 20
-9.71
 10
95.938
 20
-9.708
 10
95.562
 20
-9.708
 10
95.56
 20
-9.71
 10
95.560586
 20
-9.731415
 10
95.938
 20
-9.732
  0
LWPOLYLINE
  5
CD
330
17
100
AcDbEntity
  8
VISTA
100
AcDbPolyline
 90
8
 70
1
 10
97.337999
 20
-9.372
 10
97.34
 20
-9.37
 10
97.34
 20
-9.349999
 10
97.337999
 20
-9.348
 10
96.962
 20
-9.348
 10
96.959999
 20
-9.349999
 10
96.960585
 20
-9.371414
 10
97.337999
 20
-9.372
  0
LWPOLYLINE
  5
CE
330
17
100
AcDbEntity
  8
VISTA
100
AcDbPolyline
 90
8
 70
1
 10
97.337999
 20
-9.732
 10
97.34
 20
-9.73
 10
97.34
 20
-9.71
 10
97.337999
 20
-9.708
 10
96.962
 20
-9.708
 10
96.959999
 20
-9.71
 10
96.960585
 20
-9.731415
 10
97.337999
 20
-9.732
  0
LWPOLYLINE
  5
CF
330
17
100
AcDbEntity
  8
VISTA
100
AcDbPolyline
 90
8
 70
1
 10
95.938
 20
-10.892
 10
95.94
 20
-10.89
 10
95.94
 20
-10.87
 10
95.938
 20
-10.868
 10
95.562
 20
-10.868
 10
95.56
 20
-10.87
 10
95.560586
 20
-10.891415
 10
95.938
 20
-10.892
  0
LWPOLYLINE
  5
D0
330
17
100
AcDbEntity
  8
VISTA
100
AcDbPolyline
 90
8
 70
1
 10
95.938
 20
-11.252
 10
95.94
 20
-11.25
 10
95.94
 20
-11.23
 10
95.938
 20
-11.228
 10
95.562
 20
-11.228
 10
95.56
 20
-11.23
 10
95.560586
 20
-11.251414
 10
95.938
 20
-11.252
  0
LWPOLYLINE
  5
D1
330
17
100
AcDbEntity
  8
VISTA
100
AcDbPolyline
 90
8
 70
1
 10
97.337999
 20
-10.892
 10
97.34
 20
-10.89
 10
97.34
 20
-10.87
 10
97.337999
 20
-10.868
 10
96.962
 20
-10.868
 10
96.959999
 20
-10.87
 10
96.960585
 20
-10.891415
 10
97.337999
 20
-10.892
  0
LWPOLYLINE
  5
D2
330
17
100
AcDbEntity
  8
VISTA
100
AcDbPolyline
 90
8
 70
1
 10
97.337999
 20
-11.252
 10
97.34
 20
-11.25
 10
97.34
 20
-11.23
 10
97.337999
 20
-11.228
 10
96.962
 20
-11.228
 10
96.959999
 20
-11.23
 10
96.960585
 20
-11.251414
 10
97.337999
 20
-11.252
  0
LWPOLYLINE
  5
D3
330
17
100
AcDbEntity
  8
VISTA
100
AcDbPolyline
 90
44
 70
1
 10
99.639999
 20
-1.35
 10
99.641527
 20
-1.404917
 10
99.646097
 20
-1.448267
 10
99.656021
 20
-1.496102
 10
99.66723999999999
 20
-1.530156
 10
99.685211
 20
-1.567574
 10
99.707365
 20
-1.599069
 10
99.727959
 20
-1.619787
 10
99.757181
 20
-1.639824
 10
99.790438
 20
-1.653103
 10
99.829323
 20
-1.659436
 10
99.870676
 20
-1.659436
 10
99.902349
 20
-1.654929
 10
99.936504
 20
-1.643028
 10
99.966505
 20
-1.624323
 10
99.992634
 20
-1.599069
 10
100.010685
 20
-1.574357
 10
100.026087
 20
-1.545816
 10
100.038727
 20
-1.513584
 10
100.048502
 20
-1.477698
 10
100.058472
 20
-1.404917
 10
100.059139
 20
-1.30695
 10
100.050488
 20
-1.23186
 10
100.032759
 20
-1.169844
 10
100.02249
 20
-1.146698
 10
100.006416
 20
-1.1191
 10
99.98772
 20
-1.095371
 10
99.97203999999999
 20
-1.080213
 10
99.948973
 20
-1.06365
 10
99.923386
 20
-1.051383
 10
99.894909
 20
-1.043523
 10
99.870676
 20
-1.040564
 10
99.829323
 20
-1.040564
 10
99.797649
 20
-1.04507
 10
99.76997
 20
-1.054041
 10
99.745028
 20
-1.067393
 10
99.727959
 20
-1.080213
 10
99.707365
 20
-1.100931
 10
99.689314
 20
-1.125643
 10
99.673912
 20
-1.154184
 10
99.661272
 20
-1.186416
 10
99.651497
 20
-1.222302
 10
99.641527
 20
-1.295083
 10
99.639999
 20
-1.35
  0
LWPOLYLINE
  5
D4
330
17
100
AcDbEntity
  8
VISTA
100
AcDbPolyline
 90
44
 70
1
 10
101.32
 20
-10.58
 10
101.321527
 20
-10.634916
 10
101.326097
 20
-10.678267
 10
101.336021
 20
-10.726102
 10
101.34724
 20
-10.760155
 10
101.365211
 20
-10.797574
 10
101.387365
 20
-10.829068
 10
101.407959
 20
-10.849787
 10
101.437181
 20
-10.869823
 10
101.470438
 20
-10.883102
 10
101.509323
 20
-10.889435
 10
101.550676
 20
-10.889435
 10
101.58235
 20
-10.884929
 10
101.616505
 20
-10.873028
 10
101.646505
 20
-10.854322
 10
101.672634
 20
-10.829068
 10
101.690685
 20
-10.804357
 10
101.706087
 20
-10.775816
 10
101.718727
 20
-10.743584
 10
101.72850199999999
 20
-10.707698
 10
101.738472
 20
-10.634916
 10
101.73913999999999
 20
-10.53695
 10
101.73048800000001
 20
-10.46186
 10
101.712759
 20
-10.399844
 10
101.70249
 20
-10.376698
 10
101.686417
 20
-10.349099
 10
101.667721
 20
-10.32537
 10
101.65204
 20
-10.310212
 10
101.628973
 20
-10.29365
 10
101.603386
 20
-10.281383
 10
101.574909
 20
-10.273522
 10
101.550676
 20
-10.270564
 10
101.509323
 20
-10.270564
 10
101.47765
 20
-10.27507
 10
101.44997000000001
 20
-10.28404
 10
101.425028
 20
-10.297393
 10
101.407959
 20
-10.310212
 10
101.387365
 20
-10.330931
 10
101.369314
 20
-10.355642
 10
101.35391200000001
 20
-10.384183
 10
101.341272
 20
-10.416415
 10
101.331497
 20
-10.452301
 10
101.321527
 20
-10.525083
 10
101.32
 20
-10.58
  0
LWPOLYLINE
  5
D5
330
17
100
AcDbEntity
  8
VISTA
100
AcDbPolyline
 90
8
 70
1
 10
95.976
 20
-9.464001
 10
95.98
 20
-9.46
 10
95.98
 20
-9.320001
 10
95.976
 20
-9.316
 10
95.524
 20
-9.316
 10
95.52
 20
-9.320001
 10
95.521172
 20
-9.462829
 10
95.976
 20
-9.464001
  0
LWPOLYLINE
  5
D6
330
17
100
AcDbEntity
  8
VISTA
100
AcDbPolyline
 90
8
 70
1
 10
95.976
 20
-9.614
 10
95.98
 20
-9.61
 10
95.98
 20
-9.47
 10
95.976
 20
-9.466
 10
95.524
 20
-9.466
 10
95.52
 20
-9.47
 10
95.521172
 20
-9.612828
 10
95.976
 20
-9.614
  0
LWPOLYLINE
  5
D7
330
17
100
AcDbEntity
  8
VISTA
100
AcDbPolyline
 90
8
 70
1
 10
95.976
 20
-9.764
 10
95.98
 20
-9.759999
 10
95.98
 20
-9.62
 10
95.976
 20
-9.615999
 10
95.524
 20
-9.615999
 10
95.52
 20
-9.62
 10
95.521172
 20
-9.762828
 10
95.976
 20
-9.764
  0
LWPOLYLINE
  5
D8
330
17
100
AcDbEntity
  8
VISTA
100
AcDbPolyline
 90
8
 70
1
 10
97.37599900000001
 20
-9.464001
 10
97.379999
 20
-9.46
 10
97.379999
 20
-9.320001
 10
97.37599900000001
 20
-9.316
 10
96.924
 20
-9.316
 10
96.92
 20
-9.320001
 10
96.921171
 20
-9.462829
 10
97.37599900000001
 20
-9.464001
  0
LWPOLYLINE
  5
D9
330
17
100
AcDbEntity
  8
VISTA
100
AcDbPolyline
 90
8
 70
1
 10
97.37599900000001
 20
-9.614
 10
97.379999
 20
-9.61
 10
97.379999
 20
-9.47
 10
97.37599900000001
 20
-9.466
 10
96.924
 20
-9.466
 10
96.92
 20
-9.47
 10
96.921171
 20
-9.612828
 10
97.37599900000001
 20
-9.614
  0
LWPOLYLINE
  5
DA
330
17
100
AcDbEntity
  8
VISTA
100
AcDbPolyline
 90
8
 70
1
 10
97.37599900000001
 20
-9.764
 10
97.379999
 20
-9.759999
 10
97.379999
 20
-9.62
 10
97.37599900000001
 20
-9.615999
 10
96.924
 20
-9.615999
 10
96.92
 20
-9.62
 10
96.921171
 20
-9.762828
 10
97.37599900000001
 20
-9.764
  0
LWPOLYLINE
  5
DB
330
17
100
AcDbEntity
  8
VISTA
100
AcDbPolyline
 90
8
 70
1
 10
95.976
 20
-10.984
 10
95.98
 20
-10.98
 10
95.98
 20
-10.84
 10
95.976
 20
-10.835999
 10
95.524
 20
-10.835999
 10
95.52
 20
-10.84
 10
95.521172
 20
-10.982828
 10
95.976
 20
-10.984
  0
LWPOLYLINE
  5
DC
330
17
100
AcDbEntity
  8
VISTA
100
AcDbPolyline
 90
8
 70
1
 10
95.976
 20
-11.134001
 10
95.98
 20
-11.13
 10
95.98
 20
-10.990001
 10
95.976
 20
-10.986
 10
95.524
 20
-10.986
 10
95.52
 20
-10.990001
 10
95.521172
 20
-11.132829
 10
95.976
 20
-11.134001
  0
LWPOLYLINE
  5
DD
330
17
100
AcDbEntity
  8
VISTA
100
AcDbPolyline
 90
8
 70
1
 10
95.976
 20
-11.284
 10
95.98
 20
-11.28
 10
95.98
 20
-11.14
 10
95.976
 20
-11.136
 10
95.524
 20
-11.136
 10
95.52
 20
-11.14
 10
95.521172
 20
-11.282828
 10
95.976
 20
-11.284
  0
LWPOLYLINE
  5
DE
330
17
100
AcDbEntity
  8
VISTA
100
AcDbPolyline
 90
8
 70
1
 10
97.37599900000001
 20
-10.984
 10
97.379999
 20
-10.98
 10
97.379999
 20
-10.84
 10
97.37599900000001
 20
-10.835999
 10
96.924
 20
-10.835999
 10
96.92
 20
-10.84
 10
96.921171
 20
-10.982828
 10
97.37599900000001
 20
-10.984
  0
LWPOLYLINE
  5
DF
330
17
100
AcDbEntity
  8
VISTA
100
AcDbPolyline
 90
8
 70
1
 10
97.37599900000001
 20
-11.134001
 10
97.379999
 20
-11.13
 10
97.379999
 20
-10.990001
 10
97.37599900000001
 20
-10.986
 10
96.924
 20
-10.986
 10
96.92
 20
-10.990001
 10
96.921171
 20
-11.132829
 10
97.37599900000001
 20
-11.134001
  0
LWPOLYLINE
  5
E0
330
17
100
AcDbEntity
  8
VISTA
100
AcDbPolyline
 90
8
 70
1
 10
97.37599900000001
 20
-11.284
 10
97.379999
 20
-11.28
 10
97.379999
 20
-11.14
 10
97.37599900000001
 20
-11.136
 10
96.924
 20
-11.136
 10
96.92
 20
-11.14
 10
96.921171
 20
-11.282828
 10
97.37599900000001
 20
-11.284
  0
LWPOLYLINE
  5
E1
330
17
100
AcDbEntity
  8
VISTA
100
AcDbPolyline
 90
37
 70
1
 10
94.911091
 20
-1.744168
 10
94.938511
 20
-1.764386
 10
94.97307
 20
-1.778661
 10
95.018665
 20
-1.787171
 10
95.113334
 20
-1.79
 10
95.208002
 20
-1.787171
 10
95.253597
 20
-1.778661
 10
95.288157
 20
-1.764386
 10
95.315577
 20
-1.744168
 10
95.337238
 20
-1.717645
 10
95.353749
 20
-1.684068
 10
95.365407
 20
-1.641751
 10
95.372356
 20
-1.58592
 10
95.374667
 20
-1.47
 10
95.372356
 20
-1.35408
 10
95.365407
 20
-1.298249
 10
95.353749
 20
-1.255932
 10
95.337238
 20
-1.222355
 10
95.315577
 20
-1.195832
 10
95.288157
 20
-1.175614
 10
95.253597
 20
-1.161339
 10
95.208002
 20
-1.152829
 10
95.113334
 20
-1.15
 10
95.018665
 20
-1.152829
 10
94.97307
 20
-1.161339
 10
94.938511
 20
-1.175614
 10
94.911091
 20
-1.195832
 10
94.889429
 20
-1.222355
 10
94.872918
 20
-1.255932
 10
94.86126
 20
-1.298249
 10
94.854311
 20
-1.35408
 10
94.852
 20
-1.47
 10
94.854311
 20
-1.58592
 10
94.86126
 20
-1.641751
 10
94.872918
 20
-1.684068
 10
94.889429
 20
-1.717645
 10
94.911091
 20
-1.744168
  0
LWPOLYLINE
  5
E2
330
17
100
AcDbEntity
  8
VISTA
100
AcDbPolyline
 90
4
 70
1
 10
95.23045085836117
 20
-1.7819877939949749
 10
95.23045085836117
 20
-1.7819877939949746
 10
95.23045085836117
 20
-1.7819877939949749
 10
95.23045085836117
 20
-1.7819877939949749
  0
LWPOLYLINE
  5
E3
330
17
100
AcDbEntity
  8
VISTA
100
AcDbPolyline
 90
37
 70
1
 10
95.447757
 20
-1.744168
 10
95.475177
 20
-1.764386
 10
95.509736
 20
-1.778661
 10
95.555331
 20
-1.787171
 10
95.65
 20
-1.79
 10
95.744668
 20
-1.787171
 10
95.790263
 20
-1.778661
 10
95.824822
 20
-1.764386
 10
95.852242
 20
-1.744168
 10
95.873903
 20
-1.717645
 10
95.890415
 20
-1.684068
 10
95.902073
 20
-1.641751
 10
95.909023
 20
-1.58592
 10
95.911333
 20
-1.47
 10
95.909023
 20
-1.35408
 10
95.902073
 20
-1.298249
 10
95.890415
 20
-1.255932
 10
95.873903
 20
-1.222355
 10
95.852242
 20
-1.195832
 10
95.824822
 20
-1.175614
 10
95.790263
 20
-1.161339
 10
95.744668
 20
-1.152829
 10
95.65
 20
-1.15
 10
95.555331
 20
-1.152829
 10
95.509736
 20
-1.161339
 10
95.475177
 20
-1.175614
 10
95.447757
 20
-1.195832
 10
95.426096
 20
-1.222355
 10
95.409584
 20
-1.255932
 10
95.397926
 20
-1.298249
 10
95.390976
 20
-1.35408
 10
95.388666
 20
-1.47
 10
95.390976
 20
-1.58592
 10
95.397926
 20
-1.641751
 10
95.409584
 20
-1.684068
 10
95.426096
 20
-1.717645
 10
95.447757
 20
-1.744168
  0
LWPOLYLINE
  5
E4
330
17
100
AcDbEntity
  8
VISTA
100
AcDbPolyline
 90
4
 70
1
 10
95.83797389506475
 20
-1.7534331920604675
 10
95.83797389506475
 20
-1.7534331920604687
 10
95.83797389506475
 20
-1.7534331920604695
 10
95.83797389506475
 20
-1.7534331920604675
  0
LWPOLYLINE
  5
E5
330
17
100
AcDbEntity
  8
VISTA
100
AcDbPolyline
 90
4
 70
1
 10
95.87315039327662
 20
-1.6918979945595045
 10
95.87315039327662
 20
-1.6918979945595056
 10
95.87315039327662
 20
-1.6918979945595067
 10
95.87315039327662
 20
-1.6918979945595045
  0
LWPOLYLINE
  5
E6
330
17
100
AcDbEntity
  8
VISTA
100
AcDbPolyline
 90
37
 70
1
 10
95.984424
 20
-1.744168
 10
96.011845
 20
-1.764386
 10
96.046404
 20
-1.778661
 10
96.091999
 20
-1.787171
 10
96.186666
 20
-1.79
 10
96.281334
 20
-1.787171
 10
96.326929
 20
-1.778661
 10
96.36148800000001
 20
-1.764386
 10
96.38891
 20
-1.744168
 10
96.41057
 20
-1.717645
 10
96.427082
 20
-1.684068
 10
96.43874
 20
-1.641751
 10
96.44569
 20
-1.58592
 10
96.44800000000001
 20
-1.47
 10
96.44569
 20
-1.35408
 10
96.43874
 20
-1.298249
 10
96.427082
 20
-1.255932
 10
96.41057
 20
-1.222355
 10
96.38891
 20
-1.195832
 10
96.36148800000001
 20
-1.175614
 10
96.326929
 20
-1.161339
 10
96.281334
 20
-1.152829
 10
96.186666
 20
-1.15
 10
96.091999
 20
-1.152829
 10
96.046404
 20
-1.161339
 10
96.011845
 20
-1.175614
 10
95.984424
 20
-1.195832
 10
95.962763
 20
-1.222355
 10
95.946251
 20
-1.255932
 10
95.934593
 20
-1.298249
 10
95.927643
 20
-1.35408
 10
95.925333
 20
-1.47
 10
95.927643
 20
-1.58592
 10
95.934593
 20
-1.641751
 10
95.946251
 20
-1.684068
 10
95.962763
 20
-1.717645
 10
95.984424
 20
-1.744168
  0
LWPOLYLINE
  5
E7
330
17
100
AcDbEntity
  8
VISTA
100
AcDbPolyline
 90
31
 70
1
 10
99.660101
 20
-1.273511
 10
99.661625
 20
-1.311873
 10
99.66818
 20
-1.349417
 10
99.67959400000001
 20
-1.385138
 10
99.695559
 20
-1.418082
 10
99.715649
 20
-1.44737
 10
99.739328
 20
-1.472219
 10
99.765965
 20
-1.4912
 10
99.934034
 20
-1.4912
 10
99.955557
 20
-1.476595
 10
99.979881
 20
-1.452718
 10
99.996872
 20
-1.430282
 10
100.014544
 20
-1.3987
 10
100.029917
 20
-1.356738
 10
100.039085
 20
-1.304234
 10
100.039085
 20
-1.258166
 10
100.029917
 20
-1.205662
 10
100.011349
 20
-1.157104
 10
99.988674
 20
-1.120556
 10
99.955557
 20
-1.085804
 10
99.916927
 20
-1.061262
 10
99.880949
 20
-1.049338
 10
99.862427
 20
-1.046703
 10
99.837572
 20
-1.046703
 10
99.80082300000001
 20
-1.054207
 10
99.760433
 20
-1.073948
 10
99.724724
 20
-1.104517
 10
99.695559
 20
-1.144318
 10
99.67446100000001
 20
-1.191269
 10
99.663651
 20
-1.235353
 10
99.660101
 20
-1.273511
  0
LWPOLYLINE
  5
E8
330
17
100
AcDbEntity
  8
VISTA
100
AcDbPolyline
 90
33
 70
1
 10
99.813713
 20
-1.431703
 10
99.791075
 20
-1.419512
 10
99.7707
 20
-1.401814
 10
99.753372
 20
-1.379289
 10
99.73975899999999
 20
-1.352802
 10
99.731632
 20
-1.328434
 10
99.726068
 20
-1.29741
 10
99.725267
 20
-1.265572
 10
99.728264
 20
-1.2393
 10
99.736141
 20
-1.209135
 10
99.748394
 20
-1.181547
 10
99.764551
 20
-1.157597
 10
99.783991
 20
-1.138205
 10
99.805967
 20
-1.124115
 10
99.829638
 20
-1.11587
 10
99.85409
 20
-1.113787
 10
99.878384
 20
-1.117945
 10
99.901588
 20
-1.128184
 10
99.92281
 20
-1.144112
 10
99.941233
 20
-1.165116
 10
99.95615000000001
 20
-1.190389
 10
99.968367
 20
-1.223966
 10
99.97393
 20
-1.254989
 10
99.97473099999999
 20
-1.286828
 10
99.970739
 20
-1.318258
 10
99.962109
 20
-1.348072
 10
99.949169
 20
-1.375124
 10
99.932417
 20
-1.398374
 10
99.908924
 20
-1.419512
 10
99.886286
 20
-1.431703
 10
99.862251
 20
-1.437917
 10
99.837748
 20
-1.437917
 10
99.813713
 20
-1.431703
  0
LWPOLYLINE
  5
E9
330
17
100
AcDbEntity
  8
VISTA
100
AcDbPolyline
 90
31
 70
1
 10
101.340101
 20
-10.64111
 10
101.342537
 20
-10.68708
 10
101.350082
 20
-10.724338
 10
101.36243400000001
 20
-10.759578
 10
101.383127
 20
-10.797882
 10
101.404724
 20
-10.825482
 10
101.434999
 20
-10.852316
 10
101.463072
 20
-10.868737
 10
101.49905
 20
-10.880661
 10
101.529999
 20
-10.8838
 10
101.560949
 20
-10.880661
 10
101.59107399999999
 20
-10.871328
 10
101.625
 20
-10.852316
 10
101.650534
 20
-10.830457
 10
101.67285
 20
-10.803746
 10
101.69454400000001
 20
-10.766299
 10
101.709917
 20
-10.724338
 10
101.719086
 20
-10.671834
 10
101.719086
 20
-10.625766
 10
101.71181899999999
 20
-10.580583
 10
101.697565
 20
-10.538021
 10
101.67285
 20
-10.493854
 10
101.645664
 20
-10.462361
 10
101.614035
 20
-10.4388
 10
101.445965
 20
-10.4388
 10
101.440434
 20
-10.441548
 10
101.404724
 20
-10.472117
 10
101.375559
 20
-10.511917
 10
101.354462
 20
-10.558869
 10
101.343651
 20
-10.602953
 10
101.340101
 20
-10.64111
  0
LWPOLYLINE
  5
EA
330
17
100
AcDbEntity
  8
VISTA
100
AcDbPolyline
 90
33
 70
1
 10
101.493713
 20
-10.809302
 10
101.471075
 20
-10.797112
 10
101.450701
 20
-10.779414
 10
101.43337199999999
 20
-10.756888
 10
101.41976
 20
-10.730402
 10
101.410381
 20
-10.700971
 10
101.406069
 20
-10.67501
 10
101.405268
 20
-10.643171
 10
101.40926
 20
-10.611741
 10
101.417891
 20
-10.581927
 10
101.43083
 20
-10.554875
 10
101.444551
 20
-10.535196
 10
101.463991
 20
-10.515804
 10
101.485968
 20
-10.501715
 10
101.509638
 20
-10.49347
 10
101.53408999999999
 20
-10.491386
 10
101.558384
 20
-10.495544
 10
101.58158900000001
 20
-10.505784
 10
101.60281
 20
-10.521712
 10
101.62398
 20
-10.546656
 10
101.638252
 20
-10.57255
 10
101.64836700000001
 20
-10.601565
 10
101.653931
 20
-10.632589
 10
101.654732
 20
-10.664428
 10
101.65074
 20
-10.695858
 10
101.642109
 20
-10.725672
 10
101.626627
 20
-10.756888
 10
101.609299
 20
-10.779414
 10
101.58892399999999
 20
-10.797112
 10
101.566286
 20
-10.809302
 10
101.542252
 20
-10.815517
 10
101.517748
 20
-10.815517
 10
101.493713
 20
-10.809302
  0
LWPOLYLINE
  5
EB
330
17
100
AcDbEntity
  8
VISTA
100
AcDbPolyline
 90
4
 70
1
 10
101.40197650000059
 20
-10.767066999999587
 10
101.40197650000076
 20
-10.767066999999471
 10
101.40197650000096
 20
-10.767066999999324
 10
101.40197650000059
 20
-10.767066999999587
  0
LWPOLYLINE
  5
EC
330
17
100
AcDbEntity
  8
VISTA
100
AcDbPolyline
 90
4
 70
1
 10
101.39843314216081
 20
-10.762117604779599
 10
101.39843314216075
 20
-10.762117604779638
 10
101.39843314216101
 20
-10.762117604779469
 10
101.39843314216081
 20
-10.762117604779599
  0
LWPOLYLINE
  5
ED
330
17
100
AcDbEntity
  8
VISTA
100
AcDbPolyline
 90
4
 70
1
 10
101.41857592488212
 20
-10.510695692589522
 10
101.41857592488218
 20
-10.510695692589593
 10
101.41857592488219
 20
-10.510695692589612
 10
101.41857592488212
 20
-10.510695692589522
  0
LWPOLYLINE
  5
EE
330
17
100
AcDbEntity
  8
VISTA
100
AcDbPolyline
 90
4
 70
1
 10
101.44681420434138
 20
-10.482491805715895
 10
101.44681420434135
 20
-10.482491805715838
 10
101.44681420434142
 20
-10.482491805715977
 10
101.44681420434138
 20
-10.482491805715895
  0
LWPOLYLINE
  5
EF
330
17
100
AcDbEntity
  8
VISTA
100
AcDbPolyline
 90
4
 70
1
 10
101.54226581013887
 20
-10.815662583145349
 10
101.54226581013884
 20
-10.815662583144947
 10
101.54226581013889
 20
-10.815662583145361
 10
101.54226581013887
 20
-10.815662583145349
  0
LWPOLYLINE
  5
F0
330
17
100
AcDbEntity
  8
VISTA
100
AcDbPolyline
 90
4
 70
1
 10
101.53487779803154
 20
-10.841199197933989
 10
101.53487779803174
 20
-10.841199197940306
 10
101.5348777980318
 20
-10.841199197942569
 10
101.53487779803154
 20
-10.841199197933989
  0
LWPOLYLINE
  5
F1
330
17
100
AcDbEntity
  8
VISTA
100
AcDbPolyline
 90
4
 70
1
 10
101.67575337847029
 20
-10.727449111173573
 10
101.67575337847079
 20
-10.727449111173765
 10
101.67575337847055
 20
-10.727449111173673
 10
101.67575337847029
 20
-10.727449111173573
  0
LWPOLYLINE
  5
F2
330
17
100
AcDbEntity
  8
VISTA
100
AcDbPolyline
 90
6
 70
1
 10
98.48349999999999
 20
-2.67
 10
98.938974
 20
-2.668975
 10
98.938974
 20
-2.211025
 10
98.481024
 20
-2.211025
 10
98.48064600000001
 20
-2.668526
 10
98.48349999999999
 20
-2.67
  0
LWPOLYLINE
  5
F3
330
17
100
AcDbEntity
  8
VISTA
100
AcDbPolyline
 90
4
 70
1
 10
98.481745
 20
-2.668254
 10
98.481745
 20
-2.66897
 10
98.48103
 20
-2.668254
 10
98.481745
 20
-2.668254
  0
LWPOLYLINE
  5
F4
330
17
100
AcDbEntity
  8
VISTA
100
AcDbPolyline
 90
4
 70
1
 10
98.481745
 20
-2.21103
 10
98.481745
 20
-2.211746
 10
98.48103
 20
-2.211746
 10
98.481745
 20
-2.21103
  0
LWPOLYLINE
  5
F5
330
17
100
AcDbEntity
  8
VISTA
100
AcDbPolyline
 90
4
 70
1
 10
98.938969
 20
-2.668254
 10
98.938253
 20
-2.66897
 10
98.938253
 20
-2.668254
 10
98.938969
 20
-2.668254
  0
LWPOLYLINE
  5
F6
330
17
100
AcDbEntity
  8
VISTA
100
AcDbPolyline
 90
4
 70
1
 10
98.938253
 20
-2.21103
 10
98.938969
 20
-2.211746
 10
98.938253
 20
-2.211746
 10
98.938253
 20
-2.21103
  0
LWPOLYLINE
  5
F7
330
17
100
AcDbEntity
  8
VISTA
100
AcDbPolyline
 90
6
 70
1
 10
99.5835
 20
-3.87
 10
100.038975
 20
-3.868975
 10
100.038975
 20
-3.411025
 10
99.581024
 20
-3.411025
 10
99.580647
 20
-3.868526
 10
99.5835
 20
-3.87
  0
LWPOLYLINE
  5
F8
330
17
100
AcDbEntity
  8
VISTA
100
AcDbPolyline
 90
4
 70
1
 10
99.581745
 20
-3.868254
 10
99.581745
 20
-3.86897
 10
99.58103
 20
-3.868254
 10
99.581745
 20
-3.868254
  0
LWPOLYLINE
  5
F9
330
17
100
AcDbEntity
  8
VISTA
100
AcDbPolyline
 90
4
 70
1
 10
99.58102681788151
 20
-3.8686363845718135
 10
99.581287
 20
-3.868712
 10
99.58102681788151
 20
-3.868636384571814
 10
99.58102681788151
 20
-3.8686363845718135
  0
LWPOLYLINE
  5
FA
330
17
100
AcDbEntity
  8
VISTA
100
AcDbPolyline
 90
4
 70
1
 10
99.581745
 20
-3.41103
 10
99.581745
 20
-3.411747
 10
99.58103
 20
-3.411747
 10
99.581745
 20
-3.41103
  0
LWPOLYLINE
  5
FB
330
17
100
AcDbEntity
  8
VISTA
100
AcDbPolyline
 90
4
 70
1
 10
100.03896900000001
 20
-3.868254
 10
100.038254
 20
-3.86897
 10
100.038254
 20
-3.868254
 10
100.03896900000001
 20
-3.868254
  0
LWPOLYLINE
  5
FC
330
17
100
AcDbEntity
  8
VISTA
100
AcDbPolyline
 90
4
 70
1
 10
100.038254
 20
-3.41103
 10
100.03896900000001
 20
-3.411747
 10
100.038254
 20
-3.411747
 10
100.038254
 20
-3.41103
  0
LWPOLYLINE
  5
FD
330
17
100
AcDbEntity
  8
VISTA
100
AcDbPolyline
 90
5
 70
1
 10
93.068999
 20
-1.956389
 10
93.89150000000001
 20
-1.955889
 10
93.891
 20
-1.921389
 10
93.068663
 20
-1.921688
 10
93.068999
 20
-1.956389
  0
LWPOLYLINE
  5
FE
330
17
100
AcDbEntity
  8
VISTA
100
AcDbPolyline
 90
5
 70
1
 10
93.187525
 20
-1.936414
 10
93.192474
 20
-1.936414
 10
93.192474
 20
-1.941364
 10
93.187525
 20
-1.941364
 10
93.187525
 20
-1.936414
  0
LWPOLYLINE
  5
FF
330
17
100
AcDbEntity
  8
VISTA
100
AcDbPolyline
 90
5
 70
1
 10
93.770906
 20
-1.935508
 10
93.773381
 20
-1.939795
 10
93.769094
 20
-1.94227
 10
93.76662
 20
-1.937983
 10
93.770906
 20
-1.935508
  0
LWPOLYLINE
  5
100
330
17
100
AcDbEntity
  8
VISTA
100
AcDbPolyline
 90
12
 70
1
 10
92.98349999999999
 20
-2.050444
 10
93.9765
 20
-2.050444
 10
93.978974
 20
-2.049419
 10
93.98
 20
-2.046944
 10
93.98
 20
-1.830833
 10
93.978974
 20
-1.828359
 10
93.9765
 20
-1.827333
 10
92.98349999999999
 20
-1.827333
 10
92.981025
 20
-1.828359
 10
92.98
 20
-1.830833
 10
92.98064600000001
 20
-2.048971
 10
92.98349999999999
 20
-2.050444
  0
LWPOLYLINE
  5
101
330
17
100
AcDbEntity
  8
VISTA
100
AcDbPolyline
 90
4
 70
1
 10
92.981746
 20
-2.048698
 10
92.981746
 20
-2.049414
 10
92.98103
 20
-2.048698
 10
92.981746
 20
-2.048698
  0
LWPOLYLINE
  5
102
330
17
100
AcDbEntity
  8
VISTA
100
AcDbPolyline
 90
4
 70
1
 10
92.981746
 20
-1.828364
 10
92.981746
 20
-1.82908
 10
92.98103
 20
-1.82908
 10
92.981746
 20
-1.828364
  0
LWPOLYLINE
  5
103
330
17
100
AcDbEntity
  8
VISTA
100
AcDbPolyline
 90
4
 70
1
 10
93.978711
 20
-2.049156
 10
93.978253
 20
-2.049414
 10
93.978253
 20
-2.048698
 10
93.978711
 20
-2.049156
  0
LWPOLYLINE
  5
104
330
17
100
AcDbEntity
  8
VISTA
100
AcDbPolyline
 90
4
 70
1
 10
93.978253
 20
-1.828364
 10
93.97897
 20
-1.82908
 10
93.978253
 20
-1.82908
 10
93.978253
 20
-1.828364
  0
LWPOLYLINE
  5
105
330
17
100
AcDbEntity
  8
VISTA
100
AcDbPolyline
 90
8
 70
1
 10
100.450001
 20
-9.778299
 10
100.4517
 20
-9.78
 10
100.588301
 20
-9.78
 10
100.59
 20
-9.778299
 10
100.59
 20
-9.1017
 10
100.588301
 20
-9.099999
 10
100.450716
 20
-9.100313
 10
100.450001
 20
-9.778299
  0
LWPOLYLINE
  5
106
330
17
100
AcDbEntity
  8
VISTA
100
AcDbPolyline
 90
5
 70
1
 10
93.025
 20
-1.832778
 10
93.025
 20
-1.850778
 10
93.934999
 20
-1.850778
 10
93.934999
 20
-1.832778
 10
93.025
 20
-1.832778
  0
LWPOLYLINE
  5
107
330
17
100
AcDbEntity
  8
VISTA
100
AcDbPolyline
 90
5
 70
1
 10
93.0307
 20
-1.864333
 10
93.929999
 20
-1.863633
 10
93.929299
 20
-1.842333
 10
93.0307
 20
-1.842538
 10
93.0307
 20
-1.864333
  0
LWPOLYLINE
  5
108
330
17
100
AcDbEntity
  8
VISTA
100
AcDbPolyline
 90
5
 70
1
 10
100.556002
 20
-0.399
 10
100.556002
 20
-0.22
 10
100.524
 20
-0.22
 10
100.524
 20
-0.399
 10
100.556002
 20
-0.399
  0
LWPOLYLINE
  5
109
330
17
100
AcDbEntity
  8
VISTA
100
AcDbPolyline
 90
5
 70
1
 10
101.011002
 20
-10.339
 10
101.011002
 20
-10.13
 10
100.979
 20
-10.13
 10
100.979
 20
-10.339
 10
101.011002
 20
-10.339
  0
LWPOLYLINE
  5
10A
330
17
100
AcDbEntity
  8
VISTA
100
AcDbPolyline
 90
9
 70
1
 10
100.400499
 20
-9.589999
 10
100.4195
 20
-9.589999
 10
100.422501
 20
-9.587
 10
100.422501
 20
-9.292999
 10
100.4195
 20
-9.29
 10
100.400499
 20
-9.29
 10
100.397499
 20
-9.292999
 10
100.397499
 20
-9.587
 10
100.400499
 20
-9.589999
  0
LWPOLYLINE
  5
10B
330
17
100
AcDbEntity
  8
VISTA
100
AcDbPolyline
 90
8
 70
1
 10
96.522001
 20
-5.12
 10
96.525
 20
-5.117
 10
96.525
 20
-5.101
 10
96.522001
 20
-5.098
 10
95.858001
 20
-5.098
 10
95.855
 20
-5.101
 10
95.855879
 20
-5.119122
 10
96.522001
 20
-5.12
  0
LWPOLYLINE
  5
10C
330
17
100
AcDbEntity
  8
VISTA
100
AcDbPolyline
 90
9
 70
1
 10
95.5515
 20
-9.350585
 10
95.9485
 20
-9.350585
 10
95.9525
 20
-9.346607
 10
95.9525
 20
-9.321392
 10
95.9485
 20
-9.317414
 10
95.5515
 20
-9.317414
 10
95.5475
 20
-9.321392
 10
95.5475
 20
-9.346607
 10
95.5515
 20
-9.350585
  0
LWPOLYLINE
  5
10D
330
17
100
AcDbEntity
  8
VISTA
100
AcDbPolyline
 90
9
 70
1
 10
96.9515
 20
-9.350585
 10
97.348499
 20
-9.350585
 10
97.352499
 20
-9.346607
 10
97.352499
 20
-9.321392
 10
97.348499
 20
-9.317414
 10
96.9515
 20
-9.317414
 10
96.9475
 20
-9.321392
 10
96.9475
 20
-9.346607
 10
96.9515
 20
-9.350585
  0
LWPOLYLINE
  5
10E
330
17
100
AcDbEntity
  8
VISTA
100
AcDbPolyline
 90
9
 70
1
 10
95.5475
 20
-11.278607
 10
95.5515
 20
-11.282585
 10
95.9485
 20
-11.282585
 10
95.9525
 20
-11.278607
 10
95.9525
 20
-11.253392
 10
95.9485
 20
-11.249414
 10
95.5515
 20
-11.249414
 10
95.5475
 20
-11.253392
 10
95.5475
 20
-11.278607
  0
LWPOLYLINE
  5
10F
330
17
100
AcDbEntity
  8
VISTA
100
AcDbPolyline
 90
9
 70
1
 10
96.9475
 20
-11.278607
 10
96.9515
 20
-11.282585
 10
97.348499
 20
-11.282585
 10
97.352499
 20
-11.278607
 10
97.352499
 20
-11.253392
 10
97.348499
 20
-11.249414
 10
96.9515
 20
-11.249414
 10
96.9475
 20
-11.253392
 10
96.9475
 20
-11.278607
  0
LWPOLYLINE
  5
110
330
17
100
AcDbEntity
  8
VISTA
100
AcDbPolyline
 90
5
 70
1
 10
95.854501
 20
-5.122
 10
96.52600100000001
 20
-5.1215
 10
96.52550099999999
 20
-5.115
 10
95.854501
 20
-5.115147
 10
95.854501
 20
-5.122
  0
LWPOLYLINE
  5
111
330
17
100
AcDbEntity
  8
VISTA
100
AcDbPolyline
 90
5
 70
1
 10
96.1985
 20
-3.2115
 10
96.502501
 20
-3.2105
 10
96.501501
 20
-3.1935
 10
96.197844
 20
-3.194127
 10
96.1985
 20
-3.2115
  0
LWPOLYLINE
  5
112
330
17
100
AcDbEntity
  8
VISTA
100
AcDbPolyline
 90
5
 70
1
 10
96.17099999999999
 20
-3.184
 10
96.188
 20
-3.185
 10
96.189001
 20
-2.916
 10
96.171345
 20
-2.915627
 10
96.17099999999999
 20
-3.184
  0
LWPOLYLINE
  5
113
330
17
100
AcDbEntity
  8
VISTA
100
AcDbPolyline
 90
5
 70
1
 10
96.1985
 20
-2.9065
 10
96.502501
 20
-2.9055
 10
96.501501
 20
-2.8885
 10
96.197844
 20
-2.889127
 10
96.1985
 20
-2.9065
  0
LWPOLYLINE
  5
114
330
17
100
AcDbEntity
  8
VISTA
100
AcDbPolyline
 90
5
 70
1
 10
96.511
 20
-3.184
 10
96.52799999999999
 20
-3.185
 10
96.529001
 20
-2.916
 10
96.511345
 20
-2.915627
 10
96.511
 20
-3.184
  0
LWPOLYLINE
  5
115
330
17
100
AcDbEntity
  8
VISTA
100
AcDbPolyline
 90
5
 70
1
 10
97.1385
 20
-3.2115
 10
97.442499
 20
-3.2105
 10
97.4415
 20
-3.1935
 10
97.137844
 20
-3.194127
 10
97.1385
 20
-3.2115
  0
LWPOLYLINE
  5
116
330
17
100
AcDbEntity
  8
VISTA
100
AcDbPolyline
 90
5
 70
1
 10
97.110998
 20
-3.184
 10
97.127998
 20
-3.185
 10
97.129
 20
-2.916
 10
97.111343
 20
-2.915627
 10
97.110998
 20
-3.184
  0
LWPOLYLINE
  5
117
330
17
100
AcDbEntity
  8
VISTA
100
AcDbPolyline
 90
5
 70
1
 10
97.1385
 20
-2.9065
 10
97.442499
 20
-2.9055
 10
97.4415
 20
-2.8885
 10
97.137844
 20
-2.889127
 10
97.1385
 20
-2.9065
  0
LWPOLYLINE
  5
118
330
17
100
AcDbEntity
  8
VISTA
100
AcDbPolyline
 90
5
 70
1
 10
97.450998
 20
-3.184
 10
97.46799899999999
 20
-3.185
 10
97.469
 20
-2.916
 10
97.451344
 20
-2.915627
 10
97.450998
 20
-3.184
  0
LWPOLYLINE
  5
119
330
17
100
AcDbEntity
  8
VISTA
100
AcDbPolyline
 90
5
 70
1
 10
100.264999
 20
-0.55
 10
100.295
 20
-0.55
 10
100.295
 20
-0.26
 10
100.264999
 20
-0.26
 10
100.264999
 20
-0.55
  0
LWPOLYLINE
  5
11A
330
17
100
AcDbEntity
  8
VISTA
100
AcDbPolyline
 90
5
 70
1
 10
100.785
 20
-0.55
 10
100.815001
 20
-0.55
 10
100.815001
 20
-0.26
 10
100.785
 20
-0.26
 10
100.785
 20
-0.55
  0
LWPOLYLINE
  5
11B
330
17
100
AcDbEntity
  8
VISTA
100
AcDbPolyline
 90
5
 70
1
 10
100.799999
 20
-10.52
 10
100.83
 20
-10.52
 10
100.83
 20
-10.17
 10
100.799999
 20
-10.17
 10
100.799999
 20
-10.52
  0
LWPOLYLINE
  5
11C
330
17
100
AcDbEntity
  8
VISTA
100
AcDbPolyline
 90
5
 70
1
 10
101.16
 20
-10.52
 10
101.190001
 20
-10.52
 10
101.190001
 20
-10.17
 10
101.16
 20
-10.17
 10
101.16
 20
-10.52
  0
LWPOLYLINE
  5
11D
330
17
100
AcDbEntity
  8
VISTA
100
AcDbPolyline
 90
35
 70
1
 10
94.636179
 20
-1.840661
 10
94.64429200000001
 20
-1.8583
 10
94.655243
 20
-1.870478
 10
94.67143
 20
-1.877637
 10
94.73
 20
-1.88
 10
94.788569
 20
-1.877637
 10
94.804756
 20
-1.870478
 10
94.815707
 20
-1.8583
 10
94.82382
 20
-1.840661
 10
94.829936
 20
-1.816752
 10
94.837564
 20
-1.742232
 10
94.839395
 20
-1.678955
 10
94.839999
 20
-1.45
 10
94.78452
 20
-1.45
 10
94.839999
 20
-1.449999
 10
94.837564
 20
-1.157768
 10
94.834449
 20
-1.114959
 10
94.829936
 20
-1.083248
 10
94.82382
 20
-1.059339
 10
94.815707
 20
-1.0417
 10
94.804756
 20
-1.029522
 10
94.788569
 20
-1.022363
 10
94.73
 20
-1.02
 10
94.67143
 20
-1.022363
 10
94.655243
 20
-1.029522
 10
94.64429200000001
 20
-1.0417
 10
94.636179
 20
-1.059339
 10
94.630063
 20
-1.083248
 10
94.622436
 20
-1.157768
 10
94.620605
 20
-1.221045
 10
94.62
 20
-1.450001
 10
94.620605
 20
-1.678955
 10
94.622436
 20
-1.742232
 10
94.630063
 20
-1.816752
 10
94.636179
 20
-1.840661
  0
LWPOLYLINE
  5
11E
330
17
100
AcDbEntity
  8
VISTA
100
AcDbPolyline
 90
35
 70
1
 10
96.476179
 20
-1.840661
 10
96.484291
 20
-1.8583
 10
96.495243
 20
-1.870478
 10
96.511431
 20
-1.877637
 10
96.57
 20
-1.88
 10
96.628569
 20
-1.877637
 10
96.644756
 20
-1.870478
 10
96.655708
 20
-1.8583
 10
96.66382
 20
-1.840661
 10
96.669937
 20
-1.816752
 10
96.677565
 20
-1.742232
 10
96.679396
 20
-1.678955
 10
96.68
 20
-1.45
 10
96.624521
 20
-1.45
 10
96.68
 20
-1.449999
 10
96.677565
 20
-1.157768
 10
96.674448
 20
-1.114959
 10
96.669937
 20
-1.083248
 10
96.66382
 20
-1.059339
 10
96.655708
 20
-1.0417
 10
96.644756
 20
-1.029522
 10
96.628569
 20
-1.022363
 10
96.57
 20
-1.02
 10
96.511431
 20
-1.022363
 10
96.495243
 20
-1.029522
 10
96.484291
 20
-1.0417
 10
96.476179
 20
-1.059339
 10
96.470062
 20
-1.083248
 10
96.462435
 20
-1.157768
 10
96.460604
 20
-1.221045
 10
96.459999
 20
-1.450001
 10
96.460604
 20
-1.678955
 10
96.462435
 20
-1.742232
 10
96.470062
 20
-1.816752
 10
96.476179
 20
-1.840661
  0
LWPOLYLINE
  5
11F
330
17
100
AcDbEntity
  8
VISTA
100
AcDbPolyline
 90
4
 70
1
 10
96.57
 20
-1.45
 10
96.56999783612149
 20
-1.4499920590367958
 10
96.5699978361215
 20
-1.4499920590368216
 10
96.57
 20
-1.45
  0
LWPOLYLINE
  5
120
330
17
100
AcDbEntity
  8
VISTA
100
AcDbPolyline
 90
5
 70
1
 10
100.24
 20
-0.57
 10
100.538
 20
-0.57
 10
100.538
 20
-0.552
 10
100.24
 20
-0.552
 10
100.24
 20
-0.57
  0
LWPOLYLINE
  5
121
330
17
100
AcDbEntity
  8
VISTA
100
AcDbPolyline
 90
5
 70
1
 10
100.542
 20
-0.57
 10
100.84
 20
-0.57
 10
100.84
 20
-0.552
 10
100.542
 20
-0.552
 10
100.542
 20
-0.57
  0
LWPOLYLINE
  5
122
330
17
100
AcDbEntity
  8
VISTA
100
AcDbPolyline
 90
5
 70
1
 10
100.775
 20
-10.54
 10
100.993
 20
-10.54
 10
100.993
 20
-10.522
 10
100.775
 20
-10.522
 10
100.775
 20
-10.54
  0
LWPOLYLINE
  5
123
330
17
100
AcDbEntity
  8
VISTA
100
AcDbPolyline
 90
5
 70
1
 10
100.997
 20
-10.54
 10
101.215
 20
-10.54
 10
101.215
 20
-10.522
 10
100.997
 20
-10.522
 10
100.997
 20
-10.54
  0
LWPOLYLINE
  5
124
330
17
100
AcDbEntity
  8
VISTA
100
AcDbPolyline
 90
13
 70
1
 10
96.166
 20
-3.24
 10
96.53399999999999
 20
-3.24
 10
96.53824399999999
 20
-3.238242
 10
96.540001
 20
-3.234
 10
96.540001
 20
-2.866
 10
96.53824399999999
 20
-2.861757
 10
96.53399999999999
 20
-2.86
 10
96.166
 20
-2.86
 10
96.161757
 20
-2.861757
 10
96.16
 20
-2.866
 10
96.16
 20
-3.234
 10
96.161757
 20
-3.238242
 10
96.166
 20
-3.24
  0
LWPOLYLINE
  5
125
330
17
100
AcDbEntity
  8
VISTA
100
AcDbPolyline
 90
13
 70
1
 10
97.105999
 20
-3.24
 10
97.47399899999999
 20
-3.24
 10
97.47824299999999
 20
-3.238242
 10
97.48
 20
-3.234
 10
97.48
 20
-2.866
 10
97.47824299999999
 20
-2.861757
 10
97.47399899999999
 20
-2.86
 10
97.105999
 20
-2.86
 10
97.101755
 20
-2.861757
 10
97.099998
 20
-2.866
 10
97.099998
 20
-3.234
 10
97.101755
 20
-3.238242
 10
97.105999
 20
-3.24
  0
LWPOLYLINE
  5
126
330
17
100
AcDbEntity
  8
VISTA
100
AcDbPolyline
 90
5
 70
1
 10
100.24
 20
-0.552
 10
100.257999
 20
-0.552
 10
100.257999
 20
-0.27
 10
100.24
 20
-0.27
 10
100.24
 20
-0.552
  0
LWPOLYLINE
  5
127
330
17
100
AcDbEntity
  8
VISTA
100
AcDbPolyline
 90
5
 70
1
 10
100.822001
 20
-0.552
 10
100.84
 20
-0.552
 10
100.84
 20
-0.27
 10
100.822001
 20
-0.27
 10
100.822001
 20
-0.552
  0
LWPOLYLINE
  5
128
330
17
100
AcDbEntity
  8
VISTA
100
AcDbPolyline
 90
5
 70
1
 10
100.822001
 20
-0.282
 10
100.822001
 20
-0.27
 10
100.257999
 20
-0.27
 10
100.257999
 20
-0.282
 10
100.822001
 20
-0.282
  0
LWPOLYLINE
  5
129
330
17
100
AcDbEntity
  8
VISTA
100
AcDbPolyline
 90
5
 70
1
 10
100.775
 20
-10.522
 10
100.792999
 20
-10.522
 10
100.792999
 20
-10.18
 10
100.775
 20
-10.18
 10
100.775
 20
-10.522
  0
LWPOLYLINE
  5
12A
330
17
100
AcDbEntity
  8
VISTA
100
AcDbPolyline
 90
5
 70
1
 10
101.197001
 20
-10.522
 10
101.215
 20
-10.522
 10
101.215
 20
-10.18
 10
101.197001
 20
-10.18
 10
101.197001
 20
-10.522
  0
LWPOLYLINE
  5
12B
330
17
100
AcDbEntity
  8
VISTA
100
AcDbPolyline
 90
5
 70
1
 10
101.197001
 20
-10.192
 10
101.197001
 20
-10.18
 10
100.792999
 20
-10.18
 10
100.792999
 20
-10.192
 10
101.197001
 20
-10.192
  0
LWPOLYLINE
  5
12C
330
17
100
AcDbEntity
  8
VISTA
100
AcDbPolyline
 90
5
 70
1
 10
93.068999
 20
-2.1675
 10
93.89150000000001
 20
-2.167
 10
93.891
 20
-2.1325
 10
93.0685
 20
-2.133
 10
93.068999
 20
-2.1675
  0
LWPOLYLINE
  5
12D
330
17
100
AcDbEntity
  8
VISTA
100
AcDbPolyline
 90
5
 70
1
 10
93.187525
 20
-2.147525
 10
93.192474
 20
-2.147525
 10
93.192474
 20
-2.152475
 10
93.187525
 20
-2.152475
 10
93.187525
 20
-2.147525
  0
LWPOLYLINE
  5
12E
330
17
100
AcDbEntity
  8
VISTA
100
AcDbPolyline
 90
5
 70
1
 10
93.770906
 20
-2.146619
 10
93.773381
 20
-2.150906
 10
93.769094
 20
-2.153381
 10
93.76662
 20
-2.149094
 10
93.770906
 20
-2.146619
  0
LWPOLYLINE
  5
12F
330
17
100
AcDbEntity
  8
VISTA
100
AcDbPolyline
 90
5
 70
1
 10
100.24
 20
-0.27
 10
100.24
 20
-0.57
 10
100.84
 20
-0.57
 10
100.84
 20
-0.27
 10
100.24
 20
-0.27
  0
LWPOLYLINE
  5
130
330
17
100
AcDbEntity
  8
VISTA
100
AcDbPolyline
 90
9
 70
1
 10
100.526144
 20
-0.422
 10
100.53586
 20
-0.414545
 10
100.548
 20
-0.416143
 10
100.55545599999999
 20
-0.425858
 10
100.553858
 20
-0.438
 10
100.544142
 20
-0.445455
 10
100.53200100000001
 20
-0.443856
 10
100.524546
 20
-0.434141
 10
100.526144
 20
-0.422
  0
LWPOLYLINE
  5
131
330
17
100
AcDbEntity
  8
VISTA
100
AcDbPolyline
 90
5
 70
1
 10
100.775
 20
-10.18
 10
100.775
 20
-10.54
 10
101.215
 20
-10.54
 10
101.215
 20
-10.18
 10
100.775
 20
-10.18
  0
LWPOLYLINE
  5
132
330
17
100
AcDbEntity
  8
VISTA
100
AcDbPolyline
 90
9
 70
1
 10
100.979546
 20
-10.365859
 10
100.98700099999999
 20
-10.356144
 10
100.999142
 20
-10.354545
 10
101.008858
 20
-10.362
 10
101.010456
 20
-10.374141
 10
101.003
 20
-10.383856
 10
100.99086
 20
-10.385455
 10
100.981144
 20
-10.378
 10
100.979546
 20
-10.365859
  0
LWPOLYLINE
  5
133
330
17
100
AcDbEntity
  8
VISTA
100
AcDbPolyline
 90
5
 70
1
 10
97.364
 20
-9.976
 10
97.365002
 20
-9.945
 10
95.536001
 20
-9.944
 10
95.535294
 20
-9.975707
 10
97.364
 20
-9.976
  0
LWPOLYLINE
  5
134
330
17
100
AcDbEntity
  8
VISTA
100
AcDbPolyline
 90
5
 70
1
 10
97.364
 20
-10.656
 10
97.365002
 20
-10.625
 10
95.536001
 20
-10.624001
 10
95.535294
 20
-10.655707
 10
97.364
 20
-10.656
  0
LWPOLYLINE
  5
135
330
17
100
AcDbEntity
  8
VISTA
100
AcDbPolyline
 90
5
 70
1
 10
95.576
 20
-10.639
 10
95.575001
 20
-9.96
 10
95.544001
 20
-9.961
 10
95.544293
 20
-10.639708
 10
95.576
 20
-10.639
  0
LWPOLYLINE
  5
136
330
17
100
AcDbEntity
  8
VISTA
100
AcDbPolyline
 90
5
 70
1
 10
97.35600099999999
 20
-10.639
 10
97.355
 20
-9.96
 10
97.323999
 20
-9.961
 10
97.324293
 20
-10.639708
 10
97.35600099999999
 20
-10.639
  0
LWPOLYLINE
  5
137
330
17
100
AcDbEntity
  8
VISTA
100
AcDbPolyline
 90
13
 70
1
 10
100.42
 20
-7.132
 10
100.422342
 20
-7.137657
 10
100.427999
 20
-7.14
 10
100.511999
 20
-7.14
 10
100.517656
 20
-7.137657
 10
100.519999
 20
-7.132
 10
100.519999
 20
-6.368
 10
100.517656
 20
-6.362343
 10
100.511999
 20
-6.36
 10
100.427999
 20
-6.36
 10
100.422342
 20
-6.362343
 10
100.42
 20
-6.368
 10
100.42
 20
-7.132
  0
LWPOLYLINE
  5
138
330
17
100
AcDbEntity
  8
VISTA
100
AcDbPolyline
 90
6
 70
1
 10
100.546318
 20
-7.348682
 10
101.693684
 20
-7.348682
 10
101.693684
 20
-6.151318
 10
100.54950099999999
 20
-6.15
 10
100.545
 20
-6.1545
 10
100.546318
 20
-7.348682
  0
LWPOLYLINE
  5
139
330
17
100
AcDbEntity
  8
VISTA
100
AcDbPolyline
 90
12
 70
1
 10
100.441172
 20
-9.798828
 10
100.444
 20
-9.799999
 10
100.556
 20
-9.799999
 10
100.558828
 20
-9.798828
 10
100.559999
 20
-9.796
 10
100.559999
 20
-9.084
 10
100.558828
 20
-9.081171
 10
100.556
 20
-9.08
 10
100.444
 20
-9.08
 10
100.441172
 20
-9.081171
 10
100.440001
 20
-9.084
 10
100.441172
 20
-9.798828
  0
LWPOLYLINE
  5
13A
330
17
100
AcDbEntity
  8
VISTA
100
AcDbPolyline
 90
4
 70
1
 10
100.44169
 20
-9.798309
 10
100.442205
 20
-9.798528
 10
100.441473
 20
-9.798528
 10
100.44169
 20
-9.798309
  0
LWPOLYLINE
  5
13B
330
17
100
AcDbEntity
  8
VISTA
100
AcDbPolyline
 90
4
 70
1
 10
100.44169
 20
-9.08169
 10
100.441473
 20
-9.082205
 10
100.441473
 20
-9.081471
 10
100.44169
 20
-9.08169
  0
LWPOLYLINE
  5
13C
330
17
100
AcDbEntity
  8
VISTA
100
AcDbPolyline
 90
4
 70
1
 10
100.55831
 20
-9.08169
 10
100.557795
 20
-9.081471
 10
100.558527
 20
-9.081471
 10
100.55831
 20
-9.08169
  0
LWPOLYLINE
  5
13D
330
17
100
AcDbEntity
  8
VISTA
100
AcDbPolyline
 90
4
 70
1
 10
100.558527
 20
-9.798528
 10
100.557795
 20
-9.798528
 10
100.55831
 20
-9.798309
 10
100.558527
 20
-9.798528
  0
LWPOLYLINE
  5
13E
330
17
100
AcDbEntity
  8
VISTA
100
AcDbPolyline
 90
8
 70
1
 10
98.7885
 20
-3.3325
 10
98.790501
 20
-3.3305
 10
98.790501
 20
-2.7895
 10
98.7885
 20
-2.7875
 10
98.7675
 20
-2.7875
 10
98.765499
 20
-2.7895
 10
98.766087
 20
-3.331914
 10
98.7885
 20
-3.3325
  0
LWPOLYLINE
  5
13F
330
17
100
AcDbEntity
  8
VISTA
100
AcDbPolyline
 90
8
 70
1
 10
99.7535
 20
-3.3325
 10
99.755501
 20
-3.3305
 10
99.755501
 20
-2.7895
 10
99.7535
 20
-2.7875
 10
99.7325
 20
-2.7875
 10
99.730499
 20
-2.7895
 10
99.731087
 20
-3.331914
 10
99.7535
 20
-3.3325
  0
LWPOLYLINE
  5
140
330
17
100
AcDbEntity
  8
VISTA
100
AcDbPolyline
 90
8
 70
1
 10
99.740498
 20
-2.7989
 10
99.742498
 20
-2.7969
 10
99.742498
 20
-2.7759
 10
99.740498
 20
-2.7739
 10
98.779499
 20
-2.7739
 10
98.77749800000001
 20
-2.7759
 10
98.778084
 20
-2.798314
 10
99.740498
 20
-2.7989
  0
LWPOLYLINE
  5
141
330
17
100
AcDbEntity
  8
VISTA
100
AcDbPolyline
 90
8
 70
1
 10
99.740498
 20
-3.3461
 10
99.742498
 20
-3.3441
 10
99.742498
 20
-3.3231
 10
99.740498
 20
-3.3211
 10
98.779499
 20
-3.3211
 10
98.77749800000001
 20
-3.3231
 10
98.778084
 20
-3.345514
 10
99.740498
 20
-3.3461
  0
LWPOLYLINE
  5
142
330
17
100
AcDbEntity
  8
VISTA
100
AcDbPolyline
 90
8
 70
1
 10
97.521
 20
-10.023
 10
97.525002
 20
-10.019
 10
97.525002
 20
-9.845
 10
97.521
 20
-9.841001
 10
95.379001
 20
-9.841001
 10
95.375001
 20
-9.845
 10
95.376172
 20
-10.021829
 10
97.521
 20
-10.023
  0
LWPOLYLINE
  5
143
330
17
100
AcDbEntity
  8
VISTA
100
AcDbPolyline
 90
8
 70
1
 10
97.521
 20
-10.207
 10
97.525002
 20
-10.203
 10
97.525002
 20
-10.029
 10
97.521
 20
-10.025001
 10
95.379001
 20
-10.025001
 10
95.375001
 20
-10.029
 10
95.376172
 20
-10.205829
 10
97.521
 20
-10.207
  0
LWPOLYLINE
  5
144
330
17
100
AcDbEntity
  8
VISTA
100
AcDbPolyline
 90
8
 70
1
 10
97.521
 20
-10.391
 10
97.525002
 20
-10.387
 10
97.525002
 20
-10.213
 10
97.521
 20
-10.209001
 10
95.379001
 20
-10.209001
 10
95.375001
 20
-10.213
 10
95.376172
 20
-10.389829
 10
97.521
 20
-10.391
  0
LWPOLYLINE
  5
145
330
17
100
AcDbEntity
  8
VISTA
100
AcDbPolyline
 90
8
 70
1
 10
97.521
 20
-10.575
 10
97.525002
 20
-10.571
 10
97.525002
 20
-10.397
 10
97.521
 20
-10.393001
 10
95.379001
 20
-10.393001
 10
95.375001
 20
-10.397
 10
95.376172
 20
-10.573829
 10
97.521
 20
-10.575
  0
LWPOLYLINE
  5
146
330
17
100
AcDbEntity
  8
VISTA
100
AcDbPolyline
 90
8
 70
1
 10
97.521
 20
-10.759
 10
97.525002
 20
-10.755
 10
97.525002
 20
-10.581
 10
97.521
 20
-10.577001
 10
95.379001
 20
-10.577001
 10
95.375001
 20
-10.581
 10
95.376172
 20
-10.757829
 10
97.521
 20
-10.759
  0
LWPOLYLINE
  5
147
330
17
100
AcDbEntity
  8
VISTA
100
AcDbPolyline
 90
9
 70
1
 10
95.5515
 20
-9.339086
 10
95.9485
 20
-9.339086
 10
95.9525
 20
-9.335108
 10
95.9525
 20
-9.309893
 10
95.9485
 20
-9.305915
 10
95.5515
 20
-9.305915
 10
95.5475
 20
-9.309893
 10
95.5475
 20
-9.335108
 10
95.5515
 20
-9.339086
  0
LWPOLYLINE
  5
148
330
17
100
AcDbEntity
  8
VISTA
100
AcDbPolyline
 90
9
 70
1
 10
96.9515
 20
-9.339086
 10
97.348499
 20
-9.339086
 10
97.352499
 20
-9.335108
 10
97.352499
 20
-9.309893
 10
97.348499
 20
-9.305915
 10
96.9515
 20
-9.305915
 10
96.9475
 20
-9.309893
 10
96.9475
 20
-9.335108
 10
96.9515
 20
-9.339086
  0
LWPOLYLINE
  5
149
330
17
100
AcDbEntity
  8
VISTA
100
AcDbPolyline
 90
9
 70
1
 10
95.5475
 20
-11.290108
 10
95.5515
 20
-11.294086
 10
95.9485
 20
-11.294086
 10
95.9525
 20
-11.290108
 10
95.9525
 20
-11.264893
 10
95.9485
 20
-11.260915
 10
95.5515
 20
-11.260915
 10
95.5475
 20
-11.264893
 10
95.5475
 20
-11.290108
  0
LWPOLYLINE
  5
14A
330
17
100
AcDbEntity
  8
VISTA
100
AcDbPolyline
 90
9
 70
1
 10
96.9475
 20
-11.290108
 10
96.9515
 20
-11.294086
 10
97.348499
 20
-11.294086
 10
97.352499
 20
-11.290108
 10
97.352499
 20
-11.264893
 10
97.348499
 20
-11.260915
 10
96.9515
 20
-11.260915
 10
96.9475
 20
-11.264893
 10
96.9475
 20
-11.290108
  0
LWPOLYLINE
  5
14B
330
17
100
AcDbEntity
  8
VISTA
100
AcDbPolyline
 90
9
 70
1
 10
100.275
 20
-9.985499
 10
100.276894
 20
-9.989169
 10
101.820499
 20
-9.99
 10
101.824169
 20
-9.988105
 10
101.82499899999999
 20
-8.8945
 10
101.823105
 20
-8.89083
 10
100.279499
 20
-8.889999
 10
100.275
 20
-8.8945
 10
100.275
 20
-9.985499
  0
LWPOLYLINE
  5
14C
330
17
100
AcDbEntity
  8
VISTA
100
AcDbPolyline
 90
5
 70
1
 10
95.196
 20
-5.211
 10
95.196
 20
-5.203
 10
94.976
 20
-5.203
 10
94.976
 20
-5.210464
 10
95.196
 20
-5.211
  0
LWPOLYLINE
  5
14D
330
17
100
AcDbEntity
  8
VISTA
100
AcDbPolyline
 90
5
 70
1
 10
95.644
 20
-5.211
 10
95.644
 20
-5.203
 10
95.424
 20
-5.203
 10
95.424
 20
-5.210464
 10
95.644
 20
-5.211
  0
LWPOLYLINE
  5
14E
330
17
100
AcDbEntity
  8
VISTA
100
AcDbPolyline
 90
5
 70
1
 10
96.306499
 20
-3.988
 10
96.306499
 20
-3.98
 10
96.10650100000001
 20
-3.98
 10
96.10650100000001
 20
-3.987464
 10
96.306499
 20
-3.988
  0
LWPOLYLINE
  5
14F
330
17
100
AcDbEntity
  8
VISTA
100
AcDbPolyline
 90
5
 70
1
 10
96.713499
 20
-3.988
 10
96.713499
 20
-3.98
 10
96.5135
 20
-3.98
 10
96.5135
 20
-3.987464
 10
96.713499
 20
-3.988
  0
LWPOLYLINE
  5
150
330
17
100
AcDbEntity
  8
VISTA
100
AcDbPolyline
 90
5
 70
1
 10
97.120501
 20
-3.988
 10
97.120501
 20
-3.98
 10
96.9205
 20
-3.98
 10
96.9205
 20
-3.987464
 10
97.120501
 20
-3.988
  0
LWPOLYLINE
  5
151
330
17
100
AcDbEntity
  8
VISTA
100
AcDbPolyline
 90
5
 70
1
 10
97.5275
 20
-3.988
 10
97.5275
 20
-3.98
 10
97.327499
 20
-3.98
 10
97.327499
 20
-3.987464
 10
97.5275
 20
-3.988
  0
LWPOLYLINE
  5
152
330
17
100
AcDbEntity
  8
VISTA
100
AcDbPolyline
 90
12
 70
1
 10
92.98349999999999
 20
-2.261556
 10
93.9765
 20
-2.261556
 10
93.978974
 20
-2.26053
 10
93.98
 20
-2.258056
 10
93.98
 20
-2.041945
 10
93.978974
 20
-2.03947
 10
93.9765
 20
-2.038445
 10
92.98349999999999
 20
-2.038445
 10
92.981025
 20
-2.03947
 10
92.98
 20
-2.041945
 10
92.98064600000001
 20
-2.260082
 10
92.98349999999999
 20
-2.261556
  0
LWPOLYLINE
  5
153
330
17
100
AcDbEntity
  8
VISTA
100
AcDbPolyline
 90
4
 70
1
 10
92.981746
 20
-2.259809
 10
92.981746
 20
-2.260525
 10
92.98103
 20
-2.259809
 10
92.981746
 20
-2.259809
  0
LWPOLYLINE
  5
154
330
17
100
AcDbEntity
  8
VISTA
100
AcDbPolyline
 90
4
 70
1
 10
92.98102734473606
 20
-2.260191889059458
 10
92.981288
 20
-2.260267
 10
92.98102734473606
 20
-2.2601918890594583
 10
92.98102734473606
 20
-2.260191889059458
  0
LWPOLYLINE
  5
155
330
17
100
AcDbEntity
  8
VISTA
100
AcDbPolyline
 90
4
 70
1
 10
92.981746
 20
-2.039475
 10
92.981746
 20
-2.040191
 10
92.98103
 20
-2.040191
 10
92.981746
 20
-2.039475
  0
LWPOLYLINE
  5
156
330
17
100
AcDbEntity
  8
VISTA
100
AcDbPolyline
 90
4
 70
1
 10
93.978711
 20
-2.260267
 10
93.978253
 20
-2.260525
 10
93.978253
 20
-2.259809
 10
93.978711
 20
-2.260267
  0
LWPOLYLINE
  5
157
330
17
100
AcDbEntity
  8
VISTA
100
AcDbPolyline
 90
4
 70
1
 10
93.97897212346265
 20
-2.260191754142383
 10
93.97897212346265
 20
-2.2601917541423835
 10
93.978711
 20
-2.260267
 10
93.97897212346265
 20
-2.260191754142383
  0
LWPOLYLINE
  5
158
330
17
100
AcDbEntity
  8
VISTA
100
AcDbPolyline
 90
4
 70
1
 10
93.978253
 20
-2.039475
 10
93.97897
 20
-2.040191
 10
93.978253
 20
-2.040191
 10
93.978253
 20
-2.039475
  0
LWPOLYLINE
  5
159
330
17
100
AcDbEntity
  8
VISTA
100
AcDbPolyline
 90
5
 70
1
 10
93.025
 20
-2.043889
 10
93.025
 20
-2.061889
 10
93.934999
 20
-2.061889
 10
93.934999
 20
-2.043889
 10
93.025
 20
-2.043889
  0
LWPOLYLINE
  5
15A
330
17
100
AcDbEntity
  8
VISTA
100
AcDbPolyline
 90
5
 70
1
 10
93.0307
 20
-2.075444
 10
93.929999
 20
-2.074744
 10
93.929299
 20
-2.053445
 10
93.0307
 20
-2.05365
 10
93.0307
 20
-2.075444
  0
LWPOLYLINE
  5
15B
330
17
100
AcDbEntity
  8
VISTA
100
AcDbPolyline
 90
10
 70
1
 10
98.688498
 20
-3.42
 10
99.83352500000001
 20
-3.419354
 10
99.834352
 20
-3.418526
 10
99.834999
 20
-3.4165
 10
99.834352
 20
-2.701474
 10
99.83149900000001
 20
-2.7
 10
98.686472
 20
-2.700646
 10
98.68499800000001
 20
-2.7035
 10
98.685644
 20
-3.418526
 10
98.688498
 20
-3.42
  0
LWPOLYLINE
  5
15C
330
17
100
AcDbEntity
  8
VISTA
100
AcDbPolyline
 90
4
 70
1
 10
98.686745
 20
-3.418253
 10
98.686745
 20
-3.41897
 10
98.686028
 20
-3.418253
 10
98.686745
 20
-3.418253
  0
LWPOLYLINE
  5
15D
330
17
100
AcDbEntity
  8
VISTA
100
AcDbPolyline
 90
4
 70
1
 10
98.686745
 20
-2.70103
 10
98.686745
 20
-2.701746
 10
98.686028
 20
-2.701746
 10
98.686745
 20
-2.70103
  0
LWPOLYLINE
  5
15E
330
17
100
AcDbEntity
  8
VISTA
100
AcDbPolyline
 90
4
 70
1
 10
99.833969
 20
-3.418253
 10
99.833252
 20
-3.41897
 10
99.833252
 20
-3.418253
 10
99.833969
 20
-3.418253
  0
LWPOLYLINE
  5
15F
330
17
100
AcDbEntity
  8
VISTA
100
AcDbPolyline
 90
4
 70
1
 10
99.8339711238078
 20
-3.418636347308021
 10
99.83371
 20
-3.418712
 10
99.8339711238078
 20
-3.4186363473080204
 10
99.8339711238078
 20
-3.418636347308021
  0
LWPOLYLINE
  5
160
330
17
100
AcDbEntity
  8
VISTA
100
AcDbPolyline
 90
4
 70
1
 10
99.833252
 20
-2.70103
 10
99.833969
 20
-2.701746
 10
99.833252
 20
-2.701746
 10
99.833252
 20
-2.70103
  0
LWPOLYLINE
  5
161
330
17
100
AcDbEntity
  8
VISTA
100
AcDbPolyline
 90
8
 70
1
 10
100.370001
 20
-9.778299
 10
100.3717
 20
-9.78
 10
100.4683
 20
-9.78
 10
100.469999
 20
-9.778299
 10
100.469999
 20
-9.1017
 10
100.4683
 20
-9.099999
 10
100.370716
 20
-9.100313
 10
100.370001
 20
-9.778299
  0
LWPOLYLINE
  5
162
330
17
100
AcDbEntity
  8
VISTA
100
AcDbPolyline
 90
9
 70
1
 10
100.275
 20
-8.7555
 10
100.276894
 20
-8.759169
 10
101.820499
 20
-8.759999
 10
101.824169
 20
-8.758104
 10
101.82499899999999
 20
-7.544499
 10
101.823105
 20
-7.540831
 10
100.279499
 20
-7.539999
 10
100.275
 20
-7.544499
 10
100.275
 20
-8.7555
  0
LWPOLYLINE
  5
163
330
17
100
AcDbEntity
  8
VISTA
100
AcDbPolyline
 90
19
 70
1
 10
99.674545
 20
-1.650707
 10
99.683216
 20
-1.663684
 10
99.69619399999999
 20
-1.672355
 10
99.70627999999999
 20
-1.675058
 10
99.993721
 20
-1.675058
 10
100.01285
 20
-1.667134
 10
100.025455
 20
-1.650707
 10
100.02850000000001
 20
-1.6354
 10
100.028158
 20
-1.580179
 10
100.025455
 20
-1.570092
 10
100.016785
 20
-1.557115
 10
100.008499
 20
-1.550758
 10
99.993721
 20
-1.545742
 10
99.70627999999999
 20
-1.545742
 10
99.687151
 20
-1.553666
 10
99.674545
 20
-1.570092
 10
99.671501
 20
-1.5854
 10
99.671501
 20
-1.6354
 10
99.674545
 20
-1.650707
  0
LWPOLYLINE
  5
164
330
17
100
AcDbEntity
  8
VISTA
100
AcDbPolyline
 90
4
 70
1
 10
99.68531185488365
 20
-1.5636568817054888
 10
99.68531185488398
 20
-1.563656881705641
 10
99.68531185488392
 20
-1.5636568817056158
 10
99.68531185488365
 20
-1.5636568817054888
  0
LWPOLYLINE
  5
165
330
17
100
AcDbEntity
  8
VISTA
100
AcDbPolyline
 90
4
 70
1
 10
100.00987349999853
 20
-1.6581915000085075
 10
100.00987350000179
 20
-1.6581914999896106
 10
100.00987349999997
 20
-1.6581915000001342
 10
100.00987349999853
 20
-1.6581915000085075
  0
LWPOLYLINE
  5
166
330
17
100
AcDbEntity
  8
VISTA
100
AcDbPolyline
 90
19
 70
1
 10
101.354544
 20
-10.359906
 10
101.363214
 20
-10.372883
 10
101.376192
 20
-10.381554
 10
101.386278
 20
-10.384256
 10
101.673719
 20
-10.384256
 10
101.692848
 20
-10.376332
 10
101.705454
 20
-10.359906
 10
101.70849799999999
 20
-10.344599
 10
101.708157
 20
-10.289379
 10
101.705454
 20
-10.279292
 10
101.696783
 20
-10.266315
 10
101.688498
 20
-10.259958
 10
101.673719
 20
-10.254942
 10
101.386278
 20
-10.254942
 10
101.367149
 20
-10.262866
 10
101.354544
 20
-10.279292
 10
101.3515
 20
-10.2946
 10
101.3515
 20
-10.344599
 10
101.354544
 20
-10.359906
  0
LWPOLYLINE
  5
167
330
17
100
AcDbEntity
  8
VISTA
100
AcDbPolyline
 90
4
 70
1
 10
101.35967499304644
 20
-10.364336990518023
 10
101.35967499304637
 20
-10.364336990518042
 10
101.35967499304641
 20
-10.36433699051803
 10
101.35967499304644
 20
-10.364336990518023
  0
LWPOLYLINE
  5
168
330
17
100
AcDbEntity
  8
VISTA
100
AcDbPolyline
 90
4
 70
1
 10
101.36534292226837
 20
-10.36632555336186
 10
101.36534292226912
 20
-10.366325553361499
 10
101.36534292226875
 20
-10.366325553361674
 10
101.36534292226837
 20
-10.36632555336186
  0
LWPOLYLINE
  5
169
330
17
100
AcDbEntity
  8
VISTA
100
AcDbPolyline
 90
4
 70
1
 10
101.36657199999918
 20
-10.367390499998926
 10
101.36657199999973
 20
-10.367390499999656
 10
101.36657199999745
 20
-10.36739049999666
 10
101.36657199999918
 20
-10.367390499998926
  0
LWPOLYLINE
  5
16A
330
17
100
AcDbEntity
  8
VISTA
100
AcDbPolyline
 90
4
 70
1
 10
101.37740494331503
 20
-10.274881245989349
 10
101.37740494331544
 20
-10.274881245989311
 10
101.37740494331523
 20
-10.27488124598933
 10
101.37740494331503
 20
-10.274881245989349
  0
LWPOLYLINE
  5
16B
330
17
100
AcDbEntity
  8
VISTA
100
AcDbPolyline
 90
4
 70
1
 10
101.70021087662842
 20
-10.274892468129996
 10
101.70021087662869
 20
-10.274892468129918
 10
101.70021087662855
 20
-10.27489246812996
 10
101.70021087662842
 20
-10.274892468129996
  0
LWPOLYLINE
  5
16C
330
17
100
AcDbEntity
  8
VISTA
100
AcDbPolyline
 90
4
 70
1
 10
101.68821989473689
 20
-10.358656087718833
 10
101.68821989473685
 20
-10.358656087719249
 10
101.68821989473686
 20
-10.358656087719133
 10
101.68821989473689
 20
-10.358656087718833
  0
LWPOLYLINE
  5
16D
330
17
100
AcDbEntity
  8
VISTA
100
AcDbPolyline
 90
4
 70
1
 10
101.7002982682354
 20
-10.364330270588267
 10
101.70029826823524
 20
-10.364330270588223
 10
101.7002982682354
 20
-10.364330270588265
 10
101.7002982682354
 20
-10.364330270588267
  0
LWPOLYLINE
  5
16E
330
17
100
AcDbEntity
  8
VISTA
100
AcDbPolyline
 90
10
 70
1
 10
98.371107
 20
-9.867475
 10
98.37599900000001
 20
-9.870001
 10
98.92747299999999
 20
-9.868893
 10
98.93
 20
-9.864001
 10
98.928892
 20
-8.952527
 10
98.924
 20
-8.950001
 10
98.37599900000001
 20
-8.950001
 10
98.371758
 20
-8.951758
 10
98.369999
 20
-8.956
 10
98.371107
 20
-9.867475
  0
LWPOLYLINE
  5
16F
330
17
100
AcDbEntity
  8
VISTA
100
AcDbPolyline
 90
10
 70
1
 10
98.371107
 20
-8.697474
 10
98.37599900000001
 20
-8.700001
 10
98.92747299999999
 20
-8.698893
 10
98.93
 20
-8.694
 10
98.928892
 20
-7.602527
 10
98.924
 20
-7.6
 10
98.37599900000001
 20
-7.6
 10
98.371758
 20
-7.601758
 10
98.369999
 20
-7.606
 10
98.371107
 20
-8.697474
  0
LWPOLYLINE
  5
170
330
17
100
AcDbEntity
  8
VISTA
100
AcDbPolyline
 90
6
 70
1
 10
93.068999
 20
-2.378611
 10
93.891
 20
-2.378611
 10
93.89150000000001
 20
-2.378111
 10
93.891
 20
-2.343611
 10
93.068663
 20
-2.343911
 10
93.068999
 20
-2.378611
  0
LWPOLYLINE
  5
171
330
17
100
AcDbEntity
  8
VISTA
100
AcDbPolyline
 90
4
 70
1
 10
93.87014193925205
 20
-2.375611
 10
93.890941
 20
-2.378533
 10
93.87014193925205
 20
-2.375611
 10
93.87014193925205
 20
-2.375611
  0
LWPOLYLINE
  5
172
330
17
100
AcDbEntity
  8
VISTA
100
AcDbPolyline
 90
5
 70
1
 10
93.187525
 20
-2.358636
 10
93.192474
 20
-2.358636
 10
93.192474
 20
-2.363586
 10
93.187525
 20
-2.363586
 10
93.187525
 20
-2.358636
  0
LWPOLYLINE
  5
173
330
17
100
AcDbEntity
  8
VISTA
100
AcDbPolyline
 90
5
 70
1
 10
93.770906
 20
-2.35773
 10
93.773381
 20
-2.362017
 10
93.769094
 20
-2.364492
 10
93.76662
 20
-2.360205
 10
93.770906
 20
-2.35773
  0
LWPOLYLINE
  5
174
330
17
100
AcDbEntity
  8
VISTA
100
AcDbPolyline
 90
9
 70
1
 10
95.5515
 20
-9.327585
 10
95.9485
 20
-9.327585
 10
95.9525
 20
-9.323607
 10
95.9525
 20
-9.298392
 10
95.9485
 20
-9.294415
 10
95.5515
 20
-9.294415
 10
95.5475
 20
-9.298392
 10
95.5475
 20
-9.323607
 10
95.5515
 20
-9.327585
  0
LWPOLYLINE
  5
175
330
17
100
AcDbEntity
  8
VISTA
100
AcDbPolyline
 90
9
 70
1
 10
96.9515
 20
-9.327585
 10
97.348499
 20
-9.327585
 10
97.352499
 20
-9.323607
 10
97.352499
 20
-9.298392
 10
97.348499
 20
-9.294415
 10
96.9515
 20
-9.294415
 10
96.9475
 20
-9.298392
 10
96.9475
 20
-9.323607
 10
96.9515
 20
-9.327585
  0
LWPOLYLINE
  5
176
330
17
100
AcDbEntity
  8
VISTA
100
AcDbPolyline
 90
9
 70
1
 10
95.5475
 20
-11.301607
 10
95.5515
 20
-11.305585
 10
95.9485
 20
-11.305585
 10
95.9525
 20
-11.301607
 10
95.9525
 20
-11.276392
 10
95.9485
 20
-11.272414
 10
95.5515
 20
-11.272414
 10
95.5475
 20
-11.276392
 10
95.5475
 20
-11.301607
  0
LWPOLYLINE
  5
177
330
17
100
AcDbEntity
  8
VISTA
100
AcDbPolyline
 90
9
 70
1
 10
96.9475
 20
-11.301607
 10
96.9515
 20
-11.305585
 10
97.348499
 20
-11.305585
 10
97.352499
 20
-11.301607
 10
97.352499
 20
-11.276392
 10
97.348499
 20
-11.272414
 10
96.9515
 20
-11.272414
 10
96.9475
 20
-11.276392
 10
96.9475
 20
-11.301607
  0
LWPOLYLINE
  5
178
330
17
100
AcDbEntity
  8
VISTA
100
AcDbPolyline
 90
8
 70
1
 10
94.832
 20
-3.805
 10
94.834
 20
-3.803
 10
94.834
 20
-3.232
 10
94.832
 20
-3.23
 10
94.818
 20
-3.23
 10
94.816
 20
-3.232
 10
94.816586
 20
-3.804414
 10
94.832
 20
-3.805
  0
LWPOLYLINE
  5
179
330
17
100
AcDbEntity
  8
VISTA
100
AcDbPolyline
 90
8
 70
1
 10
94.832
 20
-4.435
 10
94.834
 20
-4.433
 10
94.834
 20
-3.837
 10
94.832
 20
-3.835
 10
94.818
 20
-3.835
 10
94.816
 20
-3.837
 10
94.816586
 20
-4.434414
 10
94.832
 20
-4.435
  0
LWPOLYLINE
  5
17A
330
17
100
AcDbEntity
  8
VISTA
100
AcDbPolyline
 90
8
 70
1
 10
94.832
 20
-5.18
 10
94.834
 20
-5.178
 10
94.834
 20
-4.467
 10
94.832
 20
-4.465
 10
94.818
 20
-4.465
 10
94.816
 20
-4.467
 10
94.816586
 20
-5.179414
 10
94.832
 20
-5.18
  0
LWPOLYLINE
  5
17B
330
17
100
AcDbEntity
  8
VISTA
100
AcDbPolyline
 90
8
 70
1
 10
95.3
 20
-5.241
 10
95.30199999999999
 20
-5.239
 10
95.30199999999999
 20
-5.225
 10
95.3
 20
-5.223
 10
94.872001
 20
-5.223
 10
94.870001
 20
-5.225
 10
94.870586
 20
-5.240414
 10
95.3
 20
-5.241
  0
LWPOLYLINE
  5
17C
330
17
100
AcDbEntity
  8
VISTA
100
AcDbPolyline
 90
8
 70
1
 10
95.748
 20
-5.241
 10
95.75
 20
-5.239
 10
95.75
 20
-5.225
 10
95.748
 20
-5.223
 10
95.320001
 20
-5.223
 10
95.318001
 20
-5.225
 10
95.318586
 20
-5.240414
 10
95.748
 20
-5.241
  0
LWPOLYLINE
  5
17D
330
17
100
AcDbEntity
  8
VISTA
100
AcDbPolyline
 90
8
 70
1
 10
96.40299999999999
 20
-3.975
 10
96.404999
 20
-3.973
 10
96.404999
 20
-3.959
 10
96.40299999999999
 20
-3.957
 10
96.009998
 20
-3.957
 10
96.007999
 20
-3.959
 10
96.008585
 20
-3.974414
 10
96.40299999999999
 20
-3.975
  0
LWPOLYLINE
  5
17E
330
17
100
AcDbEntity
  8
VISTA
100
AcDbPolyline
 90
8
 70
1
 10
96.810001
 20
-3.975
 10
96.812
 20
-3.973
 10
96.812
 20
-3.959
 10
96.810001
 20
-3.957
 10
96.417
 20
-3.957
 10
96.415001
 20
-3.959
 10
96.415586
 20
-3.974414
 10
96.810001
 20
-3.975
  0
LWPOLYLINE
  5
17F
330
17
100
AcDbEntity
  8
VISTA
100
AcDbPolyline
 90
8
 70
1
 10
97.217001
 20
-3.975
 10
97.219
 20
-3.973
 10
97.219
 20
-3.959
 10
97.217001
 20
-3.957
 10
96.823999
 20
-3.957
 10
96.822001
 20
-3.959
 10
96.822586
 20
-3.974414
 10
97.217001
 20
-3.975
  0
LWPOLYLINE
  5
180
330
17
100
AcDbEntity
  8
VISTA
100
AcDbPolyline
 90
8
 70
1
 10
97.62400099999999
 20
-3.975
 10
97.62599900000001
 20
-3.973
 10
97.62599900000001
 20
-3.959
 10
97.62400099999999
 20
-3.957
 10
97.230999
 20
-3.957
 10
97.229
 20
-3.959
 10
97.229586
 20
-3.974414
 10
97.62400099999999
 20
-3.975
  0
LWPOLYLINE
  5
181
330
17
100
AcDbEntity
  8
VISTA
100
AcDbPolyline
 90
39
 70
1
 10
100.24321
 20
-0.335663
 10
100.23585299999999
 20
-0.35392
 10
100.231462
 20
-0.37779
 10
100.231462
 20
-0.48221
 10
100.23585299999999
 20
-0.50608
 10
100.24321
 20
-0.524337
 10
100.25358
 20
-0.539283
 10
100.267059
 20
-0.551777
 10
100.2838
 20
-0.562232
 10
100.304056
 20
-0.570872
 10
100.35722200000001
 20
-0.583182
 10
100.438841
 20
-0.589246
 10
100.641155
 20
-0.589246
 10
100.722776
 20
-0.583182
 10
100.775944
 20
-0.570872
 10
100.796198
 20
-0.562232
 10
100.812941
 20
-0.551777
 10
100.82642
 20
-0.539283
 10
100.83679000000001
 20
-0.524337
 10
100.844145
 20
-0.50608
 10
100.848537
 20
-0.48221
 10
100.85
 20
-0.43
 10
100.848537
 20
-0.37779
 10
100.844145
 20
-0.35392
 10
100.83679000000001
 20
-0.335663
 10
100.82642
 20
-0.320717
 10
100.812941
 20
-0.308223
 10
100.796198
 20
-0.297768
 10
100.775944
 20
-0.289127
 10
100.722776
 20
-0.276818
 10
100.641155
 20
-0.270754
 10
100.438841
 20
-0.270754
 10
100.392595
 20
-0.273022
 10
100.35722200000001
 20
-0.276818
 10
100.304056
 20
-0.289127
 10
100.2838
 20
-0.297768
 10
100.267059
 20
-0.308223
 10
100.25358
 20
-0.320717
 10
100.24321
 20
-0.335663
  0
LWPOLYLINE
  5
182
330
17
100
AcDbEntity
  8
VISTA
100
AcDbPolyline
 90
9
 70
1
 10
100.524546
 20
-0.425859
 10
100.53200100000001
 20
-0.416143
 10
100.544142
 20
-0.414545
 10
100.553858
 20
-0.422
 10
100.55545599999999
 20
-0.434141
 10
100.548
 20
-0.443856
 10
100.53586
 20
-0.445455
 10
100.52628899999999
 20
-0.438187
 10
100.524546
 20
-0.425859
  0
LWPOLYLINE
  5
183
330
17
100
AcDbEntity
  8
VISTA
100
AcDbPolyline
 90
4
 70
1
 10
100.55371352809118
 20
-0.4218126846975213
 10
100.553713
 20
-0.421813
 10
100.55371352809118
 20
-0.42181268469752087
 10
100.55371352809118
 20
-0.4218126846975213
  0
LWPOLYLINE
  5
184
330
17
100
AcDbEntity
  8
VISTA
100
AcDbPolyline
 90
43
 70
1
 10
100.774799
 20
-10.257975
 10
100.769342
 20
-10.279655
 10
100.766083
 20
-10.308001
 10
100.766083
 20
-10.431999
 10
100.769342
 20
-10.460344
 10
100.774799
 20
-10.482025
 10
100.782494
 20
-10.499774
 10
100.792494
 20
-10.51461
 10
100.80491599999999
 20
-10.527026
 10
100.81994399999999
 20
-10.537287
 10
100.83790400000001
 20
-10.545548
 10
100.85939
 20
-10.551904
 10
100.91994700000001
 20
-10.559104
 10
101.070053
 20
-10.559104
 10
101.104364
 20
-10.556412
 10
101.13061
 20
-10.551904
 10
101.152096
 20
-10.545548
 10
101.170055
 20
-10.537287
 10
101.185085
 20
-10.527026
 10
101.197506
 20
-10.51461
 10
101.207506
 20
-10.499774
 10
101.2152
 20
-10.482025
 10
101.220657
 20
-10.460344
 10
101.223917
 20
-10.431999
 10
101.223917
 20
-10.308001
 10
101.220657
 20
-10.279655
 10
101.2152
 20
-10.257975
 10
101.207506
 20
-10.240227
 10
101.197506
 20
-10.225389
 10
101.185085
 20
-10.212975
 10
101.170055
 20
-10.202714
 10
101.152096
 20
-10.194452
 10
101.13061
 20
-10.188096
 10
101.070053
 20
-10.180896
 10
100.91994700000001
 20
-10.180896
 10
100.88563500000001
 20
-10.183589
 10
100.85939
 20
-10.188096
 10
100.83790400000001
 20
-10.194452
 10
100.81994399999999
 20
-10.202714
 10
100.80491599999999
 20
-10.212975
 10
100.792494
 20
-10.225389
 10
100.782494
 20
-10.240227
 10
100.774799
 20
-10.257975
  0
LWPOLYLINE
  5
185
330
17
100
AcDbEntity
  8
VISTA
100
AcDbPolyline
 90
9
 70
1
 10
100.979
 20
-10.37
 10
100.983686
 20
-10.358686
 10
100.995001
 20
-10.354
 10
101.006315
 20
-10.358686
 10
101.011002
 20
-10.37
 10
101.006315
 20
-10.381313
 10
100.995001
 20
-10.386
 10
100.983465
 20
-10.381023
 10
100.979
 20
-10.37
  0
LWPOLYLINE
  5
186
330
17
100
AcDbEntity
  8
VISTA
100
AcDbPolyline
 90
4
 70
1
 10
100.94261252654542
 20
-10.238001565491471
 10
100.94261252654871
 20
-10.238001565499804
 10
100.94261252654574
 20
-10.238001565492304
 10
100.94261252654542
 20
-10.238001565491471
  0
LWPOLYLINE
  5
187
330
17
100
AcDbEntity
  8
VISTA
100
AcDbPolyline
 90
32
 70
1
 10
94.793249
 20
-1.229022
 10
94.867329
 20
-1.233944
 10
95.11515
 20
-1.23934
 10
96.184849
 20
-1.23934
 10
96.432671
 20
-1.233944
 10
96.50675
 20
-1.229022
 10
96.562601
 20
-1.222349
 10
96.603807
 20
-1.2135
 10
96.632256
 20
-1.201553
 10
96.648979
 20
-1.183894
 10
96.654499
 20
-1.12
 10
96.648979
 20
-1.056106
 10
96.632256
 20
-1.038447
 10
96.603807
 20
-1.0265
 10
96.562601
 20
-1.017651
 10
96.50675
 20
-1.010978
 10
96.432671
 20
-1.006056
 10
96.184849
 20
-1.00066
 10
95.649998
 20
-1.0
 10
95.11515
 20
-1.00066
 10
94.867329
 20
-1.006056
 10
94.793249
 20
-1.010978
 10
94.737398
 20
-1.017651
 10
94.696192
 20
-1.0265
 10
94.667744
 20
-1.038447
 10
94.65102
 20
-1.056106
 10
94.645499
 20
-1.12
 10
94.65102
 20
-1.183894
 10
94.667744
 20
-1.201553
 10
94.696192
 20
-1.2135
 10
94.737398
 20
-1.222349
 10
94.793249
 20
-1.229022
  0
LWPOLYLINE
  5
188
330
17
100
AcDbEntity
  8
VISTA
100
AcDbPolyline
 90
4
 70
1
 10
95.64999380692579
 20
-1.1199992119305633
 10
95.64999229867979
 20
-1.1199990200060792
 10
95.64999229867979
 20
-1.119999020006079
 10
95.64999380692579
 20
-1.1199992119305633
  0
LWPOLYLINE
  5
189
330
17
100
AcDbEntity
  8
VISTA
100
AcDbPolyline
 90
5
 70
1
 10
95.997499
 20
-3.9525
 10
95.997499
 20
-3.3525
 10
95.9725
 20
-3.3525
 10
95.9725
 20
-3.9525
 10
95.997499
 20
-3.9525
  0
LWPOLYLINE
  5
18A
330
17
100
AcDbEntity
  8
VISTA
100
AcDbPolyline
 90
5
 70
1
 10
97.667501
 20
-3.9525
 10
97.667501
 20
-3.3525
 10
97.6425
 20
-3.3525
 10
97.6425
 20
-3.9525
 10
97.667501
 20
-3.9525
  0
LWPOLYLINE
  5
18B
330
17
100
AcDbEntity
  8
VISTA
100
AcDbPolyline
 90
5
 70
1
 10
95.9975
 20
-3.3775
 10
97.6425
 20
-3.3775
 10
97.6425
 20
-3.3525
 10
95.9975
 20
-3.3525
 10
95.9975
 20
-3.3775
  0
LWPOLYLINE
  5
18C
330
17
100
AcDbEntity
  8
VISTA
100
AcDbPolyline
 90
5
 70
1
 10
95.9975
 20
-3.9525
 10
97.6425
 20
-3.9525
 10
97.6425
 20
-3.9275
 10
95.9975
 20
-3.9275
 10
95.9975
 20
-3.9525
  0
LWPOLYLINE
  5
18D
330
17
100
AcDbEntity
  8
VISTA
100
AcDbPolyline
 90
8
 70
1
 10
94.818
 20
-3.262
 10
94.82
 20
-3.26
 10
94.82
 20
-3.22
 10
94.818
 20
-3.218
 10
94.262
 20
-3.218
 10
94.26
 20
-3.22
 10
94.260586
 20
-3.261414
 10
94.818
 20
-3.262
  0
LWPOLYLINE
  5
18E
330
17
100
AcDbEntity
  8
VISTA
100
AcDbPolyline
 90
8
 70
1
 10
94.818
 20
-3.812
 10
94.82
 20
-3.81
 10
94.82
 20
-3.77
 10
94.818
 20
-3.768
 10
94.262
 20
-3.768
 10
94.26
 20
-3.77
 10
94.260586
 20
-3.811414
 10
94.818
 20
-3.812
  0
LWPOLYLINE
  5
18F
330
17
100
AcDbEntity
  8
VISTA
100
AcDbPolyline
 90
8
 70
1
 10
94.818
 20
-4.502
 10
94.82
 20
-4.5
 10
94.82
 20
-4.46
 10
94.818
 20
-4.458
 10
94.262
 20
-4.458
 10
94.26
 20
-4.46
 10
94.260586
 20
-4.501414
 10
94.818
 20
-4.502
  0
LWPOLYLINE
  5
190
330
17
100
AcDbEntity
  8
VISTA
100
AcDbPolyline
 90
8
 70
1
 10
94.818
 20
-5.192
 10
94.82
 20
-5.19
 10
94.82
 20
-5.15
 10
94.818
 20
-5.148
 10
94.262
 20
-5.148
 10
94.26
 20
-5.15
 10
94.260586
 20
-5.191414
 10
94.818
 20
-5.192
  0
LWPOLYLINE
  5
191
330
17
100
AcDbEntity
  8
VISTA
100
AcDbPolyline
 90
8
 70
1
 10
94.818
 20
-5.792
 10
94.82
 20
-5.79
 10
94.82
 20
-5.75
 10
94.818
 20
-5.748
 10
94.262
 20
-5.748
 10
94.26
 20
-5.75
 10
94.260586
 20
-5.791414
 10
94.818
 20
-5.792
  0
LWPOLYLINE
  5
192
330
17
100
AcDbEntity
  8
VISTA
100
AcDbPolyline
 90
8
 70
1
 10
95.758
 20
-5.28
 10
95.76
 20
-5.278
 10
95.76
 20
-5.242
 10
95.758
 20
-5.24
 10
94.862
 20
-5.24
 10
94.860001
 20
-5.242
 10
94.860586
 20
-5.279415
 10
95.758
 20
-5.28
  0
LWPOLYLINE
  5
193
330
17
100
AcDbEntity
  8
VISTA
100
AcDbPolyline
 90
8
 70
1
 10
95.758
 20
-5.79
 10
95.76
 20
-5.788
 10
95.76
 20
-5.752
 10
95.758
 20
-5.75
 10
94.862
 20
-5.75
 10
94.860001
 20
-5.752
 10
94.860586
 20
-5.789414
 10
95.758
 20
-5.79
  0
LWPOLYLINE
  5
194
330
17
100
AcDbEntity
  8
VISTA
100
AcDbPolyline
 90
8
 70
1
 10
97.63799900000001
 20
-3.778
 10
97.639999
 20
-3.776
 10
97.639999
 20
-3.74
 10
97.63799900000001
 20
-3.738
 10
96.002001
 20
-3.738
 10
96.0
 20
-3.74
 10
96.000586
 20
-3.777414
 10
97.63799900000001
 20
-3.778
  0
LWPOLYLINE
  5
195
330
17
100
AcDbEntity
  8
VISTA
100
AcDbPolyline
 90
8
 70
1
 10
97.63799900000001
 20
-3.925
 10
97.639999
 20
-3.923
 10
97.639999
 20
-3.912
 10
97.63799900000001
 20
-3.91
 10
96.002001
 20
-3.91
 10
96.0
 20
-3.912
 10
96.000586
 20
-3.924414
 10
97.63799900000001
 20
-3.925
  0
LWPOLYLINE
  5
196
330
17
100
AcDbEntity
  8
VISTA
100
AcDbPolyline
 90
12
 70
1
 10
98.48349999999999
 20
-2.27
 10
98.936499
 20
-2.27
 10
98.938974
 20
-2.268975
 10
98.939999
 20
-2.2665
 10
98.939999
 20
-2.2135
 10
98.938974
 20
-2.211025
 10
98.936499
 20
-2.21
 10
98.48349999999999
 20
-2.21
 10
98.481024
 20
-2.211025
 10
98.48
 20
-2.2135
 10
98.48064600000001
 20
-2.268526
 10
98.48349999999999
 20
-2.27
  0
LWPOLYLINE
  5
197
330
17
100
AcDbEntity
  8
VISTA
100
AcDbPolyline
 90
4
 70
1
 10
98.481745
 20
-2.268254
 10
98.481745
 20
-2.26897
 10
98.48103
 20
-2.268254
 10
98.481745
 20
-2.268254
  0
LWPOLYLINE
  5
198
330
17
100
AcDbEntity
  8
VISTA
100
AcDbPolyline
 90
4
 70
1
 10
98.481745
 20
-2.21103
 10
98.481745
 20
-2.211746
 10
98.48103
 20
-2.211746
 10
98.481745
 20
-2.21103
  0
LWPOLYLINE
  5
199
330
17
100
AcDbEntity
  8
VISTA
100
AcDbPolyline
 90
4
 70
1
 10
98.938969
 20
-2.268254
 10
98.938253
 20
-2.26897
 10
98.938253
 20
-2.268254
 10
98.938969
 20
-2.268254
  0
LWPOLYLINE
  5
19A
330
17
100
AcDbEntity
  8
VISTA
100
AcDbPolyline
 90
4
 70
1
 10
98.938253
 20
-2.21103
 10
98.938969
 20
-2.211746
 10
98.938253
 20
-2.211746
 10
98.938253
 20
-2.21103
  0
LWPOLYLINE
  5
19B
330
17
100
AcDbEntity
  8
VISTA
100
AcDbPolyline
 90
12
 70
1
 10
99.5835
 20
-3.87
 10
100.03649899999999
 20
-3.87
 10
100.038975
 20
-3.868975
 10
100.039999
 20
-3.8665
 10
100.039999
 20
-3.8135
 10
100.038975
 20
-3.811025
 10
100.03649899999999
 20
-3.81
 10
99.5835
 20
-3.81
 10
99.581024
 20
-3.811025
 10
99.58
 20
-3.8135
 10
99.580647
 20
-3.868526
 10
99.5835
 20
-3.87
  0
LWPOLYLINE
  5
19C
330
17
100
AcDbEntity
  8
VISTA
100
AcDbPolyline
 90
4
 70
1
 10
99.581745
 20
-3.868253
 10
99.581745
 20
-3.86897
 10
99.58103
 20
-3.868253
 10
99.581745
 20
-3.868253
  0
LWPOLYLINE
  5
19D
330
17
100
AcDbEntity
  8
VISTA
100
AcDbPolyline
 90
4
 70
1
 10
99.58102681398803
 20
-3.868636383440271
 10
99.581287
 20
-3.868712
 10
99.58102681398803
 20
-3.8686363834402715
 10
99.58102681398803
 20
-3.868636383440271
  0
LWPOLYLINE
  5
19E
330
17
100
AcDbEntity
  8
VISTA
100
AcDbPolyline
 90
4
 70
1
 10
99.581745
 20
-3.81103
 10
99.581745
 20
-3.811746
 10
99.58103
 20
-3.811746
 10
99.581745
 20
-3.81103
  0
LWPOLYLINE
  5
19F
330
17
100
AcDbEntity
  8
VISTA
100
AcDbPolyline
 90
4
 70
1
 10
100.03896900000001
 20
-3.868253
 10
100.038254
 20
-3.86897
 10
100.038254
 20
-3.868253
 10
100.03896900000001
 20
-3.868253
  0
LWPOLYLINE
  5
1A0
330
17
100
AcDbEntity
  8
VISTA
100
AcDbPolyline
 90
4
 70
1
 10
100.038254
 20
-3.81103
 10
100.03896900000001
 20
-3.811746
 10
100.038254
 20
-3.811746
 10
100.038254
 20
-3.81103
  0
LWPOLYLINE
  5
1A1
330
17
100
AcDbEntity
  8
VISTA
100
AcDbPolyline
 90
8
 70
1
 10
94.276
 20
-5.8
 10
94.278
 20
-5.798
 10
94.278
 20
-3.222
 10
94.276
 20
-3.22
 10
94.262
 20
-3.22
 10
94.26
 20
-3.222
 10
94.260586
 20
-5.799415
 10
94.276
 20
-5.8
  0
LWPOLYLINE
  5
1A2
330
17
100
AcDbEntity
  8
VISTA
100
AcDbPolyline
 90
8
 70
1
 10
94.818
 20
-3.238
 10
94.82
 20
-3.236
 10
94.82
 20
-3.222
 10
94.818
 20
-3.22
 10
94.262
 20
-3.22
 10
94.26
 20
-3.222
 10
94.260586
 20
-3.237414
 10
94.818
 20
-3.238
  0
LWPOLYLINE
  5
1A3
330
17
100
AcDbEntity
  8
VISTA
100
AcDbPolyline
 90
8
 70
1
 10
94.818
 20
-3.829
 10
94.82
 20
-3.827
 10
94.82
 20
-3.813
 10
94.818
 20
-3.811
 10
94.262
 20
-3.811
 10
94.26
 20
-3.813
 10
94.260586
 20
-3.828414
 10
94.818
 20
-3.829
  0
LWPOLYLINE
  5
1A4
330
17
100
AcDbEntity
  8
VISTA
100
AcDbPolyline
 90
8
 70
1
 10
94.818
 20
-4.459
 10
94.82
 20
-4.457
 10
94.82
 20
-4.443
 10
94.818
 20
-4.441
 10
94.262
 20
-4.441
 10
94.26
 20
-4.443
 10
94.260586
 20
-4.458414
 10
94.818
 20
-4.459
  0
LWPOLYLINE
  5
1A5
330
17
100
AcDbEntity
  8
VISTA
100
AcDbPolyline
 90
8
 70
1
 10
94.818
 20
-5.199
 10
94.82
 20
-5.197
 10
94.82
 20
-5.183
 10
94.818
 20
-5.181
 10
94.262
 20
-5.181
 10
94.26
 20
-5.183
 10
94.260586
 20
-5.198414
 10
94.818
 20
-5.199
  0
LWPOLYLINE
  5
1A6
330
17
100
AcDbEntity
  8
VISTA
100
AcDbPolyline
 90
8
 70
1
 10
94.818
 20
-5.8
 10
94.82
 20
-5.798
 10
94.82
 20
-5.784
 10
94.818
 20
-5.782
 10
94.262
 20
-5.782
 10
94.26
 20
-5.784
 10
94.260586
 20
-5.799414
 10
94.818
 20
-5.8
  0
LWPOLYLINE
  5
1A7
330
17
100
AcDbEntity
  8
VISTA
100
AcDbPolyline
 90
8
 70
1
 10
95.758
 20
-5.8
 10
95.76
 20
-5.798
 10
95.76
 20
-5.784
 10
95.758
 20
-5.782
 10
94.862
 20
-5.782
 10
94.860001
 20
-5.784
 10
94.860586
 20
-5.799414
 10
95.758
 20
-5.8
  0
LWPOLYLINE
  5
1A8
330
17
100
AcDbEntity
  8
VISTA
100
AcDbPolyline
 90
8
 70
1
 10
94.876
 20
-5.8
 10
94.878
 20
-5.798
 10
94.878
 20
-5.242
 10
94.876
 20
-5.24
 10
94.862
 20
-5.24
 10
94.860001
 20
-5.242
 10
94.860586
 20
-5.799414
 10
94.876
 20
-5.8
  0
LWPOLYLINE
  5
1A9
330
17
100
AcDbEntity
  8
VISTA
100
AcDbPolyline
 90
8
 70
1
 10
95.758
 20
-5.8
 10
95.76
 20
-5.798
 10
95.76
 20
-5.242
 10
95.758
 20
-5.24
 10
95.744
 20
-5.24
 10
95.742001
 20
-5.242
 10
95.742586
 20
-5.799414
 10
95.758
 20
-5.8
  0
LWPOLYLINE
  5
1AA
330
17
100
AcDbEntity
  8
VISTA
100
AcDbPolyline
 90
8
 70
1
 10
97.63799900000001
 20
-3.738
 10
97.639999
 20
-3.736
 10
97.639999
 20
-3.722
 10
97.63799900000001
 20
-3.72
 10
96.002001
 20
-3.72
 10
96.0
 20
-3.722
 10
96.000586
 20
-3.737414
 10
97.63799900000001
 20
-3.738
  0
LWPOLYLINE
  5
1AB
330
17
100
AcDbEntity
  8
VISTA
100
AcDbPolyline
 90
9
 70
1
 10
96.002001
 20
-3.96
 10
96.016001
 20
-3.96
 10
96.018002
 20
-3.958
 10
96.018002
 20
-3.74
 10
96.016001
 20
-3.738
 10
96.002001
 20
-3.738
 10
96.0
 20
-3.74
 10
96.0
 20
-3.9565
 10
96.002001
 20
-3.96
  0
LWPOLYLINE
  5
1AC
330
17
100
AcDbEntity
  8
VISTA
100
AcDbPolyline
 90
9
 70
1
 10
96.813
 20
-3.96
 10
96.827
 20
-3.96
 10
96.82900000000001
 20
-3.958
 10
96.82900000000001
 20
-3.74
 10
96.827
 20
-3.738
 10
96.813
 20
-3.738
 10
96.810999
 20
-3.74
 10
96.810999
 20
-3.9565
 10
96.813
 20
-3.96
  0
LWPOLYLINE
  5
1AD
330
17
100
AcDbEntity
  8
VISTA
100
AcDbPolyline
 90
9
 70
1
 10
97.62400099999999
 20
-3.96
 10
97.638
 20
-3.96
 10
97.640001
 20
-3.958
 10
97.640001
 20
-3.74
 10
97.638
 20
-3.738
 10
97.62400099999999
 20
-3.738
 10
97.622
 20
-3.74
 10
97.622
 20
-3.9565
 10
97.62400099999999
 20
-3.96
  0
LWPOLYLINE
  5
1AE
330
17
100
AcDbEntity
  8
VISTA
100
AcDbPolyline
 90
5
 70
1
 10
95.9725
 20
-3.3775
 10
97.6675
 20
-3.3775
 10
97.6675
 20
-3.3525
 10
95.9725
 20
-3.3525
 10
95.9725
 20
-3.3775
  0
LWPOLYLINE
  5
1AF
330
17
100
AcDbEntity
  8
VISTA
100
AcDbPolyline
 90
5
 70
1
 10
95.9725
 20
-3.9525
 10
97.6675
 20
-3.9525
 10
97.6675
 20
-3.9275
 10
95.9725
 20
-3.9275
 10
95.9725
 20
-3.9525
  0
LWPOLYLINE
  5
1B0
330
17
100
AcDbEntity
  8
VISTA
100
AcDbPolyline
 90
9
 70
1
 10
100.09
 20
-8.7955
 10
100.09189599999999
 20
-8.799169
 10
101.8055
 20
-8.799999
 10
101.80917
 20
-8.798105
 10
101.810001
 20
-7.504499
 10
101.808105
 20
-7.500831
 10
100.09450100000001
 20
-7.5
 10
100.09
 20
-7.504499
 10
100.09
 20
-8.7955
  0
LWPOLYLINE
  5
1B1
330
17
100
AcDbEntity
  8
VISTA
100
AcDbPolyline
 90
5
 70
1
 10
100.480001
 20
-8.21
 10
100.9
 20
-8.21
 10
100.9
 20
-8.63
 10
100.480001
 20
-8.63
 10
100.480001
 20
-8.21
  0
LWPOLYLINE
  5
1B2
330
17
100
AcDbEntity
  8
VISTA
100
AcDbPolyline
 90
5
 70
1
 10
100.480001
 20
-8.09
 10
100.480001
 20
-7.67
 10
100.9
 20
-7.67
 10
100.9
 20
-8.09
 10
100.480001
 20
-8.09
  0
LWPOLYLINE
  5
1B3
330
17
100
AcDbEntity
  8
VISTA
100
AcDbPolyline
 90
13
 70
1
 10
98.34
 20
-9.972
 10
98.342342
 20
-9.977657
 10
98.348
 20
-9.98
 10
98.952
 20
-9.98
 10
98.957657
 20
-9.977656
 10
98.959999
 20
-9.971999
 10
98.959999
 20
-7.408
 10
98.957657
 20
-7.402343
 10
98.952
 20
-7.4
 10
98.348
 20
-7.4
 10
98.342342
 20
-7.402343
 10
98.34
 20
-7.408
 10
98.34
 20
-9.972
  0
LWPOLYLINE
  5
1B4
330
17
100
AcDbEntity
  8
VISTA
100
AcDbPolyline
 90
5
 70
1
 10
98.48
 20
-7.850001
 10
98.779999
 20
-7.850001
 10
98.779999
 20
-8.25
 10
98.48
 20
-8.25
 10
98.48
 20
-7.850001
  0
LWPOLYLINE
  5
1B5
330
17
100
AcDbEntity
  8
VISTA
100
AcDbPolyline
 90
47
 70
1
 10
100.469801
 20
-7.74439
 10
100.464344
 20
-7.770636
 10
100.461084
 20
-7.804948
 10
100.461084
 20
-7.955052
 10
100.464344
 20
-7.989364
 10
100.469801
 20
-8.01561
 10
100.477495
 20
-8.037095
 10
100.487495
 20
-8.055055
 10
100.499916
 20
-8.070084
 10
100.514946
 20
-8.082504
 10
100.532906
 20
-8.092505
 10
100.55439
 20
-8.1002
 10
100.580635
 20
-8.105656
 10
100.614948
 20
-8.108915
 10
100.690001
 20
-8.11
 10
100.765053
 20
-8.108915
 10
100.799364
 20
-8.105656
 10
100.825609
 20
-8.1002
 10
100.847095
 20
-8.092505
 10
100.865055
 20
-8.082504
 10
100.880083
 20
-8.070084
 10
100.892504
 20
-8.055055
 10
100.902506
 20
-8.037095
 10
100.9102
 20
-8.01561
 10
100.915655
 20
-7.989364
 10
100.918915
 20
-7.955052
 10
100.92
 20
-7.88
 10
100.918915
 20
-7.804948
 10
100.915655
 20
-7.770636
 10
100.9102
 20
-7.74439
 10
100.902506
 20
-7.722905
 10
100.892504
 20
-7.704945
 10
100.880083
 20
-7.689917
 10
100.865055
 20
-7.677495
 10
100.847095
 20
-7.667495
 10
100.825609
 20
-7.659801
 10
100.799364
 20
-7.654344
 10
100.765053
 20
-7.651084
 10
100.614948
 20
-7.651084
 10
100.580635
 20
-7.654344
 10
100.55439
 20
-7.659801
 10
100.532906
 20
-7.667495
 10
100.514946
 20
-7.677495
 10
100.499916
 20
-7.689917
 10
100.487495
 20
-7.704945
 10
100.477495
 20
-7.722905
 10
100.469801
 20
-7.74439
  0
LWPOLYLINE
  5
1B6
330
17
100
AcDbEntity
  8
VISTA
100
AcDbPolyline
 90
4
 70
1
 10
100.63611027276849
 20
-8.04436797341971
 10
100.63611027270397
 20
-8.04436797361646
 10
100.6361102727364
 20
-8.04436797351755
 10
100.63611027276849
 20
-8.04436797341971
  0
LWPOLYLINE
  5
1B7
330
17
100
AcDbEntity
  8
VISTA
100
AcDbPolyline
 90
4
 70
1
 10
100.83312974121327
 20
-7.968146722646805
 10
100.83312974121327
 20
-7.968146722646804
 10
100.83312974121327
 20
-7.968146722646805
 10
100.83312974121327
 20
-7.968146722646805
  0
LWPOLYLINE
  5
1B8
330
17
100
AcDbEntity
  8
VISTA
100
AcDbPolyline
 90
47
 70
1
 10
100.469801
 20
-8.28439
 10
100.464344
 20
-8.310636
 10
100.461084
 20
-8.344948
 10
100.461084
 20
-8.495052
 10
100.464344
 20
-8.529365
 10
100.469801
 20
-8.55561
 10
100.477495
 20
-8.577095
 10
100.487495
 20
-8.595055
 10
100.499916
 20
-8.610084
 10
100.514946
 20
-8.622504
 10
100.532906
 20
-8.632505
 10
100.55439
 20
-8.6402
 10
100.580635
 20
-8.645656
 10
100.614948
 20
-8.648915
 10
100.690001
 20
-8.65
 10
100.765053
 20
-8.648915
 10
100.799364
 20
-8.645656
 10
100.825609
 20
-8.6402
 10
100.847095
 20
-8.632505
 10
100.865055
 20
-8.622504
 10
100.880083
 20
-8.610084
 10
100.892504
 20
-8.595055
 10
100.902506
 20
-8.577095
 10
100.9102
 20
-8.55561
 10
100.915655
 20
-8.529365
 10
100.918915
 20
-8.495052
 10
100.92
 20
-8.42
 10
100.918915
 20
-8.344948
 10
100.915655
 20
-8.310636
 10
100.9102
 20
-8.28439
 10
100.902506
 20
-8.262905
 10
100.892504
 20
-8.244946
 10
100.880083
 20
-8.229917
 10
100.865055
 20
-8.217496
 10
100.847095
 20
-8.207495
 10
100.825609
 20
-8.1998
 10
100.799364
 20
-8.194344
 10
100.765053
 20
-8.191084
 10
100.614948
 20
-8.191084
 10
100.580635
 20
-8.194344
 10
100.55439
 20
-8.1998
 10
100.532906
 20
-8.207495
 10
100.514946
 20
-8.217496
 10
100.499916
 20
-8.229917
 10
100.487495
 20
-8.244946
 10
100.477495
 20
-8.262905
 10
100.469801
 20
-8.28439
  0
LWPOLYLINE
  5
1B9
330
17
100
AcDbEntity
  8
VISTA
100
AcDbPolyline
 90
4
 70
1
 10
100.75454500000001
 20
-8.616867
 10
100.75454499997801
 20
-8.61686699993292
 10
100.75454499996067
 20
-8.616866999880044
 10
100.75454500000001
 20
-8.616867
  0
LWPOLYLINE
  5
1BA
330
17
100
AcDbEntity
  8
VISTA
100
AcDbPolyline
 90
4
 70
1
 10
100.86494408670974
 20
-8.527738887136255
 10
100.86494408673403
 20
-8.527738887151209
 10
100.86494408674791
 20
-8.527738887159764
 10
100.86494408670974
 20
-8.527738887136255
  0
LWPOLYLINE
  5
1BB
330
17
100
AcDbEntity
  8
VISTA
100
AcDbPolyline
 90
39
 70
1
 10
98.4608
 20
-7.978211
 10
98.4608
 20
-8.121789
 10
98.467243
 20
-8.179713
 10
98.472931
 20
-8.200265
 10
98.489502
 20
-8.23182
 10
98.50061
 20
-8.243701
 10
98.513885
 20
-8.253266
 10
98.529766
 20
-8.260627
 10
98.549166
 20
-8.265845
 10
98.57452599999999
 20
-8.268964
 10
98.685472
 20
-8.268964
 10
98.710835
 20
-8.265845
 10
98.730232
 20
-8.260627
 10
98.74611300000001
 20
-8.253266
 10
98.759388
 20
-8.243701
 10
98.77049600000001
 20
-8.23182
 10
98.779676
 20
-8.217444
 10
98.787069
 20
-8.200265
 10
98.796789
 20
-8.154611
 10
98.799198
 20
-8.121789
 10
98.799198
 20
-7.978211
 10
98.796787
 20
-7.945392
 10
98.78706700000001
 20
-7.899735
 10
98.77049600000001
 20
-7.868182
 10
98.759388
 20
-7.856301
 10
98.74611300000001
 20
-7.846734
 10
98.730232
 20
-7.839375
 10
98.71083300000001
 20
-7.834155
 10
98.685472
 20
-7.831038
 10
98.629999
 20
-7.830001
 10
98.57452599999999
 20
-7.831038
 10
98.549164
 20
-7.834155
 10
98.529766
 20
-7.839375
 10
98.513885
 20
-7.846734
 10
98.50061
 20
-7.856301
 10
98.489502
 20
-7.868182
 10
98.480322
 20
-7.882556
 10
98.467243
 20
-7.920287
 10
98.4608
 20
-7.978211
  0
LWPOLYLINE
  5
1BC
330
17
100
AcDbEntity
  8
VISTA
100
AcDbPolyline
 90
8
 70
1
 10
97.67699999999999
 20
-4.0
 10
97.68
 20
-3.997
 10
97.68
 20
-3.323
 10
97.67699999999999
 20
-3.32
 10
95.962999
 20
-3.32
 10
95.96000000000001
 20
-3.323
 10
95.960878
 20
-3.999121
 10
97.67699999999999
 20
-4.0
  0
LWPOLYLINE
  5
1BD
330
17
100
AcDbEntity
  8
VISTA
100
AcDbPolyline
 90
8
 70
1
 10
94.240295
 20
-5.818982
 10
94.242
 20
-5.82
 10
95.778998
 20
-5.819734
 10
95.778998
 20
-5.200267
 10
94.860298
 20
-5.198982
 10
94.859702
 20
-3.201019
 10
94.240337
 20
-3.201189
 10
94.240295
 20
-5.818982
  0
LWPOLYLINE
  5
1BE
330
17
100
AcDbEntity
  8
VISTA
100
AcDbPolyline
 90
4
 70
1
 10
94.8602978931001
 20
-5.198982893100097
 10
94.8602978931001
 20
-5.198982893100096
 10
94.860298
 20
-5.198982
 10
94.8602978931001
 20
-5.198982893100097
  0
LWPOLYLINE
  5
1BF
330
17
100
AcDbEntity
  8
VISTA
100
AcDbPolyline
 90
13
 70
1
 10
94.355
 20
-4.39
 10
94.355
 20
-3.88
 10
94.362201
 20
-3.863156
 10
94.38
 20
-3.855
 10
94.740001
 20
-3.855
 10
94.756845
 20
-3.862202
 10
94.765
 20
-3.88
 10
94.765
 20
-4.39
 10
94.757799
 20
-4.406844
 10
94.740001
 20
-4.415
 10
94.38
 20
-4.415
 10
94.36417
 20
-4.408443
 10
94.355
 20
-4.39
  0
LWPOLYLINE
  5
1C0
330
17
100
AcDbEntity
  8
VISTA
100
AcDbPolyline
 90
4
 70
1
 10
94.24049813813814
 20
-5.818957
 10
94.24054671518988
 20
-5.819025715189872
 10
94.24052
 20
-5.818999
 10
94.24049813813814
 20
-5.818957
  0
LWPOLYLINE
  5
1C1
330
17
100
AcDbEntity
  8
VISTA
100
AcDbPolyline
 90
4
 70
1
 10
94.75860934328362
 20
-3.8620121716417883
 10
94.7586093432836
 20
-3.8620121716417906
 10
94.7586093432837
 20
-3.8620121716417835
 10
94.75860934328362
 20
-3.8620121716417883
  0
LWPOLYLINE
  5
1C2
330
17
100
AcDbEntity
  8
VISTA
100
AcDbPolyline
 90
45
 70
1
 10
94.349375
 20
-3.958119
 10
94.344155
 20
-3.992351
 10
94.341037
 20
-4.037107
 10
94.341037
 20
-4.232894
 10
94.344155
 20
-4.27765
 10
94.349375
 20
-4.311882
 10
94.356734
 20
-4.339907
 10
94.3663
 20
-4.363333
 10
94.378181
 20
-4.382936
 10
94.392557
 20
-4.399137
 10
94.409736
 20
-4.412181
 10
94.430286
 20
-4.422217
 10
94.455391
 20
-4.429335
 10
94.488212
 20
-4.433586
 10
94.631789
 20
-4.433586
 10
94.66461
 20
-4.429335
 10
94.689713
 20
-4.422217
 10
94.71026499999999
 20
-4.412181
 10
94.727444
 20
-4.399137
 10
94.74181899999999
 20
-4.382936
 10
94.753699
 20
-4.363333
 10
94.763266
 20
-4.339907
 10
94.770625
 20
-4.311882
 10
94.775846
 20
-4.27765
 10
94.778963
 20
-4.232894
 10
94.778963
 20
-4.037107
 10
94.775846
 20
-3.992351
 10
94.770625
 20
-3.958119
 10
94.763266
 20
-3.930094
 10
94.753699
 20
-3.906668
 10
94.74181899999999
 20
-3.887065
 10
94.727444
 20
-3.870864
 10
94.71026499999999
 20
-3.857819
 10
94.689713
 20
-3.847784
 10
94.66461
 20
-3.840667
 10
94.631789
 20
-3.836415
 10
94.488212
 20
-3.836415
 10
94.455391
 20
-3.840667
 10
94.430286
 20
-3.847784
 10
94.409736
 20
-3.857819
 10
94.392557
 20
-3.870864
 10
94.378181
 20
-3.887065
 10
94.3663
 20
-3.906668
 10
94.356734
 20
-3.930094
 10
94.349375
 20
-3.958119
  0
LWPOLYLINE
  5
1C3
330
17
100
AcDbEntity
  8
VISTA
100
AcDbPolyline
 90
17
 70
1
 10
94.54268
 20
-4.145
 10
94.540001
 20
-4.135
 10
94.427999
 20
-4.135
 10
94.428622
 20
-4.076264
 10
94.54189099999999
 20
-4.126904
 10
94.55
 20
-4.11768
 10
94.56
 20
-4.115
 10
94.570001
 20
-4.11768
 10
94.57811
 20
-4.126904
 10
94.691378
 20
-4.076264
 10
94.69200000000001
 20
-4.135
 10
94.58
 20
-4.135
 10
94.577321
 20
-4.145
 10
94.570001
 20
-4.152321
 10
94.56
 20
-4.155
 10
94.55
 20
-4.152321
 10
94.54268
 20
-4.145
  0
LWPOLYLINE
  5
1C4
330
17
100
AcDbEntity
  8
VISTA
100
AcDbPolyline
 90
4
 70
1
 10
94.4308982764022
 20
-4.338653512169282
 10
94.43089827643848
 20
-4.3386535121120655
 10
94.43089827641518
 20
-4.338653512148814
 10
94.4308982764022
 20
-4.338653512169282
  0
LWPOLYLINE
  5
1C5
330
17
100
AcDbEntity
  8
VISTA
100
AcDbPolyline
 90
12
 70
1
 10
92.98349999999999
 20
-2.472667
 10
93.9765
 20
-2.472667
 10
93.978974
 20
-2.471642
 10
93.98
 20
-2.469167
 10
93.98
 20
-2.253056
 10
93.978974
 20
-2.250581
 10
93.9765
 20
-2.249556
 10
92.98349999999999
 20
-2.249556
 10
92.981025
 20
-2.250581
 10
92.98
 20
-2.253056
 10
92.98064600000001
 20
-2.471193
 10
92.98349999999999
 20
-2.472667
  0
LWPOLYLINE
  5
1C6
330
17
100
AcDbEntity
  8
VISTA
100
AcDbPolyline
 90
4
 70
1
 10
92.981746
 20
-2.47092
 10
92.981746
 20
-2.471637
 10
92.98103
 20
-2.47092
 10
92.981746
 20
-2.47092
  0
LWPOLYLINE
  5
1C7
330
17
100
AcDbEntity
  8
VISTA
100
AcDbPolyline
 90
4
 70
1
 10
92.981746
 20
-2.250586
 10
92.981746
 20
-2.251302
 10
92.98103
 20
-2.251302
 10
92.981746
 20
-2.250586
  0
LWPOLYLINE
  5
1C8
330
17
100
AcDbEntity
  8
VISTA
100
AcDbPolyline
 90
4
 70
1
 10
93.978711
 20
-2.471379
 10
93.978253
 20
-2.471637
 10
93.978253
 20
-2.47092
 10
93.978711
 20
-2.471379
  0
LWPOLYLINE
  5
1C9
330
17
100
AcDbEntity
  8
VISTA
100
AcDbPolyline
 90
4
 70
1
 10
93.978253
 20
-2.250586
 10
93.97897
 20
-2.251302
 10
93.978253
 20
-2.251302
 10
93.978253
 20
-2.250586
  0
LWPOLYLINE
  5
1CA
330
17
100
AcDbEntity
  8
VISTA
100
AcDbPolyline
 90
5
 70
1
 10
95.639415
 20
-5.699414
 10
95.639415
 20
-5.240586
 10
95.060586
 20
-5.240586
 10
95.060586
 20
-5.699414
 10
95.639415
 20
-5.699414
  0
LWPOLYLINE
  5
1CB
330
17
100
AcDbEntity
  8
VISTA
100
AcDbPolyline
 90
5
 70
1
 10
93.025
 20
-2.255
 10
93.025
 20
-2.273
 10
93.934999
 20
-2.273
 10
93.934999
 20
-2.255
 10
93.025
 20
-2.255
  0
LWPOLYLINE
  5
1CC
330
17
100
AcDbEntity
  8
VISTA
100
AcDbPolyline
 90
5
 70
1
 10
93.0307
 20
-2.286556
 10
93.929999
 20
-2.285856
 10
93.929299
 20
-2.264556
 10
93.0307
 20
-2.264761
 10
93.0307
 20
-2.286556
  0
LWPOLYLINE
  5
1CD
330
17
100
AcDbEntity
  8
VISTA
100
AcDbPolyline
 90
5
 70
1
 10
100.379999
 20
-9.084
 10
100.860001
 20
-9.084
 10
100.859999
 20
-9.076
 10
100.379997
 20
-9.076304
 10
100.379999
 20
-9.084
  0
LWPOLYLINE
  5
1CE
330
17
100
AcDbEntity
  8
VISTA
100
AcDbPolyline
 90
5
 70
1
 10
100.379999
 20
-9.122
 10
100.860001
 20
-9.122
 10
100.859999
 20
-9.114
 10
100.379997
 20
-9.114305
 10
100.379999
 20
-9.122
  0
LWPOLYLINE
  5
1CF
330
17
100
AcDbEntity
  8
VISTA
100
AcDbPolyline
 90
5
 70
1
 10
100.379999
 20
-9.16
 10
100.860001
 20
-9.16
 10
100.859999
 20
-9.152
 10
100.379997
 20
-9.152305
 10
100.379999
 20
-9.16
  0
LWPOLYLINE
  5
1D0
330
17
100
AcDbEntity
  8
VISTA
100
AcDbPolyline
 90
5
 70
1
 10
100.379999
 20
-9.198
 10
100.860001
 20
-9.198
 10
100.859999
 20
-9.190001
 10
100.379997
 20
-9.190305
 10
100.379999
 20
-9.198
  0
LWPOLYLINE
  5
1D1
330
17
100
AcDbEntity
  8
VISTA
100
AcDbPolyline
 90
5
 70
1
 10
100.379999
 20
-9.236
 10
100.860001
 20
-9.236
 10
100.859999
 20
-9.228001
 10
100.379997
 20
-9.228305
 10
100.379999
 20
-9.236
  0
LWPOLYLINE
  5
1D2
330
17
100
AcDbEntity
  8
VISTA
100
AcDbPolyline
 90
5
 70
1
 10
100.379999
 20
-9.274
 10
100.860001
 20
-9.274
 10
100.859999
 20
-9.266001
 10
100.379997
 20
-9.266305
 10
100.379999
 20
-9.274
  0
LWPOLYLINE
  5
1D3
330
17
100
AcDbEntity
  8
VISTA
100
AcDbPolyline
 90
5
 70
1
 10
100.379999
 20
-9.311999
 10
100.860001
 20
-9.311999
 10
100.859999
 20
-9.304
 10
100.379997
 20
-9.304304
 10
100.379999
 20
-9.311999
  0
LWPOLYLINE
  5
1D4
330
17
100
AcDbEntity
  8
VISTA
100
AcDbPolyline
 90
5
 70
1
 10
100.379999
 20
-9.349999
 10
100.860001
 20
-9.349999
 10
100.859999
 20
-9.342
 10
100.379997
 20
-9.342304
 10
100.379999
 20
-9.349999
  0
LWPOLYLINE
  5
1D5
330
17
100
AcDbEntity
  8
VISTA
100
AcDbPolyline
 90
5
 70
1
 10
100.379999
 20
-9.388
 10
100.860001
 20
-9.388
 10
100.859999
 20
-9.38
 10
100.379997
 20
-9.380304
 10
100.379999
 20
-9.388
  0
LWPOLYLINE
  5
1D6
330
17
100
AcDbEntity
  8
VISTA
100
AcDbPolyline
 90
5
 70
1
 10
100.379999
 20
-9.426
 10
100.860001
 20
-9.426
 10
100.859999
 20
-9.418
 10
100.379997
 20
-9.418304
 10
100.379999
 20
-9.426
  0
LWPOLYLINE
  5
1D7
330
17
100
AcDbEntity
  8
VISTA
100
AcDbPolyline
 90
5
 70
1
 10
100.379999
 20
-9.464
 10
100.860001
 20
-9.464
 10
100.859999
 20
-9.456
 10
100.379997
 20
-9.456305
 10
100.379999
 20
-9.464
  0
LWPOLYLINE
  5
1D8
330
17
100
AcDbEntity
  8
VISTA
100
AcDbPolyline
 90
5
 70
1
 10
100.379999
 20
-9.502
 10
100.860001
 20
-9.502
 10
100.859999
 20
-9.494
 10
100.379997
 20
-9.494305
 10
100.379999
 20
-9.502
  0
LWPOLYLINE
  5
1D9
330
17
100
AcDbEntity
  8
VISTA
100
AcDbPolyline
 90
5
 70
1
 10
100.379999
 20
-9.54
 10
100.860001
 20
-9.54
 10
100.859999
 20
-9.532001
 10
100.379997
 20
-9.532305
 10
100.379999
 20
-9.54
  0
LWPOLYLINE
  5
1DA
330
17
100
AcDbEntity
  8
VISTA
100
AcDbPolyline
 90
5
 70
1
 10
100.379999
 20
-9.578
 10
100.860001
 20
-9.578
 10
100.859999
 20
-9.570001
 10
100.379997
 20
-9.570305
 10
100.379999
 20
-9.578
  0
LWPOLYLINE
  5
1DB
330
17
100
AcDbEntity
  8
VISTA
100
AcDbPolyline
 90
5
 70
1
 10
100.379999
 20
-9.616
 10
100.860001
 20
-9.616
 10
100.859999
 20
-9.608001
 10
100.379997
 20
-9.608305
 10
100.379999
 20
-9.616
  0
LWPOLYLINE
  5
1DC
330
17
100
AcDbEntity
  8
VISTA
100
AcDbPolyline
 90
5
 70
1
 10
100.379999
 20
-9.653999
 10
100.860001
 20
-9.653999
 10
100.859999
 20
-9.646
 10
100.379997
 20
-9.646304
 10
100.379999
 20
-9.653999
  0
LWPOLYLINE
  5
1DD
330
17
100
AcDbEntity
  8
VISTA
100
AcDbPolyline
 90
5
 70
1
 10
100.379999
 20
-9.691999
 10
100.860001
 20
-9.691999
 10
100.859999
 20
-9.684
 10
100.379997
 20
-9.684304
 10
100.379999
 20
-9.691999
  0
LWPOLYLINE
  5
1DE
330
17
100
AcDbEntity
  8
VISTA
100
AcDbPolyline
 90
5
 70
1
 10
100.379999
 20
-9.73
 10
100.860001
 20
-9.73
 10
100.859999
 20
-9.722
 10
100.379997
 20
-9.722304
 10
100.379999
 20
-9.73
  0
LWPOLYLINE
  5
1DF
330
17
100
AcDbEntity
  8
VISTA
100
AcDbPolyline
 90
5
 70
1
 10
100.379999
 20
-9.768
 10
100.860001
 20
-9.768
 10
100.859999
 20
-9.76
 10
100.379997
 20
-9.760304
 10
100.379999
 20
-9.768
  0
LWPOLYLINE
  5
1E0
330
17
100
AcDbEntity
  8
VISTA
100
AcDbPolyline
 90
5
 70
1
 10
100.379999
 20
-9.806
 10
100.860001
 20
-9.806
 10
100.859999
 20
-9.798
 10
100.379997
 20
-9.798305
 10
100.379999
 20
-9.806
  0
LWPOLYLINE
  5
1E1
330
17
100
AcDbEntity
  8
VISTA
100
AcDbPolyline
 90
9
 70
1
 10
99.663
 20
-1.5162
 10
99.66
 20
-1.5192
 10
99.66
 20
-1.5272
 10
99.663
 20
-1.5302
 10
100.03699900000001
 20
-1.5302
 10
100.039999
 20
-1.5272
 10
100.039999
 20
-1.5192
 10
100.03699900000001
 20
-1.5162
 10
99.663
 20
-1.5162
  0
LWPOLYLINE
  5
1E2
330
17
100
AcDbEntity
  8
VISTA
100
AcDbPolyline
 90
9
 70
1
 10
101.343
 20
-10.399799
 10
101.34
 20
-10.402799
 10
101.34
 20
-10.410799
 10
101.343
 20
-10.413799
 10
101.716999
 20
-10.413799
 10
101.719999
 20
-10.410799
 10
101.719999
 20
-10.402799
 10
101.716999
 20
-10.399799
 10
101.343
 20
-10.399799
  0
LWPOLYLINE
  5
1E3
330
17
100
AcDbEntity
  8
VISTA
100
AcDbPolyline
 90
8
 70
1
 10
100.349998
 20
-9.818299
 10
100.3517
 20
-9.82
 10
100.428299
 20
-9.82
 10
100.43
 20
-9.818299
 10
100.43
 20
-9.0617
 10
100.428299
 20
-9.059999
 10
100.350716
 20
-9.060313
 10
100.349998
 20
-9.818299
  0
LWPOLYLINE
  5
1E4
330
17
100
AcDbEntity
  8
VISTA
100
AcDbPolyline
 90
9
 70
1
 10
98.91
 20
-9.975499
 10
98.914501
 20
-9.98
 10
98.945499
 20
-9.98
 10
98.950001
 20
-9.975499
 10
98.950001
 20
-7.4045
 10
98.945499
 20
-7.4
 10
98.914501
 20
-7.4
 10
98.91
 20
-7.4045
 10
98.91
 20
-9.975499
  0
LWPOLYLINE
  5
1E5
330
17
100
AcDbEntity
  8
VISTA
100
AcDbPolyline
 90
8
 70
1
 10
100.987154
 20
-10.371561
 10
100.990557
 20
-10.376652
 10
100.996561
 20
-10.377846
 10
101.000658
 20
-10.375657
 10
101.003
 20
-10.37
 10
101.003
 20
-10.24
 10
100.98700099999999
 20
-10.24
 10
100.987154
 20
-10.371561
  0
LWPOLYLINE
  5
1E6
330
17
100
AcDbEntity
  8
VISTA
100
AcDbPolyline
 90
4
 70
1
 10
101.00239019097421
 20
-10.296260126059734
 10
101.00239019097421
 20
-10.296260126059732
 10
101.00239019097421
 20
-10.296260126059734
 10
101.00239019097421
 20
-10.296260126059734
  0
LWPOLYLINE
  5
1E7
330
17
100
AcDbEntity
  8
VISTA
100
AcDbPolyline
 90
4
 70
1
 10
101.00289980136318
 20
-10.368970986368057
 10
101.00292459375
 20
-10.3687230625
 10
101.00292459375
 20
-10.368723062500008
 10
101.00289980136318
 20
-10.368970986368057
  0
LINE
  5
1E8
330
17
100
AcDbEntity
  8
CORTE
100
AcDbLine
 10
94.00102565346037
 20
-0.0016643736208625877
 30
0.0
 11
94.001318
 21
-0.001318
 31
0.0
  0
LINE
  5
1E9
330
17
100
AcDbEntity
  8
CORTE
100
AcDbLine
 10
94.00102565346037
 20
-0.0016643736208625877
 30
0.0
 11
94.000831
 21
-0.001895
 31
0.0
  0
LINE
  5
1EA
330
17
100
AcDbEntity
  8
CORTE
100
AcDbLine
 10
94.00033214994986
 20
-0.0034587838515546636
 30
0.0
 11
94.000831
 21
-0.001895
 31
0.0
  0
LINE
  5
1EB
330
17
100
AcDbEntity
  8
CORTE
100
AcDbLine
 10
94.00033214994986
 20
-0.0034587838515546636
 30
0.0
 11
94.0
 21
-0.0045
 31
0.0
  0
LINE
  5
1EC
330
17
100
AcDbEntity
  8
CORTE
100
AcDbLine
 10
94.0
 20
-0.11915747241725175
 30
0.0
 11
94.0
 21
-0.0045
 31
0.0
  0
LINE
  5
1ED
330
17
100
AcDbEntity
  8
CORTE
100
AcDbLine
 10
94.0
 20
-0.11915747241725178
 30
0.0
 11
94.0
 21
-0.1955
 31
0.0
  0
LINE
  5
1EE
330
17
100
AcDbEntity
  8
CORTE
100
AcDbLine
 10
94.00049885005015
 20
-0.19706378385155468
 30
0.0
 11
94.0
 21
-0.1955
 31
0.0
  0
LINE
  5
1EF
330
17
100
AcDbEntity
  8
CORTE
100
AcDbLine
 10
94.00049885005015
 20
-0.19706378385155468
 30
0.0
 11
94.000831
 21
-0.198105
 31
0.0
  0
LINE
  5
1F0
330
17
100
AcDbEntity
  8
CORTE
100
AcDbLine
 10
94.00112334653961
 20
-0.1984513736208626
 30
0.0
 11
94.000831
 21
-0.198105
 31
0.0
  0
LINE
  5
1F1
330
17
100
AcDbEntity
  8
CORTE
100
AcDbLine
 10
94.00112334653961
 20
-0.1984513736208626
 30
0.0
 11
94.001318
 21
-0.198682
 31
0.0
  0
LINE
  5
1F2
330
17
100
AcDbEntity
  8
CORTE
100
AcDbLine
 10
101.998682
 20
-0.001318
 30
0.0
 11
101.99897374623872
 21
-0.0016643736208625877
 31
0.0
  0
LINE
  5
1F3
330
17
100
AcDbEntity
  8
CORTE
100
AcDbLine
 10
101.999168
 20
-0.001895
 30
0.0
 11
101.99897374623872
 21
-0.0016643736208625877
 31
0.0
  0
LINE
  5
1F4
330
17
100
AcDbEntity
  8
CORTE
100
AcDbLine
 10
101.999168
 20
-0.001895
 30
0.0
 11
101.99966745035105
 21
-0.0034587838515546636
 31
0.0
  0
LINE
  5
1F5
330
17
100
AcDbEntity
  8
CORTE
100
AcDbLine
 10
102.0
 20
-0.0045
 30
0.0
 11
101.99966745035105
 21
-0.0034587838515546636
 31
0.0
  0
LINE
  5
1F6
330
17
100
AcDbEntity
  8
CORTE
100
AcDbLine
 10
102.0
 20
-0.0045
 30
0.0
 11
102.0
 21
-0.11915747241725175
 31
0.0
  0
LINE
  5
1F7
330
17
100
AcDbEntity
  8
CORTE
100
AcDbLine
 10
102.0
 20
-0.11915747241725175
 30
0.0
 11
102.0
 21
-0.11915747241725178
 31
0.0
  0
LINE
  5
1F8
330
17
100
AcDbEntity
  8
CORTE
100
AcDbLine
 10
102.0
 20
-0.1955
 30
0.0
 11
102.0
 21
-0.11915747241725178
 31
0.0
  0
LINE
  5
1F9
330
17
100
AcDbEntity
  8
CORTE
100
AcDbLine
 10
102.0
 20
-0.1955
 30
0.0
 11
101.99950054964894
 21
-0.19706378385155468
 31
0.0
  0
LINE
  5
1FA
330
17
100
AcDbEntity
  8
CORTE
100
AcDbLine
 10
101.999168
 20
-0.198105
 30
0.0
 11
101.99950054964894
 21
-0.19706378385155468
 31
0.0
  0
LINE
  5
1FB
330
17
100
AcDbEntity
  8
CORTE
100
AcDbLine
 10
101.999168
 20
-0.198105
 30
0.0
 11
101.99887625376128
 21
-0.1984513736208626
 31
0.0
  0
LINE
  5
1FC
330
17
100
AcDbEntity
  8
CORTE
100
AcDbLine
 10
101.998682
 20
-0.198682
 30
0.0
 11
101.99887625376128
 21
-0.1984513736208626
 31
0.0
  0
LINE
  5
1FD
330
17
100
AcDbEntity
  8
CORTE
100
AcDbLine
 10
94.001318
 20
-0.001318
 30
0.0
 11
94.00166437362086
 21
-0.0010256534603811434
 31
0.0
  0
LINE
  5
1FE
330
17
100
AcDbEntity
  8
CORTE
100
AcDbLine
 10
94.00166437362086
 20
-0.0010256534603811434
 30
0.0
 11
94.001895
 21
-0.000831
 31
0.0
  0
LINE
  5
1FF
330
17
100
AcDbEntity
  8
CORTE
100
AcDbLine
 10
94.001895
 20
-0.000831
 30
0.0
 11
94.00345818355065
 21
-0.00033214994984954863
 31
0.0
  0
LINE
  5
200
330
17
100
AcDbEntity
  8
CORTE
100
AcDbLine
 10
94.00345818355065
 20
-0.00033214994984954874
 30
0.0
 11
94.004499
 21
-0.0
 31
0.0
  0
LINE
  5
201
330
17
100
AcDbEntity
  8
CORTE
100
AcDbLine
 10
94.004499
 20
-0.0
 30
0.0
 11
98.80150471414242
 21
-0.0
 31
0.0
  0
LINE
  5
202
330
17
100
AcDbEntity
  8
CORTE
100
AcDbLine
 10
98.80150471414242
 20
-0.0
 30
0.0
 11
101.995501
 21
-0.0
 31
0.0
  0
LINE
  5
203
330
17
100
AcDbEntity
  8
CORTE
100
AcDbLine
 10
101.995501
 20
-0.0
 30
0.0
 11
101.99706358324975
 21
-0.0004988500501504514
 31
0.0
  0
LINE
  5
204
330
17
100
AcDbEntity
  8
CORTE
100
AcDbLine
 10
101.99706358324975
 20
-0.0004988500501504513
 30
0.0
 11
101.998104
 21
-0.000831
 31
0.0
  0
LINE
  5
205
330
17
100
AcDbEntity
  8
CORTE
100
AcDbLine
 10
101.998104
 20
-0.000831
 30
0.0
 11
101.99845097392176
 21
-0.0011233465396188564
 31
0.0
  0
LINE
  5
206
330
17
100
AcDbEntity
  8
CORTE
100
AcDbLine
 10
101.99845097392176
 20
-0.0011233465396188564
 30
0.0
 11
101.998682
 21
-0.001318
 31
0.0
  0
LINE
  5
207
330
17
100
AcDbEntity
  8
CORTE
100
AcDbLine
 10
94.00166437362086
 20
-0.19897434653961887
 30
0.0
 11
94.001318
 21
-0.198682
 31
0.0
  0
LINE
  5
208
330
17
100
AcDbEntity
  8
CORTE
100
AcDbLine
 10
94.001895
 20
-0.199169
 30
0.0
 11
94.00166437362086
 21
-0.19897434653961887
 31
0.0
  0
LINE
  5
209
330
17
100
AcDbEntity
  8
CORTE
100
AcDbLine
 10
94.00345818355065
 20
-0.19966785005015047
 30
0.0
 11
94.001895
 21
-0.199169
 31
0.0
  0
LINE
  5
20A
330
17
100
AcDbEntity
  8
CORTE
100
AcDbLine
 10
94.004499
 20
-0.2
 30
0.0
 11
94.00345818355065
 21
-0.19966785005015047
 31
0.0
  0
LINE
  5
20B
330
17
100
AcDbEntity
  8
CORTE
100
AcDbLine
 10
98.80150471414242
 20
-0.2
 30
0.0
 11
94.004499
 21
-0.2
 31
0.0
  0
LINE
  5
20C
330
17
100
AcDbEntity
  8
CORTE
100
AcDbLine
 10
101.995501
 20
-0.2
 30
0.0
 11
98.80150471414242
 21
-0.2
 31
0.0
  0
LINE
  5
20D
330
17
100
AcDbEntity
  8
CORTE
100
AcDbLine
 10
101.99706358324975
 20
-0.19950114994984955
 30
0.0
 11
101.995501
 21
-0.2
 31
0.0
  0
LINE
  5
20E
330
17
100
AcDbEntity
  8
CORTE
100
AcDbLine
 10
101.998104
 20
-0.199169
 30
0.0
 11
101.99706358324975
 21
-0.19950114994984955
 31
0.0
  0
LINE
  5
20F
330
17
100
AcDbEntity
  8
CORTE
100
AcDbLine
 10
101.99845097392176
 20
-0.19887665346038114
 30
0.0
 11
101.998104
 21
-0.199169
 31
0.0
  0
LINE
  5
210
330
17
100
AcDbEntity
  8
CORTE
100
AcDbLine
 10
101.998682
 20
-0.198682
 30
0.0
 11
101.99845097392176
 21
-0.19887665346038114
 31
0.0
  0
LINE
  5
211
330
17
100
AcDbEntity
  8
CORTE
100
AcDbLine
 10
94.00102565346037
 20
-0.0016643736208625877
 30
0.0
 11
94.001318
 21
-0.001318
 31
0.0
  0
LINE
  5
212
330
17
100
AcDbEntity
  8
CORTE
100
AcDbLine
 10
94.00102565346037
 20
-0.0016643736208625877
 30
0.0
 11
94.000831
 21
-0.001895
 31
0.0
  0
LINE
  5
213
330
17
100
AcDbEntity
  8
CORTE
100
AcDbLine
 10
94.00033214994986
 20
-0.0034587838515546636
 30
0.0
 11
94.000831
 21
-0.001895
 31
0.0
  0
LINE
  5
214
330
17
100
AcDbEntity
  8
CORTE
100
AcDbLine
 10
94.00033214994986
 20
-0.0034587838515546636
 30
0.0
 11
94.0
 21
-0.0045
 31
0.0
  0
LINE
  5
215
330
17
100
AcDbEntity
  8
CORTE
100
AcDbLine
 10
94.0
 20
-0.1551755265797392
 30
0.0
 11
94.0
 21
-0.0045
 31
0.0
  0
LINE
  5
216
330
17
100
AcDbEntity
  8
CORTE
100
AcDbLine
 10
94.0
 20
-0.15517552657973924
 30
0.0
 11
94.0
 21
-0.2555
 31
0.0
  0
LINE
  5
217
330
17
100
AcDbEntity
  8
CORTE
100
AcDbLine
 10
94.00049885005015
 20
-0.25706378385155465
 30
0.0
 11
94.0
 21
-0.2555
 31
0.0
  0
LINE
  5
218
330
17
100
AcDbEntity
  8
CORTE
100
AcDbLine
 10
94.00049885005015
 20
-0.25706378385155465
 30
0.0
 11
94.000831
 21
-0.258105
 31
0.0
  0
LINE
  5
219
330
17
100
AcDbEntity
  8
CORTE
100
AcDbLine
 10
94.00112334653961
 20
-0.25845137362086257
 30
0.0
 11
94.000831
 21
-0.258105
 31
0.0
  0
LINE
  5
21A
330
17
100
AcDbEntity
  8
CORTE
100
AcDbLine
 10
94.00112334653961
 20
-0.25845137362086257
 30
0.0
 11
94.001318
 21
-0.258682
 31
0.0
  0
LINE
  5
21B
330
17
100
AcDbEntity
  8
CORTE
100
AcDbLine
 10
94.258682
 20
-0.001318
 30
0.0
 11
94.25897494684052
 21
-0.0016643736208625877
 31
0.0
  0
LINE
  5
21C
330
17
100
AcDbEntity
  8
CORTE
100
AcDbLine
 10
94.25917
 20
-0.001895
 30
0.0
 11
94.25897494684052
 21
-0.0016643736208625877
 31
0.0
  0
LINE
  5
21D
330
17
100
AcDbEntity
  8
CORTE
100
AcDbLine
 10
94.25917
 20
-0.001895
 30
0.0
 11
94.25966824974924
 21
-0.0034587838515546636
 31
0.0
  0
LINE
  5
21E
330
17
100
AcDbEntity
  8
CORTE
100
AcDbLine
 10
94.26
 20
-0.0045
 30
0.0
 11
94.25966824974924
 21
-0.0034587838515546636
 31
0.0
  0
LINE
  5
21F
330
17
100
AcDbEntity
  8
CORTE
100
AcDbLine
 10
94.26
 20
-0.0045
 30
0.0
 11
94.26
 21
-0.1551755265797392
 31
0.0
  0
LINE
  5
220
330
17
100
AcDbEntity
  8
CORTE
100
AcDbLine
 10
94.26
 20
-0.1551755265797392
 30
0.0
 11
94.26
 21
-0.15517552657973924
 31
0.0
  0
LINE
  5
221
330
17
100
AcDbEntity
  8
CORTE
100
AcDbLine
 10
94.26
 20
-0.2555
 30
0.0
 11
94.26
 21
-0.15517552657973924
 31
0.0
  0
LINE
  5
222
330
17
100
AcDbEntity
  8
CORTE
100
AcDbLine
 10
94.26
 20
-0.2555
 30
0.0
 11
94.25950175025075
 21
-0.25706378385155465
 31
0.0
  0
LINE
  5
223
330
17
100
AcDbEntity
  8
CORTE
100
AcDbLine
 10
94.25917
 20
-0.258105
 30
0.0
 11
94.25950175025075
 21
-0.25706378385155465
 31
0.0
  0
LINE
  5
224
330
17
100
AcDbEntity
  8
CORTE
100
AcDbLine
 10
94.25917
 20
-0.258105
 30
0.0
 11
94.25887705315948
 21
-0.25845137362086257
 31
0.0
  0
LINE
  5
225
330
17
100
AcDbEntity
  8
CORTE
100
AcDbLine
 10
94.258682
 20
-0.258682
 30
0.0
 11
94.25887705315948
 21
-0.25845137362086257
 31
0.0
  0
LINE
  5
226
330
17
100
AcDbEntity
  8
CORTE
100
AcDbLine
 10
94.001318
 20
-0.001318
 30
0.0
 11
94.00166437362086
 21
-0.0010256534603811434
 31
0.0
  0
LINE
  5
227
330
17
100
AcDbEntity
  8
CORTE
100
AcDbLine
 10
94.00166437362086
 20
-0.0010256534603811434
 30
0.0
 11
94.001895
 21
-0.000831
 31
0.0
  0
LINE
  5
228
330
17
100
AcDbEntity
  8
CORTE
100
AcDbLine
 10
94.001895
 20
-0.000831
 30
0.0
 11
94.00345878385156
 21
-0.00033214994984954863
 31
0.0
  0
LINE
  5
229
330
17
100
AcDbEntity
  8
CORTE
100
AcDbLine
 10
94.00345878385156
 20
-0.00033214994984954874
 30
0.0
 11
94.00450000000001
 21
-0.0
 31
0.0
  0
LINE
  5
22A
330
17
100
AcDbEntity
  8
CORTE
100
AcDbLine
 10
94.00450000000001
 20
-0.0
 30
0.0
 11
94.15517552657974
 21
-0.0
 31
0.0
  0
LINE
  5
22B
330
17
100
AcDbEntity
  8
CORTE
100
AcDbLine
 10
94.15517552657974
 20
-0.0
 30
0.0
 11
94.2555
 21
-0.0
 31
0.0
  0
LINE
  5
22C
330
17
100
AcDbEntity
  8
CORTE
100
AcDbLine
 10
94.2555
 20
-0.0
 30
0.0
 11
94.25706378385155
 21
-0.0004988500501504514
 31
0.0
  0
LINE
  5
22D
330
17
100
AcDbEntity
  8
CORTE
100
AcDbLine
 10
94.25706378385155
 20
-0.0004988500501504513
 30
0.0
 11
94.258105
 21
-0.000831
 31
0.0
  0
LINE
  5
22E
330
17
100
AcDbEntity
  8
CORTE
100
AcDbLine
 10
94.258105
 20
-0.000831
 30
0.0
 11
94.25845137362086
 21
-0.0011233465396188564
 31
0.0
  0
LINE
  5
22F
330
17
100
AcDbEntity
  8
CORTE
100
AcDbLine
 10
94.25845137362086
 20
-0.0011233465396188564
 30
0.0
 11
94.258682
 21
-0.001318
 31
0.0
  0
LINE
  5
230
330
17
100
AcDbEntity
  8
CORTE
100
AcDbLine
 10
94.00166437362086
 20
-0.25897434653961887
 30
0.0
 11
94.001318
 21
-0.258682
 31
0.0
  0
LINE
  5
231
330
17
100
AcDbEntity
  8
CORTE
100
AcDbLine
 10
94.001895
 20
-0.259169
 30
0.0
 11
94.00166437362086
 21
-0.25897434653961887
 31
0.0
  0
LINE
  5
232
330
17
100
AcDbEntity
  8
CORTE
100
AcDbLine
 10
94.00345878385156
 20
-0.2596678500501505
 30
0.0
 11
94.001895
 21
-0.259169
 31
0.0
  0
LINE
  5
233
330
17
100
AcDbEntity
  8
CORTE
100
AcDbLine
 10
94.00450000000001
 20
-0.26
 30
0.0
 11
94.00345878385156
 21
-0.2596678500501505
 31
0.0
  0
LINE
  5
234
330
17
100
AcDbEntity
  8
CORTE
100
AcDbLine
 10
94.15517552657974
 20
-0.26
 30
0.0
 11
94.00450000000001
 21
-0.26
 31
0.0
  0
LINE
  5
235
330
17
100
AcDbEntity
  8
CORTE
100
AcDbLine
 10
94.2555
 20
-0.26
 30
0.0
 11
94.15517552657974
 21
-0.26
 31
0.0
  0
LINE
  5
236
330
17
100
AcDbEntity
  8
CORTE
100
AcDbLine
 10
94.25706378385155
 20
-0.2595011499498495
 30
0.0
 11
94.2555
 21
-0.26
 31
0.0
  0
LINE
  5
237
330
17
100
AcDbEntity
  8
CORTE
100
AcDbLine
 10
94.258105
 20
-0.259169
 30
0.0
 11
94.25706378385155
 21
-0.2595011499498495
 31
0.0
  0
LINE
  5
238
330
17
100
AcDbEntity
  8
CORTE
100
AcDbLine
 10
94.25845137362086
 20
-0.25887665346038113
 30
0.0
 11
94.258105
 21
-0.259169
 31
0.0
  0
LINE
  5
239
330
17
100
AcDbEntity
  8
CORTE
100
AcDbLine
 10
94.258682
 20
-0.258682
 30
0.0
 11
94.25845137362086
 21
-0.25887665346038113
 31
0.0
  0
LINE
  5
23A
330
17
100
AcDbEntity
  8
CORTE
100
AcDbLine
 10
101.74102645285858
 20
-0.0016643736208625877
 30
0.0
 11
101.74132
 21
-0.001318
 31
0.0
  0
LINE
  5
23B
330
17
100
AcDbEntity
  8
CORTE
100
AcDbLine
 10
101.74102645285858
 20
-0.0016643736208625877
 30
0.0
 11
101.740831
 21
-0.001895
 31
0.0
  0
LINE
  5
23C
330
17
100
AcDbEntity
  8
CORTE
100
AcDbLine
 10
101.74033335055165
 20
-0.0034587838515546636
 30
0.0
 11
101.740831
 21
-0.001895
 31
0.0
  0
LINE
  5
23D
330
17
100
AcDbEntity
  8
CORTE
100
AcDbLine
 10
101.74033335055165
 20
-0.0034587838515546636
 30
0.0
 11
101.740002
 21
-0.0045
 31
0.0
  0
LINE
  5
23E
330
17
100
AcDbEntity
  8
CORTE
100
AcDbLine
 10
101.740002
 20
-0.1551755265797392
 30
0.0
 11
101.740002
 21
-0.0045
 31
0.0
  0
LINE
  5
23F
330
17
100
AcDbEntity
  8
CORTE
100
AcDbLine
 10
101.740002
 20
-0.15517552657973924
 30
0.0
 11
101.740002
 21
-0.246
 31
0.0
  0
LINE
  5
240
330
17
100
AcDbEntity
  8
CORTE
100
AcDbLine
 10
101.998682
 20
-0.001318
 30
0.0
 11
101.99897494684052
 21
-0.0016643736208625877
 31
0.0
  0
LINE
  5
241
330
17
100
AcDbEntity
  8
CORTE
100
AcDbLine
 10
101.99916999999999
 20
-0.001895
 30
0.0
 11
101.99897494684052
 21
-0.0016643736208625877
 31
0.0
  0
LINE
  5
242
330
17
100
AcDbEntity
  8
CORTE
100
AcDbLine
 10
101.99916999999999
 20
-0.001895
 30
0.0
 11
101.99966824974925
 21
-0.0034587838515546636
 31
0.0
  0
LINE
  5
243
330
17
100
AcDbEntity
  8
CORTE
100
AcDbLine
 10
102.0
 20
-0.0045
 30
0.0
 11
101.99966824974925
 21
-0.0034587838515546636
 31
0.0
  0
LINE
  5
244
330
17
100
AcDbEntity
  8
CORTE
100
AcDbLine
 10
102.0
 20
-0.0045
 30
0.0
 11
102.0
 21
-0.1551755265797392
 31
0.0
  0
LINE
  5
245
330
17
100
AcDbEntity
  8
CORTE
100
AcDbLine
 10
102.0
 20
-0.1551755265797392
 30
0.0
 11
102.0
 21
-0.15517552657973924
 31
0.0
  0
LINE
  5
246
330
17
100
AcDbEntity
  8
CORTE
100
AcDbLine
 10
102.0
 20
-0.2555
 30
0.0
 11
102.0
 21
-0.15517552657973924
 31
0.0
  0
LINE
  5
247
330
17
100
AcDbEntity
  8
CORTE
100
AcDbLine
 10
102.0
 20
-0.2555
 30
0.0
 11
101.99950175025074
 21
-0.25706378385155465
 31
0.0
  0
LINE
  5
248
330
17
100
AcDbEntity
  8
CORTE
100
AcDbLine
 10
101.99916999999999
 20
-0.258105
 30
0.0
 11
101.99950175025074
 21
-0.25706378385155465
 31
0.0
  0
LINE
  5
249
330
17
100
AcDbEntity
  8
CORTE
100
AcDbLine
 10
101.99916999999999
 20
-0.258105
 30
0.0
 11
101.99887705315948
 21
-0.25845137362086257
 31
0.0
  0
LINE
  5
24A
330
17
100
AcDbEntity
  8
CORTE
100
AcDbLine
 10
101.998682
 20
-0.258682
 30
0.0
 11
101.99887705315948
 21
-0.25845137362086257
 31
0.0
  0
LINE
  5
24B
330
17
100
AcDbEntity
  8
CORTE
100
AcDbLine
 10
101.74132
 20
-0.001318
 30
0.0
 11
101.74166577331997
 21
-0.0010256534603811434
 31
0.0
  0
LINE
  5
24C
330
17
100
AcDbEntity
  8
CORTE
100
AcDbLine
 10
101.74166577331997
 20
-0.0010256534603811434
 30
0.0
 11
101.741896
 21
-0.000831
 31
0.0
  0
LINE
  5
24D
330
17
100
AcDbEntity
  8
CORTE
100
AcDbLine
 10
101.741896
 20
-0.000831
 30
0.0
 11
101.74345978385156
 21
-0.00033214994984954863
 31
0.0
  0
LINE
  5
24E
330
17
100
AcDbEntity
  8
CORTE
100
AcDbLine
 10
101.74345978385156
 20
-0.00033214994984954874
 30
0.0
 11
101.744501
 21
-0.0
 31
0.0
  0
LINE
  5
24F
330
17
100
AcDbEntity
  8
CORTE
100
AcDbLine
 10
101.744501
 20
-0.0
 30
0.0
 11
101.89517652657975
 21
-0.0
 31
0.0
  0
LINE
  5
250
330
17
100
AcDbEntity
  8
CORTE
100
AcDbLine
 10
101.89517652657975
 20
-0.0
 30
0.0
 11
101.995501
 21
-0.0
 31
0.0
  0
LINE
  5
251
330
17
100
AcDbEntity
  8
CORTE
100
AcDbLine
 10
101.995501
 20
-0.0
 30
0.0
 11
101.99706478385156
 21
-0.0004988500501504514
 31
0.0
  0
LINE
  5
252
330
17
100
AcDbEntity
  8
CORTE
100
AcDbLine
 10
101.99706478385156
 20
-0.0004988500501504513
 30
0.0
 11
101.998106
 21
-0.000831
 31
0.0
  0
LINE
  5
253
330
17
100
AcDbEntity
  8
CORTE
100
AcDbLine
 10
101.998106
 20
-0.000831
 30
0.0
 11
101.99845177331996
 21
-0.0011233465396188564
 31
0.0
  0
LINE
  5
254
330
17
100
AcDbEntity
  8
CORTE
100
AcDbLine
 10
101.99845177331996
 20
-0.0011233465396188564
 30
0.0
 11
101.998682
 21
-0.001318
 31
0.0
  0
LINE
  5
255
330
17
100
AcDbEntity
  8
CORTE
100
AcDbLine
 10
101.89517636081115
 20
-0.26
 30
0.0
 11
101.813999
 21
-0.26
 31
0.0
  0
LINE
  5
256
330
17
100
AcDbEntity
  8
CORTE
100
AcDbLine
 10
101.995501
 20
-0.26
 30
0.0
 11
101.89517636081115
 21
-0.26
 31
0.0
  0
LINE
  5
257
330
17
100
AcDbEntity
  8
CORTE
100
AcDbLine
 10
101.99706478385156
 20
-0.2595011499498495
 30
0.0
 11
101.995501
 21
-0.26
 31
0.0
  0
LINE
  5
258
330
17
100
AcDbEntity
  8
CORTE
100
AcDbLine
 10
101.998106
 20
-0.259169
 30
0.0
 11
101.99706478385156
 21
-0.2595011499498495
 31
0.0
  0
LINE
  5
259
330
17
100
AcDbEntity
  8
CORTE
100
AcDbLine
 10
101.99845177331996
 20
-0.25887665346038113
 30
0.0
 11
101.998106
 21
-0.259169
 31
0.0
  0
LINE
  5
25A
330
17
100
AcDbEntity
  8
CORTE
100
AcDbLine
 10
101.998682
 20
-0.258682
 30
0.0
 11
101.99845177331996
 21
-0.25887665346038113
 31
0.0
  0
LINE
  5
25B
330
17
100
AcDbEntity
  8
CORTE
100
AcDbLine
 10
101.813999
 20
-0.246
 30
0.0
 11
101.740002
 21
-0.246
 31
0.0
  0
LINE
  5
25C
330
17
100
AcDbEntity
  8
CORTE
100
AcDbLine
 10
101.813999
 20
-0.246
 30
0.0
 11
101.813999
 21
-0.26
 31
0.0
  0
LINE
  5
25D
330
17
100
AcDbEntity
  8
CORTE
100
AcDbLine
 10
94.00102625376128
 20
-0.0016643736208625877
 30
0.0
 11
94.001318
 21
-0.001318
 31
0.0
  0
LINE
  5
25E
330
17
100
AcDbEntity
  8
CORTE
100
AcDbLine
 10
94.00102625376128
 20
-0.0016643736208625877
 30
0.0
 11
94.000832
 21
-0.001895
 31
0.0
  0
LINE
  5
25F
330
17
100
AcDbEntity
  8
CORTE
100
AcDbLine
 10
94.00033254964895
 20
-0.0034587838515546636
 30
0.0
 11
94.000832
 21
-0.001895
 31
0.0
  0
LINE
  5
260
330
17
100
AcDbEntity
  8
CORTE
100
AcDbLine
 10
94.00033254964895
 20
-0.0034587838515546636
 30
0.0
 11
94.0
 21
-0.0045
 31
0.0
  0
LINE
  5
261
330
17
100
AcDbEntity
  8
CORTE
100
AcDbLine
 10
94.0
 20
-3.6009027081243725
 30
0.0
 11
94.0
 21
-0.0045
 31
0.0
  0
LINE
  5
262
330
17
100
AcDbEntity
  8
CORTE
100
AcDbLine
 10
94.0
 20
-3.6009027081243734
 30
0.0
 11
94.0
 21
-5.9955
 31
0.0
  0
LINE
  5
263
330
17
100
AcDbEntity
  8
CORTE
100
AcDbLine
 10
94.00049945035106
 20
-5.997063783851554
 30
0.0
 11
94.0
 21
-5.9955
 31
0.0
  0
LINE
  5
264
330
17
100
AcDbEntity
  8
CORTE
100
AcDbLine
 10
94.00049945035106
 20
-5.997063783851554
 30
0.0
 11
94.000832
 21
-5.998105
 31
0.0
  0
LINE
  5
265
330
17
100
AcDbEntity
  8
CORTE
100
AcDbLine
 10
94.00112374623872
 20
-5.9984513736208624
 30
0.0
 11
94.000832
 21
-5.998105
 31
0.0
  0
LINE
  5
266
330
17
100
AcDbEntity
  8
CORTE
100
AcDbLine
 10
94.00112374623872
 20
-5.9984513736208624
 30
0.0
 11
94.001318
 21
-5.998682
 31
0.0
  0
LINE
  5
267
330
17
100
AcDbEntity
  8
CORTE
100
AcDbLine
 10
94.198683
 20
-0.001318
 30
0.0
 11
94.19897474623872
 21
-0.0016643736208625877
 31
0.0
  0
LINE
  5
268
330
17
100
AcDbEntity
  8
CORTE
100
AcDbLine
 10
94.199169
 20
-0.001895
 30
0.0
 11
94.19897474623872
 21
-0.0016643736208625877
 31
0.0
  0
LINE
  5
269
330
17
100
AcDbEntity
  8
CORTE
100
AcDbLine
 10
94.199169
 20
-0.001895
 30
0.0
 11
94.19966845035106
 21
-0.0034587838515546636
 31
0.0
  0
LINE
  5
26A
330
17
100
AcDbEntity
  8
CORTE
100
AcDbLine
 10
94.200001
 20
-0.0045
 30
0.0
 11
94.19966845035106
 21
-0.0034587838515546636
 31
0.0
  0
LINE
  5
26B
330
17
100
AcDbEntity
  8
CORTE
100
AcDbLine
 10
94.200001
 20
-0.0045
 30
0.0
 11
94.200001
 21
-3.6009027081243725
 31
0.0
  0
LINE
  5
26C
330
17
100
AcDbEntity
  8
CORTE
100
AcDbLine
 10
94.200001
 20
-3.6009027081243725
 30
0.0
 11
94.200001
 21
-3.6009027081243734
 31
0.0
  0
LINE
  5
26D
330
17
100
AcDbEntity
  8
CORTE
100
AcDbLine
 10
94.200001
 20
-5.9955
 30
0.0
 11
94.200001
 21
-3.6009027081243734
 31
0.0
  0
LINE
  5
26E
330
17
100
AcDbEntity
  8
CORTE
100
AcDbLine
 10
94.200001
 20
-5.9955
 30
0.0
 11
94.19950154964894
 21
-5.997063783851554
 31
0.0
  0
LINE
  5
26F
330
17
100
AcDbEntity
  8
CORTE
100
AcDbLine
 10
94.199169
 20
-5.998105
 30
0.0
 11
94.19950154964894
 21
-5.997063783851554
 31
0.0
  0
LINE
  5
270
330
17
100
AcDbEntity
  8
CORTE
100
AcDbLine
 10
94.199169
 20
-5.998105
 30
0.0
 11
94.19887725376128
 21
-5.9984513736208624
 31
0.0
  0
LINE
  5
271
330
17
100
AcDbEntity
  8
CORTE
100
AcDbLine
 10
94.198683
 20
-5.998682
 30
0.0
 11
94.19887725376128
 21
-5.9984513736208624
 31
0.0
  0
LINE
  5
272
330
17
100
AcDbEntity
  8
CORTE
100
AcDbLine
 10
94.001318
 20
-0.001318
 30
0.0
 11
94.00166437362086
 21
-0.0010256534603811434
 31
0.0
  0
LINE
  5
273
330
17
100
AcDbEntity
  8
CORTE
100
AcDbLine
 10
94.00166437362086
 20
-0.0010256534603811434
 30
0.0
 11
94.001895
 21
-0.000831
 31
0.0
  0
LINE
  5
274
330
17
100
AcDbEntity
  8
CORTE
100
AcDbLine
 10
94.001895
 20
-0.000831
 30
0.0
 11
94.00345878385156
 21
-0.00033214994984954863
 31
0.0
  0
LINE
  5
275
330
17
100
AcDbEntity
  8
CORTE
100
AcDbLine
 10
94.00345878385156
 20
-0.00033214994984954874
 30
0.0
 11
94.00450000000001
 21
-0.0
 31
0.0
  0
LINE
  5
276
330
17
100
AcDbEntity
  8
CORTE
100
AcDbLine
 10
94.00450000000001
 20
-0.0
 30
0.0
 11
94.11915747241726
 21
-0.0
 31
0.0
  0
LINE
  5
277
330
17
100
AcDbEntity
  8
CORTE
100
AcDbLine
 10
94.11915747241726
 20
-0.0
 30
0.0
 11
94.1955
 21
-0.0
 31
0.0
  0
LINE
  5
278
330
17
100
AcDbEntity
  8
CORTE
100
AcDbLine
 10
94.1955
 20
-0.0
 30
0.0
 11
94.19706438415245
 21
-0.0004988500501504514
 31
0.0
  0
LINE
  5
279
330
17
100
AcDbEntity
  8
CORTE
100
AcDbLine
 10
94.19706438415245
 20
-0.0004988500501504513
 30
0.0
 11
94.198106
 21
-0.000831
 31
0.0
  0
LINE
  5
27A
330
17
100
AcDbEntity
  8
CORTE
100
AcDbLine
 10
94.198106
 20
-0.000831
 30
0.0
 11
94.19845237362087
 21
-0.0011233465396188564
 31
0.0
  0
LINE
  5
27B
330
17
100
AcDbEntity
  8
CORTE
100
AcDbLine
 10
94.19845237362087
 20
-0.0011233465396188564
 30
0.0
 11
94.198683
 21
-0.001318
 31
0.0
  0
LINE
  5
27C
330
17
100
AcDbEntity
  8
CORTE
100
AcDbLine
 10
94.00166437362086
 20
-5.998974346539619
 30
0.0
 11
94.001318
 21
-5.998682
 31
0.0
  0
LINE
  5
27D
330
17
100
AcDbEntity
  8
CORTE
100
AcDbLine
 10
94.001895
 20
-5.999169
 30
0.0
 11
94.00166437362086
 21
-5.998974346539619
 31
0.0
  0
LINE
  5
27E
330
17
100
AcDbEntity
  8
CORTE
100
AcDbLine
 10
94.00345878385156
 20
-5.999667850050151
 30
0.0
 11
94.001895
 21
-5.999169
 31
0.0
  0
LINE
  5
27F
330
17
100
AcDbEntity
  8
CORTE
100
AcDbLine
 10
94.00450000000001
 20
-6.0
 30
0.0
 11
94.00345878385156
 21
-5.999667850050151
 31
0.0
  0
LINE
  5
280
330
17
100
AcDbEntity
  8
CORTE
100
AcDbLine
 10
94.11915747241726
 20
-6.0
 30
0.0
 11
94.00450000000001
 21
-6.0
 31
0.0
  0
LINE
  5
281
330
17
100
AcDbEntity
  8
CORTE
100
AcDbLine
 10
94.1955
 20
-6.0
 30
0.0
 11
94.11915747241726
 21
-6.0
 31
0.0
  0
LINE
  5
282
330
17
100
AcDbEntity
  8
CORTE
100
AcDbLine
 10
94.19706438415245
 20
-5.999501149949849
 30
0.0
 11
94.1955
 21
-6.0
 31
0.0
  0
LINE
  5
283
330
17
100
AcDbEntity
  8
CORTE
100
AcDbLine
 10
94.198106
 20
-5.999169
 30
0.0
 11
94.19706438415245
 21
-5.999501149949849
 31
0.0
  0
LINE
  5
284
330
17
100
AcDbEntity
  8
CORTE
100
AcDbLine
 10
94.19845237362087
 20
-5.998876653460381
 30
0.0
 11
94.198106
 21
-5.999169
 31
0.0
  0
LINE
  5
285
330
17
100
AcDbEntity
  8
CORTE
100
AcDbLine
 10
94.198683
 20
-5.998682
 30
0.0
 11
94.19845237362087
 21
-5.998876653460381
 31
0.0
  0
LINE
  5
286
330
17
100
AcDbEntity
  8
CORTE
100
AcDbLine
 10
101.80102525376128
 20
-0.0016643736208625877
 30
0.0
 11
101.801317
 21
-0.001318
 31
0.0
  0
LINE
  5
287
330
17
100
AcDbEntity
  8
CORTE
100
AcDbLine
 10
101.80102525376128
 20
-0.0016643736208625877
 30
0.0
 11
101.800831
 21
-0.001895
 31
0.0
  0
LINE
  5
288
330
17
100
AcDbEntity
  8
CORTE
100
AcDbLine
 10
101.80033154964894
 20
-0.0034587838515546636
 30
0.0
 11
101.800831
 21
-0.001895
 31
0.0
  0
LINE
  5
289
330
17
100
AcDbEntity
  8
CORTE
100
AcDbLine
 10
101.80033154964894
 20
-0.0034587838515546636
 30
0.0
 11
101.799999
 21
-0.0045
 31
0.0
  0
LINE
  5
28A
330
17
100
AcDbEntity
  8
CORTE
100
AcDbLine
 10
101.799999
 20
-2.9649797126877946
 30
0.0
 11
101.799999
 21
-1.824
 31
0.0
  0
LINE
  5
28B
330
17
100
AcDbEntity
  8
CORTE
100
AcDbLine
 10
101.799999
 20
-0.0045
 30
0.0
 11
101.799999
 21
-0.246
 31
0.0
  0
LINE
  5
28C
330
17
100
AcDbEntity
  8
CORTE
100
AcDbLine
 10
101.799999
 20
-7.202708205607555
 30
0.0
 11
101.799999
 21
-7.202708205607554
 31
0.0
  0
LINE
  5
28D
330
17
100
AcDbEntity
  8
CORTE
100
AcDbLine
 10
101.799999
 20
-7.202708205607554
 30
0.0
 11
101.799999
 21
-2.9649797126877946
 31
0.0
  0
LINE
  5
28E
330
17
100
AcDbEntity
  8
CORTE
100
AcDbLine
 10
101.799999
 20
-7.202708205607555
 30
0.0
 11
101.799999
 21
-11.995501
 31
0.0
  0
LINE
  5
28F
330
17
100
AcDbEntity
  8
CORTE
100
AcDbLine
 10
101.80049845035106
 20
-11.997064183550652
 30
0.0
 11
101.799999
 21
-11.995501
 31
0.0
  0
LINE
  5
290
330
17
100
AcDbEntity
  8
CORTE
100
AcDbLine
 10
101.80049845035106
 20
-11.997064183550652
 30
0.0
 11
101.800831
 21
-11.998105
 31
0.0
  0
LINE
  5
291
330
17
100
AcDbEntity
  8
CORTE
100
AcDbLine
 10
101.80112274623872
 20
-11.998451373620863
 30
0.0
 11
101.800831
 21
-11.998105
 31
0.0
  0
LINE
  5
292
330
17
100
AcDbEntity
  8
CORTE
100
AcDbLine
 10
101.80112274623872
 20
-11.998451373620863
 30
0.0
 11
101.801317
 21
-11.998682
 31
0.0
  0
LINE
  5
293
330
17
100
AcDbEntity
  8
CORTE
100
AcDbLine
 10
101.998682
 20
-0.001318
 30
0.0
 11
101.99897374623872
 21
-0.0016643736208625877
 31
0.0
  0
LINE
  5
294
330
17
100
AcDbEntity
  8
CORTE
100
AcDbLine
 10
101.999168
 20
-0.001895
 30
0.0
 11
101.99897374623872
 21
-0.0016643736208625877
 31
0.0
  0
LINE
  5
295
330
17
100
AcDbEntity
  8
CORTE
100
AcDbLine
 10
101.999168
 20
-0.001895
 30
0.0
 11
101.99966745035105
 21
-0.0034587838515546636
 31
0.0
  0
LINE
  5
296
330
17
100
AcDbEntity
  8
CORTE
100
AcDbLine
 10
102.0
 20
-0.0045
 30
0.0
 11
101.99966745035105
 21
-0.0034587838515546636
 31
0.0
  0
LINE
  5
297
330
17
100
AcDbEntity
  8
CORTE
100
AcDbLine
 10
102.0
 20
-0.0045
 30
0.0
 11
102.0
 21
-7.202708724674022
 31
0.0
  0
LINE
  5
298
330
17
100
AcDbEntity
  8
CORTE
100
AcDbLine
 10
102.0
 20
-7.202708724674022
 30
0.0
 11
102.0
 21
-7.202708724674023
 31
0.0
  0
LINE
  5
299
330
17
100
AcDbEntity
  8
CORTE
100
AcDbLine
 10
102.0
 20
-11.995501
 30
0.0
 11
102.0
 21
-7.202708724674023
 31
0.0
  0
LINE
  5
29A
330
17
100
AcDbEntity
  8
CORTE
100
AcDbLine
 10
102.0
 20
-11.995501
 30
0.0
 11
101.99950054964894
 21
-11.997064183550652
 31
0.0
  0
LINE
  5
29B
330
17
100
AcDbEntity
  8
CORTE
100
AcDbLine
 10
101.999168
 20
-11.998105
 30
0.0
 11
101.99950054964894
 21
-11.997064183550652
 31
0.0
  0
LINE
  5
29C
330
17
100
AcDbEntity
  8
CORTE
100
AcDbLine
 10
101.999168
 20
-11.998105
 30
0.0
 11
101.99887625376128
 21
-11.998451373620863
 31
0.0
  0
LINE
  5
29D
330
17
100
AcDbEntity
  8
CORTE
100
AcDbLine
 10
101.998682
 20
-11.998682
 30
0.0
 11
101.99887625376128
 21
-11.998451373620863
 31
0.0
  0
LINE
  5
29E
330
17
100
AcDbEntity
  8
CORTE
100
AcDbLine
 10
101.801317
 20
-0.001318
 30
0.0
 11
101.80166397392176
 21
-0.0010256534603811434
 31
0.0
  0
LINE
  5
29F
330
17
100
AcDbEntity
  8
CORTE
100
AcDbLine
 10
101.80166397392176
 20
-0.0010256534603811434
 30
0.0
 11
101.801895
 21
-0.000831
 31
0.0
  0
LINE
  5
2A0
330
17
100
AcDbEntity
  8
CORTE
100
AcDbLine
 10
101.801895
 20
-0.000831
 30
0.0
 11
101.80345818355065
 21
-0.00033214994984954863
 31
0.0
  0
LINE
  5
2A1
330
17
100
AcDbEntity
  8
CORTE
100
AcDbLine
 10
101.80345818355065
 20
-0.00033214994984954874
 30
0.0
 11
101.80449899999999
 21
-0.0
 31
0.0
  0
LINE
  5
2A2
330
17
100
AcDbEntity
  8
CORTE
100
AcDbLine
 10
101.80449899999999
 20
-0.0
 30
0.0
 11
101.91915767301906
 21
-0.0
 31
0.0
  0
LINE
  5
2A3
330
17
100
AcDbEntity
  8
CORTE
100
AcDbLine
 10
101.91915767301906
 20
-0.0
 30
0.0
 11
101.995501
 21
-0.0
 31
0.0
  0
LINE
  5
2A4
330
17
100
AcDbEntity
  8
CORTE
100
AcDbLine
 10
101.995501
 20
-0.0
 30
0.0
 11
101.99706358324975
 21
-0.0004988500501504514
 31
0.0
  0
LINE
  5
2A5
330
17
100
AcDbEntity
  8
CORTE
100
AcDbLine
 10
101.99706358324975
 20
-0.0004988500501504513
 30
0.0
 11
101.998104
 21
-0.000831
 31
0.0
  0
LINE
  5
2A6
330
17
100
AcDbEntity
  8
CORTE
100
AcDbLine
 10
101.998104
 20
-0.000831
 30
0.0
 11
101.99845097392176
 21
-0.0011233465396188564
 31
0.0
  0
LINE
  5
2A7
330
17
100
AcDbEntity
  8
CORTE
100
AcDbLine
 10
101.99845097392176
 20
-0.0011233465396188564
 30
0.0
 11
101.998682
 21
-0.001318
 31
0.0
  0
LINE
  5
2A8
330
17
100
AcDbEntity
  8
CORTE
100
AcDbLine
 10
101.80166397392176
 20
-11.998974346539619
 30
0.0
 11
101.801317
 21
-11.998682
 31
0.0
  0
LINE
  5
2A9
330
17
100
AcDbEntity
  8
CORTE
100
AcDbLine
 10
101.801895
 20
-11.999169
 30
0.0
 11
101.80166397392176
 21
-11.998974346539619
 31
0.0
  0
LINE
  5
2AA
330
17
100
AcDbEntity
  8
CORTE
100
AcDbLine
 10
101.80345818355065
 20
-11.99966785005015
 30
0.0
 11
101.801895
 21
-11.999169
 31
0.0
  0
LINE
  5
2AB
330
17
100
AcDbEntity
  8
CORTE
100
AcDbLine
 10
101.80449899999999
 20
-12.0
 30
0.0
 11
101.80345818355065
 21
-11.99966785005015
 31
0.0
  0
LINE
  5
2AC
330
17
100
AcDbEntity
  8
CORTE
100
AcDbLine
 10
101.91915767301906
 20
-12.0
 30
0.0
 11
101.80449899999999
 21
-12.0
 31
0.0
  0
LINE
  5
2AD
330
17
100
AcDbEntity
  8
CORTE
100
AcDbLine
 10
101.995501
 20
-12.0
 30
0.0
 11
101.91915767301906
 21
-12.0
 31
0.0
  0
LINE
  5
2AE
330
17
100
AcDbEntity
  8
CORTE
100
AcDbLine
 10
101.99706358324975
 20
-11.99950114994985
 30
0.0
 11
101.995501
 21
-12.0
 31
0.0
  0
LINE
  5
2AF
330
17
100
AcDbEntity
  8
CORTE
100
AcDbLine
 10
101.998104
 20
-11.999169
 30
0.0
 11
101.99706358324975
 21
-11.99950114994985
 31
0.0
  0
LINE
  5
2B0
330
17
100
AcDbEntity
  8
CORTE
100
AcDbLine
 10
101.99845097392176
 20
-11.998876653460382
 30
0.0
 11
101.998104
 21
-11.999169
 31
0.0
  0
LINE
  5
2B1
330
17
100
AcDbEntity
  8
CORTE
100
AcDbLine
 10
101.998682
 20
-11.998682
 30
0.0
 11
101.99845097392176
 21
-11.998876653460382
 31
0.0
  0
LINE
  5
2B2
330
17
100
AcDbEntity
  8
CORTE
100
AcDbLine
 10
101.813999
 20
-0.246
 30
0.0
 11
101.799999
 21
-0.246
 31
0.0
  0
LINE
  5
2B3
330
17
100
AcDbEntity
  8
CORTE
100
AcDbLine
 10
101.813999
 20
-1.824
 30
0.0
 11
101.813999
 21
-0.246
 31
0.0
  0
LINE
  5
2B4
330
17
100
AcDbEntity
  8
CORTE
100
AcDbLine
 10
101.813999
 20
-1.824
 30
0.0
 11
101.799999
 21
-1.824
 31
0.0
  0
LWPOLYLINE
  5
2B5
330
17
100
AcDbEntity
  8
VISTA
100
AcDbPolyline
 90
9
 70
1
 10
97.16999799999999
 20
-6.2115
 10
97.16999799999999
 20
-6.207860869565217
 10
97.16999799999999
 20
-6.2025
 10
96.70904188260869
 20
-6.2025
 10
96.029999
 20
-6.2025
 10
96.029999
 20
-6.206139130434782
 10
96.029999
 20
-6.2115
 10
96.49095511739131
 20
-6.2115
 10
97.16999799999999
 20
-6.2115
  0
LWPOLYLINE
  5
2B6
330
17
100
AcDbEntity
  8
VISTA
100
AcDbPolyline
 90
9
 70
1
 10
97.168289
 20
-6.2375
 10
97.168289
 20
-6.233863459945052
 10
97.168289
 20
-6.2285
 10
96.70904207420087
 20
-6.2285
 10
96.031708
 20
-6.2285
 10
96.031708
 20
-6.232136540054948
 10
96.031708
 20
-6.2375
 10
96.49095492579914
 20
-6.2375
 10
97.168289
 20
-6.2375
  0
LWPOLYLINE
  5
2B7
330
17
100
AcDbEntity
  8
VISTA
100
AcDbPolyline
 90
44
 70
1
 10
95.98991253403142
 20
-6.158977144851658
 10
95.989738
 20
-6.159184
 10
95.9892969703316
 20
-6.160564303664922
 10
95.988998
 20
-6.1615
 10
95.988998
 20
-6.231230366492147
 10
95.988998
 20
-6.2785
 10
95.9894390296684
 20
-6.279880303664921
 10
95.989738
 20
-6.280816
 10
95.98999546596859
 20
-6.281121740837697
 10
95.99017
 20
-6.281329
 10
95.99047633682373
 20
-6.281587061954625
 10
95.990684
 20
-6.281762
 10
95.99206370767888
 20
-6.282201837696335
 10
95.992999
 20
-6.2825
 10
96.03710196684119
 20
-6.2825
 10
96.066999
 20
-6.2825
 10
96.06837930366493
 20
-6.282060162303664
 10
96.069315
 20
-6.281762
 10
96.06962074083769
 20
-6.281503938045375
 10
96.069828
 20
-6.281329
 10
96.07000293804538
 20
-6.281121740837697
 10
96.070261
 20
-6.280816
 10
96.07055916230367
 20
-6.279880303664921
 10
96.070999
 20
-6.2785
 10
96.070999
 20
-6.2395
 10
96.027996
 20
-6.2395
 10
96.027996
 20
-6.2005
 10
96.070999
 20
-6.2005
 10
96.070999
 20
-6.1615
 10
96.07070083769634
 20
-6.160564303664922
 10
96.070261
 20
-6.159184
 10
96.07008606195463
 20
-6.158977144851658
 10
96.069828
 20
-6.158672
 10
96.06962074083769
 20
-6.158497061954625
 10
96.069315
 20
-6.158239
 10
96.06837930366493
 20
-6.1579404336823735
 10
96.066999
 20
-6.1575
 10
96.03710196684119
 20
-6.1575
 10
95.992999
 20
-6.1575
 10
95.99206370767888
 20
-6.157798566317626
 10
95.990684
 20
-6.158239
 10
95.99047633682373
 20
-6.158413938045375
 10
95.99017
 20
-6.158672
 10
95.98991253403142
 20
-6.158977144851658
  0
LWPOLYLINE
  5
2B8
330
17
100
AcDbEntity
  8
VISTA
100
AcDbPolyline
 90
44
 70
1
 10
97.12991293804538
 20
-6.158977144851658
 10
97.129738
 20
-6.159184
 10
97.12929816230367
 20
-6.160564303664922
 10
97.129
 20
-6.1615
 10
97.129
 20
-6.2005
 10
97.171999
 20
-6.2005
 10
97.171999
 20
-6.2395
 10
97.129
 20
-6.2395
 10
97.129
 20
-6.2785
 10
97.12943983769634
 20
-6.279880303664921
 10
97.129738
 20
-6.280816
 10
97.12999606195463
 20
-6.281121740837697
 10
97.130171
 20
-6.281329
 10
97.1304767408377
 20
-6.281587061954625
 10
97.130684
 20
-6.281762
 10
97.13206370767888
 20
-6.282201837696335
 10
97.132999
 20
-6.2825
 10
97.17710315881327
 20
-6.2825
 10
97.207001
 20
-6.2825
 10
97.20838070767888
 20
-6.282060162303664
 10
97.209316
 20
-6.281762
 10
97.20962174083769
 20
-6.281503938045375
 10
97.209829
 20
-6.281329
 10
97.21000393804538
 20
-6.281121740837697
 10
97.210262
 20
-6.280816
 10
97.21056016230366
 20
-6.279880303664921
 10
97.211
 20
-6.2785
 10
97.211
 20
-6.231230366492147
 10
97.211
 20
-6.1615
 10
97.21070183769633
 20
-6.160564303664922
 10
97.210262
 20
-6.159184
 10
97.21008706195462
 20
-6.158977144851658
 10
97.209829
 20
-6.158672
 10
97.20962174083769
 20
-6.158497061954625
 10
97.209316
 20
-6.158239
 10
97.20838070767888
 20
-6.1579404336823735
 10
97.207001
 20
-6.1575
 10
97.17710315881327
 20
-6.1575
 10
97.132999
 20
-6.1575
 10
97.13206370767888
 20
-6.157798566317626
 10
97.130684
 20
-6.158239
 10
97.1304767408377
 20
-6.158413938045375
 10
97.130171
 20
-6.158672
 10
97.12991293804538
 20
-6.158977144851658
  0
LWPOLYLINE
  5
2B9
330
17
100
AcDbEntity
  8
VISTA
100
AcDbPolyline
 90
9
 70
1
 10
99.970001
 20
-6.2115
 10
99.970001
 20
-6.207860869565217
 10
99.970001
 20
-6.2025
 10
99.50904488260869
 20
-6.2025
 10
98.83000200000001
 20
-6.2025
 10
98.83000200000001
 20
-6.206139130434782
 10
98.83000200000001
 20
-6.2115
 10
99.29095811739131
 20
-6.2115
 10
99.970001
 20
-6.2115
  0
LWPOLYLINE
  5
2BA
330
17
100
AcDbEntity
  8
VISTA
100
AcDbPolyline
 90
9
 70
1
 10
99.968292
 20
-6.2375
 10
99.968292
 20
-6.233863459945052
 10
99.968292
 20
-6.2285
 10
99.50904507420086
 20
-6.2285
 10
98.831711
 20
-6.2285
 10
98.831711
 20
-6.232136540054948
 10
98.831711
 20
-6.2375
 10
99.29095792579913
 20
-6.2375
 10
99.968292
 20
-6.2375
  0
LWPOLYLINE
  5
2BB
330
17
100
AcDbEntity
  8
VISTA
100
AcDbPolyline
 90
44
 70
1
 10
98.78991293804538
 20
-6.158977144851658
 10
98.789738
 20
-6.159184
 10
98.78929816230367
 20
-6.160564303664922
 10
98.789
 20
-6.1615
 10
98.789
 20
-6.231230366492147
 10
98.789
 20
-6.2785
 10
98.78943983769634
 20
-6.279880303664921
 10
98.789738
 20
-6.280816
 10
98.78999606195462
 20
-6.281121740837697
 10
98.790171
 20
-6.281329
 10
98.7904767408377
 20
-6.281587061954625
 10
98.790684
 20
-6.281762
 10
98.79206370767888
 20
-6.282201837696335
 10
98.792999
 20
-6.2825
 10
98.83710315881326
 20
-6.2825
 10
98.867001
 20
-6.2825
 10
98.86838070767888
 20
-6.282060162303664
 10
98.869316
 20
-6.281762
 10
98.8696217408377
 20
-6.281503938045375
 10
98.869829
 20
-6.281329
 10
98.87000393804537
 20
-6.281121740837697
 10
98.870262
 20
-6.280816
 10
98.87056016230366
 20
-6.279880303664921
 10
98.871
 20
-6.2785
 10
98.871
 20
-6.2395
 10
98.828001
 20
-6.2395
 10
98.828001
 20
-6.2005
 10
98.871
 20
-6.2005
 10
98.871
 20
-6.1615
 10
98.87070183769633
 20
-6.160564303664922
 10
98.870262
 20
-6.159184
 10
98.87008706195462
 20
-6.158977144851658
 10
98.869829
 20
-6.158672
 10
98.8696217408377
 20
-6.158497061954625
 10
98.869316
 20
-6.158239
 10
98.86838070767888
 20
-6.1579404336823735
 10
98.867001
 20
-6.1575
 10
98.83710315881326
 20
-6.1575
 10
98.792999
 20
-6.1575
 10
98.79206370767888
 20
-6.157798566317626
 10
98.790684
 20
-6.158239
 10
98.7904767408377
 20
-6.158413938045375
 10
98.790171
 20
-6.158672
 10
98.78991293804538
 20
-6.158977144851658
  0
LWPOLYLINE
  5
2BC
330
17
100
AcDbEntity
  8
VISTA
100
AcDbPolyline
 90
44
 70
1
 10
99.92991393804537
 20
-6.158977144851658
 10
99.929739
 20
-6.159184
 10
99.92929916230366
 20
-6.160564303664922
 10
99.929001
 20
-6.1615
 10
99.929001
 20
-6.2005
 10
99.972002
 20
-6.2005
 10
99.972002
 20
-6.2395
 10
99.929001
 20
-6.2395
 10
99.929001
 20
-6.2785
 10
99.92944083769633
 20
-6.279880303664921
 10
99.929739
 20
-6.280816
 10
99.92999706195462
 20
-6.281121740837697
 10
99.930172
 20
-6.281329
 10
99.93047774083769
 20
-6.281587061954625
 10
99.930685
 20
-6.281762
 10
99.93206530366493
 20
-6.282201837696335
 10
99.933001
 20
-6.2825
 10
99.97710456282722
 20
-6.2825
 10
100.007002
 20
-6.2825
 10
100.00838170767888
 20
-6.282060162303664
 10
100.009317
 20
-6.281762
 10
100.0096227408377
 20
-6.281503938045375
 10
100.00983
 20
-6.281329
 10
100.01000493804537
 20
-6.281121740837697
 10
100.010263
 20
-6.280816
 10
100.01056156631762
 20
-6.279880303664921
 10
100.011002
 20
-6.2785
 10
100.011002
 20
-6.231230366492147
 10
100.011002
 20
-6.1615
 10
100.01070343368238
 20
-6.160564303664922
 10
100.010263
 20
-6.159184
 10
100.01008806195462
 20
-6.158977144851658
 10
100.00983
 20
-6.158672
 10
100.0096227408377
 20
-6.158497061954625
 10
100.009317
 20
-6.158239
 10
100.00838170767888
 20
-6.1579404336823735
 10
100.007002
 20
-6.1575
 10
99.97710456282722
 20
-6.1575
 10
99.933001
 20
-6.1575
 10
99.93206530366493
 20
-6.157798566317626
 10
99.930685
 20
-6.158239
 10
99.93047774083769
 20
-6.158413938045375
 10
99.930172
 20
-6.158672
 10
99.92991393804537
 20
-6.158977144851658
  0
LWPOLYLINE
  5
2BD
330
17
100
AcDbEntity
  8
VISTA
100
AcDbPolyline
 90
57
 70
1
 10
100.615
 20
-8.15
 10
100.61481641818182
 20
-8.148371390909091
 10
100.614122
 20
-8.142211
 10
100.61358087272727
 20
-8.140664145454545
 10
100.611534
 20
-8.134813
 10
100.6106623
 20
-8.133425681818181
 10
100.607365
 20
-8.128178
 10
100.60620600909091
 20
-8.127019218181818
 10
100.601822
 20
-8.122636
 10
100.60043447272727
 20
-8.121763881818183
 10
100.595186
 20
-8.118465
 10
100.59363914545455
 20
-8.117923872727273
 10
100.587788
 20
-8.115877
 10
100.5861596
 20
-8.115693627272726
 10
100.58
 20
-8.115
 10
100.5783716
 20
-8.115183372727273
 10
100.57221200000001
 20
-8.115877
 10
100.57066514545454
 20
-8.116418127272727
 10
100.564814
 20
-8.118465
 10
100.56342647272727
 20
-8.119337118181818
 10
100.558178
 20
-8.122636
 10
100.55701900909091
 20
-8.123794781818182
 10
100.552635
 20
-8.128178
 10
100.5517633
 20
-8.129565318181818
 10
100.548466
 20
-8.134813
 10
100.54792466363637
 20
-8.136359854545454
 10
100.545877
 20
-8.142211
 10
100.54569362727273
 20
-8.143839609090909
 10
100.545
 20
-8.15
 10
100.54518337272728
 20
-8.1516284
 10
100.545877
 20
-8.157788
 10
100.54641833636364
 20
-8.159334854545454
 10
100.548466
 20
-8.165186
 10
100.5493377
 20
-8.166573527272728
 10
100.552635
 20
-8.171822
 10
100.55379399090909
 20
-8.172980572727273
 10
100.558178
 20
-8.177363
 10
100.55956552727272
 20
-8.178235118181817
 10
100.564814
 20
-8.181534
 10
100.56636085454545
 20
-8.182075127272727
 10
100.57221200000001
 20
-8.184122
 10
100.5738404
 20
-8.184305372727273
 10
100.58
 20
-8.184999
 10
100.5816284
 20
-8.184815627272727
 10
100.587788
 20
-8.184122
 10
100.58933485454546
 20
-8.183580872727273
 10
100.595186
 20
-8.181534
 10
100.59657352727272
 20
-8.180661881818182
 10
100.601822
 20
-8.177363
 10
100.60298099090909
 20
-8.176204427272728
 10
100.607365
 20
-8.171822
 10
100.6082367
 20
-8.170434472727273
 10
100.611534
 20
-8.165186
 10
100.61207512727273
 20
-8.163639145454546
 10
100.614122
 20
-8.157788
 10
100.61430558181817
 20
-8.1561596
 10
100.615
 20
-8.15
  0
LWPOLYLINE
  5
2BE
330
17
100
AcDbEntity
  8
VISTA
100
AcDbPolyline
 90
41
 70
1
 10
101.79871050982031
 20
-4.050803240493105
 10
101.798525
 20
-4.050647
 10
101.79733420643544
 20
-4.0502673096531545
 10
101.796499
 20
-4.050001
 10
101.47734810426243
 20
-4.050001
 10
101.2535
 20
-4.050001
 10
101.25230803092353
 20
-4.050380690346845
 10
101.251472
 20
-4.050647
 10
101.25120868533222
 20
-4.050869759506895
 10
101.251024
 20
-4.051026
 10
101.25080241600502
 20
-4.051289902423736
 10
101.250647
 20
-4.051475
 10
101.2502667218972
 20
-4.052665793564564
 10
101.25
 20
-4.053501
 10
101.25
 20
-5.048571243836189
 10
101.25
 20
-5.7465
 10
101.2503802781028
 20
-5.747691381320518
 10
101.250647
 20
-5.748527
 10
101.25086858399499
 20
-5.748790314667781
 10
101.251024
 20
-5.748975
 10
101.25120950982031
 20
-5.749131240493105
 10
101.251474
 20
-5.749354
 10
101.25230920643544
 20
-5.749620309653155
 10
101.2535
 20
-5.75
 10
101.47734810426243
 20
-5.75
 10
101.796499
 20
-5.75
 10
101.79733503092353
 20
-5.7497336903468454
 10
101.798527
 20
-5.749354
 10
101.79871168533222
 20
-5.749197759506895
 10
101.798975
 20
-5.748975
 10
101.79913082824906
 20
-5.748790314667781
 10
101.799353
 20
-5.748527
 10
101.79961930965315
 20
-5.747691381320518
 10
101.799999
 20
-5.7465
 10
101.799999
 20
-5.048571243836189
 10
101.799999
 20
-4.053501
 10
101.79973269034684
 20
-4.052665381320518
 10
101.799353
 20
-4.051474
 10
101.79919717175093
 20
-4.051289314667781
 10
101.798975
 20
-4.051026
 10
101.79871050982031
 20
-4.050803240493105
  0
LWPOLYLINE
  5
2BF
330
17
100
AcDbEntity
  8
VISTA
100
AcDbPolyline
 90
13
 70
1
 10
95.844001
 20
-5.82
 10
96.536001
 20
-5.82
 10
96.53883
 20
-5.818828
 10
96.540001
 20
-5.816
 10
96.540001
 20
-5.124
 10
96.53883
 20
-5.121171
 10
96.536001
 20
-5.12
 10
95.844001
 20
-5.12
 10
95.841172
 20
-5.121171
 10
95.84
 20
-5.124
 10
95.84
 20
-5.816
 10
95.841172
 20
-5.818828
 10
95.844001
 20
-5.82
  0
LWPOLYLINE
  5
2C0
330
17
100
AcDbEntity
  8
VISTA
100
AcDbPolyline
 90
13
 70
1
 10
95.858001
 20
-5.12
 10
96.522001
 20
-5.12
 10
96.524122
 20
-5.119122
 10
96.525
 20
-5.117
 10
96.525
 20
-5.101
 10
96.524122
 20
-5.098879
 10
96.522001
 20
-5.098
 10
95.858001
 20
-5.098
 10
95.855879
 20
-5.098879
 10
95.855
 20
-5.101
 10
95.855
 20
-5.117
 10
95.855879
 20
-5.119122
 10
95.858001
 20
-5.12
  0
LINE
  5
2C1
330
17
100
AcDbEntity
  8
VISTA
100
AcDbLine
 10
92.977999
 20
-2.80028465134912
 30
0.0
 11
92.97789001796714
 21
-2.8000851767978197
 31
0.0
  0
LINE
  5
2C2
330
17
100
AcDbEntity
  8
VISTA
100
AcDbLine
 10
92.97789001796714
 20
-2.8000851767978197
 30
0.0
 11
92.97781499999999
 21
-2.799946896667653
 31
0.0
  0
LINE
  5
2C3
330
17
100
AcDbEntity
  8
VISTA
100
AcDbLine
 10
92.97781499999999
 20
-2.7999468966676524
 30
0.0
 11
92.97762896920852
 21
-2.799045305140406
 31
0.0
  0
LINE
  5
2C4
330
17
100
AcDbEntity
  8
VISTA
100
AcDbLine
 10
92.97762896920852
 20
-2.799045305140406
 30
0.0
 11
92.977501
 21
-2.798421708761719
 31
0.0
  0
LINE
  5
2C5
330
17
100
AcDbEntity
  8
VISTA
100
AcDbLine
 10
92.977501
 20
-2.798421708761719
 30
0.0
 11
92.977501
 21
-2.648930806314077
 31
0.0
  0
LINE
  5
2C6
330
17
100
AcDbEntity
  8
VISTA
100
AcDbLine
 10
92.977501
 20
-2.648930806314077
 30
0.0
 11
92.977501
 21
-2.5556402511062357
 31
0.0
  0
LINE
  5
2C7
330
17
100
AcDbEntity
  8
VISTA
100
AcDbLine
 10
92.977501
 20
-2.5556402511062357
 30
0.0
 11
92.977501
 21
-2.5556402511062353
 31
0.0
  0
LINE
  5
2C8
330
17
100
AcDbEntity
  8
VISTA
100
AcDbLine
 10
92.977501
 20
-2.5556402511062357
 30
0.0
 11
92.97769893527057
 21
-2.554674957901734
 31
0.0
  0
LINE
  5
2C9
330
17
100
AcDbEntity
  8
VISTA
100
AcDbLine
 10
92.97769893527057
 20
-2.5546749579017334
 30
0.0
 11
92.97781499999999
 21
-2.5541124543729152
 31
0.0
  0
LINE
  5
2CA
330
17
100
AcDbEntity
  8
VISTA
100
AcDbLine
 10
92.97781499999999
 20
-2.5541124543729152
 30
0.0
 11
92.97793100968815
 21
-2.5538992449578513
 31
0.0
  0
LINE
  5
2CB
330
17
100
AcDbEntity
  8
VISTA
100
AcDbLine
 10
92.97793100968815
 20
-2.5538992449578517
 30
0.0
 11
92.977999
 21
-2.5537747993543447
 31
0.0
  0
LINE
  5
2CC
330
17
100
AcDbEntity
  8
VISTA
100
AcDbLine
 10
93.06211098203286
 20
-2.8000851767978197
 30
0.0
 11
93.062002
 21
-2.80028465134912
 31
0.0
  0
LINE
  5
2CD
330
17
100
AcDbEntity
  8
VISTA
100
AcDbLine
 10
93.062186
 20
-2.7999468966676524
 30
0.0
 11
93.06211098203286
 21
-2.8000851767978197
 31
0.0
  0
LINE
  5
2CE
330
17
100
AcDbEntity
  8
VISTA
100
AcDbLine
 10
93.06237203079147
 20
-2.799045305140406
 30
0.0
 11
93.062186
 21
-2.799946896667653
 31
0.0
  0
LINE
  5
2CF
330
17
100
AcDbEntity
  8
VISTA
100
AcDbLine
 10
93.0625
 20
-2.798421708761719
 30
0.0
 11
93.06237203079147
 21
-2.799045305140406
 31
0.0
  0
LINE
  5
2D0
330
17
100
AcDbEntity
  8
VISTA
100
AcDbLine
 10
93.0625
 20
-2.648930806314077
 30
0.0
 11
93.0625
 21
-2.798421708761719
 31
0.0
  0
LINE
  5
2D1
330
17
100
AcDbEntity
  8
VISTA
100
AcDbLine
 10
93.0625
 20
-2.5556402511062357
 30
0.0
 11
93.0625
 21
-2.648930806314077
 31
0.0
  0
LINE
  5
2D2
330
17
100
AcDbEntity
  8
VISTA
100
AcDbLine
 10
93.06230206472944
 20
-2.5546749579017334
 30
0.0
 11
93.0625
 21
-2.5556402511062353
 31
0.0
  0
LINE
  5
2D3
330
17
100
AcDbEntity
  8
VISTA
100
AcDbLine
 10
93.062186
 20
-2.5541124543729152
 30
0.0
 11
93.06230206472944
 21
-2.554674957901734
 31
0.0
  0
LINE
  5
2D4
330
17
100
AcDbEntity
  8
VISTA
100
AcDbLine
 10
93.06206999031184
 20
-2.5538992449578517
 30
0.0
 11
93.062186
 21
-2.5541124543729152
 31
0.0
  0
LINE
  5
2D5
330
17
100
AcDbEntity
  8
VISTA
100
AcDbLine
 10
93.062002
 20
-2.5537747993543447
 30
0.0
 11
93.06206999031184
 21
-2.5538992449578513
 31
0.0
  0
LINE
  5
2D6
330
17
100
AcDbEntity
  8
VISTA
100
AcDbLine
 10
92.97812751538407
 20
-2.800452731174844
 30
0.0
 11
92.977999
 21
-2.80028465134912
 31
0.0
  0
LINE
  5
2D7
330
17
100
AcDbEntity
  8
VISTA
100
AcDbLine
 10
92.97812751538407
 20
-2.800452731174844
 30
0.0
 11
92.978216
 21
-2.800569428169502
 31
0.0
  0
LINE
  5
2D8
330
17
100
AcDbEntity
  8
VISTA
100
AcDbLine
 10
92.97879869924883
 20
-2.8008571962007145
 30
0.0
 11
92.978216
 21
-2.800569428169502
 31
0.0
  0
LINE
  5
2D9
330
17
100
AcDbEntity
  8
VISTA
100
AcDbLine
 10
92.97879869924883
 20
-2.800857196200715
 30
0.0
 11
92.9792
 21
-2.801056351854182
 31
0.0
  0
LINE
  5
2DA
330
17
100
AcDbEntity
  8
VISTA
100
AcDbLine
 10
93.02751946642154
 20
-2.801056351854182
 30
0.0
 11
92.9792
 21
-2.8010563518541822
 31
0.0
  0
LINE
  5
2DB
330
17
100
AcDbEntity
  8
VISTA
100
AcDbLine
 10
93.02751946642154
 20
-2.8010563518541822
 30
0.0
 11
93.060801
 21
-2.801056351854182
 31
0.0
  0
LINE
  5
2DC
330
17
100
AcDbEntity
  8
VISTA
100
AcDbLine
 10
93.06138371265776
 20
-2.800768577094656
 30
0.0
 11
93.060801
 21
-2.8010563518541822
 31
0.0
  0
LINE
  5
2DD
330
17
100
AcDbEntity
  8
VISTA
100
AcDbLine
 10
93.06138371265776
 20
-2.8007685770946567
 30
0.0
 11
93.061785
 21
-2.800569428169502
 31
0.0
  0
LINE
  5
2DE
330
17
100
AcDbEntity
  8
VISTA
100
AcDbLine
 10
93.06191351708702
 20
-2.800401346054561
 30
0.0
 11
93.061785
 21
-2.800569428169502
 31
0.0
  0
LINE
  5
2DF
330
17
100
AcDbEntity
  8
VISTA
100
AcDbLine
 10
93.06191351708702
 20
-2.800401346054561
 30
0.0
 11
93.062002
 21
-2.80028465134912
 31
0.0
  0
LINE
  5
2E0
330
17
100
AcDbEntity
  8
VISTA
100
AcDbLine
 10
92.977999
 20
-2.5537747993543447
 30
0.0
 11
92.97813582604599
 21
-2.5535937173390475
 31
0.0
  0
LINE
  5
2E1
330
17
100
AcDbEntity
  8
VISTA
100
AcDbLine
 10
92.978216
 20
-2.5534888611828315
 30
0.0
 11
92.97813582604599
 21
-2.553593717339047
 31
0.0
  0
LINE
  5
2E2
330
17
100
AcDbEntity
  8
VISTA
100
AcDbLine
 10
92.978216
 20
-2.5534888611828315
 30
0.0
 11
92.9788365093026
 21
-2.553180917852325
 31
0.0
  0
LINE
  5
2E3
330
17
100
AcDbEntity
  8
VISTA
100
AcDbLine
 10
92.9792
 20
-2.553001406653035
 30
0.0
 11
92.9788365093026
 21
-2.553180917852325
 31
0.0
  0
LINE
  5
2E4
330
17
100
AcDbEntity
  8
VISTA
100
AcDbLine
 10
92.9792
 20
-2.553001406653035
 30
0.0
 11
93.03065976947408
 21
-2.553001406653035
 31
0.0
  0
LINE
  5
2E5
330
17
100
AcDbEntity
  8
VISTA
100
AcDbLine
 10
93.060801
 20
-2.553001406653035
 30
0.0
 11
93.03065976947408
 21
-2.553001406653035
 31
0.0
  0
LINE
  5
2E6
330
17
100
AcDbEntity
  8
VISTA
100
AcDbLine
 10
93.060801
 20
-2.553001406653035
 30
0.0
 11
93.06142148956057
 21
-2.553309340300164
 31
0.0
  0
LINE
  5
2E7
330
17
100
AcDbEntity
  8
VISTA
100
AcDbLine
 10
93.061785
 20
-2.5534888611828315
 30
0.0
 11
93.06142148956057
 21
-2.5533093403001645
 31
0.0
  0
LINE
  5
2E8
330
17
100
AcDbEntity
  8
VISTA
100
AcDbLine
 10
93.061785
 20
-2.5534888611828315
 30
0.0
 11
93.06192182347172
 21
-2.5536699398862543
 31
0.0
  0
LINE
  5
2E9
330
17
100
AcDbEntity
  8
VISTA
100
AcDbLine
 10
93.062002
 20
-2.5537747993543447
 30
0.0
 11
93.06192182347172
 21
-2.5536699398862543
 31
0.0
  0
LINE
  5
2EA
330
17
100
AcDbEntity
  8
VISTA
100
AcDbLine
 10
92.972998
 20
-1.3412152211151658
 30
0.0
 11
92.97282009067953
 21
-1.3408905817688468
 31
0.0
  0
LINE
  5
2EB
330
17
100
AcDbEntity
  8
VISTA
100
AcDbLine
 10
92.972814
 20
-1.3408793889623498
 30
0.0
 11
92.97251032187857
 21
-1.3394089068667365
 31
0.0
  0
LINE
  5
2EC
330
17
100
AcDbEntity
  8
VISTA
100
AcDbLine
 10
92.97251032187857
 20
-1.3394089068667367
 30
0.0
 11
92.9725
 21
-1.339358612655181
 31
0.0
  0
LINE
  5
2ED
330
17
100
AcDbEntity
  8
VISTA
100
AcDbLine
 10
92.9725
 20
-1.3393586126551813
 30
0.0
 11
92.9725
 21
-1.339358612655181
 31
0.0
  0
LINE
  5
2EE
330
17
100
AcDbEntity
  8
VISTA
100
AcDbLine
 10
92.9725
 20
-1.339358612655181
 30
0.0
 11
92.9725
 21
-1.2763741703282183
 31
0.0
  0
LINE
  5
2EF
330
17
100
AcDbEntity
  8
VISTA
100
AcDbLine
 10
92.9725
 20
-1.2763741703282183
 30
0.0
 11
92.9725
 21
-1.2748851436249296
 31
0.0
  0
LINE
  5
2F0
330
17
100
AcDbEntity
  8
VISTA
100
AcDbLine
 10
92.9725
 20
-1.274885143624929
 30
0.0
 11
92.97280689370558
 21
-1.2733886142074828
 31
0.0
  0
LINE
  5
2F1
330
17
100
AcDbEntity
  8
VISTA
100
AcDbLine
 10
92.972814
 20
-1.2733541768696854
 30
0.0
 11
92.97299384626163
 21
-1.2730226970108238
 31
0.0
  0
LINE
  5
2F2
330
17
100
AcDbEntity
  8
VISTA
100
AcDbLine
 10
93.01717990932048
 20
-1.3408905817688466
 30
0.0
 11
93.017002
 21
-1.3412152211151658
 31
0.0
  0
LINE
  5
2F3
330
17
100
AcDbEntity
  8
VISTA
100
AcDbLine
 10
93.01748967812142
 20
-1.3394089068667367
 30
0.0
 11
93.017186
 21
-1.34087938896235
 31
0.0
  0
LINE
  5
2F4
330
17
100
AcDbEntity
  8
VISTA
100
AcDbLine
 10
93.0175
 20
-1.3393586126551813
 30
0.0
 11
93.01748967812142
 21
-1.3394089068667365
 31
0.0
  0
LINE
  5
2F5
330
17
100
AcDbEntity
  8
VISTA
100
AcDbLine
 10
93.0175
 20
-1.2763741703282183
 30
0.0
 11
93.0175
 21
-1.339358612655181
 31
0.0
  0
LINE
  5
2F6
330
17
100
AcDbEntity
  8
VISTA
100
AcDbLine
 10
93.0175
 20
-1.274885143624929
 30
0.0
 11
93.0175
 21
-1.2748851436249296
 31
0.0
  0
LINE
  5
2F7
330
17
100
AcDbEntity
  8
VISTA
100
AcDbLine
 10
93.0175
 20
-1.2748851436249296
 30
0.0
 11
93.0175
 21
-1.2763741703282183
 31
0.0
  0
LINE
  5
2F8
330
17
100
AcDbEntity
  8
VISTA
100
AcDbLine
 10
93.01719310629443
 20
-1.2733886142074828
 30
0.0
 11
93.0175
 21
-1.2748851436249296
 31
0.0
  0
LINE
  5
2F9
330
17
100
AcDbEntity
  8
VISTA
100
AcDbLine
 10
93.01700615373838
 20
-1.2730226970108238
 30
0.0
 11
93.017186
 21
-1.273354176869685
 31
0.0
  0
LINE
  5
2FA
330
17
100
AcDbEntity
  8
VISTA
100
AcDbLine
 10
92.97320876356919
 20
-1.341491699574374
 30
0.0
 11
92.972998
 21
-1.3412152211151658
 31
0.0
  0
LINE
  5
2FB
330
17
100
AcDbEntity
  8
VISTA
100
AcDbLine
 10
92.97416726369919
 20
-1.3419698231443493
 30
0.0
 11
92.97321600000001
 21
-1.3415012318294588
 31
0.0
  0
LINE
  5
2FC
330
17
100
AcDbEntity
  8
VISTA
100
AcDbLine
 10
93.01441592123801
 20
-1.3419860346404804
 30
0.0
 11
92.9742
 21
-1.3419860346404802
 31
0.0
  0
LINE
  5
2FD
330
17
100
AcDbEntity
  8
VISTA
100
AcDbLine
 10
93.01441592123801
 20
-1.3419860346404802
 30
0.0
 11
93.0158
 21
-1.3419860346404804
 31
0.0
  0
LINE
  5
2FE
330
17
100
AcDbEntity
  8
VISTA
100
AcDbLine
 10
93.0167513325423
 20
-1.3415174092269853
 30
0.0
 11
93.0158
 21
-1.3419860346404802
 31
0.0
  0
LINE
  5
2FF
330
17
100
AcDbEntity
  8
VISTA
100
AcDbLine
 10
93.01699477257003
 20
-1.3412247415120544
 30
0.0
 11
93.016784
 21
-1.3415012318294588
 31
0.0
  0
LINE
  5
300
330
17
100
AcDbEntity
  8
VISTA
100
AcDbLine
 10
92.972998
 20
-1.2730150949180785
 30
0.0
 11
92.97321108847179
 21
-1.2727353796895424
 31
0.0
  0
LINE
  5
301
330
17
100
AcDbEntity
  8
VISTA
100
AcDbLine
 10
92.97321600000001
 20
-1.2727289861417461
 30
0.0
 11
92.97417790423137
 21
-1.2722528241561277
 31
0.0
  0
LINE
  5
302
330
17
100
AcDbEntity
  8
VISTA
100
AcDbLine
 10
92.9742
 20
-1.2722419398019655
 30
0.0
 11
93.01486593998236
 21
-1.2722419398019658
 31
0.0
  0
LINE
  5
303
330
17
100
AcDbEntity
  8
VISTA
100
AcDbLine
 10
93.0158
 20
-1.2722419398019658
 30
0.0
 11
93.01486593998236
 21
-1.2722419398019655
 31
0.0
  0
LINE
  5
304
330
17
100
AcDbEntity
  8
VISTA
100
AcDbLine
 10
93.0158
 20
-1.2722419398019655
 30
0.0
 11
93.01676183316886
 21
-1.272718066786287
 31
0.0
  0
LINE
  5
305
330
17
100
AcDbEntity
  8
VISTA
100
AcDbLine
 10
93.016784
 20
-1.2727289861417461
 30
0.0
 11
93.01699707919542
 21
-1.2730086892971992
 31
0.0
  0
LWPOLYLINE
  5
306
330
17
100
AcDbEntity
  8
VISTA
100
AcDbPolyline
 90
41
 70
1
 10
92.97792068971533
 20
-1.816422595880745
 10
92.977814
 20
-1.816549
 10
92.9776820661579
 20
-1.8169624487281038
 10
92.97749999999999
 20
-1.817533
 10
92.97749999999999
 20
-1.830815925756846
 10
92.97749999999999
 20
-1.849133
 10
92.97763206255189
 20
-1.8495472726548294
 10
92.977814
 20
-1.850118
 10
92.97789138844523
 20
-1.8502092678946453
 10
92.977998
 20
-1.850335
 10
92.97808968898822
 20
-1.850412809462477
 10
92.978216
 20
-1.85052
 10
92.97862986543805
 20
-1.8506516462216556
 10
92.9792
 20
-1.850833
 10
92.99249045003153
 20
-1.850833
 10
93.010799
 20
-1.850833
 10
93.01121328663086
 20
-1.8507013535883676
 10
93.011784
 20
-1.85052
 10
93.01187568908746
 20
-1.8504421904533046
 10
93.012002
 20
-1.850335
 10
93.01210861155477
 20
-1.8502092678946453
 10
93.012186
 20
-1.850118
 10
93.0123679374481
 20
-1.8495472726548294
 10
93.0125
 20
-1.849133
 10
93.0125
 20
-1.830815925756846
 10
93.0125
 20
-1.817533
 10
93.0123179338421
 20
-1.8169624487281038
 10
93.012186
 20
-1.816549
 10
93.01207931028466
 20
-1.816422595880745
 10
93.012002
 20
-1.816331
 10
93.01187559525586
 20
-1.8162243097572417
 10
93.011784
 20
-1.816147
 10
93.01121285632456
 20
-1.8159649298334122
 10
93.010799
 20
-1.815833
 10
92.99247653149628
 20
-1.815833
 10
92.9792
 20
-1.815833
 10
92.97862943637135
 20
-1.8160150701010125
 10
92.978216
 20
-1.816147
 10
92.97808959544315
 20
-1.816253690084674
 10
92.977998
 20
-1.816331
 10
92.97792068971533
 20
-1.816422595880745
  0
LINE
  5
307
330
17
100
AcDbEntity
  8
VISTA
100
AcDbLine
 10
92.97782721846708
 20
-2.449867338990079
 30
0.0
 11
92.977998
 21
-2.449665
 31
0.0
  0
LINE
  5
308
330
17
100
AcDbEntity
  8
VISTA
100
AcDbLine
 10
92.9775225542167
 20
-2.450796320543825
 30
0.0
 11
92.977814
 21
-2.449883
 31
0.0
  0
LINE
  5
309
330
17
100
AcDbEntity
  8
VISTA
100
AcDbLine
 10
92.9775225542167
 20
-2.450796320543825
 30
0.0
 11
92.97749999999999
 21
-2.450867
 31
0.0
  0
LINE
  5
30A
330
17
100
AcDbEntity
  8
VISTA
100
AcDbLine
 10
92.97749999999999
 20
-2.480208903527487
 30
0.0
 11
92.97749999999999
 21
-2.450867
 31
0.0
  0
LINE
  5
30B
330
17
100
AcDbEntity
  8
VISTA
100
AcDbLine
 10
92.97749999999999
 20
-2.480208903527487
 30
0.0
 11
92.97749999999999
 21
-2.482467
 31
0.0
  0
LINE
  5
30C
330
17
100
AcDbEntity
  8
VISTA
100
AcDbLine
 10
92.9777915744931
 20
-2.483380723889175
 30
0.0
 11
92.97749999999999
 21
-2.482467
 31
0.0
  0
LINE
  5
30D
330
17
100
AcDbEntity
  8
VISTA
100
AcDbLine
 10
92.9777915744931
 20
-2.483380723889175
 30
0.0
 11
92.977814
 21
-2.483451
 31
0.0
  0
LINE
  5
30E
330
17
100
AcDbEntity
  8
VISTA
100
AcDbLine
 10
92.97798485959161
 20
-2.483653431472668
 30
0.0
 11
92.977814
 21
-2.483451
 31
0.0
  0
LINE
  5
30F
330
17
100
AcDbEntity
  8
VISTA
100
AcDbLine
 10
93.012002
 20
-2.449665
 30
0.0
 11
93.01217278153291
 21
-2.449867338990079
 31
0.0
  0
LINE
  5
310
330
17
100
AcDbEntity
  8
VISTA
100
AcDbLine
 10
93.012186
 20
-2.449883
 30
0.0
 11
93.01247744578329
 21
-2.450796320543825
 31
0.0
  0
LINE
  5
311
330
17
100
AcDbEntity
  8
VISTA
100
AcDbLine
 10
93.0125
 20
-2.450867
 30
0.0
 11
93.01247744578329
 21
-2.450796320543825
 31
0.0
  0
LINE
  5
312
330
17
100
AcDbEntity
  8
VISTA
100
AcDbLine
 10
93.0125
 20
-2.450867
 30
0.0
 11
93.0125
 21
-2.480208903527487
 31
0.0
  0
LINE
  5
313
330
17
100
AcDbEntity
  8
VISTA
100
AcDbLine
 10
93.0125
 20
-2.482467
 30
0.0
 11
93.0125
 21
-2.480208903527487
 31
0.0
  0
LINE
  5
314
330
17
100
AcDbEntity
  8
VISTA
100
AcDbLine
 10
93.0125
 20
-2.482467
 30
0.0
 11
93.01220842550691
 21
-2.483380723889175
 31
0.0
  0
LINE
  5
315
330
17
100
AcDbEntity
  8
VISTA
100
AcDbLine
 10
93.012186
 20
-2.483451
 30
0.0
 11
93.01220842550691
 21
-2.483380723889175
 31
0.0
  0
LINE
  5
316
330
17
100
AcDbEntity
  8
VISTA
100
AcDbLine
 10
93.012186
 20
-2.483451
 30
0.0
 11
93.0120151404084
 21
-2.483653431472668
 31
0.0
  0
LINE
  5
317
330
17
100
AcDbEntity
  8
VISTA
100
AcDbLine
 10
92.977998
 20
-2.449665
 30
0.0
 11
92.9782003378301
 21
-2.449494219446151
 31
0.0
  0
LINE
  5
318
330
17
100
AcDbEntity
  8
VISTA
100
AcDbLine
 10
92.978216
 20
-2.449481
 30
0.0
 11
92.97912930100783
 21
-2.449189560450753
 31
0.0
  0
LINE
  5
319
330
17
100
AcDbEntity
  8
VISTA
100
AcDbLine
 10
92.97912930100783
 20
-2.449189560450753
 30
0.0
 11
92.9792
 21
-2.449167
 31
0.0
  0
LINE
  5
31A
330
17
100
AcDbEntity
  8
VISTA
100
AcDbLine
 10
92.9792
 20
-2.449167
 30
0.0
 11
93.00852864838238
 21
-2.449167
 31
0.0
  0
LINE
  5
31B
330
17
100
AcDbEntity
  8
VISTA
100
AcDbLine
 10
93.00852864838238
 20
-2.449167
 30
0.0
 11
93.010799
 21
-2.449167
 31
0.0
  0
LINE
  5
31C
330
17
100
AcDbEntity
  8
VISTA
100
AcDbLine
 10
93.010799
 20
-2.449167
 30
0.0
 11
93.01171323238289
 21
-2.44945844057688
 31
0.0
  0
LINE
  5
31D
330
17
100
AcDbEntity
  8
VISTA
100
AcDbLine
 10
93.01171323238289
 20
-2.44945844057688
 30
0.0
 11
93.011784
 21
-2.449481
 31
0.0
  0
LINE
  5
31E
330
17
100
AcDbEntity
  8
VISTA
100
AcDbLine
 10
93.011784
 20
-2.449481
 30
0.0
 11
93.0119863383652
 21
-2.449651781005487
 31
0.0
  0
LINE
  5
31F
330
17
100
AcDbEntity
  8
VISTA
100
AcDbLine
 10
92.97820043209755
 20
-2.4838398601190335
 30
0.0
 11
92.977998
 21
-2.483669
 31
0.0
  0
LINE
  5
320
330
17
100
AcDbEntity
  8
VISTA
100
AcDbLine
 10
92.9791297338954
 20
-2.4841445776861364
 30
0.0
 11
92.978216
 21
-2.483853
 31
0.0
  0
LINE
  5
321
330
17
100
AcDbEntity
  8
VISTA
100
AcDbLine
 10
92.9792
 20
-2.484167
 30
0.0
 11
92.9791297338954
 21
-2.4841445776861364
 31
0.0
  0
LINE
  5
322
330
17
100
AcDbEntity
  8
VISTA
100
AcDbLine
 10
93.00854256691764
 20
-2.484167
 30
0.0
 11
92.9792
 21
-2.484167
 31
0.0
  0
LINE
  5
323
330
17
100
AcDbEntity
  8
VISTA
100
AcDbLine
 10
93.010799
 20
-2.484167
 30
0.0
 11
93.00854256691764
 21
-2.484167
 31
0.0
  0
LINE
  5
324
330
17
100
AcDbEntity
  8
VISTA
100
AcDbLine
 10
93.01171365925985
 20
-2.483875423342544
 30
0.0
 11
93.010799
 21
-2.484167
 31
0.0
  0
LINE
  5
325
330
17
100
AcDbEntity
  8
VISTA
100
AcDbLine
 10
93.011784
 20
-2.483853
 30
0.0
 11
93.01171365925985
 21
-2.483875423342544
 31
0.0
  0
LINE
  5
326
330
17
100
AcDbEntity
  8
VISTA
100
AcDbLine
 10
93.01198643156192
 20
-2.4836821403330585
 30
0.0
 11
93.011784
 21
-2.483853
 31
0.0
  0
LINE
  5
327
330
17
100
AcDbEntity
  8
VISTA
100
AcDbLine
 10
93.897998
 20
-2.80028465134912
 30
0.0
 11
93.89788901796715
 21
-2.8000851767978197
 31
0.0
  0
LINE
  5
328
330
17
100
AcDbEntity
  8
VISTA
100
AcDbLine
 10
93.89788901796715
 20
-2.8000851767978197
 30
0.0
 11
93.897814
 21
-2.799946896667653
 31
0.0
  0
LINE
  5
329
330
17
100
AcDbEntity
  8
VISTA
100
AcDbLine
 10
93.897814
 20
-2.7999468966676524
 30
0.0
 11
93.89762796920853
 21
-2.799045305140406
 31
0.0
  0
LINE
  5
32A
330
17
100
AcDbEntity
  8
VISTA
100
AcDbLine
 10
93.89762796920853
 20
-2.799045305140406
 30
0.0
 11
93.89750000000001
 21
-2.798421708761719
 31
0.0
  0
LINE
  5
32B
330
17
100
AcDbEntity
  8
VISTA
100
AcDbLine
 10
93.89750000000001
 20
-2.798421708761719
 30
0.0
 11
93.89750000000001
 21
-2.648930806314077
 31
0.0
  0
LINE
  5
32C
330
17
100
AcDbEntity
  8
VISTA
100
AcDbLine
 10
93.89750000000001
 20
-2.648930806314077
 30
0.0
 11
93.89750000000001
 21
-2.5556402511062357
 31
0.0
  0
LINE
  5
32D
330
17
100
AcDbEntity
  8
VISTA
100
AcDbLine
 10
93.89750000000001
 20
-2.5556402511062357
 30
0.0
 11
93.89750000000001
 21
-2.5556402511062353
 31
0.0
  0
LINE
  5
32E
330
17
100
AcDbEntity
  8
VISTA
100
AcDbLine
 10
93.89750000000001
 20
-2.5556402511062357
 30
0.0
 11
93.89769793527057
 21
-2.554674957901734
 31
0.0
  0
LINE
  5
32F
330
17
100
AcDbEntity
  8
VISTA
100
AcDbLine
 10
93.89769793527057
 20
-2.5546749579017334
 30
0.0
 11
93.897814
 21
-2.5541124543729152
 31
0.0
  0
LINE
  5
330
330
17
100
AcDbEntity
  8
VISTA
100
AcDbLine
 10
93.897814
 20
-2.5541124543729152
 30
0.0
 11
93.89793000968815
 21
-2.5538992449578513
 31
0.0
  0
LINE
  5
331
330
17
100
AcDbEntity
  8
VISTA
100
AcDbLine
 10
93.89793000968815
 20
-2.5538992449578517
 30
0.0
 11
93.897998
 21
-2.5537747993543447
 31
0.0
  0
LINE
  5
332
330
17
100
AcDbEntity
  8
VISTA
100
AcDbLine
 10
93.98210998203287
 20
-2.8000851767978197
 30
0.0
 11
93.982001
 21
-2.80028465134912
 31
0.0
  0
LINE
  5
333
330
17
100
AcDbEntity
  8
VISTA
100
AcDbLine
 10
93.982185
 20
-2.7999468966676524
 30
0.0
 11
93.98210998203287
 21
-2.8000851767978197
 31
0.0
  0
LINE
  5
334
330
17
100
AcDbEntity
  8
VISTA
100
AcDbLine
 10
93.98237103079147
 20
-2.799045305140406
 30
0.0
 11
93.982185
 21
-2.799946896667653
 31
0.0
  0
LINE
  5
335
330
17
100
AcDbEntity
  8
VISTA
100
AcDbLine
 10
93.982499
 20
-2.798421708761719
 30
0.0
 11
93.98237103079147
 21
-2.799045305140406
 31
0.0
  0
LINE
  5
336
330
17
100
AcDbEntity
  8
VISTA
100
AcDbLine
 10
93.982499
 20
-2.648930806314077
 30
0.0
 11
93.982499
 21
-2.798421708761719
 31
0.0
  0
LINE
  5
337
330
17
100
AcDbEntity
  8
VISTA
100
AcDbLine
 10
93.982499
 20
-2.5556402511062357
 30
0.0
 11
93.982499
 21
-2.648930806314077
 31
0.0
  0
LINE
  5
338
330
17
100
AcDbEntity
  8
VISTA
100
AcDbLine
 10
93.98230106472943
 20
-2.5546749579017334
 30
0.0
 11
93.982499
 21
-2.5556402511062353
 31
0.0
  0
LINE
  5
339
330
17
100
AcDbEntity
  8
VISTA
100
AcDbLine
 10
93.982185
 20
-2.5541124543729152
 30
0.0
 11
93.98230106472943
 21
-2.554674957901734
 31
0.0
  0
LINE
  5
33A
330
17
100
AcDbEntity
  8
VISTA
100
AcDbLine
 10
93.98206899031184
 20
-2.5538992449578517
 30
0.0
 11
93.982185
 21
-2.5541124543729152
 31
0.0
  0
LINE
  5
33B
330
17
100
AcDbEntity
  8
VISTA
100
AcDbLine
 10
93.982001
 20
-2.5537747993543447
 30
0.0
 11
93.98206899031184
 21
-2.5538992449578513
 31
0.0
  0
LINE
  5
33C
330
17
100
AcDbEntity
  8
VISTA
100
AcDbLine
 10
93.89812651538406
 20
-2.800452731174844
 30
0.0
 11
93.897998
 21
-2.80028465134912
 31
0.0
  0
LINE
  5
33D
330
17
100
AcDbEntity
  8
VISTA
100
AcDbLine
 10
93.89812651538406
 20
-2.800452731174844
 30
0.0
 11
93.898215
 21
-2.800569428169502
 31
0.0
  0
LINE
  5
33E
330
17
100
AcDbEntity
  8
VISTA
100
AcDbLine
 10
93.89879769924882
 20
-2.8008571962007145
 30
0.0
 11
93.898215
 21
-2.800569428169502
 31
0.0
  0
LINE
  5
33F
330
17
100
AcDbEntity
  8
VISTA
100
AcDbLine
 10
93.89879769924882
 20
-2.800857196200715
 30
0.0
 11
93.899199
 21
-2.801056351854182
 31
0.0
  0
LINE
  5
340
330
17
100
AcDbEntity
  8
VISTA
100
AcDbLine
 10
93.94751846642154
 20
-2.801056351854182
 30
0.0
 11
93.899199
 21
-2.8010563518541822
 31
0.0
  0
LINE
  5
341
330
17
100
AcDbEntity
  8
VISTA
100
AcDbLine
 10
93.94751846642154
 20
-2.8010563518541822
 30
0.0
 11
93.9808
 21
-2.801056351854182
 31
0.0
  0
LINE
  5
342
330
17
100
AcDbEntity
  8
VISTA
100
AcDbLine
 10
93.98138271265776
 20
-2.800768577094656
 30
0.0
 11
93.9808
 21
-2.8010563518541822
 31
0.0
  0
LINE
  5
343
330
17
100
AcDbEntity
  8
VISTA
100
AcDbLine
 10
93.98138271265776
 20
-2.8007685770946567
 30
0.0
 11
93.981784
 21
-2.800569428169502
 31
0.0
  0
LINE
  5
344
330
17
100
AcDbEntity
  8
VISTA
100
AcDbLine
 10
93.98191251708703
 20
-2.800401346054561
 30
0.0
 11
93.981784
 21
-2.800569428169502
 31
0.0
  0
LINE
  5
345
330
17
100
AcDbEntity
  8
VISTA
100
AcDbLine
 10
93.98191251708703
 20
-2.800401346054561
 30
0.0
 11
93.982001
 21
-2.80028465134912
 31
0.0
  0
LINE
  5
346
330
17
100
AcDbEntity
  8
VISTA
100
AcDbLine
 10
93.897998
 20
-2.5537747993543447
 30
0.0
 11
93.89813482604599
 21
-2.5535937173390475
 31
0.0
  0
LINE
  5
347
330
17
100
AcDbEntity
  8
VISTA
100
AcDbLine
 10
93.898215
 20
-2.5534888611828315
 30
0.0
 11
93.89813482604599
 21
-2.553593717339047
 31
0.0
  0
LINE
  5
348
330
17
100
AcDbEntity
  8
VISTA
100
AcDbLine
 10
93.898215
 20
-2.5534888611828315
 30
0.0
 11
93.89883550930259
 21
-2.553180917852325
 31
0.0
  0
LINE
  5
349
330
17
100
AcDbEntity
  8
VISTA
100
AcDbLine
 10
93.899199
 20
-2.553001406653035
 30
0.0
 11
93.89883550930259
 21
-2.553180917852325
 31
0.0
  0
LINE
  5
34A
330
17
100
AcDbEntity
  8
VISTA
100
AcDbLine
 10
93.899199
 20
-2.553001406653035
 30
0.0
 11
93.95065876947407
 21
-2.553001406653035
 31
0.0
  0
LINE
  5
34B
330
17
100
AcDbEntity
  8
VISTA
100
AcDbLine
 10
93.9808
 20
-2.553001406653035
 30
0.0
 11
93.95065876947407
 21
-2.553001406653035
 31
0.0
  0
LINE
  5
34C
330
17
100
AcDbEntity
  8
VISTA
100
AcDbLine
 10
93.9808
 20
-2.553001406653035
 30
0.0
 11
93.98142048956058
 21
-2.553309340300164
 31
0.0
  0
LINE
  5
34D
330
17
100
AcDbEntity
  8
VISTA
100
AcDbLine
 10
93.981784
 20
-2.5534888611828315
 30
0.0
 11
93.98142048956058
 21
-2.5533093403001645
 31
0.0
  0
LINE
  5
34E
330
17
100
AcDbEntity
  8
VISTA
100
AcDbLine
 10
93.981784
 20
-2.5534888611828315
 30
0.0
 11
93.98192082347173
 21
-2.5536699398862543
 31
0.0
  0
LINE
  5
34F
330
17
100
AcDbEntity
  8
VISTA
100
AcDbLine
 10
93.982001
 20
-2.5537747993543447
 30
0.0
 11
93.98192082347173
 21
-2.5536699398862543
 31
0.0
  0
LINE
  5
350
330
17
100
AcDbEntity
  8
VISTA
100
AcDbLine
 10
93.942998
 20
-1.3412152211151658
 30
0.0
 11
93.94282009067953
 21
-1.3408905817688468
 31
0.0
  0
LINE
  5
351
330
17
100
AcDbEntity
  8
VISTA
100
AcDbLine
 10
93.942814
 20
-1.3408793889623498
 30
0.0
 11
93.94251032187857
 21
-1.3394089068667365
 31
0.0
  0
LINE
  5
352
330
17
100
AcDbEntity
  8
VISTA
100
AcDbLine
 10
93.94251032187857
 20
-1.3394089068667367
 30
0.0
 11
93.9425
 21
-1.339358612655181
 31
0.0
  0
LINE
  5
353
330
17
100
AcDbEntity
  8
VISTA
100
AcDbLine
 10
93.9425
 20
-1.3393586126551813
 30
0.0
 11
93.9425
 21
-1.339358612655181
 31
0.0
  0
LINE
  5
354
330
17
100
AcDbEntity
  8
VISTA
100
AcDbLine
 10
93.9425
 20
-1.339358612655181
 30
0.0
 11
93.9425
 21
-1.2763741703282183
 31
0.0
  0
LINE
  5
355
330
17
100
AcDbEntity
  8
VISTA
100
AcDbLine
 10
93.9425
 20
-1.2763741703282183
 30
0.0
 11
93.9425
 21
-1.2748851436249296
 31
0.0
  0
LINE
  5
356
330
17
100
AcDbEntity
  8
VISTA
100
AcDbLine
 10
93.9425
 20
-1.274885143624929
 30
0.0
 11
93.94280689370558
 21
-1.2733886142074828
 31
0.0
  0
LINE
  5
357
330
17
100
AcDbEntity
  8
VISTA
100
AcDbLine
 10
93.942814
 20
-1.2733541768696854
 30
0.0
 11
93.94299384626163
 21
-1.2730226970108238
 31
0.0
  0
LINE
  5
358
330
17
100
AcDbEntity
  8
VISTA
100
AcDbLine
 10
93.98717990932047
 20
-1.3408905817688466
 30
0.0
 11
93.987002
 21
-1.3412152211151658
 31
0.0
  0
LINE
  5
359
330
17
100
AcDbEntity
  8
VISTA
100
AcDbLine
 10
93.98748967812142
 20
-1.3394089068667367
 30
0.0
 11
93.987186
 21
-1.34087938896235
 31
0.0
  0
LINE
  5
35A
330
17
100
AcDbEntity
  8
VISTA
100
AcDbLine
 10
93.9875
 20
-1.3393586126551813
 30
0.0
 11
93.98748967812142
 21
-1.3394089068667365
 31
0.0
  0
LINE
  5
35B
330
17
100
AcDbEntity
  8
VISTA
100
AcDbLine
 10
93.9875
 20
-1.2763741703282183
 30
0.0
 11
93.9875
 21
-1.339358612655181
 31
0.0
  0
LINE
  5
35C
330
17
100
AcDbEntity
  8
VISTA
100
AcDbLine
 10
93.9875
 20
-1.274885143624929
 30
0.0
 11
93.9875
 21
-1.2748851436249296
 31
0.0
  0
LINE
  5
35D
330
17
100
AcDbEntity
  8
VISTA
100
AcDbLine
 10
93.9875
 20
-1.2748851436249296
 30
0.0
 11
93.9875
 21
-1.2763741703282183
 31
0.0
  0
LINE
  5
35E
330
17
100
AcDbEntity
  8
VISTA
100
AcDbLine
 10
93.98719310629443
 20
-1.2733886142074828
 30
0.0
 11
93.9875
 21
-1.2748851436249296
 31
0.0
  0
LINE
  5
35F
330
17
100
AcDbEntity
  8
VISTA
100
AcDbLine
 10
93.98700615373838
 20
-1.2730226970108238
 30
0.0
 11
93.987186
 21
-1.273354176869685
 31
0.0
  0
LINE
  5
360
330
17
100
AcDbEntity
  8
VISTA
100
AcDbLine
 10
93.94320876356919
 20
-1.341491699574374
 30
0.0
 11
93.942998
 21
-1.3412152211151658
 31
0.0
  0
LINE
  5
361
330
17
100
AcDbEntity
  8
VISTA
100
AcDbLine
 10
93.94416823043059
 20
-1.3419698231443493
 30
0.0
 11
93.943216
 21
-1.3415012318294588
 31
0.0
  0
LINE
  5
362
330
17
100
AcDbEntity
  8
VISTA
100
AcDbLine
 10
93.98441595450913
 20
-1.3419860346404804
 30
0.0
 11
93.94420099999999
 21
-1.3419860346404802
 31
0.0
  0
LINE
  5
363
330
17
100
AcDbEntity
  8
VISTA
100
AcDbLine
 10
93.98441595450913
 20
-1.3419860346404802
 30
0.0
 11
93.9858
 21
-1.3419860346404804
 31
0.0
  0
LINE
  5
364
330
17
100
AcDbEntity
  8
VISTA
100
AcDbLine
 10
93.9867513325423
 20
-1.3415174092269853
 30
0.0
 11
93.9858
 21
-1.3419860346404802
 31
0.0
  0
LINE
  5
365
330
17
100
AcDbEntity
  8
VISTA
100
AcDbLine
 10
93.98699477257003
 20
-1.3412247415120544
 30
0.0
 11
93.986784
 21
-1.3415012318294588
 31
0.0
  0
LINE
  5
366
330
17
100
AcDbEntity
  8
VISTA
100
AcDbLine
 10
93.942998
 20
-1.2730150949180785
 30
0.0
 11
93.94321108847178
 21
-1.2727353796895424
 31
0.0
  0
LINE
  5
367
330
17
100
AcDbEntity
  8
VISTA
100
AcDbLine
 10
93.943216
 20
-1.2727289861417461
 30
0.0
 11
93.94417888177631
 21
-1.2722528241561277
 31
0.0
  0
LINE
  5
368
330
17
100
AcDbEntity
  8
VISTA
100
AcDbLine
 10
93.94420099999999
 20
-1.2722419398019655
 30
0.0
 11
93.98486596243572
 21
-1.2722419398019658
 31
0.0
  0
LINE
  5
369
330
17
100
AcDbEntity
  8
VISTA
100
AcDbLine
 10
93.9858
 20
-1.2722419398019658
 30
0.0
 11
93.98486596243572
 21
-1.2722419398019655
 31
0.0
  0
LINE
  5
36A
330
17
100
AcDbEntity
  8
VISTA
100
AcDbLine
 10
93.9858
 20
-1.2722419398019655
 30
0.0
 11
93.98676183316886
 21
-1.272718066786287
 31
0.0
  0
LINE
  5
36B
330
17
100
AcDbEntity
  8
VISTA
100
AcDbLine
 10
93.986784
 20
-1.2727289861417461
 30
0.0
 11
93.98699707919542
 21
-1.2730086892971992
 31
0.0
  0
LWPOLYLINE
  5
36C
330
17
100
AcDbEntity
  8
VISTA
100
AcDbPolyline
 90
41
 70
1
 10
93.94792068971533
 20
-1.816422595880745
 10
93.947814
 20
-1.816549
 10
93.9476820661579
 20
-1.8169624487281038
 10
93.9475
 20
-1.817533
 10
93.9475
 20
-1.830815925756846
 10
93.9475
 20
-1.849133
 10
93.94763206255189
 20
-1.8495472726548294
 10
93.947814
 20
-1.850118
 10
93.94789138844523
 20
-1.8502092678946453
 10
93.947998
 20
-1.850335
 10
93.94808968898822
 20
-1.850412809462477
 10
93.948216
 20
-1.85052
 10
93.94862986543805
 20
-1.8506516462216556
 10
93.9492
 20
-1.850833
 10
93.96249129122587
 20
-1.850833
 10
93.980801
 20
-1.850833
 10
93.98121444543972
 20
-1.8507013535883676
 10
93.981784
 20
-1.85052
 10
93.98187568908746
 20
-1.8504421904533046
 10
93.982002
 20
-1.850335
 10
93.98210861155476
 20
-1.8502092678946453
 10
93.982186
 20
-1.850118
 10
93.9823679374481
 20
-1.8495472726548294
 10
93.9825
 20
-1.849133
 10
93.9825
 20
-1.830815925756846
 10
93.9825
 20
-1.817533
 10
93.9823179338421
 20
-1.8169624487281038
 10
93.982186
 20
-1.816549
 10
93.98207931028466
 20
-1.816422595880745
 10
93.982002
 20
-1.816331
 10
93.98187559525586
 20
-1.8162243097572417
 10
93.981784
 20
-1.816147
 10
93.98121401600714
 20
-1.8159649298334122
 10
93.980801
 20
-1.815833
 10
93.96247737180967
 20
-1.815833
 10
93.9492
 20
-1.815833
 10
93.94862943637135
 20
-1.8160150701010125
 10
93.948216
 20
-1.816147
 10
93.94808959544315
 20
-1.816253690084674
 10
93.947998
 20
-1.816331
 10
93.94792068971533
 20
-1.816422595880745
  0
LINE
  5
36D
330
17
100
AcDbEntity
  8
VISTA
100
AcDbLine
 10
93.94782721846708
 20
-2.449867338990079
 30
0.0
 11
93.947998
 21
-2.449665
 31
0.0
  0
LINE
  5
36E
330
17
100
AcDbEntity
  8
VISTA
100
AcDbLine
 10
93.9475225542167
 20
-2.450796320543825
 30
0.0
 11
93.947814
 21
-2.449883
 31
0.0
  0
LINE
  5
36F
330
17
100
AcDbEntity
  8
VISTA
100
AcDbLine
 10
93.9475225542167
 20
-2.450796320543825
 30
0.0
 11
93.9475
 21
-2.450867
 31
0.0
  0
LINE
  5
370
330
17
100
AcDbEntity
  8
VISTA
100
AcDbLine
 10
93.9475
 20
-2.480208903527487
 30
0.0
 11
93.9475
 21
-2.450867
 31
0.0
  0
LINE
  5
371
330
17
100
AcDbEntity
  8
VISTA
100
AcDbLine
 10
93.9475
 20
-2.480208903527487
 30
0.0
 11
93.9475
 21
-2.482467
 31
0.0
  0
LINE
  5
372
330
17
100
AcDbEntity
  8
VISTA
100
AcDbLine
 10
93.9477915744931
 20
-2.483380723889175
 30
0.0
 11
93.9475
 21
-2.482467
 31
0.0
  0
LINE
  5
373
330
17
100
AcDbEntity
  8
VISTA
100
AcDbLine
 10
93.9477915744931
 20
-2.483380723889175
 30
0.0
 11
93.947814
 21
-2.483451
 31
0.0
  0
LINE
  5
374
330
17
100
AcDbEntity
  8
VISTA
100
AcDbLine
 10
93.94798485959161
 20
-2.483653431472668
 30
0.0
 11
93.947814
 21
-2.483451
 31
0.0
  0
LINE
  5
375
330
17
100
AcDbEntity
  8
VISTA
100
AcDbLine
 10
93.982002
 20
-2.449665
 30
0.0
 11
93.98217278153291
 21
-2.449867338990079
 31
0.0
  0
LINE
  5
376
330
17
100
AcDbEntity
  8
VISTA
100
AcDbLine
 10
93.982186
 20
-2.449883
 30
0.0
 11
93.98247744578329
 21
-2.450796320543825
 31
0.0
  0
LINE
  5
377
330
17
100
AcDbEntity
  8
VISTA
100
AcDbLine
 10
93.9825
 20
-2.450867
 30
0.0
 11
93.98247744578329
 21
-2.450796320543825
 31
0.0
  0
LINE
  5
378
330
17
100
AcDbEntity
  8
VISTA
100
AcDbLine
 10
93.9825
 20
-2.450867
 30
0.0
 11
93.9825
 21
-2.480208903527487
 31
0.0
  0
LINE
  5
379
330
17
100
AcDbEntity
  8
VISTA
100
AcDbLine
 10
93.9825
 20
-2.482467
 30
0.0
 11
93.9825
 21
-2.480208903527487
 31
0.0
  0
LINE
  5
37A
330
17
100
AcDbEntity
  8
VISTA
100
AcDbLine
 10
93.9825
 20
-2.482467
 30
0.0
 11
93.98220842550691
 21
-2.483380723889175
 31
0.0
  0
LINE
  5
37B
330
17
100
AcDbEntity
  8
VISTA
100
AcDbLine
 10
93.982186
 20
-2.483451
 30
0.0
 11
93.98220842550691
 21
-2.483380723889175
 31
0.0
  0
LINE
  5
37C
330
17
100
AcDbEntity
  8
VISTA
100
AcDbLine
 10
93.982186
 20
-2.483451
 30
0.0
 11
93.9820151404084
 21
-2.483653431472668
 31
0.0
  0
LINE
  5
37D
330
17
100
AcDbEntity
  8
VISTA
100
AcDbLine
 10
93.947998
 20
-2.449665
 30
0.0
 11
93.9482003378301
 21
-2.449494219446151
 31
0.0
  0
LINE
  5
37E
330
17
100
AcDbEntity
  8
VISTA
100
AcDbLine
 10
93.948216
 20
-2.449481
 30
0.0
 11
93.94912930100783
 21
-2.449189560450753
 31
0.0
  0
LINE
  5
37F
330
17
100
AcDbEntity
  8
VISTA
100
AcDbLine
 10
93.94912930100783
 20
-2.449189560450753
 30
0.0
 11
93.9492
 21
-2.449167
 31
0.0
  0
LINE
  5
380
330
17
100
AcDbEntity
  8
VISTA
100
AcDbLine
 10
93.9492
 20
-2.449167
 30
0.0
 11
93.9785305046847
 21
-2.449167
 31
0.0
  0
LINE
  5
381
330
17
100
AcDbEntity
  8
VISTA
100
AcDbLine
 10
93.9785305046847
 20
-2.449167
 30
0.0
 11
93.980801
 21
-2.449167
 31
0.0
  0
LINE
  5
382
330
17
100
AcDbEntity
  8
VISTA
100
AcDbLine
 10
93.980801
 20
-2.449167
 30
0.0
 11
93.98171337607349
 21
-2.44945844057688
 31
0.0
  0
LINE
  5
383
330
17
100
AcDbEntity
  8
VISTA
100
AcDbLine
 10
93.98171337607349
 20
-2.44945844057688
 30
0.0
 11
93.981784
 21
-2.449481
 31
0.0
  0
LINE
  5
384
330
17
100
AcDbEntity
  8
VISTA
100
AcDbLine
 10
93.981784
 20
-2.449481
 30
0.0
 11
93.9819863383652
 21
-2.449651781005487
 31
0.0
  0
LINE
  5
385
330
17
100
AcDbEntity
  8
VISTA
100
AcDbLine
 10
93.94820043209755
 20
-2.4838398601190335
 30
0.0
 11
93.947998
 21
-2.483669
 31
0.0
  0
LINE
  5
386
330
17
100
AcDbEntity
  8
VISTA
100
AcDbLine
 10
93.9491297338954
 20
-2.4841445776861364
 30
0.0
 11
93.948216
 21
-2.483853
 31
0.0
  0
LINE
  5
387
330
17
100
AcDbEntity
  8
VISTA
100
AcDbLine
 10
93.9492
 20
-2.484167
 30
0.0
 11
93.9491297338954
 21
-2.4841445776861364
 31
0.0
  0
LINE
  5
388
330
17
100
AcDbEntity
  8
VISTA
100
AcDbLine
 10
93.9785444241009
 20
-2.484167
 30
0.0
 11
93.9492
 21
-2.484167
 31
0.0
  0
LINE
  5
389
330
17
100
AcDbEntity
  8
VISTA
100
AcDbLine
 10
93.980801
 20
-2.484167
 30
0.0
 11
93.9785444241009
 21
-2.484167
 31
0.0
  0
LINE
  5
38A
330
17
100
AcDbEntity
  8
VISTA
100
AcDbLine
 10
93.98171380208369
 20
-2.483875423342544
 30
0.0
 11
93.980801
 21
-2.484167
 31
0.0
  0
LINE
  5
38B
330
17
100
AcDbEntity
  8
VISTA
100
AcDbLine
 10
93.981784
 20
-2.483853
 30
0.0
 11
93.98171380208369
 21
-2.483875423342544
 31
0.0
  0
LINE
  5
38C
330
17
100
AcDbEntity
  8
VISTA
100
AcDbLine
 10
93.98198643156192
 20
-2.4836821403330585
 30
0.0
 11
93.981784
 21
-2.483853
 31
0.0
  0
LWPOLYLINE
  5
38D
330
17
100
AcDbEntity
  8
VISTA
100
AcDbPolyline
 90
13
 70
1
 10
93.015001
 20
-1.406
 10
93.025
 20
-1.406
 10
93.025707
 20
-1.405707
 10
93.026
 20
-1.405
 10
93.026
 20
-1.395
 10
93.025707
 20
-1.394293
 10
93.025
 20
-1.394
 10
93.015001
 20
-1.394
 10
93.014294
 20
-1.394293
 10
93.01400100000001
 20
-1.395
 10
93.01400100000001
 20
-1.405
 10
93.014294
 20
-1.405707
 10
93.015001
 20
-1.406
  0
LWPOLYLINE
  5
38E
330
17
100
AcDbEntity
  8
VISTA
100
AcDbPolyline
 90
13
 70
1
 10
93.015001
 20
-1.506
 10
93.025
 20
-1.506
 10
93.025707
 20
-1.505707
 10
93.026
 20
-1.505
 10
93.026
 20
-1.495
 10
93.025707
 20
-1.494293
 10
93.025
 20
-1.494
 10
93.015001
 20
-1.494
 10
93.014294
 20
-1.494293
 10
93.01400100000001
 20
-1.495
 10
93.01400100000001
 20
-1.505
 10
93.014294
 20
-1.505707
 10
93.015001
 20
-1.506
  0
LWPOLYLINE
  5
38F
330
17
100
AcDbEntity
  8
VISTA
100
AcDbPolyline
 90
13
 70
1
 10
93.015001
 20
-1.606
 10
93.025
 20
-1.606
 10
93.025707
 20
-1.605707
 10
93.026
 20
-1.605
 10
93.026
 20
-1.595
 10
93.025707
 20
-1.594293
 10
93.025
 20
-1.594
 10
93.015001
 20
-1.594
 10
93.014294
 20
-1.594293
 10
93.01400100000001
 20
-1.595
 10
93.01400100000001
 20
-1.605
 10
93.014294
 20
-1.605707
 10
93.015001
 20
-1.606
  0
LWPOLYLINE
  5
390
330
17
100
AcDbEntity
  8
VISTA
100
AcDbPolyline
 90
13
 70
1
 10
93.015001
 20
-1.706
 10
93.025
 20
-1.706
 10
93.025707
 20
-1.705707
 10
93.026
 20
-1.705
 10
93.026
 20
-1.695
 10
93.025707
 20
-1.694293
 10
93.025
 20
-1.694
 10
93.015001
 20
-1.694
 10
93.014294
 20
-1.694293
 10
93.01400100000001
 20
-1.695
 10
93.01400100000001
 20
-1.705
 10
93.014294
 20
-1.705707
 10
93.015001
 20
-1.706
  0
LWPOLYLINE
  5
391
330
17
100
AcDbEntity
  8
VISTA
100
AcDbPolyline
 90
13
 70
1
 10
93.015001
 20
-1.806
 10
93.025
 20
-1.806
 10
93.025707
 20
-1.805707
 10
93.026
 20
-1.805
 10
93.026
 20
-1.795
 10
93.025707
 20
-1.794293
 10
93.025
 20
-1.794
 10
93.015001
 20
-1.794
 10
93.014294
 20
-1.794293
 10
93.01400100000001
 20
-1.795
 10
93.01400100000001
 20
-1.805
 10
93.014294
 20
-1.805707
 10
93.015001
 20
-1.806
  0
LWPOLYLINE
  5
392
330
17
100
AcDbEntity
  8
VISTA
100
AcDbPolyline
 90
13
 70
1
 10
93.015001
 20
-1.906
 10
93.025
 20
-1.906
 10
93.025707
 20
-1.905707
 10
93.026
 20
-1.905
 10
93.026
 20
-1.895
 10
93.025707
 20
-1.894293
 10
93.025
 20
-1.894
 10
93.015001
 20
-1.894
 10
93.014294
 20
-1.894293
 10
93.01400100000001
 20
-1.895
 10
93.01400100000001
 20
-1.905
 10
93.014294
 20
-1.905707
 10
93.015001
 20
-1.906
  0
LWPOLYLINE
  5
393
330
17
100
AcDbEntity
  8
VISTA
100
AcDbPolyline
 90
13
 70
1
 10
93.015001
 20
-2.006
 10
93.025
 20
-2.006
 10
93.025707
 20
-2.005707
 10
93.026
 20
-2.005
 10
93.026
 20
-1.995
 10
93.025707
 20
-1.994293
 10
93.025
 20
-1.994
 10
93.015001
 20
-1.994
 10
93.014294
 20
-1.994293
 10
93.01400100000001
 20
-1.995
 10
93.01400100000001
 20
-2.005
 10
93.014294
 20
-2.005707
 10
93.015001
 20
-2.006
  0
LWPOLYLINE
  5
394
330
17
100
AcDbEntity
  8
VISTA
100
AcDbPolyline
 90
13
 70
1
 10
93.015001
 20
-2.106
 10
93.025
 20
-2.106
 10
93.025707
 20
-2.105707
 10
93.026
 20
-2.105
 10
93.026
 20
-2.095
 10
93.025707
 20
-2.094293
 10
93.025
 20
-2.094
 10
93.015001
 20
-2.094
 10
93.014294
 20
-2.094293
 10
93.01400100000001
 20
-2.095
 10
93.01400100000001
 20
-2.105
 10
93.014294
 20
-2.105707
 10
93.015001
 20
-2.106
  0
LWPOLYLINE
  5
395
330
17
100
AcDbEntity
  8
VISTA
100
AcDbPolyline
 90
13
 70
1
 10
93.015001
 20
-2.206
 10
93.025
 20
-2.206
 10
93.025707
 20
-2.205707
 10
93.026
 20
-2.205
 10
93.026
 20
-2.195
 10
93.025707
 20
-2.194293
 10
93.025
 20
-2.194
 10
93.015001
 20
-2.194
 10
93.014294
 20
-2.194293
 10
93.01400100000001
 20
-2.195
 10
93.01400100000001
 20
-2.205
 10
93.014294
 20
-2.205707
 10
93.015001
 20
-2.206
  0
LWPOLYLINE
  5
396
330
17
100
AcDbEntity
  8
VISTA
100
AcDbPolyline
 90
13
 70
1
 10
93.015001
 20
-2.306
 10
93.025
 20
-2.306
 10
93.025707
 20
-2.305707
 10
93.026
 20
-2.305
 10
93.026
 20
-2.295
 10
93.025707
 20
-2.294293
 10
93.025
 20
-2.294
 10
93.015001
 20
-2.294
 10
93.014294
 20
-2.294293
 10
93.01400100000001
 20
-2.295
 10
93.01400100000001
 20
-2.305
 10
93.014294
 20
-2.305707
 10
93.015001
 20
-2.306
  0
LWPOLYLINE
  5
397
330
17
100
AcDbEntity
  8
VISTA
100
AcDbPolyline
 90
13
 70
1
 10
93.015001
 20
-2.406
 10
93.025
 20
-2.406
 10
93.025707
 20
-2.405707
 10
93.026
 20
-2.405
 10
93.026
 20
-2.395
 10
93.025707
 20
-2.394293
 10
93.025
 20
-2.394
 10
93.015001
 20
-2.394
 10
93.014294
 20
-2.394293
 10
93.01400100000001
 20
-2.395
 10
93.01400100000001
 20
-2.405
 10
93.014294
 20
-2.405707
 10
93.015001
 20
-2.406
  0
LWPOLYLINE
  5
398
330
17
100
AcDbEntity
  8
VISTA
100
AcDbPolyline
 90
13
 70
1
 10
93.975
 20
-1.406
 10
93.984999
 20
-1.406
 10
93.985706
 20
-1.405707
 10
93.98599899999999
 20
-1.405
 10
93.98599899999999
 20
-1.395
 10
93.985706
 20
-1.394293
 10
93.984999
 20
-1.394
 10
93.975
 20
-1.394
 10
93.974293
 20
-1.394293
 10
93.974
 20
-1.395
 10
93.974
 20
-1.405
 10
93.974293
 20
-1.405707
 10
93.975
 20
-1.406
  0
LWPOLYLINE
  5
399
330
17
100
AcDbEntity
  8
VISTA
100
AcDbPolyline
 90
13
 70
1
 10
93.975
 20
-1.506
 10
93.984999
 20
-1.506
 10
93.985706
 20
-1.505707
 10
93.98599899999999
 20
-1.505
 10
93.98599899999999
 20
-1.495
 10
93.985706
 20
-1.494293
 10
93.984999
 20
-1.494
 10
93.975
 20
-1.494
 10
93.974293
 20
-1.494293
 10
93.974
 20
-1.495
 10
93.974
 20
-1.505
 10
93.974293
 20
-1.505707
 10
93.975
 20
-1.506
  0
LWPOLYLINE
  5
39A
330
17
100
AcDbEntity
  8
VISTA
100
AcDbPolyline
 90
13
 70
1
 10
93.975
 20
-1.606
 10
93.984999
 20
-1.606
 10
93.985706
 20
-1.605707
 10
93.98599899999999
 20
-1.605
 10
93.98599899999999
 20
-1.595
 10
93.985706
 20
-1.594293
 10
93.984999
 20
-1.594
 10
93.975
 20
-1.594
 10
93.974293
 20
-1.594293
 10
93.974
 20
-1.595
 10
93.974
 20
-1.605
 10
93.974293
 20
-1.605707
 10
93.975
 20
-1.606
  0
LWPOLYLINE
  5
39B
330
17
100
AcDbEntity
  8
VISTA
100
AcDbPolyline
 90
13
 70
1
 10
93.975
 20
-1.706
 10
93.984999
 20
-1.706
 10
93.985706
 20
-1.705707
 10
93.98599899999999
 20
-1.705
 10
93.98599899999999
 20
-1.695
 10
93.985706
 20
-1.694293
 10
93.984999
 20
-1.694
 10
93.975
 20
-1.694
 10
93.974293
 20
-1.694293
 10
93.974
 20
-1.695
 10
93.974
 20
-1.705
 10
93.974293
 20
-1.705707
 10
93.975
 20
-1.706
  0
LWPOLYLINE
  5
39C
330
17
100
AcDbEntity
  8
VISTA
100
AcDbPolyline
 90
13
 70
1
 10
93.975
 20
-1.806
 10
93.984999
 20
-1.806
 10
93.985706
 20
-1.805707
 10
93.98599899999999
 20
-1.805
 10
93.98599899999999
 20
-1.795
 10
93.985706
 20
-1.794293
 10
93.984999
 20
-1.794
 10
93.975
 20
-1.794
 10
93.974293
 20
-1.794293
 10
93.974
 20
-1.795
 10
93.974
 20
-1.805
 10
93.974293
 20
-1.805707
 10
93.975
 20
-1.806
  0
LWPOLYLINE
  5
39D
330
17
100
AcDbEntity
  8
VISTA
100
AcDbPolyline
 90
13
 70
1
 10
93.975
 20
-1.906
 10
93.984999
 20
-1.906
 10
93.985706
 20
-1.905707
 10
93.98599899999999
 20
-1.905
 10
93.98599899999999
 20
-1.895
 10
93.985706
 20
-1.894293
 10
93.984999
 20
-1.894
 10
93.975
 20
-1.894
 10
93.974293
 20
-1.894293
 10
93.974
 20
-1.895
 10
93.974
 20
-1.905
 10
93.974293
 20
-1.905707
 10
93.975
 20
-1.906
  0
LWPOLYLINE
  5
39E
330
17
100
AcDbEntity
  8
VISTA
100
AcDbPolyline
 90
13
 70
1
 10
93.975
 20
-2.006
 10
93.984999
 20
-2.006
 10
93.985706
 20
-2.005707
 10
93.98599899999999
 20
-2.005
 10
93.98599899999999
 20
-1.995
 10
93.985706
 20
-1.994293
 10
93.984999
 20
-1.994
 10
93.975
 20
-1.994
 10
93.974293
 20
-1.994293
 10
93.974
 20
-1.995
 10
93.974
 20
-2.005
 10
93.974293
 20
-2.005707
 10
93.975
 20
-2.006
  0
LWPOLYLINE
  5
39F
330
17
100
AcDbEntity
  8
VISTA
100
AcDbPolyline
 90
13
 70
1
 10
93.975
 20
-2.106
 10
93.984999
 20
-2.106
 10
93.985706
 20
-2.105707
 10
93.98599899999999
 20
-2.105
 10
93.98599899999999
 20
-2.095
 10
93.985706
 20
-2.094293
 10
93.984999
 20
-2.094
 10
93.975
 20
-2.094
 10
93.974293
 20
-2.094293
 10
93.974
 20
-2.095
 10
93.974
 20
-2.105
 10
93.974293
 20
-2.105707
 10
93.975
 20
-2.106
  0
LWPOLYLINE
  5
3A0
330
17
100
AcDbEntity
  8
VISTA
100
AcDbPolyline
 90
13
 70
1
 10
93.975
 20
-2.206
 10
93.984999
 20
-2.206
 10
93.985706
 20
-2.205707
 10
93.98599899999999
 20
-2.205
 10
93.98599899999999
 20
-2.195
 10
93.985706
 20
-2.194293
 10
93.984999
 20
-2.194
 10
93.975
 20
-2.194
 10
93.974293
 20
-2.194293
 10
93.974
 20
-2.195
 10
93.974
 20
-2.205
 10
93.974293
 20
-2.205707
 10
93.975
 20
-2.206
  0
LWPOLYLINE
  5
3A1
330
17
100
AcDbEntity
  8
VISTA
100
AcDbPolyline
 90
13
 70
1
 10
93.975
 20
-2.306
 10
93.984999
 20
-2.306
 10
93.985706
 20
-2.305707
 10
93.98599899999999
 20
-2.305
 10
93.98599899999999
 20
-2.295
 10
93.985706
 20
-2.294293
 10
93.984999
 20
-2.294
 10
93.975
 20
-2.294
 10
93.974293
 20
-2.294293
 10
93.974
 20
-2.295
 10
93.974
 20
-2.305
 10
93.974293
 20
-2.305707
 10
93.975
 20
-2.306
  0
LWPOLYLINE
  5
3A2
330
17
100
AcDbEntity
  8
VISTA
100
AcDbPolyline
 90
13
 70
1
 10
93.975
 20
-2.406
 10
93.984999
 20
-2.406
 10
93.985706
 20
-2.405707
 10
93.98599899999999
 20
-2.405
 10
93.98599899999999
 20
-2.395
 10
93.985706
 20
-2.394293
 10
93.984999
 20
-2.394
 10
93.975
 20
-2.394
 10
93.974293
 20
-2.394293
 10
93.974
 20
-2.395
 10
93.974
 20
-2.405
 10
93.974293
 20
-2.405707
 10
93.975
 20
-2.406
  0
LINE
  5
3A3
330
17
100
AcDbEntity
  8
VISTA
100
AcDbLine
 10
93.068999
 20
-2.589722
 30
0.0
 11
93.068646
 21
-2.589576
 31
0.0
  0
LINE
  5
3A4
330
17
100
AcDbEntity
  8
VISTA
100
AcDbLine
 10
93.068646
 20
-2.589576
 30
0.0
 11
93.0685
 21
-2.589222
 31
0.0
  0
LINE
  5
3A5
330
17
100
AcDbEntity
  8
VISTA
100
AcDbLine
 10
93.89150000000001
 20
-2.589222
 30
0.0
 11
93.891353
 21
-2.589576
 31
0.0
  0
LINE
  5
3A6
330
17
100
AcDbEntity
  8
VISTA
100
AcDbLine
 10
93.891353
 20
-2.589576
 30
0.0
 11
93.891
 21
-2.589722
 31
0.0
  0
LINE
  5
3A7
330
17
100
AcDbEntity
  8
VISTA
100
AcDbLine
 10
93.891
 20
-2.557722
 30
0.0
 11
93.891353
 21
-2.557576
 31
0.0
  0
LINE
  5
3A8
330
17
100
AcDbEntity
  8
VISTA
100
AcDbLine
 10
93.891353
 20
-2.557576
 30
0.0
 11
93.89150000000001
 21
-2.557222
 31
0.0
  0
LINE
  5
3A9
330
17
100
AcDbEntity
  8
VISTA
100
AcDbLine
 10
93.891
 20
-2.554722
 30
0.0
 11
93.891353
 21
-2.554869
 31
0.0
  0
LINE
  5
3AA
330
17
100
AcDbEntity
  8
VISTA
100
AcDbLine
 10
93.891353
 20
-2.554869
 30
0.0
 11
93.89150000000001
 21
-2.555222
 31
0.0
  0
LINE
  5
3AB
330
17
100
AcDbEntity
  8
VISTA
100
AcDbLine
 10
93.891
 20
-2.586722
 30
0.0
 11
93.891353
 21
-2.586869
 31
0.0
  0
LINE
  5
3AC
330
17
100
AcDbEntity
  8
VISTA
100
AcDbLine
 10
93.891353
 20
-2.586869
 30
0.0
 11
93.89150000000001
 21
-2.587222
 31
0.0
  0
LINE
  5
3AD
330
17
100
AcDbEntity
  8
VISTA
100
AcDbLine
 10
93.0685
 20
-2.555222
 30
0.0
 11
93.068646
 21
-2.554869
 31
0.0
  0
LINE
  5
3AE
330
17
100
AcDbEntity
  8
VISTA
100
AcDbLine
 10
93.068646
 20
-2.554869
 30
0.0
 11
93.068999
 21
-2.554722
 31
0.0
  0
LINE
  5
3AF
330
17
100
AcDbEntity
  8
VISTA
100
AcDbLine
 10
93.068999
 20
-2.557722
 30
0.0
 11
93.068646
 21
-2.557576
 31
0.0
  0
LINE
  5
3B0
330
17
100
AcDbEntity
  8
VISTA
100
AcDbLine
 10
93.068646
 20
-2.557576
 30
0.0
 11
93.0685
 21
-2.557222
 31
0.0
  0
LINE
  5
3B1
330
17
100
AcDbEntity
  8
VISTA
100
AcDbLine
 10
93.0685
 20
-2.587222
 30
0.0
 11
93.068646
 21
-2.586869
 31
0.0
  0
LINE
  5
3B2
330
17
100
AcDbEntity
  8
VISTA
100
AcDbLine
 10
93.068646
 20
-2.586869
 30
0.0
 11
93.068999
 21
-2.586722
 31
0.0
  0
LINE
  5
3B3
330
17
100
AcDbEntity
  8
VISTA
100
AcDbLine
 10
93.891
 20
-2.589722
 30
0.0
 11
93.068999
 21
-2.589722
 31
0.0
  0
LINE
  5
3B4
330
17
100
AcDbEntity
  8
VISTA
100
AcDbLine
 10
93.89150000000001
 20
-2.587222
 30
0.0
 11
93.89150000000001
 21
-2.589222
 31
0.0
  0
LINE
  5
3B5
330
17
100
AcDbEntity
  8
VISTA
100
AcDbLine
 10
93.068999
 20
-2.554722
 30
0.0
 11
93.891
 21
-2.554722
 31
0.0
  0
LINE
  5
3B6
330
17
100
AcDbEntity
  8
VISTA
100
AcDbLine
 10
93.89150000000001
 20
-2.557222
 30
0.0
 11
93.89150000000001
 21
-2.555222
 31
0.0
  0
LINE
  5
3B7
330
17
100
AcDbEntity
  8
VISTA
100
AcDbLine
 10
93.891
 20
-2.586722
 30
0.0
 11
93.068999
 21
-2.586722
 31
0.0
  0
LINE
  5
3B8
330
17
100
AcDbEntity
  8
VISTA
100
AcDbLine
 10
93.891
 20
-2.557722
 30
0.0
 11
93.068999
 21
-2.557722
 31
0.0
  0
LWPOLYLINE
  5
3B9
330
17
100
AcDbEntity
  8
VISTA
100
AcDbPolyline
 90
5
 70
1
 10
93.0625
 20
-2.607222
 10
93.0685
 20
-2.607222
 10
93.0685
 20
-2.537222
 10
93.0625
 20
-2.537222
 10
93.0625
 20
-2.607222
  0
LWPOLYLINE
  5
3BA
330
17
100
AcDbEntity
  8
VISTA
100
AcDbPolyline
 90
5
 70
1
 10
93.89150000000001
 20
-2.607222
 10
93.89750000000001
 20
-2.607222
 10
93.89750000000001
 20
-2.537222
 10
93.89150000000001
 20
-2.537222
 10
93.89150000000001
 20
-2.607222
  0
LWPOLYLINE
  5
3BB
330
17
100
AcDbEntity
  8
VISTA
100
AcDbPolyline
 90
25
 70
1
 10
93.189223
 20
-2.569324
 10
93.18849900000001
 20
-2.569624
 10
93.187879
 20
-2.570101
 10
93.187402
 20
-2.570722
 10
93.187101
 20
-2.571446
 10
93.186999
 20
-2.572222
 10
93.187101
 20
-2.572999
 10
93.187402
 20
-2.573722
 10
93.187879
 20
-2.574343
 10
93.18849900000001
 20
-2.57482
 10
93.189223
 20
-2.57512
 10
93.19
 20
-2.575222
 10
93.190776
 20
-2.57512
 10
93.1915
 20
-2.57482
 10
93.192121
 20
-2.574343
 10
93.192597
 20
-2.573722
 10
93.192898
 20
-2.572999
 10
93.193
 20
-2.572222
 10
93.192898
 20
-2.571446
 10
93.192597
 20
-2.570722
 10
93.192121
 20
-2.570101
 10
93.1915
 20
-2.569624
 10
93.190776
 20
-2.569324
 10
93.19
 20
-2.569222
 10
93.189223
 20
-2.569324
  0
LWPOLYLINE
  5
3BC
330
17
100
AcDbEntity
  8
VISTA
100
AcDbPolyline
 90
25
 70
1
 10
93.769224
 20
-2.569324
 10
93.7685
 20
-2.569624
 10
93.767879
 20
-2.570101
 10
93.767403
 20
-2.570722
 10
93.767102
 20
-2.571446
 10
93.767
 20
-2.572222
 10
93.767102
 20
-2.572999
 10
93.767403
 20
-2.573722
 10
93.767879
 20
-2.574343
 10
93.7685
 20
-2.57482
 10
93.769224
 20
-2.57512
 10
93.77
 20
-2.575222
 10
93.770777
 20
-2.57512
 10
93.771501
 20
-2.57482
 10
93.772121
 20
-2.574343
 10
93.772598
 20
-2.573722
 10
93.772899
 20
-2.572999
 10
93.773001
 20
-2.572222
 10
93.772899
 20
-2.571446
 10
93.772598
 20
-2.570722
 10
93.772121
 20
-2.570101
 10
93.771501
 20
-2.569624
 10
93.770777
 20
-2.569324
 10
93.77
 20
-2.569222
 10
93.769224
 20
-2.569324
  0
LWPOLYLINE
  5
3BD
330
17
100
AcDbEntity
  8
CORTE
100
AcDbPolyline
 90
41
 70
1
 10
94.00102565346037
 20
-5.9016643736208625
 10
94.000831
 20
-5.901895
 10
94.00033214994986
 20
-5.903458783851554
 10
94.0
 20
-5.9045
 10
94.0
 20
-6.019157472417252
 10
94.0
 20
-6.0955
 10
94.00049885005015
 20
-6.097063783851555
 10
94.000831
 20
-6.098105
 10
94.00112334653961
 20
-6.098451373620863
 10
94.001318
 20
-6.098682
 10
94.00166437362086
 20
-6.0989743465396185
 10
94.001895
 20
-6.099169
 10
94.00345878385156
 20
-6.09966785005015
 10
94.00450000000001
 20
-6.1
 10
95.64992537462388
 20
-6.1
 10
96.745501
 20
-6.1
 10
96.74706478385156
 20
-6.099501149949849
 10
96.748106
 20
-6.099169
 10
96.74845177331996
 20
-6.0988766534603815
 10
96.748682
 20
-6.098682
 10
96.74887625376128
 20
-6.098451373620863
 10
96.749168
 20
-6.098105
 10
96.74950054964894
 20
-6.097063783851555
 10
96.75
 20
-6.0955
 10
96.75
 20
-6.019157472417252
 10
96.75
 20
-5.9045
 10
96.74966745035105
 20
-5.903458783851554
 10
96.749168
 20
-5.901895
 10
96.74897374623872
 20
-5.9016643736208625
 10
96.748682
 20
-5.901318
 10
96.74845177331996
 20
-5.9011233465396185
 10
96.748106
 20
-5.900831
 10
96.74706478385156
 20
-5.900498850050151
 10
96.745501
 20
-5.9
 10
95.64992537462388
 20
-5.9
 10
94.00450000000001
 20
-5.9
 10
94.00345878385156
 20
-5.90033214994985
 10
94.001895
 20
-5.900831
 10
94.00166437362086
 20
-5.9010256534603815
 10
94.001318
 20
-5.901318
 10
94.00102565346037
 20
-5.9016643736208625
  0
LWPOLYLINE
  5
3BE
330
17
100
AcDbEntity
  8
CORTE
100
AcDbPolyline
 90
5
 70
1
 10
99.25
 20
-6.1
 10
102.0
 20
-6.1
 10
102.0
 20
-5.9
 10
99.25
 20
-5.9
 10
99.25
 20
-6.1
  0
LWPOLYLINE
  5
3BF
330
17
100
AcDbEntity
  8
CORTE
100
AcDbPolyline
 90
41
 70
1
 10
94.00102565346037
 20
-6.001664373620863
 10
94.000831
 20
-6.001895
 10
94.00033214994986
 20
-6.0034587838515545
 10
94.0
 20
-6.0045
 10
94.0
 20
-6.179187562688064
 10
94.0
 20
-6.2955
 10
94.00049885005015
 20
-6.297063783851554
 10
94.000831
 20
-6.298105
 10
94.00112334653961
 20
-6.298451373620862
 10
94.001318
 20
-6.298682
 10
94.00166377331996
 20
-6.298974946840522
 10
94.001894
 20
-6.29917
 10
94.00345778385156
 20
-6.2996682497492476
 10
94.004499
 20
-6.3
 10
94.17918716298897
 20
-6.3
 10
94.2955
 20
-6.3
 10
94.29706378385156
 20
-6.299501750250752
 10
94.29810499999999
 20
-6.29917
 10
94.29845077331996
 20
-6.298877053159479
 10
94.298681
 20
-6.298682
 10
94.29887605315947
 20
-6.298451373620862
 10
94.299169
 20
-6.298105
 10
94.29950075025076
 20
-6.297063783851554
 10
94.299999
 20
-6.2955
 10
94.299999
 20
-6.179187562688064
 10
94.299999
 20
-6.0045
 10
94.29966724974925
 20
-6.0034587838515545
 10
94.299169
 20
-6.001895
 10
94.29897394684052
 20
-6.001664373620863
 10
94.298681
 20
-6.001318
 10
94.29845077331996
 20
-6.001123346539619
 10
94.29810499999999
 20
-6.000831
 10
94.29706378385156
 20
-6.000498850050151
 10
94.2955
 20
-6.0
 10
94.17918716298897
 20
-6.0
 10
94.004499
 20
-6.0
 10
94.00345778385156
 20
-6.000332149949849
 10
94.001894
 20
-6.000831
 10
94.00166377331996
 20
-6.001025653460381
 10
94.001318
 20
-6.001318
 10
94.00102565346037
 20
-6.001664373620863
  0
LWPOLYLINE
  5
3C0
330
17
100
AcDbEntity
  8
CORTE
100
AcDbPolyline
 90
41
 70
1
 10
94.000387579123
 20
-8.850628824734699
 10
94.000314
 20
-8.850716
 10
94.00012556437295
 20
-8.851306511646532
 10
94.0
 20
-8.8517
 10
94.0
 20
-9.029693652806515
 10
94.0
 20
-9.1483
 10
94.00018843562704
 20
-9.148890511646533
 10
94.000314
 20
-9.149284
 10
94.000424420877
 20
-9.149414824734698
 10
94.000498
 20
-9.149502
 10
94.00062822462124
 20
-9.149612420876995
 10
94.000715
 20
-9.149686
 10
94.00130551164654
 20
-9.149874435627044
 10
94.001699
 20
-9.15
 10
94.17969325291998
 20
-9.15
 10
94.2983
 20
-9.15
 10
94.29889051164653
 20
-9.149811564372957
 10
94.299284
 20
-9.149686
 10
94.29941422462124
 20
-9.149575579123006
 10
94.29950099999999
 20
-9.149502
 10
94.299574579123
 20
-9.149414824734698
 10
94.299685
 20
-9.149284
 10
94.29981056437296
 20
-9.148890511646533
 10
94.299999
 20
-9.1483
 10
94.299999
 20
-9.029693652806515
 10
94.299999
 20
-8.8517
 10
94.29987343562705
 20
-8.851306511646532
 10
94.299685
 20
-8.850716
 10
94.299611420877
 20
-8.850628824734699
 10
94.29950099999999
 20
-8.850498
 10
94.29941422462124
 20
-8.850424420876994
 10
94.299284
 20
-8.850314
 10
94.29889051164653
 20
-8.850188435627043
 10
94.2983
 20
-8.85
 10
94.17969325291998
 20
-8.85
 10
94.001699
 20
-8.85
 10
94.00130551164654
 20
-8.850125564372956
 10
94.000715
 20
-8.850314
 10
94.00062822462124
 20
-8.850387579123005
 10
94.000498
 20
-8.850498
 10
94.000387579123
 20
-8.850628824734699
  0
LWPOLYLINE
  5
3C1
330
17
100
AcDbEntity
  8
CORTE
100
AcDbPolyline
 90
41
 70
1
 10
94.00102565346037
 20
-11.67166377331996
 10
94.000831
 20
-11.671894
 10
94.00033214994986
 20
-11.673458384152458
 10
94.0
 20
-11.6745
 10
94.0
 20
-11.849187562688064
 10
94.0
 20
-11.9655
 10
94.00049885005015
 20
-11.967063783851554
 10
94.000831
 20
-11.968105
 10
94.00112334653961
 20
-11.96845077331996
 10
94.001318
 20
-11.968681
 10
94.00166377331996
 20
-11.968973946840523
 10
94.001894
 20
-11.969169
 10
94.00345778385156
 20
-11.969667249749248
 10
94.004499
 20
-11.969999
 10
94.17918716298897
 20
-11.969999
 10
94.2955
 20
-11.969999
 10
94.29706378385156
 20
-11.969500750250752
 10
94.29810499999999
 20
-11.969169
 10
94.29845077331996
 20
-11.968876053159478
 10
94.298681
 20
-11.968681
 10
94.29887605315947
 20
-11.96845077331996
 10
94.299169
 20
-11.968105
 10
94.29950075025076
 20
-11.967063783851554
 10
94.299999
 20
-11.9655
 10
94.299999
 20
-11.849187562688064
 10
94.299999
 20
-11.6745
 10
94.29966724974925
 20
-11.673458384152458
 10
94.299169
 20
-11.671894
 10
94.29897394684052
 20
-11.67166377331996
 10
94.298681
 20
-11.671318
 10
94.29845077331996
 20
-11.671123346539618
 10
94.29810499999999
 20
-11.670831
 10
94.29706378385156
 20
-11.67049885005015
 10
94.2955
 20
-11.67
 10
94.17918716298897
 20
-11.67
 10
94.004499
 20
-11.67
 10
94.00345778385156
 20
-11.67033214994985
 10
94.001894
 20
-11.670831
 10
94.00166377331996
 20
-11.671025653460381
 10
94.001318
 20
-11.671318
 10
94.00102565346037
 20
-11.67166377331996
  0
LWPOLYLINE
  5
3C2
330
17
100
AcDbEntity
  8
VISTA
100
AcDbPolyline
 90
45
 70
1
 10
101.73709122385544
 20
-6.75
 10
101.71667815429267
 20
-6.608033424398465
 10
101.71209337758637
 20
-6.576145960677839
 10
101.65251299494429
 20
-6.445680633180414
 10
101.63913035286959
 20
-6.416376635427395
 10
101.5452047124801
 20
-6.307981578035765
 10
101.52410799868926
 20
-6.283634794026777
 10
101.40345014493025
 20
-6.206092600692819
 10
101.37634893717816
 20
-6.188675692163655
 10
101.23873302097182
 20
-6.148268120119839
 10
101.20782261932403
 20
-6.139192003651344
 10
101.0643947163187
 20
-6.139192003651344
 10
101.03217938067597
 20
-6.139192003651344
 10
100.89456346446963
 20
-6.17959957569516
 10
100.86365287557345
 20
-6.188675692163655
 10
100.74299420906283
 20
-6.266217885497612
 10
100.71589318855912
 20
-6.283634794026777
 10
100.62196836092126
 20
-6.392029851418407
 10
100.60087164713042
 20
-6.416376635427395
 10
100.54129126448834
 20
-6.54684196292482
 10
100.52790862241363
 20
-6.576145960677839
 10
100.50749555285086
 20
-6.718112536279374
 10
100.50291077614456
 20
-6.75
 10
100.52332384570732
 20
-6.891966575601535
 10
100.52790862241363
 20
-6.923854039322161
 10
100.58748900505572
 20
-7.054319366819586
 10
100.60087164713042
 20
-7.083623364572605
 10
100.69479647476828
 20
-7.192018421964235
 10
100.71589318855912
 20
-7.216365205973223
 10
100.83655185506976
 20
-7.293907399307181
 10
100.86365287557345
 20
-7.311324307836345
 10
101.0012687917798
 20
-7.351731879880161
 10
101.03217938067597
 20
-7.360807996348656
 10
101.1756072836813
 20
-7.360807996348656
 10
101.20782261932403
 20
-7.360807996348656
 10
101.34543853553038
 20
-7.32040042430484
 10
101.37634893717816
 20
-7.311324307836345
 10
101.49700679093718
 20
-7.233782114502388
 10
101.52410799868926
 20
-7.216365205973223
 10
101.61803363907873
 20
-7.107970148581593
 10
101.63913035286959
 20
-7.083623364572605
 10
101.69871073551165
 20
-6.95315803707518
 10
101.71209337758637
 20
-6.923854039322161
 10
101.73250644714915
 20
-6.781887463720626
 10
101.73709122385544
 20
-6.75
  0
LWPOLYLINE
  5
3C3
330
17
100
AcDbEntity
  8
VISTA
100
AcDbPolyline
 90
41
 70
1
 10
100.44041512539022
 20
-6.440595657648283
 10
100.440313
 20
-6.440716
 10
100.4401723371488
 20
-6.441156803329865
 10
100.439999
 20
-6.4417
 10
100.439999
 20
-6.717918834547347
 10
100.439999
 20
-7.0583
 10
100.4401396628512
 20
-7.058740803329865
 10
100.440313
 20
-7.059284
 10
100.44039587460978
 20
-7.059381657648283
 10
100.440498
 20
-7.059502
 10
100.44059565764829
 20
-7.059584426638918
 10
100.440716
 20
-7.059686
 10
100.44115680332986
 20
-7.059826662851196
 10
100.4417
 20
-7.06
 10
100.4760141201873
 20
-7.06
 10
100.518299
 20
-7.06
 10
100.51873980332986
 20
-7.059859337148803
 10
100.519283
 20
-7.059686
 10
100.51938065764828
 20
-7.059603573361082
 10
100.519501
 20
-7.059502
 10
100.51960312539022
 20
-7.059381657648283
 10
100.51968600000001
 20
-7.059284
 10
100.5198593371488
 20
-7.058740803329865
 10
100.52
 20
-7.0583
 10
100.52
 20
-6.717918834547347
 10
100.52
 20
-6.4417
 10
100.5198266628512
 20
-6.441156803329865
 10
100.51968600000001
 20
-6.440716
 10
100.51958387460978
 20
-6.440595657648283
 10
100.519501
 20
-6.440498
 10
100.51938065764828
 20
-6.440396426638918
 10
100.519283
 20
-6.440314
 10
100.51873980332986
 20
-6.440140662851197
 10
100.518299
 20
-6.44
 10
100.4760141201873
 20
-6.44
 10
100.4417
 20
-6.44
 10
100.44115680332986
 20
-6.440173337148804
 10
100.440716
 20
-6.440314
 10
100.44059565764829
 20
-6.440415573361082
 10
100.440498
 20
-6.440498
 10
100.44041512539022
 20
-6.440595657648283
  0
LWPOLYLINE
  5
3C4
330
17
100
AcDbEntity
  8
VISTA
100
AcDbPolyline
 90
41
 70
1
 10
100.44034850830431
 20
-9.010673157781945
 10
100.440313
 20
-9.010715
 10
100.44005926814894
 20
-9.01151094227163
 10
100.439999
 20
-9.0117
 10
100.439999
 20
-9.703886146129118
 10
100.439999
 20
-9.868299
 10
100.44025273185106
 20
-9.869094942271632
 10
100.440313
 20
-9.869284
 10
100.44046249169568
 20
-9.869460157781946
 10
100.440498
 20
-9.869502
 10
100.44067415778194
 20
-9.869650683632466
 10
100.440716
 20
-9.869686
 10
100.44151113420841
 20
-9.869939731851057
 10
100.4417
 20
-9.87
 10
100.50359683458345
 20
-9.87
 10
100.518299
 20
-9.87
 10
100.51909413420842
 20
-9.869746268148942
 10
100.519283
 20
-9.869686
 10
100.51945915778194
 20
-9.869537316367534
 10
100.519501
 20
-9.869502
 10
100.51953650830431
 20
-9.869460157781946
 10
100.51968600000001
 20
-9.869284
 10
100.51974626814894
 20
-9.869094942271632
 10
100.52
 20
-9.868299
 10
100.52
 20
-9.703886146129118
 10
100.52
 20
-9.0117
 10
100.51993973185105
 20
-9.01151094227163
 10
100.51968600000001
 20
-9.010715
 10
100.51965049169569
 20
-9.010673157781945
 10
100.519501
 20
-9.010497
 10
100.51945915778194
 20
-9.010461683632467
 10
100.519283
 20
-9.010313
 10
100.51909413420842
 20
-9.010252731851057
 10
100.518299
 20
-9.009999
 10
100.50359683458345
 20
-9.009999
 10
100.4417
 20
-9.009999
 10
100.44151113420841
 20
-9.010059268148943
 10
100.440716
 20
-9.010313
 10
100.44067415778194
 20
-9.010348316367534
 10
100.440498
 20
-9.010497
 10
100.44034850830431
 20
-9.010673157781945
  0
LWPOLYLINE
  5
3C5
330
17
100
AcDbEntity
  8
CORTE
100
AcDbPolyline
 90
41
 70
1
 10
100.50105624276341
 20
-10.001628769394056
 10
100.500832
 20
-10.001895
 10
100.500383888846
 20
-10.003298040331918
 10
100.5
 20
-10.0045
 10
100.5
 20
-11.076842917792359
 10
100.5
 20
-11.9955
 10
100.50044811115399
 20
-11.996903040331919
 10
100.500832
 20
-11.998105
 10
100.50109375723659
 20
-11.998415769394057
 10
100.501318
 20
-11.998682
 10
100.50162930798919
 20
-11.998944295831725
 10
100.501896
 20
-11.999169
 10
100.50329796314165
 20
-11.999616572558857
 10
100.504499
 20
-12.0
 10
100.60737174835971
 20
-12.0
 10
100.69550100000001
 20
-12.0
 10
100.69690350173678
 20
-11.999552427441143
 10
100.698105
 20
-11.999169
 10
100.69841630798919
 20
-11.998906704168276
 10
100.698683
 20
-11.998682
 10
100.69890724276341
 20
-11.998415769394057
 10
100.699169
 20
-11.998105
 10
100.699552888846
 20
-11.996903040331919
 10
100.700001
 20
-11.9955
 10
100.700001
 20
-11.076842917792359
 10
100.700001
 20
-10.0045
 10
100.699617111154
 20
-10.003298040331918
 10
100.699169
 20
-10.001895
 10
100.69894475723659
 20
-10.001628769394056
 10
100.698683
 20
-10.001318
 10
100.69841630798919
 20
-10.001093295831724
 10
100.698105
 20
-10.000831
 10
100.69690350173678
 20
-10.000447572558857
 10
100.69550100000001
 20
-10.0
 10
100.60737174835971
 20
-10.0
 10
100.504499
 20
-10.0
 10
100.50329796314165
 20
-10.000383427441143
 10
100.501896
 20
-10.000831
 10
100.50162930798919
 20
-10.001055704168275
 10
100.501318
 20
-10.001318
 10
100.50105624276341
 20
-10.001628769394056
  0
LINE
  5
3C6
330
17
100
AcDbEntity
  8
VISTA
100
AcDbLine
 10
100.36679616265911
 20
-6.4504492906930695
 30
0.0
 11
100.367638
 21
-6.447836158140911
 31
0.0
  0
LINE
  5
3C7
330
17
100
AcDbEntity
  8
VISTA
100
AcDbLine
 10
100.36679616265911
 20
-6.4504492906930695
 30
0.0
 11
100.366663
 21
-6.450862963543592
 31
0.0
  0
LINE
  5
3C8
330
17
100
AcDbEntity
  8
VISTA
100
AcDbLine
 10
100.36508181012299
 20
-6.46386943272314
 30
0.0
 11
100.366663
 21
-6.450862963543592
 31
0.0
  0
LINE
  5
3C9
330
17
100
AcDbEntity
  8
VISTA
100
AcDbLine
 10
100.36508181012299
 20
-6.46386943272314
 30
0.0
 11
100.365
 21
-6.464542273391137
 31
0.0
  0
LINE
  5
3CA
330
17
100
AcDbEntity
  8
VISTA
100
AcDbLine
 10
100.367638
 20
-6.478307715355805
 30
0.0
 11
100.36669178380549
 21
-6.477097263768271
 31
0.0
  0
LINE
  5
3CB
330
17
100
AcDbEntity
  8
VISTA
100
AcDbLine
 10
100.366663
 20
-6.477060424639152
 30
0.0
 11
100.3650272739156
 21
-6.4715170714271215
 31
0.0
  0
LINE
  5
3CC
330
17
100
AcDbEntity
  8
VISTA
100
AcDbLine
 10
100.3650272739156
 20
-6.4715170714271215
 30
0.0
 11
100.365
 21
-6.471424658352583
 31
0.0
  0
LINE
  5
3CD
330
17
100
AcDbEntity
  8
VISTA
100
AcDbLine
 10
100.365
 20
-6.471424658352583
 30
0.0
 11
100.365
 21
-6.464542273391137
 31
0.0
  0
LINE
  5
3CE
330
17
100
AcDbEntity
  8
VISTA
100
AcDbLine
 10
100.442364
 20
-6.447836158140911
 30
0.0
 11
100.44320497391797
 21
-6.4504492906930695
 31
0.0
  0
LINE
  5
3CF
330
17
100
AcDbEntity
  8
VISTA
100
AcDbLine
 10
100.443338
 20
-6.450862963543592
 30
0.0
 11
100.44320497391797
 21
-6.4504492906930695
 31
0.0
  0
LINE
  5
3D0
330
17
100
AcDbEntity
  8
VISTA
100
AcDbLine
 10
100.443338
 20
-6.450862963543592
 30
0.0
 11
100.44492014068271
 21
-6.46386943272314
 31
0.0
  0
LINE
  5
3D1
330
17
100
AcDbEntity
  8
VISTA
100
AcDbLine
 10
100.445002
 20
-6.464542273391137
 30
0.0
 11
100.44492014068271
 21
-6.46386943272314
 31
0.0
  0
LINE
  5
3D2
330
17
100
AcDbEntity
  8
VISTA
100
AcDbLine
 10
100.44330924571635
 20
-6.477097263768271
 30
0.0
 11
100.442364
 21
-6.478307715355805
 31
0.0
  0
LINE
  5
3D3
330
17
100
AcDbEntity
  8
VISTA
100
AcDbLine
 10
100.44497470968396
 20
-6.4715170714271215
 30
0.0
 11
100.443338
 21
-6.477060424639152
 31
0.0
  0
LINE
  5
3D4
330
17
100
AcDbEntity
  8
VISTA
100
AcDbLine
 10
100.445002
 20
-6.471424658352583
 30
0.0
 11
100.44497470968396
 21
-6.4715170714271215
 31
0.0
  0
LINE
  5
3D5
330
17
100
AcDbEntity
  8
VISTA
100
AcDbLine
 10
100.445002
 20
-6.464542273391137
 30
0.0
 11
100.445002
 21
-6.471424658352583
 31
0.0
  0
LINE
  5
3D6
330
17
100
AcDbEntity
  8
VISTA
100
AcDbLine
 10
100.36874995258327
 20
-6.479324926530721
 30
0.0
 11
100.367638
 21
-6.478307715355805
 31
0.0
  0
LINE
  5
3D7
330
17
100
AcDbEntity
  8
VISTA
100
AcDbLine
 10
100.36874995258327
 20
-6.479324926530721
 30
0.0
 11
100.36879
 21
-6.4793615761553145
 31
0.0
  0
LINE
  5
3D8
330
17
100
AcDbEntity
  8
VISTA
100
AcDbLine
 10
100.37379823317534
 20
-6.481089410121062
 30
0.0
 11
100.36879
 21
-6.4793615761553145
 31
0.0
  0
LINE
  5
3D9
330
17
100
AcDbEntity
  8
VISTA
100
AcDbLine
 10
100.37379823317534
 20
-6.481089410121062
 30
0.0
 11
100.37400099999999
 21
-6.48115936441323
 31
0.0
  0
LINE
  5
3DA
330
17
100
AcDbEntity
  8
VISTA
100
AcDbLine
 10
100.43357830361984
 20
-6.48115936441323
 30
0.0
 11
100.37400099999999
 21
-6.48115936441323
 31
0.0
  0
LINE
  5
3DB
330
17
100
AcDbEntity
  8
VISTA
100
AcDbLine
 10
100.43357830361984
 20
-6.48115936441323
 30
0.0
 11
100.436001
 21
-6.48115936441323
 31
0.0
  0
LINE
  5
3DC
330
17
100
AcDbEntity
  8
VISTA
100
AcDbLine
 10
100.44102962740274
 20
-6.479424494465414
 30
0.0
 11
100.436001
 21
-6.48115936441323
 31
0.0
  0
LINE
  5
3DD
330
17
100
AcDbEntity
  8
VISTA
100
AcDbLine
 10
100.44102962740274
 20
-6.479424494465414
 30
0.0
 11
100.44121200000001
 21
-6.4793615761553145
 31
0.0
  0
LINE
  5
3DE
330
17
100
AcDbEntity
  8
VISTA
100
AcDbLine
 10
100.44232661387412
 20
-6.478341929451528
 30
0.0
 11
100.44121200000001
 21
-6.4793615761553145
 31
0.0
  0
LINE
  5
3DF
330
17
100
AcDbEntity
  8
VISTA
100
AcDbLine
 10
100.44232661387412
 20
-6.478341929451528
 30
0.0
 11
100.442364
 21
-6.478307715355805
 31
0.0
  0
LINE
  5
3E0
330
17
100
AcDbEntity
  8
VISTA
100
AcDbLine
 10
100.367638
 20
-6.447836158140911
 30
0.0
 11
100.36859708524877
 21
-6.445706539951265
 31
0.0
  0
LINE
  5
3E1
330
17
100
AcDbEntity
  8
VISTA
100
AcDbLine
 10
100.36859708524877
 20
-6.445706539951265
 30
0.0
 11
100.36879
 21
-6.44527817890222
 31
0.0
  0
LINE
  5
3E2
330
17
100
AcDbEntity
  8
VISTA
100
AcDbLine
 10
100.36879
 20
-6.44527817890222
 30
0.0
 11
100.37299435935141
 21
-6.441757417811175
 31
0.0
  0
LINE
  5
3E3
330
17
100
AcDbEntity
  8
VISTA
100
AcDbLine
 10
100.37299435935141
 20
-6.441757417811175
 30
0.0
 11
100.37400099999999
 21
-6.44091444961269
 31
0.0
  0
LINE
  5
3E4
330
17
100
AcDbEntity
  8
VISTA
100
AcDbLine
 10
100.37400099999999
 20
-6.44091444961269
 30
0.0
 11
100.4236837568357
 21
-6.44091444961269
 31
0.0
  0
LINE
  5
3E5
330
17
100
AcDbEntity
  8
VISTA
100
AcDbLine
 10
100.4236837568357
 20
-6.44091444961269
 30
0.0
 11
100.436001
 21
-6.44091444961269
 31
0.0
  0
LINE
  5
3E6
330
17
100
AcDbEntity
  8
VISTA
100
AcDbLine
 10
100.436001
 20
-6.44091444961269
 30
0.0
 11
100.44029888018039
 21
-6.444513525725919
 31
0.0
  0
LINE
  5
3E7
330
17
100
AcDbEntity
  8
VISTA
100
AcDbLine
 10
100.44029888018039
 20
-6.444513525725919
 30
0.0
 11
100.44121200000001
 21
-6.44527817890222
 31
0.0
  0
LINE
  5
3E8
330
17
100
AcDbEntity
  8
VISTA
100
AcDbLine
 10
100.44121200000001
 20
-6.44527817890222
 30
0.0
 11
100.44218406362099
 21
-6.447436615153225
 31
0.0
  0
LINE
  5
3E9
330
17
100
AcDbEntity
  8
VISTA
100
AcDbLine
 10
100.44218406362099
 20
-6.447436615153225
 30
0.0
 11
100.442364
 21
-6.447836158140911
 31
0.0
  0
LWPOLYLINE
  5
3EA
330
17
100
AcDbEntity
  8
VISTA
100
AcDbPolyline
 90
41
 70
1
 10
100.36760652891644
 20
-7.021732563158175
 10
100.366663
 20
-7.022939575360848
 10
100.36661468927528
 20
-7.023103267738896
 10
100.365
 20
-7.028575341647417
 10
100.365
 20
-7.030401320472638
 10
100.365
 20
-7.035457726608863
 10
100.36645855847154
 20
-7.047455650392979
 10
100.366663
 20
-7.049137036456408
 10
100.3674911436963
 20
-7.051707622176293
 10
100.367638
 20
-7.052163841859089
 10
100.36859708524877
 20
-7.054293460048735
 10
100.36879
 20
-7.05472182109778
 10
100.37299435935141
 20
-7.058242582188825
 10
100.37400099999999
 20
-7.05908555038731
 10
100.4236837568357
 20
-7.05908555038731
 10
100.436001
 20
-7.05908555038731
 10
100.44029888018039
 20
-7.055486474274081
 10
100.44121200000001
 20
-7.05472182109778
 10
100.44218406362099
 20
-7.052563384846775
 10
100.442364
 20
-7.052163841859089
 10
100.44251070568185
 20
-7.051707622176293
 10
100.443338
 20
-7.049137036456408
 10
100.44354256446383
 20
-7.047455650392979
 10
100.445002
 20
-7.035457726608863
 10
100.445002
 20
-7.030401320472638
 10
100.445002
 20
-7.028575341647417
 10
100.44338633977506
 20
-7.023103267738896
 10
100.443338
 20
-7.022939575360848
 10
100.44239543880553
 20
-7.021732563158175
 10
100.442364
 20
-7.021692284644195
 10
100.44125204741673
 20
-7.020675073469279
 10
100.44121200000001
 20
-7.0206384238446855
 10
100.43620376682468
 20
-7.018910589878938
 10
100.436001
 20
-7.01884063558677
 10
100.37642369638017
 20
-7.01884063558677
 10
100.37400099999999
 20
-7.01884063558677
 10
100.36897237259727
 20
-7.020575505534586
 10
100.36879
 20
-7.0206384238446855
 10
100.36767538612588
 20
-7.021658070548472
 10
100.367638
 20
-7.021692284644195
 10
100.36760652891644
 20
-7.021732563158175
  0
LWPOLYLINE
  5
3EB
330
17
100
AcDbEntity
  8
VISTA
100
AcDbPolyline
 90
41
 70
1
 10
100.50105624276341
 20
-10.031629769394057
 10
100.500832
 20
-10.031896
 10
100.500383888846
 20
-10.03329850173678
 10
100.5
 20
-10.0345
 10
100.5
 20
-10.105056501543805
 10
100.5
 20
-10.165501
 10
100.50044811115399
 20
-10.166903501736781
 10
100.500832
 20
-10.168105
 10
100.50109375723659
 20
-10.168415769394057
 10
100.501318
 20
-10.168682
 10
100.50162823079893
 20
-10.168944295831725
 10
100.501894
 20
-10.169169
 10
100.50329704033192
 20
-10.169616572558857
 10
100.504499
 20
-10.17
 10
101.30754542647627
 20
-10.17
 10
101.995501
 20
-10.17
 10
101.99690404033191
 20
-10.169552427441143
 10
101.998106
 20
-10.169169
 10
101.99841623079892
 20
-10.168906704168275
 10
101.998682
 20
-10.168682
 10
101.99890624276341
 20
-10.168415769394057
 10
101.999168
 20
-10.168105
 10
101.99955188884601
 20
-10.166903501736781
 10
102.0
 20
-10.165501
 10
102.0
 20
-10.105056501543805
 10
102.0
 20
-10.0345
 10
101.999616111154
 20
-10.03329850173678
 10
101.999168
 20
-10.031896
 10
101.99894375723659
 20
-10.031629769394057
 10
101.998682
 20
-10.031319
 10
101.99841623079892
 20
-10.031093834426862
 10
101.998106
 20
-10.030831
 10
101.99690404033191
 20
-10.03044803396372
 10
101.995501
 20
-10.030001
 10
101.30754542647627
 20
-10.030001
 10
100.504499
 20
-10.030001
 10
100.50329704033192
 20
-10.030383966036279
 10
100.501894
 20
-10.030831
 10
100.50162823079893
 20
-10.031056165573137
 10
100.501318
 20
-10.031319
 10
100.50105624276341
 20
-10.031629769394057
  0
LWPOLYLINE
  5
3EC
330
17
100
AcDbEntity
  8
CORTE
100
AcDbPolyline
 90
41
 70
1
 10
100.50105624276341
 20
-11.831628769394056
 10
100.500832
 20
-11.831895
 10
100.500383888846
 20
-11.83329750173678
 10
100.5
 20
-11.834499
 10
100.5
 20
-11.905055501543805
 10
100.5
 20
-11.9655
 10
100.50044811115399
 20
-11.966902501736781
 10
100.500832
 20
-11.968104
 10
100.50109375723659
 20
-11.968414769394057
 10
100.501318
 20
-11.968681
 10
100.50162930798919
 20
-11.968943834426863
 10
100.501896
 20
-11.969169
 10
100.50329796314165
 20
-11.969616033963721
 10
100.504499
 20
-11.969999
 10
100.6450734079506
 20
-11.969999
 10
100.765501
 20
-11.969999
 10
100.76690350173678
 20
-11.96955196603628
 10
100.76810499999999
 20
-11.969169
 10
100.76841576939405
 20
-11.968906165573138
 10
100.768682
 20
-11.968681
 10
100.76890670416827
 20
-11.968414769394057
 10
100.769169
 20
-11.968104
 10
100.76955242744114
 20
-11.966902501736781
 10
100.77
 20
-11.9655
 10
100.77
 20
-11.905055501543805
 10
100.77
 20
-11.834499
 10
100.76961657255886
 20
-11.83329750173678
 10
100.769169
 20
-11.831895
 10
100.76894429583173
 20
-11.831628769394056
 10
100.768682
 20
-11.831318
 10
100.76841576939405
 20
-11.831093295831725
 10
100.76810499999999
 20
-11.830831
 10
100.76690350173678
 20
-11.830447572558857
 10
100.765501
 20
-11.83
 10
100.6450734079506
 20
-11.83
 10
100.504499
 20
-11.83
 10
100.50329796314165
 20
-11.830383427441143
 10
100.501896
 20
-11.830831
 10
100.50162930798919
 20
-11.831055704168275
 10
100.501318
 20
-11.831318
 10
100.50105624276341
 20
-11.831628769394056
  0
LWPOLYLINE
  5
3ED
330
17
100
AcDbEntity
  8
CORTE
100
AcDbPolyline
 90
41
 70
1
 10
101.67105516557314
 20
-11.831628769394056
 10
101.67083
 20
-11.831895
 10
101.67038188884601
 20
-11.83329750173678
 10
101.66999799999999
 20
-11.834499
 10
101.66999799999999
 20
-11.905055501543805
 10
101.66999799999999
 20
-11.9655
 10
101.67044611115399
 20
-11.966902501736781
 10
101.67083
 20
-11.968104
 10
101.67109283442686
 20
-11.968414769394057
 10
101.671318
 20
-11.968681
 10
101.67162823079892
 20
-11.968943834426863
 10
101.67189400000001
 20
-11.969169
 10
101.67329757892705
 20
-11.969616033963721
 10
101.6745
 20
-11.969999
 10
101.84738850038595
 20
-11.969999
 10
101.995499
 20
-11.969999
 10
101.99690204033192
 20
-11.96955196603628
 10
101.998104
 20
-11.969169
 10
101.99841423079891
 20
-11.968906165573138
 10
101.99868000000001
 20
-11.968681
 10
101.99890516557313
 20
-11.968414769394057
 10
101.999168
 20
-11.968104
 10
101.99955188884601
 20
-11.966902501736781
 10
102.0
 20
-11.9655
 10
102.0
 20
-11.905055501543805
 10
102.0
 20
-11.834499
 10
101.999616111154
 20
-11.83329750173678
 10
101.999168
 20
-11.831895
 10
101.99894283442686
 20
-11.831628769394056
 10
101.99868000000001
 20
-11.831318
 10
101.99841423079891
 20
-11.831093295831725
 10
101.998104
 20
-11.830831
 10
101.99690204033192
 20
-11.830447572558857
 10
101.995499
 20
-11.83
 10
101.84738850038595
 20
-11.83
 10
101.6745
 20
-11.83
 10
101.67329757892705
 20
-11.830383427441143
 10
101.67189400000001
 20
-11.830831
 10
101.67162823079892
 20
-11.831055704168275
 10
101.671318
 20
-11.831318
 10
101.67105516557314
 20
-11.831628769394056
  0
LWPOLYLINE
  5
3EE
330
17
100
AcDbEntity
  8
VISTA
100
AcDbPolyline
 90
41
 70
1
 10
101.58626816267832
 20
-12.761680941325357
 10
101.586472
 20
-12.761853
 10
101.5875787811781
 20
-12.762205728485965
 10
101.588499
 20
-12.762499
 10
101.60924664242982
 20
-12.762499
 10
101.626497
 20
-12.762499
 10
101.62760432719742
 20
-12.762146271514036
 10
101.628525
 20
-12.761853
 10
101.628769616659
 20
-12.761646058674643
 10
101.628973
 20
-12.761474
 10
101.62918048734468
 20
-12.761228837321674
 10
101.629353
 20
-12.761025
 10
101.62970463644731
 20
-12.759918764841233
 10
101.629997
 20
-12.758999
 10
101.629997
 20
-12.31508528624022
 10
101.629997
 20
-11.945999
 10
101.6296453635527
 20
-11.944892764841233
 10
101.629353
 20
-11.943973
 10
101.62914551265531
 20
-11.943727837321674
 10
101.628973
 20
-11.943524
 10
101.628769616659
 20
-11.943351941325357
 10
101.628525
 20
-11.943145
 10
101.62760432719742
 20
-11.942851728485964
 10
101.626497
 20
-11.942499
 10
101.60924664242982
 20
-11.942499
 10
101.588499
 20
-11.942499
 10
101.5875787811781
 20
-11.942792271514035
 10
101.586472
 20
-11.943145
 10
101.58626816267832
 20
-11.943317058674642
 10
101.586023
 20
-11.943524
 10
101.58585094132536
 20
-11.943727837321674
 10
101.585644
 20
-11.943973
 10
101.58535118246664
 20
-11.944892764841233
 10
101.584999
 20
-11.945999
 10
101.584999
 20
-12.31508528624022
 10
101.584999
 20
-12.758999
 10
101.58529181753336
 20
-12.759918764841233
 10
101.585644
 20
-12.761025
 10
101.58581605867464
 20
-12.761228837321674
 10
101.586023
 20
-12.761474
 10
101.58626816267832
 20
-12.761680941325357
  0
LWPOLYLINE
  5
3EF
330
17
100
AcDbEntity
  8
VISTA
100
AcDbPolyline
 90
41
 70
1
 10
100.76539559293512
 20
-11.865618801858703
 10
100.765314
 20
-11.865716
 10
100.76513944685554
 20
-11.86626127077506
 10
100.764999
 20
-11.8667
 10
100.764999
 20
-11.925771000631597
 10
100.764999
 20
-11.9733
 10
100.76517355314445
 20
-11.973845270775062
 10
100.765314
 20
-11.974284
 10
100.76541540706488
 20
-11.97440535599567
 10
100.765497
 20
-11.974503
 10
100.76561891013263
 20
-11.974604961201841
 10
100.765717
 20
-11.974687
 10
100.76626227077506
 20
-11.974860444870522
 10
100.766701
 20
-11.975
 10
100.7869813047009
 20
-11.975
 10
100.803299
 20
-11.975
 10
100.80384427077506
 20
-11.974826555129477
 10
100.804283
 20
-11.974687
 10
100.80440435599567
 20
-11.974585038798159
 10
100.804502
 20
-11.974503
 10
100.80458403879815
 20
-11.97440535599567
 10
100.804686
 20
-11.974284
 10
100.8048260009925
 20
-11.973845270775062
 10
100.805
 20
-11.9733
 10
100.805
 20
-11.925771000631597
 10
100.805
 20
-11.8667
 10
100.80485999900749
 20
-11.86626127077506
 10
100.804686
 20
-11.865716
 10
100.80460396120185
 20
-11.865618801858703
 10
100.804502
 20
-11.865498
 10
100.80440435599567
 20
-11.86541596120184
 10
100.804283
 20
-11.865314
 10
100.80384427077506
 20
-11.865173999007489
 10
100.803299
 20
-11.865
 10
100.7869813047009
 20
-11.865
 10
100.766701
 20
-11.865
 10
100.76626227077506
 20
-11.865140000992511
 10
100.765717
 20
-11.865314
 10
100.76561891013263
 20
-11.86539603879816
 10
100.765497
 20
-11.865498
 10
100.76539559293512
 20
-11.865618801858703
  0
LWPOLYLINE
  5
3F0
330
17
100
AcDbEntity
  8
VISTA
100
AcDbPolyline
 90
41
 70
1
 10
101.63539659293512
 20
-11.865618801858703
 10
101.63531499999999
 20
-11.865716
 10
101.63514044685554
 20
-11.86626127077506
 10
101.635
 20
-11.8667
 10
101.635
 20
-11.925771000631597
 10
101.635
 20
-11.9733
 10
101.63517455314445
 20
-11.973845270775062
 10
101.63531499999999
 20
-11.974284
 10
101.63541640706487
 20
-11.97440535599567
 10
101.635498
 20
-11.974503
 10
101.63561935599567
 20
-11.974604961201841
 10
101.635717
 20
-11.974687
 10
101.63626282491202
 20
-11.974860444870522
 10
101.636702
 20
-11.975
 10
101.65698230470089
 20
-11.975
 10
101.6733
 20
-11.975
 10
101.67384527077506
 20
-11.974826555129477
 10
101.674284
 20
-11.974687
 10
101.67440535599567
 20
-11.974585038798159
 10
101.674503
 20
-11.974503
 10
101.67458459293513
 20
-11.97440535599567
 10
101.67468600000001
 20
-11.974284
 10
101.67482644685555
 20
-11.973845270775062
 10
101.67500100000001
 20
-11.9733
 10
101.67500100000001
 20
-11.925771000631597
 10
101.67500100000001
 20
-11.8667
 10
101.67486055314446
 20
-11.86626127077506
 10
101.67468600000001
 20
-11.865716
 10
101.67460440706488
 20
-11.865618801858703
 10
101.674503
 20
-11.865498
 10
101.67440535599567
 20
-11.86541596120184
 10
101.674284
 20
-11.865314
 10
101.67384527077506
 20
-11.865173999007489
 10
101.6733
 20
-11.865
 10
101.65698230470089
 20
-11.865
 10
101.636702
 20
-11.865
 10
101.63626282491202
 20
-11.865140000992511
 10
101.635717
 20
-11.865314
 10
101.63561935599567
 20
-11.86539603879816
 10
101.635498
 20
-11.865498
 10
101.63539659293512
 20
-11.865618801858703
  0
LWPOLYLINE
  5
3F1
330
17
100
AcDbEntity
  8
VISTA
100
AcDbPolyline
 90
13
 70
1
 10
98.642002
 20
-8.260002
 10
98.63806378619876
 20
-8.253249276068788
 10
98.636002
 20
-8.249677918741522
 10
98.6281255723975
 20
-8.249677918741522
 10
98.624002
 20
-8.249677918741522
 10
98.62008895652174
 20
-8.256387043478261
 10
98.618002
 20
-8.260002
 10
98.62189019285437
 20
-8.266667658616669
 10
98.624002
 20
-8.27032495662505
 10
98.63177838570873
 20
-8.27032495662505
 10
98.636002
 20
-8.27032495662505
 10
98.63991504347825
 20
-8.263616260869565
 10
98.642002
 20
-8.260002
  0
LWPOLYLINE
  5
3F2
330
17
100
AcDbEntity
  8
VISTA
100
AcDbPolyline
 90
25
 70
1
 10
93.663011
 20
-0.534279
 10
93.670418
 20
-0.521979
 10
93.674388
 20
-0.508181
 10
93.674652
 20
-0.493826
 10
93.671192
 20
-0.479891
 10
93.664243
 20
-0.467327
 10
93.654279
 20
-0.456989
 10
93.64197899999999
 20
-0.449582
 10
93.628181
 20
-0.445612
 10
93.613826
 20
-0.445348
 10
93.599891
 20
-0.448808
 10
93.587326
 20
-0.455757
 10
93.576989
 20
-0.465721
 10
93.569582
 20
-0.478021
 10
93.565612
 20
-0.491819
 10
93.565348
 20
-0.506174
 10
93.568808
 20
-0.520109
 10
93.575757
 20
-0.532673
 10
93.585721
 20
-0.543011
 10
93.598021
 20
-0.550417850040318
 10
93.611819
 20
-0.554388
 10
93.626174
 20
-0.554652
 10
93.640109
 20
-0.551192
 10
93.652674
 20
-0.544243
 10
93.663011
 20
-0.534279
  0
LWPOLYLINE
  5
3F3
330
17
100
AcDbEntity
  8
VISTA
100
AcDbPolyline
 90
25
 70
1
 10
101.794235
 20
-12.293126
 10
101.807501
 20
-12.287631
 10
101.818892
 20
-12.278891
 10
101.82763299999999
 20
-12.2675
 10
101.833126
 20
-12.254234
 10
101.835001
 20
-12.24
 10
101.833126
 20
-12.225764
 10
101.82763299999999
 20
-12.2125
 10
101.818892
 20
-12.201109
 10
101.807501
 20
-12.192369
 10
101.794235
 20
-12.186873
 10
101.780001
 20
-12.184999
 10
101.765766
 20
-12.186873
 10
101.752501
 20
-12.192369
 10
101.74110999999999
 20
-12.201109
 10
101.73236800000001
 20
-12.2125
 10
101.726875
 20
-12.225765
 10
101.725
 20
-12.24
 10
101.726875
 20
-12.254235
 10
101.73236800000001
 20
-12.2675
 10
101.74110999999999
 20
-12.278891
 10
101.752501
 20
-12.287631
 10
101.765766
 20
-12.293126
 10
101.780001
 20
-12.295
 10
101.794235
 20
-12.293126
  0
LINE
  5
3F4
330
17
100
AcDbEntity
  8
VISTA
100
AcDbLine
 10
101.39564745699455
 20
-0.246
 30
0.0
 11
101.11529311475824
 21
-0.246
 31
0.0
  0
LINE
  5
3F5
330
17
100
AcDbEntity
  8
VISTA
100
AcDbLine
 10
100.09853929811746
 20
-0.246
 30
0.0
 11
100.49389188360867
 21
-0.246
 31
0.0
  0
LINE
  5
3F6
330
17
100
AcDbEntity
  8
VISTA
100
AcDbLine
 10
99.37599900000001
 20
-0.246
 30
0.0
 11
100.09853929811746
 21
-0.246
 31
0.0
  0
LINE
  5
3F7
330
17
100
AcDbEntity
  8
VISTA
100
AcDbLine
 10
99.378
 20
-0.248
 30
0.0
 11
100.59562390702486
 21
-0.248
 31
0.0
  0
LINE
  5
3F8
330
17
100
AcDbEntity
  8
VISTA
100
AcDbLine
 10
101.3954642804039
 20
-0.248
 30
0.0
 11
101.11529311475824
 21
-0.248
 31
0.0
  0
LINE
  5
3F9
330
17
100
AcDbEntity
  8
VISTA
100
AcDbLine
 10
101.813999
 20
-0.246
 30
0.0
 11
101.813999
 21
-1.824
 31
0.0
  0
LINE
  5
3FA
330
17
100
AcDbEntity
  8
VISTA
100
AcDbLine
 10
101.812
 20
-1.822
 30
0.0
 11
101.812
 21
-0.248
 31
0.0
  0
LINE
  5
3FB
330
17
100
AcDbEntity
  8
VISTA
100
AcDbLine
 10
101.813999
 20
-1.824
 30
0.0
 11
99.37599900000001
 21
-1.824
 31
0.0
  0
LINE
  5
3FC
330
17
100
AcDbEntity
  8
VISTA
100
AcDbLine
 10
99.378
 20
-1.822
 30
0.0
 11
101.812
 21
-1.822
 31
0.0
  0
LINE
  5
3FD
330
17
100
AcDbEntity
  8
VISTA
100
AcDbLine
 10
99.37599900000001
 20
-0.36
 30
0.0
 11
99.378
 21
-0.36
 31
0.0
  0
LINE
  5
3FE
330
17
100
AcDbEntity
  8
VISTA
100
AcDbLine
 10
99.37599900000001
 20
-1.36
 30
0.0
 11
99.378
 21
-1.36
 31
0.0
  0
LINE
  5
3FF
330
17
100
AcDbEntity
  8
VISTA
100
AcDbLine
 10
101.3954642804039
 20
-0.248
 30
0.0
 11
101.11529311475824
 21
-0.248
 31
0.0
  0
LINE
  5
400
330
17
100
AcDbEntity
  8
VISTA
100
AcDbLine
 10
100.09893757029732
 20
-0.248
 30
0.0
 11
100.49389188360867
 21
-0.248
 31
0.0
  0
LINE
  5
401
330
17
100
AcDbEntity
  8
VISTA
100
AcDbLine
 10
99.378
 20
-0.248
 30
0.0
 11
100.09893757029732
 21
-0.248
 31
0.0
  0
LINE
  5
402
330
17
100
AcDbEntity
  8
VISTA
100
AcDbLine
 10
99.382
 20
-0.252
 30
0.0
 11
100.59562390702486
 21
-0.252
 31
0.0
  0
LINE
  5
403
330
17
100
AcDbEntity
  8
VISTA
100
AcDbLine
 10
101.39509783558847
 20
-0.252
 30
0.0
 11
101.11529311475824
 21
-0.252
 31
0.0
  0
LINE
  5
404
330
17
100
AcDbEntity
  8
VISTA
100
AcDbLine
 10
101.812
 20
-0.248
 30
0.0
 11
101.812
 21
-1.822
 31
0.0
  0
LINE
  5
405
330
17
100
AcDbEntity
  8
VISTA
100
AcDbLine
 10
101.808001
 20
-1.818
 30
0.0
 11
101.808001
 21
-0.252
 31
0.0
  0
LINE
  5
406
330
17
100
AcDbEntity
  8
VISTA
100
AcDbLine
 10
101.812
 20
-1.822
 30
0.0
 11
99.378
 21
-1.822
 31
0.0
  0
LINE
  5
407
330
17
100
AcDbEntity
  8
VISTA
100
AcDbLine
 10
99.382
 20
-1.818
 30
0.0
 11
101.808001
 21
-1.818
 31
0.0
  0
LINE
  5
408
330
17
100
AcDbEntity
  8
VISTA
100
AcDbLine
 10
99.378
 20
-0.36
 30
0.0
 11
99.382
 21
-0.36
 31
0.0
  0
LINE
  5
409
330
17
100
AcDbEntity
  8
VISTA
100
AcDbLine
 10
99.378
 20
-1.36
 30
0.0
 11
99.382
 21
-1.36
 31
0.0
  0
LWPOLYLINE
  5
40A
330
17
100
AcDbEntity
  8
VISTA
100
AcDbPolyline
 90
5
 70
1
 10
99.386999
 20
-0.357
 10
99.386999
 20
-0.36
 10
99.389999
 20
-0.36
 10
99.389999
 20
-0.357
 10
99.386999
 20
-0.357
  0
LWPOLYLINE
  5
40B
330
17
100
AcDbEntity
  8
VISTA
100
AcDbPolyline
 90
5
 70
1
 10
99.386999
 20
-1.36
 10
99.386999
 20
-1.363
 10
99.389999
 20
-1.363
 10
99.389999
 20
-1.36
 10
99.386999
 20
-1.36
  0
LWPOLYLINE
  5
40C
330
17
100
AcDbEntity
  8
VISTA
100
AcDbPolyline
 90
5
 70
1
 10
99.392
 20
-0.252
 10
99.392
 20
-0.26
 10
99.694
 20
-0.26
 10
99.694
 20
-0.252
 10
99.392
 20
-0.252
  0
LWPOLYLINE
  5
40D
330
17
100
AcDbEntity
  8
VISTA
100
AcDbPolyline
 90
5
 70
1
 10
99.695999
 20
-0.252
 10
99.695999
 20
-0.26
 10
100.29400100000001
 20
-0.26
 10
100.29400100000001
 20
-0.252
 10
99.695999
 20
-0.252
  0
LWPOLYLINE
  5
40E
330
17
100
AcDbEntity
  8
VISTA
100
AcDbPolyline
 90
5
 70
1
 10
100.29599999999999
 20
-0.252
 10
100.29599999999999
 20
-0.26
 10
100.89399900000001
 20
-0.26
 10
100.89399900000001
 20
-0.252
 10
100.29599999999999
 20
-0.252
  0
LWPOLYLINE
  5
40F
330
17
100
AcDbEntity
  8
VISTA
100
AcDbPolyline
 90
7
 70
1
 10
99.389999
 20
-0.357
 10
99.389999
 20
-0.262
 10
99.382
 20
-0.262
 10
99.382
 20
-0.36
 10
99.386999
 20
-0.36
 10
99.386999
 20
-0.357
 10
99.389999
 20
-0.357
  0
LWPOLYLINE
  5
410
330
17
100
AcDbEntity
  8
VISTA
100
AcDbPolyline
 90
7
 70
1
 10
99.382
 20
-1.36
 10
99.382
 20
-1.459
 10
99.389999
 20
-1.459
 10
99.389999
 20
-1.363
 10
99.386999
 20
-1.363
 10
99.386999
 20
-1.36
 10
99.382
 20
-1.36
  0
LWPOLYLINE
  5
411
330
17
100
AcDbEntity
  8
VISTA
100
AcDbPolyline
 90
5
 70
1
 10
99.382
 20
-1.461
 10
99.382
 20
-1.808
 10
99.389999
 20
-1.808
 10
99.389999
 20
-1.461
 10
99.382
 20
-1.461
  0
LWPOLYLINE
  5
412
330
17
100
AcDbEntity
  8
VISTA
100
AcDbPolyline
 90
5
 70
1
 10
99.392
 20
-1.81
 10
99.392
 20
-1.818
 10
99.694
 20
-1.818
 10
99.694
 20
-1.81
 10
99.392
 20
-1.81
  0
LWPOLYLINE
  5
413
330
17
100
AcDbEntity
  8
VISTA
100
AcDbPolyline
 90
5
 70
1
 10
99.695999
 20
-1.81
 10
99.695999
 20
-1.818
 10
100.29400100000001
 20
-1.818
 10
100.29400100000001
 20
-1.81
 10
99.695999
 20
-1.81
  0
LWPOLYLINE
  5
414
330
17
100
AcDbEntity
  8
VISTA
100
AcDbPolyline
 90
7
 70
1
 10
101.493999
 20
-0.26
 10
101.493999
 20
-0.252
 10
101.42940467678065
 20
-0.252
 10
100.896
 20
-0.252
 10
100.896
 20
-0.26
 10
101.42940467678065
 20
-0.26
 10
101.493999
 20
-0.26
  0
LWPOLYLINE
  5
415
330
17
100
AcDbEntity
  8
VISTA
100
AcDbPolyline
 90
5
 70
1
 10
101.496
 20
-0.252
 10
101.496
 20
-0.26
 10
101.798
 20
-0.26
 10
101.798
 20
-0.252
 10
101.496
 20
-0.252
  0
LWPOLYLINE
  5
416
330
17
100
AcDbEntity
  8
VISTA
100
AcDbPolyline
 90
5
 70
1
 10
101.799999
 20
-0.262
 10
101.799999
 20
-0.859
 10
101.808001
 20
-0.859
 10
101.808001
 20
-0.262
 10
101.799999
 20
-0.262
  0
LWPOLYLINE
  5
417
330
17
100
AcDbEntity
  8
VISTA
100
AcDbPolyline
 90
5
 70
1
 10
101.799999
 20
-0.861
 10
101.799999
 20
-1.459
 10
101.808001
 20
-1.459
 10
101.808001
 20
-0.861
 10
101.799999
 20
-0.861
  0
LWPOLYLINE
  5
418
330
17
100
AcDbEntity
  8
VISTA
100
AcDbPolyline
 90
5
 70
1
 10
101.799999
 20
-1.461
 10
101.799999
 20
-1.808
 10
101.808001
 20
-1.808
 10
101.808001
 20
-1.461
 10
101.799999
 20
-1.461
  0
LWPOLYLINE
  5
419
330
17
100
AcDbEntity
  8
VISTA
100
AcDbPolyline
 90
5
 70
1
 10
100.29599999999999
 20
-1.81
 10
100.29599999999999
 20
-1.818
 10
100.89399900000001
 20
-1.818
 10
100.89399900000001
 20
-1.81
 10
100.29599999999999
 20
-1.81
  0
LWPOLYLINE
  5
41A
330
17
100
AcDbEntity
  8
VISTA
100
AcDbPolyline
 90
5
 70
1
 10
100.896
 20
-1.81
 10
100.896
 20
-1.818
 10
101.493999
 20
-1.818
 10
101.493999
 20
-1.81
 10
100.896
 20
-1.81
  0
LWPOLYLINE
  5
41B
330
17
100
AcDbEntity
  8
VISTA
100
AcDbPolyline
 90
5
 70
1
 10
101.496
 20
-1.81
 10
101.496
 20
-1.818
 10
101.798
 20
-1.818
 10
101.798
 20
-1.81
 10
101.496
 20
-1.81
  0
LWPOLYLINE
  5
41C
330
17
100
AcDbEntity
  8
VISTA
100
AcDbPolyline
 90
5
 70
1
 10
99.695999
 20
-0.252
 10
99.694
 20
-0.252
 10
99.694
 20
-0.26
 10
99.695999
 20
-0.26
 10
99.695999
 20
-0.252
  0
LWPOLYLINE
  5
41D
330
17
100
AcDbEntity
  8
VISTA
100
AcDbPolyline
 90
5
 70
1
 10
100.29599999999999
 20
-0.252
 10
100.29400100000001
 20
-0.252
 10
100.29400100000001
 20
-0.26
 10
100.29599999999999
 20
-0.26
 10
100.29599999999999
 20
-0.252
  0
LWPOLYLINE
  5
41E
330
17
100
AcDbEntity
  8
VISTA
100
AcDbPolyline
 90
5
 70
1
 10
100.896
 20
-0.252
 10
100.89399900000001
 20
-0.252
 10
100.89399900000001
 20
-0.26
 10
100.896
 20
-0.26
 10
100.896
 20
-0.252
  0
LWPOLYLINE
  5
41F
330
17
100
AcDbEntity
  8
VISTA
100
AcDbPolyline
 90
5
 70
1
 10
99.382
 20
-1.459
 10
99.382
 20
-1.461
 10
99.389999
 20
-1.461
 10
99.389999
 20
-1.459
 10
99.382
 20
-1.459
  0
LWPOLYLINE
  5
420
330
17
100
AcDbEntity
  8
VISTA
100
AcDbPolyline
 90
5
 70
1
 10
99.694
 20
-1.81
 10
99.694
 20
-1.818
 10
99.695999
 20
-1.818
 10
99.695999
 20
-1.81
 10
99.694
 20
-1.81
  0
LWPOLYLINE
  5
421
330
17
100
AcDbEntity
  8
VISTA
100
AcDbPolyline
 90
5
 70
1
 10
100.29599999999999
 20
-1.81
 10
100.29400100000001
 20
-1.81
 10
100.29400100000001
 20
-1.818
 10
100.29599999999999
 20
-1.818
 10
100.29599999999999
 20
-1.81
  0
LWPOLYLINE
  5
422
330
17
100
AcDbEntity
  8
VISTA
100
AcDbPolyline
 90
5
 70
1
 10
101.493999
 20
-0.252
 10
101.493999
 20
-0.26
 10
101.496
 20
-0.26
 10
101.496
 20
-0.252
 10
101.493999
 20
-0.252
  0
LWPOLYLINE
  5
423
330
17
100
AcDbEntity
  8
VISTA
100
AcDbPolyline
 90
5
 70
1
 10
101.799999
 20
-0.859
 10
101.799999
 20
-0.861
 10
101.808001
 20
-0.861
 10
101.808001
 20
-0.859
 10
101.799999
 20
-0.859
  0
LWPOLYLINE
  5
424
330
17
100
AcDbEntity
  8
VISTA
100
AcDbPolyline
 90
5
 70
1
 10
101.808001
 20
-1.459
 10
101.799999
 20
-1.459
 10
101.799999
 20
-1.461
 10
101.808001
 20
-1.461
 10
101.808001
 20
-1.459
  0
LWPOLYLINE
  5
425
330
17
100
AcDbEntity
  8
VISTA
100
AcDbPolyline
 90
5
 70
1
 10
100.89399900000001
 20
-1.81
 10
100.89399900000001
 20
-1.818
 10
100.896
 20
-1.818
 10
100.896
 20
-1.81
 10
100.89399900000001
 20
-1.81
  0
LWPOLYLINE
  5
426
330
17
100
AcDbEntity
  8
VISTA
100
AcDbPolyline
 90
5
 70
1
 10
101.493999
 20
-1.81
 10
101.493999
 20
-1.818
 10
101.496
 20
-1.818
 10
101.496
 20
-1.81
 10
101.493999
 20
-1.81
  0
LWPOLYLINE
  5
427
330
17
100
AcDbEntity
  8
VISTA
100
AcDbPolyline
 90
7
 70
1
 10
99.382
 20
-0.252
 10
99.382
 20
-0.262
 10
99.389999
 20
-0.262
 10
99.389999
 20
-0.26
 10
99.392
 20
-0.26
 10
99.392
 20
-0.252
 10
99.382
 20
-0.252
  0
LWPOLYLINE
  5
428
330
17
100
AcDbEntity
  8
VISTA
100
AcDbPolyline
 90
7
 70
1
 10
99.392
 20
-1.818
 10
99.392
 20
-1.81
 10
99.389999
 20
-1.81
 10
99.389999
 20
-1.808
 10
99.382
 20
-1.808
 10
99.382
 20
-1.818
 10
99.392
 20
-1.818
  0
LWPOLYLINE
  5
429
330
17
100
AcDbEntity
  8
VISTA
100
AcDbPolyline
 90
7
 70
1
 10
101.798
 20
-0.252
 10
101.798
 20
-0.26
 10
101.799999
 20
-0.26
 10
101.799999
 20
-0.262
 10
101.808001
 20
-0.262
 10
101.808001
 20
-0.252
 10
101.798
 20
-0.252
  0
LWPOLYLINE
  5
42A
330
17
100
AcDbEntity
  8
VISTA
100
AcDbPolyline
 90
7
 70
1
 10
101.808001
 20
-1.818
 10
101.808001
 20
-1.808
 10
101.799999
 20
-1.808
 10
101.799999
 20
-1.81
 10
101.798
 20
-1.81
 10
101.798
 20
-1.818
 10
101.808001
 20
-1.818
  0
LWPOLYLINE
  5
42B
330
17
100
AcDbEntity
  8
VISTA
100
AcDbPolyline
 90
5
 70
1
 10
100.55302286631716
 20
-0.26
 10
100.52697913368283
 20
-0.26
 10
100.52697913368283
 20
-0.33
 10
100.55302286631716
 20
-0.33
 10
100.55302286631716
 20
-0.26
  0
LWPOLYLINE
  5
42C
330
17
100
AcDbEntity
  8
VISTA
100
AcDbPolyline
 90
14
 70
1
 10
100.541985
 20
-0.286527
 10
100.538017
 20
-0.293473
 10
100.539455
 20
-0.2941388571428572
 10
100.540931
 20
-0.2945208571428571
 10
100.542343
 20
-0.29459657142857143
 10
100.543597
 20
-0.2943578571428571
 10
100.54460408334523
 20
-0.29382290476870776
 10
100.545298
 20
-0.29302671428571425
 10
100.54563008334523
 20
-0.29202490476870774
 10
100.545581
 20
-0.29088578239999996
 10
100.54515093897143
 20
-0.2896845714285714
 10
100.54436799999999
 20
-0.2885058571428571
 10
100.543289
 20
-0.2874288571428572
 10
100.541985
 20
-0.286527
  0
LWPOLYLINE
  5
42D
330
17
100
AcDbEntity
  8
VISTA
100
AcDbPolyline
 90
5
 70
1
 10
101.00802286631716
 20
-10.17
 10
100.98197913368283
 20
-10.17
 10
100.98197913368283
 20
-10.24
 10
101.00802286631716
 20
-10.24
 10
101.00802286631716
 20
-10.17
  0
LWPOLYLINE
  5
42E
330
17
100
AcDbEntity
  8
VISTA
100
AcDbPolyline
 90
14
 70
1
 10
100.996984
 20
-10.196527
 10
100.993017
 20
-10.203473
 10
100.994455
 20
-10.204137879485714
 10
100.995931
 20
-10.204520900285715
 10
100.997343
 20
-10.204596571428572
 10
100.998597
 20
-10.204357857142858
 10
100.99960408334525
 20
-10.203821988113946
 10
101.000298
 20
-10.203026714285715
 10
101.00063008334524
 20
-10.202023988113947
 10
101.000581
 20
-10.200884931885714
 10
101.00015
 20
-10.199684632457142
 10
100.999368
 20
-10.198504900285714
 10
100.998289
 20
-10.197428879485715
 10
100.996984
 20
-10.196527
  0
LWPOLYLINE
  5
42F
330
17
100
AcDbEntity
  8
VISTA
100
AcDbPolyline
 90
5
 70
1
 10
100.89399900000001
 20
-0.266
 10
100.89399900000001
 20
-0.766
 10
100.906
 20
-0.766
 10
100.906
 20
-0.266
 10
100.89399900000001
 20
-0.266
  0
LWPOLYLINE
  5
430
330
17
100
AcDbEntity
  8
CORTE
100
AcDbPolyline
 90
5
 70
1
 10
100.889
 20
-0.26
 10
100.889
 20
-0.263
 10
100.910999
 20
-0.263
 10
100.910999
 20
-0.26
 10
100.889
 20
-0.26
  0
LWPOLYLINE
  5
431
330
17
100
AcDbEntity
  8
CORTE
100
AcDbPolyline
 90
5
 70
1
 10
100.889
 20
-0.263
 10
100.889
 20
-0.286
 10
100.892
 20
-0.286
 10
100.892
 20
-0.263
 10
100.889
 20
-0.263
  0
LWPOLYLINE
  5
432
330
17
100
AcDbEntity
  8
CORTE
100
AcDbPolyline
 90
5
 70
1
 10
100.908001
 20
-0.263
 10
100.908001
 20
-0.286
 10
100.910999
 20
-0.286
 10
100.910999
 20
-0.263
 10
100.908001
 20
-0.263
  0
LWPOLYLINE
  5
433
330
17
100
AcDbEntity
  8
VISTA
100
AcDbPolyline
 90
5
 70
1
 10
96.029999
 20
-6.2005
 10
96.029999
 20
-6.2025
 10
96.041998
 20
-6.2025
 10
96.041998
 20
-6.2005
 10
96.029999
 20
-6.2005
  0
LWPOLYLINE
  5
434
330
17
100
AcDbEntity
  8
VISTA
100
AcDbPolyline
 90
5
 70
1
 10
97.157999
 20
-6.2005
 10
97.157999
 20
-6.2025
 10
97.16999799999999
 20
-6.2025
 10
97.16999799999999
 20
-6.2005
 10
97.157999
 20
-6.2005
  0
LWPOLYLINE
  5
435
330
17
100
AcDbEntity
  8
VISTA
100
AcDbPolyline
 90
5
 70
1
 10
96.029999
 20
-6.2115
 10
96.029999
 20
-6.2135
 10
96.041998
 20
-6.2135
 10
96.041998
 20
-6.2115
 10
96.029999
 20
-6.2115
  0
LWPOLYLINE
  5
436
330
17
100
AcDbEntity
  8
VISTA
100
AcDbPolyline
 90
5
 70
1
 10
97.157999
 20
-6.2115
 10
97.157999
 20
-6.2135
 10
97.16999799999999
 20
-6.2135
 10
97.16999799999999
 20
-6.2115
 10
97.157999
 20
-6.2115
  0
LWPOLYLINE
  5
437
330
17
100
AcDbEntity
  8
VISTA
100
AcDbPolyline
 90
5
 70
1
 10
96.031708
 20
-6.226501
 10
96.031708
 20
-6.2285
 10
96.043707
 20
-6.2285
 10
96.043707
 20
-6.226501
 10
96.031708
 20
-6.226501
  0
LWPOLYLINE
  5
438
330
17
100
AcDbEntity
  8
VISTA
100
AcDbPolyline
 90
5
 70
1
 10
97.15629
 20
-6.226501
 10
97.15629
 20
-6.2285
 10
97.168289
 20
-6.2285
 10
97.168289
 20
-6.226501
 10
97.15629
 20
-6.226501
  0
LWPOLYLINE
  5
439
330
17
100
AcDbEntity
  8
VISTA
100
AcDbPolyline
 90
5
 70
1
 10
96.031708
 20
-6.2375
 10
96.031708
 20
-6.2395
 10
96.043707
 20
-6.2395
 10
96.043707
 20
-6.2375
 10
96.031708
 20
-6.2375
  0
LWPOLYLINE
  5
43A
330
17
100
AcDbEntity
  8
VISTA
100
AcDbPolyline
 90
5
 70
1
 10
97.15629
 20
-6.2375
 10
97.15629
 20
-6.2395
 10
97.168289
 20
-6.2395
 10
97.168289
 20
-6.2375
 10
97.15629
 20
-6.2375
  0
LWPOLYLINE
  5
43B
330
17
100
AcDbEntity
  8
VISTA
100
AcDbPolyline
 90
5
 70
1
 10
96.031708
 20
-6.2135
 10
96.031708
 20
-6.226501
 10
96.037708
 20
-6.226501
 10
96.037708
 20
-6.2135
 10
96.031708
 20
-6.2135
  0
LWPOLYLINE
  5
43C
330
17
100
AcDbEntity
  8
VISTA
100
AcDbPolyline
 90
5
 70
1
 10
97.162289
 20
-6.2135
 10
97.162289
 20
-6.226501
 10
97.168289
 20
-6.226501
 10
97.168289
 20
-6.2135
 10
97.162289
 20
-6.2135
  0
LWPOLYLINE
  5
43D
330
17
100
AcDbEntity
  8
VISTA
100
AcDbPolyline
 90
5
 70
1
 10
98.83000200000001
 20
-6.2005
 10
98.83000200000001
 20
-6.2025
 10
98.842001
 20
-6.2025
 10
98.842001
 20
-6.2005
 10
98.83000200000001
 20
-6.2005
  0
LWPOLYLINE
  5
43E
330
17
100
AcDbEntity
  8
VISTA
100
AcDbPolyline
 90
5
 70
1
 10
99.958002
 20
-6.2005
 10
99.958002
 20
-6.2025
 10
99.970001
 20
-6.2025
 10
99.970001
 20
-6.2005
 10
99.958002
 20
-6.2005
  0
LWPOLYLINE
  5
43F
330
17
100
AcDbEntity
  8
VISTA
100
AcDbPolyline
 90
5
 70
1
 10
98.83000200000001
 20
-6.2115
 10
98.83000200000001
 20
-6.2135
 10
98.842001
 20
-6.2135
 10
98.842001
 20
-6.2115
 10
98.83000200000001
 20
-6.2115
  0
LWPOLYLINE
  5
440
330
17
100
AcDbEntity
  8
VISTA
100
AcDbPolyline
 90
5
 70
1
 10
99.958002
 20
-6.2115
 10
99.958002
 20
-6.2135
 10
99.970001
 20
-6.2135
 10
99.970001
 20
-6.2115
 10
99.958002
 20
-6.2115
  0
LWPOLYLINE
  5
441
330
17
100
AcDbEntity
  8
VISTA
100
AcDbPolyline
 90
5
 70
1
 10
98.831711
 20
-6.226501
 10
98.831711
 20
-6.2285
 10
98.84371
 20
-6.2285
 10
98.84371
 20
-6.226501
 10
98.831711
 20
-6.226501
  0
LWPOLYLINE
  5
442
330
17
100
AcDbEntity
  8
VISTA
100
AcDbPolyline
 90
5
 70
1
 10
99.956293
 20
-6.226501
 10
99.956293
 20
-6.2285
 10
99.968292
 20
-6.2285
 10
99.968292
 20
-6.226501
 10
99.956293
 20
-6.226501
  0
LWPOLYLINE
  5
443
330
17
100
AcDbEntity
  8
VISTA
100
AcDbPolyline
 90
5
 70
1
 10
98.831711
 20
-6.2375
 10
98.831711
 20
-6.2395
 10
98.84371
 20
-6.2395
 10
98.84371
 20
-6.2375
 10
98.831711
 20
-6.2375
  0
LWPOLYLINE
  5
444
330
17
100
AcDbEntity
  8
VISTA
100
AcDbPolyline
 90
5
 70
1
 10
99.956293
 20
-6.2375
 10
99.956293
 20
-6.2395
 10
99.968292
 20
-6.2395
 10
99.968292
 20
-6.2375
 10
99.956293
 20
-6.2375
  0
LWPOLYLINE
  5
445
330
17
100
AcDbEntity
  8
VISTA
100
AcDbPolyline
 90
5
 70
1
 10
98.831711
 20
-6.2135
 10
98.831711
 20
-6.226501
 10
98.837711
 20
-6.226501
 10
98.837711
 20
-6.2135
 10
98.831711
 20
-6.2135
  0
LWPOLYLINE
  5
446
330
17
100
AcDbEntity
  8
VISTA
100
AcDbPolyline
 90
5
 70
1
 10
99.962292
 20
-6.2135
 10
99.962292
 20
-6.226501
 10
99.968292
 20
-6.226501
 10
99.968292
 20
-6.2135
 10
99.962292
 20
-6.2135
  0
LINE
  5
447
330
17
100
AcDbEntity
  8
VISTA
100
AcDbLine
 10
101.740002
 20
-0.2
 30
0.0
 11
99.389999
 21
-0.2
 31
0.0
  0
LINE
  5
448
330
17
100
AcDbEntity
  8
VISTA
100
AcDbLine
 10
99.389999
 20
-0.2
 30
0.0
 11
99.389999
 21
-0.246
 31
0.0
  0
LINE
  5
449
330
17
100
AcDbEntity
  8
VISTA
100
AcDbLine
 10
101.740002
 20
-0.2
 30
0.0
 11
101.740002
 21
-0.246
 31
0.0
  0
LINE
  5
44A
330
17
100
AcDbEntity
  8
VISTA
100
AcDbLine
 10
101.38939236153752
 20
-0.246
 30
0.0
 11
100.70452119486839
 21
-0.246
 31
0.0
  0
LWPOLYLINE
  5
44B
330
17
100
AcDbEntity
  8
VISTA
100
AcDbPolyline
 90
5
 70
1
 10
99.25
 20
-0.26
 10
99.25
 20
-0.36
 10
99.37599900000001
 20
-0.36
 10
99.37599900000001
 20
-0.26
 10
99.25
 20
-0.26
  0
LWPOLYLINE
  5
44C
330
17
100
AcDbEntity
  8
VISTA
100
AcDbPolyline
 90
5
 70
1
 10
99.25
 20
-1.36
 10
99.25
 20
-1.81
 10
99.37599900000001
 20
-1.81
 10
99.37599900000001
 20
-1.36
 10
99.25
 20
-1.36
  0
LWPOLYLINE
  5
44D
330
17
100
AcDbEntity
  8
VISTA
100
AcDbPolyline
 90
7
 70
1
 10
99.25
 20
-1.81
 10
99.25
 20
-1.95
 10
101.799999
 20
-1.95
 10
101.799999
 20
-1.824
 10
99.37599900000001
 20
-1.824
 10
99.37599900000001
 20
-1.81
 10
99.25
 20
-1.81
  0
LWPOLYLINE
  5
44E
330
17
100
AcDbEntity
  8
VISTA
100
AcDbPolyline
 90
5
 70
1
 10
99.25
 20
-0.36
 10
99.25
 20
-0.395
 10
99.389999
 20
-0.395
 10
99.389999
 20
-0.36
 10
99.25
 20
-0.36
  0
LWPOLYLINE
  5
44F
330
17
100
AcDbEntity
  8
VISTA
100
AcDbPolyline
 90
5
 70
1
 10
99.25
 20
-1.325
 10
99.25
 20
-1.36
 10
99.389999
 20
-1.36
 10
99.389999
 20
-1.325
 10
99.25
 20
-1.325
  0
LWPOLYLINE
  5
450
330
17
100
AcDbEntity
  8
VISTA
100
AcDbPolyline
 90
5
 70
1
 10
99.252501
 20
-0.4025
 10
98.3375
 20
-0.4025
 10
98.3375
 20
-0.4475
 10
99.252501
 20
-0.4475
 10
99.252501
 20
-0.4025
  0
LWPOLYLINE
  5
451
330
17
100
AcDbEntity
  8
VISTA
100
AcDbPolyline
 90
5
 70
1
 10
99.2995
 20
-0.395
 10
99.2995
 20
-0.4175
 10
99.3125
 20
-0.4175
 10
99.3125
 20
-0.395
 10
99.2995
 20
-0.395
  0
LWPOLYLINE
  5
452
330
17
100
AcDbEntity
  8
VISTA
100
AcDbPolyline
 90
5
 70
1
 10
99.297501
 20
-0.395
 10
99.297501
 20
-0.4175
 10
99.2995
 20
-0.4175
 10
99.2995
 20
-0.395
 10
99.297501
 20
-0.395
  0
LWPOLYLINE
  5
453
330
17
100
AcDbEntity
  8
VISTA
100
AcDbPolyline
 90
5
 70
1
 10
99.2995
 20
-1.3025
 10
99.2995
 20
-1.325
 10
99.3125
 20
-1.325
 10
99.3125
 20
-1.3025
 10
99.2995
 20
-1.3025
  0
LWPOLYLINE
  5
454
330
17
100
AcDbEntity
  8
VISTA
100
AcDbPolyline
 90
5
 70
1
 10
99.297501
 20
-1.3025
 10
99.297501
 20
-1.325
 10
99.2995
 20
-1.325
 10
99.2995
 20
-1.3025
 10
99.297501
 20
-1.3025
  0
DIMENSION
  5
455
330
17
100
AcDbEntity
  8
COTAS
100
AcDbDimension
280
0
  2
*D1
  3
Standard
 10
94.0
 20
1.35
 30
0.0
 11
98.0
 21
1.35
 31
0.0
 70
32
 71
5
  1
<>
100
AcDbAlignedDimension
 13
94.0
 23
0.0
 33
0.0
 14
102.0
 24
0.0
 34
0.0
 50
0.0
100
AcDbRotatedDimension
1001
ACAD
1000
DSTYLE
1002
{
1070
140
1040
0.13
1070
41
1040
0.09
1002
}
  0
DIMENSION
  5
469
330
17
100
AcDbEntity
  8
COTAS
100
AcDbDimension
280
0
  2
*D2
  3
Standard
 10
94.0
 20
0.7
 30
0.0
 11
94.1
 21
1.39
 31
0.0
 70
32
 71
5
  1
<>
100
AcDbAlignedDimension
 13
94.0
 23
0.0
 33
0.0
 14
94.2
 24
0.0
 34
0.0
 50
0.0
100
AcDbRotatedDimension
1001
ACAD
1000
DSTYLE
1002
{
1070
140
1040
0.13
1070
41
1040
0.09
1002
}
  0
DIMENSION
  5
47A
330
17
100
AcDbEntity
  8
COTAS
100
AcDbDimension
280
0
  2
*D3
  3
Standard
 10
94.2
 20
0.7
 30
0.0
 11
98.0
 21
0.7
 31
0.0
 70
32
 71
5
  1
<>
100
AcDbAlignedDimension
 13
94.2
 23
0.0
 33
0.0
 14
101.8
 24
0.0
 34
0.0
 50
0.0
100
AcDbRotatedDimension
1001
ACAD
1000
DSTYLE
1002
{
1070
140
1040
0.13
1070
41
1040
0.09
1002
}
  0
DIMENSION
  5
48A
330
17
100
AcDbEntity
  8
COTAS
100
AcDbDimension
280
0
  2
*D4
  3
Standard
 10
101.8
 20
0.7
 30
0.0
 11
101.9
 21
1.39
 31
0.0
 70
32
 71
5
  1
<>
100
AcDbAlignedDimension
 13
101.8
 23
0.0
 33
0.0
 14
102.0
 24
0.0
 34
0.0
 50
0.0
100
AcDbRotatedDimension
1001
ACAD
1000
DSTYLE
1002
{
1070
140
1040
0.13
1070
41
1040
0.09
1002
}
  0
DIMENSION
  5
49B
330
17
100
AcDbEntity
  8
COTAS
100
AcDbDimension
280
0
  2
*D5
  3
Standard
 10
103.05
 20
0.0
 30
0.0
 11
103.05
 21
-6.0
 31
0.0
 70
32
 71
5
  1
<>
100
AcDbAlignedDimension
 13
102.0
 23
0.0
 33
0.0
 14
102.0
 24
-12.0
 34
0.0
 50
90.0
100
AcDbRotatedDimension
1001
ACAD
1000
DSTYLE
1002
{
1070
140
1040
0.13
1070
41
1040
0.09
1002
}
  0
DIMENSION
  5
4AB
330
17
100
AcDbEntity
  8
COTAS
100
AcDbDimension
280
0
  2
*D6
  3
Standard
 10
102.55
 20
0.0
 30
0.0
 11
102.55
 21
-3.0
 31
0.0
 70
32
 71
5
  1
<>
100
AcDbAlignedDimension
 13
102.0
 23
0.0
 33
0.0
 14
102.0
 24
-6.0
 34
0.0
 50
90.0
100
AcDbRotatedDimension
1001
ACAD
1000
DSTYLE
1002
{
1070
140
1040
0.13
1070
41
1040
0.09
1002
}
  0
DIMENSION
  5
4BB
330
17
100
AcDbEntity
  8
COTAS
100
AcDbDimension
280
0
  2
*D7
  3
Standard
 10
102.55
 20
-6.0
 30
0.0
 11
102.55
 21
-9.0
 31
0.0
 70
32
 71
5
  1
<>
100
AcDbAlignedDimension
 13
102.0
 23
-6.0
 33
0.0
 14
102.0
 24
-12.0
 34
0.0
 50
90.0
100
AcDbRotatedDimension
1001
ACAD
1000
DSTYLE
1002
{
1070
140
1040
0.13
1070
41
1040
0.09
1002
}
  0
LINE
  5
4CB
330
17
100
AcDbEntity
  8
EJES
100
AcDbLine
 10
98.0
 20
0.5
 30
0.0
 11
98.0
 21
-13.7
 31
0.0
  0
TEXT
  5
4CC
330
17
100
AcDbEntity
  8
TEXTOS
100
AcDbText
 10
98.0
 20
0.65
 30
0.0
 40
0.13
  1
A / A06
100
AcDbText
  0
TEXT
  5
4CD
330
17
100
AcDbEntity
  8
TEXTOS
100
AcDbText
 10
98.0
 20
-13.65
 30
0.0
 40
0.13
  1
A
100
AcDbText
  0
LINE
  5
4CE
330
17
100
AcDbEntity
  8
EJES
100
AcDbLine
 10
92.5
 20
-3.0
 30
0.0
 11
102.6
 21
-3.0
 31
0.0
  0
TEXT
  5
4CF
330
17
100
AcDbEntity
  8
TEXTOS
100
AcDbText
 10
92.35
 20
-3.0
 30
0.0
 40
0.13
  1
B
100
AcDbText
  0
TEXT
  5
4D0
330
17
100
AcDbEntity
  8
TEXTOS
100
AcDbText
 10
102.6
 20
-3.0
 30
0.0
 40
0.13
  1
B / A06
100
AcDbText
  0
TEXT
  5
4D1
330
17
100
AcDbEntity
  8
TEXTOS
100
AcDbText
 10
98.0
 20
-1.2
 30
0.0
 40
0.15
  1
MONOAMBIENTE
100
AcDbText
  0
TEXT
  5
4D2
330
17
100
AcDbEntity
  8
TEXTOS
100
AcDbText
 10
98.0
 20
-1.44
 30
0.0
 40
0.13
  1
Piso G +0,21
100
AcDbText
  0
TEXT
  5
4D3
330
17
100
AcDbEntity
  8
TEXTOS
100
AcDbText
 10
96.7
 20
-10.45
 30
0.0
 40
0.15
  1
QUINCHO
100
AcDbText
  0
TEXT
  5
4D4
330
17
100
AcDbEntity
  8
TEXTOS
100
AcDbText
 10
96.7
 20
-10.69
 30
0.0
 40
0.13
  1
Piso G +0,18
100
AcDbText
  0
TEXT
  5
4D5
330
17
100
AcDbEntity
  8
TEXTOS
100
AcDbText
 10
100.6
 20
-1.12
 30
0.0
 40
0.15
  1
BANO 01
100
AcDbText
  0
TEXT
  5
4D6
330
17
100
AcDbEntity
  8
TEXTOS
100
AcDbText
 10
100.6
 20
-1.36
 30
0.0
 40
0.13
  1
+0,21
100
AcDbText
  0
TEXT
  5
4D7
330
17
100
AcDbEntity
  8
TEXTOS
100
AcDbText
 10
101.2
 20
-10.6
 30
0.0
 40
0.15
  1
BANO 03
100
AcDbText
  0
TEXT
  5
4D8
330
17
100
AcDbEntity
  8
TEXTOS
100
AcDbText
 10
101.2
 20
-10.84
 30
0.0
 40
0.13
  1
+0,21
100
AcDbText
  0
DIMENSION
  5
4D9
330
17
100
AcDbEntity
  8
COTAS
100
AcDbDimension
280
0
  2
*D8
  3
Standard
 10
94.2
 20
-3.55
 30
0.0
 11
96.725
 21
-3.55
 31
0.0
 70
32
 71
5
  1
<>
100
AcDbAlignedDimension
 13
94.2
 23
-3.55
 33
0.0
 14
99.25
 24
-3.55
 34
0.0
 50
0.0
100
AcDbRotatedDimension
1001
ACAD
1000
DSTYLE
1002
{
1070
140
1040
0.13
1070
41
1040
0.09
1002
}
  0
DIMENSION
  5
4E9
330
17
100
AcDbEntity
  8
COTAS
100
AcDbDimension
280
0
  2
*D9
  3
Standard
 10
99.39
 20
-3.55
 30
0.0
 11
100.595
 21
-3.55
 31
0.0
 70
32
 71
5
  1
<>
100
AcDbAlignedDimension
 13
99.39
 23
-3.55
 33
0.0
 14
101.8
 24
-3.55
 34
0.0
 50
0.0
100
AcDbRotatedDimension
1001
ACAD
1000
DSTYLE
1002
{
1070
140
1040
0.13
1070
41
1040
0.09
1002
}
  0
DIMENSION
  5
4F9
330
17
100
AcDbEntity
  8
COTAS
100
AcDbDimension
280
0
  2
*D10
  3
Standard
 10
103.55
 20
-0.2
 30
0.0
 11
103.55
 21
-3.0500000000000003
 31
0.0
 70
32
 71
5
  1
<>
100
AcDbAlignedDimension
 13
102.0
 23
-0.2
 33
0.0
 14
102.0
 24
-5.9
 34
0.0
 50
90.0
100
AcDbRotatedDimension
1001
ACAD
1000
DSTYLE
1002
{
1070
140
1040
0.13
1070
41
1040
0.09
1002
}
  0
DIMENSION
  5
509
330
17
100
AcDbEntity
  8
COTAS
100
AcDbDimension
280
0
  2
*D11
  3
Standard
 10
102.75
 20
-0.26
 30
0.0
 11
102.75
 21
-1.0350000000000001
 31
0.0
 70
32
 71
5
  1
<>
100
AcDbAlignedDimension
 13
101.8
 23
-0.26
 33
0.0
 14
101.8
 24
-1.81
 34
0.0
 50
90.0
100
AcDbRotatedDimension
1001
ACAD
1000
DSTYLE
1002
{
1070
140
1040
0.13
1070
41
1040
0.09
1002
}
  0
DIMENSION
  5
519
330
17
100
AcDbEntity
  8
COTAS
100
AcDbDimension
280
0
  2
*D12
  3
Standard
 10
94.0
 20
-6.6
 30
0.0
 11
95.375
 21
-6.6
 31
0.0
 70
32
 71
5
  1
<>
100
AcDbAlignedDimension
 13
94.0
 23
-6.1
 33
0.0
 14
96.75
 24
-6.1
 34
0.0
 50
0.0
100
AcDbRotatedDimension
1001
ACAD
1000
DSTYLE
1002
{
1070
140
1040
0.13
1070
41
1040
0.09
1002
}
  0
DIMENSION
  5
529
330
17
100
AcDbEntity
  8
COTAS
100
AcDbDimension
280
0
  2
*D13
  3
Standard
 10
96.75
 20
-6.6
 30
0.0
 11
98.0
 21
-6.6
 31
0.0
 70
32
 71
5
  1
<>
100
AcDbAlignedDimension
 13
96.75
 23
-6.1
 33
0.0
 14
99.25
 24
-6.1
 34
0.0
 50
0.0
100
AcDbRotatedDimension
1001
ACAD
1000
DSTYLE
1002
{
1070
140
1040
0.13
1070
41
1040
0.09
1002
}
  0
DIMENSION
  5
539
330
17
100
AcDbEntity
  8
COTAS
100
AcDbDimension
280
0
  2
*D14
  3
Standard
 10
99.25
 20
-6.6
 30
0.0
 11
100.625
 21
-6.6
 31
0.0
 70
32
 71
5
  1
<>
100
AcDbAlignedDimension
 13
99.25
 23
-6.1
 33
0.0
 14
102.0
 24
-6.1
 34
0.0
 50
0.0
100
AcDbRotatedDimension
1001
ACAD
1000
DSTYLE
1002
{
1070
140
1040
0.13
1070
41
1040
0.09
1002
}
  0
DIMENSION
  5
549
330
17
100
AcDbEntity
  8
COTAS
100
AcDbDimension
280
0
  2
*D15
  3
Standard
 10
100.7
 20
-12.55
 30
0.0
 11
101.25
 21
-12.55
 31
0.0
 70
32
 71
5
  1
<>
100
AcDbAlignedDimension
 13
100.7
 23
-12.0
 33
0.0
 14
101.8
 24
-12.0
 34
0.0
 50
0.0
100
AcDbRotatedDimension
1001
ACAD
1000
DSTYLE
1002
{
1070
140
1040
0.13
1070
41
1040
0.09
1002
}
  0
DIMENSION
  5
559
330
17
100
AcDbEntity
  8
COTAS
100
AcDbDimension
280
0
  2
*D16
  3
Standard
 10
103.55
 20
-10.17
 30
0.0
 11
103.55
 21
-11.0
 31
0.0
 70
32
 71
5
  1
<>
100
AcDbAlignedDimension
 13
102.0
 23
-10.17
 33
0.0
 14
102.0
 24
-11.83
 34
0.0
 50
90.0
100
AcDbRotatedDimension
1001
ACAD
1000
DSTYLE
1002
{
1070
140
1040
0.13
1070
41
1040
0.09
1002
}
  0
TEXT
  5
569
330
17
100
AcDbEntity
  8
TEXTOS
100
AcDbText
 10
98.0
 20
-6.28
 30
0.0
 40
0.13
  1
P01
100
AcDbText
  0
TEXT
  5
56A
330
17
100
AcDbEntity
  8
TEXTOS
100
AcDbText
 10
99.0
 20
-0.92
 30
0.0
 40
0.13
  1
P02
100
AcDbText
  0
TEXT
  5
56B
330
17
100
AcDbEntity
  8
TEXTOS
100
AcDbText
 10
101.22
 20
-12.17
 30
0.0
 40
0.13
  1
P03
100
AcDbText
  0
LINE
  5
56C
330
17
100
AcDbEntity
  8
VISTA
100
AcDbLine
 10
99.2525
 20
-1.3175000000000001
 30
0.0
 11
99.16807445109109
 21
-1.3135967713099568
 31
0.0
  0
LINE
  5
56D
330
17
100
AcDbEntity
  8
VISTA
100
AcDbLine
 10
99.16807445109109
 20
-1.3135967713099568
 30
0.0
 11
99.08436919119784
 21
-1.3019203862107702
 31
0.0
  0
LINE
  5
56E
330
17
100
AcDbEntity
  8
VISTA
100
AcDbLine
 10
99.08436919119784
 20
-1.3019203862107702
 30
0.0
 11
99.00209836408405
 21
-1.2825704635031294
 31
0.0
  0
LINE
  5
56F
330
17
100
AcDbEntity
  8
VISTA
100
AcDbLine
 10
99.00209836408405
 20
-1.2825704635031294
 30
0.0
 11
98.92196387543876
 21
-1.2557120899049856
 31
0.0
  0
LINE
  5
570
330
17
100
AcDbEntity
  8
VISTA
100
AcDbLine
 10
98.92196387543876
 20
-1.2557120899049856
 30
0.0
 11
98.84464940446446
 21
-1.2215744115898821
 31
0.0
  0
LINE
  5
571
330
17
100
AcDbEntity
  8
VISTA
100
AcDbLine
 10
98.84464940446446
 20
-1.2215744115898821
 30
0.0
 11
98.77081457096722
 21
-1.180448679192597
 31
0.0
  0
LINE
  5
572
330
17
100
AcDbEntity
  8
VISTA
100
AcDbLine
 10
98.77081457096722
 20
-1.180448679192597
 30
0.0
 11
98.70108930771298
 21
-1.1326857629614193
 31
0.0
  0
LINE
  5
573
330
17
100
AcDbEntity
  8
VISTA
100
AcDbLine
 10
98.70108930771298
 20
-1.1326857629614193
 30
0.0
 11
98.63606848606341
 21
-1.0786931592569031
 31
0.0
  0
LINE
  5
574
330
17
100
AcDbEntity
  8
VISTA
100
AcDbLine
 10
98.63606848606341
 20
-1.0786931592569031
 30
0.0
 11
98.5763068407431
 21
-1.0189315139366
 31
0.0
  0
LINE
  5
575
330
17
100
AcDbEntity
  8
VISTA
100
AcDbLine
 10
98.5763068407431
 20
-1.0189315139366
 30
0.0
 11
98.52231423703859
 21
-0.9539106922870197
 31
0.0
  0
LINE
  5
576
330
17
100
AcDbEntity
  8
VISTA
100
AcDbLine
 10
98.52231423703859
 20
-0.9539106922870197
 30
0.0
 11
98.47455132080741
 21
-0.8841854290327809
 31
0.0
  0
LINE
  5
577
330
17
100
AcDbEntity
  8
VISTA
100
AcDbLine
 10
98.47455132080741
 20
-0.8841854290327809
 30
0.0
 11
98.43342558841012
 21
-0.8103505955355326
 31
0.0
  0
LINE
  5
578
330
17
100
AcDbEntity
  8
VISTA
100
AcDbLine
 10
98.43342558841012
 20
-0.8103505955355326
 30
0.0
 11
98.39928791009501
 21
-0.7330361245612449
 31
0.0
  0
LINE
  5
579
330
17
100
AcDbEntity
  8
VISTA
100
AcDbLine
 10
98.39928791009501
 20
-0.7330361245612449
 30
0.0
 11
98.37242953649687
 21
-0.6529016359159561
 31
0.0
  0
LINE
  5
57A
330
17
100
AcDbEntity
  8
VISTA
100
AcDbLine
 10
98.37242953649687
 20
-0.6529016359159561
 30
0.0
 11
98.35307961378923
 21
-0.5706308088021619
 31
0.0
  0
LINE
  5
57B
330
17
100
AcDbEntity
  8
VISTA
100
AcDbLine
 10
98.35307961378923
 20
-0.5706308088021619
 30
0.0
 11
98.34140322869004
 21
-0.4869255489089212
 31
0.0
  0
LINE
  5
57C
330
17
100
AcDbEntity
  8
VISTA
100
AcDbLine
 10
98.34140322869004
 20
-0.4869255489089212
 30
0.0
 11
98.3375
 21
-0.40250000000000014
 31
0.0
  0
LINE
  5
57D
330
17
100
AcDbEntity
  8
VISTA
100
AcDbLine
 10
99.2525
 20
-0.4025
 30
0.0
 11
98.3375
 21
-0.40250000000000014
 31
0.0
  0
TEXT
  5
57E
330
17
100
AcDbEntity
  8
TEXTOS
100
AcDbText
 10
99.2525
 20
-0.24250000000000002
 30
0.0
 40
0.125
  1

100
AcDbText
  0
LINE
  5
57F
330
17
100
AcDbEntity
  8
VISTA
100
AcDbLine
 10
100.81
 20
-11.92
 30
0.0
 11
100.81349797543807
 21
-11.995660054759908
 31
0.0
  0
LINE
  5
580
330
17
100
AcDbEntity
  8
VISTA
100
AcDbLine
 10
100.81349797543807
 20
-11.995660054759908
 30
0.0
 11
100.8239620582592
 21
-12.070674604609588
 31
0.0
  0
LINE
  5
581
330
17
100
AcDbEntity
  8
VISTA
100
AcDbLine
 10
100.8239620582592
 20
-12.070674604609588
 30
0.0
 11
100.84130297259829
 21
-12.144403651859108
 31
0.0
  0
LINE
  5
582
330
17
100
AcDbEntity
  8
VISTA
100
AcDbLine
 10
100.84130297259829
 20
-12.144403651859108
 30
0.0
 11
100.86537277188843
 21
-12.216218166273466
 31
0.0
  0
LINE
  5
583
330
17
100
AcDbEntity
  8
VISTA
100
AcDbLine
 10
100.86537277188843
 20
-12.216218166273466
 30
0.0
 11
100.89596610108885
 21
-12.28550545173676
 31
0.0
  0
LINE
  5
584
330
17
100
AcDbEntity
  8
VISTA
100
AcDbLine
 10
100.89596610108885
 20
-12.28550545173676
 30
0.0
 11
100.93282194870172
 21
-12.351674373559431
 31
0.0
  0
LINE
  5
585
330
17
100
AcDbEntity
  8
VISTA
100
AcDbLine
 10
100.93282194870172
 20
-12.351674373559431
 30
0.0
 11
100.97562587363021
 21
-12.41416040183099
 31
0.0
  0
LINE
  5
586
330
17
100
AcDbEntity
  8
VISTA
100
AcDbLine
 10
100.97562587363021
 20
-12.41416040183099
 30
0.0
 11
101.02401268787906
 21
-12.472430427790178
 31
0.0
  0
LINE
  5
587
330
17
100
AcDbEntity
  8
VISTA
100
AcDbLine
 10
101.02401268787906
 20
-12.472430427790178
 30
0.0
 11
101.07756957220982
 21
-12.52598731212094
 31
0.0
  0
LINE
  5
588
330
17
100
AcDbEntity
  8
VISTA
100
AcDbLine
 10
101.07756957220982
 20
-12.52598731212094
 30
0.0
 11
101.13583959816901
 21
-12.574374126369797
 31
0.0
  0
LINE
  5
589
330
17
100
AcDbEntity
  8
VISTA
100
AcDbLine
 10
101.13583959816901
 20
-12.574374126369797
 30
0.0
 11
101.19832562644056
 21
-12.617178051298284
 31
0.0
  0
LINE
  5
58A
330
17
100
AcDbEntity
  8
VISTA
100
AcDbLine
 10
101.19832562644056
 20
-12.617178051298284
 30
0.0
 11
101.26449454826323
 21
-12.654033898911152
 31
0.0
  0
LINE
  5
58B
330
17
100
AcDbEntity
  8
VISTA
100
AcDbLine
 10
101.26449454826323
 20
-12.654033898911152
 30
0.0
 11
101.33378183372653
 21
-12.684627228111571
 31
0.0
  0
LINE
  5
58C
330
17
100
AcDbEntity
  8
VISTA
100
AcDbLine
 10
101.33378183372653
 20
-12.684627228111571
 30
0.0
 11
101.40559634814089
 21
-12.708697027401712
 31
0.0
  0
LINE
  5
58D
330
17
100
AcDbEntity
  8
VISTA
100
AcDbLine
 10
101.40559634814089
 20
-12.708697027401712
 30
0.0
 11
101.47932539539042
 21
-12.726037941740799
 31
0.0
  0
LINE
  5
58E
330
17
100
AcDbEntity
  8
VISTA
100
AcDbLine
 10
101.47932539539042
 20
-12.726037941740799
 30
0.0
 11
101.55433994524009
 21
-12.73650202456193
 31
0.0
  0
LINE
  5
58F
330
17
100
AcDbEntity
  8
VISTA
100
AcDbLine
 10
101.55433994524009
 20
-12.73650202456193
 30
0.0
 11
101.63
 21
-12.74
 31
0.0
  0
LINE
  5
590
330
17
100
AcDbEntity
  8
VISTA
100
AcDbLine
 10
101.63
 20
-11.92
 30
0.0
 11
101.63
 21
-12.74
 31
0.0
  0
TEXT
  5
591
330
17
100
AcDbEntity
  8
TEXTOS
100
AcDbText
 10
101.63
 20
-11.76
 30
0.0
 40
0.125
  1

100
AcDbText
  0
ENDSEC
  0
SECTION
  2
OBJECTS
  0
DICTIONARY
  5
A
330
0
100
AcDbDictionary
281
1
  3
ACAD_COLOR
350
B
  3
ACAD_GROUP
350
C
  3
ACAD_LAYOUT
350
D
  3
ACAD_MATERIAL
350
E
  3
ACAD_MLEADERSTYLE
350
F
  3
ACAD_MLINESTYLE
350
10
  3
ACAD_PLOTSETTINGS
350
11
  3
ACAD_PLOTSTYLENAME
350
12
  3
ACAD_SCALELIST
350
14
  3
ACAD_TABLESTYLE
350
15
  3
ACAD_VISUALSTYLE
350
16
  3
EZDXF_META
350
2D
  0
DICTIONARY
  5
B
330
A
100
AcDbDictionary
281
1
  0
DICTIONARY
  5
C
330
A
100
AcDbDictionary
281
1
  0
DICTIONARY
  5
D
330
A
100
AcDbDictionary
281
1
  3
Model
350
1A
  3
Layout1
350
1E
  0
DICTIONARY
  5
E
330
A
100
AcDbDictionary
281
1
  3
ByBlock
350
1F
  3
ByLayer
350
20
  3
Global
350
21
  0
DICTIONARY
  5
F
330
A
100
AcDbDictionary
281
1
  3
Standard
350
2C
  0
DICTIONARY
  5
10
330
A
100
AcDbDictionary
281
1
  3
Standard
350
22
  0
DICTIONARY
  5
11
330
A
100
AcDbDictionary
281
1
  0
ACDBDICTIONARYWDFLT
  5
12
330
A
100
AcDbDictionary
281
1
  3
Normal
350
13
100
AcDbDictionaryWithDefault
340
13
  0
ACDBPLACEHOLDER
  5
13
330
12
  0
DICTIONARY
  5
14
330
A
100
AcDbDictionary
281
1
  0
DICTIONARY
  5
15
330
A
100
AcDbDictionary
281
1
  0
DICTIONARY
  5
16
330
A
100
AcDbDictionary
281
1
  0
LAYOUT
  5
1A
330
D
100
AcDbPlotSettings
  1

  4
A3
  6

 40
7.5
 41
20.0
 42
7.5
 43
20.0
 44
420.0
 45
297.0
 46
0.0
 47
0.0
 48
0.0
 49
0.0
140
0.0
141
0.0
142
1.0
143
1.0
 70
1024
 72
1
 73
0
 74
5
  7

 75
16
 76
0
 77
2
 78
300
147
1.0
148
0.0
149
0.0
100
AcDbLayout
  1
Model
 70
1
 71
0
 10
0.0
 20
0.0
 11
420.0
 21
297.0
 12
0.0
 22
0.0
 32
0.0
 14
1e+20
 24
1e+20
 34
1e+20
 15
-1e+20
 25
-1e+20
 35
-1e+20
146
0.0
 13
0.0
 23
0.0
 33
0.0
 16
1.0
 26
0.0
 36
0.0
 17
0.0
 27
1.0
 37
0.0
 76
1
330
17
  0
LAYOUT
  5
1E
330
D
100
AcDbPlotSettings
  1

  4
A3
  6

 40
7.5
 41
20.0
 42
7.5
 43
20.0
 44
420.0
 45
297.0
 46
0.0
 47
0.0
 48
0.0
 49
0.0
140
0.0
141
0.0
142
1.0
143
1.0
 70
0
 72
1
 73
0
 74
5
  7

 75
16
 76
0
 77
2
 78
300
147
1.0
148
0.0
149
0.0
100
AcDbLayout
  1
Layout1
 70
1
 71
1
 10
0.0
 20
0.0
 11
420.0
 21
297.0
 12
0.0
 22
0.0
 32
0.0
 14
1e+20
 24
1e+20
 34
1e+20
 15
-1e+20
 25
-1e+20
 35
-1e+20
146
0.0
 13
0.0
 23
0.0
 33
0.0
 16
1.0
 26
0.0
 36
0.0
 17
0.0
 27
1.0
 37
0.0
 76
1
330
1B
  0
MATERIAL
  5
1F
102
{ACAD_REACTORS
330
E
102
}
330
E
100
AcDbMaterial
  1
ByBlock
  2

 70
0
 40
1.0
 71
1
 41
1.0
 91
-1023410177
 42
1.0
 72
1
  3

 73
1
 74
1
 75
1
 44
0.5
 73
0
 45
1.0
 46
1.0
 77
1
  4

 78
1
 79
1
170
1
 48
1.0
171
1
  6

172
1
173
1
174
1
140
1.0
141
1.0
175
1
  7

176
1
177
1
178
1
143
1.0
179
1
  8

270
1
271
1
272
1
145
1.0
146
1.0
273
1
  9

274
1
275
1
276
1
 42
1.0
 72
1
  3

 73
1
 74
1
 75
1
 94
63
  0
MATERIAL
  5
20
102
{ACAD_REACTORS
330
E
102
}
330
E
100
AcDbMaterial
  1
ByLayer
  2

 70
0
 40
1.0
 71
1
 41
1.0
 91
-1023410177
 42
1.0
 72
1
  3

 73
1
 74
1
 75
1
 44
0.5
 73
0
 45
1.0
 46
1.0
 77
1
  4

 78
1
 79
1
170
1
 48
1.0
171
1
  6

172
1
173
1
174
1
140
1.0
141
1.0
175
1
  7

176
1
177
1
178
1
143
1.0
179
1
  8

270
1
271
1
272
1
145
1.0
146
1.0
273
1
  9

274
1
275
1
276
1
 42
1.0
 72
1
  3

 73
1
 74
1
 75
1
 94
63
  0
MATERIAL
  5
21
102
{ACAD_REACTORS
330
E
102
}
330
E
100
AcDbMaterial
  1
Global
  2

 70
0
 40
1.0
 71
1
 41
1.0
 91
-1023410177
 42
1.0
 72
1
  3

 73
1
 74
1
 75
1
 44
0.5
 73
0
 45
1.0
 46
1.0
 77
1
  4

 78
1
 79
1
170
1
 48
1.0
171
1
  6

172
1
173
1
174
1
140
1.0
141
1.0
175
1
  7

176
1
177
1
178
1
143
1.0
179
1
  8

270
1
271
1
272
1
145
1.0
146
1.0
273
1
  9

274
1
275
1
276
1
 42
1.0
 72
1
  3

 73
1
 74
1
 75
1
 94
63
  0
MLINESTYLE
  5
22
102
{ACAD_REACTORS
330
10
102
}
330
10
100
AcDbMlineStyle
  2
Standard
 70
0
  3

 62
256
 51
90.0
 52
90.0
 71
2
 49
0.5
 62
256
  6
BYLAYER
 49
-0.5
 62
256
  6
BYLAYER
  0
MLEADERSTYLE
  5
2C
102
{ACAD_REACTORS
330
F
102
}
330
F
100
AcDbMLeaderStyle
179
2
170
2
171
1
172
0
 90
2
 40
0.0
 41
0.0
173
1
 91
-1056964608
 92
-2
290
1
 42
2.0
291
1
 43
8.0
  3
Standard
 44
4.0
300

342
29
174
1
175
1
176
0
178
1
 93
-1056964608
 45
4.0
292
0
297
0
 46
4.0
 94
-1056964608
 47
1.0
 49
1.0
140
1.0
294
1
141
0.0
177
0
142
1.0
295
0
296
0
143
3.75
271
0
272
9
273
9
  0
DICTIONARY
  5
2D
330
A
100
AcDbDictionary
280
1
281
1
  3
CREATED_BY_EZDXF
350
2E
  3
WRITTEN_BY_EZDXF
350
594
  0
DICTIONARYVAR
  5
2E
330
2D
100
DictionaryVariables
280
0
  1
1.4.4 @ 2026-09-11T04:45:05.788223+00:00
  0
DICTIONARYVAR
  5
594
330
2D
100
DictionaryVariables
280
0
  1
1.4.4 @ 2026-09-11T04:45:12.647726+00:00
  0
ENDSEC
  0
EOF
