  0
SECTION
  2
HEADER
  9
$ACADVER
  1
AC1024
  9
$ACADMAINTVER
 70
6
  9
$DWGCODEPAGE
  3
ANSI_1252
  9
$LASTSAVEDBY
  1
ezdxf
  9
$INSBASE
 10
0.0
 20
0.0
 30
0.0
  9
$EXTMIN
 10
1e+20
 20
1e+20
 30
1e+20
  9
$EXTMAX
 10
-1e+20
 20
-1e+20
 30
-1e+20
  9
$LIMMIN
 10
0.0
 20
0.0
  9
$LIMMAX
 10
420.0
 20
297.0
  9
$ORTHOMODE
 70
0
  9
$REGENMODE
 70
1
  9
$FILLMODE
 70
1
  9
$QTEXTMODE
 70
0
  9
$MIRRTEXT
 70
1
  9
$LTSCALE
 40
1.0
  9
$ATTMODE
 70
1
  9
$TEXTSIZE
 40
2.5
  9
$TRACEWID
 40
1.0
  9
$TEXTSTYLE
  7
Standard
  9
$CLAYER
  8
0
  9
$CELTYPE
  6
ByLayer
  9
$CECOLOR
 62
256
  9
$CELTSCALE
 40
1.0
  9
$DISPSILH
 70
0
  9
$DIMSCALE
 40
1.0
  9
$DIMASZ
 40
2.5
  9
$DIMEXO
 40
0.625
  9
$DIMDLI
 40
3.75
  9
$DIMRND
 40
0.0
  9
$DIMDLE
 40
0.0
  9
$DIMEXE
 40
1.25
  9
$DIMTP
 40
0.0
  9
$DIMTM
 40
0.0
  9
$DIMTXT
 40
2.5
  9
$DIMCEN
 40
2.5
  9
$DIMTSZ
 40
0.0
  9
$DIMTOL
 70
0
  9
$DIMLIM
 70
0
  9
$DIMTIH
 70
0
  9
$DIMTOH
 70
0
  9
$DIMSE1
 70
0
  9
$DIMSE2
 70
0
  9
$DIMTAD
 70
1
  9
$DIMZIN
 70
8
  9
$DIMBLK
  1

  9
$DIMASO
 70
1
  9
$DIMSHO
 70
1
  9
$DIMPOST
  1

  9
$DIMAPOST
  1

  9
$DIMALT
 70
0
  9
$DIMALTD
 70
3
  9
$DIMALTF
 40
0.03937007874
  9
$DIMLFAC
 40
1.0
  9
$DIMTOFL
 70
1
  9
$DIMTVP
 40
0.0
  9
$DIMTIX
 70
0
  9
$DIMSOXD
 70
0
  9
$DIMSAH
 70
0
  9
$DIMBLK1
  1

  9
$DIMBLK2
  1

  9
$DIMSTYLE
  2
ISO-25
  9
$DIMCLRD
 70
0
  9
$DIMCLRE
 70
0
  9
$DIMCLRT
 70
0
  9
$DIMTFAC
 40
1.0
  9
$DIMGAP
 40
0.625
  9
$DIMJUST
 70
0
  9
$DIMSD1
 70
0
  9
$DIMSD2
 70
0
  9
$DIMTOLJ
 70
0
  9
$DIMTZIN
 70
8
  9
$DIMALTZ
 70
0
  9
$DIMALTTZ
 70
0
  9
$DIMUPT
 70
0
  9
$DIMDEC
 70
2
  9
$DIMTDEC
 70
2
  9
$DIMALTU
 70
2
  9
$DIMALTTD
 70
3
  9
$DIMTXSTY
  7
Standard
  9
$DIMAUNIT
 70
0
  9
$DIMADEC
 70
0
  9
$DIMALTRND
 40
0.0
  9
$DIMAZIN
 70
0
  9
$DIMDSEP
 70
44
  9
$DIMATFIT
 70
3
  9
$DIMFRAC
 70
0
  9
$DIMLDRBLK
  1

  9
$DIMLUNIT
 70
2
  9
$DIMLWD
 70
-2
  9
$DIMLWE
 70
-2
  9
$DIMTMOVE
 70
0
  9
$DIMFXL
 40
1.0
  9
$DIMFXLON
 70
0
  9
$DIMJOGANG
 40
0.785398163397
  9
$DIMTFILL
 70
0
  9
$DIMTFILLCLR
 70
0
  9
$DIMARCSYM
 70
0
  9
$DIMLTYPE
  6

  9
$DIMLTEX1
  6

  9
$DIMLTEX2
  6

  9
$DIMTXTDIRECTION
 70
0
  9
$LUNITS
 70
2
  9
$LUPREC
 70
4
  9
$SKETCHINC
 40
1.0
  9
$FILLETRAD
 40
10.0
  9
$AUNITS
 70
0
  9
$AUPREC
 70
2
  9
$MENU
  1
.
  9
$ELEVATION
 40
0.0
  9
$PELEVATION
 40
0.0
  9
$THICKNESS
 40
0.0
  9
$LIMCHECK
 70
0
  9
$CHAMFERA
 40
0.0
  9
$CHAMFERB
 40
0.0
  9
$CHAMFERC
 40
0.0
  9
$CHAMFERD
 40
0.0
  9
$SKPOLY
 70
0
  9
$TDCREATE
 40
2461295.073553241
  9
$TDUCREATE
 40
2458532.153996898
  9
$TDUPDATE
 40
2461295.073564815
  9
$TDUUPDATE
 40
2458532.1544311
  9
$TDINDWG
 40
0.0
  9
$TDUSRTIMER
 40
0.0
  9
$USRTIMER
 70
1
  9
$ANGBASE
 50
0.0
  9
$ANGDIR
 70
0
  9
$PDMODE
 70
0
  9
$PDSIZE
 40
0.0
  9
$PLINEWID
 40
0.0
  9
$SPLFRAME
 70
0
  9
$SPLINETYPE
 70
6
  9
$SPLINESEGS
 70
8
  9
$HANDSEED
  5
62E
  9
$SURFTAB1
 70
6
  9
$SURFTAB2
 70
6
  9
$SURFTYPE
 70
6
  9
$SURFU
 70
6
  9
$SURFV
 70
6
  9
$UCSBASE
  2

  9
$UCSNAME
  2

  9
$UCSORG
 10
0.0
 20
0.0
 30
0.0
  9
$UCSXDIR
 10
1.0
 20
0.0
 30
0.0
  9
$UCSYDIR
 10
0.0
 20
1.0
 30
0.0
  9
$UCSORTHOREF
  2

  9
$UCSORTHOVIEW
 70
0
  9
$UCSORGTOP
 10
0.0
 20
0.0
 30
0.0
  9
$UCSORGBOTTOM
 10
0.0
 20
0.0
 30
0.0
  9
$UCSORGLEFT
 10
0.0
 20
0.0
 30
0.0
  9
$UCSORGRIGHT
 10
0.0
 20
0.0
 30
0.0
  9
$UCSORGFRONT
 10
0.0
 20
0.0
 30
0.0
  9
$UCSORGBACK
 10
0.0
 20
0.0
 30
0.0
  9
$PUCSBASE
  2

  9
$PUCSNAME
  2

  9
$PUCSORG
 10
0.0
 20
0.0
 30
0.0
  9
$PUCSXDIR
 10
1.0
 20
0.0
 30
0.0
  9
$PUCSYDIR
 10
0.0
 20
1.0
 30
0.0
  9
$PUCSORTHOREF
  2

  9
$PUCSORTHOVIEW
 70
0
  9
$PUCSORGTOP
 10
0.0
 20
0.0
 30
0.0
  9
$PUCSORGBOTTOM
 10
0.0
 20
0.0
 30
0.0
  9
$PUCSORGLEFT
 10
0.0
 20
0.0
 30
0.0
  9
$PUCSORGRIGHT
 10
0.0
 20
0.0
 30
0.0
  9
$PUCSORGFRONT
 10
0.0
 20
0.0
 30
0.0
  9
$PUCSORGBACK
 10
0.0
 20
0.0
 30
0.0
  9
$USERI1
 70
0
  9
$USERI2
 70
0
  9
$USERI3
 70
0
  9
$USERI4
 70
0
  9
$USERI5
 70
0
  9
$USERR1
 40
0.0
  9
$USERR2
 40
0.0
  9
$USERR3
 40
0.0
  9
$USERR4
 40
0.0
  9
$USERR5
 40
0.0
  9
$WORLDVIEW
 70
1
  9
$SHADEDGE
 70
3
  9
$SHADEDIF
 70
70
  9
$TILEMODE
 70
1
  9
$MAXACTVP
 70
64
  9
$PINSBASE
 10
0.0
 20
0.0
 30
0.0
  9
$PLIMCHECK
 70
0
  9
$PEXTMIN
 10
1e+20
 20
1e+20
 30
1e+20
  9
$PEXTMAX
 10
-1e+20
 20
-1e+20
 30
-1e+20
  9
$PLIMMIN
 10
0.0
 20
0.0
  9
$PLIMMAX
 10
420.0
 20
297.0
  9
$UNITMODE
 70
0
  9
$VISRETAIN
 70
1
  9
$PLINEGEN
 70
0
  9
$PSLTSCALE
 70
1
  9
$TREEDEPTH
 70
3020
  9
$CMLSTYLE
  2
Standard
  9
$CMLJUST
 70
0
  9
$CMLSCALE
 40
20.0
  9
$PROXYGRAPHICS
 70
1
  9
$MEASUREMENT
 70
1
  9
$CELWEIGHT
370
-1
  9
$ENDCAPS
280
0
  9
$JOINSTYLE
280
0
  9
$LWDISPLAY
290
0
  9
$INSUNITS
 70
6
  9
$HYPERLINKBASE
  1

  9
$STYLESHEET
  1

  9
$XEDIT
290
1
  9
$CEPSNTYPE
380
0
  9
$PSTYLEMODE
290
1
  9
$FINGERPRINTGUID
  2
{7256F061-9C6D-4F3C-A3C0-6D4D17DF3326}
  9
$VERSIONGUID
  2
{C9C7C200-EBED-45C9-AD83-A73A1AC57772}
  9
$EXTNAMES
290
1
  9
$PSVPSCALE
 40
0.0
  9
$OLESTARTUP
290
0
  9
$SORTENTS
280
127
  9
$INDEXCTL
280
0
  9
$HIDETEXT
280
1
  9
$XCLIPFRAME
280
1
  9
$HALOGAP
280
0
  9
$OBSCOLOR
 70
257
  9
$OBSLTYPE
280
0
  9
$INTERSECTIONDISPLAY
280
0
  9
$INTERSECTIONCOLOR
 70
257
  9
$DIMASSOC
280
2
  9
$PROJECTNAME
  1

  9
$CAMERADISPLAY
290
0
  9
$LENSLENGTH
 40
50.0
  9
$CAMERAHEIGHT
 40
0.0
  9
$STEPSPERSEC
 40
24.0
  9
$STEPSIZE
 40
100.0
  9
$3DDWFPREC
 40
2.0
  9
$PSOLWIDTH
 40
0.005
  9
$PSOLHEIGHT
 40
0.08
  9
$LOFTANG1
 40
1.570796326795
  9
$LOFTANG2
 40
1.570796326795
  9
$LOFTMAG1
 40
0.0
  9
$LOFTMAG2
 40
0.0
  9
$LOFTPARAM
 70
7
  9
$LOFTNORMALS
280
1
  9
$LATITUDE
 40
37.795
  9
$LONGITUDE
 40
-122.394
  9
$NORTHDIRECTION
 40
0.0
  9
$TIMEZONE
 70
-8000
  9
$LIGHTGLYPHDISPLAY
280
1
  9
$TILEMODELIGHTSYNCH
280
1
  9
$CMATERIAL
347
20
  9
$SOLIDHIST
280
0
  9
$SHOWHIST
280
1
  9
$DWFFRAME
280
2
  9
$DGNFRAME
280
2
  9
$REALWORLDSCALE
290
1
  9
$INTERFERECOLOR
 62
256
  9
$CSHADOW
280
0
  9
$SHADOWPLANELOCATION
 40
0.0
  0
ENDSEC
  0
SECTION
  2
CLASSES
  0
CLASS
  1
ACDBDICTIONARYWDFLT
  2
AcDbDictionaryWithDefault
  3
ObjectDBX Classes
 90
0
 91
0
280
0
281
0
  0
CLASS
  1
SUN
  2
AcDbSun
  3
SCENEOE
 90
1153
 91
0
280
0
281
0
  0
CLASS
  1
VISUALSTYLE
  2
AcDbVisualStyle
  3
ObjectDBX Classes
 90
4095
 91
0
280
0
281
0
  0
CLASS
  1
MATERIAL
  2
AcDbMaterial
  3
ObjectDBX Classes
 90
1153
 91
0
280
0
281
0
  0
CLASS
  1
SCALE
  2
AcDbScale
  3
ObjectDBX Classes
 90
1153
 91
0
280
0
281
0
  0
CLASS
  1
TABLESTYLE
  2
AcDbTableStyle
  3
ObjectDBX Classes
 90
4095
 91
0
280
0
281
0
  0
CLASS
  1
MLEADERSTYLE
  2
AcDbMLeaderStyle
  3
ACDB_MLEADERSTYLE_CLASS
 90
4095
 91
0
280
0
281
0
  0
CLASS
  1
DICTIONARYVAR
  2
AcDbDictionaryVar
  3
ObjectDBX Classes
 90
0
 91
0
280
0
281
0
  0
CLASS
  1
CELLSTYLEMAP
  2
AcDbCellStyleMap
  3
ObjectDBX Classes
 90
1152
 91
0
280
0
281
0
  0
CLASS
  1
MENTALRAYRENDERSETTINGS
  2
AcDbMentalRayRenderSettings
  3
SCENEOE
 90
1024
 91
0
280
0
281
0
  0
CLASS
  1
ACDBDETAILVIEWSTYLE
  2
AcDbDetailViewStyle
  3
ObjectDBX Classes
 90
1025
 91
0
280
0
281
0
  0
CLASS
  1
ACDBSECTIONVIEWSTYLE
  2
AcDbSectionViewStyle
  3
ObjectDBX Classes
 90
1025
 91
0
280
0
281
0
  0
CLASS
  1
RASTERVARIABLES
  2
AcDbRasterVariables
  3
ISM
 90
0
 91
0
280
0
281
0
  0
CLASS
  1
LAYOUT
  2
AcDbLayout
  3
ObjectDBX Classes
 90
0
 91
0
280
0
281
0
  0
CLASS
  1
ACDBPLACEHOLDER
  2
AcDbPlaceHolder
  3
ObjectDBX Classes
 90
0
 91
0
280
0
281
0
  0
ENDSEC
  0
SECTION
  2
TABLES
  0
TABLE
  2
VPORT
  5
8
330
0
100
AcDbSymbolTable
 70
1
  0
VPORT
  5
23
330
8
100
AcDbSymbolTableRecord
100
AcDbViewportTableRecord
  2
*Active
 70
0
 10
0.0
 20
0.0
 11
1.0
 21
1.0
 12
0.0
 22
0.0
 13
0.0
 23
0.0
 14
0.5
 24
0.5
 15
0.5
 25
0.5
 16
0.0
 26
0.0
 36
1.0
 17
0.0
 27
0.0
 37
0.0
 40
1000.0
 41
1.34
 42
50.0
 43
0.0
 44
0.0
 50
0.0
 51
0.0
 71
0
 72
1000
 73
1
 74
3
 75
0
 76
0
 77
0
 78
0
281
0
 65
0
146
0.0
  0
ENDTAB
  0
TABLE
  2
LTYPE
  5
2
330
0
100
AcDbSymbolTable
 70
3
  0
LTYPE
  5
24
330
2
100
AcDbSymbolTableRecord
100
AcDbLinetypeTableRecord
  2
ByBlock
 70
0
  3

 72
65
 73
0
 40
0.0
  0
LTYPE
  5
25
330
2
100
AcDbSymbolTableRecord
100
AcDbLinetypeTableRecord
  2
ByLayer
 70
0
  3

 72
65
 73
0
 40
0.0
  0
LTYPE
  5
26
330
2
100
AcDbSymbolTableRecord
100
AcDbLinetypeTableRecord
  2
Continuous
 70
0
  3

 72
65
 73
0
 40
0.0
  0
ENDTAB
  0
TABLE
  2
LAYER
  5
1
330
0
100
AcDbSymbolTable
 70
8
  0
LAYER
  5
27
330
1
100
AcDbSymbolTableRecord
100
AcDbLayerTableRecord
  2
0
 70
0
 62
7
  6
Continuous
370
-3
390
13
347
21
  0
LAYER
  5
28
330
1
100
AcDbSymbolTableRecord
100
AcDbLayerTableRecord
  2
Defpoints
 70
0
 62
7
  6
Continuous
290
0
370
-3
390
13
347
21
  0
LAYER
  5
2F
330
1
100
AcDbSymbolTableRecord
100
AcDbLayerTableRecord
  2
CORTE
 70
0
 62
7
  6
Continuous
370
-3
390
13
347
21
  0
LAYER
  5
30
330
1
100
AcDbSymbolTableRecord
100
AcDbLayerTableRecord
  2
VISTA
 70
0
 62
8
  6
Continuous
370
-3
390
13
347
21
  0
LAYER
  5
31
330
1
100
AcDbSymbolTableRecord
100
AcDbLayerTableRecord
  2
COTAS
 70
0
 62
4
  6
Continuous
370
-3
390
13
347
21
  0
LAYER
  5
32
330
1
100
AcDbSymbolTableRecord
100
AcDbLayerTableRecord
  2
TEXTOS
 70
0
 62
7
  6
Continuous
370
-3
390
13
347
21
  0
LAYER
  5
33
330
1
100
AcDbSymbolTableRecord
100
AcDbLayerTableRecord
  2
EJES
 70
0
 62
3
  6
Continuous
370
-3
390
13
347
21
  0
LAYER
  5
34
330
1
100
AcDbSymbolTableRecord
100
AcDbLayerTableRecord
  2
SISTEMAS
 70
0
 62
5
  6
Continuous
370
-3
390
13
347
21
  0
ENDTAB
  0
TABLE
  2
STYLE
  5
5
330
0
100
AcDbSymbolTable
 70
1
  0
STYLE
  5
29
330
5
100
AcDbSymbolTableRecord
100
AcDbTextStyleTableRecord
  2
Standard
 70
0
 40
0.0
 41
1.0
 50
0.0
 71
0
 42
2.5
  3
txt
  4

  0
ENDTAB
  0
TABLE
  2
VIEW
  5
7
330
0
100
AcDbSymbolTable
 70
0
  0
ENDTAB
  0
TABLE
  2
UCS
  5
6
330
0
100
AcDbSymbolTable
 70
0
  0
ENDTAB
  0
TABLE
  2
APPID
  5
3
330
0
100
AcDbSymbolTable
 70
3
  0
APPID
  5
2A
330
3
100
AcDbSymbolTableRecord
100
AcDbRegAppTableRecord
  2
ACAD
 70
0
  0
APPID
  5
62B
330
3
100
AcDbSymbolTableRecord
100
AcDbRegAppTableRecord
  2
HATCHBACKGROUNDCOLOR
 70
0
  0
APPID
  5
62C
330
3
100
AcDbSymbolTableRecord
100
AcDbRegAppTableRecord
  2
EZDXF
 70
0
  0
ENDTAB
  0
TABLE
  2
DIMSTYLE
  5
4
330
0
100
AcDbSymbolTable
 70
1
100
AcDbDimStyleTable
  0
DIMSTYLE
105
2B
330
4
100
AcDbSymbolTableRecord
100
AcDbDimStyleTableRecord
  2
Standard
 70
0
 40
1.0
 41
2.5
 42
0.625
 43
3.75
 44
1.25
 45
0.0
 46
0.0
 47
0.0
 48
0.0
 49
2.5
140
2.5
141
2.5
142
0.0
143
0.03937007874
144
1.0
145
0.0
146
1.0
147
0.625
148
0.0
 69
0
 70
0
 71
0
 72
0
 73
0
 74
0
 75
0
 76
0
 77
1
 78
8
 79
3
170
0
171
3
172
1
173
0
174
0
175
0
176
0
177
0
178
0
179
2
271
2
272
2
273
2
274
3
275
0
276
0
277
2
278
44
279
0
280
0
281
0
282
0
283
0
284
8
285
0
286
0
288
0
289
3
290
0
371
-2
372
-2
  0
ENDTAB
  0
TABLE
  2
BLOCK_RECORD
  5
9
330
0
100
AcDbSymbolTable
 70
8
  0
BLOCK_RECORD
  5
17
330
9
100
AcDbSymbolTableRecord
100
AcDbBlockTableRecord
  2
*Model_Space
340
1A
 70
0
280
1
281
0
  0
BLOCK_RECORD
  5
1B
330
9
100
AcDbSymbolTableRecord
100
AcDbBlockTableRecord
  2
*Paper_Space
340
1E
 70
0
280
1
281
0
  0
BLOCK_RECORD
  5
B3
330
9
100
AcDbSymbolTableRecord
100
AcDbBlockTableRecord
  2
*D1
340
0
 70
0
280
1
281
0
  0
BLOCK_RECORD
  5
B8
330
9
100
AcDbSymbolTableRecord
100
AcDbBlockTableRecord
  2
_CLOSEDFILLED
340
0
 70
0
280
1
281
0
  0
BLOCK_RECORD
  5
C7
330
9
100
AcDbSymbolTableRecord
100
AcDbBlockTableRecord
  2
*D2
340
0
 70
0
280
1
281
0
  0
BLOCK_RECORD
  5
5F1
330
9
100
AcDbSymbolTableRecord
100
AcDbBlockTableRecord
  2
*D3
340
0
 70
0
280
1
281
0
  0
BLOCK_RECORD
  5
601
330
9
100
AcDbSymbolTableRecord
100
AcDbBlockTableRecord
  2
*D4
340
0
 70
0
280
1
281
0
  0
BLOCK_RECORD
  5
61B
330
9
100
AcDbSymbolTableRecord
100
AcDbBlockTableRecord
  2
*D5
340
0
 70
0
280
1
281
0
  0
ENDTAB
  0
ENDSEC
  0
SECTION
  2
BLOCKS
  0
BLOCK
  5
18
330
17
100
AcDbEntity
  8
0
100
AcDbBlockBegin
  2
*Model_Space
 70
0
 10
0.0
 20
0.0
 30
0.0
  3
*Model_Space
  1

  0
ENDBLK
  5
19
330
17
100
AcDbEntity
  8
0
100
AcDbBlockEnd
  0
BLOCK
  5
1C
330
1B
100
AcDbEntity
  8
0
100
AcDbBlockBegin
  2
*Paper_Space
 70
0
 10
0.0
 20
0.0
 30
0.0
  3
*Paper_Space
  1

  0
ENDBLK
  5
1D
330
1B
100
AcDbEntity
  8
0
100
AcDbBlockEnd
  0
BLOCK
  5
B4
330
B3
100
AcDbEntity
  8
0
100
AcDbBlockBegin
  2
*D1
 70
1
 10
0.0
 20
0.0
 30
0.0
  3
*D1
  1

  0
LINE
  5
B6
330
B3
100
AcDbEntity
  8
0
100
AcDbLine
 10
532.98
 20
-1.194
 30
0.0
 11
532.98
 21
-0.95
 31
0.0
  0
LINE
  5
B7
330
B3
100
AcDbEntity
  8
0
100
AcDbLine
 10
533.98
 20
-1.194
 30
0.0
 11
533.98
 21
-0.95
 31
0.0
  0
INSERT
  5
BC
330
B3
100
AcDbEntity
  8
COTAS
100
AcDbBlockReference
  2
_CLOSEDFILLED
 10
532.98
 20
-0.95
 30
0.0
 41
0.09
 42
0.09
 50
180.0
  0
INSERT
  5
BE
330
B3
100
AcDbEntity
  8
COTAS
100
AcDbBlockReference
  2
_CLOSEDFILLED
 10
533.98
 20
-0.95
 30
0.0
 41
0.09
 42
0.09
  0
LINE
  5
C0
330
B3
100
AcDbEntity
  8
0
100
AcDbLine
 10
533.07
 20
-0.95
 30
0.0
 11
533.415
 21
-0.95
 31
0.0
  0
LINE
  5
C1
330
B3
100
AcDbEntity
  8
0
100
AcDbLine
 10
533.5450000000001
 20
-0.95
 30
0.0
 11
533.89
 21
-0.95
 31
0.0
  0
MTEXT
  5
C2
330
B3
100
AcDbEntity
  8
COTAS
100
AcDbMText
 10
533.48
 20
-0.95
 30
0.0
 40
0.13
 71
5
  1
1
  0
POINT
  5
C3
330
B3
100
AcDbEntity
  8
Defpoints
100
AcDbPoint
 10
532.98
 20
-0.95
 30
0.0
  0
POINT
  5
C4
330
B3
100
AcDbEntity
  8
Defpoints
100
AcDbPoint
 10
532.98
 20
-1.194
 30
0.0
  0
POINT
  5
C5
330
B3
100
AcDbEntity
  8
Defpoints
100
AcDbPoint
 10
533.98
 20
-1.194
 30
0.0
  0
ENDBLK
  5
B5
330
B3
100
AcDbEntity
  8
0
100
AcDbBlockEnd
  0
BLOCK
  5
B9
330
B8
100
AcDbEntity
  8
0
100
AcDbBlockBegin
  2
_CLOSEDFILLED
 70
0
 10
0.0
 20
0.0
 30
0.0
  3
_CLOSEDFILLED
  1

  0
SOLID
  5
BB
330
B8
100
AcDbEntity
  8
0
  6
BYBLOCK
 62
0
100
AcDbTrace
 10
-1.0
 20
0.16439898372402537
 30
0.0
 11
0.0
 21
0.0
 31
0.0
 12
-1.0
 22
-0.16439898372402537
 32
0.0
 13
-1.0
 23
-0.16439898372402537
 33
0.0
  0
ENDBLK
  5
BA
330
B8
100
AcDbEntity
  8
0
100
AcDbBlockEnd
  0
BLOCK
  5
C8
330
C7
100
AcDbEntity
  8
0
100
AcDbBlockBegin
  2
*D2
 70
1
 10
0.0
 20
0.0
 30
0.0
  3
*D2
  1

  0
LINE
  5
CA
330
C7
100
AcDbEntity
  8
0
100
AcDbLine
 10
534.0
 20
-5.0
 30
0.0
 11
534.4
 21
-5.0
 31
0.0
  0
LINE
  5
CB
330
C7
100
AcDbEntity
  8
0
100
AcDbLine
 10
534.0
 20
-6.0
 30
0.0
 11
534.4
 21
-6.0
 31
0.0
  0
INSERT
  5
CC
330
C7
100
AcDbEntity
  8
COTAS
100
AcDbBlockReference
  2
_CLOSEDFILLED
 10
534.4
 20
-5.0
 30
0.0
 41
0.09
 42
0.09
 50
270.0
  0
INSERT
  5
CE
330
C7
100
AcDbEntity
  8
COTAS
100
AcDbBlockReference
  2
_CLOSEDFILLED
 10
534.4
 20
-6.0
 30
0.0
 41
0.09
 42
0.09
 50
90.0
  0
LINE
  5
D0
330
C7
100
AcDbEntity
  8
0
100
AcDbLine
 10
534.4
 20
-4.91
 30
0.0
 11
534.4
 21
-5.435
 31
0.0
  0
LINE
  5
D1
330
C7
100
AcDbEntity
  8
0
100
AcDbLine
 10
534.4
 20
-5.565
 30
0.0
 11
534.4
 21
-6.09
 31
0.0
  0
MTEXT
  5
D2
330
C7
100
AcDbEntity
  8
COTAS
100
AcDbMText
 10
534.4
 20
-5.5
 30
0.0
 40
0.13
 71
5
  1
1
 50
90.0
  0
POINT
  5
D3
330
C7
100
AcDbEntity
  8
Defpoints
100
AcDbPoint
 10
534.4
 20
-5.0
 30
0.0
  0
POINT
  5
D4
330
C7
100
AcDbEntity
  8
Defpoints
100
AcDbPoint
 10
534.0
 20
-5.0
 30
0.0
  0
POINT
  5
D5
330
C7
100
AcDbEntity
  8
Defpoints
100
AcDbPoint
 10
534.0
 20
-6.0
 30
0.0
  0
ENDBLK
  5
C9
330
C7
100
AcDbEntity
  8
0
100
AcDbBlockEnd
  0
BLOCK
  5
5F2
330
5F1
100
AcDbEntity
  8
0
100
AcDbBlockBegin
  2
*D3
 70
1
 10
0.0
 20
0.0
 30
0.0
  3
*D3
  1

  0
LINE
  5
5F4
330
5F1
100
AcDbEntity
  8
0
100
AcDbLine
 10
565.8
 20
0.23722222447395325
 30
0.0
 11
565.8
 21
0.23722222447395325
 31
0.0
  0
LINE
  5
5F5
330
5F1
100
AcDbEntity
  8
0
100
AcDbLine
 10
565.8
 20
3.249999761581421
 30
0.0
 11
565.8
 21
3.249999761581421
 31
0.0
  0
INSERT
  5
5F6
330
5F1
100
AcDbEntity
  8
COTAS
100
AcDbBlockReference
  2
_CLOSEDFILLED
 10
565.8
 20
0.23722222447395325
 30
0.0
 41
0.09
 42
0.09
 50
270.0
  0
INSERT
  5
5F8
330
5F1
100
AcDbEntity
  8
COTAS
100
AcDbBlockReference
  2
_CLOSEDFILLED
 10
565.8
 20
3.249999761581421
 30
0.0
 41
0.09
 42
0.09
 50
90.0
  0
LINE
  5
5FA
330
5F1
100
AcDbEntity
  8
0
100
AcDbLine
 10
565.8
 20
0.3272222244739532
 30
0.0
 11
565.8
 21
1.4836109930276868
 31
0.0
  0
LINE
  5
5FB
330
5F1
100
AcDbEntity
  8
0
100
AcDbLine
 10
565.8
 20
2.003610993027687
 30
0.0
 11
565.8
 21
3.159999761581421
 31
0.0
  0
MTEXT
  5
5FC
330
5F1
100
AcDbEntity
  8
COTAS
100
AcDbMText
 10
565.8
 20
1.743610993027687
 30
0.0
 40
0.13
 71
5
  1
3,01
 50
90.0
  0
POINT
  5
5FD
330
5F1
100
AcDbEntity
  8
Defpoints
100
AcDbPoint
 10
565.8
 20
0.23722222447395325
 30
0.0
  0
POINT
  5
5FE
330
5F1
100
AcDbEntity
  8
Defpoints
100
AcDbPoint
 10
565.8
 20
0.23722222447395325
 30
0.0
  0
POINT
  5
5FF
330
5F1
100
AcDbEntity
  8
Defpoints
100
AcDbPoint
 10
565.8
 20
3.249999761581421
 30
0.0
  0
ENDBLK
  5
5F3
330
5F1
100
AcDbEntity
  8
0
100
AcDbBlockEnd
  0
BLOCK
  5
602
330
601
100
AcDbEntity
  8
0
100
AcDbBlockBegin
  2
*D4
 70
1
 10
0.0
 20
0.0
 30
0.0
  3
*D4
  1

  0
LINE
  5
604
330
601
100
AcDbEntity
  8
0
100
AcDbLine
 10
561.194000005722
 20
-0.1
 30
0.0
 11
561.194000005722
 21
-0.1
 31
0.0
  0
LINE
  5
605
330
601
100
AcDbEntity
  8
0
100
AcDbLine
 10
564.7828888893127
 20
-0.1
 30
0.0
 11
564.7828888893127
 21
-0.1
 31
0.0
  0
INSERT
  5
606
330
601
100
AcDbEntity
  8
COTAS
100
AcDbBlockReference
  2
_CLOSEDFILLED
 10
561.194000005722
 20
-0.1
 30
0.0
 41
0.09
 42
0.09
 50
180.0
  0
INSERT
  5
608
330
601
100
AcDbEntity
  8
COTAS
100
AcDbBlockReference
  2
_CLOSEDFILLED
 10
564.7828888893127
 20
-0.1
 30
0.0
 41
0.09
 42
0.09
  0
LINE
  5
60A
330
601
100
AcDbEntity
  8
0
100
AcDbLine
 10
561.2840000057221
 20
-0.10000000000000002
 30
0.0
 11
562.7284444475174
 21
-0.10000000000000002
 31
0.0
  0
LINE
  5
60B
330
601
100
AcDbEntity
  8
0
100
AcDbLine
 10
563.2484444475174
 20
-0.1
 30
0.0
 11
564.6928888893127
 21
-0.1
 31
0.0
  0
MTEXT
  5
60C
330
601
100
AcDbEntity
  8
COTAS
100
AcDbMText
 10
562.9884444475174
 20
-0.1
 30
0.0
 40
0.13
 71
5
  1
3,59
  0
POINT
  5
60D
330
601
100
AcDbEntity
  8
Defpoints
100
AcDbPoint
 10
561.194000005722
 20
-0.1
 30
0.0
  0
POINT
  5
60E
330
601
100
AcDbEntity
  8
Defpoints
100
AcDbPoint
 10
561.194000005722
 20
-0.1
 30
0.0
  0
POINT
  5
60F
330
601
100
AcDbEntity
  8
Defpoints
100
AcDbPoint
 10
564.7828888893127
 20
-0.1
 30
0.0
  0
ENDBLK
  5
603
330
601
100
AcDbEntity
  8
0
100
AcDbBlockEnd
  0
BLOCK
  5
61C
330
61B
100
AcDbEntity
  8
0
100
AcDbBlockBegin
  2
*D5
 70
1
 10
0.0
 20
0.0
 30
0.0
  3
*D5
  1

  0
LINE
  5
61E
330
61B
100
AcDbEntity
  8
0
100
AcDbLine
 10
614.25
 20
3.2
 30
0.0
 11
614.25
 21
3.2
 31
0.0
  0
LINE
  5
61F
330
61B
100
AcDbEntity
  8
0
100
AcDbLine
 10
614.25
 20
3.25
 30
0.0
 11
614.25
 21
3.25
 31
0.0
  0
INSERT
  5
620
330
61B
100
AcDbEntity
  8
COTAS
100
AcDbBlockReference
  2
_CLOSEDFILLED
 10
614.25
 20
3.2
 30
0.0
 41
0.09
 42
0.09
 50
90.0
  0
INSERT
  5
622
330
61B
100
AcDbEntity
  8
COTAS
100
AcDbBlockReference
  2
_CLOSEDFILLED
 10
614.25
 20
3.25
 30
0.0
 41
0.09
 42
0.09
 50
270.0
  0
LINE
  5
624
330
61B
100
AcDbEntity
  8
0
100
AcDbLine
 10
614.25
 20
3.1100000000000003
 30
0.0
 11
614.25
 21
3.02
 31
0.0
  0
LINE
  5
625
330
61B
100
AcDbEntity
  8
0
100
AcDbLine
 10
614.25
 20
3.34
 30
0.0
 11
614.25
 21
3.43
 31
0.0
  0
LINE
  5
626
330
61B
100
AcDbEntity
  8
0
100
AcDbLine
 10
614.25
 20
3.2
 30
0.0
 11
614.25
 21
3.25
 31
0.0
  0
MTEXT
  5
627
330
61B
100
AcDbEntity
  8
COTAS
100
AcDbMText
 10
613.56
 20
3.225
 30
0.0
 40
0.13
 71
5
  1
0,05
 50
90.0
  0
POINT
  5
628
330
61B
100
AcDbEntity
  8
Defpoints
100
AcDbPoint
 10
614.25
 20
3.2
 30
0.0
  0
POINT
  5
629
330
61B
100
AcDbEntity
  8
Defpoints
100
AcDbPoint
 10
614.25
 20
3.2
 30
0.0
  0
POINT
  5
62A
330
61B
100
AcDbEntity
  8
Defpoints
100
AcDbPoint
 10
614.25
 20
3.25
 30
0.0
  0
ENDBLK
  5
61D
330
61B
100
AcDbEntity
  8
0
100
AcDbBlockEnd
  0
ENDSEC
  0
SECTION
  2
ENTITIES
  0
LWPOLYLINE
  5
35
330
17
100
AcDbEntity
  8
VISTA
100
AcDbPolyline
 90
6
 70
1
 10
533.0008780000001
 20
-5.999121
 10
533.9991219999999
 20
-5.999121
 10
533.9991219999999
 20
-5.000879
 10
533.003
 20
-5.0
 10
533.0008780000001
 20
-5.000879
 10
533.0008780000001
 20
-5.999121
  0
LWPOLYLINE
  5
36
330
17
100
AcDbEntity
  8
VISTA
100
AcDbPolyline
 90
4
 70
1
 10
533.001497
 20
-5.998503
 10
533.001497
 20
-5.999117
 10
533.0008780000001
 20
-5.999121
 10
533.001497
 20
-5.998503
  0
LWPOLYLINE
  5
37
330
17
100
AcDbEntity
  8
VISTA
100
AcDbPolyline
 90
4
 70
1
 10
533.998503
 20
-5.998503
 10
533.999117
 20
-5.998503
 10
533.9991219999999
 20
-5.999121
 10
533.998503
 20
-5.998503
  0
LWPOLYLINE
  5
38
330
17
100
AcDbEntity
  8
VISTA
100
AcDbPolyline
 90
4
 70
1
 10
533.998503
 20
-5.001497
 10
533.998503
 20
-5.000883
 10
533.9991219999999
 20
-5.000879
 10
533.998503
 20
-5.001497
  0
LWPOLYLINE
  5
39
330
17
100
AcDbEntity
  8
VISTA
100
AcDbPolyline
 90
4
 70
1
 10
533.001497
 20
-5.001497
 10
533.000883
 20
-5.001497
 10
533.0008780000001
 20
-5.000879
 10
533.001497
 20
-5.001497
  0
LWPOLYLINE
  5
3A
330
17
100
AcDbEntity
  8
VISTA
100
AcDbPolyline
 90
12
 70
1
 10
532.9835
 20
-5.006
 10
533.9765
 20
-5.006
 10
533.978974
 20
-5.004975
 10
533.98
 20
-5.0025
 10
533.98
 20
-4.786389
 10
533.978974
 20
-4.783914
 10
533.9765
 20
-4.782889
 10
532.9835
 20
-4.782889
 10
532.981025
 20
-4.783914
 10
532.98
 20
-4.786389
 10
532.980646
 20
-5.004526
 10
532.9835
 20
-5.006
  0
LWPOLYLINE
  5
3B
330
17
100
AcDbEntity
  8
VISTA
100
AcDbPolyline
 90
4
 70
1
 10
532.981746
 20
-5.004253
 10
532.981746
 20
-5.00497
 10
532.98103
 20
-5.004253
 10
532.981746
 20
-5.004253
  0
LWPOLYLINE
  5
3C
330
17
100
AcDbEntity
  8
VISTA
100
AcDbPolyline
 90
4
 70
1
 10
532.981746
 20
-4.783919
 10
532.981746
 20
-4.784636
 10
532.98103
 20
-4.784636
 10
532.981746
 20
-4.783919
  0
LWPOLYLINE
  5
3D
330
17
100
AcDbEntity
  8
VISTA
100
AcDbPolyline
 90
4
 70
1
 10
533.978711
 20
-5.004712
 10
533.978253
 20
-5.00497
 10
533.978253
 20
-5.004253
 10
533.978711
 20
-5.004712
  0
LWPOLYLINE
  5
3E
330
17
100
AcDbEntity
  8
VISTA
100
AcDbPolyline
 90
4
 70
1
 10
533.978253
 20
-4.783919
 10
533.97897
 20
-4.784636
 10
533.978253
 20
-4.784636
 10
533.978253
 20
-4.783919
  0
LWPOLYLINE
  5
3F
330
17
100
AcDbEntity
  8
VISTA
100
AcDbPolyline
 90
12
 70
1
 10
532.9835
 20
-4.794889
 10
533.9765
 20
-4.794889
 10
533.978974
 20
-4.793864
 10
533.98
 20
-4.791389
 10
533.98
 20
-4.575278
 10
533.978974
 20
-4.572803
 10
533.9765
 20
-4.571778
 10
532.9835
 20
-4.571778
 10
532.981025
 20
-4.572803
 10
532.98
 20
-4.575278
 10
532.980646
 20
-4.793415
 10
532.9835
 20
-4.794889
  0
LWPOLYLINE
  5
40
330
17
100
AcDbEntity
  8
VISTA
100
AcDbPolyline
 90
4
 70
1
 10
532.981746
 20
-4.793142
 10
532.981746
 20
-4.793859
 10
532.98103
 20
-4.793142
 10
532.981746
 20
-4.793142
  0
LWPOLYLINE
  5
41
330
17
100
AcDbEntity
  8
VISTA
100
AcDbPolyline
 90
4
 70
1
 10
532.981746
 20
-4.572808
 10
532.981746
 20
-4.573524
 10
532.98103
 20
-4.573524
 10
532.981746
 20
-4.572808
  0
LWPOLYLINE
  5
42
330
17
100
AcDbEntity
  8
VISTA
100
AcDbPolyline
 90
4
 70
1
 10
533.978711
 20
-4.793601
 10
533.978253
 20
-4.793859
 10
533.978253
 20
-4.793142
 10
533.978711
 20
-4.793601
  0
LWPOLYLINE
  5
43
330
17
100
AcDbEntity
  8
VISTA
100
AcDbPolyline
 90
4
 70
1
 10
533.978253
 20
-4.572808
 10
533.97897
 20
-4.573524
 10
533.978253
 20
-4.573524
 10
533.978253
 20
-4.572808
  0
LWPOLYLINE
  5
44
330
17
100
AcDbEntity
  8
VISTA
100
AcDbPolyline
 90
12
 70
1
 10
532.9835
 20
-4.583778
 10
533.9765
 20
-4.583778
 10
533.978974
 20
-4.582753
 10
533.98
 20
-4.580278
 10
533.98
 20
-4.364167
 10
533.978974
 20
-4.361692
 10
533.9765
 20
-4.360667
 10
532.9835
 20
-4.360667
 10
532.981025
 20
-4.361692
 10
532.98
 20
-4.364167
 10
532.980646
 20
-4.582304
 10
532.9835
 20
-4.583778
  0
LWPOLYLINE
  5
45
330
17
100
AcDbEntity
  8
VISTA
100
AcDbPolyline
 90
4
 70
1
 10
532.981746
 20
-4.582031
 10
532.981746
 20
-4.582747
 10
532.98103
 20
-4.582031
 10
532.981746
 20
-4.582031
  0
LWPOLYLINE
  5
46
330
17
100
AcDbEntity
  8
VISTA
100
AcDbPolyline
 90
4
 70
1
 10
532.981746
 20
-4.361697
 10
532.981746
 20
-4.362413
 10
532.98103
 20
-4.362413
 10
532.981746
 20
-4.361697
  0
LWPOLYLINE
  5
47
330
17
100
AcDbEntity
  8
VISTA
100
AcDbPolyline
 90
4
 70
1
 10
533.978711
 20
-4.582489
 10
533.978253
 20
-4.582747
 10
533.978253
 20
-4.582031
 10
533.978711
 20
-4.582489
  0
LWPOLYLINE
  5
48
330
17
100
AcDbEntity
  8
VISTA
100
AcDbPolyline
 90
4
 70
1
 10
533.978253
 20
-4.361697
 10
533.97897
 20
-4.362413
 10
533.978253
 20
-4.362413
 10
533.978253
 20
-4.361697
  0
LWPOLYLINE
  5
49
330
17
100
AcDbEntity
  8
VISTA
100
AcDbPolyline
 90
12
 70
1
 10
532.9835
 20
-4.372667
 10
533.9765
 20
-4.372667
 10
533.978974
 20
-4.371642
 10
533.98
 20
-4.369167
 10
533.98
 20
-4.153056
 10
533.978974
 20
-4.150581
 10
533.9765
 20
-4.149556
 10
532.9835
 20
-4.149556
 10
532.981025
 20
-4.150581
 10
532.98
 20
-4.153056
 10
532.980646
 20
-4.371193
 10
532.9835
 20
-4.372667
  0
LWPOLYLINE
  5
4A
330
17
100
AcDbEntity
  8
VISTA
100
AcDbPolyline
 90
4
 70
1
 10
532.981746
 20
-4.37092
 10
532.981746
 20
-4.371636
 10
532.98103
 20
-4.37092
 10
532.981746
 20
-4.37092
  0
LWPOLYLINE
  5
4B
330
17
100
AcDbEntity
  8
VISTA
100
AcDbPolyline
 90
4
 70
1
 10
532.981746
 20
-4.150586
 10
532.981746
 20
-4.151302
 10
532.98103
 20
-4.151302
 10
532.981746
 20
-4.150586
  0
LWPOLYLINE
  5
4C
330
17
100
AcDbEntity
  8
VISTA
100
AcDbPolyline
 90
4
 70
1
 10
533.978711
 20
-4.371378
 10
533.978253
 20
-4.371636
 10
533.978253
 20
-4.37092
 10
533.978711
 20
-4.371378
  0
LWPOLYLINE
  5
4D
330
17
100
AcDbEntity
  8
VISTA
100
AcDbPolyline
 90
4
 70
1
 10
533.978253
 20
-4.150586
 10
533.97897
 20
-4.151302
 10
533.978253
 20
-4.151302
 10
533.978253
 20
-4.150586
  0
LWPOLYLINE
  5
4E
330
17
100
AcDbEntity
  8
VISTA
100
AcDbPolyline
 90
12
 70
1
 10
532.9835
 20
-4.161556
 10
533.9765
 20
-4.161556
 10
533.978974
 20
-4.160531
 10
533.98
 20
-4.158056
 10
533.98
 20
-3.941945
 10
533.978974
 20
-3.93947
 10
533.9765
 20
-3.938445
 10
532.9835
 20
-3.938445
 10
532.981025
 20
-3.93947
 10
532.98
 20
-3.941945
 10
532.980646
 20
-4.160082
 10
532.9835
 20
-4.161556
  0
LWPOLYLINE
  5
4F
330
17
100
AcDbEntity
  8
VISTA
100
AcDbPolyline
 90
4
 70
1
 10
532.981746
 20
-4.159809
 10
532.981746
 20
-4.160525
 10
532.98103
 20
-4.159809
 10
532.981746
 20
-4.159809
  0
LWPOLYLINE
  5
50
330
17
100
AcDbEntity
  8
VISTA
100
AcDbPolyline
 90
4
 70
1
 10
532.981746
 20
-3.939475
 10
532.981746
 20
-3.940191
 10
532.98103
 20
-3.940191
 10
532.981746
 20
-3.939475
  0
LWPOLYLINE
  5
51
330
17
100
AcDbEntity
  8
VISTA
100
AcDbPolyline
 90
4
 70
1
 10
532.9810273475459
 20
-3.9398085161315355
 10
532.981288
 20
-3.939733
 10
532.9810273475459
 20
-3.939808516131536
 10
532.9810273475459
 20
-3.9398085161315355
  0
LWPOLYLINE
  5
52
330
17
100
AcDbEntity
  8
VISTA
100
AcDbPolyline
 90
4
 70
1
 10
533.978711
 20
-4.160267
 10
533.978253
 20
-4.160525
 10
533.978253
 20
-4.159809
 10
533.978711
 20
-4.160267
  0
LWPOLYLINE
  5
53
330
17
100
AcDbEntity
  8
VISTA
100
AcDbPolyline
 90
4
 70
1
 10
533.978253
 20
-3.939475
 10
533.97897
 20
-3.940191
 10
533.978253
 20
-3.940191
 10
533.978253
 20
-3.939475
  0
LWPOLYLINE
  5
54
330
17
100
AcDbEntity
  8
VISTA
100
AcDbPolyline
 90
4
 70
1
 10
533.9789721212097
 20
-3.9398086519392788
 10
533.978711
 20
-3.939733
 10
533.9789721212097
 20
-3.9398086519392783
 10
533.9789721212097
 20
-3.9398086519392788
  0
LWPOLYLINE
  5
55
330
17
100
AcDbEntity
  8
VISTA
100
AcDbPolyline
 90
12
 70
1
 10
532.9835
 20
-3.950444
 10
533.9765
 20
-3.950444
 10
533.978974
 20
-3.949419
 10
533.98
 20
-3.946944
 10
533.98
 20
-3.730833
 10
533.978974
 20
-3.728359
 10
533.9765
 20
-3.727333
 10
532.9835
 20
-3.727333
 10
532.981025
 20
-3.728359
 10
532.98
 20
-3.730833
 10
532.980646
 20
-3.948971
 10
532.9835
 20
-3.950444
  0
LWPOLYLINE
  5
56
330
17
100
AcDbEntity
  8
VISTA
100
AcDbPolyline
 90
4
 70
1
 10
532.981746
 20
-3.948698
 10
532.981746
 20
-3.949414
 10
532.98103
 20
-3.948698
 10
532.981746
 20
-3.948698
  0
LWPOLYLINE
  5
57
330
17
100
AcDbEntity
  8
VISTA
100
AcDbPolyline
 90
4
 70
1
 10
532.981746
 20
-3.728364
 10
532.981746
 20
-3.72908
 10
532.98103
 20
-3.72908
 10
532.981746
 20
-3.728364
  0
LWPOLYLINE
  5
58
330
17
100
AcDbEntity
  8
VISTA
100
AcDbPolyline
 90
4
 70
1
 10
533.978711
 20
-3.949156
 10
533.978253
 20
-3.949414
 10
533.978253
 20
-3.948698
 10
533.978711
 20
-3.949156
  0
LWPOLYLINE
  5
59
330
17
100
AcDbEntity
  8
VISTA
100
AcDbPolyline
 90
4
 70
1
 10
533.978253
 20
-3.728364
 10
533.97897
 20
-3.72908
 10
533.978253
 20
-3.72908
 10
533.978253
 20
-3.728364
  0
LWPOLYLINE
  5
5A
330
17
100
AcDbEntity
  8
VISTA
100
AcDbPolyline
 90
12
 70
1
 10
532.9835
 20
-3.739333
 10
533.9765
 20
-3.739333
 10
533.978974
 20
-3.738308
 10
533.98
 20
-3.735833
 10
533.98
 20
-3.519722
 10
533.978974
 20
-3.517247
 10
533.9765
 20
-3.516222
 10
532.9835
 20
-3.516222
 10
532.981025
 20
-3.517247
 10
532.98
 20
-3.519722
 10
532.980646
 20
-3.737859
 10
532.9835
 20
-3.739333
  0
LWPOLYLINE
  5
5B
330
17
100
AcDbEntity
  8
VISTA
100
AcDbPolyline
 90
4
 70
1
 10
532.981746
 20
-3.737587
 10
532.981746
 20
-3.738303
 10
532.98103
 20
-3.737587
 10
532.981746
 20
-3.737587
  0
LWPOLYLINE
  5
5C
330
17
100
AcDbEntity
  8
VISTA
100
AcDbPolyline
 90
4
 70
1
 10
532.981746
 20
-3.517252
 10
532.981746
 20
-3.517969
 10
532.98103
 20
-3.517969
 10
532.981746
 20
-3.517252
  0
LWPOLYLINE
  5
5D
330
17
100
AcDbEntity
  8
VISTA
100
AcDbPolyline
 90
4
 70
1
 10
533.978711
 20
-3.738045
 10
533.978253
 20
-3.738303
 10
533.978253
 20
-3.737587
 10
533.978711
 20
-3.738045
  0
LWPOLYLINE
  5
5E
330
17
100
AcDbEntity
  8
VISTA
100
AcDbPolyline
 90
4
 70
1
 10
533.9789721212097
 20
-3.7379693480607212
 10
533.9789721212097
 20
-3.7379693480607217
 10
533.978711
 20
-3.738045
 10
533.9789721212097
 20
-3.7379693480607212
  0
LWPOLYLINE
  5
5F
330
17
100
AcDbEntity
  8
VISTA
100
AcDbPolyline
 90
4
 70
1
 10
533.978253
 20
-3.517252
 10
533.97897
 20
-3.517969
 10
533.978253
 20
-3.517969
 10
533.978253
 20
-3.517252
  0
LWPOLYLINE
  5
60
330
17
100
AcDbEntity
  8
VISTA
100
AcDbPolyline
 90
12
 70
1
 10
532.9835
 20
-3.528222
 10
533.9765
 20
-3.528222
 10
533.978974
 20
-3.527197
 10
533.98
 20
-3.524722
 10
533.98
 20
-3.308611
 10
533.978974
 20
-3.306136
 10
533.9765
 20
-3.305111
 10
532.9835
 20
-3.305111
 10
532.981025
 20
-3.306136
 10
532.98
 20
-3.308611
 10
532.980646
 20
-3.526748
 10
532.9835
 20
-3.528222
  0
LWPOLYLINE
  5
61
330
17
100
AcDbEntity
  8
VISTA
100
AcDbPolyline
 90
4
 70
1
 10
532.981746
 20
-3.526476
 10
532.981746
 20
-3.527192
 10
532.98103
 20
-3.526476
 10
532.981746
 20
-3.526476
  0
LWPOLYLINE
  5
62
330
17
100
AcDbEntity
  8
VISTA
100
AcDbPolyline
 90
4
 70
1
 10
532.981746
 20
-3.306141
 10
532.981746
 20
-3.306858
 10
532.98103
 20
-3.306858
 10
532.981746
 20
-3.306141
  0
LWPOLYLINE
  5
63
330
17
100
AcDbEntity
  8
VISTA
100
AcDbPolyline
 90
4
 70
1
 10
533.978711
 20
-3.526934
 10
533.978253
 20
-3.527192
 10
533.978253
 20
-3.526476
 10
533.978711
 20
-3.526934
  0
LWPOLYLINE
  5
64
330
17
100
AcDbEntity
  8
VISTA
100
AcDbPolyline
 90
4
 70
1
 10
533.978253
 20
-3.306141
 10
533.97897
 20
-3.306858
 10
533.978253
 20
-3.306858
 10
533.978253
 20
-3.306141
  0
LWPOLYLINE
  5
65
330
17
100
AcDbEntity
  8
VISTA
100
AcDbPolyline
 90
12
 70
1
 10
532.9835
 20
-3.317111
 10
533.9765
 20
-3.317111
 10
533.978974
 20
-3.316086
 10
533.98
 20
-3.313611
 10
533.98
 20
-3.0975
 10
533.978974
 20
-3.095025
 10
533.9765
 20
-3.094
 10
532.9835
 20
-3.094
 10
532.981025
 20
-3.095025
 10
532.98
 20
-3.0975
 10
532.980646
 20
-3.315637
 10
532.9835
 20
-3.317111
  0
LWPOLYLINE
  5
66
330
17
100
AcDbEntity
  8
VISTA
100
AcDbPolyline
 90
4
 70
1
 10
532.981746
 20
-3.315365
 10
532.981746
 20
-3.316081
 10
532.98103
 20
-3.315365
 10
532.981746
 20
-3.315365
  0
LWPOLYLINE
  5
67
330
17
100
AcDbEntity
  8
VISTA
100
AcDbPolyline
 90
4
 70
1
 10
532.981746
 20
-3.09503
 10
532.981746
 20
-3.095746
 10
532.98103
 20
-3.095746
 10
532.981746
 20
-3.09503
  0
LWPOLYLINE
  5
68
330
17
100
AcDbEntity
  8
VISTA
100
AcDbPolyline
 90
4
 70
1
 10
533.978711
 20
-3.315823
 10
533.978253
 20
-3.316081
 10
533.978253
 20
-3.315365
 10
533.978711
 20
-3.315823
  0
LWPOLYLINE
  5
69
330
17
100
AcDbEntity
  8
VISTA
100
AcDbPolyline
 90
4
 70
1
 10
533.978253
 20
-3.09503
 10
533.97897
 20
-3.095746
 10
533.978253
 20
-3.095746
 10
533.978253
 20
-3.09503
  0
LWPOLYLINE
  5
6A
330
17
100
AcDbEntity
  8
VISTA
100
AcDbPolyline
 90
12
 70
1
 10
532.9835
 20
-3.106
 10
533.9765
 20
-3.106
 10
533.978974
 20
-3.104975
 10
533.98
 20
-3.1025
 10
533.98
 20
-2.886389
 10
533.978974
 20
-2.883914
 10
533.9765
 20
-2.882889
 10
532.9835
 20
-2.882889
 10
532.981025
 20
-2.883914
 10
532.98
 20
-2.886389
 10
532.980646
 20
-3.104526
 10
532.9835
 20
-3.106
  0
LWPOLYLINE
  5
6B
330
17
100
AcDbEntity
  8
VISTA
100
AcDbPolyline
 90
4
 70
1
 10
532.981746
 20
-3.104254
 10
532.981746
 20
-3.10497
 10
532.98103
 20
-3.104254
 10
532.981746
 20
-3.104254
  0
LWPOLYLINE
  5
6C
330
17
100
AcDbEntity
  8
VISTA
100
AcDbPolyline
 90
4
 70
1
 10
532.981746
 20
-2.883919
 10
532.981746
 20
-2.884635
 10
532.98103
 20
-2.884635
 10
532.981746
 20
-2.883919
  0
LWPOLYLINE
  5
6D
330
17
100
AcDbEntity
  8
VISTA
100
AcDbPolyline
 90
4
 70
1
 10
533.978711
 20
-3.104712
 10
533.978253
 20
-3.10497
 10
533.978253
 20
-3.104254
 10
533.978711
 20
-3.104712
  0
LWPOLYLINE
  5
6E
330
17
100
AcDbEntity
  8
VISTA
100
AcDbPolyline
 90
4
 70
1
 10
533.9789721212097
 20
-3.1046363480607213
 10
533.9789721212097
 20
-3.1046363480607218
 10
533.978711
 20
-3.104712
 10
533.9789721212097
 20
-3.1046363480607213
  0
LWPOLYLINE
  5
6F
330
17
100
AcDbEntity
  8
VISTA
100
AcDbPolyline
 90
4
 70
1
 10
533.978253
 20
-2.883919
 10
533.97897
 20
-2.884635
 10
533.978253
 20
-2.884635
 10
533.978253
 20
-2.883919
  0
LWPOLYLINE
  5
70
330
17
100
AcDbEntity
  8
VISTA
100
AcDbPolyline
 90
12
 70
1
 10
532.9835
 20
-2.894889
 10
533.9765
 20
-2.894889
 10
533.978974
 20
-2.893864
 10
533.98
 20
-2.891389
 10
533.98
 20
-2.675278
 10
533.978974
 20
-2.672803
 10
533.9765
 20
-2.671778
 10
532.9835
 20
-2.671778
 10
532.981025
 20
-2.672803
 10
532.98
 20
-2.675278
 10
532.980646
 20
-2.893415
 10
532.9835
 20
-2.894889
  0
LWPOLYLINE
  5
71
330
17
100
AcDbEntity
  8
VISTA
100
AcDbPolyline
 90
4
 70
1
 10
532.981746
 20
-2.893142
 10
532.981746
 20
-2.893859
 10
532.98103
 20
-2.893142
 10
532.981746
 20
-2.893142
  0
LWPOLYLINE
  5
72
330
17
100
AcDbEntity
  8
VISTA
100
AcDbPolyline
 90
4
 70
1
 10
532.981746
 20
-2.672808
 10
532.981746
 20
-2.673524
 10
532.98103
 20
-2.673524
 10
532.981746
 20
-2.672808
  0
LWPOLYLINE
  5
73
330
17
100
AcDbEntity
  8
VISTA
100
AcDbPolyline
 90
4
 70
1
 10
532.9810273475459
 20
-2.6731415161315355
 10
532.981288
 20
-2.673066
 10
532.9810273475459
 20
-2.673141516131536
 10
532.9810273475459
 20
-2.6731415161315355
  0
LWPOLYLINE
  5
74
330
17
100
AcDbEntity
  8
VISTA
100
AcDbPolyline
 90
4
 70
1
 10
533.978711
 20
-2.893601
 10
533.978253
 20
-2.893859
 10
533.978253
 20
-2.893142
 10
533.978711
 20
-2.893601
  0
LWPOLYLINE
  5
75
330
17
100
AcDbEntity
  8
VISTA
100
AcDbPolyline
 90
4
 70
1
 10
533.978253
 20
-2.672808
 10
533.97897
 20
-2.673524
 10
533.978253
 20
-2.673524
 10
533.978253
 20
-2.672808
  0
LWPOLYLINE
  5
76
330
17
100
AcDbEntity
  8
VISTA
100
AcDbPolyline
 90
4
 70
1
 10
533.9789721212097
 20
-2.6731416519392788
 10
533.978711
 20
-2.673066
 10
533.9789721212097
 20
-2.6731416519392783
 10
533.9789721212097
 20
-2.6731416519392788
  0
LWPOLYLINE
  5
77
330
17
100
AcDbEntity
  8
VISTA
100
AcDbPolyline
 90
12
 70
1
 10
532.9835
 20
-2.683778
 10
533.9765
 20
-2.683778
 10
533.978974
 20
-2.682753
 10
533.98
 20
-2.680278
 10
533.98
 20
-2.464167
 10
533.978974
 20
-2.461692
 10
533.9765
 20
-2.460667
 10
532.9835
 20
-2.460667
 10
532.981025
 20
-2.461692
 10
532.98
 20
-2.464167
 10
532.980646
 20
-2.682304
 10
532.9835
 20
-2.683778
  0
LWPOLYLINE
  5
78
330
17
100
AcDbEntity
  8
VISTA
100
AcDbPolyline
 90
4
 70
1
 10
532.981746
 20
-2.682031
 10
532.981746
 20
-2.682748
 10
532.98103
 20
-2.682031
 10
532.981746
 20
-2.682031
  0
LWPOLYLINE
  5
79
330
17
100
AcDbEntity
  8
VISTA
100
AcDbPolyline
 90
4
 70
1
 10
532.981746
 20
-2.461697
 10
532.981746
 20
-2.462413
 10
532.98103
 20
-2.462413
 10
532.981746
 20
-2.461697
  0
LWPOLYLINE
  5
7A
330
17
100
AcDbEntity
  8
VISTA
100
AcDbPolyline
 90
4
 70
1
 10
533.978711
 20
-2.68249
 10
533.978253
 20
-2.682748
 10
533.978253
 20
-2.682031
 10
533.978711
 20
-2.68249
  0
LWPOLYLINE
  5
7B
330
17
100
AcDbEntity
  8
VISTA
100
AcDbPolyline
 90
4
 70
1
 10
533.978253
 20
-2.461697
 10
533.97897
 20
-2.462413
 10
533.978253
 20
-2.462413
 10
533.978253
 20
-2.461697
  0
LWPOLYLINE
  5
7C
330
17
100
AcDbEntity
  8
VISTA
100
AcDbPolyline
 90
12
 70
1
 10
532.9835
 20
-2.472667
 10
533.9765
 20
-2.472667
 10
533.978974
 20
-2.471642
 10
533.98
 20
-2.469167
 10
533.98
 20
-2.253056
 10
533.978974
 20
-2.250581
 10
533.9765
 20
-2.249556
 10
532.9835
 20
-2.249556
 10
532.981025
 20
-2.250581
 10
532.98
 20
-2.253056
 10
532.980646
 20
-2.471193
 10
532.9835
 20
-2.472667
  0
LWPOLYLINE
  5
7D
330
17
100
AcDbEntity
  8
VISTA
100
AcDbPolyline
 90
4
 70
1
 10
532.981746
 20
-2.47092
 10
532.981746
 20
-2.471637
 10
532.98103
 20
-2.47092
 10
532.981746
 20
-2.47092
  0
LWPOLYLINE
  5
7E
330
17
100
AcDbEntity
  8
VISTA
100
AcDbPolyline
 90
4
 70
1
 10
532.981746
 20
-2.250586
 10
532.981746
 20
-2.251302
 10
532.98103
 20
-2.251302
 10
532.981746
 20
-2.250586
  0
LWPOLYLINE
  5
7F
330
17
100
AcDbEntity
  8
VISTA
100
AcDbPolyline
 90
4
 70
1
 10
533.978711
 20
-2.471379
 10
533.978253
 20
-2.471637
 10
533.978253
 20
-2.47092
 10
533.978711
 20
-2.471379
  0
LWPOLYLINE
  5
80
330
17
100
AcDbEntity
  8
VISTA
100
AcDbPolyline
 90
4
 70
1
 10
533.978253
 20
-2.250586
 10
533.97897
 20
-2.251302
 10
533.978253
 20
-2.251302
 10
533.978253
 20
-2.250586
  0
LWPOLYLINE
  5
81
330
17
100
AcDbEntity
  8
VISTA
100
AcDbPolyline
 90
12
 70
1
 10
532.9835
 20
-2.261556
 10
533.9765
 20
-2.261556
 10
533.978974
 20
-2.26053
 10
533.98
 20
-2.258056
 10
533.98
 20
-2.041945
 10
533.978974
 20
-2.03947
 10
533.9765
 20
-2.038445
 10
532.9835
 20
-2.038445
 10
532.981025
 20
-2.03947
 10
532.98
 20
-2.041945
 10
532.980646
 20
-2.260082
 10
532.9835
 20
-2.261556
  0
LWPOLYLINE
  5
82
330
17
100
AcDbEntity
  8
VISTA
100
AcDbPolyline
 90
4
 70
1
 10
532.981746
 20
-2.259809
 10
532.981746
 20
-2.260525
 10
532.98103
 20
-2.259809
 10
532.981746
 20
-2.259809
  0
LWPOLYLINE
  5
83
330
17
100
AcDbEntity
  8
VISTA
100
AcDbPolyline
 90
4
 70
1
 10
532.981027344736
 20
-2.260191889059458
 10
532.981288
 20
-2.260267
 10
532.981027344736
 20
-2.2601918890594583
 10
532.981027344736
 20
-2.260191889059458
  0
LWPOLYLINE
  5
84
330
17
100
AcDbEntity
  8
VISTA
100
AcDbPolyline
 90
4
 70
1
 10
532.981746
 20
-2.039475
 10
532.981746
 20
-2.040191
 10
532.98103
 20
-2.040191
 10
532.981746
 20
-2.039475
  0
LWPOLYLINE
  5
85
330
17
100
AcDbEntity
  8
VISTA
100
AcDbPolyline
 90
4
 70
1
 10
533.978711
 20
-2.260267
 10
533.978253
 20
-2.260525
 10
533.978253
 20
-2.259809
 10
533.978711
 20
-2.260267
  0
LWPOLYLINE
  5
86
330
17
100
AcDbEntity
  8
VISTA
100
AcDbPolyline
 90
4
 70
1
 10
533.9789721234627
 20
-2.260191754142383
 10
533.9789721234627
 20
-2.2601917541423835
 10
533.978711
 20
-2.260267
 10
533.9789721234627
 20
-2.260191754142383
  0
LWPOLYLINE
  5
87
330
17
100
AcDbEntity
  8
VISTA
100
AcDbPolyline
 90
4
 70
1
 10
533.978253
 20
-2.039475
 10
533.97897
 20
-2.040191
 10
533.978253
 20
-2.040191
 10
533.978253
 20
-2.039475
  0
LWPOLYLINE
  5
88
330
17
100
AcDbEntity
  8
VISTA
100
AcDbPolyline
 90
12
 70
1
 10
532.9835
 20
-2.050444
 10
533.9765
 20
-2.050444
 10
533.978974
 20
-2.049419
 10
533.98
 20
-2.046944
 10
533.98
 20
-1.830833
 10
533.978974
 20
-1.828359
 10
533.9765
 20
-1.827333
 10
532.9835
 20
-1.827333
 10
532.981025
 20
-1.828359
 10
532.98
 20
-1.830833
 10
532.980646
 20
-2.048971
 10
532.9835
 20
-2.050444
  0
LWPOLYLINE
  5
89
330
17
100
AcDbEntity
  8
VISTA
100
AcDbPolyline
 90
4
 70
1
 10
532.981746
 20
-2.048698
 10
532.981746
 20
-2.049414
 10
532.98103
 20
-2.048698
 10
532.981746
 20
-2.048698
  0
LWPOLYLINE
  5
8A
330
17
100
AcDbEntity
  8
VISTA
100
AcDbPolyline
 90
4
 70
1
 10
532.981746
 20
-1.828364
 10
532.981746
 20
-1.82908
 10
532.98103
 20
-1.82908
 10
532.981746
 20
-1.828364
  0
LWPOLYLINE
  5
8B
330
17
100
AcDbEntity
  8
VISTA
100
AcDbPolyline
 90
4
 70
1
 10
533.978711
 20
-2.049156
 10
533.978253
 20
-2.049414
 10
533.978253
 20
-2.048698
 10
533.978711
 20
-2.049156
  0
LWPOLYLINE
  5
8C
330
17
100
AcDbEntity
  8
VISTA
100
AcDbPolyline
 90
4
 70
1
 10
533.978253
 20
-1.828364
 10
533.97897
 20
-1.82908
 10
533.978253
 20
-1.82908
 10
533.978253
 20
-1.828364
  0
LWPOLYLINE
  5
8D
330
17
100
AcDbEntity
  8
VISTA
100
AcDbPolyline
 90
12
 70
1
 10
532.9835
 20
-1.839333
 10
533.9765
 20
-1.839333
 10
533.978974
 20
-1.838308
 10
533.98
 20
-1.835833
 10
533.98
 20
-1.619722
 10
533.978974
 20
-1.617247
 10
533.9765
 20
-1.616222
 10
532.9835
 20
-1.616222
 10
532.981025
 20
-1.617247
 10
532.98
 20
-1.619722
 10
532.980646
 20
-1.83786
 10
532.9835
 20
-1.839333
  0
LWPOLYLINE
  5
8E
330
17
100
AcDbEntity
  8
VISTA
100
AcDbPolyline
 90
4
 70
1
 10
532.981746
 20
-1.837587
 10
532.981746
 20
-1.838303
 10
532.98103
 20
-1.837587
 10
532.981746
 20
-1.837587
  0
LWPOLYLINE
  5
8F
330
17
100
AcDbEntity
  8
VISTA
100
AcDbPolyline
 90
4
 70
1
 10
532.981027344736
 20
-1.837969889059458
 10
532.981288
 20
-1.838045
 10
532.981027344736
 20
-1.8379698890594582
 10
532.981027344736
 20
-1.837969889059458
  0
LWPOLYLINE
  5
90
330
17
100
AcDbEntity
  8
VISTA
100
AcDbPolyline
 90
4
 70
1
 10
532.981746
 20
-1.617252
 10
532.981746
 20
-1.617969
 10
532.98103
 20
-1.617969
 10
532.981746
 20
-1.617252
  0
LWPOLYLINE
  5
91
330
17
100
AcDbEntity
  8
VISTA
100
AcDbPolyline
 90
4
 70
1
 10
533.978711
 20
-1.838045
 10
533.978253
 20
-1.838303
 10
533.978253
 20
-1.837587
 10
533.978711
 20
-1.838045
  0
LWPOLYLINE
  5
92
330
17
100
AcDbEntity
  8
VISTA
100
AcDbPolyline
 90
4
 70
1
 10
533.9789721234627
 20
-1.8379697541423832
 10
533.9789721234627
 20
-1.8379697541423834
 10
533.978711
 20
-1.838045
 10
533.9789721234627
 20
-1.8379697541423832
  0
LWPOLYLINE
  5
93
330
17
100
AcDbEntity
  8
VISTA
100
AcDbPolyline
 90
4
 70
1
 10
533.978253
 20
-1.617252
 10
533.97897
 20
-1.617969
 10
533.978253
 20
-1.617969
 10
533.978253
 20
-1.617252
  0
LWPOLYLINE
  5
94
330
17
100
AcDbEntity
  8
VISTA
100
AcDbPolyline
 90
12
 70
1
 10
532.9835
 20
-1.628222
 10
533.9765
 20
-1.628222
 10
533.978974
 20
-1.627197
 10
533.98
 20
-1.624722
 10
533.98
 20
-1.408611
 10
533.978974
 20
-1.406136
 10
533.9765
 20
-1.405111
 10
532.9835
 20
-1.405111
 10
532.981025
 20
-1.406136
 10
532.98
 20
-1.408611
 10
532.980646
 20
-1.626748
 10
532.9835
 20
-1.628222
  0
LWPOLYLINE
  5
95
330
17
100
AcDbEntity
  8
VISTA
100
AcDbPolyline
 90
4
 70
1
 10
532.981746
 20
-1.626476
 10
532.981746
 20
-1.627192
 10
532.98103
 20
-1.626476
 10
532.981746
 20
-1.626476
  0
LWPOLYLINE
  5
96
330
17
100
AcDbEntity
  8
VISTA
100
AcDbPolyline
 90
4
 70
1
 10
532.981746
 20
-1.406141
 10
532.981746
 20
-1.406857
 10
532.98103
 20
-1.406857
 10
532.981746
 20
-1.406141
  0
LWPOLYLINE
  5
97
330
17
100
AcDbEntity
  8
VISTA
100
AcDbPolyline
 90
4
 70
1
 10
533.978711
 20
-1.626934
 10
533.978253
 20
-1.627192
 10
533.978253
 20
-1.626476
 10
533.978711
 20
-1.626934
  0
LWPOLYLINE
  5
98
330
17
100
AcDbEntity
  8
VISTA
100
AcDbPolyline
 90
4
 70
1
 10
533.978253
 20
-1.406141
 10
533.97897
 20
-1.406857
 10
533.978253
 20
-1.406857
 10
533.978253
 20
-1.406141
  0
LWPOLYLINE
  5
99
330
17
100
AcDbEntity
  8
VISTA
100
AcDbPolyline
 90
12
 70
1
 10
532.9835
 20
-1.417111
 10
533.9765
 20
-1.417111
 10
533.978974
 20
-1.416086
 10
533.98
 20
-1.413611
 10
533.98
 20
-1.1975
 10
533.978974
 20
-1.195025
 10
533.9765
 20
-1.194
 10
532.9835
 20
-1.194
 10
532.981025
 20
-1.195025
 10
532.98
 20
-1.1975
 10
532.980646
 20
-1.415637
 10
532.9835
 20
-1.417111
  0
LWPOLYLINE
  5
9A
330
17
100
AcDbEntity
  8
VISTA
100
AcDbPolyline
 90
4
 70
1
 10
532.981746
 20
-1.415365
 10
532.981746
 20
-1.416081
 10
532.98103
 20
-1.415365
 10
532.981746
 20
-1.415365
  0
LWPOLYLINE
  5
9B
330
17
100
AcDbEntity
  8
VISTA
100
AcDbPolyline
 90
4
 70
1
 10
532.981746
 20
-1.19503
 10
532.981746
 20
-1.195746
 10
532.98103
 20
-1.195746
 10
532.981746
 20
-1.19503
  0
LWPOLYLINE
  5
9C
330
17
100
AcDbEntity
  8
VISTA
100
AcDbPolyline
 90
4
 70
1
 10
533.978711
 20
-1.415823
 10
533.978253
 20
-1.416081
 10
533.978253
 20
-1.415365
 10
533.978711
 20
-1.415823
  0
LWPOLYLINE
  5
9D
330
17
100
AcDbEntity
  8
VISTA
100
AcDbPolyline
 90
4
 70
1
 10
533.978253
 20
-1.19503
 10
533.97897
 20
-1.195746
 10
533.978253
 20
-1.195746
 10
533.978253
 20
-1.19503
  0
LWPOLYLINE
  5
9E
330
17
100
AcDbEntity
  8
VISTA
100
AcDbPolyline
 90
5
 70
1
 10
533.0
 20
-4.9945
 10
533.0
 20
-5.0195
 10
533.959999
 20
-5.0195
 10
533.959999
 20
-4.9945
 10
533.0
 20
-4.9945
  0
LWPOLYLINE
  5
9F
330
17
100
AcDbEntity
  8
VISTA
100
AcDbPolyline
 90
5
 70
1
 10
533.0307
 20
-4.819889
 10
533.929999
 20
-4.819189
 10
533.929299
 20
-4.797889
 10
533.0307
 20
-4.798094
 10
533.0307
 20
-4.819889
  0
LWPOLYLINE
  5
A0
330
17
100
AcDbEntity
  8
VISTA
100
AcDbPolyline
 90
5
 70
1
 10
533.0307
 20
-4.608778
 10
533.929999
 20
-4.608078
 10
533.929299
 20
-4.586778
 10
533.0307
 20
-4.586983
 10
533.0307
 20
-4.608778
  0
LWPOLYLINE
  5
A1
330
17
100
AcDbEntity
  8
VISTA
100
AcDbPolyline
 90
5
 70
1
 10
533.0307
 20
-4.397667
 10
533.929999
 20
-4.396967
 10
533.929299
 20
-4.375667
 10
533.0307
 20
-4.375872
 10
533.0307
 20
-4.397667
  0
LWPOLYLINE
  5
A2
330
17
100
AcDbEntity
  8
VISTA
100
AcDbPolyline
 90
5
 70
1
 10
533.0307
 20
-4.186556
 10
533.929999
 20
-4.185856
 10
533.929299
 20
-4.164556
 10
533.0307
 20
-4.164761
 10
533.0307
 20
-4.186556
  0
LWPOLYLINE
  5
A3
330
17
100
AcDbEntity
  8
VISTA
100
AcDbPolyline
 90
5
 70
1
 10
533.0307
 20
-3.975445
 10
533.929999
 20
-3.974745
 10
533.929299
 20
-3.953445
 10
533.0307
 20
-3.95365
 10
533.0307
 20
-3.975445
  0
LWPOLYLINE
  5
A4
330
17
100
AcDbEntity
  8
VISTA
100
AcDbPolyline
 90
5
 70
1
 10
533.0307
 20
-3.764333
 10
533.929999
 20
-3.763633
 10
533.929299
 20
-3.742333
 10
533.0307
 20
-3.742538
 10
533.0307
 20
-3.764333
  0
LWPOLYLINE
  5
A5
330
17
100
AcDbEntity
  8
VISTA
100
AcDbPolyline
 90
5
 70
1
 10
533.0307
 20
-3.553222
 10
533.929999
 20
-3.552522
 10
533.929299
 20
-3.531222
 10
533.0307
 20
-3.531427
 10
533.0307
 20
-3.553222
  0
LWPOLYLINE
  5
A6
330
17
100
AcDbEntity
  8
VISTA
100
AcDbPolyline
 90
5
 70
1
 10
533.0307
 20
-3.342111
 10
533.929999
 20
-3.341411
 10
533.929299
 20
-3.320111
 10
533.0307
 20
-3.320316
 10
533.0307
 20
-3.342111
  0
LWPOLYLINE
  5
A7
330
17
100
AcDbEntity
  8
VISTA
100
AcDbPolyline
 90
5
 70
1
 10
533.0307
 20
-3.131
 10
533.929999
 20
-3.1303
 10
533.929299
 20
-3.109
 10
533.0307
 20
-3.109205
 10
533.0307
 20
-3.131
  0
LWPOLYLINE
  5
A8
330
17
100
AcDbEntity
  8
VISTA
100
AcDbPolyline
 90
5
 70
1
 10
533.0307
 20
-2.919889
 10
533.929999
 20
-2.919189
 10
533.929299
 20
-2.897889
 10
533.0307
 20
-2.898094
 10
533.0307
 20
-2.919889
  0
LWPOLYLINE
  5
A9
330
17
100
AcDbEntity
  8
VISTA
100
AcDbPolyline
 90
5
 70
1
 10
533.0307
 20
-2.708778
 10
533.929999
 20
-2.708078
 10
533.929299
 20
-2.686778
 10
533.0307
 20
-2.686983
 10
533.0307
 20
-2.708778
  0
LWPOLYLINE
  5
AA
330
17
100
AcDbEntity
  8
VISTA
100
AcDbPolyline
 90
5
 70
1
 10
533.0307
 20
-2.497667
 10
533.929999
 20
-2.496967
 10
533.929299
 20
-2.475667
 10
533.0307
 20
-2.475872
 10
533.0307
 20
-2.497667
  0
LWPOLYLINE
  5
AB
330
17
100
AcDbEntity
  8
VISTA
100
AcDbPolyline
 90
5
 70
1
 10
533.0307
 20
-2.286556
 10
533.929999
 20
-2.285856
 10
533.929299
 20
-2.264556
 10
533.0307
 20
-2.264761
 10
533.0307
 20
-2.286556
  0
LWPOLYLINE
  5
AC
330
17
100
AcDbEntity
  8
VISTA
100
AcDbPolyline
 90
5
 70
1
 10
533.0307
 20
-2.075444
 10
533.929999
 20
-2.074744
 10
533.929299
 20
-2.053445
 10
533.0307
 20
-2.05365
 10
533.0307
 20
-2.075444
  0
LWPOLYLINE
  5
AD
330
17
100
AcDbEntity
  8
VISTA
100
AcDbPolyline
 90
5
 70
1
 10
533.0307
 20
-1.864333
 10
533.929999
 20
-1.863633
 10
533.929299
 20
-1.842333
 10
533.0307
 20
-1.842538
 10
533.0307
 20
-1.864333
  0
LWPOLYLINE
  5
AE
330
17
100
AcDbEntity
  8
VISTA
100
AcDbPolyline
 90
5
 70
1
 10
533.0307
 20
-1.653222
 10
533.929999
 20
-1.652522
 10
533.929299
 20
-1.631222
 10
533.0307
 20
-1.631427
 10
533.0307
 20
-1.653222
  0
LWPOLYLINE
  5
AF
330
17
100
AcDbEntity
  8
VISTA
100
AcDbPolyline
 90
5
 70
1
 10
533.0307
 20
-1.442111
 10
533.929999
 20
-1.441411
 10
533.929299
 20
-1.420111
 10
533.0307
 20
-1.420316
 10
533.0307
 20
-1.442111
  0
LWPOLYLINE
  5
B0
330
17
100
AcDbEntity
  8
VISTA
100
AcDbPolyline
 90
5
 70
1
 10
533.0307
 20
-1.231
 10
533.929999
 20
-1.2303
 10
533.929299
 20
-1.209
 10
533.0307
 20
-1.209205
 10
533.0307
 20
-1.231
  0
LWPOLYLINE
  5
B1
330
17
100
AcDbEntity
  8
VISTA
100
AcDbPolyline
 90
8
 70
1
 10
534.265251
 20
-5.76
 10
534.269124
 20
-5.758316
 10
534.27
 20
-4.844
 10
534.268001
 20
-4.840739
 10
533.89475
 20
-4.84
 10
533.890877
 20
-4.841684
 10
533.891391
 20
-5.758829
 10
534.265251
 20
-5.76
  0
DIMENSION
  5
B2
330
17
100
AcDbEntity
  8
COTAS
100
AcDbDimension
280
0
  2
*D1
  3
Standard
 10
532.98
 20
-0.95
 30
0.0
 11
533.48
 21
-0.95
 31
0.0
 70
32
 71
5
  1
<>
100
AcDbAlignedDimension
 13
532.98
 23
-1.194
 33
0.0
 14
533.98
 24
-1.194
 34
0.0
 50
0.0
100
AcDbRotatedDimension
1001
ACAD
1000
DSTYLE
1002
{
1070
140
1040
0.13
1070
41
1040
0.09
1002
}
  0
DIMENSION
  5
C6
330
17
100
AcDbEntity
  8
COTAS
100
AcDbDimension
280
0
  2
*D2
  3
Standard
 10
534.4
 20
-5.0
 30
0.0
 11
534.4
 21
-5.5
 31
0.0
 70
32
 71
5
  1
<>
100
AcDbAlignedDimension
 13
534.0
 23
-5.0
 33
0.0
 14
534.0
 24
-6.0
 34
0.0
 50
90.0
100
AcDbRotatedDimension
1001
ACAD
1000
DSTYLE
1002
{
1070
140
1040
0.13
1070
41
1040
0.09
1002
}
  0
TEXT
  5
D6
330
17
100
AcDbEntity
  8
TEXTOS
100
AcDbText
 10
533.48
 20
-5.5
 30
0.0
 40
0.055999999999999994
  1
DESCANSO
100
AcDbText
  0
LINE
  5
D7
330
17
100
AcDbEntity
  8
VISTA
100
AcDbLine
 10
533.48
 20
-1.55
 30
0.0
 11
533.48
 21
-4.75
 31
0.0
  0
TEXT
  5
D8
330
17
100
AcDbEntity
  8
TEXTOS
100
AcDbText
 10
533.48
 20
-3.3
 30
0.0
 40
0.055999999999999994
  1
SUBE 18
100
AcDbText
  0
LWPOLYLINE
  5
D9
330
17
100
AcDbEntity
  8
VISTA
100
AcDbPolyline
 90
13
 70
1
 10
565.0287
 20
3.047314
 10
565.027
 20
3.0487
 10
565.027314
 20
3.072284
 10
565.027716
 20
3.0713
 10
565.0287
 20
3.073
 10
565.052284
 20
3.072686
 10
565.0513
 20
3.072284
 10
565.053
 20
3.0713
 10
565.052686
 20
3.047716
 10
565.052284
 20
3.0487
 10
565.0513
 20
3.047
 10
565.0287
 20
3.047
 10
565.0287
 20
3.047314
  0
LWPOLYLINE
  5
DA
330
17
100
AcDbEntity
  8
VISTA
100
AcDbPolyline
 90
13
 70
1
 10
565.0287
 20
3.137314
 10
565.027
 20
3.1387
 10
565.027314
 20
3.162284
 10
565.027716
 20
3.1613
 10
565.0287
 20
3.163
 10
565.052284
 20
3.162686
 10
565.0513
 20
3.162284
 10
565.053
 20
3.1613
 10
565.052686
 20
3.137716
 10
565.052284
 20
3.1387
 10
565.0513
 20
3.137
 10
565.0287
 20
3.137
 10
565.0287
 20
3.137314
  0
LWPOLYLINE
  5
DB
330
17
100
AcDbEntity
  8
VISTA
100
AcDbPolyline
 90
5
 70
1
 10
561.306
 20
1.183026
 10
561.306
 20
0.245026
 10
561.295
 20
0.243882
 10
561.294293
 20
1.183579
 10
561.306
 20
1.183026
  0
LWPOLYLINE
  5
DC
330
17
100
AcDbEntity
  8
VISTA
100
AcDbPolyline
 90
5
 70
1
 10
561.406
 20
1.266974
 10
561.406
 20
0.328974
 10
561.395
 20
0.327829
 10
561.394293
 20
1.267527
 10
561.406
 20
1.266974
  0
LWPOLYLINE
  5
DD
330
17
100
AcDbEntity
  8
VISTA
100
AcDbPolyline
 90
5
 70
1
 10
561.506
 20
1.350921
 10
561.506
 20
0.412921
 10
561.495
 20
0.411776
 10
561.494293
 20
1.351474
 10
561.506
 20
1.350921
  0
LWPOLYLINE
  5
DE
330
17
100
AcDbEntity
  8
VISTA
100
AcDbPolyline
 90
5
 70
1
 10
561.606
 20
1.434868
 10
561.606
 20
0.496868
 10
561.595
 20
0.495724
 10
561.594293
 20
1.435421
 10
561.606
 20
1.434868
  0
LWPOLYLINE
  5
DF
330
17
100
AcDbEntity
  8
VISTA
100
AcDbPolyline
 90
5
 70
1
 10
561.706
 20
1.518816
 10
561.706
 20
0.580816
 10
561.695
 20
0.579671
 10
561.694293
 20
1.519369
 10
561.706
 20
1.518816
  0
LWPOLYLINE
  5
E0
330
17
100
AcDbEntity
  8
VISTA
100
AcDbPolyline
 90
5
 70
1
 10
561.806
 20
1.602763
 10
561.806
 20
0.664763
 10
561.795
 20
0.663618
 10
561.794293
 20
1.603316
 10
561.806
 20
1.602763
  0
LWPOLYLINE
  5
E1
330
17
100
AcDbEntity
  8
VISTA
100
AcDbPolyline
 90
5
 70
1
 10
561.906
 20
1.686711
 10
561.906
 20
0.748711
 10
561.895
 20
0.747566
 10
561.894293
 20
1.687264
 10
561.906
 20
1.686711
  0
LWPOLYLINE
  5
E2
330
17
100
AcDbEntity
  8
VISTA
100
AcDbPolyline
 90
5
 70
1
 10
562.006
 20
1.770658
 10
562.006
 20
0.832658
 10
561.995
 20
0.831513
 10
561.994293
 20
1.771211
 10
562.006
 20
1.770658
  0
LWPOLYLINE
  5
E3
330
17
100
AcDbEntity
  8
VISTA
100
AcDbPolyline
 90
5
 70
1
 10
562.106
 20
1.854605
 10
562.106
 20
0.916605
 10
562.095
 20
0.91546
 10
562.094293
 20
1.855158
 10
562.106
 20
1.854605
  0
LWPOLYLINE
  5
E4
330
17
100
AcDbEntity
  8
VISTA
100
AcDbPolyline
 90
5
 70
1
 10
562.206
 20
1.938553
 10
562.206
 20
1.000553
 10
562.195
 20
0.999408
 10
562.194293
 20
1.939106
 10
562.206
 20
1.938553
  0
LWPOLYLINE
  5
E5
330
17
100
AcDbEntity
  8
VISTA
100
AcDbPolyline
 90
5
 70
1
 10
562.306
 20
2.0225
 10
562.306
 20
1.0845
 10
562.295
 20
1.083355
 10
562.294293
 20
2.023053
 10
562.306
 20
2.0225
  0
LWPOLYLINE
  5
E6
330
17
100
AcDbEntity
  8
VISTA
100
AcDbPolyline
 90
5
 70
1
 10
562.406
 20
2.106447
 10
562.406
 20
1.168447
 10
562.395
 20
1.167303
 10
562.394293
 20
2.107001
 10
562.406
 20
2.106447
  0
LWPOLYLINE
  5
E7
330
17
100
AcDbEntity
  8
VISTA
100
AcDbPolyline
 90
5
 70
1
 10
562.506
 20
2.190395
 10
562.506
 20
1.252395
 10
562.495
 20
1.25125
 10
562.494293
 20
2.190948
 10
562.506
 20
2.190395
  0
LWPOLYLINE
  5
E8
330
17
100
AcDbEntity
  8
VISTA
100
AcDbPolyline
 90
5
 70
1
 10
562.606
 20
2.274342
 10
562.606
 20
1.336342
 10
562.595
 20
1.335197
 10
562.594293
 20
2.274895
 10
562.606
 20
2.274342
  0
LWPOLYLINE
  5
E9
330
17
100
AcDbEntity
  8
VISTA
100
AcDbPolyline
 90
5
 70
1
 10
562.706
 20
2.358289
 10
562.706
 20
1.42029
 10
562.695
 20
1.419145
 10
562.694293
 20
2.358843
 10
562.706
 20
2.358289
  0
LWPOLYLINE
  5
EA
330
17
100
AcDbEntity
  8
VISTA
100
AcDbPolyline
 90
5
 70
1
 10
562.806
 20
2.442237
 10
562.806
 20
1.504237
 10
562.795
 20
1.503092
 10
562.794293
 20
2.44279
 10
562.806
 20
2.442237
  0
LWPOLYLINE
  5
EB
330
17
100
AcDbEntity
  8
VISTA
100
AcDbPolyline
 90
5
 70
1
 10
562.906
 20
2.526184
 10
562.906
 20
1.588184
 10
562.895
 20
1.587039
 10
562.894293
 20
2.526737
 10
562.906
 20
2.526184
  0
LWPOLYLINE
  5
EC
330
17
100
AcDbEntity
  8
VISTA
100
AcDbPolyline
 90
5
 70
1
 10
563.006
 20
2.610132
 10
563.006
 20
1.672132
 10
562.995
 20
1.670987
 10
562.994293
 20
2.610685
 10
563.006
 20
2.610132
  0
LWPOLYLINE
  5
ED
330
17
100
AcDbEntity
  8
VISTA
100
AcDbPolyline
 90
5
 70
1
 10
563.106
 20
2.694079
 10
563.106
 20
1.756079
 10
563.095
 20
1.754934
 10
563.094293
 20
2.694632
 10
563.106
 20
2.694079
  0
LWPOLYLINE
  5
EE
330
17
100
AcDbEntity
  8
VISTA
100
AcDbPolyline
 90
5
 70
1
 10
563.206
 20
2.778027
 10
563.206
 20
1.840026
 10
563.195
 20
1.838882
 10
563.194293
 20
2.778579
 10
563.206
 20
2.778027
  0
LWPOLYLINE
  5
EF
330
17
100
AcDbEntity
  8
VISTA
100
AcDbPolyline
 90
5
 70
1
 10
563.306
 20
2.861974
 10
563.306
 20
1.923974
 10
563.295
 20
1.922829
 10
563.294293
 20
2.862527
 10
563.306
 20
2.861974
  0
LWPOLYLINE
  5
F0
330
17
100
AcDbEntity
  8
VISTA
100
AcDbPolyline
 90
5
 70
1
 10
563.406
 20
2.945921
 10
563.406
 20
2.007921
 10
563.395
 20
2.006776
 10
563.394293
 20
2.946474
 10
563.406
 20
2.945921
  0
LWPOLYLINE
  5
F1
330
17
100
AcDbEntity
  8
VISTA
100
AcDbPolyline
 90
5
 70
1
 10
563.506
 20
3.029869
 10
563.506
 20
2.091868
 10
563.495
 20
2.090724
 10
563.494293
 20
3.030422
 10
563.506
 20
3.029869
  0
LWPOLYLINE
  5
F2
330
17
100
AcDbEntity
  8
VISTA
100
AcDbPolyline
 90
5
 70
1
 10
563.606
 20
3.113816
 10
563.606
 20
2.175816
 10
563.595
 20
2.174671
 10
563.594293
 20
3.114369
 10
563.606
 20
3.113816
  0
LWPOLYLINE
  5
F3
330
17
100
AcDbEntity
  8
VISTA
100
AcDbPolyline
 90
5
 70
1
 10
563.706
 20
3.197763
 10
563.706
 20
2.259763
 10
563.695
 20
2.258618
 10
563.694293
 20
3.198316
 10
563.706
 20
3.197763
  0
LWPOLYLINE
  5
F4
330
17
100
AcDbEntity
  8
VISTA
100
AcDbPolyline
 90
5
 70
1
 10
563.806
 20
3.281711
 10
563.806
 20
2.34371
 10
563.795
 20
2.342566
 10
563.794293
 20
3.282264
 10
563.806
 20
3.281711
  0
LWPOLYLINE
  5
F5
330
17
100
AcDbEntity
  8
VISTA
100
AcDbPolyline
 90
5
 70
1
 10
563.906
 20
3.365658
 10
563.906
 20
2.427658
 10
563.895
 20
2.426513
 10
563.894293
 20
3.366211
 10
563.906
 20
3.365658
  0
LWPOLYLINE
  5
F6
330
17
100
AcDbEntity
  8
VISTA
100
AcDbPolyline
 90
5
 70
1
 10
564.006
 20
3.449605
 10
564.006
 20
2.511605
 10
563.995
 20
2.51046
 10
563.994293
 20
3.450158
 10
564.006
 20
3.449605
  0
LWPOLYLINE
  5
F7
330
17
100
AcDbEntity
  8
VISTA
100
AcDbPolyline
 90
5
 70
1
 10
564.106
 20
3.533553
 10
564.106
 20
2.595552
 10
564.095
 20
2.594408
 10
564.094293
 20
3.534106
 10
564.106
 20
3.533553
  0
LWPOLYLINE
  5
F8
330
17
100
AcDbEntity
  8
VISTA
100
AcDbPolyline
 90
5
 70
1
 10
564.206
 20
3.6175
 10
564.206
 20
2.6795
 10
564.195
 20
2.678355
 10
564.194293
 20
3.618053
 10
564.206
 20
3.6175
  0
LWPOLYLINE
  5
F9
330
17
100
AcDbEntity
  8
VISTA
100
AcDbPolyline
 90
5
 70
1
 10
564.306
 20
3.701447
 10
564.306
 20
2.763447
 10
564.295
 20
2.762302
 10
564.294293
 20
3.702
 10
564.306
 20
3.701447
  0
LWPOLYLINE
  5
FA
330
17
100
AcDbEntity
  8
VISTA
100
AcDbPolyline
 90
5
 70
1
 10
564.406
 20
3.785395
 10
564.406
 20
2.847394
 10
564.395
 20
2.84625
 10
564.394293
 20
3.785948
 10
564.406
 20
3.785395
  0
LWPOLYLINE
  5
FB
330
17
100
AcDbEntity
  8
VISTA
100
AcDbPolyline
 90
5
 70
1
 10
564.506
 20
3.869342
 10
564.506
 20
2.931342
 10
564.495
 20
2.930197
 10
564.494293
 20
3.869895
 10
564.506
 20
3.869342
  0
LWPOLYLINE
  5
FC
330
17
100
AcDbEntity
  8
VISTA
100
AcDbPolyline
 90
5
 70
1
 10
564.606
 20
3.95329
 10
564.606
 20
3.015289
 10
564.595
 20
3.014145
 10
564.594293
 20
3.953843
 10
564.606
 20
3.95329
  0
LWPOLYLINE
  5
FD
330
17
100
AcDbEntity
  8
VISTA
100
AcDbPolyline
 90
5
 70
1
 10
564.706
 20
4.037237
 10
564.706
 20
3.099237
 10
564.695
 20
3.098092
 10
564.694293
 20
4.03779
 10
564.706
 20
4.037237
  0
LWPOLYLINE
  5
FE
330
17
100
AcDbEntity
  8
VISTA
100
AcDbPolyline
 90
5
 70
1
 10
564.806
 20
4.121184
 10
564.806
 20
3.183184
 10
564.795
 20
3.182039
 10
564.794293
 20
4.121737
 10
564.806
 20
4.121184
  0
LWPOLYLINE
  5
FF
330
17
100
AcDbEntity
  8
VISTA
100
AcDbPolyline
 90
5
 70
1
 10
564.906
 20
4.205132
 10
564.906
 20
3.267132
 10
564.895
 20
3.265987
 10
564.894293
 20
4.205685
 10
564.906
 20
4.205132
  0
LWPOLYLINE
  5
100
330
17
100
AcDbEntity
  8
VISTA
100
AcDbPolyline
 90
8
 70
1
 10
564.984357
 20
4.316056
 10
564.986751
 20
4.31586
 10
565.013249
 20
4.283966
 10
565.013021
 20
4.281573
 10
561.215643
 20
1.093944
 10
561.213249
 20
1.09414
 10
561.186862
 20
1.127231
 10
564.984357
 20
4.316056
  0
LWPOLYLINE
  5
101
330
17
100
AcDbEntity
  8
VISTA
100
AcDbPolyline
 90
8
 70
1
 10
561.1825
 20
1.1083
 10
561.1842
 20
1.11
 10
561.2158
 20
1.110208
 10
561.2175
 20
1.10853
 10
561.2175
 20
0.06193
 10
561.2158
 20
0.060208
 10
561.183348
 20
0.0605
 10
561.1825
 20
1.1083
  0
LWPOLYLINE
  5
102
330
17
100
AcDbEntity
  8
VISTA
100
AcDbPolyline
 90
8
 70
1
 10
561.815833
 20
1.639736
 10
561.817533
 20
1.641459
 10
561.849133
 20
1.641875
 10
561.850833
 20
1.640197
 10
561.850833
 20
0.593597
 10
561.849133
 20
0.591875
 10
561.816682
 20
0.591948
 10
561.815833
 20
1.639736
  0
LWPOLYLINE
  5
103
330
17
100
AcDbEntity
  8
VISTA
100
AcDbPolyline
 90
8
 70
1
 10
562.449167
 20
2.171403
 10
562.450867
 20
2.173126
 10
562.482467
 20
2.173541
 10
562.484167
 20
2.171864
 10
562.484167
 20
1.125264
 10
562.482467
 20
1.123541
 10
562.450015
 20
1.123615
 10
562.449167
 20
2.171403
  0
LWPOLYLINE
  5
104
330
17
100
AcDbEntity
  8
VISTA
100
AcDbPolyline
 90
8
 70
1
 10
563.0825
 20
2.70307
 10
563.0842
 20
2.704792
 10
563.1158
 20
2.705208
 10
563.1175
 20
2.70353
 10
563.1175
 20
1.65693
 10
563.1158
 20
1.655208
 10
563.083348
 20
1.655281
 10
563.0825
 20
2.70307
  0
LWPOLYLINE
  5
105
330
17
100
AcDbEntity
  8
VISTA
100
AcDbPolyline
 90
8
 70
1
 10
563.715833
 20
3.234736
 10
563.717533
 20
3.236459
 10
563.749133
 20
3.236875
 10
563.7508330000001
 20
3.235197
 10
563.7508330000001
 20
2.188597
 10
563.749133
 20
2.186874
 10
563.716682
 20
2.186948
 10
563.715833
 20
3.234736
  0
LWPOLYLINE
  5
106
330
17
100
AcDbEntity
  8
VISTA
100
AcDbPolyline
 90
8
 70
1
 10
564.349167
 20
3.766403
 10
564.350867
 20
3.768125
 10
564.382467
 20
3.768541
 10
564.384167
 20
3.766863
 10
564.384167
 20
2.720263
 10
564.382467
 20
2.718541
 10
564.350015
 20
2.718615
 10
564.349167
 20
3.766403
  0
LWPOLYLINE
  5
107
330
17
100
AcDbEntity
  8
VISTA
100
AcDbPolyline
 90
8
 70
1
 10
564.9825
 20
4.29807
 10
564.9842
 20
4.299792
 10
565.0158
 20
4.3
 10
565.0175
 20
4.2983
 10
565.0175
 20
3.2517
 10
565.0158
 20
3.25
 10
564.983348
 20
3.250281
 10
564.9825
 20
4.29807
  0
LWPOLYLINE
  5
108
330
17
100
AcDbEntity
  8
VISTA
100
AcDbPolyline
 90
12
 70
1
 10
564.94773
 20
3.2099
 10
564.950124
 20
3.209703
 10
565.049876
 20
3.08964
 10
565.049648
 20
3.087247
 10
561.252269
 20
-0.0999
 10
561.251311
 20
-0.100297
 10
561.251294
 20
-0.100069
 10
561.252069
 20
-0.09966
 10
561.251813
 20
-0.099354
 10
561.249876
 20
-0.099703
 10
561.150235
 20
0.021556
 10
564.94773
 20
3.2099
  0
LWPOLYLINE
  5
109
330
17
100
AcDbEntity
  8
VISTA
100
AcDbPolyline
 90
4
 70
1
 10
561.2516572281586
 20
-0.10000604045251969
 10
561.2516572281586
 20
-0.10000604045251968
 10
561.251294
 20
-0.100069
 10
561.2516572281586
 20
-0.10000604045251969
  0
LWPOLYLINE
  5
10A
330
17
100
AcDbEntity
  8
VISTA
100
AcDbPolyline
 90
7
 70
1
 10
564.905879
 20
3.237883
 10
564.908
 20
3.23879
 10
565.114121
 20
3.239121
 10
565.114121
 20
3.010879
 10
564.908
 20
3.00879
 10
564.905879
 20
3.00964
 10
564.905879
 20
3.237883
  0
LWPOLYLINE
  5
10B
330
17
100
AcDbEntity
  8
VISTA
100
AcDbPolyline
 90
4
 70
1
 10
564.906497
 20
3.237273
 10
564.906497
 20
3.237887
 10
564.905879
 20
3.237883
 10
564.906497
 20
3.237273
  0
LWPOLYLINE
  5
10C
330
17
100
AcDbEntity
  8
VISTA
100
AcDbPolyline
 90
4
 70
1
 10
565.113503
 20
3.238503
 10
565.114117
 20
3.238503
 10
565.114121
 20
3.239121
 10
565.113503
 20
3.238503
  0
LWPOLYLINE
  5
10D
330
17
100
AcDbEntity
  8
VISTA
100
AcDbPolyline
 90
4
 70
1
 10
565.113503
 20
3.011497
 10
565.113503
 20
3.010883
 10
565.114121
 20
3.010879
 10
565.113503
 20
3.011497
  0
LWPOLYLINE
  5
10E
330
17
100
AcDbEntity
  8
VISTA
100
AcDbPolyline
 90
4
 70
1
 10
564.906497
 20
3.010267
 10
564.905883
 20
3.010259
 10
564.905879
 20
3.00964
 10
564.906497
 20
3.010267
  0
LWPOLYLINE
  5
10F
330
17
100
AcDbEntity
  8
VISTA
100
AcDbPolyline
 90
5
 70
1
 10
564.929444
 20
3.04577
 10
564.859445
 20
2.987007
 10
564.859445
 20
3.175
 10
564.929444
 20
3.175
 10
564.929444
 20
3.04577
  0
LWPOLYLINE
  5
110
330
17
100
AcDbEntity
  8
VISTA
100
AcDbPolyline
 90
5
 70
1
 10
564.718333
 20
2.868548
 10
564.648334
 20
2.809785
 10
564.648334
 20
2.997778
 10
564.718333
 20
2.997778
 10
564.718333
 20
2.868548
  0
LWPOLYLINE
  5
111
330
17
100
AcDbEntity
  8
VISTA
100
AcDbPolyline
 90
5
 70
1
 10
564.507222
 20
2.691326
 10
564.437222
 20
2.632563
 10
564.437222
 20
2.820556
 10
564.507222
 20
2.820556
 10
564.507222
 20
2.691326
  0
LWPOLYLINE
  5
112
330
17
100
AcDbEntity
  8
VISTA
100
AcDbPolyline
 90
5
 70
1
 10
564.296111
 20
2.514104
 10
564.226111
 20
2.455341
 10
564.226111
 20
2.643333
 10
564.296111
 20
2.643333
 10
564.296111
 20
2.514104
  0
LWPOLYLINE
  5
113
330
17
100
AcDbEntity
  8
VISTA
100
AcDbPolyline
 90
5
 70
1
 10
564.085
 20
2.336882
 10
564.015
 20
2.278119
 10
564.015
 20
2.466111
 10
564.085
 20
2.466111
 10
564.085
 20
2.336882
  0
LWPOLYLINE
  5
114
330
17
100
AcDbEntity
  8
VISTA
100
AcDbPolyline
 90
5
 70
1
 10
563.873889
 20
2.159659
 10
563.803889
 20
2.100896
 10
563.803889
 20
2.288889
 10
563.873889
 20
2.288889
 10
563.873889
 20
2.159659
  0
LWPOLYLINE
  5
115
330
17
100
AcDbEntity
  8
VISTA
100
AcDbPolyline
 90
5
 70
1
 10
563.662778
 20
1.982437
 10
563.592778
 20
1.923674
 10
563.592778
 20
2.111667
 10
563.662778
 20
2.111667
 10
563.662778
 20
1.982437
  0
LWPOLYLINE
  5
116
330
17
100
AcDbEntity
  8
VISTA
100
AcDbPolyline
 90
5
 70
1
 10
563.451667
 20
1.805215
 10
563.381667
 20
1.746452
 10
563.381667
 20
1.934444
 10
563.451667
 20
1.934444
 10
563.451667
 20
1.805215
  0
LWPOLYLINE
  5
117
330
17
100
AcDbEntity
  8
VISTA
100
AcDbPolyline
 90
5
 70
1
 10
563.240556
 20
1.627993
 10
563.170555
 20
1.569229
 10
563.170555
 20
1.757222
 10
563.240556
 20
1.757222
 10
563.240556
 20
1.627993
  0
LWPOLYLINE
  5
118
330
17
100
AcDbEntity
  8
VISTA
100
AcDbPolyline
 90
5
 70
1
 10
563.029444
 20
1.45077
 10
562.959444
 20
1.392007
 10
562.959444
 20
1.58
 10
563.029444
 20
1.58
 10
563.029444
 20
1.45077
  0
LWPOLYLINE
  5
119
330
17
100
AcDbEntity
  8
VISTA
100
AcDbPolyline
 90
5
 70
1
 10
562.818333
 20
1.273548
 10
562.748333
 20
1.214785
 10
562.748333
 20
1.402778
 10
562.818333
 20
1.402778
 10
562.818333
 20
1.273548
  0
LWPOLYLINE
  5
11A
330
17
100
AcDbEntity
  8
VISTA
100
AcDbPolyline
 90
5
 70
1
 10
562.607222
 20
1.096326
 10
562.537222
 20
1.037563
 10
562.537222
 20
1.225556
 10
562.607222
 20
1.225556
 10
562.607222
 20
1.096326
  0
LWPOLYLINE
  5
11B
330
17
100
AcDbEntity
  8
VISTA
100
AcDbPolyline
 90
5
 70
1
 10
562.396111
 20
0.919104
 10
562.326111
 20
0.860341
 10
562.326111
 20
1.048333
 10
562.396111
 20
1.048333
 10
562.396111
 20
0.919104
  0
LWPOLYLINE
  5
11C
330
17
100
AcDbEntity
  8
VISTA
100
AcDbPolyline
 90
5
 70
1
 10
562.185
 20
0.741882
 10
562.115
 20
0.683119
 10
562.115
 20
0.871111
 10
562.185
 20
0.871111
 10
562.185
 20
0.741882
  0
LWPOLYLINE
  5
11D
330
17
100
AcDbEntity
  8
VISTA
100
AcDbPolyline
 90
5
 70
1
 10
561.973889
 20
0.564659
 10
561.903889
 20
0.505896
 10
561.903889
 20
0.693889
 10
561.973889
 20
0.693889
 10
561.973889
 20
0.564659
  0
LWPOLYLINE
  5
11E
330
17
100
AcDbEntity
  8
VISTA
100
AcDbPolyline
 90
5
 70
1
 10
561.762778
 20
0.387437
 10
561.692778
 20
0.328674
 10
561.692778
 20
0.516667
 10
561.762778
 20
0.516667
 10
561.762778
 20
0.387437
  0
LWPOLYLINE
  5
11F
330
17
100
AcDbEntity
  8
VISTA
100
AcDbPolyline
 90
5
 70
1
 10
561.551667
 20
0.210215
 10
561.481667
 20
0.151452
 10
561.481667
 20
0.339444
 10
561.551667
 20
0.339444
 10
561.551667
 20
0.210215
  0
LWPOLYLINE
  5
120
330
17
100
AcDbEntity
  8
VISTA
100
AcDbPolyline
 90
5
 70
1
 10
561.340556
 20
0.032993
 10
561.270556
 20
-0.02577
 10
561.270556
 20
0.162222
 10
561.340556
 20
0.162222
 10
561.340556
 20
0.032993
  0
LWPOLYLINE
  5
121
330
17
100
AcDbEntity
  8
VISTA
100
AcDbPolyline
 90
5
 70
1
 10
564.897444
 20
3.205
 10
564.897444
 20
3.135
 10
564.891445
 20
3.135
 10
564.891846
 20
3.205
 10
564.897444
 20
3.205
  0
LWPOLYLINE
  5
122
330
17
100
AcDbEntity
  8
VISTA
100
AcDbPolyline
 90
5
 70
1
 10
564.899944
 20
3.14
 10
564.899944
 20
3.131
 10
564.888945
 20
3.131
 10
564.889681
 20
3.14
 10
564.899944
 20
3.14
  0
LWPOLYLINE
  5
123
330
17
100
AcDbEntity
  8
VISTA
100
AcDbPolyline
 90
5
 70
1
 10
564.686333
 20
3.027778
 10
564.686333
 20
2.957778
 10
564.680334
 20
2.957778
 10
564.680735
 20
3.027778
 10
564.686333
 20
3.027778
  0
LWPOLYLINE
  5
124
330
17
100
AcDbEntity
  8
VISTA
100
AcDbPolyline
 90
5
 70
1
 10
564.688833
 20
2.962778
 10
564.688833
 20
2.953778
 10
564.677834
 20
2.953778
 10
564.67857
 20
2.962778
 10
564.688833
 20
2.962778
  0
LWPOLYLINE
  5
125
330
17
100
AcDbEntity
  8
VISTA
100
AcDbPolyline
 90
5
 70
1
 10
564.475222
 20
2.850556
 10
564.475222
 20
2.780556
 10
564.469223
 20
2.780556
 10
564.469624
 20
2.850556
 10
564.475222
 20
2.850556
  0
LWPOLYLINE
  5
126
330
17
100
AcDbEntity
  8
VISTA
100
AcDbPolyline
 90
5
 70
1
 10
564.477722
 20
2.785556
 10
564.477722
 20
2.776556
 10
564.466722
 20
2.776556
 10
564.467459
 20
2.785556
 10
564.477722
 20
2.785556
  0
LWPOLYLINE
  5
127
330
17
100
AcDbEntity
  8
VISTA
100
AcDbPolyline
 90
5
 70
1
 10
564.264111
 20
2.673333
 10
564.264111
 20
2.603333
 10
564.258111
 20
2.603333
 10
564.258513
 20
2.673333
 10
564.264111
 20
2.673333
  0
LWPOLYLINE
  5
128
330
17
100
AcDbEntity
  8
VISTA
100
AcDbPolyline
 90
5
 70
1
 10
564.266611
 20
2.608333
 10
564.266611
 20
2.599334
 10
564.255611
 20
2.599334
 10
564.256348
 20
2.608333
 10
564.266611
 20
2.608333
  0
LWPOLYLINE
  5
129
330
17
100
AcDbEntity
  8
VISTA
100
AcDbPolyline
 90
5
 70
1
 10
564.053
 20
2.496111
 10
564.053
 20
2.426111
 10
564.047
 20
2.426111
 10
564.047402
 20
2.496111
 10
564.053
 20
2.496111
  0
LWPOLYLINE
  5
12A
330
17
100
AcDbEntity
  8
VISTA
100
AcDbPolyline
 90
5
 70
1
 10
564.0555
 20
2.431111
 10
564.0555
 20
2.422111
 10
564.0445
 20
2.422111
 10
564.045237
 20
2.431111
 10
564.0555
 20
2.431111
  0
LWPOLYLINE
  5
12B
330
17
100
AcDbEntity
  8
VISTA
100
AcDbPolyline
 90
5
 70
1
 10
563.841889
 20
2.318889
 10
563.841889
 20
2.248889
 10
563.835889
 20
2.248889
 10
563.836291
 20
2.318889
 10
563.841889
 20
2.318889
  0
LWPOLYLINE
  5
12C
330
17
100
AcDbEntity
  8
VISTA
100
AcDbPolyline
 90
5
 70
1
 10
563.844389
 20
2.253889
 10
563.844389
 20
2.244889
 10
563.833389
 20
2.244889
 10
563.834126
 20
2.253889
 10
563.844389
 20
2.253889
  0
LWPOLYLINE
  5
12D
330
17
100
AcDbEntity
  8
VISTA
100
AcDbPolyline
 90
5
 70
1
 10
563.630778
 20
2.141667
 10
563.630778
 20
2.071667
 10
563.624778
 20
2.071667
 10
563.62518
 20
2.141667
 10
563.630778
 20
2.141667
  0
LWPOLYLINE
  5
12E
330
17
100
AcDbEntity
  8
VISTA
100
AcDbPolyline
 90
5
 70
1
 10
563.633278
 20
2.076667
 10
563.633278
 20
2.067667
 10
563.622278
 20
2.067667
 10
563.623015
 20
2.076667
 10
563.633278
 20
2.076667
  0
LWPOLYLINE
  5
12F
330
17
100
AcDbEntity
  8
VISTA
100
AcDbPolyline
 90
5
 70
1
 10
563.419667
 20
1.964444
 10
563.419667
 20
1.894444
 10
563.413667
 20
1.894444
 10
563.414069
 20
1.964444
 10
563.419667
 20
1.964444
  0
LWPOLYLINE
  5
130
330
17
100
AcDbEntity
  8
VISTA
100
AcDbPolyline
 90
5
 70
1
 10
563.422167
 20
1.899444
 10
563.422167
 20
1.890444
 10
563.411167
 20
1.890444
 10
563.411904
 20
1.899444
 10
563.422167
 20
1.899444
  0
LWPOLYLINE
  5
131
330
17
100
AcDbEntity
  8
VISTA
100
AcDbPolyline
 90
5
 70
1
 10
563.208555
 20
1.787222
 10
563.208555
 20
1.717222
 10
563.202555
 20
1.717222
 10
563.202957
 20
1.787222
 10
563.208555
 20
1.787222
  0
LWPOLYLINE
  5
132
330
17
100
AcDbEntity
  8
VISTA
100
AcDbPolyline
 90
5
 70
1
 10
563.211056
 20
1.722222
 10
563.211056
 20
1.713222
 10
563.200055
 20
1.713222
 10
563.200792
 20
1.722222
 10
563.211056
 20
1.722222
  0
LWPOLYLINE
  5
133
330
17
100
AcDbEntity
  8
VISTA
100
AcDbPolyline
 90
5
 70
1
 10
562.997444
 20
1.61
 10
562.997444
 20
1.54
 10
562.991444
 20
1.54
 10
562.991846
 20
1.61
 10
562.997444
 20
1.61
  0
LWPOLYLINE
  5
134
330
17
100
AcDbEntity
  8
VISTA
100
AcDbPolyline
 90
5
 70
1
 10
562.999944
 20
1.545
 10
562.999944
 20
1.536
 10
562.988944
 20
1.536
 10
562.989681
 20
1.545
 10
562.999944
 20
1.545
  0
LWPOLYLINE
  5
135
330
17
100
AcDbEntity
  8
VISTA
100
AcDbPolyline
 90
5
 70
1
 10
562.786333
 20
1.432778
 10
562.786333
 20
1.362778
 10
562.780333
 20
1.362778
 10
562.780735
 20
1.432778
 10
562.786333
 20
1.432778
  0
LWPOLYLINE
  5
136
330
17
100
AcDbEntity
  8
VISTA
100
AcDbPolyline
 90
5
 70
1
 10
562.788833
 20
1.367778
 10
562.788833
 20
1.358778
 10
562.777833
 20
1.358778
 10
562.77857
 20
1.367778
 10
562.788833
 20
1.367778
  0
LWPOLYLINE
  5
137
330
17
100
AcDbEntity
  8
VISTA
100
AcDbPolyline
 90
5
 70
1
 10
562.575222
 20
1.255556
 10
562.575222
 20
1.185556
 10
562.569222
 20
1.185556
 10
562.569624
 20
1.255556
 10
562.575222
 20
1.255556
  0
LWPOLYLINE
  5
138
330
17
100
AcDbEntity
  8
VISTA
100
AcDbPolyline
 90
5
 70
1
 10
562.577722
 20
1.190556
 10
562.577722
 20
1.181556
 10
562.566722
 20
1.181556
 10
562.567459
 20
1.190556
 10
562.577722
 20
1.190556
  0
LWPOLYLINE
  5
139
330
17
100
AcDbEntity
  8
VISTA
100
AcDbPolyline
 90
5
 70
1
 10
562.364111
 20
1.078333
 10
562.364111
 20
1.008333
 10
562.358111
 20
1.008333
 10
562.358513
 20
1.078333
 10
562.364111
 20
1.078333
  0
LWPOLYLINE
  5
13A
330
17
100
AcDbEntity
  8
VISTA
100
AcDbPolyline
 90
5
 70
1
 10
562.366611
 20
1.013333
 10
562.366611
 20
1.004333
 10
562.355611
 20
1.004333
 10
562.356348
 20
1.013333
 10
562.366611
 20
1.013333
  0
LWPOLYLINE
  5
13B
330
17
100
AcDbEntity
  8
VISTA
100
AcDbPolyline
 90
5
 70
1
 10
562.153
 20
0.901111
 10
562.153
 20
0.831111
 10
562.147
 20
0.831111
 10
562.147402
 20
0.901111
 10
562.153
 20
0.901111
  0
LWPOLYLINE
  5
13C
330
17
100
AcDbEntity
  8
VISTA
100
AcDbPolyline
 90
5
 70
1
 10
562.1555
 20
0.836111
 10
562.1555
 20
0.827111
 10
562.1445
 20
0.827111
 10
562.145237
 20
0.836111
 10
562.1555
 20
0.836111
  0
LWPOLYLINE
  5
13D
330
17
100
AcDbEntity
  8
VISTA
100
AcDbPolyline
 90
5
 70
1
 10
561.941889
 20
0.723889
 10
561.941889
 20
0.653889
 10
561.935889
 20
0.653889
 10
561.936291
 20
0.723889
 10
561.941889
 20
0.723889
  0
LWPOLYLINE
  5
13E
330
17
100
AcDbEntity
  8
VISTA
100
AcDbPolyline
 90
5
 70
1
 10
561.944389
 20
0.658889
 10
561.944389
 20
0.649889
 10
561.933389
 20
0.649889
 10
561.934126
 20
0.658889
 10
561.944389
 20
0.658889
  0
LWPOLYLINE
  5
13F
330
17
100
AcDbEntity
  8
VISTA
100
AcDbPolyline
 90
5
 70
1
 10
561.730778
 20
0.546667
 10
561.730778
 20
0.476667
 10
561.724778
 20
0.476667
 10
561.72518
 20
0.546667
 10
561.730778
 20
0.546667
  0
LWPOLYLINE
  5
140
330
17
100
AcDbEntity
  8
VISTA
100
AcDbPolyline
 90
5
 70
1
 10
561.733278
 20
0.481667
 10
561.733278
 20
0.472667
 10
561.722278
 20
0.472667
 10
561.723015
 20
0.481667
 10
561.733278
 20
0.481667
  0
LWPOLYLINE
  5
141
330
17
100
AcDbEntity
  8
VISTA
100
AcDbPolyline
 90
5
 70
1
 10
561.519667
 20
0.369444
 10
561.519667
 20
0.299444
 10
561.513667
 20
0.299444
 10
561.514069
 20
0.369444
 10
561.519667
 20
0.369444
  0
LWPOLYLINE
  5
142
330
17
100
AcDbEntity
  8
VISTA
100
AcDbPolyline
 90
5
 70
1
 10
561.522167
 20
0.304444
 10
561.522167
 20
0.295444
 10
561.511167
 20
0.295444
 10
561.511904
 20
0.304444
 10
561.522167
 20
0.304444
  0
LWPOLYLINE
  5
143
330
17
100
AcDbEntity
  8
VISTA
100
AcDbPolyline
 90
5
 70
1
 10
561.308556
 20
0.192222
 10
561.308556
 20
0.122222
 10
561.302556
 20
0.122222
 10
561.302958
 20
0.192222
 10
561.308556
 20
0.192222
  0
LWPOLYLINE
  5
144
330
17
100
AcDbEntity
  8
VISTA
100
AcDbPolyline
 90
5
 70
1
 10
561.311056
 20
0.127222
 10
561.311056
 20
0.118222
 10
561.300056
 20
0.118222
 10
561.300792
 20
0.127222
 10
561.311056
 20
0.127222
  0
LWPOLYLINE
  5
145
330
17
100
AcDbEntity
  8
VISTA
100
AcDbPolyline
 90
13
 70
1
 10
560.188
 20
0.06
 10
561.172
 20
0.06
 10
561.177657
 20
0.057657
 10
561.18
 20
0.052
 10
561.18
 20
-0.052
 10
561.177657
 20
-0.057657
 10
561.172
 20
-0.06
 10
560.188
 20
-0.06
 10
560.182343
 20
-0.057657
 10
560.18
 20
-0.052
 10
560.18
 20
0.052
 10
560.182343
 20
0.057657
 10
560.188
 20
0.06
  0
LWPOLYLINE
  5
146
330
17
100
AcDbEntity
  8
VISTA
100
AcDbPolyline
 90
10
 70
1
 10
564.786389
 20
3.25
 10
565.004526
 20
3.249354
 10
565.006
 20
3.2465
 10
565.005354
 20
3.176474
 10
565.0025
 20
3.175
 10
564.784363
 20
3.175646
 10
564.783535
 20
3.176474
 10
564.782889
 20
3.1785
 10
564.783535
 20
3.248526
 10
564.786389
 20
3.25
  0
LWPOLYLINE
  5
147
330
17
100
AcDbEntity
  8
VISTA
100
AcDbPolyline
 90
4
 70
1
 10
564.784636
 20
3.248253
 10
564.784636
 20
3.24897
 10
564.783919
 20
3.248253
 10
564.784636
 20
3.248253
  0
LWPOLYLINE
  5
148
330
17
100
AcDbEntity
  8
VISTA
100
AcDbPolyline
 90
4
 70
1
 10
564.784177
 20
3.176288
 10
564.784636
 20
3.17603
 10
564.784636
 20
3.176746
 10
564.784177
 20
3.176288
  0
LWPOLYLINE
  5
149
330
17
100
AcDbEntity
  8
VISTA
100
AcDbPolyline
 90
4
 70
1
 10
564.783916347546
 20
3.176363516131536
 10
564.783916347546
 20
3.1763635161315356
 10
564.784177
 20
3.176288
 10
564.783916347546
 20
3.176363516131536
  0
LWPOLYLINE
  5
14A
330
17
100
AcDbEntity
  8
VISTA
100
AcDbPolyline
 90
4
 70
1
 10
565.004712
 20
3.248712
 10
565.004253
 20
3.24897
 10
565.004253
 20
3.248253
 10
565.004712
 20
3.248712
  0
LWPOLYLINE
  5
14B
330
17
100
AcDbEntity
  8
VISTA
100
AcDbPolyline
 90
4
 70
1
 10
565.004253
 20
3.17603
 10
565.00497
 20
3.176746
 10
565.004253
 20
3.176746
 10
565.004253
 20
3.17603
  0
LWPOLYLINE
  5
14C
330
17
100
AcDbEntity
  8
VISTA
100
AcDbPolyline
 90
5
 70
1
 10
564.806333
 20
3.252
 10
564.806333
 20
3.246
 10
564.788333
 20
3.246
 10
564.788333
 20
3.252
 10
564.806333
 20
3.252
  0
LWPOLYLINE
  5
14D
330
17
100
AcDbEntity
  8
VISTA
100
AcDbPolyline
 90
9
 70
1
 10
564.575278
 20
3.072778
 10
564.793415
 20
3.072131
 10
564.794889
 20
3.069278
 10
564.794243
 20
2.999251
 10
564.791389
 20
2.997778
 10
564.573252
 20
2.998424
 10
564.571778
 20
3.001278
 10
564.572424
 20
3.071304
 10
564.575278
 20
3.072778
  0
LWPOLYLINE
  5
14E
330
17
100
AcDbEntity
  8
VISTA
100
AcDbPolyline
 90
4
 70
1
 10
564.573524
 20
3.071031
 10
564.573524
 20
3.071747
 10
564.572808
 20
3.071031
 10
564.573524
 20
3.071031
  0
LWPOLYLINE
  5
14F
330
17
100
AcDbEntity
  8
VISTA
100
AcDbPolyline
 90
4
 70
1
 10
564.573066
 20
2.999066
 10
564.573524
 20
2.998808
 10
564.573524
 20
2.999524
 10
564.573066
 20
2.999066
  0
LWPOLYLINE
  5
150
330
17
100
AcDbEntity
  8
VISTA
100
AcDbPolyline
 90
4
 70
1
 10
564.793601
 20
3.071489
 10
564.793142
 20
3.071747
 10
564.793142
 20
3.071031
 10
564.793601
 20
3.071489
  0
LWPOLYLINE
  5
151
330
17
100
AcDbEntity
  8
VISTA
100
AcDbPolyline
 90
4
 70
1
 10
564.793142
 20
2.998808
 10
564.793859
 20
2.999524
 10
564.793142
 20
2.999524
 10
564.793142
 20
2.998808
  0
LWPOLYLINE
  5
152
330
17
100
AcDbEntity
  8
VISTA
100
AcDbPolyline
 90
5
 70
1
 10
564.595222
 20
3.074778
 10
564.595222
 20
3.068778
 10
564.577222
 20
3.068778
 10
564.577222
 20
3.074778
 10
564.595222
 20
3.074778
  0
LWPOLYLINE
  5
153
330
17
100
AcDbEntity
  8
VISTA
100
AcDbPolyline
 90
9
 70
1
 10
564.364167
 20
2.895555
 10
564.582304
 20
2.894909
 10
564.583778
 20
2.892056
 10
564.583132
 20
2.822029
 10
564.580278
 20
2.820556
 10
564.362141
 20
2.821202
 10
564.360667
 20
2.824056
 10
564.361313
 20
2.894082
 10
564.364167
 20
2.895555
  0
LWPOLYLINE
  5
154
330
17
100
AcDbEntity
  8
VISTA
100
AcDbPolyline
 90
4
 70
1
 10
564.362413
 20
2.893809
 10
564.362413
 20
2.894526
 10
564.361697
 20
2.893809
 10
564.362413
 20
2.893809
  0
LWPOLYLINE
  5
155
330
17
100
AcDbEntity
  8
VISTA
100
AcDbPolyline
 90
4
 70
1
 10
564.361955
 20
2.821844
 10
564.362413
 20
2.821586
 10
564.362413
 20
2.822302
 10
564.361955
 20
2.821844
  0
LWPOLYLINE
  5
156
330
17
100
AcDbEntity
  8
VISTA
100
AcDbPolyline
 90
4
 70
1
 10
564.582489
 20
2.894267
 10
564.582031
 20
2.894526
 10
564.582031
 20
2.893809
 10
564.582489
 20
2.894267
  0
LWPOLYLINE
  5
157
330
17
100
AcDbEntity
  8
VISTA
100
AcDbPolyline
 90
4
 70
1
 10
564.582031
 20
2.821586
 10
564.582747
 20
2.822302
 10
564.582031
 20
2.822302
 10
564.582031
 20
2.821586
  0
LWPOLYLINE
  5
158
330
17
100
AcDbEntity
  8
VISTA
100
AcDbPolyline
 90
5
 70
1
 10
564.384111
 20
2.897556
 10
564.384111
 20
2.891556
 10
564.366111
 20
2.891556
 10
564.366111
 20
2.897556
 10
564.384111
 20
2.897556
  0
LWPOLYLINE
  5
159
330
17
100
AcDbEntity
  8
VISTA
100
AcDbPolyline
 90
9
 70
1
 10
564.153056
 20
2.718333
 10
564.371193
 20
2.717687
 10
564.372667
 20
2.714833
 10
564.372021
 20
2.644807
 10
564.369167
 20
2.643333
 10
564.15103
 20
2.64398
 10
564.149556
 20
2.646833
 10
564.150202
 20
2.71686
 10
564.153056
 20
2.718333
  0
LWPOLYLINE
  5
15A
330
17
100
AcDbEntity
  8
VISTA
100
AcDbPolyline
 90
4
 70
1
 10
564.151302
 20
2.716587
 10
564.151302
 20
2.717303
 10
564.150586
 20
2.716587
 10
564.151302
 20
2.716587
  0
LWPOLYLINE
  5
15B
330
17
100
AcDbEntity
  8
VISTA
100
AcDbPolyline
 90
4
 70
1
 10
564.150844
 20
2.644622
 10
564.151302
 20
2.644363
 10
564.151302
 20
2.64508
 10
564.150844
 20
2.644622
  0
LWPOLYLINE
  5
15C
330
17
100
AcDbEntity
  8
VISTA
100
AcDbPolyline
 90
4
 70
1
 10
564.371378
 20
2.717045
 10
564.37092
 20
2.717303
 10
564.37092
 20
2.716587
 10
564.371378
 20
2.717045
  0
LWPOLYLINE
  5
15D
330
17
100
AcDbEntity
  8
VISTA
100
AcDbPolyline
 90
4
 70
1
 10
564.37092
 20
2.644363
 10
564.371636
 20
2.64508
 10
564.37092
 20
2.64508
 10
564.37092
 20
2.644363
  0
LWPOLYLINE
  5
15E
330
17
100
AcDbEntity
  8
VISTA
100
AcDbPolyline
 90
5
 70
1
 10
564.173
 20
2.720333
 10
564.173
 20
2.714333
 10
564.155
 20
2.714333
 10
564.155
 20
2.720333
 10
564.173
 20
2.720333
  0
LWPOLYLINE
  5
15F
330
17
100
AcDbEntity
  8
VISTA
100
AcDbPolyline
 90
9
 70
1
 10
563.941945
 20
2.541111
 10
564.160082
 20
2.540465
 10
564.161556
 20
2.537611
 10
564.16091
 20
2.467585
 10
564.158056
 20
2.466111
 10
563.939919
 20
2.466757
 10
563.938445
 20
2.469611
 10
563.939091
 20
2.539637
 10
563.941945
 20
2.541111
  0
LWPOLYLINE
  5
160
330
17
100
AcDbEntity
  8
VISTA
100
AcDbPolyline
 90
4
 70
1
 10
563.940191
 20
2.539365
 10
563.940191
 20
2.540081
 10
563.939475
 20
2.539365
 10
563.940191
 20
2.539365
  0
LWPOLYLINE
  5
161
330
17
100
AcDbEntity
  8
VISTA
100
AcDbPolyline
 90
4
 70
1
 10
563.939733
 20
2.467399
 10
563.940191
 20
2.467141
 10
563.940191
 20
2.467858
 10
563.939733
 20
2.467399
  0
LWPOLYLINE
  5
162
330
17
100
AcDbEntity
  8
VISTA
100
AcDbPolyline
 90
4
 70
1
 10
564.160267
 20
2.539823
 10
564.159809
 20
2.540081
 10
564.159809
 20
2.539365
 10
564.160267
 20
2.539823
  0
LWPOLYLINE
  5
163
330
17
100
AcDbEntity
  8
VISTA
100
AcDbPolyline
 90
4
 70
1
 10
564.159809
 20
2.467141
 10
564.160525
 20
2.467858
 10
564.159809
 20
2.467858
 10
564.159809
 20
2.467141
  0
LWPOLYLINE
  5
164
330
17
100
AcDbEntity
  8
VISTA
100
AcDbPolyline
 90
5
 70
1
 10
563.961889
 20
2.543111
 10
563.961889
 20
2.537111
 10
563.943889
 20
2.537111
 10
563.943889
 20
2.543111
 10
563.961889
 20
2.543111
  0
LWPOLYLINE
  5
165
330
17
100
AcDbEntity
  8
VISTA
100
AcDbPolyline
 90
10
 70
1
 10
563.730833
 20
2.363889
 10
563.948971
 20
2.363243
 10
563.949798
 20
2.362415
 10
563.950444
 20
2.360389
 10
563.949798
 20
2.290363
 10
563.946944
 20
2.288889
 10
563.728807
 20
2.289535
 10
563.727333
 20
2.292389
 10
563.727979
 20
2.362415
 10
563.730833
 20
2.363889
  0
LWPOLYLINE
  5
166
330
17
100
AcDbEntity
  8
VISTA
100
AcDbPolyline
 90
4
 70
1
 10
563.72908
 20
2.362142
 10
563.72908
 20
2.362859
 10
563.728364
 20
2.362142
 10
563.72908
 20
2.362142
  0
LWPOLYLINE
  5
167
330
17
100
AcDbEntity
  8
VISTA
100
AcDbPolyline
 90
4
 70
1
 10
563.728621
 20
2.290177
 10
563.72908
 20
2.289919
 10
563.72908
 20
2.290635
 10
563.728621
 20
2.290177
  0
LWPOLYLINE
  5
168
330
17
100
AcDbEntity
  8
VISTA
100
AcDbPolyline
 90
4
 70
1
 10
563.949156
 20
2.362601
 10
563.948698
 20
2.362859
 10
563.948698
 20
2.362142
 10
563.949156
 20
2.362601
  0
LWPOLYLINE
  5
169
330
17
100
AcDbEntity
  8
VISTA
100
AcDbPolyline
 90
4
 70
1
 10
563.949416655699
 20
2.3625254829283415
 10
563.949416655699
 20
2.362525482928342
 10
563.949156
 20
2.362601
 10
563.949416655699
 20
2.3625254829283415
  0
LWPOLYLINE
  5
16A
330
17
100
AcDbEntity
  8
VISTA
100
AcDbPolyline
 90
4
 70
1
 10
563.948698
 20
2.289919
 10
563.949414
 20
2.290635
 10
563.948698
 20
2.290635
 10
563.948698
 20
2.289919
  0
LWPOLYLINE
  5
16B
330
17
100
AcDbEntity
  8
VISTA
100
AcDbPolyline
 90
5
 70
1
 10
563.750778
 20
2.365889
 10
563.750778
 20
2.359889
 10
563.732778
 20
2.359889
 10
563.732778
 20
2.365889
 10
563.750778
 20
2.365889
  0
LWPOLYLINE
  5
16C
330
17
100
AcDbEntity
  8
VISTA
100
AcDbPolyline
 90
9
 70
1
 10
563.519722
 20
2.186666
 10
563.737859
 20
2.18602
 10
563.739333
 20
2.183167
 10
563.738687
 20
2.11314
 10
563.735833
 20
2.111667
 10
563.517696
 20
2.112313
 10
563.516222
 20
2.115167
 10
563.516868
 20
2.185193
 10
563.519722
 20
2.186666
  0
LWPOLYLINE
  5
16D
330
17
100
AcDbEntity
  8
VISTA
100
AcDbPolyline
 90
4
 70
1
 10
563.517969
 20
2.18492
 10
563.517969
 20
2.185637
 10
563.517252
 20
2.18492
 10
563.517969
 20
2.18492
  0
LWPOLYLINE
  5
16E
330
17
100
AcDbEntity
  8
VISTA
100
AcDbPolyline
 90
4
 70
1
 10
563.51751
 20
2.112955
 10
563.517969
 20
2.112697
 10
563.517969
 20
2.113413
 10
563.51751
 20
2.112955
  0
LWPOLYLINE
  5
16F
330
17
100
AcDbEntity
  8
VISTA
100
AcDbPolyline
 90
4
 70
1
 10
563.738045
 20
2.185378
 10
563.737587
 20
2.185637
 10
563.737587
 20
2.18492
 10
563.738045
 20
2.185378
  0
LWPOLYLINE
  5
170
330
17
100
AcDbEntity
  8
VISTA
100
AcDbPolyline
 90
4
 70
1
 10
563.737587
 20
2.112697
 10
563.738303
 20
2.113413
 10
563.737587
 20
2.113413
 10
563.737587
 20
2.112697
  0
LWPOLYLINE
  5
171
330
17
100
AcDbEntity
  8
VISTA
100
AcDbPolyline
 90
5
 70
1
 10
563.539667
 20
2.188667
 10
563.539667
 20
2.182667
 10
563.521667
 20
2.182667
 10
563.521667
 20
2.188667
 10
563.539667
 20
2.188667
  0
LWPOLYLINE
  5
172
330
17
100
AcDbEntity
  8
VISTA
100
AcDbPolyline
 90
10
 70
1
 10
563.306585
 20
2.008798
 10
563.308611
 20
2.009444
 10
563.526748
 20
2.008798
 10
563.528222
 20
2.005944
 10
563.527576
 20
1.935918
 10
563.524722
 20
1.934444
 10
563.306585
 20
1.935091
 10
563.305111
 20
1.937944
 10
563.305757
 20
2.007971
 10
563.306585
 20
2.008798
  0
LWPOLYLINE
  5
173
330
17
100
AcDbEntity
  8
VISTA
100
AcDbPolyline
 90
4
 70
1
 10
563.3064745170717
 20
2.00841665569895
 10
563.3064745170717
 20
2.00841665569895
 10
563.306399
 20
2.008156
 10
563.3064745170717
 20
2.00841665569895
  0
LWPOLYLINE
  5
174
330
17
100
AcDbEntity
  8
VISTA
100
AcDbPolyline
 90
4
 70
1
 10
563.306858
 20
2.007698
 10
563.306858
 20
2.008414
 10
563.306399
 20
2.008156
 10
563.306858
 20
2.007698
  0
LWPOLYLINE
  5
175
330
17
100
AcDbEntity
  8
VISTA
100
AcDbPolyline
 90
4
 70
1
 10
563.306399
 20
1.935733
 10
563.306858
 20
1.935475
 10
563.306858
 20
1.936191
 10
563.306399
 20
1.935733
  0
LWPOLYLINE
  5
176
330
17
100
AcDbEntity
  8
VISTA
100
AcDbPolyline
 90
4
 70
1
 10
563.3064745170717
 20
1.9354723443010502
 10
563.3064745170717
 20
1.9354723443010502
 10
563.306399
 20
1.935733
 10
563.3064745170717
 20
1.9354723443010502
  0
LWPOLYLINE
  5
177
330
17
100
AcDbEntity
  8
VISTA
100
AcDbPolyline
 90
4
 70
1
 10
563.526934
 20
2.008156
 10
563.526476
 20
2.008414
 10
563.526476
 20
2.007698
 10
563.526934
 20
2.008156
  0
LWPOLYLINE
  5
178
330
17
100
AcDbEntity
  8
VISTA
100
AcDbPolyline
 90
4
 70
1
 10
563.526476
 20
1.935475
 10
563.527192
 20
1.936191
 10
563.526476
 20
1.936191
 10
563.526476
 20
1.935475
  0
LWPOLYLINE
  5
179
330
17
100
AcDbEntity
  8
VISTA
100
AcDbPolyline
 90
5
 70
1
 10
563.328556
 20
2.011445
 10
563.328556
 20
2.005445
 10
563.310555
 20
2.005445
 10
563.310555
 20
2.011445
 10
563.328556
 20
2.011445
  0
LWPOLYLINE
  5
17A
330
17
100
AcDbEntity
  8
VISTA
100
AcDbPolyline
 90
9
 70
1
 10
563.0975
 20
1.832222
 10
563.315637
 20
1.831576
 10
563.317111
 20
1.828722
 10
563.316465
 20
1.758696
 10
563.313611
 20
1.757222
 10
563.095474
 20
1.757868
 10
563.094
 20
1.760722
 10
563.094646
 20
1.830748
 10
563.0975
 20
1.832222
  0
LWPOLYLINE
  5
17B
330
17
100
AcDbEntity
  8
VISTA
100
AcDbPolyline
 90
4
 70
1
 10
563.095746
 20
1.830476
 10
563.095746
 20
1.831192
 10
563.09503
 20
1.830476
 10
563.095746
 20
1.830476
  0
LWPOLYLINE
  5
17C
330
17
100
AcDbEntity
  8
VISTA
100
AcDbPolyline
 90
4
 70
1
 10
563.095288
 20
1.75851
 10
563.095746
 20
1.758252
 10
563.095746
 20
1.758969
 10
563.095288
 20
1.75851
  0
LWPOLYLINE
  5
17D
330
17
100
AcDbEntity
  8
VISTA
100
AcDbPolyline
 90
4
 70
1
 10
563.315823
 20
1.830934
 10
563.315365
 20
1.831192
 10
563.315365
 20
1.830476
 10
563.315823
 20
1.830934
  0
LWPOLYLINE
  5
17E
330
17
100
AcDbEntity
  8
VISTA
100
AcDbPolyline
 90
4
 70
1
 10
563.315365
 20
1.758252
 10
563.316081
 20
1.758969
 10
563.315365
 20
1.758969
 10
563.315365
 20
1.758252
  0
LWPOLYLINE
  5
17F
330
17
100
AcDbEntity
  8
VISTA
100
AcDbPolyline
 90
5
 70
1
 10
563.117445
 20
1.834222
 10
563.117445
 20
1.828222
 10
563.099444
 20
1.828222
 10
563.099444
 20
1.834222
 10
563.117445
 20
1.834222
  0
LWPOLYLINE
  5
180
330
17
100
AcDbEntity
  8
VISTA
100
AcDbPolyline
 90
10
 70
1
 10
562.886389
 20
1.655
 10
563.104526
 20
1.654354
 10
563.106
 20
1.6515
 10
563.105354
 20
1.581474
 10
563.1025
 20
1.58
 10
562.884363
 20
1.580646
 10
562.883535
 20
1.581474
 10
562.882889
 20
1.5835
 10
562.883535
 20
1.653526
 10
562.886389
 20
1.655
  0
LWPOLYLINE
  5
181
330
17
100
AcDbEntity
  8
VISTA
100
AcDbPolyline
 90
4
 70
1
 10
562.884635
 20
1.653254
 10
562.884635
 20
1.65397
 10
562.883919
 20
1.653254
 10
562.884635
 20
1.653254
  0
LWPOLYLINE
  5
182
330
17
100
AcDbEntity
  8
VISTA
100
AcDbPolyline
 90
4
 70
1
 10
562.884177
 20
1.581288
 10
562.884635
 20
1.58103
 10
562.884635
 20
1.581746
 10
562.884177
 20
1.581288
  0
LWPOLYLINE
  5
183
330
17
100
AcDbEntity
  8
VISTA
100
AcDbPolyline
 90
4
 70
1
 10
562.883916347546
 20
1.5813635161315363
 10
562.883916347546
 20
1.581363516131536
 10
562.884177
 20
1.581288
 10
562.883916347546
 20
1.5813635161315363
  0
LWPOLYLINE
  5
184
330
17
100
AcDbEntity
  8
VISTA
100
AcDbPolyline
 90
4
 70
1
 10
563.104712
 20
1.653712
 10
563.104254
 20
1.65397
 10
563.104254
 20
1.653254
 10
563.104712
 20
1.653712
  0
LWPOLYLINE
  5
185
330
17
100
AcDbEntity
  8
VISTA
100
AcDbPolyline
 90
4
 70
1
 10
563.104254
 20
1.58103
 10
563.10497
 20
1.581746
 10
563.104254
 20
1.581746
 10
563.104254
 20
1.58103
  0
LWPOLYLINE
  5
186
330
17
100
AcDbEntity
  8
VISTA
100
AcDbPolyline
 90
5
 70
1
 10
562.906333
 20
1.657
 10
562.906333
 20
1.651
 10
562.888333
 20
1.651
 10
562.888333
 20
1.657
 10
562.906333
 20
1.657
  0
LWPOLYLINE
  5
187
330
17
100
AcDbEntity
  8
VISTA
100
AcDbPolyline
 90
9
 70
1
 10
562.675278
 20
1.477778
 10
562.893415
 20
1.477132
 10
562.894889
 20
1.474278
 10
562.894243
 20
1.404252
 10
562.891389
 20
1.402778
 10
562.673252
 20
1.403424
 10
562.671778
 20
1.406278
 10
562.672424
 20
1.476304
 10
562.675278
 20
1.477778
  0
LWPOLYLINE
  5
188
330
17
100
AcDbEntity
  8
VISTA
100
AcDbPolyline
 90
4
 70
1
 10
562.673524
 20
1.476031
 10
562.673524
 20
1.476748
 10
562.672808
 20
1.476031
 10
562.673524
 20
1.476031
  0
LWPOLYLINE
  5
189
330
17
100
AcDbEntity
  8
VISTA
100
AcDbPolyline
 90
4
 70
1
 10
562.673066
 20
1.404066
 10
562.673524
 20
1.403808
 10
562.673524
 20
1.404524
 10
562.673066
 20
1.404066
  0
LWPOLYLINE
  5
18A
330
17
100
AcDbEntity
  8
VISTA
100
AcDbPolyline
 90
4
 70
1
 10
562.893601
 20
1.47649
 10
562.893142
 20
1.476748
 10
562.893142
 20
1.476031
 10
562.893601
 20
1.47649
  0
LWPOLYLINE
  5
18B
330
17
100
AcDbEntity
  8
VISTA
100
AcDbPolyline
 90
4
 70
1
 10
562.893142
 20
1.403808
 10
562.893859
 20
1.404524
 10
562.893142
 20
1.404524
 10
562.893142
 20
1.403808
  0
LWPOLYLINE
  5
18C
330
17
100
AcDbEntity
  8
VISTA
100
AcDbPolyline
 90
4
 70
1
 10
562.893861652454
 20
1.4041415161315363
 10
562.893601
 20
1.404066
 10
562.893861652454
 20
1.404141516131536
 10
562.893861652454
 20
1.4041415161315363
  0
LWPOLYLINE
  5
18D
330
17
100
AcDbEntity
  8
VISTA
100
AcDbPolyline
 90
5
 70
1
 10
562.695222
 20
1.479778
 10
562.695222
 20
1.473778
 10
562.677222
 20
1.473778
 10
562.677222
 20
1.479778
 10
562.695222
 20
1.479778
  0
LWPOLYLINE
  5
18E
330
17
100
AcDbEntity
  8
VISTA
100
AcDbPolyline
 90
10
 70
1
 10
562.464167
 20
1.300556
 10
562.682304
 20
1.299909
 10
562.683778
 20
1.297056
 10
562.683132
 20
1.227029
 10
562.680278
 20
1.225556
 10
562.462141
 20
1.226202
 10
562.461313
 20
1.227029
 10
562.460667
 20
1.229056
 10
562.461313
 20
1.299082
 10
562.464167
 20
1.300556
  0
LWPOLYLINE
  5
18F
330
17
100
AcDbEntity
  8
VISTA
100
AcDbPolyline
 90
4
 70
1
 10
562.462413
 20
1.298809
 10
562.462413
 20
1.299525
 10
562.461697
 20
1.298809
 10
562.462413
 20
1.298809
  0
LWPOLYLINE
  5
190
330
17
100
AcDbEntity
  8
VISTA
100
AcDbPolyline
 90
4
 70
1
 10
562.461955
 20
1.226844
 10
562.462413
 20
1.226586
 10
562.462413
 20
1.227302
 10
562.461955
 20
1.226844
  0
LWPOLYLINE
  5
191
330
17
100
AcDbEntity
  8
VISTA
100
AcDbPolyline
 90
4
 70
1
 10
562.4616943447361
 20
1.2269191109405422
 10
562.4616943447361
 20
1.226919110940542
 10
562.461955
 20
1.226844
 10
562.4616943447361
 20
1.2269191109405422
  0
LWPOLYLINE
  5
192
330
17
100
AcDbEntity
  8
VISTA
100
AcDbPolyline
 90
4
 70
1
 10
562.68249
 20
1.299267
 10
562.682031
 20
1.299525
 10
562.682031
 20
1.298809
 10
562.68249
 20
1.299267
  0
LWPOLYLINE
  5
193
330
17
100
AcDbEntity
  8
VISTA
100
AcDbPolyline
 90
4
 70
1
 10
562.682031
 20
1.226586
 10
562.682748
 20
1.227302
 10
562.682031
 20
1.227302
 10
562.682031
 20
1.226586
  0
LWPOLYLINE
  5
194
330
17
100
AcDbEntity
  8
VISTA
100
AcDbPolyline
 90
4
 70
1
 10
562.6827506552639
 20
1.2269191109405422
 10
562.68249
 20
1.226844
 10
562.6827506552639
 20
1.226919110940542
 10
562.6827506552639
 20
1.2269191109405422
  0
LWPOLYLINE
  5
195
330
17
100
AcDbEntity
  8
VISTA
100
AcDbPolyline
 90
5
 70
1
 10
562.484111
 20
1.302556
 10
562.484111
 20
1.296556
 10
562.466111
 20
1.296556
 10
562.466111
 20
1.302556
 10
562.484111
 20
1.302556
  0
LWPOLYLINE
  5
196
330
17
100
AcDbEntity
  8
VISTA
100
AcDbPolyline
 90
10
 70
1
 10
562.253056
 20
1.123333
 10
562.471193
 20
1.122687
 10
562.472021
 20
1.12186
 10
562.472667
 20
1.119833
 10
562.472021
 20
1.049807
 10
562.469167
 20
1.048333
 10
562.251029
 20
1.04898
 10
562.249556
 20
1.051833
 10
562.250202
 20
1.12186
 10
562.253056
 20
1.123333
  0
LWPOLYLINE
  5
197
330
17
100
AcDbEntity
  8
VISTA
100
AcDbPolyline
 90
4
 70
1
 10
562.251302
 20
1.121587
 10
562.251302
 20
1.122303
 10
562.250586
 20
1.121587
 10
562.251302
 20
1.121587
  0
LWPOLYLINE
  5
198
330
17
100
AcDbEntity
  8
VISTA
100
AcDbPolyline
 90
4
 70
1
 10
562.250844
 20
1.049622
 10
562.251302
 20
1.049363
 10
562.251302
 20
1.05008
 10
562.250844
 20
1.049622
  0
LWPOLYLINE
  5
199
330
17
100
AcDbEntity
  8
VISTA
100
AcDbPolyline
 90
4
 70
1
 10
562.471379
 20
1.122045
 10
562.47092
 20
1.122303
 10
562.47092
 20
1.121587
 10
562.471379
 20
1.122045
  0
LWPOLYLINE
  5
19A
330
17
100
AcDbEntity
  8
VISTA
100
AcDbPolyline
 90
4
 70
1
 10
562.471639655264
 20
1.1219698890594578
 10
562.471639655264
 20
1.121969889059458
 10
562.471379
 20
1.122045
 10
562.471639655264
 20
1.1219698890594578
  0
LWPOLYLINE
  5
19B
330
17
100
AcDbEntity
  8
VISTA
100
AcDbPolyline
 90
4
 70
1
 10
562.47092
 20
1.049363
 10
562.471637
 20
1.05008
 10
562.47092
 20
1.05008
 10
562.47092
 20
1.049363
  0
LWPOLYLINE
  5
19C
330
17
100
AcDbEntity
  8
VISTA
100
AcDbPolyline
 90
5
 70
1
 10
562.273
 20
1.125333
 10
562.273
 20
1.119333
 10
562.255
 20
1.119333
 10
562.255
 20
1.125333
 10
562.273
 20
1.125333
  0
LWPOLYLINE
  5
19D
330
17
100
AcDbEntity
  8
VISTA
100
AcDbPolyline
 90
9
 70
1
 10
562.041945
 20
0.946111
 10
562.260082
 20
0.945465
 10
562.261556
 20
0.942611
 10
562.26091
 20
0.872585
 10
562.258056
 20
0.871111
 10
562.039918
 20
0.871757
 10
562.038445
 20
0.874611
 10
562.039091
 20
0.944637
 10
562.041945
 20
0.946111
  0
LWPOLYLINE
  5
19E
330
17
100
AcDbEntity
  8
VISTA
100
AcDbPolyline
 90
4
 70
1
 10
562.040191
 20
0.944365
 10
562.040191
 20
0.945081
 10
562.039475
 20
0.944365
 10
562.040191
 20
0.944365
  0
LWPOLYLINE
  5
19F
330
17
100
AcDbEntity
  8
VISTA
100
AcDbPolyline
 90
4
 70
1
 10
562.0394723475459
 20
0.9447474838684639
 10
562.039733
 20
0.944823
 10
562.0394723475459
 20
0.944747483868464
 10
562.0394723475459
 20
0.9447474838684639
  0
LWPOLYLINE
  5
1A0
330
17
100
AcDbEntity
  8
VISTA
100
AcDbPolyline
 90
4
 70
1
 10
562.039733
 20
0.872399
 10
562.040191
 20
0.872141
 10
562.040191
 20
0.872858
 10
562.039733
 20
0.872399
  0
LWPOLYLINE
  5
1A1
330
17
100
AcDbEntity
  8
VISTA
100
AcDbPolyline
 90
4
 70
1
 10
562.260267
 20
0.944823
 10
562.259809
 20
0.945081
 10
562.259809
 20
0.944365
 10
562.260267
 20
0.944823
  0
LWPOLYLINE
  5
1A2
330
17
100
AcDbEntity
  8
VISTA
100
AcDbPolyline
 90
4
 70
1
 10
562.259809
 20
0.872141
 10
562.260525
 20
0.872858
 10
562.259809
 20
0.872858
 10
562.259809
 20
0.872141
  0
LWPOLYLINE
  5
1A3
330
17
100
AcDbEntity
  8
VISTA
100
AcDbPolyline
 90
5
 70
1
 10
562.061889
 20
0.948111
 10
562.061889
 20
0.942111
 10
562.043889
 20
0.942111
 10
562.043889
 20
0.948111
 10
562.061889
 20
0.948111
  0
LWPOLYLINE
  5
1A4
330
17
100
AcDbEntity
  8
VISTA
100
AcDbPolyline
 90
9
 70
1
 10
561.830833
 20
0.768889
 10
562.048971
 20
0.768243
 10
562.050444
 20
0.765389
 10
562.049798
 20
0.695363
 10
562.046944
 20
0.693889
 10
561.828807
 20
0.694535
 10
561.827333
 20
0.697389
 10
561.82798
 20
0.767415
 10
561.830833
 20
0.768889
  0
LWPOLYLINE
  5
1A5
330
17
100
AcDbEntity
  8
VISTA
100
AcDbPolyline
 90
4
 70
1
 10
561.82908
 20
0.767142
 10
561.82908
 20
0.767859
 10
561.828364
 20
0.767142
 10
561.82908
 20
0.767142
  0
LWPOLYLINE
  5
1A6
330
17
100
AcDbEntity
  8
VISTA
100
AcDbPolyline
 90
4
 70
1
 10
561.828622
 20
0.695177
 10
561.82908
 20
0.694919
 10
561.82908
 20
0.695635
 10
561.828622
 20
0.695177
  0
LWPOLYLINE
  5
1A7
330
17
100
AcDbEntity
  8
VISTA
100
AcDbPolyline
 90
4
 70
1
 10
562.049156
 20
0.767601
 10
562.048698
 20
0.767859
 10
562.048698
 20
0.767142
 10
562.049156
 20
0.767601
  0
LWPOLYLINE
  5
1A8
330
17
100
AcDbEntity
  8
VISTA
100
AcDbPolyline
 90
4
 70
1
 10
562.048698
 20
0.694919
 10
562.049414
 20
0.695635
 10
562.048698
 20
0.695635
 10
562.048698
 20
0.694919
  0
LWPOLYLINE
  5
1A9
330
17
100
AcDbEntity
  8
VISTA
100
AcDbPolyline
 90
5
 70
1
 10
561.850778
 20
0.770889
 10
561.850778
 20
0.764889
 10
561.832778
 20
0.764889
 10
561.832778
 20
0.770889
 10
561.850778
 20
0.770889
  0
LWPOLYLINE
  5
1AA
330
17
100
AcDbEntity
  8
VISTA
100
AcDbPolyline
 90
9
 70
1
 10
561.619722
 20
0.591667
 10
561.83786
 20
0.591021
 10
561.839333
 20
0.588167
 10
561.838687
 20
0.51814
 10
561.835833
 20
0.516667
 10
561.617696
 20
0.517313
 10
561.616222
 20
0.520167
 10
561.616868
 20
0.590193
 10
561.619722
 20
0.591667
  0
LWPOLYLINE
  5
1AB
330
17
100
AcDbEntity
  8
VISTA
100
AcDbPolyline
 90
4
 70
1
 10
561.617969
 20
0.58992
 10
561.617969
 20
0.590636
 10
561.617252
 20
0.58992
 10
561.617969
 20
0.58992
  0
LWPOLYLINE
  5
1AC
330
17
100
AcDbEntity
  8
VISTA
100
AcDbPolyline
 90
4
 70
1
 10
561.61751
 20
0.517955
 10
561.617969
 20
0.517697
 10
561.617969
 20
0.518413
 10
561.61751
 20
0.517955
  0
LWPOLYLINE
  5
1AD
330
17
100
AcDbEntity
  8
VISTA
100
AcDbPolyline
 90
4
 70
1
 10
561.838045
 20
0.590378
 10
561.837587
 20
0.590636
 10
561.837587
 20
0.58992
 10
561.838045
 20
0.590378
  0
LWPOLYLINE
  5
1AE
330
17
100
AcDbEntity
  8
VISTA
100
AcDbPolyline
 90
4
 70
1
 10
561.837587
 20
0.517697
 10
561.838303
 20
0.518413
 10
561.837587
 20
0.518413
 10
561.837587
 20
0.517697
  0
LWPOLYLINE
  5
1AF
330
17
100
AcDbEntity
  8
VISTA
100
AcDbPolyline
 90
5
 70
1
 10
561.639667
 20
0.593667
 10
561.639667
 20
0.587667
 10
561.621667
 20
0.587667
 10
561.621667
 20
0.593667
 10
561.639667
 20
0.593667
  0
LWPOLYLINE
  5
1B0
330
17
100
AcDbEntity
  8
VISTA
100
AcDbPolyline
 90
9
 70
1
 10
561.408611
 20
0.414444
 10
561.626748
 20
0.413798
 10
561.628222
 20
0.410944
 10
561.627576
 20
0.340918
 10
561.624722
 20
0.339444
 10
561.406585
 20
0.340091
 10
561.405111
 20
0.342944
 10
561.405757
 20
0.412971
 10
561.408611
 20
0.414444
  0
LWPOLYLINE
  5
1B1
330
17
100
AcDbEntity
  8
VISTA
100
AcDbPolyline
 90
4
 70
1
 10
561.406857
 20
0.412698
 10
561.406857
 20
0.413414
 10
561.406141
 20
0.412698
 10
561.406857
 20
0.412698
  0
LWPOLYLINE
  5
1B2
330
17
100
AcDbEntity
  8
VISTA
100
AcDbPolyline
 90
4
 70
1
 10
561.406399
 20
0.340733
 10
561.406857
 20
0.340475
 10
561.406857
 20
0.341191
 10
561.406399
 20
0.340733
  0
LWPOLYLINE
  5
1B3
330
17
100
AcDbEntity
  8
VISTA
100
AcDbPolyline
 90
4
 70
1
 10
561.626934
 20
0.413156
 10
561.626476
 20
0.413414
 10
561.626476
 20
0.412698
 10
561.626934
 20
0.413156
  0
LWPOLYLINE
  5
1B4
330
17
100
AcDbEntity
  8
VISTA
100
AcDbPolyline
 90
4
 70
1
 10
561.626476
 20
0.340475
 10
561.627192
 20
0.341191
 10
561.626476
 20
0.341191
 10
561.626476
 20
0.340475
  0
LWPOLYLINE
  5
1B5
330
17
100
AcDbEntity
  8
VISTA
100
AcDbPolyline
 90
4
 70
1
 10
561.6271946552639
 20
0.3408081109405421
 10
561.626934
 20
0.340733
 10
561.6271946552639
 20
0.34080811094054203
 10
561.6271946552639
 20
0.3408081109405421
  0
LWPOLYLINE
  5
1B6
330
17
100
AcDbEntity
  8
VISTA
100
AcDbPolyline
 90
5
 70
1
 10
561.428555
 20
0.416444
 10
561.428555
 20
0.410444
 10
561.410556
 20
0.410444
 10
561.410556
 20
0.416444
 10
561.428555
 20
0.416444
  0
LWPOLYLINE
  5
1B7
330
17
100
AcDbEntity
  8
VISTA
100
AcDbPolyline
 90
9
 70
1
 10
561.1975
 20
0.237222
 10
561.415637
 20
0.236576
 10
561.417111
 20
0.233722
 10
561.416465
 20
0.163696
 10
561.413611
 20
0.162222
 10
561.195474
 20
0.162868
 10
561.194
 20
0.165722
 10
561.194646
 20
0.235748
 10
561.1975
 20
0.237222
  0
LWPOLYLINE
  5
1B8
330
17
100
AcDbEntity
  8
VISTA
100
AcDbPolyline
 90
4
 70
1
 10
561.195746
 20
0.235476
 10
561.195746
 20
0.236192
 10
561.19503
 20
0.235476
 10
561.195746
 20
0.235476
  0
LWPOLYLINE
  5
1B9
330
17
100
AcDbEntity
  8
VISTA
100
AcDbPolyline
 90
4
 70
1
 10
561.195288
 20
0.16351
 10
561.195746
 20
0.163252
 10
561.195746
 20
0.163969
 10
561.195288
 20
0.16351
  0
LWPOLYLINE
  5
1BA
330
17
100
AcDbEntity
  8
VISTA
100
AcDbPolyline
 90
4
 70
1
 10
561.415823
 20
0.235934
 10
561.415365
 20
0.236192
 10
561.415365
 20
0.235476
 10
561.415823
 20
0.235934
  0
LWPOLYLINE
  5
1BB
330
17
100
AcDbEntity
  8
VISTA
100
AcDbPolyline
 90
4
 70
1
 10
561.415365
 20
0.163252
 10
561.416081
 20
0.163969
 10
561.415365
 20
0.163969
 10
561.415365
 20
0.163252
  0
LWPOLYLINE
  5
1BC
330
17
100
AcDbEntity
  8
VISTA
100
AcDbPolyline
 90
5
 70
1
 10
561.217444
 20
0.239222
 10
561.217444
 20
0.233222
 10
561.199445
 20
0.233222
 10
561.199445
 20
0.239222
 10
561.217444
 20
0.239222
  0
LWPOLYLINE
  5
1BD
330
17
100
AcDbEntity
  8
VISTA
100
AcDbPolyline
 90
5
 70
1
 10
565.0195
 20
3.25
 10
565.0195
 20
3.23
 10
564.9945
 20
3.229928
 10
564.9945
 20
3.249928
 10
565.0195
 20
3.25
  0
LWPOLYLINE
  5
1BE
330
17
100
AcDbEntity
  8
VISTA
100
AcDbPolyline
 90
5
 70
1
 10
564.798589
 20
3.255
 10
564.819889
 20
3.2543
 10
564.819189
 20
3.25
 10
564.798094
 20
3.2507
 10
564.798589
 20
3.255
  0
LWPOLYLINE
  5
1BF
330
17
100
AcDbEntity
  8
VISTA
100
AcDbPolyline
 90
5
 70
1
 10
564.587478
 20
3.077778
 10
564.608778
 20
3.077078
 10
564.608078
 20
3.072778
 10
564.586983
 20
3.073478
 10
564.587478
 20
3.077778
  0
LWPOLYLINE
  5
1C0
330
17
100
AcDbEntity
  8
VISTA
100
AcDbPolyline
 90
5
 70
1
 10
564.376367
 20
2.900556
 10
564.397667
 20
2.899856
 10
564.396967
 20
2.895555
 10
564.375872
 20
2.896255
 10
564.376367
 20
2.900556
  0
LWPOLYLINE
  5
1C1
330
17
100
AcDbEntity
  8
VISTA
100
AcDbPolyline
 90
5
 70
1
 10
564.165256
 20
2.723333
 10
564.186556
 20
2.722633
 10
564.185856
 20
2.718333
 10
564.164761
 20
2.719033
 10
564.165256
 20
2.723333
  0
LWPOLYLINE
  5
1C2
330
17
100
AcDbEntity
  8
VISTA
100
AcDbPolyline
 90
5
 70
1
 10
563.954145
 20
2.546111
 10
563.975445
 20
2.545411
 10
563.974745
 20
2.541111
 10
563.95365
 20
2.541811
 10
563.954145
 20
2.546111
  0
LWPOLYLINE
  5
1C3
330
17
100
AcDbEntity
  8
VISTA
100
AcDbPolyline
 90
5
 70
1
 10
563.743033
 20
2.368889
 10
563.764333
 20
2.368189
 10
563.763633
 20
2.363889
 10
563.742538
 20
2.364589
 10
563.743033
 20
2.368889
  0
LWPOLYLINE
  5
1C4
330
17
100
AcDbEntity
  8
VISTA
100
AcDbPolyline
 90
5
 70
1
 10
563.531922
 20
2.191667
 10
563.553222
 20
2.190967
 10
563.552522
 20
2.186666
 10
563.531427
 20
2.187366
 10
563.531922
 20
2.191667
  0
LWPOLYLINE
  5
1C5
330
17
100
AcDbEntity
  8
VISTA
100
AcDbPolyline
 90
5
 70
1
 10
563.320811
 20
2.014445
 10
563.342111
 20
2.013745
 10
563.341411
 20
2.009444
 10
563.320316
 20
2.010144
 10
563.320811
 20
2.014445
  0
LWPOLYLINE
  5
1C6
330
17
100
AcDbEntity
  8
VISTA
100
AcDbPolyline
 90
5
 70
1
 10
563.1097
 20
1.837222
 10
563.131
 20
1.836522
 10
563.1303
 20
1.832222
 10
563.109205
 20
1.832922
 10
563.1097
 20
1.837222
  0
LWPOLYLINE
  5
1C7
330
17
100
AcDbEntity
  8
VISTA
100
AcDbPolyline
 90
5
 70
1
 10
562.898589
 20
1.66
 10
562.919889
 20
1.6593
 10
562.919189
 20
1.655
 10
562.898094
 20
1.6557
 10
562.898589
 20
1.66
  0
LWPOLYLINE
  5
1C8
330
17
100
AcDbEntity
  8
VISTA
100
AcDbPolyline
 90
5
 70
1
 10
562.687478
 20
1.482778
 10
562.708778
 20
1.482078
 10
562.708078
 20
1.477778
 10
562.686983
 20
1.478478
 10
562.687478
 20
1.482778
  0
LWPOLYLINE
  5
1C9
330
17
100
AcDbEntity
  8
VISTA
100
AcDbPolyline
 90
5
 70
1
 10
562.476367
 20
1.305556
 10
562.497667
 20
1.304856
 10
562.496967
 20
1.300556
 10
562.475872
 20
1.301256
 10
562.476367
 20
1.305556
  0
LWPOLYLINE
  5
1CA
330
17
100
AcDbEntity
  8
VISTA
100
AcDbPolyline
 90
5
 70
1
 10
562.265256
 20
1.128333
 10
562.286556
 20
1.127633
 10
562.285856
 20
1.123333
 10
562.264761
 20
1.124033
 10
562.265256
 20
1.128333
  0
LWPOLYLINE
  5
1CB
330
17
100
AcDbEntity
  8
VISTA
100
AcDbPolyline
 90
5
 70
1
 10
562.054145
 20
0.951111
 10
562.075444
 20
0.950411
 10
562.074744
 20
0.946111
 10
562.05365
 20
0.946811
 10
562.054145
 20
0.951111
  0
LWPOLYLINE
  5
1CC
330
17
100
AcDbEntity
  8
VISTA
100
AcDbPolyline
 90
5
 70
1
 10
561.843033
 20
0.773889
 10
561.864333
 20
0.773189
 10
561.863633
 20
0.768889
 10
561.842538
 20
0.769589
 10
561.843033
 20
0.773889
  0
LWPOLYLINE
  5
1CD
330
17
100
AcDbEntity
  8
VISTA
100
AcDbPolyline
 90
5
 70
1
 10
561.631922
 20
0.596667
 10
561.653222
 20
0.595967
 10
561.652522
 20
0.591667
 10
561.631427
 20
0.592367
 10
561.631922
 20
0.596667
  0
LWPOLYLINE
  5
1CE
330
17
100
AcDbEntity
  8
VISTA
100
AcDbPolyline
 90
5
 70
1
 10
561.420811
 20
0.419444
 10
561.442111
 20
0.418744
 10
561.441411
 20
0.414444
 10
561.420316
 20
0.415144
 10
561.420811
 20
0.419444
  0
LWPOLYLINE
  5
1CF
330
17
100
AcDbEntity
  8
VISTA
100
AcDbPolyline
 90
5
 70
1
 10
561.2097
 20
0.242222
 10
561.231
 20
0.241522
 10
561.2303
 20
0.237222
 10
561.209205
 20
0.237922
 10
561.2097
 20
0.242222
  0
LWPOLYLINE
  5
1D0
330
17
100
AcDbEntity
  8
VISTA
100
AcDbPolyline
 90
5
 70
1
 10
564.877023
 20
3.14
 10
564.877023
 20
3.175
 10
564.911866
 20
3.175
 10
564.911645
 20
3.140147
 10
564.877023
 20
3.14
  0
LWPOLYLINE
  5
1D1
330
17
100
AcDbEntity
  8
VISTA
100
AcDbPolyline
 90
5
 70
1
 10
564.909444
 20
3.1425
 10
564.909444
 20
3.1725
 10
564.879445
 20
3.1725
 10
564.879715
 20
3.142853
 10
564.909444
 20
3.1425
  0
LWPOLYLINE
  5
1D2
330
17
100
AcDbEntity
  8
VISTA
100
AcDbPolyline
 90
5
 70
1
 10
564.665912
 20
2.962778
 10
564.665912
 20
2.997778
 10
564.700755
 20
2.997778
 10
564.700534
 20
2.962925
 10
564.665912
 20
2.962778
  0
LWPOLYLINE
  5
1D3
330
17
100
AcDbEntity
  8
VISTA
100
AcDbPolyline
 90
5
 70
1
 10
564.698333
 20
2.965278
 10
564.698333
 20
2.995278
 10
564.668334
 20
2.995278
 10
564.668604
 20
2.965631
 10
564.698333
 20
2.965278
  0
LWPOLYLINE
  5
1D4
330
17
100
AcDbEntity
  8
VISTA
100
AcDbPolyline
 90
5
 70
1
 10
564.454801
 20
2.785556
 10
564.454801
 20
2.820556
 10
564.489644
 20
2.820556
 10
564.489423
 20
2.785703
 10
564.454801
 20
2.785556
  0
LWPOLYLINE
  5
1D5
330
17
100
AcDbEntity
  8
VISTA
100
AcDbPolyline
 90
5
 70
1
 10
564.487222
 20
2.788056
 10
564.487222
 20
2.818056
 10
564.457222
 20
2.818056
 10
564.457493
 20
2.788409
 10
564.487222
 20
2.788056
  0
LWPOLYLINE
  5
1D6
330
17
100
AcDbEntity
  8
VISTA
100
AcDbPolyline
 90
5
 70
1
 10
564.24369
 20
2.608334
 10
564.24369
 20
2.643333
 10
564.278533
 20
2.643333
 10
564.278312
 20
2.608481
 10
564.24369
 20
2.608334
  0
LWPOLYLINE
  5
1D7
330
17
100
AcDbEntity
  8
VISTA
100
AcDbPolyline
 90
5
 70
1
 10
564.276111
 20
2.610833
 10
564.276111
 20
2.640834
 10
564.246111
 20
2.640834
 10
564.246382
 20
2.611187
 10
564.276111
 20
2.610833
  0
LWPOLYLINE
  5
1D8
330
17
100
AcDbEntity
  8
VISTA
100
AcDbPolyline
 90
5
 70
1
 10
564.032579
 20
2.431111
 10
564.032579
 20
2.466111
 10
564.067421
 20
2.466111
 10
564.067201
 20
2.431258
 10
564.032579
 20
2.431111
  0
LWPOLYLINE
  5
1D9
330
17
100
AcDbEntity
  8
VISTA
100
AcDbPolyline
 90
5
 70
1
 10
564.065
 20
2.433611
 10
564.065
 20
2.463611
 10
564.035
 20
2.463611
 10
564.035
 20
2.433611
 10
564.065
 20
2.433611
  0
LWPOLYLINE
  5
1DA
330
17
100
AcDbEntity
  8
VISTA
100
AcDbPolyline
 90
5
 70
1
 10
563.821467
 20
2.253889
 10
563.821467
 20
2.288889
 10
563.85631
 20
2.288889
 10
563.856089
 20
2.254036
 10
563.821467
 20
2.253889
  0
LWPOLYLINE
  5
1DB
330
17
100
AcDbEntity
  8
VISTA
100
AcDbPolyline
 90
5
 70
1
 10
563.853889
 20
2.256389
 10
563.853889
 20
2.286389
 10
563.823889
 20
2.286389
 10
563.82416
 20
2.256742
 10
563.853889
 20
2.256389
  0
LWPOLYLINE
  5
1DC
330
17
100
AcDbEntity
  8
VISTA
100
AcDbPolyline
 90
5
 70
1
 10
563.610356
 20
2.076667
 10
563.610356
 20
2.111667
 10
563.645199
 20
2.111667
 10
563.644978
 20
2.076814
 10
563.610356
 20
2.076667
  0
LWPOLYLINE
  5
1DD
330
17
100
AcDbEntity
  8
VISTA
100
AcDbPolyline
 90
5
 70
1
 10
563.642778
 20
2.079167
 10
563.642778
 20
2.109167
 10
563.612778
 20
2.109167
 10
563.613049
 20
2.07952
 10
563.642778
 20
2.079167
  0
LWPOLYLINE
  5
1DE
330
17
100
AcDbEntity
  8
VISTA
100
AcDbPolyline
 90
5
 70
1
 10
563.399245
 20
1.899444
 10
563.399245
 20
1.934444
 10
563.434088
 20
1.934444
 10
563.433867
 20
1.899592
 10
563.399245
 20
1.899444
  0
LWPOLYLINE
  5
1DF
330
17
100
AcDbEntity
  8
VISTA
100
AcDbPolyline
 90
5
 70
1
 10
563.431667
 20
1.901944
 10
563.431667
 20
1.931944
 10
563.401667
 20
1.931944
 10
563.401667
 20
1.901944
 10
563.431667
 20
1.901944
  0
LWPOLYLINE
  5
1E0
330
17
100
AcDbEntity
  8
VISTA
100
AcDbPolyline
 90
5
 70
1
 10
563.188134
 20
1.722222
 10
563.188134
 20
1.757222
 10
563.222977
 20
1.757222
 10
563.222756
 20
1.722369
 10
563.188134
 20
1.722222
  0
LWPOLYLINE
  5
1E1
330
17
100
AcDbEntity
  8
VISTA
100
AcDbPolyline
 90
5
 70
1
 10
563.220556
 20
1.724722
 10
563.220556
 20
1.754722
 10
563.190555
 20
1.754722
 10
563.190826
 20
1.725075
 10
563.220556
 20
1.724722
  0
LWPOLYLINE
  5
1E2
330
17
100
AcDbEntity
  8
VISTA
100
AcDbPolyline
 90
5
 70
1
 10
562.977023
 20
1.545
 10
562.977023
 20
1.58
 10
563.011866
 20
1.58
 10
563.011645
 20
1.545147
 10
562.977023
 20
1.545
  0
LWPOLYLINE
  5
1E3
330
17
100
AcDbEntity
  8
VISTA
100
AcDbPolyline
 90
5
 70
1
 10
563.009444
 20
1.5475
 10
563.009444
 20
1.5775
 10
562.979444
 20
1.5775
 10
562.979444
 20
1.5475
 10
563.009444
 20
1.5475
  0
LWPOLYLINE
  5
1E4
330
17
100
AcDbEntity
  8
VISTA
100
AcDbPolyline
 90
5
 70
1
 10
562.765912
 20
1.367778
 10
562.765912
 20
1.402778
 10
562.800755
 20
1.402778
 10
562.800534
 20
1.367925
 10
562.765912
 20
1.367778
  0
LWPOLYLINE
  5
1E5
330
17
100
AcDbEntity
  8
VISTA
100
AcDbPolyline
 90
5
 70
1
 10
562.798333
 20
1.370278
 10
562.798333
 20
1.400278
 10
562.768333
 20
1.400278
 10
562.768604
 20
1.370631
 10
562.798333
 20
1.370278
  0
LWPOLYLINE
  5
1E6
330
17
100
AcDbEntity
  8
VISTA
100
AcDbPolyline
 90
5
 70
1
 10
562.554801
 20
1.190555
 10
562.554801
 20
1.225556
 10
562.589644
 20
1.225556
 10
562.589423
 20
1.190703
 10
562.554801
 20
1.190555
  0
LWPOLYLINE
  5
1E7
330
17
100
AcDbEntity
  8
VISTA
100
AcDbPolyline
 90
5
 70
1
 10
562.587222
 20
1.193056
 10
562.587222
 20
1.223055
 10
562.557222
 20
1.223055
 10
562.557493
 20
1.193408
 10
562.587222
 20
1.193056
  0
LWPOLYLINE
  5
1E8
330
17
100
AcDbEntity
  8
VISTA
100
AcDbPolyline
 90
5
 70
1
 10
562.34369
 20
1.013333
 10
562.34369
 20
1.048333
 10
562.378533
 20
1.048333
 10
562.378312
 20
1.013481
 10
562.34369
 20
1.013333
  0
LWPOLYLINE
  5
1E9
330
17
100
AcDbEntity
  8
VISTA
100
AcDbPolyline
 90
5
 70
1
 10
562.376111
 20
1.015833
 10
562.376111
 20
1.045833
 10
562.346111
 20
1.045833
 10
562.346382
 20
1.016186
 10
562.376111
 20
1.015833
  0
LWPOLYLINE
  5
1EA
330
17
100
AcDbEntity
  8
VISTA
100
AcDbPolyline
 90
5
 70
1
 10
562.132579
 20
0.836111
 10
562.132579
 20
0.871111
 10
562.167422
 20
0.871111
 10
562.167201
 20
0.836258
 10
562.132579
 20
0.836111
  0
LWPOLYLINE
  5
1EB
330
17
100
AcDbEntity
  8
VISTA
100
AcDbPolyline
 90
5
 70
1
 10
562.165
 20
0.838611
 10
562.165
 20
0.868611
 10
562.135
 20
0.868611
 10
562.135271
 20
0.838964
 10
562.165
 20
0.838611
  0
LWPOLYLINE
  5
1EC
330
17
100
AcDbEntity
  8
VISTA
100
AcDbPolyline
 90
5
 70
1
 10
561.921467
 20
0.658889
 10
561.921467
 20
0.693889
 10
561.95631
 20
0.693889
 10
561.956089
 20
0.659036
 10
561.921467
 20
0.658889
  0
LWPOLYLINE
  5
1ED
330
17
100
AcDbEntity
  8
VISTA
100
AcDbPolyline
 90
5
 70
1
 10
561.953889
 20
0.661389
 10
561.953889
 20
0.691389
 10
561.923889
 20
0.691389
 10
561.923889
 20
0.661389
 10
561.953889
 20
0.661389
  0
LWPOLYLINE
  5
1EE
330
17
100
AcDbEntity
  8
VISTA
100
AcDbPolyline
 90
5
 70
1
 10
561.710356
 20
0.481667
 10
561.710356
 20
0.516667
 10
561.745199
 20
0.516667
 10
561.744978
 20
0.481814
 10
561.710356
 20
0.481667
  0
LWPOLYLINE
  5
1EF
330
17
100
AcDbEntity
  8
VISTA
100
AcDbPolyline
 90
5
 70
1
 10
561.742778
 20
0.484167
 10
561.742778
 20
0.514167
 10
561.712778
 20
0.514167
 10
561.713049
 20
0.48452
 10
561.742778
 20
0.484167
  0
LWPOLYLINE
  5
1F0
330
17
100
AcDbEntity
  8
VISTA
100
AcDbPolyline
 90
5
 70
1
 10
561.499245
 20
0.304444
 10
561.499245
 20
0.339444
 10
561.534088
 20
0.339444
 10
561.533867
 20
0.304592
 10
561.499245
 20
0.304444
  0
LWPOLYLINE
  5
1F1
330
17
100
AcDbEntity
  8
VISTA
100
AcDbPolyline
 90
5
 70
1
 10
561.531667
 20
0.306944
 10
561.531667
 20
0.336944
 10
561.501667
 20
0.336944
 10
561.501667
 20
0.306944
 10
561.531667
 20
0.306944
  0
LWPOLYLINE
  5
1F2
330
17
100
AcDbEntity
  8
VISTA
100
AcDbPolyline
 90
5
 70
1
 10
561.288134
 20
0.127222
 10
561.288134
 20
0.162222
 10
561.322977
 20
0.162222
 10
561.322756
 20
0.12737
 10
561.288134
 20
0.127222
  0
LWPOLYLINE
  5
1F3
330
17
100
AcDbEntity
  8
VISTA
100
AcDbPolyline
 90
5
 70
1
 10
561.320556
 20
0.129722
 10
561.320556
 20
0.159722
 10
561.290556
 20
0.159722
 10
561.290556
 20
0.129722
 10
561.320556
 20
0.129722
  0
LWPOLYLINE
  5
1F4
330
17
100
AcDbEntity
  8
VISTA
100
AcDbPolyline
 90
5
 70
1
 10
564.897444
 20
3.205
 10
564.897444
 20
3.135
 10
564.891445
 20
3.135
 10
564.891846
 20
3.205
 10
564.897444
 20
3.205
  0
LWPOLYLINE
  5
1F5
330
17
100
AcDbEntity
  8
VISTA
100
AcDbPolyline
 90
5
 70
1
 10
564.899944
 20
3.14
 10
564.899944
 20
3.131
 10
564.888945
 20
3.131
 10
564.889681
 20
3.14
 10
564.899944
 20
3.14
  0
LWPOLYLINE
  5
1F6
330
17
100
AcDbEntity
  8
VISTA
100
AcDbPolyline
 90
5
 70
1
 10
564.686333
 20
3.027778
 10
564.686333
 20
2.957778
 10
564.680334
 20
2.957778
 10
564.680735
 20
3.027778
 10
564.686333
 20
3.027778
  0
LWPOLYLINE
  5
1F7
330
17
100
AcDbEntity
  8
VISTA
100
AcDbPolyline
 90
5
 70
1
 10
564.688833
 20
2.962778
 10
564.688833
 20
2.953778
 10
564.677834
 20
2.953778
 10
564.67857
 20
2.962778
 10
564.688833
 20
2.962778
  0
LWPOLYLINE
  5
1F8
330
17
100
AcDbEntity
  8
VISTA
100
AcDbPolyline
 90
5
 70
1
 10
564.475222
 20
2.850556
 10
564.475222
 20
2.780556
 10
564.469223
 20
2.780556
 10
564.469624
 20
2.850556
 10
564.475222
 20
2.850556
  0
LWPOLYLINE
  5
1F9
330
17
100
AcDbEntity
  8
VISTA
100
AcDbPolyline
 90
5
 70
1
 10
564.477722
 20
2.785556
 10
564.477722
 20
2.776556
 10
564.466722
 20
2.776556
 10
564.467459
 20
2.785556
 10
564.477722
 20
2.785556
  0
LWPOLYLINE
  5
1FA
330
17
100
AcDbEntity
  8
VISTA
100
AcDbPolyline
 90
5
 70
1
 10
564.264111
 20
2.673333
 10
564.264111
 20
2.603333
 10
564.258111
 20
2.603333
 10
564.258513
 20
2.673333
 10
564.264111
 20
2.673333
  0
LWPOLYLINE
  5
1FB
330
17
100
AcDbEntity
  8
VISTA
100
AcDbPolyline
 90
5
 70
1
 10
564.266611
 20
2.608333
 10
564.266611
 20
2.599334
 10
564.255611
 20
2.599334
 10
564.256348
 20
2.608333
 10
564.266611
 20
2.608333
  0
LWPOLYLINE
  5
1FC
330
17
100
AcDbEntity
  8
VISTA
100
AcDbPolyline
 90
5
 70
1
 10
564.053
 20
2.496111
 10
564.053
 20
2.426111
 10
564.047
 20
2.426111
 10
564.047402
 20
2.496111
 10
564.053
 20
2.496111
  0
LWPOLYLINE
  5
1FD
330
17
100
AcDbEntity
  8
VISTA
100
AcDbPolyline
 90
5
 70
1
 10
564.0555
 20
2.431111
 10
564.0555
 20
2.422111
 10
564.0445
 20
2.422111
 10
564.045237
 20
2.431111
 10
564.0555
 20
2.431111
  0
LWPOLYLINE
  5
1FE
330
17
100
AcDbEntity
  8
VISTA
100
AcDbPolyline
 90
5
 70
1
 10
563.841889
 20
2.318889
 10
563.841889
 20
2.248889
 10
563.835889
 20
2.248889
 10
563.836291
 20
2.318889
 10
563.841889
 20
2.318889
  0
LWPOLYLINE
  5
1FF
330
17
100
AcDbEntity
  8
VISTA
100
AcDbPolyline
 90
5
 70
1
 10
563.844389
 20
2.253889
 10
563.844389
 20
2.244889
 10
563.833389
 20
2.244889
 10
563.834126
 20
2.253889
 10
563.844389
 20
2.253889
  0
LWPOLYLINE
  5
200
330
17
100
AcDbEntity
  8
VISTA
100
AcDbPolyline
 90
5
 70
1
 10
563.630778
 20
2.141667
 10
563.630778
 20
2.071667
 10
563.624778
 20
2.071667
 10
563.62518
 20
2.141667
 10
563.630778
 20
2.141667
  0
LWPOLYLINE
  5
201
330
17
100
AcDbEntity
  8
VISTA
100
AcDbPolyline
 90
5
 70
1
 10
563.633278
 20
2.076667
 10
563.633278
 20
2.067667
 10
563.622278
 20
2.067667
 10
563.623015
 20
2.076667
 10
563.633278
 20
2.076667
  0
LWPOLYLINE
  5
202
330
17
100
AcDbEntity
  8
VISTA
100
AcDbPolyline
 90
5
 70
1
 10
563.419667
 20
1.964444
 10
563.419667
 20
1.894444
 10
563.413667
 20
1.894444
 10
563.414069
 20
1.964444
 10
563.419667
 20
1.964444
  0
LWPOLYLINE
  5
203
330
17
100
AcDbEntity
  8
VISTA
100
AcDbPolyline
 90
5
 70
1
 10
563.422167
 20
1.899444
 10
563.422167
 20
1.890444
 10
563.411167
 20
1.890444
 10
563.411904
 20
1.899444
 10
563.422167
 20
1.899444
  0
LWPOLYLINE
  5
204
330
17
100
AcDbEntity
  8
VISTA
100
AcDbPolyline
 90
5
 70
1
 10
563.208555
 20
1.787222
 10
563.208555
 20
1.717222
 10
563.202555
 20
1.717222
 10
563.202957
 20
1.787222
 10
563.208555
 20
1.787222
  0
LWPOLYLINE
  5
205
330
17
100
AcDbEntity
  8
VISTA
100
AcDbPolyline
 90
5
 70
1
 10
563.211056
 20
1.722222
 10
563.211056
 20
1.713222
 10
563.200055
 20
1.713222
 10
563.200792
 20
1.722222
 10
563.211056
 20
1.722222
  0
LWPOLYLINE
  5
206
330
17
100
AcDbEntity
  8
VISTA
100
AcDbPolyline
 90
5
 70
1
 10
562.997444
 20
1.61
 10
562.997444
 20
1.54
 10
562.991444
 20
1.54
 10
562.991846
 20
1.61
 10
562.997444
 20
1.61
  0
LWPOLYLINE
  5
207
330
17
100
AcDbEntity
  8
VISTA
100
AcDbPolyline
 90
5
 70
1
 10
562.999944
 20
1.545
 10
562.999944
 20
1.536
 10
562.988944
 20
1.536
 10
562.989681
 20
1.545
 10
562.999944
 20
1.545
  0
LWPOLYLINE
  5
208
330
17
100
AcDbEntity
  8
VISTA
100
AcDbPolyline
 90
5
 70
1
 10
562.786333
 20
1.432778
 10
562.786333
 20
1.362778
 10
562.780333
 20
1.362778
 10
562.780735
 20
1.432778
 10
562.786333
 20
1.432778
  0
LWPOLYLINE
  5
209
330
17
100
AcDbEntity
  8
VISTA
100
AcDbPolyline
 90
5
 70
1
 10
562.788833
 20
1.367778
 10
562.788833
 20
1.358778
 10
562.777833
 20
1.358778
 10
562.77857
 20
1.367778
 10
562.788833
 20
1.367778
  0
LWPOLYLINE
  5
20A
330
17
100
AcDbEntity
  8
VISTA
100
AcDbPolyline
 90
5
 70
1
 10
562.575222
 20
1.255556
 10
562.575222
 20
1.185556
 10
562.569222
 20
1.185556
 10
562.569624
 20
1.255556
 10
562.575222
 20
1.255556
  0
LWPOLYLINE
  5
20B
330
17
100
AcDbEntity
  8
VISTA
100
AcDbPolyline
 90
5
 70
1
 10
562.577722
 20
1.190556
 10
562.577722
 20
1.181556
 10
562.566722
 20
1.181556
 10
562.567459
 20
1.190556
 10
562.577722
 20
1.190556
  0
LWPOLYLINE
  5
20C
330
17
100
AcDbEntity
  8
VISTA
100
AcDbPolyline
 90
5
 70
1
 10
562.364111
 20
1.078333
 10
562.364111
 20
1.008333
 10
562.358111
 20
1.008333
 10
562.358513
 20
1.078333
 10
562.364111
 20
1.078333
  0
LWPOLYLINE
  5
20D
330
17
100
AcDbEntity
  8
VISTA
100
AcDbPolyline
 90
5
 70
1
 10
562.366611
 20
1.013333
 10
562.366611
 20
1.004333
 10
562.355611
 20
1.004333
 10
562.356348
 20
1.013333
 10
562.366611
 20
1.013333
  0
LWPOLYLINE
  5
20E
330
17
100
AcDbEntity
  8
VISTA
100
AcDbPolyline
 90
5
 70
1
 10
562.153
 20
0.901111
 10
562.153
 20
0.831111
 10
562.147
 20
0.831111
 10
562.147402
 20
0.901111
 10
562.153
 20
0.901111
  0
LWPOLYLINE
  5
20F
330
17
100
AcDbEntity
  8
VISTA
100
AcDbPolyline
 90
5
 70
1
 10
562.1555
 20
0.836111
 10
562.1555
 20
0.827111
 10
562.1445
 20
0.827111
 10
562.145237
 20
0.836111
 10
562.1555
 20
0.836111
  0
LWPOLYLINE
  5
210
330
17
100
AcDbEntity
  8
VISTA
100
AcDbPolyline
 90
5
 70
1
 10
561.941889
 20
0.723889
 10
561.941889
 20
0.653889
 10
561.935889
 20
0.653889
 10
561.936291
 20
0.723889
 10
561.941889
 20
0.723889
  0
LWPOLYLINE
  5
211
330
17
100
AcDbEntity
  8
VISTA
100
AcDbPolyline
 90
5
 70
1
 10
561.944389
 20
0.658889
 10
561.944389
 20
0.649889
 10
561.933389
 20
0.649889
 10
561.934126
 20
0.658889
 10
561.944389
 20
0.658889
  0
LWPOLYLINE
  5
212
330
17
100
AcDbEntity
  8
VISTA
100
AcDbPolyline
 90
5
 70
1
 10
561.730778
 20
0.546667
 10
561.730778
 20
0.476667
 10
561.724778
 20
0.476667
 10
561.72518
 20
0.546667
 10
561.730778
 20
0.546667
  0
LWPOLYLINE
  5
213
330
17
100
AcDbEntity
  8
VISTA
100
AcDbPolyline
 90
5
 70
1
 10
561.733278
 20
0.481667
 10
561.733278
 20
0.472667
 10
561.722278
 20
0.472667
 10
561.723015
 20
0.481667
 10
561.733278
 20
0.481667
  0
LWPOLYLINE
  5
214
330
17
100
AcDbEntity
  8
VISTA
100
AcDbPolyline
 90
5
 70
1
 10
561.519667
 20
0.369444
 10
561.519667
 20
0.299444
 10
561.513667
 20
0.299444
 10
561.514069
 20
0.369444
 10
561.519667
 20
0.369444
  0
LWPOLYLINE
  5
215
330
17
100
AcDbEntity
  8
VISTA
100
AcDbPolyline
 90
5
 70
1
 10
561.522167
 20
0.304444
 10
561.522167
 20
0.295444
 10
561.511167
 20
0.295444
 10
561.511904
 20
0.304444
 10
561.522167
 20
0.304444
  0
LWPOLYLINE
  5
216
330
17
100
AcDbEntity
  8
VISTA
100
AcDbPolyline
 90
5
 70
1
 10
561.308556
 20
0.192222
 10
561.308556
 20
0.122222
 10
561.302556
 20
0.122222
 10
561.302958
 20
0.192222
 10
561.308556
 20
0.192222
  0
LWPOLYLINE
  5
217
330
17
100
AcDbEntity
  8
VISTA
100
AcDbPolyline
 90
5
 70
1
 10
561.311056
 20
0.127222
 10
561.311056
 20
0.118222
 10
561.300056
 20
0.118222
 10
561.300792
 20
0.127222
 10
561.311056
 20
0.127222
  0
LWPOLYLINE
  5
218
330
17
100
AcDbEntity
  8
VISTA
100
AcDbPolyline
 90
5
 70
1
 10
564.929444
 20
3.04577
 10
564.859445
 20
2.987007
 10
564.859445
 20
3.175
 10
564.929444
 20
3.175
 10
564.929444
 20
3.04577
  0
LWPOLYLINE
  5
219
330
17
100
AcDbEntity
  8
VISTA
100
AcDbPolyline
 90
5
 70
1
 10
564.718333
 20
2.868548
 10
564.648334
 20
2.809785
 10
564.648334
 20
2.997778
 10
564.718333
 20
2.997778
 10
564.718333
 20
2.868548
  0
LWPOLYLINE
  5
21A
330
17
100
AcDbEntity
  8
VISTA
100
AcDbPolyline
 90
5
 70
1
 10
564.507222
 20
2.691326
 10
564.437222
 20
2.632563
 10
564.437222
 20
2.820556
 10
564.507222
 20
2.820556
 10
564.507222
 20
2.691326
  0
LWPOLYLINE
  5
21B
330
17
100
AcDbEntity
  8
VISTA
100
AcDbPolyline
 90
5
 70
1
 10
564.296111
 20
2.514104
 10
564.226111
 20
2.455341
 10
564.226111
 20
2.643333
 10
564.296111
 20
2.643333
 10
564.296111
 20
2.514104
  0
LWPOLYLINE
  5
21C
330
17
100
AcDbEntity
  8
VISTA
100
AcDbPolyline
 90
5
 70
1
 10
564.085
 20
2.336882
 10
564.015
 20
2.278119
 10
564.015
 20
2.466111
 10
564.085
 20
2.466111
 10
564.085
 20
2.336882
  0
LWPOLYLINE
  5
21D
330
17
100
AcDbEntity
  8
VISTA
100
AcDbPolyline
 90
5
 70
1
 10
563.873889
 20
2.159659
 10
563.803889
 20
2.100896
 10
563.803889
 20
2.288889
 10
563.873889
 20
2.288889
 10
563.873889
 20
2.159659
  0
LWPOLYLINE
  5
21E
330
17
100
AcDbEntity
  8
VISTA
100
AcDbPolyline
 90
5
 70
1
 10
563.662778
 20
1.982437
 10
563.592778
 20
1.923674
 10
563.592778
 20
2.111667
 10
563.662778
 20
2.111667
 10
563.662778
 20
1.982437
  0
LWPOLYLINE
  5
21F
330
17
100
AcDbEntity
  8
VISTA
100
AcDbPolyline
 90
5
 70
1
 10
563.451667
 20
1.805215
 10
563.381667
 20
1.746452
 10
563.381667
 20
1.934444
 10
563.451667
 20
1.934444
 10
563.451667
 20
1.805215
  0
LWPOLYLINE
  5
220
330
17
100
AcDbEntity
  8
VISTA
100
AcDbPolyline
 90
5
 70
1
 10
563.240556
 20
1.627993
 10
563.170555
 20
1.569229
 10
563.170555
 20
1.757222
 10
563.240556
 20
1.757222
 10
563.240556
 20
1.627993
  0
LWPOLYLINE
  5
221
330
17
100
AcDbEntity
  8
VISTA
100
AcDbPolyline
 90
5
 70
1
 10
563.029444
 20
1.45077
 10
562.959444
 20
1.392007
 10
562.959444
 20
1.58
 10
563.029444
 20
1.58
 10
563.029444
 20
1.45077
  0
LWPOLYLINE
  5
222
330
17
100
AcDbEntity
  8
VISTA
100
AcDbPolyline
 90
5
 70
1
 10
562.818333
 20
1.273548
 10
562.748333
 20
1.214785
 10
562.748333
 20
1.402778
 10
562.818333
 20
1.402778
 10
562.818333
 20
1.273548
  0
LWPOLYLINE
  5
223
330
17
100
AcDbEntity
  8
VISTA
100
AcDbPolyline
 90
5
 70
1
 10
562.607222
 20
1.096326
 10
562.537222
 20
1.037563
 10
562.537222
 20
1.225556
 10
562.607222
 20
1.225556
 10
562.607222
 20
1.096326
  0
LWPOLYLINE
  5
224
330
17
100
AcDbEntity
  8
VISTA
100
AcDbPolyline
 90
5
 70
1
 10
562.396111
 20
0.919104
 10
562.326111
 20
0.860341
 10
562.326111
 20
1.048333
 10
562.396111
 20
1.048333
 10
562.396111
 20
0.919104
  0
LWPOLYLINE
  5
225
330
17
100
AcDbEntity
  8
VISTA
100
AcDbPolyline
 90
5
 70
1
 10
562.185
 20
0.741882
 10
562.115
 20
0.683119
 10
562.115
 20
0.871111
 10
562.185
 20
0.871111
 10
562.185
 20
0.741882
  0
LWPOLYLINE
  5
226
330
17
100
AcDbEntity
  8
VISTA
100
AcDbPolyline
 90
5
 70
1
 10
561.973889
 20
0.564659
 10
561.903889
 20
0.505896
 10
561.903889
 20
0.693889
 10
561.973889
 20
0.693889
 10
561.973889
 20
0.564659
  0
LWPOLYLINE
  5
227
330
17
100
AcDbEntity
  8
VISTA
100
AcDbPolyline
 90
5
 70
1
 10
561.762778
 20
0.387437
 10
561.692778
 20
0.328674
 10
561.692778
 20
0.516667
 10
561.762778
 20
0.516667
 10
561.762778
 20
0.387437
  0
LWPOLYLINE
  5
228
330
17
100
AcDbEntity
  8
VISTA
100
AcDbPolyline
 90
5
 70
1
 10
561.551667
 20
0.210215
 10
561.481667
 20
0.151452
 10
561.481667
 20
0.339444
 10
561.551667
 20
0.339444
 10
561.551667
 20
0.210215
  0
LWPOLYLINE
  5
229
330
17
100
AcDbEntity
  8
VISTA
100
AcDbPolyline
 90
5
 70
1
 10
561.340556
 20
0.032993
 10
561.270556
 20
-0.02577
 10
561.270556
 20
0.162222
 10
561.340556
 20
0.162222
 10
561.340556
 20
0.032993
  0
LWPOLYLINE
  5
22A
330
17
100
AcDbEntity
  8
VISTA
100
AcDbPolyline
 90
12
 70
1
 10
564.94773
 20
3.2099
 10
564.950124
 20
3.209703
 10
565.049876
 20
3.08964
 10
565.049648
 20
3.087247
 10
561.252269
 20
-0.0999
 10
561.251311
 20
-0.100297
 10
561.251294
 20
-0.100069
 10
561.252069
 20
-0.09966
 10
561.251813
 20
-0.099354
 10
561.249876
 20
-0.099703
 10
561.150235
 20
0.021556
 10
564.94773
 20
3.2099
  0
LWPOLYLINE
  5
22B
330
17
100
AcDbEntity
  8
VISTA
100
AcDbPolyline
 90
4
 70
1
 10
561.2516572281586
 20
-0.10000604045251969
 10
561.2516572281586
 20
-0.10000604045251968
 10
561.251294
 20
-0.100069
 10
561.2516572281586
 20
-0.10000604045251969
  0
LWPOLYLINE
  5
22C
330
17
100
AcDbEntity
  8
VISTA
100
AcDbPolyline
 90
7
 70
1
 10
564.905879
 20
3.237883
 10
564.908
 20
3.23879
 10
565.114121
 20
3.239121
 10
565.114121
 20
3.010879
 10
564.908
 20
3.00879
 10
564.905879
 20
3.00964
 10
564.905879
 20
3.237883
  0
LWPOLYLINE
  5
22D
330
17
100
AcDbEntity
  8
VISTA
100
AcDbPolyline
 90
4
 70
1
 10
564.906497
 20
3.237273
 10
564.906497
 20
3.237887
 10
564.905879
 20
3.237883
 10
564.906497
 20
3.237273
  0
LWPOLYLINE
  5
22E
330
17
100
AcDbEntity
  8
VISTA
100
AcDbPolyline
 90
4
 70
1
 10
565.113503
 20
3.238503
 10
565.114117
 20
3.238503
 10
565.114121
 20
3.239121
 10
565.113503
 20
3.238503
  0
LWPOLYLINE
  5
22F
330
17
100
AcDbEntity
  8
VISTA
100
AcDbPolyline
 90
4
 70
1
 10
565.113503
 20
3.011497
 10
565.113503
 20
3.010883
 10
565.114121
 20
3.010879
 10
565.113503
 20
3.011497
  0
LWPOLYLINE
  5
230
330
17
100
AcDbEntity
  8
VISTA
100
AcDbPolyline
 90
4
 70
1
 10
564.906497
 20
3.010267
 10
564.905883
 20
3.010259
 10
564.905879
 20
3.00964
 10
564.906497
 20
3.010267
  0
LWPOLYLINE
  5
231
330
17
100
AcDbEntity
  8
VISTA
100
AcDbPolyline
 90
5
 70
1
 10
561.306
 20
1.183026
 10
561.306
 20
0.245026
 10
561.295
 20
0.243882
 10
561.294293
 20
1.183579
 10
561.306
 20
1.183026
  0
LWPOLYLINE
  5
232
330
17
100
AcDbEntity
  8
VISTA
100
AcDbPolyline
 90
5
 70
1
 10
561.406
 20
1.266974
 10
561.406
 20
0.328974
 10
561.395
 20
0.327829
 10
561.394293
 20
1.267527
 10
561.406
 20
1.266974
  0
LWPOLYLINE
  5
233
330
17
100
AcDbEntity
  8
VISTA
100
AcDbPolyline
 90
5
 70
1
 10
561.506
 20
1.350921
 10
561.506
 20
0.412921
 10
561.495
 20
0.411776
 10
561.494293
 20
1.351474
 10
561.506
 20
1.350921
  0
LWPOLYLINE
  5
234
330
17
100
AcDbEntity
  8
VISTA
100
AcDbPolyline
 90
5
 70
1
 10
561.606
 20
1.434868
 10
561.606
 20
0.496868
 10
561.595
 20
0.495724
 10
561.594293
 20
1.435421
 10
561.606
 20
1.434868
  0
LWPOLYLINE
  5
235
330
17
100
AcDbEntity
  8
VISTA
100
AcDbPolyline
 90
5
 70
1
 10
561.706
 20
1.518816
 10
561.706
 20
0.580816
 10
561.695
 20
0.579671
 10
561.694293
 20
1.519369
 10
561.706
 20
1.518816
  0
LWPOLYLINE
  5
236
330
17
100
AcDbEntity
  8
VISTA
100
AcDbPolyline
 90
5
 70
1
 10
561.806
 20
1.602763
 10
561.806
 20
0.664763
 10
561.795
 20
0.663618
 10
561.794293
 20
1.603316
 10
561.806
 20
1.602763
  0
LWPOLYLINE
  5
237
330
17
100
AcDbEntity
  8
VISTA
100
AcDbPolyline
 90
5
 70
1
 10
561.906
 20
1.686711
 10
561.906
 20
0.748711
 10
561.895
 20
0.747566
 10
561.894293
 20
1.687264
 10
561.906
 20
1.686711
  0
LWPOLYLINE
  5
238
330
17
100
AcDbEntity
  8
VISTA
100
AcDbPolyline
 90
5
 70
1
 10
562.006
 20
1.770658
 10
562.006
 20
0.832658
 10
561.995
 20
0.831513
 10
561.994293
 20
1.771211
 10
562.006
 20
1.770658
  0
LWPOLYLINE
  5
239
330
17
100
AcDbEntity
  8
VISTA
100
AcDbPolyline
 90
5
 70
1
 10
562.106
 20
1.854605
 10
562.106
 20
0.916605
 10
562.095
 20
0.91546
 10
562.094293
 20
1.855158
 10
562.106
 20
1.854605
  0
LWPOLYLINE
  5
23A
330
17
100
AcDbEntity
  8
VISTA
100
AcDbPolyline
 90
5
 70
1
 10
562.206
 20
1.938553
 10
562.206
 20
1.000553
 10
562.195
 20
0.999408
 10
562.194293
 20
1.939106
 10
562.206
 20
1.938553
  0
LWPOLYLINE
  5
23B
330
17
100
AcDbEntity
  8
VISTA
100
AcDbPolyline
 90
5
 70
1
 10
562.306
 20
2.0225
 10
562.306
 20
1.0845
 10
562.295
 20
1.083355
 10
562.294293
 20
2.023053
 10
562.306
 20
2.0225
  0
LWPOLYLINE
  5
23C
330
17
100
AcDbEntity
  8
VISTA
100
AcDbPolyline
 90
5
 70
1
 10
562.406
 20
2.106447
 10
562.406
 20
1.168447
 10
562.395
 20
1.167303
 10
562.394293
 20
2.107001
 10
562.406
 20
2.106447
  0
LWPOLYLINE
  5
23D
330
17
100
AcDbEntity
  8
VISTA
100
AcDbPolyline
 90
5
 70
1
 10
562.506
 20
2.190395
 10
562.506
 20
1.252395
 10
562.495
 20
1.25125
 10
562.494293
 20
2.190948
 10
562.506
 20
2.190395
  0
LWPOLYLINE
  5
23E
330
17
100
AcDbEntity
  8
VISTA
100
AcDbPolyline
 90
5
 70
1
 10
562.606
 20
2.274342
 10
562.606
 20
1.336342
 10
562.595
 20
1.335197
 10
562.594293
 20
2.274895
 10
562.606
 20
2.274342
  0
LWPOLYLINE
  5
23F
330
17
100
AcDbEntity
  8
VISTA
100
AcDbPolyline
 90
5
 70
1
 10
562.706
 20
2.358289
 10
562.706
 20
1.42029
 10
562.695
 20
1.419145
 10
562.694293
 20
2.358843
 10
562.706
 20
2.358289
  0
LWPOLYLINE
  5
240
330
17
100
AcDbEntity
  8
VISTA
100
AcDbPolyline
 90
5
 70
1
 10
562.806
 20
2.442237
 10
562.806
 20
1.504237
 10
562.795
 20
1.503092
 10
562.794293
 20
2.44279
 10
562.806
 20
2.442237
  0
LWPOLYLINE
  5
241
330
17
100
AcDbEntity
  8
VISTA
100
AcDbPolyline
 90
5
 70
1
 10
562.906
 20
2.526184
 10
562.906
 20
1.588184
 10
562.895
 20
1.587039
 10
562.894293
 20
2.526737
 10
562.906
 20
2.526184
  0
LWPOLYLINE
  5
242
330
17
100
AcDbEntity
  8
VISTA
100
AcDbPolyline
 90
5
 70
1
 10
563.006
 20
2.610132
 10
563.006
 20
1.672132
 10
562.995
 20
1.670987
 10
562.994293
 20
2.610685
 10
563.006
 20
2.610132
  0
LWPOLYLINE
  5
243
330
17
100
AcDbEntity
  8
VISTA
100
AcDbPolyline
 90
5
 70
1
 10
563.106
 20
2.694079
 10
563.106
 20
1.756079
 10
563.095
 20
1.754934
 10
563.094293
 20
2.694632
 10
563.106
 20
2.694079
  0
LWPOLYLINE
  5
244
330
17
100
AcDbEntity
  8
VISTA
100
AcDbPolyline
 90
5
 70
1
 10
563.206
 20
2.778027
 10
563.206
 20
1.840026
 10
563.195
 20
1.838882
 10
563.194293
 20
2.778579
 10
563.206
 20
2.778027
  0
LWPOLYLINE
  5
245
330
17
100
AcDbEntity
  8
VISTA
100
AcDbPolyline
 90
5
 70
1
 10
563.306
 20
2.861974
 10
563.306
 20
1.923974
 10
563.295
 20
1.922829
 10
563.294293
 20
2.862527
 10
563.306
 20
2.861974
  0
LWPOLYLINE
  5
246
330
17
100
AcDbEntity
  8
VISTA
100
AcDbPolyline
 90
5
 70
1
 10
563.406
 20
2.945921
 10
563.406
 20
2.007921
 10
563.395
 20
2.006776
 10
563.394293
 20
2.946474
 10
563.406
 20
2.945921
  0
LWPOLYLINE
  5
247
330
17
100
AcDbEntity
  8
VISTA
100
AcDbPolyline
 90
5
 70
1
 10
563.506
 20
3.029869
 10
563.506
 20
2.091868
 10
563.495
 20
2.090724
 10
563.494293
 20
3.030422
 10
563.506
 20
3.029869
  0
LWPOLYLINE
  5
248
330
17
100
AcDbEntity
  8
VISTA
100
AcDbPolyline
 90
5
 70
1
 10
563.606
 20
3.113816
 10
563.606
 20
2.175816
 10
563.595
 20
2.174671
 10
563.594293
 20
3.114369
 10
563.606
 20
3.113816
  0
LWPOLYLINE
  5
249
330
17
100
AcDbEntity
  8
VISTA
100
AcDbPolyline
 90
5
 70
1
 10
563.706
 20
3.197763
 10
563.706
 20
2.259763
 10
563.695
 20
2.258618
 10
563.694293
 20
3.198316
 10
563.706
 20
3.197763
  0
LWPOLYLINE
  5
24A
330
17
100
AcDbEntity
  8
VISTA
100
AcDbPolyline
 90
5
 70
1
 10
563.806
 20
3.281711
 10
563.806
 20
2.34371
 10
563.795
 20
2.342566
 10
563.794293
 20
3.282264
 10
563.806
 20
3.281711
  0
LWPOLYLINE
  5
24B
330
17
100
AcDbEntity
  8
VISTA
100
AcDbPolyline
 90
5
 70
1
 10
563.906
 20
3.365658
 10
563.906
 20
2.427658
 10
563.895
 20
2.426513
 10
563.894293
 20
3.366211
 10
563.906
 20
3.365658
  0
LWPOLYLINE
  5
24C
330
17
100
AcDbEntity
  8
VISTA
100
AcDbPolyline
 90
5
 70
1
 10
564.006
 20
3.449605
 10
564.006
 20
2.511605
 10
563.995
 20
2.51046
 10
563.994293
 20
3.450158
 10
564.006
 20
3.449605
  0
LWPOLYLINE
  5
24D
330
17
100
AcDbEntity
  8
VISTA
100
AcDbPolyline
 90
5
 70
1
 10
564.106
 20
3.533553
 10
564.106
 20
2.595552
 10
564.095
 20
2.594408
 10
564.094293
 20
3.534106
 10
564.106
 20
3.533553
  0
LWPOLYLINE
  5
24E
330
17
100
AcDbEntity
  8
VISTA
100
AcDbPolyline
 90
5
 70
1
 10
564.206
 20
3.6175
 10
564.206
 20
2.6795
 10
564.195
 20
2.678355
 10
564.194293
 20
3.618053
 10
564.206
 20
3.6175
  0
LWPOLYLINE
  5
24F
330
17
100
AcDbEntity
  8
VISTA
100
AcDbPolyline
 90
5
 70
1
 10
564.306
 20
3.701447
 10
564.306
 20
2.763447
 10
564.295
 20
2.762302
 10
564.294293
 20
3.702
 10
564.306
 20
3.701447
  0
LWPOLYLINE
  5
250
330
17
100
AcDbEntity
  8
VISTA
100
AcDbPolyline
 90
5
 70
1
 10
564.406
 20
3.785395
 10
564.406
 20
2.847394
 10
564.395
 20
2.84625
 10
564.394293
 20
3.785948
 10
564.406
 20
3.785395
  0
LWPOLYLINE
  5
251
330
17
100
AcDbEntity
  8
VISTA
100
AcDbPolyline
 90
5
 70
1
 10
564.506
 20
3.869342
 10
564.506
 20
2.931342
 10
564.495
 20
2.930197
 10
564.494293
 20
3.869895
 10
564.506
 20
3.869342
  0
LWPOLYLINE
  5
252
330
17
100
AcDbEntity
  8
VISTA
100
AcDbPolyline
 90
5
 70
1
 10
564.606
 20
3.95329
 10
564.606
 20
3.015289
 10
564.595
 20
3.014145
 10
564.594293
 20
3.953843
 10
564.606
 20
3.95329
  0
LWPOLYLINE
  5
253
330
17
100
AcDbEntity
  8
VISTA
100
AcDbPolyline
 90
5
 70
1
 10
564.706
 20
4.037237
 10
564.706
 20
3.099237
 10
564.695
 20
3.098092
 10
564.694293
 20
4.03779
 10
564.706
 20
4.037237
  0
LWPOLYLINE
  5
254
330
17
100
AcDbEntity
  8
VISTA
100
AcDbPolyline
 90
5
 70
1
 10
564.806
 20
4.121184
 10
564.806
 20
3.183184
 10
564.795
 20
3.182039
 10
564.794293
 20
4.121737
 10
564.806
 20
4.121184
  0
LWPOLYLINE
  5
255
330
17
100
AcDbEntity
  8
VISTA
100
AcDbPolyline
 90
5
 70
1
 10
564.906
 20
4.205132
 10
564.906
 20
3.267132
 10
564.895
 20
3.265987
 10
564.894293
 20
4.205685
 10
564.906
 20
4.205132
  0
LWPOLYLINE
  5
256
330
17
100
AcDbEntity
  8
VISTA
100
AcDbPolyline
 90
8
 70
1
 10
564.984357
 20
4.316056
 10
564.986751
 20
4.31586
 10
565.013249
 20
4.283966
 10
565.013021
 20
4.281573
 10
561.215643
 20
1.093944
 10
561.213249
 20
1.09414
 10
561.186862
 20
1.127231
 10
564.984357
 20
4.316056
  0
LWPOLYLINE
  5
257
330
17
100
AcDbEntity
  8
VISTA
100
AcDbPolyline
 90
8
 70
1
 10
561.1825
 20
1.1083
 10
561.1842
 20
1.11
 10
561.2158
 20
1.110208
 10
561.2175
 20
1.10853
 10
561.2175
 20
0.06193
 10
561.2158
 20
0.060208
 10
561.183348
 20
0.0605
 10
561.1825
 20
1.1083
  0
LWPOLYLINE
  5
258
330
17
100
AcDbEntity
  8
VISTA
100
AcDbPolyline
 90
8
 70
1
 10
561.815833
 20
1.639736
 10
561.817533
 20
1.641459
 10
561.849133
 20
1.641875
 10
561.850833
 20
1.640197
 10
561.850833
 20
0.593597
 10
561.849133
 20
0.591875
 10
561.816682
 20
0.591948
 10
561.815833
 20
1.639736
  0
LWPOLYLINE
  5
259
330
17
100
AcDbEntity
  8
VISTA
100
AcDbPolyline
 90
8
 70
1
 10
562.449167
 20
2.171403
 10
562.450867
 20
2.173126
 10
562.482467
 20
2.173541
 10
562.484167
 20
2.171864
 10
562.484167
 20
1.125264
 10
562.482467
 20
1.123541
 10
562.450015
 20
1.123615
 10
562.449167
 20
2.171403
  0
LWPOLYLINE
  5
25A
330
17
100
AcDbEntity
  8
VISTA
100
AcDbPolyline
 90
8
 70
1
 10
563.0825
 20
2.70307
 10
563.0842
 20
2.704792
 10
563.1158
 20
2.705208
 10
563.1175
 20
2.70353
 10
563.1175
 20
1.65693
 10
563.1158
 20
1.655208
 10
563.083348
 20
1.655281
 10
563.0825
 20
2.70307
  0
LWPOLYLINE
  5
25B
330
17
100
AcDbEntity
  8
VISTA
100
AcDbPolyline
 90
8
 70
1
 10
563.715833
 20
3.234736
 10
563.717533
 20
3.236459
 10
563.749133
 20
3.236875
 10
563.7508330000001
 20
3.235197
 10
563.7508330000001
 20
2.188597
 10
563.749133
 20
2.186874
 10
563.716682
 20
2.186948
 10
563.715833
 20
3.234736
  0
LWPOLYLINE
  5
25C
330
17
100
AcDbEntity
  8
VISTA
100
AcDbPolyline
 90
8
 70
1
 10
564.349167
 20
3.766403
 10
564.350867
 20
3.768125
 10
564.382467
 20
3.768541
 10
564.384167
 20
3.766863
 10
564.384167
 20
2.720263
 10
564.382467
 20
2.718541
 10
564.350015
 20
2.718615
 10
564.349167
 20
3.766403
  0
LWPOLYLINE
  5
25D
330
17
100
AcDbEntity
  8
VISTA
100
AcDbPolyline
 90
8
 70
1
 10
564.9825
 20
4.29807
 10
564.9842
 20
4.299792
 10
565.0158
 20
4.3
 10
565.0175
 20
4.2983
 10
565.0175
 20
3.2517
 10
565.0158
 20
3.25
 10
564.983348
 20
3.250281
 10
564.9825
 20
4.29807
  0
LWPOLYLINE
  5
25E
330
17
100
AcDbEntity
  8
VISTA
100
AcDbPolyline
 90
13
 70
1
 10
565.0287
 20
3.047314
 10
565.027
 20
3.0487
 10
565.027314
 20
3.072284
 10
565.027716
 20
3.0713
 10
565.0287
 20
3.073
 10
565.052284
 20
3.072686
 10
565.0513
 20
3.072284
 10
565.053
 20
3.0713
 10
565.052686
 20
3.047716
 10
565.052284
 20
3.0487
 10
565.0513
 20
3.047
 10
565.0287
 20
3.047
 10
565.0287
 20
3.047314
  0
LWPOLYLINE
  5
25F
330
17
100
AcDbEntity
  8
VISTA
100
AcDbPolyline
 90
13
 70
1
 10
565.0287
 20
3.137314
 10
565.027
 20
3.1387
 10
565.027314
 20
3.162284
 10
565.027716
 20
3.1613
 10
565.0287
 20
3.163
 10
565.052284
 20
3.162686
 10
565.0513
 20
3.162284
 10
565.053
 20
3.1613
 10
565.052686
 20
3.137716
 10
565.052284
 20
3.1387
 10
565.0513
 20
3.137
 10
565.0287
 20
3.137
 10
565.0287
 20
3.137314
  0
LWPOLYLINE
  5
260
330
17
100
AcDbEntity
  8
VISTA
100
AcDbPolyline
 90
41
 70
1
 10
565.000879
 20
3.040879
 10
565.0007099607645
 20
3.041078726358149
 10
565.000554
 20
3.041263
 10
565.0002658531187
 20
3.0421664496981893
 10
565.0
 20
3.043
 10
565.0
 20
3.123098591549296
 10
565.0
 20
3.197
 10
565.0002881468813
 20
3.197903449698189
 10
565.000554
 20
3.198737
 10
565.0007230392354
 20
3.198936726358149
 10
565.000879
 20
3.199121
 10
565.0010787263582
 20
3.199290039235412
 10
565.001263
 20
3.199446
 10
565.0021664496982
 20
3.199734146881288
 10
565.003
 20
3.2
 10
565.52
 20
3.2
 10
565.997
 20
3.2
 10
565.9979034496982
 20
3.1997118531187123
 10
565.998737
 20
3.199446
 10
565.9989367263581
 20
3.1992769607645877
 10
565.999121
 20
3.199121
 10
565.9992769607646
 20
3.198936726358149
 10
565.999446
 20
3.198737
 10
565.9997118531187
 20
3.197903449698189
 10
566.0
 20
3.197
 10
566.0
 20
3.123098591549296
 10
566.0
 20
3.043
 10
565.9997341468813
 20
3.0421664496981893
 10
565.999446
 20
3.041263
 10
565.9992900392355
 20
3.041078726358149
 10
565.999121
 20
3.040879
 10
565.9989367263581
 20
3.0407230392354125
 10
565.998737
 20
3.040554
 10
565.9979034496982
 20
3.040288146881288
 10
565.997
 20
3.04
 10
565.52
 20
3.04
 10
565.003
 20
3.04
 10
565.0021664496982
 20
3.0402658531187123
 10
565.001263
 20
3.040554
 10
565.0010787263582
 20
3.0407099607645875
 10
565.000879
 20
3.040879
  0
LWPOLYLINE
  5
261
330
17
100
AcDbEntity
  8
VISTA
100
AcDbPolyline
 90
22
 70
1
 10
566.000879
 20
3.040879
 10
566.0007099607645
 20
3.041078726358149
 10
566.000554
 20
3.041263
 10
566.0002658531187
 20
3.0421664496981893
 10
566.0
 20
3.043
 10
566.0
 20
3.123098591549296
 10
566.0
 20
3.197
 10
566.0002881468813
 20
3.197903449698189
 10
566.000554
 20
3.198737
 10
566.0007230392354
 20
3.198936726358149
 10
566.000879
 20
3.199121
 10
566.0010792464789
 20
3.199290039235412
 10
566.001264
 20
3.199446
 10
566.0021669295775
 20
3.199734146881288
 10
566.003
 20
3.2
 10
566.5
 20
3.2
 10
566.5
 20
3.04
 10
566.003
 20
3.04
 10
566.0021669295775
 20
3.0402658531187123
 10
566.001264
 20
3.040554
 10
566.0010792464789
 20
3.0407099607645875
 10
566.000879
 20
3.040879
  0
LWPOLYLINE
  5
262
330
17
100
AcDbEntity
  8
VISTA
100
AcDbPolyline
 90
14
 70
1
 10
565.000292
 20
3.200293
 10
565.0
 20
3.201
 10
565.0
 20
3.249
 10
565.0002926586291
 20
3.249701975887117
 10
565.001
 20
3.249985
 10
565.5200004481654
 20
3.242200269194823
 10
565.999
 20
3.242200004758871
 10
565.999708
 20
3.241907004758871
 10
566.0
 20
3.241200009879429
 10
566.0
 20
3.201
 10
565.999708
 20
3.200293
 10
565.999
 20
3.2
 10
565.001
 20
3.2
 10
565.000292
 20
3.200293
  0
LWPOLYLINE
  5
263
330
17
100
AcDbEntity
  8
VISTA
100
AcDbPolyline
 90
9
 70
1
 10
566.001
 20
3.21
 10
566.000292
 20
3.210293
 10
566.0
 20
3.211
 10
566.0
 20
3.241200009879429
 10
566.0003293412097
 20
3.2419044882182897
 10
566.0011317051021
 20
3.2421999536163244
 10
566.5
 20
3.2421999007300237
 10
566.5
 20
3.21
 10
566.001
 20
3.21
  0
LWPOLYLINE
  5
264
330
17
100
AcDbEntity
  8
VISTA
100
AcDbPolyline
 90
5
 70
1
 10
566.0
 20
3.2
 10
566.0
 20
3.21
 10
566.5
 20
3.21
 10
566.5
 20
3.2
 10
566.0
 20
3.2
  0
LINE
  5
265
330
17
100
AcDbEntity
  8
VISTA
100
AcDbLine
 10
564.783914
 20
3.176025
 30
0.0
 11
564.7841385
 21
3.1758355000000003
 31
0.0
  0
LINE
  5
266
330
17
100
AcDbEntity
  8
VISTA
100
AcDbLine
 10
564.7841385
 20
3.1758355000000003
 30
0.0
 11
564.784363
 21
3.175646
 31
0.0
  0
LINE
  5
267
330
17
100
AcDbEntity
  8
VISTA
100
AcDbLine
 10
564.784363
 20
3.175646
 30
0.0
 11
564.785376
 21
3.175323
 31
0.0
  0
LINE
  5
268
330
17
100
AcDbEntity
  8
VISTA
100
AcDbLine
 10
564.785376
 20
3.175323
 30
0.0
 11
564.786389
 21
3.175
 31
0.0
  0
LINE
  5
269
330
17
100
AcDbEntity
  8
VISTA
100
AcDbLine
 10
564.786389
 20
3.175
 30
0.0
 11
564.8944445
 21
3.175
 31
0.0
  0
LINE
  5
26A
330
17
100
AcDbEntity
  8
VISTA
100
AcDbLine
 10
564.8944445
 20
3.175
 30
0.0
 11
565.0025
 21
3.175
 31
0.0
  0
LINE
  5
26B
330
17
100
AcDbEntity
  8
VISTA
100
AcDbLine
 10
565.0025
 20
3.175
 30
0.0
 11
565.003513
 21
3.1753229999999997
 31
0.0
  0
LINE
  5
26C
330
17
100
AcDbEntity
  8
VISTA
100
AcDbLine
 10
565.003513
 20
3.1753229999999997
 30
0.0
 11
565.004526
 21
3.175646
 31
0.0
  0
LINE
  5
26D
330
17
100
AcDbEntity
  8
VISTA
100
AcDbLine
 10
565.004526
 20
3.175646
 30
0.0
 11
565.0047505
 21
3.1758355
 31
0.0
  0
LINE
  5
26E
330
17
100
AcDbEntity
  8
VISTA
100
AcDbLine
 10
565.0047505
 20
3.1758355
 30
0.0
 11
565.004975
 21
3.176025
 31
0.0
  0
LINE
  5
26F
330
17
100
AcDbEntity
  8
VISTA
100
AcDbLine
 10
564.7841385
 20
3.2491645
 30
0.0
 11
564.783914
 21
3.248975
 31
0.0
  0
LINE
  5
270
330
17
100
AcDbEntity
  8
VISTA
100
AcDbLine
 10
564.784363
 20
3.249354
 30
0.0
 11
564.7841385
 21
3.2491645
 31
0.0
  0
LINE
  5
271
330
17
100
AcDbEntity
  8
VISTA
100
AcDbLine
 10
564.785376
 20
3.2496769999999997
 30
0.0
 11
564.784363
 21
3.249354
 31
0.0
  0
LINE
  5
272
330
17
100
AcDbEntity
  8
VISTA
100
AcDbLine
 10
564.786389
 20
3.25
 30
0.0
 11
564.785376
 21
3.2496769999999997
 31
0.0
  0
LINE
  5
273
330
17
100
AcDbEntity
  8
VISTA
100
AcDbLine
 10
564.8944443655324
 20
3.25
 30
0.0
 11
565.0025
 21
3.25
 31
0.0
  0
LINE
  5
274
330
17
100
AcDbEntity
  8
VISTA
100
AcDbLine
 10
565.003513
 20
3.249677
 30
0.0
 11
565.0025
 21
3.25
 31
0.0
  0
LINE
  5
275
330
17
100
AcDbEntity
  8
VISTA
100
AcDbLine
 10
565.004526
 20
3.249354
 30
0.0
 11
565.003513
 21
3.249677
 31
0.0
  0
LINE
  5
276
330
17
100
AcDbEntity
  8
VISTA
100
AcDbLine
 10
565.0047505
 20
3.2491645
 30
0.0
 11
565.004526
 21
3.249354
 31
0.0
  0
LINE
  5
277
330
17
100
AcDbEntity
  8
VISTA
100
AcDbLine
 10
565.004975
 20
3.248975
 30
0.0
 11
565.0047505
 21
3.2491645
 31
0.0
  0
LINE
  5
278
330
17
100
AcDbEntity
  8
VISTA
100
AcDbLine
 10
564.7837245
 20
3.1762495
 30
0.0
 11
564.783914
 21
3.176025
 31
0.0
  0
LINE
  5
279
330
17
100
AcDbEntity
  8
VISTA
100
AcDbLine
 10
564.7837245
 20
3.1762495
 30
0.0
 11
564.783535
 21
3.176474
 31
0.0
  0
LINE
  5
27A
330
17
100
AcDbEntity
  8
VISTA
100
AcDbLine
 10
564.783212
 20
3.1774869999999997
 30
0.0
 11
564.783535
 21
3.176474
 31
0.0
  0
LINE
  5
27B
330
17
100
AcDbEntity
  8
VISTA
100
AcDbLine
 10
564.783212
 20
3.1774869999999997
 30
0.0
 11
564.782889
 21
3.1785
 31
0.0
  0
LINE
  5
27C
330
17
100
AcDbEntity
  8
VISTA
100
AcDbLine
 10
564.782889
 20
3.2125
 30
0.0
 11
564.782889
 21
3.1785
 31
0.0
  0
LINE
  5
27D
330
17
100
AcDbEntity
  8
VISTA
100
AcDbLine
 10
564.782889
 20
3.2125
 30
0.0
 11
564.782889
 21
3.2465
 31
0.0
  0
LINE
  5
27E
330
17
100
AcDbEntity
  8
VISTA
100
AcDbLine
 10
564.783212
 20
3.247513
 30
0.0
 11
564.782889
 21
3.2465
 31
0.0
  0
LINE
  5
27F
330
17
100
AcDbEntity
  8
VISTA
100
AcDbLine
 10
564.783212
 20
3.247513
 30
0.0
 11
564.783535
 21
3.248526
 31
0.0
  0
LINE
  5
280
330
17
100
AcDbEntity
  8
VISTA
100
AcDbLine
 10
564.7837245
 20
3.2487505
 30
0.0
 11
564.783535
 21
3.248526
 31
0.0
  0
LINE
  5
281
330
17
100
AcDbEntity
  8
VISTA
100
AcDbLine
 10
564.7837245
 20
3.2487505
 30
0.0
 11
564.783914
 21
3.248975
 31
0.0
  0
LINE
  5
282
330
17
100
AcDbEntity
  8
VISTA
100
AcDbLine
 10
565.004975
 20
3.176025
 30
0.0
 11
565.0051645
 21
3.1762495
 31
0.0
  0
LINE
  5
283
330
17
100
AcDbEntity
  8
VISTA
100
AcDbLine
 10
565.005354
 20
3.176474
 30
0.0
 11
565.0051645
 21
3.1762495
 31
0.0
  0
LINE
  5
284
330
17
100
AcDbEntity
  8
VISTA
100
AcDbLine
 10
565.005354
 20
3.176474
 30
0.0
 11
565.005677
 21
3.1774869999999997
 31
0.0
  0
LINE
  5
285
330
17
100
AcDbEntity
  8
VISTA
100
AcDbLine
 10
565.006
 20
3.1785
 30
0.0
 11
565.005677
 21
3.1774869999999997
 31
0.0
  0
LINE
  5
286
330
17
100
AcDbEntity
  8
VISTA
100
AcDbLine
 10
565.006
 20
3.1785
 30
0.0
 11
565.006
 21
3.2125
 31
0.0
  0
LINE
  5
287
330
17
100
AcDbEntity
  8
VISTA
100
AcDbLine
 10
565.006
 20
3.2465
 30
0.0
 11
565.006
 21
3.2125
 31
0.0
  0
LINE
  5
288
330
17
100
AcDbEntity
  8
VISTA
100
AcDbLine
 10
565.006
 20
3.2465
 30
0.0
 11
565.005677
 21
3.247513
 31
0.0
  0
LINE
  5
289
330
17
100
AcDbEntity
  8
VISTA
100
AcDbLine
 10
565.005354
 20
3.248526
 30
0.0
 11
565.005677
 21
3.247513
 31
0.0
  0
LINE
  5
28A
330
17
100
AcDbEntity
  8
VISTA
100
AcDbLine
 10
565.005354
 20
3.248526
 30
0.0
 11
565.0051645
 21
3.2487505
 31
0.0
  0
LINE
  5
28B
330
17
100
AcDbEntity
  8
VISTA
100
AcDbLine
 10
565.004975
 20
3.248975
 30
0.0
 11
565.0051645
 21
3.2487505
 31
0.0
  0
LINE
  5
28C
330
17
100
AcDbEntity
  8
VISTA
100
AcDbLine
 10
564.788192
 20
3.245858
 30
0.0
 11
564.788333
 21
3.2458
 31
0.0
  0
LINE
  5
28D
330
17
100
AcDbEntity
  8
VISTA
100
AcDbLine
 10
564.788134
 20
3.246
 30
0.0
 11
564.788192
 21
3.245858
 31
0.0
  0
LINE
  5
28E
330
17
100
AcDbEntity
  8
VISTA
100
AcDbLine
 10
564.806475
 20
3.245858
 30
0.0
 11
564.806333
 21
3.2458
 31
0.0
  0
LINE
  5
28F
330
17
100
AcDbEntity
  8
VISTA
100
AcDbLine
 10
564.806533
 20
3.246
 30
0.0
 11
564.806475
 21
3.245858
 31
0.0
  0
LINE
  5
290
330
17
100
AcDbEntity
  8
VISTA
100
AcDbLine
 10
564.806333
 20
3.2458
 30
0.0
 11
564.788333
 21
3.2458
 31
0.0
  0
LINE
  5
291
330
17
100
AcDbEntity
  8
VISTA
100
AcDbLine
 10
564.806533
 20
3.246
 30
0.0
 11
564.806533
 21
3.25
 31
0.0
  0
LINE
  5
292
330
17
100
AcDbEntity
  8
VISTA
100
AcDbLine
 10
564.788134
 20
3.246
 30
0.0
 11
564.788134
 21
3.25
 31
0.0
  0
LWPOLYLINE
  5
293
330
17
100
AcDbEntity
  8
VISTA
100
AcDbPolyline
 90
9
 70
1
 10
564.806333
 20
3.246
 10
564.7973330098902
 20
3.246
 10
564.788333
 20
3.246
 10
564.788333
 20
3.2489999967032928
 10
564.788333
 20
3.252
 10
564.7973329901099
 20
3.252
 10
564.806333
 20
3.252
 10
564.806333
 20
3.249000003296707
 10
564.806333
 20
3.246
  0
LINE
  5
294
330
17
100
AcDbEntity
  8
VISTA
100
AcDbLine
 10
564.572803
 20
2.998803
 30
0.0
 11
564.5730275
 21
2.9986135000000003
 31
0.0
  0
LINE
  5
295
330
17
100
AcDbEntity
  8
VISTA
100
AcDbLine
 10
564.5730275
 20
2.9986135000000003
 30
0.0
 11
564.573252
 21
2.998424
 31
0.0
  0
LINE
  5
296
330
17
100
AcDbEntity
  8
VISTA
100
AcDbLine
 10
564.573252
 20
2.998424
 30
0.0
 11
564.574265
 21
2.998101
 31
0.0
  0
LINE
  5
297
330
17
100
AcDbEntity
  8
VISTA
100
AcDbLine
 10
564.574265
 20
2.998101
 30
0.0
 11
564.575278
 21
2.997778
 31
0.0
  0
LINE
  5
298
330
17
100
AcDbEntity
  8
VISTA
100
AcDbLine
 10
564.575278
 20
2.997778
 30
0.0
 11
564.6833335
 21
2.997778
 31
0.0
  0
LINE
  5
299
330
17
100
AcDbEntity
  8
VISTA
100
AcDbLine
 10
564.6833335
 20
2.997778
 30
0.0
 11
564.791389
 21
2.997778
 31
0.0
  0
LINE
  5
29A
330
17
100
AcDbEntity
  8
VISTA
100
AcDbLine
 10
564.791389
 20
2.997778
 30
0.0
 11
564.792402
 21
2.9981009999999997
 31
0.0
  0
LINE
  5
29B
330
17
100
AcDbEntity
  8
VISTA
100
AcDbLine
 10
564.792402
 20
2.9981009999999997
 30
0.0
 11
564.793415
 21
2.998424
 31
0.0
  0
LINE
  5
29C
330
17
100
AcDbEntity
  8
VISTA
100
AcDbLine
 10
564.793415
 20
2.998424
 30
0.0
 11
564.7936395
 21
2.9986135
 31
0.0
  0
LINE
  5
29D
330
17
100
AcDbEntity
  8
VISTA
100
AcDbLine
 10
564.7936395
 20
2.9986135
 30
0.0
 11
564.793864
 21
2.998803
 31
0.0
  0
LINE
  5
29E
330
17
100
AcDbEntity
  8
VISTA
100
AcDbLine
 10
564.5730275
 20
3.071942
 30
0.0
 11
564.572803
 21
3.071753
 31
0.0
  0
LINE
  5
29F
330
17
100
AcDbEntity
  8
VISTA
100
AcDbLine
 10
564.573252
 20
3.072131
 30
0.0
 11
564.5730275
 21
3.071942
 31
0.0
  0
LINE
  5
2A0
330
17
100
AcDbEntity
  8
VISTA
100
AcDbLine
 10
564.574265
 20
3.0724545
 30
0.0
 11
564.573252
 21
3.072131
 31
0.0
  0
LINE
  5
2A1
330
17
100
AcDbEntity
  8
VISTA
100
AcDbLine
 10
564.575278
 20
3.072778
 30
0.0
 11
564.574265
 21
3.0724545
 31
0.0
  0
LINE
  5
2A2
330
17
100
AcDbEntity
  8
VISTA
100
AcDbLine
 10
564.6833333655325
 20
3.072778
 30
0.0
 11
564.791389
 21
3.072778
 31
0.0
  0
LINE
  5
2A3
330
17
100
AcDbEntity
  8
VISTA
100
AcDbLine
 10
564.792402
 20
3.0724545
 30
0.0
 11
564.791389
 21
3.072778
 31
0.0
  0
LINE
  5
2A4
330
17
100
AcDbEntity
  8
VISTA
100
AcDbLine
 10
564.793415
 20
3.072131
 30
0.0
 11
564.792402
 21
3.0724545
 31
0.0
  0
LINE
  5
2A5
330
17
100
AcDbEntity
  8
VISTA
100
AcDbLine
 10
564.7936395
 20
3.0719420000000004
 30
0.0
 11
564.793415
 21
3.072131
 31
0.0
  0
LINE
  5
2A6
330
17
100
AcDbEntity
  8
VISTA
100
AcDbLine
 10
564.793864
 20
3.071753
 30
0.0
 11
564.7936395
 21
3.0719420000000004
 31
0.0
  0
LINE
  5
2A7
330
17
100
AcDbEntity
  8
VISTA
100
AcDbLine
 10
564.5726135
 20
2.999027
 30
0.0
 11
564.572803
 21
2.998803
 31
0.0
  0
LINE
  5
2A8
330
17
100
AcDbEntity
  8
VISTA
100
AcDbLine
 10
564.5726135
 20
2.999027
 30
0.0
 11
564.572424
 21
2.999251
 31
0.0
  0
LINE
  5
2A9
330
17
100
AcDbEntity
  8
VISTA
100
AcDbLine
 10
564.572101
 20
3.0002645
 30
0.0
 11
564.572424
 21
2.999251
 31
0.0
  0
LINE
  5
2AA
330
17
100
AcDbEntity
  8
VISTA
100
AcDbLine
 10
564.572101
 20
3.0002645
 30
0.0
 11
564.571778
 21
3.001278
 31
0.0
  0
LINE
  5
2AB
330
17
100
AcDbEntity
  8
VISTA
100
AcDbLine
 10
564.571778
 20
3.035278
 30
0.0
 11
564.571778
 21
3.001278
 31
0.0
  0
LINE
  5
2AC
330
17
100
AcDbEntity
  8
VISTA
100
AcDbLine
 10
564.571778
 20
3.035278
 30
0.0
 11
564.571778
 21
3.069278
 31
0.0
  0
LINE
  5
2AD
330
17
100
AcDbEntity
  8
VISTA
100
AcDbLine
 10
564.572101
 20
3.070291
 30
0.0
 11
564.571778
 21
3.069278
 31
0.0
  0
LINE
  5
2AE
330
17
100
AcDbEntity
  8
VISTA
100
AcDbLine
 10
564.572101
 20
3.070291
 30
0.0
 11
564.572424
 21
3.071304
 31
0.0
  0
LINE
  5
2AF
330
17
100
AcDbEntity
  8
VISTA
100
AcDbLine
 10
564.5726135
 20
3.0715285
 30
0.0
 11
564.572424
 21
3.071304
 31
0.0
  0
LINE
  5
2B0
330
17
100
AcDbEntity
  8
VISTA
100
AcDbLine
 10
564.5726135
 20
3.0715285
 30
0.0
 11
564.572803
 21
3.071753
 31
0.0
  0
LINE
  5
2B1
330
17
100
AcDbEntity
  8
VISTA
100
AcDbLine
 10
564.793864
 20
2.998803
 30
0.0
 11
564.7940535
 21
2.999027
 31
0.0
  0
LINE
  5
2B2
330
17
100
AcDbEntity
  8
VISTA
100
AcDbLine
 10
564.794243
 20
2.999251
 30
0.0
 11
564.7940535
 21
2.999027
 31
0.0
  0
LINE
  5
2B3
330
17
100
AcDbEntity
  8
VISTA
100
AcDbLine
 10
564.794243
 20
2.999251
 30
0.0
 11
564.794566
 21
3.0002645
 31
0.0
  0
LINE
  5
2B4
330
17
100
AcDbEntity
  8
VISTA
100
AcDbLine
 10
564.794889
 20
3.001278
 30
0.0
 11
564.794566
 21
3.0002645
 31
0.0
  0
LINE
  5
2B5
330
17
100
AcDbEntity
  8
VISTA
100
AcDbLine
 10
564.794889
 20
3.001278
 30
0.0
 11
564.794889
 21
3.035278
 31
0.0
  0
LINE
  5
2B6
330
17
100
AcDbEntity
  8
VISTA
100
AcDbLine
 10
564.794889
 20
3.069278
 30
0.0
 11
564.794889
 21
3.035278
 31
0.0
  0
LINE
  5
2B7
330
17
100
AcDbEntity
  8
VISTA
100
AcDbLine
 10
564.794889
 20
3.069278
 30
0.0
 11
564.794566
 21
3.070291
 31
0.0
  0
LINE
  5
2B8
330
17
100
AcDbEntity
  8
VISTA
100
AcDbLine
 10
564.794243
 20
3.071304
 30
0.0
 11
564.794566
 21
3.070291
 31
0.0
  0
LINE
  5
2B9
330
17
100
AcDbEntity
  8
VISTA
100
AcDbLine
 10
564.794243
 20
3.071304
 30
0.0
 11
564.7940535
 21
3.0715285
 31
0.0
  0
LINE
  5
2BA
330
17
100
AcDbEntity
  8
VISTA
100
AcDbLine
 10
564.793864
 20
3.071753
 30
0.0
 11
564.7940535
 21
3.0715285
 31
0.0
  0
LINE
  5
2BB
330
17
100
AcDbEntity
  8
VISTA
100
AcDbLine
 10
564.577081
 20
3.068636
 30
0.0
 11
564.577222
 21
3.068578
 31
0.0
  0
LINE
  5
2BC
330
17
100
AcDbEntity
  8
VISTA
100
AcDbLine
 10
564.577023
 20
3.068778
 30
0.0
 11
564.577081
 21
3.068636
 31
0.0
  0
LINE
  5
2BD
330
17
100
AcDbEntity
  8
VISTA
100
AcDbLine
 10
564.595364
 20
3.068636
 30
0.0
 11
564.595222
 21
3.068578
 31
0.0
  0
LINE
  5
2BE
330
17
100
AcDbEntity
  8
VISTA
100
AcDbLine
 10
564.595422
 20
3.068778
 30
0.0
 11
564.595364
 21
3.068636
 31
0.0
  0
LINE
  5
2BF
330
17
100
AcDbEntity
  8
VISTA
100
AcDbLine
 10
564.595222
 20
3.068578
 30
0.0
 11
564.577222
 21
3.068578
 31
0.0
  0
LINE
  5
2C0
330
17
100
AcDbEntity
  8
VISTA
100
AcDbLine
 10
564.595422
 20
3.068778
 30
0.0
 11
564.595422
 21
3.072778
 31
0.0
  0
LINE
  5
2C1
330
17
100
AcDbEntity
  8
VISTA
100
AcDbLine
 10
564.577023
 20
3.068778
 30
0.0
 11
564.577023
 21
3.072778
 31
0.0
  0
LWPOLYLINE
  5
2C2
330
17
100
AcDbEntity
  8
VISTA
100
AcDbPolyline
 90
9
 70
1
 10
564.595222
 20
3.068778
 10
564.5862220098901
 20
3.068778
 10
564.577222
 20
3.068778
 10
564.577222
 20
3.0717779967032928
 10
564.577222
 20
3.074778
 10
564.5862219901098
 20
3.074778
 10
564.595222
 20
3.074778
 10
564.595222
 20
3.071778003296707
 10
564.595222
 20
3.068778
  0
LINE
  5
2C3
330
17
100
AcDbEntity
  8
VISTA
100
AcDbLine
 10
564.361692
 20
2.821581
 30
0.0
 11
564.3619165
 21
2.8213915000000003
 31
0.0
  0
LINE
  5
2C4
330
17
100
AcDbEntity
  8
VISTA
100
AcDbLine
 10
564.3619165
 20
2.8213915000000003
 30
0.0
 11
564.362141
 21
2.821202
 31
0.0
  0
LINE
  5
2C5
330
17
100
AcDbEntity
  8
VISTA
100
AcDbLine
 10
564.362141
 20
2.821202
 30
0.0
 11
564.363154
 21
2.820879
 31
0.0
  0
LINE
  5
2C6
330
17
100
AcDbEntity
  8
VISTA
100
AcDbLine
 10
564.363154
 20
2.820879
 30
0.0
 11
564.364167
 21
2.820556
 31
0.0
  0
LINE
  5
2C7
330
17
100
AcDbEntity
  8
VISTA
100
AcDbLine
 10
564.364167
 20
2.820556
 30
0.0
 11
564.4722225
 21
2.820556
 31
0.0
  0
LINE
  5
2C8
330
17
100
AcDbEntity
  8
VISTA
100
AcDbLine
 10
564.4722225
 20
2.820556
 30
0.0
 11
564.580278
 21
2.820556
 31
0.0
  0
LINE
  5
2C9
330
17
100
AcDbEntity
  8
VISTA
100
AcDbLine
 10
564.580278
 20
2.820556
 30
0.0
 11
564.581291
 21
2.8208789999999997
 31
0.0
  0
LINE
  5
2CA
330
17
100
AcDbEntity
  8
VISTA
100
AcDbLine
 10
564.581291
 20
2.8208789999999997
 30
0.0
 11
564.582304
 21
2.821202
 31
0.0
  0
LINE
  5
2CB
330
17
100
AcDbEntity
  8
VISTA
100
AcDbLine
 10
564.582304
 20
2.821202
 30
0.0
 11
564.5825285
 21
2.8213915
 31
0.0
  0
LINE
  5
2CC
330
17
100
AcDbEntity
  8
VISTA
100
AcDbLine
 10
564.5825285
 20
2.8213915
 30
0.0
 11
564.582753
 21
2.821581
 31
0.0
  0
LINE
  5
2CD
330
17
100
AcDbEntity
  8
VISTA
100
AcDbLine
 10
564.3619165
 20
2.89472
 30
0.0
 11
564.361692
 21
2.894531
 31
0.0
  0
LINE
  5
2CE
330
17
100
AcDbEntity
  8
VISTA
100
AcDbLine
 10
564.362141
 20
2.894909
 30
0.0
 11
564.3619165
 21
2.89472
 31
0.0
  0
LINE
  5
2CF
330
17
100
AcDbEntity
  8
VISTA
100
AcDbLine
 10
564.363154
 20
2.895232
 30
0.0
 11
564.362141
 21
2.894909
 31
0.0
  0
LINE
  5
2D0
330
17
100
AcDbEntity
  8
VISTA
100
AcDbLine
 10
564.364167
 20
2.895555
 30
0.0
 11
564.363154
 21
2.895232
 31
0.0
  0
LINE
  5
2D1
330
17
100
AcDbEntity
  8
VISTA
100
AcDbLine
 10
564.4722223655324
 20
2.895555
 30
0.0
 11
564.580278
 21
2.895555
 31
0.0
  0
LINE
  5
2D2
330
17
100
AcDbEntity
  8
VISTA
100
AcDbLine
 10
564.581291
 20
2.895232
 30
0.0
 11
564.580278
 21
2.895555
 31
0.0
  0
LINE
  5
2D3
330
17
100
AcDbEntity
  8
VISTA
100
AcDbLine
 10
564.582304
 20
2.894909
 30
0.0
 11
564.581291
 21
2.895232
 31
0.0
  0
LINE
  5
2D4
330
17
100
AcDbEntity
  8
VISTA
100
AcDbLine
 10
564.5825285
 20
2.8947200000000004
 30
0.0
 11
564.582304
 21
2.894909
 31
0.0
  0
LINE
  5
2D5
330
17
100
AcDbEntity
  8
VISTA
100
AcDbLine
 10
564.582753
 20
2.894531
 30
0.0
 11
564.5825285
 21
2.8947200000000004
 31
0.0
  0
LINE
  5
2D6
330
17
100
AcDbEntity
  8
VISTA
100
AcDbLine
 10
564.3615025
 20
2.821805
 30
0.0
 11
564.361692
 21
2.821581
 31
0.0
  0
LINE
  5
2D7
330
17
100
AcDbEntity
  8
VISTA
100
AcDbLine
 10
564.3615025
 20
2.821805
 30
0.0
 11
564.361313
 21
2.822029
 31
0.0
  0
LINE
  5
2D8
330
17
100
AcDbEntity
  8
VISTA
100
AcDbLine
 10
564.36099
 20
2.8230425
 30
0.0
 11
564.361313
 21
2.822029
 31
0.0
  0
LINE
  5
2D9
330
17
100
AcDbEntity
  8
VISTA
100
AcDbLine
 10
564.36099
 20
2.8230425
 30
0.0
 11
564.360667
 21
2.824056
 31
0.0
  0
LINE
  5
2DA
330
17
100
AcDbEntity
  8
VISTA
100
AcDbLine
 10
564.360667
 20
2.858056
 30
0.0
 11
564.360667
 21
2.824056
 31
0.0
  0
LINE
  5
2DB
330
17
100
AcDbEntity
  8
VISTA
100
AcDbLine
 10
564.360667
 20
2.858056
 30
0.0
 11
564.360667
 21
2.892056
 31
0.0
  0
LINE
  5
2DC
330
17
100
AcDbEntity
  8
VISTA
100
AcDbLine
 10
564.36099
 20
2.893069
 30
0.0
 11
564.360667
 21
2.892056
 31
0.0
  0
LINE
  5
2DD
330
17
100
AcDbEntity
  8
VISTA
100
AcDbLine
 10
564.36099
 20
2.893069
 30
0.0
 11
564.361313
 21
2.894082
 31
0.0
  0
LINE
  5
2DE
330
17
100
AcDbEntity
  8
VISTA
100
AcDbLine
 10
564.3615025
 20
2.8943065
 30
0.0
 11
564.361313
 21
2.894082
 31
0.0
  0
LINE
  5
2DF
330
17
100
AcDbEntity
  8
VISTA
100
AcDbLine
 10
564.3615025
 20
2.8943065
 30
0.0
 11
564.361692
 21
2.894531
 31
0.0
  0
LINE
  5
2E0
330
17
100
AcDbEntity
  8
VISTA
100
AcDbLine
 10
564.582753
 20
2.821581
 30
0.0
 11
564.5829425
 21
2.821805
 31
0.0
  0
LINE
  5
2E1
330
17
100
AcDbEntity
  8
VISTA
100
AcDbLine
 10
564.583132
 20
2.822029
 30
0.0
 11
564.5829425
 21
2.821805
 31
0.0
  0
LINE
  5
2E2
330
17
100
AcDbEntity
  8
VISTA
100
AcDbLine
 10
564.583132
 20
2.822029
 30
0.0
 11
564.583455
 21
2.8230425
 31
0.0
  0
LINE
  5
2E3
330
17
100
AcDbEntity
  8
VISTA
100
AcDbLine
 10
564.583778
 20
2.824056
 30
0.0
 11
564.583455
 21
2.8230425
 31
0.0
  0
LINE
  5
2E4
330
17
100
AcDbEntity
  8
VISTA
100
AcDbLine
 10
564.583778
 20
2.824056
 30
0.0
 11
564.583778
 21
2.858056
 31
0.0
  0
LINE
  5
2E5
330
17
100
AcDbEntity
  8
VISTA
100
AcDbLine
 10
564.583778
 20
2.892056
 30
0.0
 11
564.583778
 21
2.858056
 31
0.0
  0
LINE
  5
2E6
330
17
100
AcDbEntity
  8
VISTA
100
AcDbLine
 10
564.583778
 20
2.892056
 30
0.0
 11
564.583455
 21
2.893069
 31
0.0
  0
LINE
  5
2E7
330
17
100
AcDbEntity
  8
VISTA
100
AcDbLine
 10
564.583132
 20
2.894082
 30
0.0
 11
564.583455
 21
2.893069
 31
0.0
  0
LINE
  5
2E8
330
17
100
AcDbEntity
  8
VISTA
100
AcDbLine
 10
564.583132
 20
2.894082
 30
0.0
 11
564.5829425
 21
2.8943065
 31
0.0
  0
LINE
  5
2E9
330
17
100
AcDbEntity
  8
VISTA
100
AcDbLine
 10
564.582753
 20
2.894531
 30
0.0
 11
564.5829425
 21
2.8943065
 31
0.0
  0
LINE
  5
2EA
330
17
100
AcDbEntity
  8
VISTA
100
AcDbLine
 10
564.36597
 20
2.891414
 30
0.0
 11
564.366111
 21
2.891356
 31
0.0
  0
LINE
  5
2EB
330
17
100
AcDbEntity
  8
VISTA
100
AcDbLine
 10
564.365911
 20
2.891556
 30
0.0
 11
564.36597
 21
2.891414
 31
0.0
  0
LINE
  5
2EC
330
17
100
AcDbEntity
  8
VISTA
100
AcDbLine
 10
564.384253
 20
2.891414
 30
0.0
 11
564.384111
 21
2.891356
 31
0.0
  0
LINE
  5
2ED
330
17
100
AcDbEntity
  8
VISTA
100
AcDbLine
 10
564.384311
 20
2.891556
 30
0.0
 11
564.384253
 21
2.891414
 31
0.0
  0
LINE
  5
2EE
330
17
100
AcDbEntity
  8
VISTA
100
AcDbLine
 10
564.384111
 20
2.891356
 30
0.0
 11
564.366111
 21
2.891356
 31
0.0
  0
LINE
  5
2EF
330
17
100
AcDbEntity
  8
VISTA
100
AcDbLine
 10
564.384311
 20
2.891556
 30
0.0
 11
564.384311
 21
2.895555
 31
0.0
  0
LINE
  5
2F0
330
17
100
AcDbEntity
  8
VISTA
100
AcDbLine
 10
564.365911
 20
2.891556
 30
0.0
 11
564.365911
 21
2.895555
 31
0.0
  0
LWPOLYLINE
  5
2F1
330
17
100
AcDbEntity
  8
VISTA
100
AcDbPolyline
 90
9
 70
1
 10
564.384111
 20
2.891556
 10
564.3751110098901
 20
2.891556
 10
564.366111
 20
2.891556
 10
564.366111
 20
2.8945559967032928
 10
564.366111
 20
2.897556
 10
564.3751109901099
 20
2.897556
 10
564.384111
 20
2.897556
 10
564.384111
 20
2.894556003296707
 10
564.384111
 20
2.891556
  0
LINE
  5
2F2
330
17
100
AcDbEntity
  8
VISTA
100
AcDbLine
 10
564.150581
 20
2.644358
 30
0.0
 11
564.1508055
 21
2.644169
 31
0.0
  0
LINE
  5
2F3
330
17
100
AcDbEntity
  8
VISTA
100
AcDbLine
 10
564.1508055
 20
2.644169
 30
0.0
 11
564.15103
 21
2.64398
 31
0.0
  0
LINE
  5
2F4
330
17
100
AcDbEntity
  8
VISTA
100
AcDbLine
 10
564.15103
 20
2.64398
 30
0.0
 11
564.152043
 21
2.6436565
 31
0.0
  0
LINE
  5
2F5
330
17
100
AcDbEntity
  8
VISTA
100
AcDbLine
 10
564.152043
 20
2.6436565
 30
0.0
 11
564.153056
 21
2.643333
 31
0.0
  0
LINE
  5
2F6
330
17
100
AcDbEntity
  8
VISTA
100
AcDbLine
 10
564.153056
 20
2.643333
 30
0.0
 11
564.2611115
 21
2.643333
 31
0.0
  0
LINE
  5
2F7
330
17
100
AcDbEntity
  8
VISTA
100
AcDbLine
 10
564.2611115
 20
2.643333
 30
0.0
 11
564.369167
 21
2.643333
 31
0.0
  0
LINE
  5
2F8
330
17
100
AcDbEntity
  8
VISTA
100
AcDbLine
 10
564.369167
 20
2.643333
 30
0.0
 11
564.37018
 21
2.6436565
 31
0.0
  0
LINE
  5
2F9
330
17
100
AcDbEntity
  8
VISTA
100
AcDbLine
 10
564.37018
 20
2.6436565
 30
0.0
 11
564.371193
 21
2.64398
 31
0.0
  0
LINE
  5
2FA
330
17
100
AcDbEntity
  8
VISTA
100
AcDbLine
 10
564.371193
 20
2.64398
 30
0.0
 11
564.3714175
 21
2.6441689999999998
 31
0.0
  0
LINE
  5
2FB
330
17
100
AcDbEntity
  8
VISTA
100
AcDbLine
 10
564.3714175
 20
2.6441689999999998
 30
0.0
 11
564.371642
 21
2.644358
 31
0.0
  0
LINE
  5
2FC
330
17
100
AcDbEntity
  8
VISTA
100
AcDbLine
 10
564.1508055
 20
2.7174975
 30
0.0
 11
564.150581
 21
2.717308
 31
0.0
  0
LINE
  5
2FD
330
17
100
AcDbEntity
  8
VISTA
100
AcDbLine
 10
564.15103
 20
2.717687
 30
0.0
 11
564.1508055
 21
2.7174975
 31
0.0
  0
LINE
  5
2FE
330
17
100
AcDbEntity
  8
VISTA
100
AcDbLine
 10
564.152043
 20
2.71801
 30
0.0
 11
564.15103
 21
2.717687
 31
0.0
  0
LINE
  5
2FF
330
17
100
AcDbEntity
  8
VISTA
100
AcDbLine
 10
564.153056
 20
2.718333
 30
0.0
 11
564.152043
 21
2.71801
 31
0.0
  0
LINE
  5
300
330
17
100
AcDbEntity
  8
VISTA
100
AcDbLine
 10
564.2611113655324
 20
2.718333
 30
0.0
 11
564.369167
 21
2.718333
 31
0.0
  0
LINE
  5
301
330
17
100
AcDbEntity
  8
VISTA
100
AcDbLine
 10
564.37018
 20
2.71801
 30
0.0
 11
564.369167
 21
2.718333
 31
0.0
  0
LINE
  5
302
330
17
100
AcDbEntity
  8
VISTA
100
AcDbLine
 10
564.371193
 20
2.717687
 30
0.0
 11
564.37018
 21
2.71801
 31
0.0
  0
LINE
  5
303
330
17
100
AcDbEntity
  8
VISTA
100
AcDbLine
 10
564.3714175
 20
2.7174975000000003
 30
0.0
 11
564.371193
 21
2.717687
 31
0.0
  0
LINE
  5
304
330
17
100
AcDbEntity
  8
VISTA
100
AcDbLine
 10
564.371642
 20
2.717308
 30
0.0
 11
564.3714175
 21
2.7174975000000003
 31
0.0
  0
LINE
  5
305
330
17
100
AcDbEntity
  8
VISTA
100
AcDbLine
 10
564.1503915
 20
2.6445825
 30
0.0
 11
564.150581
 21
2.644358
 31
0.0
  0
LINE
  5
306
330
17
100
AcDbEntity
  8
VISTA
100
AcDbLine
 10
564.1503915
 20
2.6445825
 30
0.0
 11
564.150202
 21
2.644807
 31
0.0
  0
LINE
  5
307
330
17
100
AcDbEntity
  8
VISTA
100
AcDbLine
 10
564.149879
 20
2.64582
 30
0.0
 11
564.150202
 21
2.644807
 31
0.0
  0
LINE
  5
308
330
17
100
AcDbEntity
  8
VISTA
100
AcDbLine
 10
564.149879
 20
2.64582
 30
0.0
 11
564.149556
 21
2.646833
 31
0.0
  0
LINE
  5
309
330
17
100
AcDbEntity
  8
VISTA
100
AcDbLine
 10
564.149556
 20
2.680833
 30
0.0
 11
564.149556
 21
2.646833
 31
0.0
  0
LINE
  5
30A
330
17
100
AcDbEntity
  8
VISTA
100
AcDbLine
 10
564.149556
 20
2.680833
 30
0.0
 11
564.149556
 21
2.714833
 31
0.0
  0
LINE
  5
30B
330
17
100
AcDbEntity
  8
VISTA
100
AcDbLine
 10
564.149879
 20
2.7158465
 30
0.0
 11
564.149556
 21
2.714833
 31
0.0
  0
LINE
  5
30C
330
17
100
AcDbEntity
  8
VISTA
100
AcDbLine
 10
564.149879
 20
2.7158465
 30
0.0
 11
564.150202
 21
2.71686
 31
0.0
  0
LINE
  5
30D
330
17
100
AcDbEntity
  8
VISTA
100
AcDbLine
 10
564.1503915
 20
2.717084
 30
0.0
 11
564.150202
 21
2.71686
 31
0.0
  0
LINE
  5
30E
330
17
100
AcDbEntity
  8
VISTA
100
AcDbLine
 10
564.1503915
 20
2.717084
 30
0.0
 11
564.150581
 21
2.717308
 31
0.0
  0
LINE
  5
30F
330
17
100
AcDbEntity
  8
VISTA
100
AcDbLine
 10
564.371642
 20
2.644358
 30
0.0
 11
564.3718315
 21
2.6445825
 31
0.0
  0
LINE
  5
310
330
17
100
AcDbEntity
  8
VISTA
100
AcDbLine
 10
564.372021
 20
2.644807
 30
0.0
 11
564.3718315
 21
2.6445825
 31
0.0
  0
LINE
  5
311
330
17
100
AcDbEntity
  8
VISTA
100
AcDbLine
 10
564.372021
 20
2.644807
 30
0.0
 11
564.372344
 21
2.64582
 31
0.0
  0
LINE
  5
312
330
17
100
AcDbEntity
  8
VISTA
100
AcDbLine
 10
564.372667
 20
2.646833
 30
0.0
 11
564.372344
 21
2.64582
 31
0.0
  0
LINE
  5
313
330
17
100
AcDbEntity
  8
VISTA
100
AcDbLine
 10
564.372667
 20
2.646833
 30
0.0
 11
564.372667
 21
2.680833
 31
0.0
  0
LINE
  5
314
330
17
100
AcDbEntity
  8
VISTA
100
AcDbLine
 10
564.372667
 20
2.714833
 30
0.0
 11
564.372667
 21
2.680833
 31
0.0
  0
LINE
  5
315
330
17
100
AcDbEntity
  8
VISTA
100
AcDbLine
 10
564.372667
 20
2.714833
 30
0.0
 11
564.372344
 21
2.7158465
 31
0.0
  0
LINE
  5
316
330
17
100
AcDbEntity
  8
VISTA
100
AcDbLine
 10
564.372021
 20
2.71686
 30
0.0
 11
564.372344
 21
2.7158465
 31
0.0
  0
LINE
  5
317
330
17
100
AcDbEntity
  8
VISTA
100
AcDbLine
 10
564.372021
 20
2.71686
 30
0.0
 11
564.3718315
 21
2.717084
 31
0.0
  0
LINE
  5
318
330
17
100
AcDbEntity
  8
VISTA
100
AcDbLine
 10
564.371642
 20
2.717308
 30
0.0
 11
564.3718315
 21
2.717084
 31
0.0
  0
LINE
  5
319
330
17
100
AcDbEntity
  8
VISTA
100
AcDbLine
 10
564.154859
 20
2.714192
 30
0.0
 11
564.155
 21
2.714133
 31
0.0
  0
LINE
  5
31A
330
17
100
AcDbEntity
  8
VISTA
100
AcDbLine
 10
564.1548
 20
2.714333
 30
0.0
 11
564.154859
 21
2.714192
 31
0.0
  0
LINE
  5
31B
330
17
100
AcDbEntity
  8
VISTA
100
AcDbLine
 10
564.173141
 20
2.714192
 30
0.0
 11
564.173
 21
2.714133
 31
0.0
  0
LINE
  5
31C
330
17
100
AcDbEntity
  8
VISTA
100
AcDbLine
 10
564.1732
 20
2.714333
 30
0.0
 11
564.173141
 21
2.714192
 31
0.0
  0
LINE
  5
31D
330
17
100
AcDbEntity
  8
VISTA
100
AcDbLine
 10
564.173
 20
2.714133
 30
0.0
 11
564.155
 21
2.714133
 31
0.0
  0
LINE
  5
31E
330
17
100
AcDbEntity
  8
VISTA
100
AcDbLine
 10
564.1732
 20
2.714333
 30
0.0
 11
564.1732
 21
2.718333
 31
0.0
  0
LINE
  5
31F
330
17
100
AcDbEntity
  8
VISTA
100
AcDbLine
 10
564.1548
 20
2.714333
 30
0.0
 11
564.1548
 21
2.718333
 31
0.0
  0
LWPOLYLINE
  5
320
330
17
100
AcDbEntity
  8
VISTA
100
AcDbPolyline
 90
9
 70
1
 10
564.173
 20
2.714333
 10
564.1640000098902
 20
2.714333
 10
564.155
 20
2.714333
 10
564.155
 20
2.717332996703293
 10
564.155
 20
2.720333
 10
564.1639999901099
 20
2.720333
 10
564.173
 20
2.720333
 10
564.173
 20
2.717333003296707
 10
564.173
 20
2.714333
  0
LINE
  5
321
330
17
100
AcDbEntity
  8
VISTA
100
AcDbLine
 10
563.93947
 20
2.467136
 30
0.0
 11
563.9396945
 21
2.4669465
 31
0.0
  0
LINE
  5
322
330
17
100
AcDbEntity
  8
VISTA
100
AcDbLine
 10
563.9396945
 20
2.4669465
 30
0.0
 11
563.939919
 21
2.466757
 31
0.0
  0
LINE
  5
323
330
17
100
AcDbEntity
  8
VISTA
100
AcDbLine
 10
563.939919
 20
2.466757
 30
0.0
 11
563.940932
 21
2.466434
 31
0.0
  0
LINE
  5
324
330
17
100
AcDbEntity
  8
VISTA
100
AcDbLine
 10
563.940932
 20
2.466434
 30
0.0
 11
563.941945
 21
2.466111
 31
0.0
  0
LINE
  5
325
330
17
100
AcDbEntity
  8
VISTA
100
AcDbLine
 10
563.941945
 20
2.466111
 30
0.0
 11
564.0500005
 21
2.466111
 31
0.0
  0
LINE
  5
326
330
17
100
AcDbEntity
  8
VISTA
100
AcDbLine
 10
564.0500005
 20
2.466111
 30
0.0
 11
564.158056
 21
2.466111
 31
0.0
  0
LINE
  5
327
330
17
100
AcDbEntity
  8
VISTA
100
AcDbLine
 10
564.158056
 20
2.466111
 30
0.0
 11
564.159069
 21
2.466434
 31
0.0
  0
LINE
  5
328
330
17
100
AcDbEntity
  8
VISTA
100
AcDbLine
 10
564.159069
 20
2.466434
 30
0.0
 11
564.160082
 21
2.466757
 31
0.0
  0
LINE
  5
329
330
17
100
AcDbEntity
  8
VISTA
100
AcDbLine
 10
564.160082
 20
2.466757
 30
0.0
 11
564.1603065
 21
2.4669464999999997
 31
0.0
  0
LINE
  5
32A
330
17
100
AcDbEntity
  8
VISTA
100
AcDbLine
 10
564.1603065
 20
2.4669464999999997
 30
0.0
 11
564.160531
 21
2.467136
 31
0.0
  0
LINE
  5
32B
330
17
100
AcDbEntity
  8
VISTA
100
AcDbLine
 10
563.9396945
 20
2.5402755
 30
0.0
 11
563.93947
 21
2.540086
 31
0.0
  0
LINE
  5
32C
330
17
100
AcDbEntity
  8
VISTA
100
AcDbLine
 10
563.939919
 20
2.540465
 30
0.0
 11
563.9396945
 21
2.5402755
 31
0.0
  0
LINE
  5
32D
330
17
100
AcDbEntity
  8
VISTA
100
AcDbLine
 10
563.940932
 20
2.540788
 30
0.0
 11
563.939919
 21
2.540465
 31
0.0
  0
LINE
  5
32E
330
17
100
AcDbEntity
  8
VISTA
100
AcDbLine
 10
563.941945
 20
2.541111
 30
0.0
 11
563.940932
 21
2.540788
 31
0.0
  0
LINE
  5
32F
330
17
100
AcDbEntity
  8
VISTA
100
AcDbLine
 10
564.0500002455291
 20
2.541111
 30
0.0
 11
564.158056
 21
2.541111
 31
0.0
  0
LINE
  5
330
330
17
100
AcDbEntity
  8
VISTA
100
AcDbLine
 10
564.159069
 20
2.540788
 30
0.0
 11
564.158056
 21
2.541111
 31
0.0
  0
LINE
  5
331
330
17
100
AcDbEntity
  8
VISTA
100
AcDbLine
 10
564.160082
 20
2.540465
 30
0.0
 11
564.159069
 21
2.540788
 31
0.0
  0
LINE
  5
332
330
17
100
AcDbEntity
  8
VISTA
100
AcDbLine
 10
564.1603065
 20
2.5402755000000004
 30
0.0
 11
564.160082
 21
2.540465
 31
0.0
  0
LINE
  5
333
330
17
100
AcDbEntity
  8
VISTA
100
AcDbLine
 10
564.160531
 20
2.540086
 30
0.0
 11
564.1603065
 21
2.5402755000000004
 31
0.0
  0
LINE
  5
334
330
17
100
AcDbEntity
  8
VISTA
100
AcDbLine
 10
563.9392805
 20
2.4673605
 30
0.0
 11
563.93947
 21
2.467136
 31
0.0
  0
LINE
  5
335
330
17
100
AcDbEntity
  8
VISTA
100
AcDbLine
 10
563.9392805
 20
2.4673605
 30
0.0
 11
563.939091
 21
2.467585
 31
0.0
  0
LINE
  5
336
330
17
100
AcDbEntity
  8
VISTA
100
AcDbLine
 10
563.938768
 20
2.468598
 30
0.0
 11
563.939091
 21
2.467585
 31
0.0
  0
LINE
  5
337
330
17
100
AcDbEntity
  8
VISTA
100
AcDbLine
 10
563.938768
 20
2.468598
 30
0.0
 11
563.938445
 21
2.469611
 31
0.0
  0
LINE
  5
338
330
17
100
AcDbEntity
  8
VISTA
100
AcDbLine
 10
563.938445
 20
2.503611
 30
0.0
 11
563.938445
 21
2.469611
 31
0.0
  0
LINE
  5
339
330
17
100
AcDbEntity
  8
VISTA
100
AcDbLine
 10
563.938445
 20
2.503611
 30
0.0
 11
563.938445
 21
2.537611
 31
0.0
  0
LINE
  5
33A
330
17
100
AcDbEntity
  8
VISTA
100
AcDbLine
 10
563.938768
 20
2.538624
 30
0.0
 11
563.938445
 21
2.537611
 31
0.0
  0
LINE
  5
33B
330
17
100
AcDbEntity
  8
VISTA
100
AcDbLine
 10
563.938768
 20
2.538624
 30
0.0
 11
563.939091
 21
2.539637
 31
0.0
  0
LINE
  5
33C
330
17
100
AcDbEntity
  8
VISTA
100
AcDbLine
 10
563.9392805
 20
2.5398614999999998
 30
0.0
 11
563.939091
 21
2.539637
 31
0.0
  0
LINE
  5
33D
330
17
100
AcDbEntity
  8
VISTA
100
AcDbLine
 10
563.9392805
 20
2.5398614999999998
 30
0.0
 11
563.93947
 21
2.540086
 31
0.0
  0
LINE
  5
33E
330
17
100
AcDbEntity
  8
VISTA
100
AcDbLine
 10
564.160531
 20
2.467136
 30
0.0
 11
564.1607205
 21
2.4673605
 31
0.0
  0
LINE
  5
33F
330
17
100
AcDbEntity
  8
VISTA
100
AcDbLine
 10
564.16091
 20
2.467585
 30
0.0
 11
564.1607205
 21
2.4673605
 31
0.0
  0
LINE
  5
340
330
17
100
AcDbEntity
  8
VISTA
100
AcDbLine
 10
564.16091
 20
2.467585
 30
0.0
 11
564.161233
 21
2.468598
 31
0.0
  0
LINE
  5
341
330
17
100
AcDbEntity
  8
VISTA
100
AcDbLine
 10
564.161556
 20
2.469611
 30
0.0
 11
564.161233
 21
2.468598
 31
0.0
  0
LINE
  5
342
330
17
100
AcDbEntity
  8
VISTA
100
AcDbLine
 10
564.161556
 20
2.469611
 30
0.0
 11
564.161556
 21
2.503611
 31
0.0
  0
LINE
  5
343
330
17
100
AcDbEntity
  8
VISTA
100
AcDbLine
 10
564.161556
 20
2.537611
 30
0.0
 11
564.161556
 21
2.503611
 31
0.0
  0
LINE
  5
344
330
17
100
AcDbEntity
  8
VISTA
100
AcDbLine
 10
564.161556
 20
2.537611
 30
0.0
 11
564.161233
 21
2.538624
 31
0.0
  0
LINE
  5
345
330
17
100
AcDbEntity
  8
VISTA
100
AcDbLine
 10
564.16091
 20
2.539637
 30
0.0
 11
564.161233
 21
2.538624
 31
0.0
  0
LINE
  5
346
330
17
100
AcDbEntity
  8
VISTA
100
AcDbLine
 10
564.16091
 20
2.539637
 30
0.0
 11
564.1607205
 21
2.5398614999999998
 31
0.0
  0
LINE
  5
347
330
17
100
AcDbEntity
  8
VISTA
100
AcDbLine
 10
564.160531
 20
2.540086
 30
0.0
 11
564.1607205
 21
2.5398614999999998
 31
0.0
  0
LINE
  5
348
330
17
100
AcDbEntity
  8
VISTA
100
AcDbLine
 10
563.943748
 20
2.53697
 30
0.0
 11
563.943889
 21
2.536911
 31
0.0
  0
LINE
  5
349
330
17
100
AcDbEntity
  8
VISTA
100
AcDbLine
 10
563.943689
 20
2.537111
 30
0.0
 11
563.943748
 21
2.53697
 31
0.0
  0
LINE
  5
34A
330
17
100
AcDbEntity
  8
VISTA
100
AcDbLine
 10
563.96203
 20
2.53697
 30
0.0
 11
563.961889
 21
2.536911
 31
0.0
  0
LINE
  5
34B
330
17
100
AcDbEntity
  8
VISTA
100
AcDbLine
 10
563.962089
 20
2.537111
 30
0.0
 11
563.96203
 21
2.53697
 31
0.0
  0
LINE
  5
34C
330
17
100
AcDbEntity
  8
VISTA
100
AcDbLine
 10
563.961889
 20
2.536911
 30
0.0
 11
563.943889
 21
2.536911
 31
0.0
  0
LINE
  5
34D
330
17
100
AcDbEntity
  8
VISTA
100
AcDbLine
 10
563.962089
 20
2.537111
 30
0.0
 11
563.962089
 21
2.541111
 31
0.0
  0
LINE
  5
34E
330
17
100
AcDbEntity
  8
VISTA
100
AcDbLine
 10
563.943689
 20
2.537111
 30
0.0
 11
563.943689
 21
2.541111
 31
0.0
  0
LWPOLYLINE
  5
34F
330
17
100
AcDbEntity
  8
VISTA
100
AcDbPolyline
 90
9
 70
1
 10
563.961889
 20
2.537111
 10
563.9528890098901
 20
2.537111
 10
563.943889
 20
2.537111
 10
563.943889
 20
2.540110996703293
 10
563.943889
 20
2.543111
 10
563.9528889901098
 20
2.543111
 10
563.961889
 20
2.543111
 10
563.961889
 20
2.540111003296707
 10
563.961889
 20
2.537111
  0
LINE
  5
350
330
17
100
AcDbEntity
  8
VISTA
100
AcDbLine
 10
563.728359
 20
2.289914
 30
0.0
 11
563.728583
 21
2.2897245
 31
0.0
  0
LINE
  5
351
330
17
100
AcDbEntity
  8
VISTA
100
AcDbLine
 10
563.728583
 20
2.2897245
 30
0.0
 11
563.728807
 21
2.289535
 31
0.0
  0
LINE
  5
352
330
17
100
AcDbEntity
  8
VISTA
100
AcDbLine
 10
563.728807
 20
2.289535
 30
0.0
 11
563.72982
 21
2.289212
 31
0.0
  0
LINE
  5
353
330
17
100
AcDbEntity
  8
VISTA
100
AcDbLine
 10
563.72982
 20
2.289212
 30
0.0
 11
563.730833
 21
2.288889
 31
0.0
  0
LINE
  5
354
330
17
100
AcDbEntity
  8
VISTA
100
AcDbLine
 10
563.730833
 20
2.288889
 30
0.0
 11
563.8388885
 21
2.288889
 31
0.0
  0
LINE
  5
355
330
17
100
AcDbEntity
  8
VISTA
100
AcDbLine
 10
563.8388885
 20
2.288889
 30
0.0
 11
563.946944
 21
2.288889
 31
0.0
  0
LINE
  5
356
330
17
100
AcDbEntity
  8
VISTA
100
AcDbLine
 10
563.946944
 20
2.288889
 30
0.0
 11
563.9479575
 21
2.289212
 31
0.0
  0
LINE
  5
357
330
17
100
AcDbEntity
  8
VISTA
100
AcDbLine
 10
563.9479575
 20
2.289212
 30
0.0
 11
563.948971
 21
2.289535
 31
0.0
  0
LINE
  5
358
330
17
100
AcDbEntity
  8
VISTA
100
AcDbLine
 10
563.948971
 20
2.289535
 30
0.0
 11
563.949195
 21
2.2897244999999997
 31
0.0
  0
LINE
  5
359
330
17
100
AcDbEntity
  8
VISTA
100
AcDbLine
 10
563.949195
 20
2.2897244999999997
 30
0.0
 11
563.949419
 21
2.289914
 31
0.0
  0
LINE
  5
35A
330
17
100
AcDbEntity
  8
VISTA
100
AcDbLine
 10
563.728583
 20
2.3630535
 30
0.0
 11
563.728359
 21
2.362864
 31
0.0
  0
LINE
  5
35B
330
17
100
AcDbEntity
  8
VISTA
100
AcDbLine
 10
563.728807
 20
2.363243
 30
0.0
 11
563.728583
 21
2.3630535
 31
0.0
  0
LINE
  5
35C
330
17
100
AcDbEntity
  8
VISTA
100
AcDbLine
 10
563.72982
 20
2.363566
 30
0.0
 11
563.728807
 21
2.363243
 31
0.0
  0
LINE
  5
35D
330
17
100
AcDbEntity
  8
VISTA
100
AcDbLine
 10
563.730833
 20
2.363889
 30
0.0
 11
563.72982
 21
2.363566
 31
0.0
  0
LINE
  5
35E
330
17
100
AcDbEntity
  8
VISTA
100
AcDbLine
 10
563.838888676924
 20
2.363889
 30
0.0
 11
563.946944
 21
2.363889
 31
0.0
  0
LINE
  5
35F
330
17
100
AcDbEntity
  8
VISTA
100
AcDbLine
 10
563.9479575
 20
2.363566
 30
0.0
 11
563.946944
 21
2.363889
 31
0.0
  0
LINE
  5
360
330
17
100
AcDbEntity
  8
VISTA
100
AcDbLine
 10
563.948971
 20
2.363243
 30
0.0
 11
563.9479575
 21
2.363566
 31
0.0
  0
LINE
  5
361
330
17
100
AcDbEntity
  8
VISTA
100
AcDbLine
 10
563.949195
 20
2.3630535000000004
 30
0.0
 11
563.948971
 21
2.363243
 31
0.0
  0
LINE
  5
362
330
17
100
AcDbEntity
  8
VISTA
100
AcDbLine
 10
563.949419
 20
2.362864
 30
0.0
 11
563.949195
 21
2.3630535000000004
 31
0.0
  0
LINE
  5
363
330
17
100
AcDbEntity
  8
VISTA
100
AcDbLine
 10
563.728169
 20
2.2901385
 30
0.0
 11
563.728359
 21
2.289914
 31
0.0
  0
LINE
  5
364
330
17
100
AcDbEntity
  8
VISTA
100
AcDbLine
 10
563.728169
 20
2.2901385
 30
0.0
 11
563.727979
 21
2.290363
 31
0.0
  0
LINE
  5
365
330
17
100
AcDbEntity
  8
VISTA
100
AcDbLine
 10
563.727656
 20
2.291376
 30
0.0
 11
563.727979
 21
2.290363
 31
0.0
  0
LINE
  5
366
330
17
100
AcDbEntity
  8
VISTA
100
AcDbLine
 10
563.727656
 20
2.291376
 30
0.0
 11
563.727333
 21
2.292389
 31
0.0
  0
LINE
  5
367
330
17
100
AcDbEntity
  8
VISTA
100
AcDbLine
 10
563.727333
 20
2.326389
 30
0.0
 11
563.727333
 21
2.292389
 31
0.0
  0
LINE
  5
368
330
17
100
AcDbEntity
  8
VISTA
100
AcDbLine
 10
563.727333
 20
2.326389
 30
0.0
 11
563.727333
 21
2.360389
 31
0.0
  0
LINE
  5
369
330
17
100
AcDbEntity
  8
VISTA
100
AcDbLine
 10
563.727656
 20
2.361402
 30
0.0
 11
563.727333
 21
2.360389
 31
0.0
  0
LINE
  5
36A
330
17
100
AcDbEntity
  8
VISTA
100
AcDbLine
 10
563.727656
 20
2.361402
 30
0.0
 11
563.727979
 21
2.362415
 31
0.0
  0
LINE
  5
36B
330
17
100
AcDbEntity
  8
VISTA
100
AcDbLine
 10
563.728169
 20
2.3626395
 30
0.0
 11
563.727979
 21
2.362415
 31
0.0
  0
LINE
  5
36C
330
17
100
AcDbEntity
  8
VISTA
100
AcDbLine
 10
563.728169
 20
2.3626395
 30
0.0
 11
563.728359
 21
2.362864
 31
0.0
  0
LINE
  5
36D
330
17
100
AcDbEntity
  8
VISTA
100
AcDbLine
 10
563.949419
 20
2.289914
 30
0.0
 11
563.9496085
 21
2.2901385
 31
0.0
  0
LINE
  5
36E
330
17
100
AcDbEntity
  8
VISTA
100
AcDbLine
 10
563.949798
 20
2.290363
 30
0.0
 11
563.9496085
 21
2.2901385
 31
0.0
  0
LINE
  5
36F
330
17
100
AcDbEntity
  8
VISTA
100
AcDbLine
 10
563.949798
 20
2.290363
 30
0.0
 11
563.950121
 21
2.291376
 31
0.0
  0
LINE
  5
370
330
17
100
AcDbEntity
  8
VISTA
100
AcDbLine
 10
563.950444
 20
2.292389
 30
0.0
 11
563.950121
 21
2.291376
 31
0.0
  0
LINE
  5
371
330
17
100
AcDbEntity
  8
VISTA
100
AcDbLine
 10
563.950444
 20
2.292389
 30
0.0
 11
563.950444
 21
2.326389
 31
0.0
  0
LINE
  5
372
330
17
100
AcDbEntity
  8
VISTA
100
AcDbLine
 10
563.950444
 20
2.360389
 30
0.0
 11
563.950444
 21
2.326389
 31
0.0
  0
LINE
  5
373
330
17
100
AcDbEntity
  8
VISTA
100
AcDbLine
 10
563.950444
 20
2.360389
 30
0.0
 11
563.950121
 21
2.361402
 31
0.0
  0
LINE
  5
374
330
17
100
AcDbEntity
  8
VISTA
100
AcDbLine
 10
563.949798
 20
2.362415
 30
0.0
 11
563.950121
 21
2.361402
 31
0.0
  0
LINE
  5
375
330
17
100
AcDbEntity
  8
VISTA
100
AcDbLine
 10
563.949798
 20
2.362415
 30
0.0
 11
563.9496085
 21
2.3626395
 31
0.0
  0
LINE
  5
376
330
17
100
AcDbEntity
  8
VISTA
100
AcDbLine
 10
563.949419
 20
2.362864
 30
0.0
 11
563.9496085
 21
2.3626395
 31
0.0
  0
LINE
  5
377
330
17
100
AcDbEntity
  8
VISTA
100
AcDbLine
 10
563.732636
 20
2.359747
 30
0.0
 11
563.732778
 21
2.359689
 31
0.0
  0
LINE
  5
378
330
17
100
AcDbEntity
  8
VISTA
100
AcDbLine
 10
563.732578
 20
2.359889
 30
0.0
 11
563.732636
 21
2.359747
 31
0.0
  0
LINE
  5
379
330
17
100
AcDbEntity
  8
VISTA
100
AcDbLine
 10
563.750919
 20
2.359747
 30
0.0
 11
563.750778
 21
2.359689
 31
0.0
  0
LINE
  5
37A
330
17
100
AcDbEntity
  8
VISTA
100
AcDbLine
 10
563.750978
 20
2.359889
 30
0.0
 11
563.750919
 21
2.359747
 31
0.0
  0
LINE
  5
37B
330
17
100
AcDbEntity
  8
VISTA
100
AcDbLine
 10
563.750778
 20
2.359689
 30
0.0
 11
563.732778
 21
2.359689
 31
0.0
  0
LINE
  5
37C
330
17
100
AcDbEntity
  8
VISTA
100
AcDbLine
 10
563.750978
 20
2.359889
 30
0.0
 11
563.750978
 21
2.363889
 31
0.0
  0
LINE
  5
37D
330
17
100
AcDbEntity
  8
VISTA
100
AcDbLine
 10
563.732578
 20
2.359889
 30
0.0
 11
563.732578
 21
2.363889
 31
0.0
  0
LWPOLYLINE
  5
37E
330
17
100
AcDbEntity
  8
VISTA
100
AcDbPolyline
 90
9
 70
1
 10
563.750778
 20
2.359889
 10
563.7417780098901
 20
2.359889
 10
563.732778
 20
2.359889
 10
563.732778
 20
2.362888996703293
 10
563.732778
 20
2.365889
 10
563.7417779901099
 20
2.365889
 10
563.750778
 20
2.365889
 10
563.750778
 20
2.362889003296707
 10
563.750778
 20
2.359889
  0
LINE
  5
37F
330
17
100
AcDbEntity
  8
VISTA
100
AcDbLine
 10
563.517247
 20
2.112692
 30
0.0
 11
563.5174715
 21
2.1125025
 31
0.0
  0
LINE
  5
380
330
17
100
AcDbEntity
  8
VISTA
100
AcDbLine
 10
563.5174715
 20
2.1125025
 30
0.0
 11
563.517696
 21
2.112313
 31
0.0
  0
LINE
  5
381
330
17
100
AcDbEntity
  8
VISTA
100
AcDbLine
 10
563.517696
 20
2.112313
 30
0.0
 11
563.518709
 21
2.11199
 31
0.0
  0
LINE
  5
382
330
17
100
AcDbEntity
  8
VISTA
100
AcDbLine
 10
563.518709
 20
2.11199
 30
0.0
 11
563.519722
 21
2.111667
 31
0.0
  0
LINE
  5
383
330
17
100
AcDbEntity
  8
VISTA
100
AcDbLine
 10
563.519722
 20
2.111667
 30
0.0
 11
563.6277775
 21
2.111667
 31
0.0
  0
LINE
  5
384
330
17
100
AcDbEntity
  8
VISTA
100
AcDbLine
 10
563.6277775
 20
2.111667
 30
0.0
 11
563.735833
 21
2.111667
 31
0.0
  0
LINE
  5
385
330
17
100
AcDbEntity
  8
VISTA
100
AcDbLine
 10
563.735833
 20
2.111667
 30
0.0
 11
563.736846
 21
2.11199
 31
0.0
  0
LINE
  5
386
330
17
100
AcDbEntity
  8
VISTA
100
AcDbLine
 10
563.736846
 20
2.11199
 30
0.0
 11
563.737859
 21
2.112313
 31
0.0
  0
LINE
  5
387
330
17
100
AcDbEntity
  8
VISTA
100
AcDbLine
 10
563.737859
 20
2.112313
 30
0.0
 11
563.7380835
 21
2.1125024999999997
 31
0.0
  0
LINE
  5
388
330
17
100
AcDbEntity
  8
VISTA
100
AcDbLine
 10
563.7380835
 20
2.1125024999999997
 30
0.0
 11
563.738308
 21
2.112692
 31
0.0
  0
LINE
  5
389
330
17
100
AcDbEntity
  8
VISTA
100
AcDbLine
 10
563.5174715
 20
2.185831
 30
0.0
 11
563.517247
 21
2.185642
 31
0.0
  0
LINE
  5
38A
330
17
100
AcDbEntity
  8
VISTA
100
AcDbLine
 10
563.517696
 20
2.18602
 30
0.0
 11
563.5174715
 21
2.185831
 31
0.0
  0
LINE
  5
38B
330
17
100
AcDbEntity
  8
VISTA
100
AcDbLine
 10
563.518709
 20
2.186343
 30
0.0
 11
563.517696
 21
2.18602
 31
0.0
  0
LINE
  5
38C
330
17
100
AcDbEntity
  8
VISTA
100
AcDbLine
 10
563.519722
 20
2.186666
 30
0.0
 11
563.518709
 21
2.186343
 31
0.0
  0
LINE
  5
38D
330
17
100
AcDbEntity
  8
VISTA
100
AcDbLine
 10
563.6277777969268
 20
2.186666
 30
0.0
 11
563.735833
 21
2.186666
 31
0.0
  0
LINE
  5
38E
330
17
100
AcDbEntity
  8
VISTA
100
AcDbLine
 10
563.736846
 20
2.1863430000000004
 30
0.0
 11
563.735833
 21
2.186666
 31
0.0
  0
LINE
  5
38F
330
17
100
AcDbEntity
  8
VISTA
100
AcDbLine
 10
563.737859
 20
2.18602
 30
0.0
 11
563.736846
 21
2.1863430000000004
 31
0.0
  0
LINE
  5
390
330
17
100
AcDbEntity
  8
VISTA
100
AcDbLine
 10
563.7380835
 20
2.1858310000000003
 30
0.0
 11
563.737859
 21
2.18602
 31
0.0
  0
LINE
  5
391
330
17
100
AcDbEntity
  8
VISTA
100
AcDbLine
 10
563.738308
 20
2.185642
 30
0.0
 11
563.7380835
 21
2.1858310000000003
 31
0.0
  0
LINE
  5
392
330
17
100
AcDbEntity
  8
VISTA
100
AcDbLine
 10
563.5170575
 20
2.112916
 30
0.0
 11
563.517247
 21
2.112692
 31
0.0
  0
LINE
  5
393
330
17
100
AcDbEntity
  8
VISTA
100
AcDbLine
 10
563.5170575
 20
2.112916
 30
0.0
 11
563.516868
 21
2.11314
 31
0.0
  0
LINE
  5
394
330
17
100
AcDbEntity
  8
VISTA
100
AcDbLine
 10
563.516545
 20
2.1141535
 30
0.0
 11
563.516868
 21
2.11314
 31
0.0
  0
LINE
  5
395
330
17
100
AcDbEntity
  8
VISTA
100
AcDbLine
 10
563.516545
 20
2.1141535
 30
0.0
 11
563.516222
 21
2.115167
 31
0.0
  0
LINE
  5
396
330
17
100
AcDbEntity
  8
VISTA
100
AcDbLine
 10
563.516222
 20
2.149167
 30
0.0
 11
563.516222
 21
2.115167
 31
0.0
  0
LINE
  5
397
330
17
100
AcDbEntity
  8
VISTA
100
AcDbLine
 10
563.516222
 20
2.149167
 30
0.0
 11
563.516222
 21
2.183167
 31
0.0
  0
LINE
  5
398
330
17
100
AcDbEntity
  8
VISTA
100
AcDbLine
 10
563.516545
 20
2.18418
 30
0.0
 11
563.516222
 21
2.183167
 31
0.0
  0
LINE
  5
399
330
17
100
AcDbEntity
  8
VISTA
100
AcDbLine
 10
563.516545
 20
2.18418
 30
0.0
 11
563.516868
 21
2.185193
 31
0.0
  0
LINE
  5
39A
330
17
100
AcDbEntity
  8
VISTA
100
AcDbLine
 10
563.5170575
 20
2.1854175
 30
0.0
 11
563.516868
 21
2.185193
 31
0.0
  0
LINE
  5
39B
330
17
100
AcDbEntity
  8
VISTA
100
AcDbLine
 10
563.5170575
 20
2.1854175
 30
0.0
 11
563.517247
 21
2.185642
 31
0.0
  0
LINE
  5
39C
330
17
100
AcDbEntity
  8
VISTA
100
AcDbLine
 10
563.738308
 20
2.112692
 30
0.0
 11
563.7384975
 21
2.112916
 31
0.0
  0
LINE
  5
39D
330
17
100
AcDbEntity
  8
VISTA
100
AcDbLine
 10
563.738687
 20
2.11314
 30
0.0
 11
563.7384975
 21
2.112916
 31
0.0
  0
LINE
  5
39E
330
17
100
AcDbEntity
  8
VISTA
100
AcDbLine
 10
563.738687
 20
2.11314
 30
0.0
 11
563.73901
 21
2.1141535
 31
0.0
  0
LINE
  5
39F
330
17
100
AcDbEntity
  8
VISTA
100
AcDbLine
 10
563.739333
 20
2.115167
 30
0.0
 11
563.73901
 21
2.1141535
 31
0.0
  0
LINE
  5
3A0
330
17
100
AcDbEntity
  8
VISTA
100
AcDbLine
 10
563.739333
 20
2.115167
 30
0.0
 11
563.739333
 21
2.149167
 31
0.0
  0
LINE
  5
3A1
330
17
100
AcDbEntity
  8
VISTA
100
AcDbLine
 10
563.739333
 20
2.183167
 30
0.0
 11
563.739333
 21
2.149167
 31
0.0
  0
LINE
  5
3A2
330
17
100
AcDbEntity
  8
VISTA
100
AcDbLine
 10
563.739333
 20
2.183167
 30
0.0
 11
563.73901
 21
2.18418
 31
0.0
  0
LINE
  5
3A3
330
17
100
AcDbEntity
  8
VISTA
100
AcDbLine
 10
563.738687
 20
2.185193
 30
0.0
 11
563.73901
 21
2.18418
 31
0.0
  0
LINE
  5
3A4
330
17
100
AcDbEntity
  8
VISTA
100
AcDbLine
 10
563.738687
 20
2.185193
 30
0.0
 11
563.7384975
 21
2.1854175
 31
0.0
  0
LINE
  5
3A5
330
17
100
AcDbEntity
  8
VISTA
100
AcDbLine
 10
563.738308
 20
2.185642
 30
0.0
 11
563.7384975
 21
2.1854175
 31
0.0
  0
LINE
  5
3A6
330
17
100
AcDbEntity
  8
VISTA
100
AcDbLine
 10
563.521525
 20
2.182525
 30
0.0
 11
563.521667
 21
2.182467
 31
0.0
  0
LINE
  5
3A7
330
17
100
AcDbEntity
  8
VISTA
100
AcDbLine
 10
563.521466
 20
2.182667
 30
0.0
 11
563.521525
 21
2.182525
 31
0.0
  0
LINE
  5
3A8
330
17
100
AcDbEntity
  8
VISTA
100
AcDbLine
 10
563.539808
 20
2.182525
 30
0.0
 11
563.539667
 21
2.182467
 31
0.0
  0
LINE
  5
3A9
330
17
100
AcDbEntity
  8
VISTA
100
AcDbLine
 10
563.539867
 20
2.182667
 30
0.0
 11
563.539808
 21
2.182525
 31
0.0
  0
LINE
  5
3AA
330
17
100
AcDbEntity
  8
VISTA
100
AcDbLine
 10
563.539667
 20
2.182467
 30
0.0
 11
563.521667
 21
2.182467
 31
0.0
  0
LINE
  5
3AB
330
17
100
AcDbEntity
  8
VISTA
100
AcDbLine
 10
563.539867
 20
2.182667
 30
0.0
 11
563.539867
 21
2.186666
 31
0.0
  0
LINE
  5
3AC
330
17
100
AcDbEntity
  8
VISTA
100
AcDbLine
 10
563.521466
 20
2.182667
 30
0.0
 11
563.521466
 21
2.186666
 31
0.0
  0
LWPOLYLINE
  5
3AD
330
17
100
AcDbEntity
  8
VISTA
100
AcDbPolyline
 90
9
 70
1
 10
563.539667
 20
2.182667
 10
563.5306670098901
 20
2.182667
 10
563.521667
 20
2.182667
 10
563.521667
 20
2.185666996703293
 10
563.521667
 20
2.188667
 10
563.5306669901099
 20
2.188667
 10
563.539667
 20
2.188667
 10
563.539667
 20
2.185667003296707
 10
563.539667
 20
2.182667
  0
LINE
  5
3AE
330
17
100
AcDbEntity
  8
VISTA
100
AcDbLine
 10
563.306136
 20
1.93547
 30
0.0
 11
563.3063605
 21
1.9352805
 31
0.0
  0
LINE
  5
3AF
330
17
100
AcDbEntity
  8
VISTA
100
AcDbLine
 10
563.3063605
 20
1.9352805
 30
0.0
 11
563.306585
 21
1.935091
 31
0.0
  0
LINE
  5
3B0
330
17
100
AcDbEntity
  8
VISTA
100
AcDbLine
 10
563.306585
 20
1.935091
 30
0.0
 11
563.307598
 21
1.9347675
 31
0.0
  0
LINE
  5
3B1
330
17
100
AcDbEntity
  8
VISTA
100
AcDbLine
 10
563.307598
 20
1.9347675
 30
0.0
 11
563.308611
 21
1.934444
 31
0.0
  0
LINE
  5
3B2
330
17
100
AcDbEntity
  8
VISTA
100
AcDbLine
 10
563.308611
 20
1.934444
 30
0.0
 11
563.4166665
 21
1.934444
 31
0.0
  0
LINE
  5
3B3
330
17
100
AcDbEntity
  8
VISTA
100
AcDbLine
 10
563.4166665
 20
1.934444
 30
0.0
 11
563.524722
 21
1.934444
 31
0.0
  0
LINE
  5
3B4
330
17
100
AcDbEntity
  8
VISTA
100
AcDbLine
 10
563.524722
 20
1.934444
 30
0.0
 11
563.525735
 21
1.9347675
 31
0.0
  0
LINE
  5
3B5
330
17
100
AcDbEntity
  8
VISTA
100
AcDbLine
 10
563.525735
 20
1.9347675
 30
0.0
 11
563.526748
 21
1.935091
 31
0.0
  0
LINE
  5
3B6
330
17
100
AcDbEntity
  8
VISTA
100
AcDbLine
 10
563.526748
 20
1.935091
 30
0.0
 11
563.5269725
 21
1.9352805
 31
0.0
  0
LINE
  5
3B7
330
17
100
AcDbEntity
  8
VISTA
100
AcDbLine
 10
563.5269725
 20
1.9352805
 30
0.0
 11
563.527197
 21
1.93547
 31
0.0
  0
LINE
  5
3B8
330
17
100
AcDbEntity
  8
VISTA
100
AcDbLine
 10
563.3063605
 20
2.0086085
 30
0.0
 11
563.306136
 21
2.008419
 31
0.0
  0
LINE
  5
3B9
330
17
100
AcDbEntity
  8
VISTA
100
AcDbLine
 10
563.306585
 20
2.008798
 30
0.0
 11
563.3063605
 21
2.0086085
 31
0.0
  0
LINE
  5
3BA
330
17
100
AcDbEntity
  8
VISTA
100
AcDbLine
 10
563.307598
 20
2.009121
 30
0.0
 11
563.306585
 21
2.008798
 31
0.0
  0
LINE
  5
3BB
330
17
100
AcDbEntity
  8
VISTA
100
AcDbLine
 10
563.308611
 20
2.009444
 30
0.0
 11
563.307598
 21
2.009121
 31
0.0
  0
LINE
  5
3BC
330
17
100
AcDbEntity
  8
VISTA
100
AcDbLine
 10
563.4166667969268
 20
2.009444
 30
0.0
 11
563.524722
 21
2.009444
 31
0.0
  0
LINE
  5
3BD
330
17
100
AcDbEntity
  8
VISTA
100
AcDbLine
 10
563.525735
 20
2.009121
 30
0.0
 11
563.524722
 21
2.009444
 31
0.0
  0
LINE
  5
3BE
330
17
100
AcDbEntity
  8
VISTA
100
AcDbLine
 10
563.526748
 20
2.008798
 30
0.0
 11
563.525735
 21
2.009121
 31
0.0
  0
LINE
  5
3BF
330
17
100
AcDbEntity
  8
VISTA
100
AcDbLine
 10
563.5269725
 20
2.0086085000000002
 30
0.0
 11
563.526748
 21
2.008798
 31
0.0
  0
LINE
  5
3C0
330
17
100
AcDbEntity
  8
VISTA
100
AcDbLine
 10
563.527197
 20
2.008419
 30
0.0
 11
563.5269725
 21
2.0086085000000002
 31
0.0
  0
LINE
  5
3C1
330
17
100
AcDbEntity
  8
VISTA
100
AcDbLine
 10
563.3059465
 20
1.935694
 30
0.0
 11
563.306136
 21
1.93547
 31
0.0
  0
LINE
  5
3C2
330
17
100
AcDbEntity
  8
VISTA
100
AcDbLine
 10
563.3059465
 20
1.935694
 30
0.0
 11
563.305757
 21
1.935918
 31
0.0
  0
LINE
  5
3C3
330
17
100
AcDbEntity
  8
VISTA
100
AcDbLine
 10
563.305434
 20
1.936931
 30
0.0
 11
563.305757
 21
1.935918
 31
0.0
  0
LINE
  5
3C4
330
17
100
AcDbEntity
  8
VISTA
100
AcDbLine
 10
563.305434
 20
1.936931
 30
0.0
 11
563.305111
 21
1.937944
 31
0.0
  0
LINE
  5
3C5
330
17
100
AcDbEntity
  8
VISTA
100
AcDbLine
 10
563.305111
 20
1.971944
 30
0.0
 11
563.305111
 21
1.937944
 31
0.0
  0
LINE
  5
3C6
330
17
100
AcDbEntity
  8
VISTA
100
AcDbLine
 10
563.305111
 20
1.971944
 30
0.0
 11
563.305111
 21
2.005944
 31
0.0
  0
LINE
  5
3C7
330
17
100
AcDbEntity
  8
VISTA
100
AcDbLine
 10
563.305434
 20
2.0069575
 30
0.0
 11
563.305111
 21
2.005944
 31
0.0
  0
LINE
  5
3C8
330
17
100
AcDbEntity
  8
VISTA
100
AcDbLine
 10
563.305434
 20
2.0069575
 30
0.0
 11
563.305757
 21
2.007971
 31
0.0
  0
LINE
  5
3C9
330
17
100
AcDbEntity
  8
VISTA
100
AcDbLine
 10
563.3059465
 20
2.0081949999999997
 30
0.0
 11
563.305757
 21
2.007971
 31
0.0
  0
LINE
  5
3CA
330
17
100
AcDbEntity
  8
VISTA
100
AcDbLine
 10
563.3059465
 20
2.0081949999999997
 30
0.0
 11
563.306136
 21
2.008419
 31
0.0
  0
LINE
  5
3CB
330
17
100
AcDbEntity
  8
VISTA
100
AcDbLine
 10
563.527197
 20
1.93547
 30
0.0
 11
563.5273865
 21
1.935694
 31
0.0
  0
LINE
  5
3CC
330
17
100
AcDbEntity
  8
VISTA
100
AcDbLine
 10
563.527576
 20
1.935918
 30
0.0
 11
563.5273865
 21
1.935694
 31
0.0
  0
LINE
  5
3CD
330
17
100
AcDbEntity
  8
VISTA
100
AcDbLine
 10
563.527576
 20
1.935918
 30
0.0
 11
563.527899
 21
1.936931
 31
0.0
  0
LINE
  5
3CE
330
17
100
AcDbEntity
  8
VISTA
100
AcDbLine
 10
563.528222
 20
1.937944
 30
0.0
 11
563.527899
 21
1.936931
 31
0.0
  0
LINE
  5
3CF
330
17
100
AcDbEntity
  8
VISTA
100
AcDbLine
 10
563.528222
 20
1.937944
 30
0.0
 11
563.528222
 21
1.971944
 31
0.0
  0
LINE
  5
3D0
330
17
100
AcDbEntity
  8
VISTA
100
AcDbLine
 10
563.528222
 20
2.005944
 30
0.0
 11
563.528222
 21
1.971944
 31
0.0
  0
LINE
  5
3D1
330
17
100
AcDbEntity
  8
VISTA
100
AcDbLine
 10
563.528222
 20
2.005944
 30
0.0
 11
563.527899
 21
2.0069575
 31
0.0
  0
LINE
  5
3D2
330
17
100
AcDbEntity
  8
VISTA
100
AcDbLine
 10
563.527576
 20
2.007971
 30
0.0
 11
563.527899
 21
2.0069575
 31
0.0
  0
LINE
  5
3D3
330
17
100
AcDbEntity
  8
VISTA
100
AcDbLine
 10
563.527576
 20
2.007971
 30
0.0
 11
563.5273865
 21
2.0081949999999997
 31
0.0
  0
LINE
  5
3D4
330
17
100
AcDbEntity
  8
VISTA
100
AcDbLine
 10
563.527197
 20
2.008419
 30
0.0
 11
563.5273865
 21
2.0081949999999997
 31
0.0
  0
LINE
  5
3D5
330
17
100
AcDbEntity
  8
VISTA
100
AcDbLine
 10
563.310414
 20
2.005303
 30
0.0
 11
563.310555
 21
2.005244
 31
0.0
  0
LINE
  5
3D6
330
17
100
AcDbEntity
  8
VISTA
100
AcDbLine
 10
563.310355
 20
2.005445
 30
0.0
 11
563.310414
 21
2.005303
 31
0.0
  0
LINE
  5
3D7
330
17
100
AcDbEntity
  8
VISTA
100
AcDbLine
 10
563.328697
 20
2.005303
 30
0.0
 11
563.328556
 21
2.005244
 31
0.0
  0
LINE
  5
3D8
330
17
100
AcDbEntity
  8
VISTA
100
AcDbLine
 10
563.328756
 20
2.005445
 30
0.0
 11
563.328697
 21
2.005303
 31
0.0
  0
LINE
  5
3D9
330
17
100
AcDbEntity
  8
VISTA
100
AcDbLine
 10
563.328556
 20
2.005244
 30
0.0
 11
563.310555
 21
2.005244
 31
0.0
  0
LINE
  5
3DA
330
17
100
AcDbEntity
  8
VISTA
100
AcDbLine
 10
563.328756
 20
2.005445
 30
0.0
 11
563.328756
 21
2.009444
 31
0.0
  0
LINE
  5
3DB
330
17
100
AcDbEntity
  8
VISTA
100
AcDbLine
 10
563.310355
 20
2.005445
 30
0.0
 11
563.310355
 21
2.009444
 31
0.0
  0
LWPOLYLINE
  5
3DC
330
17
100
AcDbEntity
  8
VISTA
100
AcDbPolyline
 90
9
 70
1
 10
563.328556
 20
2.005445
 10
563.3195555098906
 20
2.005445
 10
563.310555
 20
2.005445
 10
563.310555
 20
2.008444996703293
 10
563.310555
 20
2.011445
 10
563.3195554901093
 20
2.011445
 10
563.328556
 20
2.011445
 10
563.328556
 20
2.008445003296707
 10
563.328556
 20
2.005445
  0
LINE
  5
3DD
330
17
100
AcDbEntity
  8
VISTA
100
AcDbLine
 10
563.095025
 20
1.758247
 30
0.0
 11
563.0952495
 21
1.7580575
 31
0.0
  0
LINE
  5
3DE
330
17
100
AcDbEntity
  8
VISTA
100
AcDbLine
 10
563.0952495
 20
1.7580575
 30
0.0
 11
563.095474
 21
1.757868
 31
0.0
  0
LINE
  5
3DF
330
17
100
AcDbEntity
  8
VISTA
100
AcDbLine
 10
563.095474
 20
1.757868
 30
0.0
 11
563.096487
 21
1.7575450000000001
 31
0.0
  0
LINE
  5
3E0
330
17
100
AcDbEntity
  8
VISTA
100
AcDbLine
 10
563.096487
 20
1.7575450000000001
 30
0.0
 11
563.0975
 21
1.757222
 31
0.0
  0
LINE
  5
3E1
330
17
100
AcDbEntity
  8
VISTA
100
AcDbLine
 10
563.0975
 20
1.757222
 30
0.0
 11
563.2055555
 21
1.757222
 31
0.0
  0
LINE
  5
3E2
330
17
100
AcDbEntity
  8
VISTA
100
AcDbLine
 10
563.2055555
 20
1.757222
 30
0.0
 11
563.313611
 21
1.757222
 31
0.0
  0
LINE
  5
3E3
330
17
100
AcDbEntity
  8
VISTA
100
AcDbLine
 10
563.313611
 20
1.757222
 30
0.0
 11
563.314624
 21
1.757545
 31
0.0
  0
LINE
  5
3E4
330
17
100
AcDbEntity
  8
VISTA
100
AcDbLine
 10
563.314624
 20
1.757545
 30
0.0
 11
563.315637
 21
1.757868
 31
0.0
  0
LINE
  5
3E5
330
17
100
AcDbEntity
  8
VISTA
100
AcDbLine
 10
563.315637
 20
1.757868
 30
0.0
 11
563.3158615
 21
1.7580574999999998
 31
0.0
  0
LINE
  5
3E6
330
17
100
AcDbEntity
  8
VISTA
100
AcDbLine
 10
563.3158615
 20
1.7580574999999998
 30
0.0
 11
563.316086
 21
1.758247
 31
0.0
  0
LINE
  5
3E7
330
17
100
AcDbEntity
  8
VISTA
100
AcDbLine
 10
563.0952495
 20
1.8313865
 30
0.0
 11
563.095025
 21
1.831197
 31
0.0
  0
LINE
  5
3E8
330
17
100
AcDbEntity
  8
VISTA
100
AcDbLine
 10
563.095474
 20
1.831576
 30
0.0
 11
563.0952495
 21
1.8313865
 31
0.0
  0
LINE
  5
3E9
330
17
100
AcDbEntity
  8
VISTA
100
AcDbLine
 10
563.096487
 20
1.831899
 30
0.0
 11
563.095474
 21
1.831576
 31
0.0
  0
LINE
  5
3EA
330
17
100
AcDbEntity
  8
VISTA
100
AcDbLine
 10
563.0975
 20
1.832222
 30
0.0
 11
563.096487
 21
1.831899
 31
0.0
  0
LINE
  5
3EB
330
17
100
AcDbEntity
  8
VISTA
100
AcDbLine
 10
563.205555676924
 20
1.832222
 30
0.0
 11
563.313611
 21
1.832222
 31
0.0
  0
LINE
  5
3EC
330
17
100
AcDbEntity
  8
VISTA
100
AcDbLine
 10
563.314624
 20
1.8318990000000002
 30
0.0
 11
563.313611
 21
1.832222
 31
0.0
  0
LINE
  5
3ED
330
17
100
AcDbEntity
  8
VISTA
100
AcDbLine
 10
563.315637
 20
1.831576
 30
0.0
 11
563.314624
 21
1.8318990000000002
 31
0.0
  0
LINE
  5
3EE
330
17
100
AcDbEntity
  8
VISTA
100
AcDbLine
 10
563.3158615
 20
1.8313865
 30
0.0
 11
563.315637
 21
1.831576
 31
0.0
  0
LINE
  5
3EF
330
17
100
AcDbEntity
  8
VISTA
100
AcDbLine
 10
563.316086
 20
1.831197
 30
0.0
 11
563.3158615
 21
1.8313865
 31
0.0
  0
LINE
  5
3F0
330
17
100
AcDbEntity
  8
VISTA
100
AcDbLine
 10
563.0948355
 20
1.7584715
 30
0.0
 11
563.095025
 21
1.758247
 31
0.0
  0
LINE
  5
3F1
330
17
100
AcDbEntity
  8
VISTA
100
AcDbLine
 10
563.0948355
 20
1.7584715
 30
0.0
 11
563.094646
 21
1.758696
 31
0.0
  0
LINE
  5
3F2
330
17
100
AcDbEntity
  8
VISTA
100
AcDbLine
 10
563.094323
 20
1.759709
 30
0.0
 11
563.094646
 21
1.758696
 31
0.0
  0
LINE
  5
3F3
330
17
100
AcDbEntity
  8
VISTA
100
AcDbLine
 10
563.094323
 20
1.759709
 30
0.0
 11
563.094
 21
1.760722
 31
0.0
  0
LINE
  5
3F4
330
17
100
AcDbEntity
  8
VISTA
100
AcDbLine
 10
563.094
 20
1.794722
 30
0.0
 11
563.094
 21
1.760722
 31
0.0
  0
LINE
  5
3F5
330
17
100
AcDbEntity
  8
VISTA
100
AcDbLine
 10
563.094
 20
1.794722
 30
0.0
 11
563.094
 21
1.828722
 31
0.0
  0
LINE
  5
3F6
330
17
100
AcDbEntity
  8
VISTA
100
AcDbLine
 10
563.094323
 20
1.829735
 30
0.0
 11
563.094
 21
1.828722
 31
0.0
  0
LINE
  5
3F7
330
17
100
AcDbEntity
  8
VISTA
100
AcDbLine
 10
563.094323
 20
1.829735
 30
0.0
 11
563.094646
 21
1.830748
 31
0.0
  0
LINE
  5
3F8
330
17
100
AcDbEntity
  8
VISTA
100
AcDbLine
 10
563.0948355
 20
1.8309725
 30
0.0
 11
563.094646
 21
1.830748
 31
0.0
  0
LINE
  5
3F9
330
17
100
AcDbEntity
  8
VISTA
100
AcDbLine
 10
563.0948355
 20
1.8309725
 30
0.0
 11
563.095025
 21
1.831197
 31
0.0
  0
LINE
  5
3FA
330
17
100
AcDbEntity
  8
VISTA
100
AcDbLine
 10
563.316086
 20
1.758247
 30
0.0
 11
563.3162755
 21
1.7584715
 31
0.0
  0
LINE
  5
3FB
330
17
100
AcDbEntity
  8
VISTA
100
AcDbLine
 10
563.316465
 20
1.758696
 30
0.0
 11
563.3162755
 21
1.7584715
 31
0.0
  0
LINE
  5
3FC
330
17
100
AcDbEntity
  8
VISTA
100
AcDbLine
 10
563.316465
 20
1.758696
 30
0.0
 11
563.316788
 21
1.759709
 31
0.0
  0
LINE
  5
3FD
330
17
100
AcDbEntity
  8
VISTA
100
AcDbLine
 10
563.317111
 20
1.760722
 30
0.0
 11
563.316788
 21
1.759709
 31
0.0
  0
LINE
  5
3FE
330
17
100
AcDbEntity
  8
VISTA
100
AcDbLine
 10
563.317111
 20
1.760722
 30
0.0
 11
563.317111
 21
1.794722
 31
0.0
  0
LINE
  5
3FF
330
17
100
AcDbEntity
  8
VISTA
100
AcDbLine
 10
563.317111
 20
1.828722
 30
0.0
 11
563.317111
 21
1.794722
 31
0.0
  0
LINE
  5
400
330
17
100
AcDbEntity
  8
VISTA
100
AcDbLine
 10
563.317111
 20
1.828722
 30
0.0
 11
563.316788
 21
1.829735
 31
0.0
  0
LINE
  5
401
330
17
100
AcDbEntity
  8
VISTA
100
AcDbLine
 10
563.316465
 20
1.830748
 30
0.0
 11
563.316788
 21
1.829735
 31
0.0
  0
LINE
  5
402
330
17
100
AcDbEntity
  8
VISTA
100
AcDbLine
 10
563.316465
 20
1.830748
 30
0.0
 11
563.3162755
 21
1.8309725
 31
0.0
  0
LINE
  5
403
330
17
100
AcDbEntity
  8
VISTA
100
AcDbLine
 10
563.316086
 20
1.831197
 30
0.0
 11
563.3162755
 21
1.8309725
 31
0.0
  0
LINE
  5
404
330
17
100
AcDbEntity
  8
VISTA
100
AcDbLine
 10
563.099303
 20
1.828081
 30
0.0
 11
563.099444
 21
1.828022
 31
0.0
  0
LINE
  5
405
330
17
100
AcDbEntity
  8
VISTA
100
AcDbLine
 10
563.099244
 20
1.828222
 30
0.0
 11
563.099303
 21
1.828081
 31
0.0
  0
LINE
  5
406
330
17
100
AcDbEntity
  8
VISTA
100
AcDbLine
 10
563.117586
 20
1.828081
 30
0.0
 11
563.117445
 21
1.828022
 31
0.0
  0
LINE
  5
407
330
17
100
AcDbEntity
  8
VISTA
100
AcDbLine
 10
563.117645
 20
1.828222
 30
0.0
 11
563.117586
 21
1.828081
 31
0.0
  0
LINE
  5
408
330
17
100
AcDbEntity
  8
VISTA
100
AcDbLine
 10
563.117445
 20
1.828022
 30
0.0
 11
563.099444
 21
1.828022
 31
0.0
  0
LINE
  5
409
330
17
100
AcDbEntity
  8
VISTA
100
AcDbLine
 10
563.117645
 20
1.828222
 30
0.0
 11
563.117645
 21
1.832222
 31
0.0
  0
LINE
  5
40A
330
17
100
AcDbEntity
  8
VISTA
100
AcDbLine
 10
563.099244
 20
1.828222
 30
0.0
 11
563.099244
 21
1.832222
 31
0.0
  0
LWPOLYLINE
  5
40B
330
17
100
AcDbEntity
  8
VISTA
100
AcDbPolyline
 90
9
 70
1
 10
563.117445
 20
1.828222
 10
563.1084445098907
 20
1.828222
 10
563.099444
 20
1.828222
 10
563.099444
 20
1.831221996703293
 10
563.099444
 20
1.834222
 10
563.1084444901094
 20
1.834222
 10
563.117445
 20
1.834222
 10
563.117445
 20
1.831222003296707
 10
563.117445
 20
1.828222
  0
LINE
  5
40C
330
17
100
AcDbEntity
  8
VISTA
100
AcDbLine
 10
562.883914
 20
1.581025
 30
0.0
 11
562.8841385
 21
1.5808355
 31
0.0
  0
LINE
  5
40D
330
17
100
AcDbEntity
  8
VISTA
100
AcDbLine
 10
562.8841385
 20
1.5808355
 30
0.0
 11
562.884363
 21
1.580646
 31
0.0
  0
LINE
  5
40E
330
17
100
AcDbEntity
  8
VISTA
100
AcDbLine
 10
562.884363
 20
1.580646
 30
0.0
 11
562.885376
 21
1.5803230000000001
 31
0.0
  0
LINE
  5
40F
330
17
100
AcDbEntity
  8
VISTA
100
AcDbLine
 10
562.885376
 20
1.5803230000000001
 30
0.0
 11
562.886389
 21
1.58
 31
0.0
  0
LINE
  5
410
330
17
100
AcDbEntity
  8
VISTA
100
AcDbLine
 10
562.886389
 20
1.58
 30
0.0
 11
562.9944445
 21
1.58
 31
0.0
  0
LINE
  5
411
330
17
100
AcDbEntity
  8
VISTA
100
AcDbLine
 10
562.9944445
 20
1.58
 30
0.0
 11
563.1025
 21
1.58
 31
0.0
  0
LINE
  5
412
330
17
100
AcDbEntity
  8
VISTA
100
AcDbLine
 10
563.1025
 20
1.58
 30
0.0
 11
563.103513
 21
1.580323
 31
0.0
  0
LINE
  5
413
330
17
100
AcDbEntity
  8
VISTA
100
AcDbLine
 10
563.103513
 20
1.580323
 30
0.0
 11
563.104526
 21
1.580646
 31
0.0
  0
LINE
  5
414
330
17
100
AcDbEntity
  8
VISTA
100
AcDbLine
 10
563.104526
 20
1.580646
 30
0.0
 11
563.1047505
 21
1.5808354999999998
 31
0.0
  0
LINE
  5
415
330
17
100
AcDbEntity
  8
VISTA
100
AcDbLine
 10
563.1047505
 20
1.5808354999999998
 30
0.0
 11
563.104975
 21
1.581025
 31
0.0
  0
LINE
  5
416
330
17
100
AcDbEntity
  8
VISTA
100
AcDbLine
 10
562.8841385
 20
1.6541645
 30
0.0
 11
562.883914
 21
1.653975
 31
0.0
  0
LINE
  5
417
330
17
100
AcDbEntity
  8
VISTA
100
AcDbLine
 10
562.884363
 20
1.654354
 30
0.0
 11
562.8841385
 21
1.6541645
 31
0.0
  0
LINE
  5
418
330
17
100
AcDbEntity
  8
VISTA
100
AcDbLine
 10
562.885376
 20
1.654677
 30
0.0
 11
562.884363
 21
1.654354
 31
0.0
  0
LINE
  5
419
330
17
100
AcDbEntity
  8
VISTA
100
AcDbLine
 10
562.886389
 20
1.655
 30
0.0
 11
562.885376
 21
1.654677
 31
0.0
  0
LINE
  5
41A
330
17
100
AcDbEntity
  8
VISTA
100
AcDbLine
 10
562.9944441255255
 20
1.655
 30
0.0
 11
563.1025
 21
1.655
 31
0.0
  0
LINE
  5
41B
330
17
100
AcDbEntity
  8
VISTA
100
AcDbLine
 10
563.103513
 20
1.6546770000000002
 30
0.0
 11
563.1025
 21
1.655
 31
0.0
  0
LINE
  5
41C
330
17
100
AcDbEntity
  8
VISTA
100
AcDbLine
 10
563.104526
 20
1.654354
 30
0.0
 11
563.103513
 21
1.6546770000000002
 31
0.0
  0
LINE
  5
41D
330
17
100
AcDbEntity
  8
VISTA
100
AcDbLine
 10
563.1047505
 20
1.6541645
 30
0.0
 11
563.104526
 21
1.654354
 31
0.0
  0
LINE
  5
41E
330
17
100
AcDbEntity
  8
VISTA
100
AcDbLine
 10
563.104975
 20
1.653975
 30
0.0
 11
563.1047505
 21
1.6541645
 31
0.0
  0
LINE
  5
41F
330
17
100
AcDbEntity
  8
VISTA
100
AcDbLine
 10
562.8837245
 20
1.5812495
 30
0.0
 11
562.883914
 21
1.581025
 31
0.0
  0
LINE
  5
420
330
17
100
AcDbEntity
  8
VISTA
100
AcDbLine
 10
562.8837245
 20
1.5812495
 30
0.0
 11
562.883535
 21
1.581474
 31
0.0
  0
LINE
  5
421
330
17
100
AcDbEntity
  8
VISTA
100
AcDbLine
 10
562.883212
 20
1.582487
 30
0.0
 11
562.883535
 21
1.581474
 31
0.0
  0
LINE
  5
422
330
17
100
AcDbEntity
  8
VISTA
100
AcDbLine
 10
562.883212
 20
1.582487
 30
0.0
 11
562.882889
 21
1.5835
 31
0.0
  0
LINE
  5
423
330
17
100
AcDbEntity
  8
VISTA
100
AcDbLine
 10
562.882889
 20
1.6175
 30
0.0
 11
562.882889
 21
1.5835
 31
0.0
  0
LINE
  5
424
330
17
100
AcDbEntity
  8
VISTA
100
AcDbLine
 10
562.882889
 20
1.6175
 30
0.0
 11
562.882889
 21
1.6515
 31
0.0
  0
LINE
  5
425
330
17
100
AcDbEntity
  8
VISTA
100
AcDbLine
 10
562.883212
 20
1.652513
 30
0.0
 11
562.882889
 21
1.6515
 31
0.0
  0
LINE
  5
426
330
17
100
AcDbEntity
  8
VISTA
100
AcDbLine
 10
562.883212
 20
1.652513
 30
0.0
 11
562.883535
 21
1.653526
 31
0.0
  0
LINE
  5
427
330
17
100
AcDbEntity
  8
VISTA
100
AcDbLine
 10
562.8837245
 20
1.6537505
 30
0.0
 11
562.883535
 21
1.653526
 31
0.0
  0
LINE
  5
428
330
17
100
AcDbEntity
  8
VISTA
100
AcDbLine
 10
562.8837245
 20
1.6537505
 30
0.0
 11
562.883914
 21
1.653975
 31
0.0
  0
LINE
  5
429
330
17
100
AcDbEntity
  8
VISTA
100
AcDbLine
 10
563.104975
 20
1.581025
 30
0.0
 11
563.1051645
 21
1.5812495
 31
0.0
  0
LINE
  5
42A
330
17
100
AcDbEntity
  8
VISTA
100
AcDbLine
 10
563.105354
 20
1.581474
 30
0.0
 11
563.1051645
 21
1.5812495
 31
0.0
  0
LINE
  5
42B
330
17
100
AcDbEntity
  8
VISTA
100
AcDbLine
 10
563.105354
 20
1.581474
 30
0.0
 11
563.105677
 21
1.582487
 31
0.0
  0
LINE
  5
42C
330
17
100
AcDbEntity
  8
VISTA
100
AcDbLine
 10
563.106
 20
1.5835
 30
0.0
 11
563.105677
 21
1.582487
 31
0.0
  0
LINE
  5
42D
330
17
100
AcDbEntity
  8
VISTA
100
AcDbLine
 10
563.106
 20
1.5835
 30
0.0
 11
563.106
 21
1.6175
 31
0.0
  0
LINE
  5
42E
330
17
100
AcDbEntity
  8
VISTA
100
AcDbLine
 10
563.106
 20
1.6515
 30
0.0
 11
563.106
 21
1.6175
 31
0.0
  0
LINE
  5
42F
330
17
100
AcDbEntity
  8
VISTA
100
AcDbLine
 10
563.106
 20
1.6515
 30
0.0
 11
563.105677
 21
1.652513
 31
0.0
  0
LINE
  5
430
330
17
100
AcDbEntity
  8
VISTA
100
AcDbLine
 10
563.105354
 20
1.653526
 30
0.0
 11
563.105677
 21
1.652513
 31
0.0
  0
LINE
  5
431
330
17
100
AcDbEntity
  8
VISTA
100
AcDbLine
 10
563.105354
 20
1.653526
 30
0.0
 11
563.1051645
 21
1.6537505
 31
0.0
  0
LINE
  5
432
330
17
100
AcDbEntity
  8
VISTA
100
AcDbLine
 10
563.104975
 20
1.653975
 30
0.0
 11
563.1051645
 21
1.6537505
 31
0.0
  0
LINE
  5
433
330
17
100
AcDbEntity
  8
VISTA
100
AcDbLine
 10
562.888192
 20
1.650859
 30
0.0
 11
562.888333
 21
1.6508
 31
0.0
  0
LINE
  5
434
330
17
100
AcDbEntity
  8
VISTA
100
AcDbLine
 10
562.888133
 20
1.651
 30
0.0
 11
562.888192
 21
1.650859
 31
0.0
  0
LINE
  5
435
330
17
100
AcDbEntity
  8
VISTA
100
AcDbLine
 10
562.906475
 20
1.650859
 30
0.0
 11
562.906333
 21
1.6508
 31
0.0
  0
LINE
  5
436
330
17
100
AcDbEntity
  8
VISTA
100
AcDbLine
 10
562.906533
 20
1.651
 30
0.0
 11
562.906475
 21
1.650859
 31
0.0
  0
LINE
  5
437
330
17
100
AcDbEntity
  8
VISTA
100
AcDbLine
 10
562.906333
 20
1.6508
 30
0.0
 11
562.888333
 21
1.6508
 31
0.0
  0
LINE
  5
438
330
17
100
AcDbEntity
  8
VISTA
100
AcDbLine
 10
562.906533
 20
1.651
 30
0.0
 11
562.906533
 21
1.655
 31
0.0
  0
LINE
  5
439
330
17
100
AcDbEntity
  8
VISTA
100
AcDbLine
 10
562.888133
 20
1.651
 30
0.0
 11
562.888133
 21
1.655
 31
0.0
  0
LWPOLYLINE
  5
43A
330
17
100
AcDbEntity
  8
VISTA
100
AcDbPolyline
 90
9
 70
1
 10
562.906333
 20
1.651
 10
562.8973330098901
 20
1.651
 10
562.888333
 20
1.651
 10
562.888333
 20
1.653999996703293
 10
562.888333
 20
1.657
 10
562.8973329901099
 20
1.657
 10
562.906333
 20
1.657
 10
562.906333
 20
1.654000003296707
 10
562.906333
 20
1.651
  0
LINE
  5
43B
330
17
100
AcDbEntity
  8
VISTA
100
AcDbLine
 10
562.672803
 20
1.403803
 30
0.0
 11
562.6730275
 21
1.4036135
 31
0.0
  0
LINE
  5
43C
330
17
100
AcDbEntity
  8
VISTA
100
AcDbLine
 10
562.6730275
 20
1.4036135
 30
0.0
 11
562.673252
 21
1.403424
 31
0.0
  0
LINE
  5
43D
330
17
100
AcDbEntity
  8
VISTA
100
AcDbLine
 10
562.673252
 20
1.403424
 30
0.0
 11
562.674265
 21
1.4031010000000002
 31
0.0
  0
LINE
  5
43E
330
17
100
AcDbEntity
  8
VISTA
100
AcDbLine
 10
562.674265
 20
1.4031010000000002
 30
0.0
 11
562.675278
 21
1.402778
 31
0.0
  0
LINE
  5
43F
330
17
100
AcDbEntity
  8
VISTA
100
AcDbLine
 10
562.675278
 20
1.402778
 30
0.0
 11
562.7833335
 21
1.402778
 31
0.0
  0
LINE
  5
440
330
17
100
AcDbEntity
  8
VISTA
100
AcDbLine
 10
562.7833335
 20
1.402778
 30
0.0
 11
562.891389
 21
1.402778
 31
0.0
  0
LINE
  5
441
330
17
100
AcDbEntity
  8
VISTA
100
AcDbLine
 10
562.891389
 20
1.402778
 30
0.0
 11
562.892402
 21
1.403101
 31
0.0
  0
LINE
  5
442
330
17
100
AcDbEntity
  8
VISTA
100
AcDbLine
 10
562.892402
 20
1.403101
 30
0.0
 11
562.893415
 21
1.403424
 31
0.0
  0
LINE
  5
443
330
17
100
AcDbEntity
  8
VISTA
100
AcDbLine
 10
562.893415
 20
1.403424
 30
0.0
 11
562.8936395
 21
1.4036134999999998
 31
0.0
  0
LINE
  5
444
330
17
100
AcDbEntity
  8
VISTA
100
AcDbLine
 10
562.8936395
 20
1.4036134999999998
 30
0.0
 11
562.893864
 21
1.403803
 31
0.0
  0
LINE
  5
445
330
17
100
AcDbEntity
  8
VISTA
100
AcDbLine
 10
562.6730275
 20
1.4769424999999998
 30
0.0
 11
562.672803
 21
1.476753
 31
0.0
  0
LINE
  5
446
330
17
100
AcDbEntity
  8
VISTA
100
AcDbLine
 10
562.673252
 20
1.477132
 30
0.0
 11
562.6730275
 21
1.4769424999999998
 31
0.0
  0
LINE
  5
447
330
17
100
AcDbEntity
  8
VISTA
100
AcDbLine
 10
562.674265
 20
1.477455
 30
0.0
 11
562.673252
 21
1.477132
 31
0.0
  0
LINE
  5
448
330
17
100
AcDbEntity
  8
VISTA
100
AcDbLine
 10
562.675278
 20
1.477778
 30
0.0
 11
562.674265
 21
1.477455
 31
0.0
  0
LINE
  5
449
330
17
100
AcDbEntity
  8
VISTA
100
AcDbLine
 10
562.7833331255256
 20
1.477778
 30
0.0
 11
562.891389
 21
1.477778
 31
0.0
  0
LINE
  5
44A
330
17
100
AcDbEntity
  8
VISTA
100
AcDbLine
 10
562.892402
 20
1.477455
 30
0.0
 11
562.891389
 21
1.477778
 31
0.0
  0
LINE
  5
44B
330
17
100
AcDbEntity
  8
VISTA
100
AcDbLine
 10
562.893415
 20
1.477132
 30
0.0
 11
562.892402
 21
1.477455
 31
0.0
  0
LINE
  5
44C
330
17
100
AcDbEntity
  8
VISTA
100
AcDbLine
 10
562.8936395
 20
1.4769425
 30
0.0
 11
562.893415
 21
1.477132
 31
0.0
  0
LINE
  5
44D
330
17
100
AcDbEntity
  8
VISTA
100
AcDbLine
 10
562.893864
 20
1.476753
 30
0.0
 11
562.8936395
 21
1.4769425
 31
0.0
  0
LINE
  5
44E
330
17
100
AcDbEntity
  8
VISTA
100
AcDbLine
 10
562.6726135
 20
1.4040275
 30
0.0
 11
562.672803
 21
1.403803
 31
0.0
  0
LINE
  5
44F
330
17
100
AcDbEntity
  8
VISTA
100
AcDbLine
 10
562.6726135
 20
1.4040275
 30
0.0
 11
562.672424
 21
1.404252
 31
0.0
  0
LINE
  5
450
330
17
100
AcDbEntity
  8
VISTA
100
AcDbLine
 10
562.672101
 20
1.405265
 30
0.0
 11
562.672424
 21
1.404252
 31
0.0
  0
LINE
  5
451
330
17
100
AcDbEntity
  8
VISTA
100
AcDbLine
 10
562.672101
 20
1.405265
 30
0.0
 11
562.671778
 21
1.406278
 31
0.0
  0
LINE
  5
452
330
17
100
AcDbEntity
  8
VISTA
100
AcDbLine
 10
562.671778
 20
1.440278
 30
0.0
 11
562.671778
 21
1.406278
 31
0.0
  0
LINE
  5
453
330
17
100
AcDbEntity
  8
VISTA
100
AcDbLine
 10
562.671778
 20
1.440278
 30
0.0
 11
562.671778
 21
1.474278
 31
0.0
  0
LINE
  5
454
330
17
100
AcDbEntity
  8
VISTA
100
AcDbLine
 10
562.672101
 20
1.475291
 30
0.0
 11
562.671778
 21
1.474278
 31
0.0
  0
LINE
  5
455
330
17
100
AcDbEntity
  8
VISTA
100
AcDbLine
 10
562.672101
 20
1.475291
 30
0.0
 11
562.672424
 21
1.476304
 31
0.0
  0
LINE
  5
456
330
17
100
AcDbEntity
  8
VISTA
100
AcDbLine
 10
562.6726135
 20
1.4765285
 30
0.0
 11
562.672424
 21
1.476304
 31
0.0
  0
LINE
  5
457
330
17
100
AcDbEntity
  8
VISTA
100
AcDbLine
 10
562.6726135
 20
1.4765285
 30
0.0
 11
562.672803
 21
1.476753
 31
0.0
  0
LINE
  5
458
330
17
100
AcDbEntity
  8
VISTA
100
AcDbLine
 10
562.893864
 20
1.403803
 30
0.0
 11
562.8940535
 21
1.4040275
 31
0.0
  0
LINE
  5
459
330
17
100
AcDbEntity
  8
VISTA
100
AcDbLine
 10
562.894243
 20
1.404252
 30
0.0
 11
562.8940535
 21
1.4040275
 31
0.0
  0
LINE
  5
45A
330
17
100
AcDbEntity
  8
VISTA
100
AcDbLine
 10
562.894243
 20
1.404252
 30
0.0
 11
562.894566
 21
1.405265
 31
0.0
  0
LINE
  5
45B
330
17
100
AcDbEntity
  8
VISTA
100
AcDbLine
 10
562.894889
 20
1.406278
 30
0.0
 11
562.894566
 21
1.405265
 31
0.0
  0
LINE
  5
45C
330
17
100
AcDbEntity
  8
VISTA
100
AcDbLine
 10
562.894889
 20
1.406278
 30
0.0
 11
562.894889
 21
1.440278
 31
0.0
  0
LINE
  5
45D
330
17
100
AcDbEntity
  8
VISTA
100
AcDbLine
 10
562.894889
 20
1.474278
 30
0.0
 11
562.894889
 21
1.440278
 31
0.0
  0
LINE
  5
45E
330
17
100
AcDbEntity
  8
VISTA
100
AcDbLine
 10
562.894889
 20
1.474278
 30
0.0
 11
562.894566
 21
1.475291
 31
0.0
  0
LINE
  5
45F
330
17
100
AcDbEntity
  8
VISTA
100
AcDbLine
 10
562.894243
 20
1.476304
 30
0.0
 11
562.894566
 21
1.475291
 31
0.0
  0
LINE
  5
460
330
17
100
AcDbEntity
  8
VISTA
100
AcDbLine
 10
562.894243
 20
1.476304
 30
0.0
 11
562.8940535
 21
1.4765285
 31
0.0
  0
LINE
  5
461
330
17
100
AcDbEntity
  8
VISTA
100
AcDbLine
 10
562.893864
 20
1.476753
 30
0.0
 11
562.8940535
 21
1.4765285
 31
0.0
  0
LINE
  5
462
330
17
100
AcDbEntity
  8
VISTA
100
AcDbLine
 10
562.677081
 20
1.473636
 30
0.0
 11
562.677222
 21
1.473578
 31
0.0
  0
LINE
  5
463
330
17
100
AcDbEntity
  8
VISTA
100
AcDbLine
 10
562.677022
 20
1.473778
 30
0.0
 11
562.677081
 21
1.473636
 31
0.0
  0
LINE
  5
464
330
17
100
AcDbEntity
  8
VISTA
100
AcDbLine
 10
562.695364
 20
1.473636
 30
0.0
 11
562.695222
 21
1.473578
 31
0.0
  0
LINE
  5
465
330
17
100
AcDbEntity
  8
VISTA
100
AcDbLine
 10
562.695422
 20
1.473778
 30
0.0
 11
562.695364
 21
1.473636
 31
0.0
  0
LINE
  5
466
330
17
100
AcDbEntity
  8
VISTA
100
AcDbLine
 10
562.695222
 20
1.473578
 30
0.0
 11
562.677222
 21
1.473578
 31
0.0
  0
LINE
  5
467
330
17
100
AcDbEntity
  8
VISTA
100
AcDbLine
 10
562.695422
 20
1.473778
 30
0.0
 11
562.695422
 21
1.477778
 31
0.0
  0
LINE
  5
468
330
17
100
AcDbEntity
  8
VISTA
100
AcDbLine
 10
562.677022
 20
1.473778
 30
0.0
 11
562.677022
 21
1.477778
 31
0.0
  0
LWPOLYLINE
  5
469
330
17
100
AcDbEntity
  8
VISTA
100
AcDbPolyline
 90
9
 70
1
 10
562.695222
 20
1.473778
 10
562.6862220098901
 20
1.473778
 10
562.677222
 20
1.473778
 10
562.677222
 20
1.476777996703293
 10
562.677222
 20
1.479778
 10
562.6862219901099
 20
1.479778
 10
562.695222
 20
1.479778
 10
562.695222
 20
1.476778003296707
 10
562.695222
 20
1.473778
  0
LINE
  5
46A
330
17
100
AcDbEntity
  8
VISTA
100
AcDbLine
 10
562.461692
 20
1.226581
 30
0.0
 11
562.4619165
 21
1.2263915
 31
0.0
  0
LINE
  5
46B
330
17
100
AcDbEntity
  8
VISTA
100
AcDbLine
 10
562.4619165
 20
1.2263915
 30
0.0
 11
562.462141
 21
1.226202
 31
0.0
  0
LINE
  5
46C
330
17
100
AcDbEntity
  8
VISTA
100
AcDbLine
 10
562.462141
 20
1.226202
 30
0.0
 11
562.463154
 21
1.2258790000000002
 31
0.0
  0
LINE
  5
46D
330
17
100
AcDbEntity
  8
VISTA
100
AcDbLine
 10
562.463154
 20
1.2258790000000002
 30
0.0
 11
562.464167
 21
1.225556
 31
0.0
  0
LINE
  5
46E
330
17
100
AcDbEntity
  8
VISTA
100
AcDbLine
 10
562.464167
 20
1.225556
 30
0.0
 11
562.5722225
 21
1.225556
 31
0.0
  0
LINE
  5
46F
330
17
100
AcDbEntity
  8
VISTA
100
AcDbLine
 10
562.5722225
 20
1.225556
 30
0.0
 11
562.680278
 21
1.225556
 31
0.0
  0
LINE
  5
470
330
17
100
AcDbEntity
  8
VISTA
100
AcDbLine
 10
562.680278
 20
1.225556
 30
0.0
 11
562.681291
 21
1.225879
 31
0.0
  0
LINE
  5
471
330
17
100
AcDbEntity
  8
VISTA
100
AcDbLine
 10
562.681291
 20
1.225879
 30
0.0
 11
562.682304
 21
1.226202
 31
0.0
  0
LINE
  5
472
330
17
100
AcDbEntity
  8
VISTA
100
AcDbLine
 10
562.682304
 20
1.226202
 30
0.0
 11
562.6825285
 21
1.2263914999999999
 31
0.0
  0
LINE
  5
473
330
17
100
AcDbEntity
  8
VISTA
100
AcDbLine
 10
562.6825285
 20
1.2263914999999999
 30
0.0
 11
562.682753
 21
1.226581
 31
0.0
  0
LINE
  5
474
330
17
100
AcDbEntity
  8
VISTA
100
AcDbLine
 10
562.4619165
 20
1.2997195
 30
0.0
 11
562.461692
 21
1.29953
 31
0.0
  0
LINE
  5
475
330
17
100
AcDbEntity
  8
VISTA
100
AcDbLine
 10
562.462141
 20
1.299909
 30
0.0
 11
562.4619165
 21
1.2997195
 31
0.0
  0
LINE
  5
476
330
17
100
AcDbEntity
  8
VISTA
100
AcDbLine
 10
562.463154
 20
1.3002325
 30
0.0
 11
562.462141
 21
1.299909
 31
0.0
  0
LINE
  5
477
330
17
100
AcDbEntity
  8
VISTA
100
AcDbLine
 10
562.464167
 20
1.300556
 30
0.0
 11
562.463154
 21
1.3002325
 31
0.0
  0
LINE
  5
478
330
17
100
AcDbEntity
  8
VISTA
100
AcDbLine
 10
562.5722222455291
 20
1.300556
 30
0.0
 11
562.680278
 21
1.300556
 31
0.0
  0
LINE
  5
479
330
17
100
AcDbEntity
  8
VISTA
100
AcDbLine
 10
562.681291
 20
1.3002325000000001
 30
0.0
 11
562.680278
 21
1.300556
 31
0.0
  0
LINE
  5
47A
330
17
100
AcDbEntity
  8
VISTA
100
AcDbLine
 10
562.682304
 20
1.299909
 30
0.0
 11
562.681291
 21
1.3002325000000001
 31
0.0
  0
LINE
  5
47B
330
17
100
AcDbEntity
  8
VISTA
100
AcDbLine
 10
562.6825285
 20
1.2997195000000001
 30
0.0
 11
562.682304
 21
1.299909
 31
0.0
  0
LINE
  5
47C
330
17
100
AcDbEntity
  8
VISTA
100
AcDbLine
 10
562.682753
 20
1.29953
 30
0.0
 11
562.6825285
 21
1.2997195000000001
 31
0.0
  0
LINE
  5
47D
330
17
100
AcDbEntity
  8
VISTA
100
AcDbLine
 10
562.4615025
 20
1.226805
 30
0.0
 11
562.461692
 21
1.226581
 31
0.0
  0
LINE
  5
47E
330
17
100
AcDbEntity
  8
VISTA
100
AcDbLine
 10
562.4615025
 20
1.226805
 30
0.0
 11
562.461313
 21
1.227029
 31
0.0
  0
LINE
  5
47F
330
17
100
AcDbEntity
  8
VISTA
100
AcDbLine
 10
562.46099
 20
1.2280425
 30
0.0
 11
562.461313
 21
1.227029
 31
0.0
  0
LINE
  5
480
330
17
100
AcDbEntity
  8
VISTA
100
AcDbLine
 10
562.46099
 20
1.2280425
 30
0.0
 11
562.460667
 21
1.229056
 31
0.0
  0
LINE
  5
481
330
17
100
AcDbEntity
  8
VISTA
100
AcDbLine
 10
562.460667
 20
1.263056
 30
0.0
 11
562.460667
 21
1.229056
 31
0.0
  0
LINE
  5
482
330
17
100
AcDbEntity
  8
VISTA
100
AcDbLine
 10
562.460667
 20
1.263056
 30
0.0
 11
562.460667
 21
1.297056
 31
0.0
  0
LINE
  5
483
330
17
100
AcDbEntity
  8
VISTA
100
AcDbLine
 10
562.46099
 20
1.298069
 30
0.0
 11
562.460667
 21
1.297056
 31
0.0
  0
LINE
  5
484
330
17
100
AcDbEntity
  8
VISTA
100
AcDbLine
 10
562.46099
 20
1.298069
 30
0.0
 11
562.461313
 21
1.299082
 31
0.0
  0
LINE
  5
485
330
17
100
AcDbEntity
  8
VISTA
100
AcDbLine
 10
562.4615025
 20
1.299306
 30
0.0
 11
562.461313
 21
1.299082
 31
0.0
  0
LINE
  5
486
330
17
100
AcDbEntity
  8
VISTA
100
AcDbLine
 10
562.4615025
 20
1.299306
 30
0.0
 11
562.461692
 21
1.29953
 31
0.0
  0
LINE
  5
487
330
17
100
AcDbEntity
  8
VISTA
100
AcDbLine
 10
562.682753
 20
1.226581
 30
0.0
 11
562.6829425
 21
1.226805
 31
0.0
  0
LINE
  5
488
330
17
100
AcDbEntity
  8
VISTA
100
AcDbLine
 10
562.683132
 20
1.227029
 30
0.0
 11
562.6829425
 21
1.226805
 31
0.0
  0
LINE
  5
489
330
17
100
AcDbEntity
  8
VISTA
100
AcDbLine
 10
562.683132
 20
1.227029
 30
0.0
 11
562.683455
 21
1.2280425
 31
0.0
  0
LINE
  5
48A
330
17
100
AcDbEntity
  8
VISTA
100
AcDbLine
 10
562.683778
 20
1.229056
 30
0.0
 11
562.683455
 21
1.2280425
 31
0.0
  0
LINE
  5
48B
330
17
100
AcDbEntity
  8
VISTA
100
AcDbLine
 10
562.683778
 20
1.229056
 30
0.0
 11
562.683778
 21
1.263056
 31
0.0
  0
LINE
  5
48C
330
17
100
AcDbEntity
  8
VISTA
100
AcDbLine
 10
562.683778
 20
1.297056
 30
0.0
 11
562.683778
 21
1.263056
 31
0.0
  0
LINE
  5
48D
330
17
100
AcDbEntity
  8
VISTA
100
AcDbLine
 10
562.683778
 20
1.297056
 30
0.0
 11
562.683455
 21
1.298069
 31
0.0
  0
LINE
  5
48E
330
17
100
AcDbEntity
  8
VISTA
100
AcDbLine
 10
562.683132
 20
1.299082
 30
0.0
 11
562.683455
 21
1.298069
 31
0.0
  0
LINE
  5
48F
330
17
100
AcDbEntity
  8
VISTA
100
AcDbLine
 10
562.683132
 20
1.299082
 30
0.0
 11
562.6829425
 21
1.299306
 31
0.0
  0
LINE
  5
490
330
17
100
AcDbEntity
  8
VISTA
100
AcDbLine
 10
562.682753
 20
1.29953
 30
0.0
 11
562.6829425
 21
1.299306
 31
0.0
  0
LINE
  5
491
330
17
100
AcDbEntity
  8
VISTA
100
AcDbLine
 10
562.46597
 20
1.296414
 30
0.0
 11
562.466111
 21
1.296356
 31
0.0
  0
LINE
  5
492
330
17
100
AcDbEntity
  8
VISTA
100
AcDbLine
 10
562.465911
 20
1.296556
 30
0.0
 11
562.46597
 21
1.296414
 31
0.0
  0
LINE
  5
493
330
17
100
AcDbEntity
  8
VISTA
100
AcDbLine
 10
562.484252
 20
1.296414
 30
0.0
 11
562.484111
 21
1.296356
 31
0.0
  0
LINE
  5
494
330
17
100
AcDbEntity
  8
VISTA
100
AcDbLine
 10
562.484311
 20
1.296556
 30
0.0
 11
562.484252
 21
1.296414
 31
0.0
  0
LINE
  5
495
330
17
100
AcDbEntity
  8
VISTA
100
AcDbLine
 10
562.484111
 20
1.296356
 30
0.0
 11
562.466111
 21
1.296356
 31
0.0
  0
LINE
  5
496
330
17
100
AcDbEntity
  8
VISTA
100
AcDbLine
 10
562.484311
 20
1.296556
 30
0.0
 11
562.484311
 21
1.300556
 31
0.0
  0
LINE
  5
497
330
17
100
AcDbEntity
  8
VISTA
100
AcDbLine
 10
562.465911
 20
1.296556
 30
0.0
 11
562.465911
 21
1.300556
 31
0.0
  0
LWPOLYLINE
  5
498
330
17
100
AcDbEntity
  8
VISTA
100
AcDbPolyline
 90
9
 70
1
 10
562.484111
 20
1.296556
 10
562.4751110098902
 20
1.296556
 10
562.466111
 20
1.296556
 10
562.466111
 20
1.299555996703293
 10
562.466111
 20
1.302556
 10
562.4751109901099
 20
1.302556
 10
562.484111
 20
1.302556
 10
562.484111
 20
1.299556003296707
 10
562.484111
 20
1.296556
  0
LINE
  5
499
330
17
100
AcDbEntity
  8
VISTA
100
AcDbLine
 10
562.250581
 20
1.049358
 30
0.0
 11
562.250805
 21
1.049169
 31
0.0
  0
LINE
  5
49A
330
17
100
AcDbEntity
  8
VISTA
100
AcDbLine
 10
562.250805
 20
1.049169
 30
0.0
 11
562.251029
 21
1.04898
 31
0.0
  0
LINE
  5
49B
330
17
100
AcDbEntity
  8
VISTA
100
AcDbLine
 10
562.251029
 20
1.04898
 30
0.0
 11
562.2520425
 21
1.0486565
 31
0.0
  0
LINE
  5
49C
330
17
100
AcDbEntity
  8
VISTA
100
AcDbLine
 10
562.2520425
 20
1.0486565
 30
0.0
 11
562.253056
 21
1.048333
 31
0.0
  0
LINE
  5
49D
330
17
100
AcDbEntity
  8
VISTA
100
AcDbLine
 10
562.253056
 20
1.048333
 30
0.0
 11
562.3611115
 21
1.048333
 31
0.0
  0
LINE
  5
49E
330
17
100
AcDbEntity
  8
VISTA
100
AcDbLine
 10
562.3611115
 20
1.048333
 30
0.0
 11
562.469167
 21
1.048333
 31
0.0
  0
LINE
  5
49F
330
17
100
AcDbEntity
  8
VISTA
100
AcDbLine
 10
562.469167
 20
1.048333
 30
0.0
 11
562.47018
 21
1.0486564999999999
 31
0.0
  0
LINE
  5
4A0
330
17
100
AcDbEntity
  8
VISTA
100
AcDbLine
 10
562.47018
 20
1.0486564999999999
 30
0.0
 11
562.471193
 21
1.04898
 31
0.0
  0
LINE
  5
4A1
330
17
100
AcDbEntity
  8
VISTA
100
AcDbLine
 10
562.471193
 20
1.04898
 30
0.0
 11
562.4714175
 21
1.049169
 31
0.0
  0
LINE
  5
4A2
330
17
100
AcDbEntity
  8
VISTA
100
AcDbLine
 10
562.4714175
 20
1.049169
 30
0.0
 11
562.471642
 21
1.049358
 31
0.0
  0
LINE
  5
4A3
330
17
100
AcDbEntity
  8
VISTA
100
AcDbLine
 10
562.250805
 20
1.1224975
 30
0.0
 11
562.250581
 21
1.122308
 31
0.0
  0
LINE
  5
4A4
330
17
100
AcDbEntity
  8
VISTA
100
AcDbLine
 10
562.251029
 20
1.122687
 30
0.0
 11
562.250805
 21
1.1224975
 31
0.0
  0
LINE
  5
4A5
330
17
100
AcDbEntity
  8
VISTA
100
AcDbLine
 10
562.2520425
 20
1.1230099999999998
 30
0.0
 11
562.251029
 21
1.122687
 31
0.0
  0
LINE
  5
4A6
330
17
100
AcDbEntity
  8
VISTA
100
AcDbLine
 10
562.253056
 20
1.123333
 30
0.0
 11
562.2520425
 21
1.1230099999999998
 31
0.0
  0
LINE
  5
4A7
330
17
100
AcDbEntity
  8
VISTA
100
AcDbLine
 10
562.3611112455292
 20
1.123333
 30
0.0
 11
562.469167
 21
1.123333
 31
0.0
  0
LINE
  5
4A8
330
17
100
AcDbEntity
  8
VISTA
100
AcDbLine
 10
562.47018
 20
1.12301
 30
0.0
 11
562.469167
 21
1.123333
 31
0.0
  0
LINE
  5
4A9
330
17
100
AcDbEntity
  8
VISTA
100
AcDbLine
 10
562.471193
 20
1.122687
 30
0.0
 11
562.47018
 21
1.12301
 31
0.0
  0
LINE
  5
4AA
330
17
100
AcDbEntity
  8
VISTA
100
AcDbLine
 10
562.4714175
 20
1.1224975000000001
 30
0.0
 11
562.471193
 21
1.122687
 31
0.0
  0
LINE
  5
4AB
330
17
100
AcDbEntity
  8
VISTA
100
AcDbLine
 10
562.471642
 20
1.122308
 30
0.0
 11
562.4714175
 21
1.1224975000000001
 31
0.0
  0
LINE
  5
4AC
330
17
100
AcDbEntity
  8
VISTA
100
AcDbLine
 10
562.2503915
 20
1.0495824999999999
 30
0.0
 11
562.250581
 21
1.049358
 31
0.0
  0
LINE
  5
4AD
330
17
100
AcDbEntity
  8
VISTA
100
AcDbLine
 10
562.2503915
 20
1.0495824999999999
 30
0.0
 11
562.250202
 21
1.049807
 31
0.0
  0
LINE
  5
4AE
330
17
100
AcDbEntity
  8
VISTA
100
AcDbLine
 10
562.249879
 20
1.0508199999999999
 30
0.0
 11
562.250202
 21
1.049807
 31
0.0
  0
LINE
  5
4AF
330
17
100
AcDbEntity
  8
VISTA
100
AcDbLine
 10
562.249879
 20
1.0508199999999999
 30
0.0
 11
562.249556
 21
1.051833
 31
0.0
  0
LINE
  5
4B0
330
17
100
AcDbEntity
  8
VISTA
100
AcDbLine
 10
562.249556
 20
1.085833
 30
0.0
 11
562.249556
 21
1.051833
 31
0.0
  0
LINE
  5
4B1
330
17
100
AcDbEntity
  8
VISTA
100
AcDbLine
 10
562.249556
 20
1.085833
 30
0.0
 11
562.249556
 21
1.119833
 31
0.0
  0
LINE
  5
4B2
330
17
100
AcDbEntity
  8
VISTA
100
AcDbLine
 10
562.249879
 20
1.1208465
 30
0.0
 11
562.249556
 21
1.119833
 31
0.0
  0
LINE
  5
4B3
330
17
100
AcDbEntity
  8
VISTA
100
AcDbLine
 10
562.249879
 20
1.1208465
 30
0.0
 11
562.250202
 21
1.12186
 31
0.0
  0
LINE
  5
4B4
330
17
100
AcDbEntity
  8
VISTA
100
AcDbLine
 10
562.2503915
 20
1.122084
 30
0.0
 11
562.250202
 21
1.12186
 31
0.0
  0
LINE
  5
4B5
330
17
100
AcDbEntity
  8
VISTA
100
AcDbLine
 10
562.2503915
 20
1.122084
 30
0.0
 11
562.250581
 21
1.122308
 31
0.0
  0
LINE
  5
4B6
330
17
100
AcDbEntity
  8
VISTA
100
AcDbLine
 10
562.471642
 20
1.049358
 30
0.0
 11
562.4718315
 21
1.0495824999999999
 31
0.0
  0
LINE
  5
4B7
330
17
100
AcDbEntity
  8
VISTA
100
AcDbLine
 10
562.472021
 20
1.049807
 30
0.0
 11
562.4718315
 21
1.0495824999999999
 31
0.0
  0
LINE
  5
4B8
330
17
100
AcDbEntity
  8
VISTA
100
AcDbLine
 10
562.472021
 20
1.049807
 30
0.0
 11
562.472344
 21
1.0508199999999999
 31
0.0
  0
LINE
  5
4B9
330
17
100
AcDbEntity
  8
VISTA
100
AcDbLine
 10
562.472667
 20
1.051833
 30
0.0
 11
562.472344
 21
1.0508199999999999
 31
0.0
  0
LINE
  5
4BA
330
17
100
AcDbEntity
  8
VISTA
100
AcDbLine
 10
562.472667
 20
1.051833
 30
0.0
 11
562.472667
 21
1.085833
 31
0.0
  0
LINE
  5
4BB
330
17
100
AcDbEntity
  8
VISTA
100
AcDbLine
 10
562.472667
 20
1.119833
 30
0.0
 11
562.472667
 21
1.085833
 31
0.0
  0
LINE
  5
4BC
330
17
100
AcDbEntity
  8
VISTA
100
AcDbLine
 10
562.472667
 20
1.119833
 30
0.0
 11
562.472344
 21
1.1208465
 31
0.0
  0
LINE
  5
4BD
330
17
100
AcDbEntity
  8
VISTA
100
AcDbLine
 10
562.472021
 20
1.12186
 30
0.0
 11
562.472344
 21
1.1208465
 31
0.0
  0
LINE
  5
4BE
330
17
100
AcDbEntity
  8
VISTA
100
AcDbLine
 10
562.472021
 20
1.12186
 30
0.0
 11
562.4718315
 21
1.122084
 31
0.0
  0
LINE
  5
4BF
330
17
100
AcDbEntity
  8
VISTA
100
AcDbLine
 10
562.471642
 20
1.122308
 30
0.0
 11
562.4718315
 21
1.122084
 31
0.0
  0
LINE
  5
4C0
330
17
100
AcDbEntity
  8
VISTA
100
AcDbLine
 10
562.254858
 20
1.119192
 30
0.0
 11
562.255
 21
1.119133
 31
0.0
  0
LINE
  5
4C1
330
17
100
AcDbEntity
  8
VISTA
100
AcDbLine
 10
562.2548
 20
1.119333
 30
0.0
 11
562.254858
 21
1.119192
 31
0.0
  0
LINE
  5
4C2
330
17
100
AcDbEntity
  8
VISTA
100
AcDbLine
 10
562.273141
 20
1.119192
 30
0.0
 11
562.273
 21
1.119133
 31
0.0
  0
LINE
  5
4C3
330
17
100
AcDbEntity
  8
VISTA
100
AcDbLine
 10
562.2732
 20
1.119333
 30
0.0
 11
562.273141
 21
1.119192
 31
0.0
  0
LINE
  5
4C4
330
17
100
AcDbEntity
  8
VISTA
100
AcDbLine
 10
562.273
 20
1.119133
 30
0.0
 11
562.255
 21
1.119133
 31
0.0
  0
LINE
  5
4C5
330
17
100
AcDbEntity
  8
VISTA
100
AcDbLine
 10
562.2732
 20
1.119333
 30
0.0
 11
562.2732
 21
1.123333
 31
0.0
  0
LINE
  5
4C6
330
17
100
AcDbEntity
  8
VISTA
100
AcDbLine
 10
562.2548
 20
1.119333
 30
0.0
 11
562.2548
 21
1.123333
 31
0.0
  0
LWPOLYLINE
  5
4C7
330
17
100
AcDbEntity
  8
VISTA
100
AcDbPolyline
 90
9
 70
1
 10
562.273
 20
1.119333
 10
562.2640000098901
 20
1.119333
 10
562.255
 20
1.119333
 10
562.255
 20
1.122332996703293
 10
562.255
 20
1.125333
 10
562.2639999901098
 20
1.125333
 10
562.273
 20
1.125333
 10
562.273
 20
1.122333003296707
 10
562.273
 20
1.119333
  0
LINE
  5
4C8
330
17
100
AcDbEntity
  8
VISTA
100
AcDbLine
 10
562.03947
 20
0.872136
 30
0.0
 11
562.039694
 21
0.8719465000000001
 31
0.0
  0
LINE
  5
4C9
330
17
100
AcDbEntity
  8
VISTA
100
AcDbLine
 10
562.039694
 20
0.8719465000000001
 30
0.0
 11
562.039918
 21
0.871757
 31
0.0
  0
LINE
  5
4CA
330
17
100
AcDbEntity
  8
VISTA
100
AcDbLine
 10
562.039918
 20
0.871757
 30
0.0
 11
562.0409315
 21
0.871434
 31
0.0
  0
LINE
  5
4CB
330
17
100
AcDbEntity
  8
VISTA
100
AcDbLine
 10
562.0409315
 20
0.871434
 30
0.0
 11
562.041945
 21
0.871111
 31
0.0
  0
LINE
  5
4CC
330
17
100
AcDbEntity
  8
VISTA
100
AcDbLine
 10
562.041945
 20
0.871111
 30
0.0
 11
562.1500005
 21
0.871111
 31
0.0
  0
LINE
  5
4CD
330
17
100
AcDbEntity
  8
VISTA
100
AcDbLine
 10
562.1500005
 20
0.871111
 30
0.0
 11
562.258056
 21
0.871111
 31
0.0
  0
LINE
  5
4CE
330
17
100
AcDbEntity
  8
VISTA
100
AcDbLine
 10
562.258056
 20
0.871111
 30
0.0
 11
562.259069
 21
0.8714339999999999
 31
0.0
  0
LINE
  5
4CF
330
17
100
AcDbEntity
  8
VISTA
100
AcDbLine
 10
562.259069
 20
0.8714339999999999
 30
0.0
 11
562.260082
 21
0.871757
 31
0.0
  0
LINE
  5
4D0
330
17
100
AcDbEntity
  8
VISTA
100
AcDbLine
 10
562.260082
 20
0.871757
 30
0.0
 11
562.260306
 21
0.8719465
 31
0.0
  0
LINE
  5
4D1
330
17
100
AcDbEntity
  8
VISTA
100
AcDbLine
 10
562.260306
 20
0.8719465
 30
0.0
 11
562.26053
 21
0.872136
 31
0.0
  0
LINE
  5
4D2
330
17
100
AcDbEntity
  8
VISTA
100
AcDbLine
 10
562.039694
 20
0.9452754999999999
 30
0.0
 11
562.03947
 21
0.945086
 31
0.0
  0
LINE
  5
4D3
330
17
100
AcDbEntity
  8
VISTA
100
AcDbLine
 10
562.039918
 20
0.945465
 30
0.0
 11
562.039694
 21
0.9452754999999999
 31
0.0
  0
LINE
  5
4D4
330
17
100
AcDbEntity
  8
VISTA
100
AcDbLine
 10
562.0409315
 20
0.945788
 30
0.0
 11
562.039918
 21
0.945465
 31
0.0
  0
LINE
  5
4D5
330
17
100
AcDbEntity
  8
VISTA
100
AcDbLine
 10
562.041945
 20
0.946111
 30
0.0
 11
562.0409315
 21
0.945788
 31
0.0
  0
LINE
  5
4D6
330
17
100
AcDbEntity
  8
VISTA
100
AcDbLine
 10
562.1500002455291
 20
0.946111
 30
0.0
 11
562.258056
 21
0.946111
 31
0.0
  0
LINE
  5
4D7
330
17
100
AcDbEntity
  8
VISTA
100
AcDbLine
 10
562.259069
 20
0.9457880000000001
 30
0.0
 11
562.258056
 21
0.946111
 31
0.0
  0
LINE
  5
4D8
330
17
100
AcDbEntity
  8
VISTA
100
AcDbLine
 10
562.260082
 20
0.945465
 30
0.0
 11
562.259069
 21
0.9457880000000001
 31
0.0
  0
LINE
  5
4D9
330
17
100
AcDbEntity
  8
VISTA
100
AcDbLine
 10
562.260306
 20
0.9452755
 30
0.0
 11
562.260082
 21
0.945465
 31
0.0
  0
LINE
  5
4DA
330
17
100
AcDbEntity
  8
VISTA
100
AcDbLine
 10
562.26053
 20
0.945086
 30
0.0
 11
562.260306
 21
0.9452755
 31
0.0
  0
LINE
  5
4DB
330
17
100
AcDbEntity
  8
VISTA
100
AcDbLine
 10
562.0392805
 20
0.8723605
 30
0.0
 11
562.03947
 21
0.872136
 31
0.0
  0
LINE
  5
4DC
330
17
100
AcDbEntity
  8
VISTA
100
AcDbLine
 10
562.0392805
 20
0.8723605
 30
0.0
 11
562.039091
 21
0.872585
 31
0.0
  0
LINE
  5
4DD
330
17
100
AcDbEntity
  8
VISTA
100
AcDbLine
 10
562.038768
 20
0.873598
 30
0.0
 11
562.039091
 21
0.872585
 31
0.0
  0
LINE
  5
4DE
330
17
100
AcDbEntity
  8
VISTA
100
AcDbLine
 10
562.038768
 20
0.873598
 30
0.0
 11
562.038445
 21
0.874611
 31
0.0
  0
LINE
  5
4DF
330
17
100
AcDbEntity
  8
VISTA
100
AcDbLine
 10
562.038445
 20
0.908611
 30
0.0
 11
562.038445
 21
0.874611
 31
0.0
  0
LINE
  5
4E0
330
17
100
AcDbEntity
  8
VISTA
100
AcDbLine
 10
562.038445
 20
0.908611
 30
0.0
 11
562.038445
 21
0.942611
 31
0.0
  0
LINE
  5
4E1
330
17
100
AcDbEntity
  8
VISTA
100
AcDbLine
 10
562.038768
 20
0.9436239999999999
 30
0.0
 11
562.038445
 21
0.942611
 31
0.0
  0
LINE
  5
4E2
330
17
100
AcDbEntity
  8
VISTA
100
AcDbLine
 10
562.038768
 20
0.9436239999999999
 30
0.0
 11
562.039091
 21
0.944637
 31
0.0
  0
LINE
  5
4E3
330
17
100
AcDbEntity
  8
VISTA
100
AcDbLine
 10
562.0392805
 20
0.9448614999999999
 30
0.0
 11
562.039091
 21
0.944637
 31
0.0
  0
LINE
  5
4E4
330
17
100
AcDbEntity
  8
VISTA
100
AcDbLine
 10
562.0392805
 20
0.9448614999999999
 30
0.0
 11
562.03947
 21
0.945086
 31
0.0
  0
LINE
  5
4E5
330
17
100
AcDbEntity
  8
VISTA
100
AcDbLine
 10
562.26053
 20
0.872136
 30
0.0
 11
562.26072
 21
0.8723605
 31
0.0
  0
LINE
  5
4E6
330
17
100
AcDbEntity
  8
VISTA
100
AcDbLine
 10
562.26091
 20
0.872585
 30
0.0
 11
562.26072
 21
0.8723605
 31
0.0
  0
LINE
  5
4E7
330
17
100
AcDbEntity
  8
VISTA
100
AcDbLine
 10
562.26091
 20
0.872585
 30
0.0
 11
562.261233
 21
0.873598
 31
0.0
  0
LINE
  5
4E8
330
17
100
AcDbEntity
  8
VISTA
100
AcDbLine
 10
562.261556
 20
0.874611
 30
0.0
 11
562.261233
 21
0.873598
 31
0.0
  0
LINE
  5
4E9
330
17
100
AcDbEntity
  8
VISTA
100
AcDbLine
 10
562.261556
 20
0.874611
 30
0.0
 11
562.261556
 21
0.908611
 31
0.0
  0
LINE
  5
4EA
330
17
100
AcDbEntity
  8
VISTA
100
AcDbLine
 10
562.261556
 20
0.942611
 30
0.0
 11
562.261556
 21
0.908611
 31
0.0
  0
LINE
  5
4EB
330
17
100
AcDbEntity
  8
VISTA
100
AcDbLine
 10
562.261556
 20
0.942611
 30
0.0
 11
562.261233
 21
0.9436239999999999
 31
0.0
  0
LINE
  5
4EC
330
17
100
AcDbEntity
  8
VISTA
100
AcDbLine
 10
562.26091
 20
0.944637
 30
0.0
 11
562.261233
 21
0.9436239999999999
 31
0.0
  0
LINE
  5
4ED
330
17
100
AcDbEntity
  8
VISTA
100
AcDbLine
 10
562.26091
 20
0.944637
 30
0.0
 11
562.26072
 21
0.9448614999999999
 31
0.0
  0
LINE
  5
4EE
330
17
100
AcDbEntity
  8
VISTA
100
AcDbLine
 10
562.26053
 20
0.945086
 30
0.0
 11
562.26072
 21
0.9448614999999999
 31
0.0
  0
LINE
  5
4EF
330
17
100
AcDbEntity
  8
VISTA
100
AcDbLine
 10
562.043747
 20
0.94197
 30
0.0
 11
562.043889
 21
0.941911
 31
0.0
  0
LINE
  5
4F0
330
17
100
AcDbEntity
  8
VISTA
100
AcDbLine
 10
562.043689
 20
0.942111
 30
0.0
 11
562.043747
 21
0.94197
 31
0.0
  0
LINE
  5
4F1
330
17
100
AcDbEntity
  8
VISTA
100
AcDbLine
 10
562.06203
 20
0.94197
 30
0.0
 11
562.061889
 21
0.941911
 31
0.0
  0
LINE
  5
4F2
330
17
100
AcDbEntity
  8
VISTA
100
AcDbLine
 10
562.062089
 20
0.942111
 30
0.0
 11
562.06203
 21
0.94197
 31
0.0
  0
LINE
  5
4F3
330
17
100
AcDbEntity
  8
VISTA
100
AcDbLine
 10
562.061889
 20
0.941911
 30
0.0
 11
562.043889
 21
0.941911
 31
0.0
  0
LINE
  5
4F4
330
17
100
AcDbEntity
  8
VISTA
100
AcDbLine
 10
562.062089
 20
0.942111
 30
0.0
 11
562.062089
 21
0.946111
 31
0.0
  0
LINE
  5
4F5
330
17
100
AcDbEntity
  8
VISTA
100
AcDbLine
 10
562.043689
 20
0.942111
 30
0.0
 11
562.043689
 21
0.946111
 31
0.0
  0
LWPOLYLINE
  5
4F6
330
17
100
AcDbEntity
  8
VISTA
100
AcDbPolyline
 90
9
 70
1
 10
562.061889
 20
0.942111
 10
562.0528890098901
 20
0.942111
 10
562.043889
 20
0.942111
 10
562.043889
 20
0.9451109967032931
 10
562.043889
 20
0.948111
 10
562.0528889901099
 20
0.948111
 10
562.061889
 20
0.948111
 10
562.061889
 20
0.9451110032967069
 10
562.061889
 20
0.942111
  0
LINE
  5
4F7
330
17
100
AcDbEntity
  8
VISTA
100
AcDbLine
 10
561.828359
 20
0.694914
 30
0.0
 11
561.828583
 21
0.6947245000000001
 31
0.0
  0
LINE
  5
4F8
330
17
100
AcDbEntity
  8
VISTA
100
AcDbLine
 10
561.828583
 20
0.6947245000000001
 30
0.0
 11
561.828807
 21
0.694535
 31
0.0
  0
LINE
  5
4F9
330
17
100
AcDbEntity
  8
VISTA
100
AcDbLine
 10
561.828807
 20
0.694535
 30
0.0
 11
561.82982
 21
0.694212
 31
0.0
  0
LINE
  5
4FA
330
17
100
AcDbEntity
  8
VISTA
100
AcDbLine
 10
561.82982
 20
0.694212
 30
0.0
 11
561.830833
 21
0.693889
 31
0.0
  0
LINE
  5
4FB
330
17
100
AcDbEntity
  8
VISTA
100
AcDbLine
 10
561.830833
 20
0.693889
 30
0.0
 11
561.9388885
 21
0.693889
 31
0.0
  0
LINE
  5
4FC
330
17
100
AcDbEntity
  8
VISTA
100
AcDbLine
 10
561.9388885
 20
0.693889
 30
0.0
 11
562.046944
 21
0.693889
 31
0.0
  0
LINE
  5
4FD
330
17
100
AcDbEntity
  8
VISTA
100
AcDbLine
 10
562.046944
 20
0.693889
 30
0.0
 11
562.0479575
 21
0.6942119999999999
 31
0.0
  0
LINE
  5
4FE
330
17
100
AcDbEntity
  8
VISTA
100
AcDbLine
 10
562.0479575
 20
0.6942119999999999
 30
0.0
 11
562.048971
 21
0.694535
 31
0.0
  0
LINE
  5
4FF
330
17
100
AcDbEntity
  8
VISTA
100
AcDbLine
 10
562.048971
 20
0.694535
 30
0.0
 11
562.049195
 21
0.6947245
 31
0.0
  0
LINE
  5
500
330
17
100
AcDbEntity
  8
VISTA
100
AcDbLine
 10
562.049195
 20
0.6947245
 30
0.0
 11
562.049419
 21
0.694914
 31
0.0
  0
LINE
  5
501
330
17
100
AcDbEntity
  8
VISTA
100
AcDbLine
 10
561.828583
 20
0.7680535
 30
0.0
 11
561.828359
 21
0.767864
 31
0.0
  0
LINE
  5
502
330
17
100
AcDbEntity
  8
VISTA
100
AcDbLine
 10
561.828807
 20
0.768243
 30
0.0
 11
561.828583
 21
0.7680535
 31
0.0
  0
LINE
  5
503
330
17
100
AcDbEntity
  8
VISTA
100
AcDbLine
 10
561.82982
 20
0.768566
 30
0.0
 11
561.828807
 21
0.768243
 31
0.0
  0
LINE
  5
504
330
17
100
AcDbEntity
  8
VISTA
100
AcDbLine
 10
561.830833
 20
0.768889
 30
0.0
 11
561.82982
 21
0.768566
 31
0.0
  0
LINE
  5
505
330
17
100
AcDbEntity
  8
VISTA
100
AcDbLine
 10
561.9388887969268
 20
0.768889
 30
0.0
 11
562.046944
 21
0.768889
 31
0.0
  0
LINE
  5
506
330
17
100
AcDbEntity
  8
VISTA
100
AcDbLine
 10
562.0479575
 20
0.7685660000000001
 30
0.0
 11
562.046944
 21
0.768889
 31
0.0
  0
LINE
  5
507
330
17
100
AcDbEntity
  8
VISTA
100
AcDbLine
 10
562.048971
 20
0.768243
 30
0.0
 11
562.0479575
 21
0.7685660000000001
 31
0.0
  0
LINE
  5
508
330
17
100
AcDbEntity
  8
VISTA
100
AcDbLine
 10
562.049195
 20
0.7680535000000001
 30
0.0
 11
562.048971
 21
0.768243
 31
0.0
  0
LINE
  5
509
330
17
100
AcDbEntity
  8
VISTA
100
AcDbLine
 10
562.049419
 20
0.767864
 30
0.0
 11
562.049195
 21
0.7680535000000001
 31
0.0
  0
LINE
  5
50A
330
17
100
AcDbEntity
  8
VISTA
100
AcDbLine
 10
561.8281695
 20
0.6951385
 30
0.0
 11
561.828359
 21
0.694914
 31
0.0
  0
LINE
  5
50B
330
17
100
AcDbEntity
  8
VISTA
100
AcDbLine
 10
561.8281695
 20
0.6951385
 30
0.0
 11
561.82798
 21
0.695363
 31
0.0
  0
LINE
  5
50C
330
17
100
AcDbEntity
  8
VISTA
100
AcDbLine
 10
561.8276565
 20
0.696376
 30
0.0
 11
561.82798
 21
0.695363
 31
0.0
  0
LINE
  5
50D
330
17
100
AcDbEntity
  8
VISTA
100
AcDbLine
 10
561.8276565
 20
0.696376
 30
0.0
 11
561.827333
 21
0.697389
 31
0.0
  0
LINE
  5
50E
330
17
100
AcDbEntity
  8
VISTA
100
AcDbLine
 10
561.827333
 20
0.731389
 30
0.0
 11
561.827333
 21
0.697389
 31
0.0
  0
LINE
  5
50F
330
17
100
AcDbEntity
  8
VISTA
100
AcDbLine
 10
561.827333
 20
0.731389
 30
0.0
 11
561.827333
 21
0.765389
 31
0.0
  0
LINE
  5
510
330
17
100
AcDbEntity
  8
VISTA
100
AcDbLine
 10
561.8276565
 20
0.7664019999999999
 30
0.0
 11
561.827333
 21
0.765389
 31
0.0
  0
LINE
  5
511
330
17
100
AcDbEntity
  8
VISTA
100
AcDbLine
 10
561.8276565
 20
0.7664019999999999
 30
0.0
 11
561.82798
 21
0.767415
 31
0.0
  0
LINE
  5
512
330
17
100
AcDbEntity
  8
VISTA
100
AcDbLine
 10
561.8281695
 20
0.7676394999999999
 30
0.0
 11
561.82798
 21
0.767415
 31
0.0
  0
LINE
  5
513
330
17
100
AcDbEntity
  8
VISTA
100
AcDbLine
 10
561.8281695
 20
0.7676394999999999
 30
0.0
 11
561.828359
 21
0.767864
 31
0.0
  0
LINE
  5
514
330
17
100
AcDbEntity
  8
VISTA
100
AcDbLine
 10
562.049419
 20
0.694914
 30
0.0
 11
562.0496085
 21
0.6951385
 31
0.0
  0
LINE
  5
515
330
17
100
AcDbEntity
  8
VISTA
100
AcDbLine
 10
562.049798
 20
0.695363
 30
0.0
 11
562.0496085
 21
0.6951385
 31
0.0
  0
LINE
  5
516
330
17
100
AcDbEntity
  8
VISTA
100
AcDbLine
 10
562.049798
 20
0.695363
 30
0.0
 11
562.050121
 21
0.696376
 31
0.0
  0
LINE
  5
517
330
17
100
AcDbEntity
  8
VISTA
100
AcDbLine
 10
562.050444
 20
0.697389
 30
0.0
 11
562.050121
 21
0.696376
 31
0.0
  0
LINE
  5
518
330
17
100
AcDbEntity
  8
VISTA
100
AcDbLine
 10
562.050444
 20
0.697389
 30
0.0
 11
562.050444
 21
0.731389
 31
0.0
  0
LINE
  5
519
330
17
100
AcDbEntity
  8
VISTA
100
AcDbLine
 10
562.050444
 20
0.765389
 30
0.0
 11
562.050444
 21
0.731389
 31
0.0
  0
LINE
  5
51A
330
17
100
AcDbEntity
  8
VISTA
100
AcDbLine
 10
562.050444
 20
0.765389
 30
0.0
 11
562.050121
 21
0.7664019999999999
 31
0.0
  0
LINE
  5
51B
330
17
100
AcDbEntity
  8
VISTA
100
AcDbLine
 10
562.049798
 20
0.767415
 30
0.0
 11
562.050121
 21
0.7664019999999999
 31
0.0
  0
LINE
  5
51C
330
17
100
AcDbEntity
  8
VISTA
100
AcDbLine
 10
562.049798
 20
0.767415
 30
0.0
 11
562.0496085
 21
0.7676394999999999
 31
0.0
  0
LINE
  5
51D
330
17
100
AcDbEntity
  8
VISTA
100
AcDbLine
 10
562.049419
 20
0.767864
 30
0.0
 11
562.0496085
 21
0.7676394999999999
 31
0.0
  0
LINE
  5
51E
330
17
100
AcDbEntity
  8
VISTA
100
AcDbLine
 10
561.832636
 20
0.764748
 30
0.0
 11
561.832778
 21
0.764689
 31
0.0
  0
LINE
  5
51F
330
17
100
AcDbEntity
  8
VISTA
100
AcDbLine
 10
561.832578
 20
0.764889
 30
0.0
 11
561.832636
 21
0.764748
 31
0.0
  0
LINE
  5
520
330
17
100
AcDbEntity
  8
VISTA
100
AcDbLine
 10
561.850919
 20
0.764748
 30
0.0
 11
561.850778
 21
0.764689
 31
0.0
  0
LINE
  5
521
330
17
100
AcDbEntity
  8
VISTA
100
AcDbLine
 10
561.850978
 20
0.764889
 30
0.0
 11
561.850919
 21
0.764748
 31
0.0
  0
LINE
  5
522
330
17
100
AcDbEntity
  8
VISTA
100
AcDbLine
 10
561.850778
 20
0.764689
 30
0.0
 11
561.832778
 21
0.764689
 31
0.0
  0
LINE
  5
523
330
17
100
AcDbEntity
  8
VISTA
100
AcDbLine
 10
561.850978
 20
0.764889
 30
0.0
 11
561.850978
 21
0.768889
 31
0.0
  0
LINE
  5
524
330
17
100
AcDbEntity
  8
VISTA
100
AcDbLine
 10
561.832578
 20
0.764889
 30
0.0
 11
561.832578
 21
0.768889
 31
0.0
  0
LWPOLYLINE
  5
525
330
17
100
AcDbEntity
  8
VISTA
100
AcDbPolyline
 90
9
 70
1
 10
561.850778
 20
0.764889
 10
561.8417780098902
 20
0.764889
 10
561.832778
 20
0.764889
 10
561.832778
 20
0.7678889967032931
 10
561.832778
 20
0.770889
 10
561.8417779901099
 20
0.770889
 10
561.850778
 20
0.770889
 10
561.850778
 20
0.767889003296707
 10
561.850778
 20
0.764889
  0
LINE
  5
526
330
17
100
AcDbEntity
  8
VISTA
100
AcDbLine
 10
561.617247
 20
0.517692
 30
0.0
 11
561.6174715
 21
0.5175025000000001
 31
0.0
  0
LINE
  5
527
330
17
100
AcDbEntity
  8
VISTA
100
AcDbLine
 10
561.6174715
 20
0.5175025000000001
 30
0.0
 11
561.617696
 21
0.517313
 31
0.0
  0
LINE
  5
528
330
17
100
AcDbEntity
  8
VISTA
100
AcDbLine
 10
561.617696
 20
0.517313
 30
0.0
 11
561.618709
 21
0.5169900000000001
 31
0.0
  0
LINE
  5
529
330
17
100
AcDbEntity
  8
VISTA
100
AcDbLine
 10
561.618709
 20
0.5169900000000001
 30
0.0
 11
561.619722
 21
0.516667
 31
0.0
  0
LINE
  5
52A
330
17
100
AcDbEntity
  8
VISTA
100
AcDbLine
 10
561.619722
 20
0.516667
 30
0.0
 11
561.7277775
 21
0.516667
 31
0.0
  0
LINE
  5
52B
330
17
100
AcDbEntity
  8
VISTA
100
AcDbLine
 10
561.7277775
 20
0.516667
 30
0.0
 11
561.835833
 21
0.516667
 31
0.0
  0
LINE
  5
52C
330
17
100
AcDbEntity
  8
VISTA
100
AcDbLine
 10
561.835833
 20
0.516667
 30
0.0
 11
561.8368465
 21
0.51699
 31
0.0
  0
LINE
  5
52D
330
17
100
AcDbEntity
  8
VISTA
100
AcDbLine
 10
561.8368465
 20
0.51699
 30
0.0
 11
561.83786
 21
0.517313
 31
0.0
  0
LINE
  5
52E
330
17
100
AcDbEntity
  8
VISTA
100
AcDbLine
 10
561.83786
 20
0.517313
 30
0.0
 11
561.838084
 21
0.5175025
 31
0.0
  0
LINE
  5
52F
330
17
100
AcDbEntity
  8
VISTA
100
AcDbLine
 10
561.838084
 20
0.5175025
 30
0.0
 11
561.838308
 21
0.517692
 31
0.0
  0
LINE
  5
530
330
17
100
AcDbEntity
  8
VISTA
100
AcDbLine
 10
561.6174715
 20
0.5908315
 30
0.0
 11
561.617247
 21
0.590642
 31
0.0
  0
LINE
  5
531
330
17
100
AcDbEntity
  8
VISTA
100
AcDbLine
 10
561.617696
 20
0.591021
 30
0.0
 11
561.6174715
 21
0.5908315
 31
0.0
  0
LINE
  5
532
330
17
100
AcDbEntity
  8
VISTA
100
AcDbLine
 10
561.618709
 20
0.591344
 30
0.0
 11
561.617696
 21
0.591021
 31
0.0
  0
LINE
  5
533
330
17
100
AcDbEntity
  8
VISTA
100
AcDbLine
 10
561.619722
 20
0.591667
 30
0.0
 11
561.618709
 21
0.591344
 31
0.0
  0
LINE
  5
534
330
17
100
AcDbEntity
  8
VISTA
100
AcDbLine
 10
561.7277777969268
 20
0.591667
 30
0.0
 11
561.835833
 21
0.591667
 31
0.0
  0
LINE
  5
535
330
17
100
AcDbEntity
  8
VISTA
100
AcDbLine
 10
561.8368465
 20
0.5913440000000001
 30
0.0
 11
561.835833
 21
0.591667
 31
0.0
  0
LINE
  5
536
330
17
100
AcDbEntity
  8
VISTA
100
AcDbLine
 10
561.83786
 20
0.591021
 30
0.0
 11
561.8368465
 21
0.5913440000000001
 31
0.0
  0
LINE
  5
537
330
17
100
AcDbEntity
  8
VISTA
100
AcDbLine
 10
561.838084
 20
0.5908315000000001
 30
0.0
 11
561.83786
 21
0.591021
 31
0.0
  0
LINE
  5
538
330
17
100
AcDbEntity
  8
VISTA
100
AcDbLine
 10
561.838308
 20
0.590642
 30
0.0
 11
561.838084
 21
0.5908315000000001
 31
0.0
  0
LINE
  5
539
330
17
100
AcDbEntity
  8
VISTA
100
AcDbLine
 10
561.6170575
 20
0.517916
 30
0.0
 11
561.617247
 21
0.517692
 31
0.0
  0
LINE
  5
53A
330
17
100
AcDbEntity
  8
VISTA
100
AcDbLine
 10
561.6170575
 20
0.517916
 30
0.0
 11
561.616868
 21
0.51814
 31
0.0
  0
LINE
  5
53B
330
17
100
AcDbEntity
  8
VISTA
100
AcDbLine
 10
561.616545
 20
0.5191535
 30
0.0
 11
561.616868
 21
0.51814
 31
0.0
  0
LINE
  5
53C
330
17
100
AcDbEntity
  8
VISTA
100
AcDbLine
 10
561.616545
 20
0.5191535
 30
0.0
 11
561.616222
 21
0.520167
 31
0.0
  0
LINE
  5
53D
330
17
100
AcDbEntity
  8
VISTA
100
AcDbLine
 10
561.616222
 20
0.554167
 30
0.0
 11
561.616222
 21
0.520167
 31
0.0
  0
LINE
  5
53E
330
17
100
AcDbEntity
  8
VISTA
100
AcDbLine
 10
561.616222
 20
0.554167
 30
0.0
 11
561.616222
 21
0.588167
 31
0.0
  0
LINE
  5
53F
330
17
100
AcDbEntity
  8
VISTA
100
AcDbLine
 10
561.616545
 20
0.5891799999999999
 30
0.0
 11
561.616222
 21
0.588167
 31
0.0
  0
LINE
  5
540
330
17
100
AcDbEntity
  8
VISTA
100
AcDbLine
 10
561.616545
 20
0.5891799999999999
 30
0.0
 11
561.616868
 21
0.590193
 31
0.0
  0
LINE
  5
541
330
17
100
AcDbEntity
  8
VISTA
100
AcDbLine
 10
561.6170575
 20
0.5904174999999999
 30
0.0
 11
561.616868
 21
0.590193
 31
0.0
  0
LINE
  5
542
330
17
100
AcDbEntity
  8
VISTA
100
AcDbLine
 10
561.6170575
 20
0.5904174999999999
 30
0.0
 11
561.617247
 21
0.590642
 31
0.0
  0
LINE
  5
543
330
17
100
AcDbEntity
  8
VISTA
100
AcDbLine
 10
561.838308
 20
0.517692
 30
0.0
 11
561.8384975
 21
0.517916
 31
0.0
  0
LINE
  5
544
330
17
100
AcDbEntity
  8
VISTA
100
AcDbLine
 10
561.838687
 20
0.51814
 30
0.0
 11
561.8384975
 21
0.517916
 31
0.0
  0
LINE
  5
545
330
17
100
AcDbEntity
  8
VISTA
100
AcDbLine
 10
561.838687
 20
0.51814
 30
0.0
 11
561.83901
 21
0.5191535
 31
0.0
  0
LINE
  5
546
330
17
100
AcDbEntity
  8
VISTA
100
AcDbLine
 10
561.839333
 20
0.520167
 30
0.0
 11
561.83901
 21
0.5191535
 31
0.0
  0
LINE
  5
547
330
17
100
AcDbEntity
  8
VISTA
100
AcDbLine
 10
561.839333
 20
0.520167
 30
0.0
 11
561.839333
 21
0.554167
 31
0.0
  0
LINE
  5
548
330
17
100
AcDbEntity
  8
VISTA
100
AcDbLine
 10
561.839333
 20
0.588167
 30
0.0
 11
561.839333
 21
0.554167
 31
0.0
  0
LINE
  5
549
330
17
100
AcDbEntity
  8
VISTA
100
AcDbLine
 10
561.839333
 20
0.588167
 30
0.0
 11
561.83901
 21
0.5891799999999999
 31
0.0
  0
LINE
  5
54A
330
17
100
AcDbEntity
  8
VISTA
100
AcDbLine
 10
561.838687
 20
0.590193
 30
0.0
 11
561.83901
 21
0.5891799999999999
 31
0.0
  0
LINE
  5
54B
330
17
100
AcDbEntity
  8
VISTA
100
AcDbLine
 10
561.838687
 20
0.590193
 30
0.0
 11
561.8384975
 21
0.5904174999999999
 31
0.0
  0
LINE
  5
54C
330
17
100
AcDbEntity
  8
VISTA
100
AcDbLine
 10
561.838308
 20
0.590642
 30
0.0
 11
561.8384975
 21
0.5904174999999999
 31
0.0
  0
LINE
  5
54D
330
17
100
AcDbEntity
  8
VISTA
100
AcDbLine
 10
561.621525
 20
0.587525
 30
0.0
 11
561.621667
 21
0.587467
 31
0.0
  0
LINE
  5
54E
330
17
100
AcDbEntity
  8
VISTA
100
AcDbLine
 10
561.621467
 20
0.587667
 30
0.0
 11
561.621525
 21
0.587525
 31
0.0
  0
LINE
  5
54F
330
17
100
AcDbEntity
  8
VISTA
100
AcDbLine
 10
561.639808
 20
0.587525
 30
0.0
 11
561.639667
 21
0.587467
 31
0.0
  0
LINE
  5
550
330
17
100
AcDbEntity
  8
VISTA
100
AcDbLine
 10
561.639867
 20
0.587667
 30
0.0
 11
561.639808
 21
0.587525
 31
0.0
  0
LINE
  5
551
330
17
100
AcDbEntity
  8
VISTA
100
AcDbLine
 10
561.639667
 20
0.587467
 30
0.0
 11
561.621667
 21
0.587467
 31
0.0
  0
LINE
  5
552
330
17
100
AcDbEntity
  8
VISTA
100
AcDbLine
 10
561.639867
 20
0.587667
 30
0.0
 11
561.639867
 21
0.591667
 31
0.0
  0
LINE
  5
553
330
17
100
AcDbEntity
  8
VISTA
100
AcDbLine
 10
561.621467
 20
0.587667
 30
0.0
 11
561.621467
 21
0.591667
 31
0.0
  0
LWPOLYLINE
  5
554
330
17
100
AcDbEntity
  8
VISTA
100
AcDbPolyline
 90
9
 70
1
 10
561.639667
 20
0.587667
 10
561.6306670098901
 20
0.587667
 10
561.621667
 20
0.587667
 10
561.621667
 20
0.590666996703293
 10
561.621667
 20
0.593667
 10
561.6306669901098
 20
0.593667
 10
561.639667
 20
0.593667
 10
561.639667
 20
0.590667003296707
 10
561.639667
 20
0.587667
  0
LINE
  5
555
330
17
100
AcDbEntity
  8
VISTA
100
AcDbLine
 10
561.406136
 20
0.34047
 30
0.0
 11
561.4063605
 21
0.3402805
 31
0.0
  0
LINE
  5
556
330
17
100
AcDbEntity
  8
VISTA
100
AcDbLine
 10
561.4063605
 20
0.3402805
 30
0.0
 11
561.406585
 21
0.340091
 31
0.0
  0
LINE
  5
557
330
17
100
AcDbEntity
  8
VISTA
100
AcDbLine
 10
561.406585
 20
0.340091
 30
0.0
 11
561.407598
 21
0.3397675
 31
0.0
  0
LINE
  5
558
330
17
100
AcDbEntity
  8
VISTA
100
AcDbLine
 10
561.407598
 20
0.3397675
 30
0.0
 11
561.408611
 21
0.339444
 31
0.0
  0
LINE
  5
559
330
17
100
AcDbEntity
  8
VISTA
100
AcDbLine
 10
561.408611
 20
0.339444
 30
0.0
 11
561.5166665
 21
0.339444
 31
0.0
  0
LINE
  5
55A
330
17
100
AcDbEntity
  8
VISTA
100
AcDbLine
 10
561.5166665
 20
0.339444
 30
0.0
 11
561.624722
 21
0.339444
 31
0.0
  0
LINE
  5
55B
330
17
100
AcDbEntity
  8
VISTA
100
AcDbLine
 10
561.624722
 20
0.339444
 30
0.0
 11
561.625735
 21
0.3397675
 31
0.0
  0
LINE
  5
55C
330
17
100
AcDbEntity
  8
VISTA
100
AcDbLine
 10
561.625735
 20
0.3397675
 30
0.0
 11
561.626748
 21
0.340091
 31
0.0
  0
LINE
  5
55D
330
17
100
AcDbEntity
  8
VISTA
100
AcDbLine
 10
561.626748
 20
0.340091
 30
0.0
 11
561.6269725
 21
0.3402805
 31
0.0
  0
LINE
  5
55E
330
17
100
AcDbEntity
  8
VISTA
100
AcDbLine
 10
561.6269725
 20
0.3402805
 30
0.0
 11
561.627197
 21
0.34047
 31
0.0
  0
LINE
  5
55F
330
17
100
AcDbEntity
  8
VISTA
100
AcDbLine
 10
561.4063605
 20
0.4136085
 30
0.0
 11
561.406136
 21
0.413419
 31
0.0
  0
LINE
  5
560
330
17
100
AcDbEntity
  8
VISTA
100
AcDbLine
 10
561.406585
 20
0.413798
 30
0.0
 11
561.4063605
 21
0.4136085
 31
0.0
  0
LINE
  5
561
330
17
100
AcDbEntity
  8
VISTA
100
AcDbLine
 10
561.407598
 20
0.41412099999999996
 30
0.0
 11
561.406585
 21
0.413798
 31
0.0
  0
LINE
  5
562
330
17
100
AcDbEntity
  8
VISTA
100
AcDbLine
 10
561.408611
 20
0.414444
 30
0.0
 11
561.407598
 21
0.41412099999999996
 31
0.0
  0
LINE
  5
563
330
17
100
AcDbEntity
  8
VISTA
100
AcDbLine
 10
561.5166667969269
 20
0.414444
 30
0.0
 11
561.624722
 21
0.414444
 31
0.0
  0
LINE
  5
564
330
17
100
AcDbEntity
  8
VISTA
100
AcDbLine
 10
561.625735
 20
0.414121
 30
0.0
 11
561.624722
 21
0.414444
 31
0.0
  0
LINE
  5
565
330
17
100
AcDbEntity
  8
VISTA
100
AcDbLine
 10
561.626748
 20
0.413798
 30
0.0
 11
561.625735
 21
0.414121
 31
0.0
  0
LINE
  5
566
330
17
100
AcDbEntity
  8
VISTA
100
AcDbLine
 10
561.6269725
 20
0.4136085
 30
0.0
 11
561.626748
 21
0.413798
 31
0.0
  0
LINE
  5
567
330
17
100
AcDbEntity
  8
VISTA
100
AcDbLine
 10
561.627197
 20
0.413419
 30
0.0
 11
561.6269725
 21
0.4136085
 31
0.0
  0
LINE
  5
568
330
17
100
AcDbEntity
  8
VISTA
100
AcDbLine
 10
561.4059465
 20
0.340694
 30
0.0
 11
561.406136
 21
0.34047
 31
0.0
  0
LINE
  5
569
330
17
100
AcDbEntity
  8
VISTA
100
AcDbLine
 10
561.4059465
 20
0.340694
 30
0.0
 11
561.405757
 21
0.340918
 31
0.0
  0
LINE
  5
56A
330
17
100
AcDbEntity
  8
VISTA
100
AcDbLine
 10
561.405434
 20
0.341931
 30
0.0
 11
561.405757
 21
0.340918
 31
0.0
  0
LINE
  5
56B
330
17
100
AcDbEntity
  8
VISTA
100
AcDbLine
 10
561.405434
 20
0.341931
 30
0.0
 11
561.405111
 21
0.342944
 31
0.0
  0
LINE
  5
56C
330
17
100
AcDbEntity
  8
VISTA
100
AcDbLine
 10
561.405111
 20
0.37694399999999995
 30
0.0
 11
561.405111
 21
0.342944
 31
0.0
  0
LINE
  5
56D
330
17
100
AcDbEntity
  8
VISTA
100
AcDbLine
 10
561.405111
 20
0.37694399999999995
 30
0.0
 11
561.405111
 21
0.410944
 31
0.0
  0
LINE
  5
56E
330
17
100
AcDbEntity
  8
VISTA
100
AcDbLine
 10
561.405434
 20
0.4119575
 30
0.0
 11
561.405111
 21
0.410944
 31
0.0
  0
LINE
  5
56F
330
17
100
AcDbEntity
  8
VISTA
100
AcDbLine
 10
561.405434
 20
0.4119575
 30
0.0
 11
561.405757
 21
0.412971
 31
0.0
  0
LINE
  5
570
330
17
100
AcDbEntity
  8
VISTA
100
AcDbLine
 10
561.4059465
 20
0.413195
 30
0.0
 11
561.405757
 21
0.412971
 31
0.0
  0
LINE
  5
571
330
17
100
AcDbEntity
  8
VISTA
100
AcDbLine
 10
561.4059465
 20
0.413195
 30
0.0
 11
561.406136
 21
0.413419
 31
0.0
  0
LINE
  5
572
330
17
100
AcDbEntity
  8
VISTA
100
AcDbLine
 10
561.627197
 20
0.34047
 30
0.0
 11
561.6273865
 21
0.340694
 31
0.0
  0
LINE
  5
573
330
17
100
AcDbEntity
  8
VISTA
100
AcDbLine
 10
561.627576
 20
0.340918
 30
0.0
 11
561.6273865
 21
0.340694
 31
0.0
  0
LINE
  5
574
330
17
100
AcDbEntity
  8
VISTA
100
AcDbLine
 10
561.627576
 20
0.340918
 30
0.0
 11
561.627899
 21
0.341931
 31
0.0
  0
LINE
  5
575
330
17
100
AcDbEntity
  8
VISTA
100
AcDbLine
 10
561.628222
 20
0.342944
 30
0.0
 11
561.627899
 21
0.341931
 31
0.0
  0
LINE
  5
576
330
17
100
AcDbEntity
  8
VISTA
100
AcDbLine
 10
561.628222
 20
0.342944
 30
0.0
 11
561.628222
 21
0.37694399999999995
 31
0.0
  0
LINE
  5
577
330
17
100
AcDbEntity
  8
VISTA
100
AcDbLine
 10
561.628222
 20
0.410944
 30
0.0
 11
561.628222
 21
0.37694399999999995
 31
0.0
  0
LINE
  5
578
330
17
100
AcDbEntity
  8
VISTA
100
AcDbLine
 10
561.628222
 20
0.410944
 30
0.0
 11
561.627899
 21
0.4119575
 31
0.0
  0
LINE
  5
579
330
17
100
AcDbEntity
  8
VISTA
100
AcDbLine
 10
561.627576
 20
0.412971
 30
0.0
 11
561.627899
 21
0.4119575
 31
0.0
  0
LINE
  5
57A
330
17
100
AcDbEntity
  8
VISTA
100
AcDbLine
 10
561.627576
 20
0.412971
 30
0.0
 11
561.6273865000001
 21
0.413195
 31
0.0
  0
LINE
  5
57B
330
17
100
AcDbEntity
  8
VISTA
100
AcDbLine
 10
561.627197
 20
0.413419
 30
0.0
 11
561.6273865000001
 21
0.413195
 31
0.0
  0
LINE
  5
57C
330
17
100
AcDbEntity
  8
VISTA
100
AcDbLine
 10
561.410414
 20
0.410303
 30
0.0
 11
561.410556
 21
0.410244
 31
0.0
  0
LINE
  5
57D
330
17
100
AcDbEntity
  8
VISTA
100
AcDbLine
 10
561.410356
 20
0.410444
 30
0.0
 11
561.410414
 21
0.410303
 31
0.0
  0
LINE
  5
57E
330
17
100
AcDbEntity
  8
VISTA
100
AcDbLine
 10
561.428697
 20
0.410303
 30
0.0
 11
561.428555
 21
0.410244
 31
0.0
  0
LINE
  5
57F
330
17
100
AcDbEntity
  8
VISTA
100
AcDbLine
 10
561.428756
 20
0.410444
 30
0.0
 11
561.428697
 21
0.410303
 31
0.0
  0
LINE
  5
580
330
17
100
AcDbEntity
  8
VISTA
100
AcDbLine
 10
561.428555
 20
0.410244
 30
0.0
 11
561.410556
 21
0.410244
 31
0.0
  0
LINE
  5
581
330
17
100
AcDbEntity
  8
VISTA
100
AcDbLine
 10
561.428756
 20
0.410444
 30
0.0
 11
561.428756
 21
0.414444
 31
0.0
  0
LINE
  5
582
330
17
100
AcDbEntity
  8
VISTA
100
AcDbLine
 10
561.410356
 20
0.410444
 30
0.0
 11
561.410356
 21
0.414444
 31
0.0
  0
LWPOLYLINE
  5
583
330
17
100
AcDbEntity
  8
VISTA
100
AcDbPolyline
 90
9
 70
1
 10
561.428555
 20
0.410444
 10
561.4195555098896
 20
0.410444
 10
561.410556
 20
0.410444
 10
561.410556
 20
0.41344399670329307
 10
561.410556
 20
0.416444
 10
561.4195554901104
 20
0.416444
 10
561.428555
 20
0.416444
 10
561.428555
 20
0.4134440032967069
 10
561.428555
 20
0.410444
  0
LINE
  5
584
330
17
100
AcDbEntity
  8
VISTA
100
AcDbLine
 10
561.195025
 20
0.163247
 30
0.0
 11
561.1952495
 21
0.16305750000000002
 31
0.0
  0
LINE
  5
585
330
17
100
AcDbEntity
  8
VISTA
100
AcDbLine
 10
561.1952495
 20
0.16305750000000002
 30
0.0
 11
561.195474
 21
0.162868
 31
0.0
  0
LINE
  5
586
330
17
100
AcDbEntity
  8
VISTA
100
AcDbLine
 10
561.195474
 20
0.162868
 30
0.0
 11
561.196487
 21
0.16254500000000002
 31
0.0
  0
LINE
  5
587
330
17
100
AcDbEntity
  8
VISTA
100
AcDbLine
 10
561.196487
 20
0.16254500000000002
 30
0.0
 11
561.1975
 21
0.162222
 31
0.0
  0
LINE
  5
588
330
17
100
AcDbEntity
  8
VISTA
100
AcDbLine
 10
561.1975
 20
0.162222
 30
0.0
 11
561.3055555
 21
0.162222
 31
0.0
  0
LINE
  5
589
330
17
100
AcDbEntity
  8
VISTA
100
AcDbLine
 10
561.3055555
 20
0.162222
 30
0.0
 11
561.413611
 21
0.162222
 31
0.0
  0
LINE
  5
58A
330
17
100
AcDbEntity
  8
VISTA
100
AcDbLine
 10
561.413611
 20
0.162222
 30
0.0
 11
561.414624
 21
0.162545
 31
0.0
  0
LINE
  5
58B
330
17
100
AcDbEntity
  8
VISTA
100
AcDbLine
 10
561.414624
 20
0.162545
 30
0.0
 11
561.415637
 21
0.162868
 31
0.0
  0
LINE
  5
58C
330
17
100
AcDbEntity
  8
VISTA
100
AcDbLine
 10
561.415637
 20
0.162868
 30
0.0
 11
561.4158615
 21
0.1630575
 31
0.0
  0
LINE
  5
58D
330
17
100
AcDbEntity
  8
VISTA
100
AcDbLine
 10
561.4158615
 20
0.1630575
 30
0.0
 11
561.416086
 21
0.163247
 31
0.0
  0
LINE
  5
58E
330
17
100
AcDbEntity
  8
VISTA
100
AcDbLine
 10
561.1952495
 20
0.2363865
 30
0.0
 11
561.195025
 21
0.236197
 31
0.0
  0
LINE
  5
58F
330
17
100
AcDbEntity
  8
VISTA
100
AcDbLine
 10
561.195474
 20
0.236576
 30
0.0
 11
561.1952495
 21
0.2363865
 31
0.0
  0
LINE
  5
590
330
17
100
AcDbEntity
  8
VISTA
100
AcDbLine
 10
561.196487
 20
0.236899
 30
0.0
 11
561.195474
 21
0.236576
 31
0.0
  0
LINE
  5
591
330
17
100
AcDbEntity
  8
VISTA
100
AcDbLine
 10
561.1975
 20
0.237222
 30
0.0
 11
561.196487
 21
0.236899
 31
0.0
  0
LINE
  5
592
330
17
100
AcDbEntity
  8
VISTA
100
AcDbLine
 10
561.3055552455291
 20
0.237222
 30
0.0
 11
561.413611
 21
0.237222
 31
0.0
  0
LINE
  5
593
330
17
100
AcDbEntity
  8
VISTA
100
AcDbLine
 10
561.414624
 20
0.236899
 30
0.0
 11
561.413611
 21
0.237222
 31
0.0
  0
LINE
  5
594
330
17
100
AcDbEntity
  8
VISTA
100
AcDbLine
 10
561.415637
 20
0.236576
 30
0.0
 11
561.414624
 21
0.236899
 31
0.0
  0
LINE
  5
595
330
17
100
AcDbEntity
  8
VISTA
100
AcDbLine
 10
561.4158615
 20
0.2363865
 30
0.0
 11
561.415637
 21
0.236576
 31
0.0
  0
LINE
  5
596
330
17
100
AcDbEntity
  8
VISTA
100
AcDbLine
 10
561.416086
 20
0.236197
 30
0.0
 11
561.4158615
 21
0.2363865
 31
0.0
  0
LINE
  5
597
330
17
100
AcDbEntity
  8
VISTA
100
AcDbLine
 10
561.1948355
 20
0.1634715
 30
0.0
 11
561.195025
 21
0.163247
 31
0.0
  0
LINE
  5
598
330
17
100
AcDbEntity
  8
VISTA
100
AcDbLine
 10
561.1948355
 20
0.1634715
 30
0.0
 11
561.194646
 21
0.163696
 31
0.0
  0
LINE
  5
599
330
17
100
AcDbEntity
  8
VISTA
100
AcDbLine
 10
561.194323
 20
0.164709
 30
0.0
 11
561.194646
 21
0.163696
 31
0.0
  0
LINE
  5
59A
330
17
100
AcDbEntity
  8
VISTA
100
AcDbLine
 10
561.194323
 20
0.164709
 30
0.0
 11
561.194
 21
0.165722
 31
0.0
  0
LINE
  5
59B
330
17
100
AcDbEntity
  8
VISTA
100
AcDbLine
 10
561.194
 20
0.19972199999999996
 30
0.0
 11
561.194
 21
0.165722
 31
0.0
  0
LINE
  5
59C
330
17
100
AcDbEntity
  8
VISTA
100
AcDbLine
 10
561.194
 20
0.19972199999999996
 30
0.0
 11
561.194
 21
0.233722
 31
0.0
  0
LINE
  5
59D
330
17
100
AcDbEntity
  8
VISTA
100
AcDbLine
 10
561.194323
 20
0.234735
 30
0.0
 11
561.194
 21
0.233722
 31
0.0
  0
LINE
  5
59E
330
17
100
AcDbEntity
  8
VISTA
100
AcDbLine
 10
561.194323
 20
0.234735
 30
0.0
 11
561.194646
 21
0.235748
 31
0.0
  0
LINE
  5
59F
330
17
100
AcDbEntity
  8
VISTA
100
AcDbLine
 10
561.1948355
 20
0.2359725
 30
0.0
 11
561.194646
 21
0.235748
 31
0.0
  0
LINE
  5
5A0
330
17
100
AcDbEntity
  8
VISTA
100
AcDbLine
 10
561.1948355
 20
0.2359725
 30
0.0
 11
561.195025
 21
0.236197
 31
0.0
  0
LINE
  5
5A1
330
17
100
AcDbEntity
  8
VISTA
100
AcDbLine
 10
561.416086
 20
0.163247
 30
0.0
 11
561.4162755
 21
0.1634715
 31
0.0
  0
LINE
  5
5A2
330
17
100
AcDbEntity
  8
VISTA
100
AcDbLine
 10
561.416465
 20
0.163696
 30
0.0
 11
561.4162755
 21
0.1634715
 31
0.0
  0
LINE
  5
5A3
330
17
100
AcDbEntity
  8
VISTA
100
AcDbLine
 10
561.416465
 20
0.163696
 30
0.0
 11
561.416788
 21
0.164709
 31
0.0
  0
LINE
  5
5A4
330
17
100
AcDbEntity
  8
VISTA
100
AcDbLine
 10
561.417111
 20
0.165722
 30
0.0
 11
561.416788
 21
0.164709
 31
0.0
  0
LINE
  5
5A5
330
17
100
AcDbEntity
  8
VISTA
100
AcDbLine
 10
561.417111
 20
0.165722
 30
0.0
 11
561.417111
 21
0.19972199999999996
 31
0.0
  0
LINE
  5
5A6
330
17
100
AcDbEntity
  8
VISTA
100
AcDbLine
 10
561.417111
 20
0.233722
 30
0.0
 11
561.417111
 21
0.19972199999999996
 31
0.0
  0
LINE
  5
5A7
330
17
100
AcDbEntity
  8
VISTA
100
AcDbLine
 10
561.417111
 20
0.233722
 30
0.0
 11
561.416788
 21
0.234735
 31
0.0
  0
LINE
  5
5A8
330
17
100
AcDbEntity
  8
VISTA
100
AcDbLine
 10
561.416465
 20
0.235748
 30
0.0
 11
561.416788
 21
0.234735
 31
0.0
  0
LINE
  5
5A9
330
17
100
AcDbEntity
  8
VISTA
100
AcDbLine
 10
561.416465
 20
0.235748
 30
0.0
 11
561.4162755
 21
0.2359725
 31
0.0
  0
LINE
  5
5AA
330
17
100
AcDbEntity
  8
VISTA
100
AcDbLine
 10
561.416086
 20
0.236197
 30
0.0
 11
561.4162755
 21
0.2359725
 31
0.0
  0
LINE
  5
5AB
330
17
100
AcDbEntity
  8
VISTA
100
AcDbLine
 10
561.199303
 20
0.233081
 30
0.0
 11
561.199445
 21
0.233022
 31
0.0
  0
LINE
  5
5AC
330
17
100
AcDbEntity
  8
VISTA
100
AcDbLine
 10
561.199244
 20
0.233222
 30
0.0
 11
561.199303
 21
0.233081
 31
0.0
  0
LINE
  5
5AD
330
17
100
AcDbEntity
  8
VISTA
100
AcDbLine
 10
561.217586
 20
0.233081
 30
0.0
 11
561.217444
 21
0.233022
 31
0.0
  0
LINE
  5
5AE
330
17
100
AcDbEntity
  8
VISTA
100
AcDbLine
 10
561.217644
 20
0.233222
 30
0.0
 11
561.217586
 21
0.233081
 31
0.0
  0
LINE
  5
5AF
330
17
100
AcDbEntity
  8
VISTA
100
AcDbLine
 10
561.217444
 20
0.233022
 30
0.0
 11
561.199445
 21
0.233022
 31
0.0
  0
LINE
  5
5B0
330
17
100
AcDbEntity
  8
VISTA
100
AcDbLine
 10
561.217644
 20
0.233222
 30
0.0
 11
561.217644
 21
0.237222
 31
0.0
  0
LINE
  5
5B1
330
17
100
AcDbEntity
  8
VISTA
100
AcDbLine
 10
561.199244
 20
0.233222
 30
0.0
 11
561.199244
 21
0.237222
 31
0.0
  0
LWPOLYLINE
  5
5B2
330
17
100
AcDbEntity
  8
VISTA
100
AcDbPolyline
 90
9
 70
1
 10
561.217444
 20
0.233222
 10
561.2084445098895
 20
0.233222
 10
561.199445
 20
0.233222
 10
561.199445
 20
0.23622199670329308
 10
561.199445
 20
0.239222
 10
561.2084444901104
 20
0.239222
 10
561.217444
 20
0.239222
 10
561.217444
 20
0.23622200329670692
 10
561.217444
 20
0.233222
  0
LWPOLYLINE
  5
5B3
330
17
100
AcDbEntity
  8
VISTA
100
AcDbPolyline
 90
9
 70
1
 10
565.0195
 20
3.23
 10
565.0070000130208
 20
3.2299640000375
 10
564.9945
 20
3.229928
 10
564.9945
 20
3.2399279895833226
 10
564.9945
 20
3.249928
 10
565.0069999869792
 20
3.2499639999625
 10
565.0195
 20
3.25
 10
565.0195
 20
3.2400000104166775
 10
565.0195
 20
3.23
  0
LWPOLYLINE
  5
5B4
330
17
100
AcDbEntity
  8
VISTA
100
AcDbPolyline
 90
13
 70
1
 10
564.798094
 20
3.250205
 10
564.797889
 20
3.2507
 10
564.797889
 20
3.2543
 10
564.798094
 20
3.254795
 10
564.798589
 20
3.255
 10
564.819189
 20
3.255
 10
564.819684
 20
3.254795
 10
564.819889
 20
3.2543
 10
564.819889
 20
3.2507
 10
564.819684
 20
3.250205
 10
564.819189
 20
3.25
 10
564.798589
 20
3.25
 10
564.798094
 20
3.250205
  0
LWPOLYLINE
  5
5B5
330
17
100
AcDbEntity
  8
VISTA
100
AcDbPolyline
 90
13
 70
1
 10
564.586983
 20
3.072983
 10
564.586778
 20
3.073478
 10
564.586778
 20
3.077078
 10
564.586983
 20
3.077573
 10
564.587478
 20
3.077778
 10
564.608078
 20
3.077778
 10
564.608573
 20
3.077573
 10
564.608778
 20
3.077078
 10
564.608778
 20
3.073478
 10
564.608573
 20
3.072983
 10
564.608078
 20
3.072778
 10
564.587478
 20
3.072778
 10
564.586983
 20
3.072983
  0
LWPOLYLINE
  5
5B6
330
17
100
AcDbEntity
  8
VISTA
100
AcDbPolyline
 90
13
 70
1
 10
564.375872
 20
2.895761
 10
564.375667
 20
2.896255
 10
564.375667
 20
2.899856
 10
564.375872
 20
2.900351
 10
564.376367
 20
2.900556
 10
564.396967
 20
2.900556
 10
564.397462
 20
2.900351
 10
564.397667
 20
2.899856
 10
564.397667
 20
2.896255
 10
564.397462
 20
2.895761
 10
564.396967
 20
2.895555
 10
564.376367
 20
2.895555
 10
564.375872
 20
2.895761
  0
LWPOLYLINE
  5
5B7
330
17
100
AcDbEntity
  8
VISTA
100
AcDbPolyline
 90
13
 70
1
 10
564.164761
 20
2.718538
 10
564.164556
 20
2.719033
 10
564.164556
 20
2.722633
 10
564.164761
 20
2.723128
 10
564.165256
 20
2.723333
 10
564.185856
 20
2.723333
 10
564.186351
 20
2.723128
 10
564.186556
 20
2.722633
 10
564.186556
 20
2.719033
 10
564.186351
 20
2.718538
 10
564.185856
 20
2.718333
 10
564.165256
 20
2.718333
 10
564.164761
 20
2.718538
  0
LWPOLYLINE
  5
5B8
330
17
100
AcDbEntity
  8
VISTA
100
AcDbPolyline
 90
13
 70
1
 10
563.95365
 20
2.541316
 10
563.953445
 20
2.541811
 10
563.953445
 20
2.545411
 10
563.95365
 20
2.545906
 10
563.954145
 20
2.546111
 10
563.974745
 20
2.546111
 10
563.97524
 20
2.545906
 10
563.975445
 20
2.545411
 10
563.975445
 20
2.541811
 10
563.97524
 20
2.541316
 10
563.974745
 20
2.541111
 10
563.954145
 20
2.541111
 10
563.95365
 20
2.541316
  0
LWPOLYLINE
  5
5B9
330
17
100
AcDbEntity
  8
VISTA
100
AcDbPolyline
 90
13
 70
1
 10
563.742538
 20
2.364094
 10
563.742333
 20
2.364589
 10
563.742333
 20
2.368189
 10
563.742538
 20
2.368684
 10
563.743033
 20
2.368889
 10
563.763633
 20
2.368889
 10
563.764128
 20
2.368684
 10
563.764333
 20
2.368189
 10
563.764333
 20
2.364589
 10
563.764128
 20
2.364094
 10
563.763633
 20
2.363889
 10
563.743033
 20
2.363889
 10
563.742538
 20
2.364094
  0
LWPOLYLINE
  5
5BA
330
17
100
AcDbEntity
  8
VISTA
100
AcDbPolyline
 90
13
 70
1
 10
563.531427
 20
2.186872
 10
563.531222
 20
2.187366
 10
563.531222
 20
2.190967
 10
563.531427
 20
2.191462
 10
563.531922
 20
2.191667
 10
563.552522
 20
2.191667
 10
563.553017
 20
2.191462
 10
563.553222
 20
2.190967
 10
563.553222
 20
2.187366
 10
563.553017
 20
2.186872
 10
563.552522
 20
2.186666
 10
563.531922
 20
2.186666
 10
563.531427
 20
2.186872
  0
LWPOLYLINE
  5
5BB
330
17
100
AcDbEntity
  8
VISTA
100
AcDbPolyline
 90
13
 70
1
 10
563.320316
 20
2.00965
 10
563.320111
 20
2.010144
 10
563.320111
 20
2.013745
 10
563.320316
 20
2.01424
 10
563.320811
 20
2.014445
 10
563.341411
 20
2.014445
 10
563.341906
 20
2.01424
 10
563.342111
 20
2.013745
 10
563.342111
 20
2.010144
 10
563.341906
 20
2.00965
 10
563.341411
 20
2.009444
 10
563.320811
 20
2.009444
 10
563.320316
 20
2.00965
  0
LWPOLYLINE
  5
5BC
330
17
100
AcDbEntity
  8
VISTA
100
AcDbPolyline
 90
13
 70
1
 10
563.109205
 20
1.832427
 10
563.109
 20
1.832922
 10
563.109
 20
1.836522
 10
563.109205
 20
1.837017
 10
563.1097
 20
1.837222
 10
563.1303
 20
1.837222
 10
563.130795
 20
1.837017
 10
563.131
 20
1.836522
 10
563.131
 20
1.832922
 10
563.130795
 20
1.832427
 10
563.1303
 20
1.832222
 10
563.1097
 20
1.832222
 10
563.109205
 20
1.832427
  0
LWPOLYLINE
  5
5BD
330
17
100
AcDbEntity
  8
VISTA
100
AcDbPolyline
 90
13
 70
1
 10
562.898094
 20
1.655205
 10
562.897889
 20
1.6557
 10
562.897889
 20
1.6593
 10
562.898094
 20
1.659795
 10
562.898589
 20
1.66
 10
562.919189
 20
1.66
 10
562.919684
 20
1.659795
 10
562.919889
 20
1.6593
 10
562.919889
 20
1.6557
 10
562.919684
 20
1.655205
 10
562.919189
 20
1.655
 10
562.898589
 20
1.655
 10
562.898094
 20
1.655205
  0
LWPOLYLINE
  5
5BE
330
17
100
AcDbEntity
  8
VISTA
100
AcDbPolyline
 90
13
 70
1
 10
562.686983
 20
1.477983
 10
562.686778
 20
1.478478
 10
562.686778
 20
1.482078
 10
562.686983
 20
1.482573
 10
562.687478
 20
1.482778
 10
562.708078
 20
1.482778
 10
562.708573
 20
1.482573
 10
562.708778
 20
1.482078
 10
562.708778
 20
1.478478
 10
562.708573
 20
1.477983
 10
562.708078
 20
1.477778
 10
562.687478
 20
1.477778
 10
562.686983
 20
1.477983
  0
LWPOLYLINE
  5
5BF
330
17
100
AcDbEntity
  8
VISTA
100
AcDbPolyline
 90
13
 70
1
 10
562.475872
 20
1.300761
 10
562.475667
 20
1.301256
 10
562.475667
 20
1.304856
 10
562.475872
 20
1.305351
 10
562.476367
 20
1.305556
 10
562.496967
 20
1.305556
 10
562.497462
 20
1.305351
 10
562.497667
 20
1.304856
 10
562.497667
 20
1.301256
 10
562.497462
 20
1.300761
 10
562.496967
 20
1.300556
 10
562.476367
 20
1.300556
 10
562.475872
 20
1.300761
  0
LWPOLYLINE
  5
5C0
330
17
100
AcDbEntity
  8
VISTA
100
AcDbPolyline
 90
13
 70
1
 10
562.264761
 20
1.123538
 10
562.264556
 20
1.124033
 10
562.264556
 20
1.127633
 10
562.264761
 20
1.128128
 10
562.265256
 20
1.128333
 10
562.285856
 20
1.128333
 10
562.28635
 20
1.128128
 10
562.286556
 20
1.127633
 10
562.286556
 20
1.124033
 10
562.28635
 20
1.123538
 10
562.285856
 20
1.123333
 10
562.265256
 20
1.123333
 10
562.264761
 20
1.123538
  0
LWPOLYLINE
  5
5C1
330
17
100
AcDbEntity
  8
VISTA
100
AcDbPolyline
 90
13
 70
1
 10
562.05365
 20
0.946316
 10
562.053445
 20
0.946811
 10
562.053445
 20
0.950411
 10
562.05365
 20
0.950906
 10
562.054145
 20
0.951111
 10
562.074744
 20
0.951111
 10
562.075239
 20
0.950906
 10
562.075444
 20
0.950411
 10
562.075444
 20
0.946811
 10
562.075239
 20
0.946316
 10
562.074744
 20
0.946111
 10
562.054145
 20
0.946111
 10
562.05365
 20
0.946316
  0
LWPOLYLINE
  5
5C2
330
17
100
AcDbEntity
  8
VISTA
100
AcDbPolyline
 90
13
 70
1
 10
561.842538
 20
0.769094
 10
561.842333
 20
0.769589
 10
561.842333
 20
0.773189
 10
561.842538
 20
0.773684
 10
561.843033
 20
0.773889
 10
561.863633
 20
0.773889
 10
561.864128
 20
0.773684
 10
561.864333
 20
0.773189
 10
561.864333
 20
0.769589
 10
561.864128
 20
0.769094
 10
561.863633
 20
0.768889
 10
561.843033
 20
0.768889
 10
561.842538
 20
0.769094
  0
LWPOLYLINE
  5
5C3
330
17
100
AcDbEntity
  8
VISTA
100
AcDbPolyline
 90
13
 70
1
 10
561.631427
 20
0.591872
 10
561.631222
 20
0.592367
 10
561.631222
 20
0.595967
 10
561.631427
 20
0.596462
 10
561.631922
 20
0.596667
 10
561.652522
 20
0.596667
 10
561.653017
 20
0.596462
 10
561.653222
 20
0.595967
 10
561.653222
 20
0.592367
 10
561.653017
 20
0.591872
 10
561.652522
 20
0.591667
 10
561.631922
 20
0.591667
 10
561.631427
 20
0.591872
  0
LWPOLYLINE
  5
5C4
330
17
100
AcDbEntity
  8
VISTA
100
AcDbPolyline
 90
13
 70
1
 10
561.420316
 20
0.414649
 10
561.420111
 20
0.415144
 10
561.420111
 20
0.418744
 10
561.420316
 20
0.419239
 10
561.420811
 20
0.419444
 10
561.441411
 20
0.419444
 10
561.441906
 20
0.419239
 10
561.442111
 20
0.418744
 10
561.442111
 20
0.415144
 10
561.441906
 20
0.414649
 10
561.441411
 20
0.414444
 10
561.420811
 20
0.414444
 10
561.420316
 20
0.414649
  0
LWPOLYLINE
  5
5C5
330
17
100
AcDbEntity
  8
VISTA
100
AcDbPolyline
 90
13
 70
1
 10
561.209205
 20
0.237427
 10
561.209
 20
0.237922
 10
561.209
 20
0.241522
 10
561.209205
 20
0.242017
 10
561.2097
 20
0.242222
 10
561.2303
 20
0.242222
 10
561.230795
 20
0.242017
 10
561.231
 20
0.241522
 10
561.231
 20
0.237922
 10
561.230795
 20
0.237427
 10
561.2303
 20
0.237222
 10
561.2097
 20
0.237222
 10
561.209205
 20
0.237427
  0
LWPOLYLINE
  5
5C6
330
17
100
AcDbEntity
  8
VISTA
100
AcDbPolyline
 90
13
 70
1
 10
564.877023
 20
3.14
 10
564.876968
 20
3.140144
 10
564.876945
 20
3.1405
 10
564.876945
 20
3.1745
 10
564.876968
 20
3.174856
 10
564.877023
 20
3.175
 10
564.911866
 20
3.175
 10
564.911921
 20
3.174856
 10
564.911944
 20
3.1745
 10
564.911944
 20
3.1405
 10
564.911921
 20
3.140144
 10
564.911866
 20
3.14
 10
564.877023
 20
3.14
  0
LWPOLYLINE
  5
5C7
330
17
100
AcDbEntity
  8
VISTA
100
AcDbPolyline
 90
13
 70
1
 10
564.665912
 20
2.962778
 10
564.665857
 20
2.962922
 10
564.665833
 20
2.963278
 10
564.665833
 20
2.997278
 10
564.665857
 20
2.997633
 10
564.665912
 20
2.997778
 10
564.700755
 20
2.997778
 10
564.70081
 20
2.997633
 10
564.700833
 20
2.997278
 10
564.700833
 20
2.963278
 10
564.70081
 20
2.962922
 10
564.700755
 20
2.962778
 10
564.665912
 20
2.962778
  0
LWPOLYLINE
  5
5C8
330
17
100
AcDbEntity
  8
VISTA
100
AcDbPolyline
 90
13
 70
1
 10
564.454801
 20
2.785556
 10
564.454746
 20
2.7857
 10
564.454722
 20
2.786056
 10
564.454722
 20
2.820056
 10
564.454746
 20
2.820411
 10
564.454801
 20
2.820556
 10
564.489644
 20
2.820556
 10
564.489699
 20
2.820411
 10
564.489722
 20
2.820056
 10
564.489722
 20
2.786056
 10
564.489699
 20
2.7857
 10
564.489644
 20
2.785556
 10
564.454801
 20
2.785556
  0
LWPOLYLINE
  5
5C9
330
17
100
AcDbEntity
  8
VISTA
100
AcDbPolyline
 90
13
 70
1
 10
564.24369
 20
2.608334
 10
564.243635
 20
2.608478
 10
564.243611
 20
2.608834
 10
564.243611
 20
2.642833
 10
564.243635
 20
2.643189
 10
564.24369
 20
2.643333
 10
564.278533
 20
2.643333
 10
564.278588
 20
2.643189
 10
564.278611
 20
2.642833
 10
564.278611
 20
2.608834
 10
564.278588
 20
2.608478
 10
564.278533
 20
2.608334
 10
564.24369
 20
2.608334
  0
LWPOLYLINE
  5
5CA
330
17
100
AcDbEntity
  8
VISTA
100
AcDbPolyline
 90
13
 70
1
 10
564.032579
 20
2.431111
 10
564.032524
 20
2.431256
 10
564.0325
 20
2.431611
 10
564.0325
 20
2.465611
 10
564.032524
 20
2.465967
 10
564.032579
 20
2.466111
 10
564.067421
 20
2.466111
 10
564.067477
 20
2.465967
 10
564.0675
 20
2.465611
 10
564.0675
 20
2.431611
 10
564.067477
 20
2.431256
 10
564.067421
 20
2.431111
 10
564.032579
 20
2.431111
  0
LWPOLYLINE
  5
5CB
330
17
100
AcDbEntity
  8
VISTA
100
AcDbPolyline
 90
13
 70
1
 10
563.821467
 20
2.253889
 10
563.821412
 20
2.254033
 10
563.821389
 20
2.254389
 10
563.821389
 20
2.288389
 10
563.821412
 20
2.288745
 10
563.821467
 20
2.288889
 10
563.85631
 20
2.288889
 10
563.856365
 20
2.288745
 10
563.856389
 20
2.288389
 10
563.856389
 20
2.254389
 10
563.856365
 20
2.254033
 10
563.85631
 20
2.253889
 10
563.821467
 20
2.253889
  0
LWPOLYLINE
  5
5CC
330
17
100
AcDbEntity
  8
VISTA
100
AcDbPolyline
 90
13
 70
1
 10
563.610356
 20
2.076667
 10
563.610301
 20
2.076811
 10
563.610278
 20
2.077167
 10
563.610278
 20
2.111167
 10
563.610301
 20
2.111522
 10
563.610356
 20
2.111667
 10
563.645199
 20
2.111667
 10
563.645254
 20
2.111522
 10
563.645278
 20
2.111167
 10
563.645278
 20
2.077167
 10
563.645254
 20
2.076811
 10
563.645199
 20
2.076667
 10
563.610356
 20
2.076667
  0
LWPOLYLINE
  5
5CD
330
17
100
AcDbEntity
  8
VISTA
100
AcDbPolyline
 90
13
 70
1
 10
563.399245
 20
1.899444
 10
563.39919
 20
1.899589
 10
563.399167
 20
1.899944
 10
563.399167
 20
1.933944
 10
563.39919
 20
1.9343
 10
563.399245
 20
1.934444
 10
563.434088
 20
1.934444
 10
563.434143
 20
1.9343
 10
563.434167
 20
1.933944
 10
563.434167
 20
1.899944
 10
563.434143
 20
1.899589
 10
563.434088
 20
1.899444
 10
563.399245
 20
1.899444
  0
LWPOLYLINE
  5
5CE
330
17
100
AcDbEntity
  8
VISTA
100
AcDbPolyline
 90
13
 70
1
 10
563.188134
 20
1.722222
 10
563.188079
 20
1.722366
 10
563.188056
 20
1.722722
 10
563.188056
 20
1.756722
 10
563.188079
 20
1.757078
 10
563.188134
 20
1.757222
 10
563.222977
 20
1.757222
 10
563.223032
 20
1.757078
 10
563.223055
 20
1.756722
 10
563.223055
 20
1.722722
 10
563.223032
 20
1.722366
 10
563.222977
 20
1.722222
 10
563.188134
 20
1.722222
  0
LWPOLYLINE
  5
5CF
330
17
100
AcDbEntity
  8
VISTA
100
AcDbPolyline
 90
13
 70
1
 10
562.977023
 20
1.545
 10
562.976968
 20
1.545144
 10
562.976944
 20
1.5455
 10
562.976944
 20
1.5795
 10
562.976968
 20
1.579856
 10
562.977023
 20
1.58
 10
563.011866
 20
1.58
 10
563.011921
 20
1.579856
 10
563.011944
 20
1.5795
 10
563.011944
 20
1.5455
 10
563.011921
 20
1.545144
 10
563.011866
 20
1.545
 10
562.977023
 20
1.545
  0
LWPOLYLINE
  5
5D0
330
17
100
AcDbEntity
  8
VISTA
100
AcDbPolyline
 90
13
 70
1
 10
562.765912
 20
1.367778
 10
562.765857
 20
1.367922
 10
562.765833
 20
1.368278
 10
562.765833
 20
1.402278
 10
562.765857
 20
1.402633
 10
562.765912
 20
1.402778
 10
562.800755
 20
1.402778
 10
562.80081
 20
1.402633
 10
562.800833
 20
1.402278
 10
562.800833
 20
1.368278
 10
562.80081
 20
1.367922
 10
562.800755
 20
1.367778
 10
562.765912
 20
1.367778
  0
LWPOLYLINE
  5
5D1
330
17
100
AcDbEntity
  8
VISTA
100
AcDbPolyline
 90
13
 70
1
 10
562.554801
 20
1.190555
 10
562.554746
 20
1.1907
 10
562.554722
 20
1.191056
 10
562.554722
 20
1.225055
 10
562.554746
 20
1.225411
 10
562.554801
 20
1.225556
 10
562.589644
 20
1.225556
 10
562.589699
 20
1.225411
 10
562.589722
 20
1.225055
 10
562.589722
 20
1.191056
 10
562.589699
 20
1.1907
 10
562.589644
 20
1.190555
 10
562.554801
 20
1.190555
  0
LWPOLYLINE
  5
5D2
330
17
100
AcDbEntity
  8
VISTA
100
AcDbPolyline
 90
13
 70
1
 10
562.34369
 20
1.013333
 10
562.343635
 20
1.013478
 10
562.343611
 20
1.013833
 10
562.343611
 20
1.047833
 10
562.343635
 20
1.048189
 10
562.34369
 20
1.048333
 10
562.378533
 20
1.048333
 10
562.378588
 20
1.048189
 10
562.378611
 20
1.047833
 10
562.378611
 20
1.013833
 10
562.378588
 20
1.013478
 10
562.378533
 20
1.013333
 10
562.34369
 20
1.013333
  0
LWPOLYLINE
  5
5D3
330
17
100
AcDbEntity
  8
VISTA
100
AcDbPolyline
 90
13
 70
1
 10
562.132579
 20
0.836111
 10
562.132524
 20
0.836255
 10
562.1325
 20
0.836611
 10
562.1325
 20
0.870611
 10
562.132524
 20
0.870967
 10
562.132579
 20
0.871111
 10
562.167422
 20
0.871111
 10
562.167477
 20
0.870967
 10
562.1675
 20
0.870611
 10
562.1675
 20
0.836611
 10
562.167477
 20
0.836255
 10
562.167422
 20
0.836111
 10
562.132579
 20
0.836111
  0
LWPOLYLINE
  5
5D4
330
17
100
AcDbEntity
  8
VISTA
100
AcDbPolyline
 90
13
 70
1
 10
561.921467
 20
0.658889
 10
561.921412
 20
0.659033
 10
561.921389
 20
0.659389
 10
561.921389
 20
0.693389
 10
561.921412
 20
0.693745
 10
561.921467
 20
0.693889
 10
561.95631
 20
0.693889
 10
561.956365
 20
0.693745
 10
561.956389
 20
0.693389
 10
561.956389
 20
0.659389
 10
561.956365
 20
0.659033
 10
561.95631
 20
0.658889
 10
561.921467
 20
0.658889
  0
LWPOLYLINE
  5
5D5
330
17
100
AcDbEntity
  8
VISTA
100
AcDbPolyline
 90
13
 70
1
 10
561.710356
 20
0.481667
 10
561.710301
 20
0.481811
 10
561.710278
 20
0.482167
 10
561.710278
 20
0.516167
 10
561.710301
 20
0.516522
 10
561.710356
 20
0.516667
 10
561.745199
 20
0.516667
 10
561.745254
 20
0.516522
 10
561.745278
 20
0.516167
 10
561.745278
 20
0.482167
 10
561.745254
 20
0.481811
 10
561.745199
 20
0.481667
 10
561.710356
 20
0.481667
  0
LWPOLYLINE
  5
5D6
330
17
100
AcDbEntity
  8
VISTA
100
AcDbPolyline
 90
13
 70
1
 10
561.499245
 20
0.304444
 10
561.49919
 20
0.304589
 10
561.4991669999999
 20
0.304944
 10
561.4991669999999
 20
0.338944
 10
561.49919
 20
0.3393
 10
561.499245
 20
0.339444
 10
561.534088
 20
0.339444
 10
561.534143
 20
0.3393
 10
561.534167
 20
0.338944
 10
561.534167
 20
0.304944
 10
561.534143
 20
0.304589
 10
561.534088
 20
0.304444
 10
561.499245
 20
0.304444
  0
LWPOLYLINE
  5
5D7
330
17
100
AcDbEntity
  8
VISTA
100
AcDbPolyline
 90
13
 70
1
 10
561.288134
 20
0.127222
 10
561.288079
 20
0.127367
 10
561.288056
 20
0.127722
 10
561.288056
 20
0.161722
 10
561.288079
 20
0.162078
 10
561.288134
 20
0.162222
 10
561.322977
 20
0.162222
 10
561.323032
 20
0.162078
 10
561.323056
 20
0.161722
 10
561.323056
 20
0.127722
 10
561.323032
 20
0.127367
 10
561.322977
 20
0.127222
 10
561.288134
 20
0.127222
  0
LWPOLYLINE
  5
5D8
330
17
100
AcDbEntity
  8
VISTA
100
AcDbPolyline
 90
9
 70
1
 10
560.46
 20
0.058
 10
560.460586
 20
0.059414
 10
560.462
 20
0.06
 10
560.493
 20
0.06
 10
560.494414
 20
0.059414
 10
560.495
 20
0.058
 10
560.495
 20
-0.3
 10
560.46
 20
-0.3
 10
560.46
 20
0.058
  0
LWPOLYLINE
  5
5D9
330
17
100
AcDbEntity
  8
VISTA
100
AcDbPolyline
 90
9
 70
1
 10
560.905
 20
0.058
 10
560.905586
 20
0.059414
 10
560.907
 20
0.06
 10
560.938
 20
0.06
 10
560.939414
 20
0.059414
 10
560.94
 20
0.058
 10
560.94
 20
-0.3
 10
560.905
 20
-0.3
 10
560.905
 20
0.058
  0
LWPOLYLINE
  5
5DA
330
17
100
AcDbEntity
  8
VISTA
100
AcDbPolyline
 90
13
 70
1
 10
560.467793
 20
0.036293
 10
560.4675
 20
0.037
 10
560.4675
 20
0.059
 10
560.467793
 20
0.059707
 10
560.4685
 20
0.06
 10
560.4915
 20
0.06
 10
560.492207
 20
0.059707
 10
560.4925
 20
0.059
 10
560.4925
 20
0.037
 10
560.492207
 20
0.036293
 10
560.4915
 20
0.036
 10
560.4685
 20
0.036
 10
560.467793
 20
0.036293
  0
LWPOLYLINE
  5
5DB
330
17
100
AcDbEntity
  8
VISTA
100
AcDbPolyline
 90
13
 70
1
 10
560.907793
 20
0.036293
 10
560.9075
 20
0.037
 10
560.9075
 20
0.059
 10
560.907793
 20
0.059707
 10
560.9085
 20
0.06
 10
560.9315
 20
0.06
 10
560.932207
 20
0.059707
 10
560.9325
 20
0.059
 10
560.9325
 20
0.037
 10
560.932207
 20
0.036293
 10
560.9315
 20
0.036
 10
560.9085
 20
0.036
 10
560.907793
 20
0.036293
  0
LWPOLYLINE
  5
5DC
330
17
100
AcDbEntity
  8
VISTA
100
AcDbPolyline
 90
13
 70
1
 10
560.5
 20
0.053
 10
560.5
 20
0.059
 10
560.500293
 20
0.059707
 10
560.501
 20
0.06
 10
560.899
 20
0.06
 10
560.899707
 20
0.059707
 10
560.9
 20
0.059
 10
560.9
 20
0.053
 10
560.899707
 20
0.052293
 10
560.899
 20
0.052
 10
560.501
 20
0.052
 10
560.500293
 20
0.052293
 10
560.5
 20
0.053
  0
LWPOLYLINE
  5
5DD
330
17
100
AcDbEntity
  8
VISTA
100
AcDbPolyline
 90
13
 70
1
 10
560.182343
 20
-0.057657
 10
560.18
 20
-0.052
 10
560.18
 20
0.052
 10
560.182343
 20
0.057657
 10
560.188
 20
0.06
 10
561.172
 20
0.06
 10
561.177657
 20
0.057657
 10
561.18
 20
0.052
 10
561.18
 20
-0.052
 10
561.177657
 20
-0.057657
 10
561.172
 20
-0.06
 10
560.188
 20
-0.06
 10
560.182343
 20
-0.057657
  0
TEXT
  5
5DE
330
17
100
AcDbEntity
  8
TEXTOS
100
AcDbText
 10
561.2940000057221
 20
0.3272222244739532
 30
0.0
 40
0.05
  1
1
100
AcDbText
  0
TEXT
  5
5DF
330
17
100
AcDbEntity
  8
TEXTOS
100
AcDbText
 10
561.5051110744477
 20
0.5044444465637207
 30
0.0
 40
0.05
  1
2
100
AcDbText
  0
TEXT
  5
5E0
330
17
100
AcDbEntity
  8
TEXTOS
100
AcDbText
 10
561.7162221431732
 20
0.6816666984558105
 30
0.0
 40
0.05
  1
3
100
AcDbText
  0
TEXT
  5
5E1
330
17
100
AcDbEntity
  8
TEXTOS
100
AcDbText
 10
561.9273333311081
 20
0.8588889503479004
 30
0.0
 40
0.05
  1
4
100
AcDbText
  0
TEXT
  5
5E2
330
17
100
AcDbEntity
  8
TEXTOS
100
AcDbText
 10
562.138444519043
 20
1.0361111426353455
 30
0.0
 40
0.05
  1
5
100
AcDbText
  0
TEXT
  5
5E3
330
17
100
AcDbEntity
  8
TEXTOS
100
AcDbText
 10
562.3495555877686
 20
1.2133333349227906
 30
0.0
 40
0.05
  1
6
100
AcDbText
  0
TEXT
  5
5E4
330
17
100
AcDbEntity
  8
TEXTOS
100
AcDbText
 10
562.5606666564942
 20
1.3905555868148805
 30
0.0
 40
0.05
  1
7
100
AcDbText
  0
TEXT
  5
5E5
330
17
100
AcDbEntity
  8
TEXTOS
100
AcDbText
 10
562.7717777252197
 20
1.5677778387069703
 30
0.0
 40
0.05
  1
8
100
AcDbText
  0
TEXT
  5
5E6
330
17
100
AcDbEntity
  8
TEXTOS
100
AcDbText
 10
562.9828887939453
 20
1.7449999713897706
 30
0.0
 40
0.05
  1
9
100
AcDbText
  0
TEXT
  5
5E7
330
17
100
AcDbEntity
  8
TEXTOS
100
AcDbText
 10
563.1939998626709
 20
1.9222222232818604
 30
0.0
 40
0.05
  1
10
100
AcDbText
  0
TEXT
  5
5E8
330
17
100
AcDbEntity
  8
TEXTOS
100
AcDbText
 10
563.4051111698151
 20
2.09944447517395
 30
0.0
 40
0.05
  1
11
100
AcDbText
  0
TEXT
  5
5E9
330
17
100
AcDbEntity
  8
TEXTOS
100
AcDbText
 10
563.6162222385407
 20
2.276666488647461
 30
0.0
 40
0.05
  1
12
100
AcDbText
  0
TEXT
  5
5EA
330
17
100
AcDbEntity
  8
TEXTOS
100
AcDbText
 10
563.8273333072663
 20
2.4538887405395506
 30
0.0
 40
0.05
  1
13
100
AcDbText
  0
TEXT
  5
5EB
330
17
100
AcDbEntity
  8
TEXTOS
100
AcDbText
 10
564.0384446144104
 20
2.6311109924316405
 30
0.0
 40
0.05
  1
14
100
AcDbText
  0
TEXT
  5
5EC
330
17
100
AcDbEntity
  8
TEXTOS
100
AcDbText
 10
564.249555683136
 20
2.8083332443237303
 30
0.0
 40
0.05
  1
15
100
AcDbText
  0
TEXT
  5
5ED
330
17
100
AcDbEntity
  8
TEXTOS
100
AcDbText
 10
564.4606667518616
 20
2.98555549621582
 30
0.0
 40
0.05
  1
16
100
AcDbText
  0
TEXT
  5
5EE
330
17
100
AcDbEntity
  8
TEXTOS
100
AcDbText
 10
564.6717778205872
 20
3.162777509689331
 30
0.0
 40
0.05
  1
17
100
AcDbText
  0
TEXT
  5
5EF
330
17
100
AcDbEntity
  8
TEXTOS
100
AcDbText
 10
564.8828888893128
 20
3.3399997615814208
 30
0.0
 40
0.05
  1
18
100
AcDbText
  0
DIMENSION
  5
5F0
330
17
100
AcDbEntity
  8
COTAS
100
AcDbDimension
280
0
  2
*D3
  3
Standard
 10
565.8
 20
0.23722222447395325
 30
0.0
 11
565.8
 21
1.743610993027687
 31
0.0
 70
32
 71
5
  1
<>
100
AcDbAlignedDimension
 13
565.8
 23
0.23722222447395325
 33
0.0
 14
565.8
 24
3.249999761581421
 34
0.0
 50
90.0
100
AcDbRotatedDimension
1001
ACAD
1000
DSTYLE
1002
{
1070
140
1040
0.13
1070
41
1040
0.09
1002
}
  0
DIMENSION
  5
600
330
17
100
AcDbEntity
  8
COTAS
100
AcDbDimension
280
0
  2
*D4
  3
Standard
 10
561.194000005722
 20
-0.1
 30
0.0
 11
562.9884444475174
 21
-0.1
 31
0.0
 70
32
 71
5
  1
<>
100
AcDbAlignedDimension
 13
561.194000005722
 23
-0.1
 33
0.0
 14
564.7828888893127
 24
-0.1
 34
0.0
 50
0.0
100
AcDbRotatedDimension
1001
ACAD
1000
DSTYLE
1002
{
1070
140
1040
0.13
1070
41
1040
0.09
1002
}
  0
TEXT
  5
610
330
17
100
AcDbEntity
  8
TEXTOS
100
AcDbText
 10
560.95
 20
0.3372222244739532
 30
0.0
 40
0.052000000000000005
  1
Primera tabla +0.237
100
AcDbText
  0
TEXT
  5
611
330
17
100
AcDbEntity
  8
TEXTOS
100
AcDbText
 10
565.4
 20
3.35
 30
0.0
 40
0.052000000000000005
  1
Descanso +3.25
100
AcDbText
  0
TEXT
  5
612
330
17
100
AcDbEntity
  8
TEXTOS
100
AcDbText
 10
560.45
 20
0.16
 30
0.0
 40
0.052000000000000005
  1
Arranque +0,06
100
AcDbText
  0
LWPOLYLINE
  5
613
330
17
100
AcDbEntity
  8
VISTA
100
AcDbPolyline
 90
14
 70
1
 10
613.997
 20
3.2
 10
613.9982172957747
 20
3.1996115311871227
 10
613.998736
 20
3.199446
 10
613.9990066659959
 20
3.199218107645875
 10
613.9991219999999
 20
3.199121
 10
613.9992188088531
 20
3.199006263581489
 10
613.999446
 20
3.198737
 10
613.9996115311872
 20
3.1982179969818914
 10
614.0
 20
3.197
 10
614.0
 20
3.150985915492958
 10
614.0
 20
3.12
 10
613.72
 20
3.12
 10
613.72
 20
3.2
 10
613.997
 20
3.2
  0
LWPOLYLINE
  5
614
330
17
100
AcDbEntity
  8
VISTA
100
AcDbPolyline
 90
9
 70
1
 10
613.999001
 20
3.249985
 10
613.999708
 20
3.2497008987987996
 10
614.0
 20
3.249
 10
614.0
 20
3.201
 10
613.999708
 20
3.200293
 10
613.999
 20
3.2
 10
613.72
 20
3.2
 10
613.72
 20
3.245800137775505
 10
613.999001
 20
3.249985
  0
LWPOLYLINE
  5
615
330
17
100
AcDbEntity
  8
VISTA
100
AcDbPolyline
 90
5
 70
1
 10
614.3
 20
3.25
 10
614.3
 20
3.2
 10
614.225
 20
3.2
 10
614.225
 20
3.25
 10
614.3
 20
3.25
  0
LWPOLYLINE
  5
616
330
17
100
AcDbEntity
  8
VISTA
100
AcDbPolyline
 90
41
 70
1
 10
613.891134
 20
3.2014275000000003
 10
613.890877
 20
3.201684
 10
613.8904385
 20
3.2028420000000004
 10
613.89
 20
3.204
 10
613.89
 20
3.225
 10
613.89
 20
3.246
 10
613.8904385
 20
3.247158
 10
613.890877
 20
3.248316
 10
613.891134
 20
3.2485720000000002
 10
613.891391
 20
3.248828
 10
613.8916955
 20
3.2490445
 10
613.892
 20
3.249261
 10
613.893375
 20
3.2496305000000003
 10
613.89475
 20
3.25
 10
614.0800005
 20
3.25
 10
614.265251
 20
3.25
 10
614.266626
 20
3.2496305
 10
614.268001
 20
3.249261
 10
614.2683055
 20
3.2490445
 10
614.26861
 20
3.248828
 10
614.268867
 20
3.2485720000000002
 10
614.269124
 20
3.248316
 10
614.269562
 20
3.247158
 10
614.27
 20
3.246
 10
614.27
 20
3.225
 10
614.27
 20
3.204
 10
614.269562
 20
3.2028420000000004
 10
614.269124
 20
3.201684
 10
614.268867
 20
3.2014275000000003
 10
614.26861
 20
3.201171
 10
614.2683055
 20
3.2009545
 10
614.268001
 20
3.200738
 10
614.266626
 20
3.2003690000000002
 10
614.265251
 20
3.2
 10
614.0800005
 20
3.2
 10
613.89475
 20
3.2
 10
613.893375
 20
3.200369
 10
613.892
 20
3.200738
 10
613.8916955
 20
3.2009545
 10
613.891391
 20
3.201171
 10
613.891134
 20
3.2014275000000003
  0
LWPOLYLINE
  5
617
330
17
100
AcDbEntity
  8
VISTA
100
AcDbPolyline
 90
5
 70
1
 10
613.835
 20
3.204
 10
614.185
 20
3.204
 10
614.185
 20
3.202
 10
613.835
 20
3.202
 10
613.835
 20
3.204
  0
TEXT
  5
618
330
17
100
AcDbEntity
  8
TEXTOS
100
AcDbText
 10
614.03
 20
3.3000000000000003
 30
0.0
 40
0.013000000000000001
  1
Losa +3,20
100
AcDbText
  0
TEXT
  5
619
330
17
100
AcDbEntity
  8
TEXTOS
100
AcDbText
 10
614.03
 20
3.35
 30
0.0
 40
0.013000000000000001
  1
NPT +3,25
100
AcDbText
  0
DIMENSION
  5
61A
330
17
100
AcDbEntity
  8
COTAS
100
AcDbDimension
280
0
  2
*D5
  3
Standard
 10
614.25
 20
3.2
 30
0.0
 11
613.56
 21
3.225
 31
0.0
 70
32
 71
5
  1
<>
100
AcDbAlignedDimension
 13
614.25
 23
3.2
 33
0.0
 14
614.25
 24
3.25
 34
0.0
 50
90.0
100
AcDbRotatedDimension
1001
ACAD
1000
DSTYLE
1002
{
1070
140
1040
0.13
1070
41
1040
0.09
1002
}
  0
ENDSEC
  0
SECTION
  2
OBJECTS
  0
DICTIONARY
  5
A
330
0
100
AcDbDictionary
281
1
  3
ACAD_COLOR
350
B
  3
ACAD_GROUP
350
C
  3
ACAD_LAYOUT
350
D
  3
ACAD_MATERIAL
350
E
  3
ACAD_MLEADERSTYLE
350
F
  3
ACAD_MLINESTYLE
350
10
  3
ACAD_PLOTSETTINGS
350
11
  3
ACAD_PLOTSTYLENAME
350
12
  3
ACAD_SCALELIST
350
14
  3
ACAD_TABLESTYLE
350
15
  3
ACAD_VISUALSTYLE
350
16
  3
EZDXF_META
350
2D
  0
DICTIONARY
  5
B
330
A
100
AcDbDictionary
281
1
  0
DICTIONARY
  5
C
330
A
100
AcDbDictionary
281
1
  0
DICTIONARY
  5
D
330
A
100
AcDbDictionary
281
1
  3
Model
350
1A
  3
Layout1
350
1E
  0
DICTIONARY
  5
E
330
A
100
AcDbDictionary
281
1
  3
ByBlock
350
1F
  3
ByLayer
350
20
  3
Global
350
21
  0
DICTIONARY
  5
F
330
A
100
AcDbDictionary
281
1
  3
Standard
350
2C
  0
DICTIONARY
  5
10
330
A
100
AcDbDictionary
281
1
  3
Standard
350
22
  0
DICTIONARY
  5
11
330
A
100
AcDbDictionary
281
1
  0
ACDBDICTIONARYWDFLT
  5
12
330
A
100
AcDbDictionary
281
1
  3
Normal
350
13
100
AcDbDictionaryWithDefault
340
13
  0
ACDBPLACEHOLDER
  5
13
330
12
  0
DICTIONARY
  5
14
330
A
100
AcDbDictionary
281
1
  0
DICTIONARY
  5
15
330
A
100
AcDbDictionary
281
1
  0
DICTIONARY
  5
16
330
A
100
AcDbDictionary
281
1
  0
LAYOUT
  5
1A
330
D
100
AcDbPlotSettings
  1

  4
A3
  6

 40
7.5
 41
20.0
 42
7.5
 43
20.0
 44
420.0
 45
297.0
 46
0.0
 47
0.0
 48
0.0
 49
0.0
140
0.0
141
0.0
142
1.0
143
1.0
 70
1024
 72
1
 73
0
 74
5
  7

 75
16
 76
0
 77
2
 78
300
147
1.0
148
0.0
149
0.0
100
AcDbLayout
  1
Model
 70
1
 71
0
 10
0.0
 20
0.0
 11
420.0
 21
297.0
 12
0.0
 22
0.0
 32
0.0
 14
1e+20
 24
1e+20
 34
1e+20
 15
-1e+20
 25
-1e+20
 35
-1e+20
146
0.0
 13
0.0
 23
0.0
 33
0.0
 16
1.0
 26
0.0
 36
0.0
 17
0.0
 27
1.0
 37
0.0
 76
1
330
17
  0
LAYOUT
  5
1E
330
D
100
AcDbPlotSettings
  1

  4
A3
  6

 40
7.5
 41
20.0
 42
7.5
 43
20.0
 44
420.0
 45
297.0
 46
0.0
 47
0.0
 48
0.0
 49
0.0
140
0.0
141
0.0
142
1.0
143
1.0
 70
0
 72
1
 73
0
 74
5
  7

 75
16
 76
0
 77
2
 78
300
147
1.0
148
0.0
149
0.0
100
AcDbLayout
  1
Layout1
 70
1
 71
1
 10
0.0
 20
0.0
 11
420.0
 21
297.0
 12
0.0
 22
0.0
 32
0.0
 14
1e+20
 24
1e+20
 34
1e+20
 15
-1e+20
 25
-1e+20
 35
-1e+20
146
0.0
 13
0.0
 23
0.0
 33
0.0
 16
1.0
 26
0.0
 36
0.0
 17
0.0
 27
1.0
 37
0.0
 76
1
330
1B
  0
MATERIAL
  5
1F
102
{ACAD_REACTORS
330
E
102
}
330
E
100
AcDbMaterial
  1
ByBlock
  2

 70
0
 40
1.0
 71
1
 41
1.0
 91
-1023410177
 42
1.0
 72
1
  3

 73
1
 74
1
 75
1
 44
0.5
 73
0
 45
1.0
 46
1.0
 77
1
  4

 78
1
 79
1
170
1
 48
1.0
171
1
  6

172
1
173
1
174
1
140
1.0
141
1.0
175
1
  7

176
1
177
1
178
1
143
1.0
179
1
  8

270
1
271
1
272
1
145
1.0
146
1.0
273
1
  9

274
1
275
1
276
1
 42
1.0
 72
1
  3

 73
1
 74
1
 75
1
 94
63
  0
MATERIAL
  5
20
102
{ACAD_REACTORS
330
E
102
}
330
E
100
AcDbMaterial
  1
ByLayer
  2

 70
0
 40
1.0
 71
1
 41
1.0
 91
-1023410177
 42
1.0
 72
1
  3

 73
1
 74
1
 75
1
 44
0.5
 73
0
 45
1.0
 46
1.0
 77
1
  4

 78
1
 79
1
170
1
 48
1.0
171
1
  6

172
1
173
1
174
1
140
1.0
141
1.0
175
1
  7

176
1
177
1
178
1
143
1.0
179
1
  8

270
1
271
1
272
1
145
1.0
146
1.0
273
1
  9

274
1
275
1
276
1
 42
1.0
 72
1
  3

 73
1
 74
1
 75
1
 94
63
  0
MATERIAL
  5
21
102
{ACAD_REACTORS
330
E
102
}
330
E
100
AcDbMaterial
  1
Global
  2

 70
0
 40
1.0
 71
1
 41
1.0
 91
-1023410177
 42
1.0
 72
1
  3

 73
1
 74
1
 75
1
 44
0.5
 73
0
 45
1.0
 46
1.0
 77
1
  4

 78
1
 79
1
170
1
 48
1.0
171
1
  6

172
1
173
1
174
1
140
1.0
141
1.0
175
1
  7

176
1
177
1
178
1
143
1.0
179
1
  8

270
1
271
1
272
1
145
1.0
146
1.0
273
1
  9

274
1
275
1
276
1
 42
1.0
 72
1
  3

 73
1
 74
1
 75
1
 94
63
  0
MLINESTYLE
  5
22
102
{ACAD_REACTORS
330
10
102
}
330
10
100
AcDbMlineStyle
  2
Standard
 70
0
  3

 62
256
 51
90.0
 52
90.0
 71
2
 49
0.5
 62
256
  6
BYLAYER
 49
-0.5
 62
256
  6
BYLAYER
  0
MLEADERSTYLE
  5
2C
102
{ACAD_REACTORS
330
F
102
}
330
F
100
AcDbMLeaderStyle
179
2
170
2
171
1
172
0
 90
2
 40
0.0
 41
0.0
173
1
 91
-1056964608
 92
-2
290
1
 42
2.0
291
1
 43
8.0
  3
Standard
 44
4.0
300

342
29
174
1
175
1
176
0
178
1
 93
-1056964608
 45
4.0
292
0
297
0
 46
4.0
 94
-1056964608
 47
1.0
 49
1.0
140
1.0
294
1
141
0.0
177
0
142
1.0
295
0
296
0
143
3.75
271
0
272
9
273
9
  0
DICTIONARY
  5
2D
330
A
100
AcDbDictionary
280
1
281
1
  3
CREATED_BY_EZDXF
350
2E
  3
WRITTEN_BY_EZDXF
350
62D
  0
DICTIONARYVAR
  5
2E
330
2D
100
DictionaryVariables
280
0
  1
1.4.4 @ 2026-09-11T04:45:55.882240+00:00
  0
DICTIONARYVAR
  5
62D
330
2D
100
DictionaryVariables
280
0
  1
1.4.4 @ 2026-09-11T04:45:56.573637+00:00
  0
ENDSEC
  0
EOF
