  0
SECTION
  2
HEADER
  9
$ACADVER
  1
AC1024
  9
$ACADMAINTVER
 70
6
  9
$DWGCODEPAGE
  3
ANSI_1252
  9
$LASTSAVEDBY
  1
ezdxf
  9
$INSBASE
 10
0.0
 20
0.0
 30
0.0
  9
$EXTMIN
 10
1e+20
 20
1e+20
 30
1e+20
  9
$EXTMAX
 10
-1e+20
 20
-1e+20
 30
-1e+20
  9
$LIMMIN
 10
0.0
 20
0.0
  9
$LIMMAX
 10
420.0
 20
297.0
  9
$ORTHOMODE
 70
0
  9
$REGENMODE
 70
1
  9
$FILLMODE
 70
1
  9
$QTEXTMODE
 70
0
  9
$MIRRTEXT
 70
1
  9
$LTSCALE
 40
1.0
  9
$ATTMODE
 70
1
  9
$TEXTSIZE
 40
2.5
  9
$TRACEWID
 40
1.0
  9
$TEXTSTYLE
  7
Standard
  9
$CLAYER
  8
0
  9
$CELTYPE
  6
ByLayer
  9
$CECOLOR
 62
256
  9
$CELTSCALE
 40
1.0
  9
$DISPSILH
 70
0
  9
$DIMSCALE
 40
1.0
  9
$DIMASZ
 40
2.5
  9
$DIMEXO
 40
0.625
  9
$DIMDLI
 40
3.75
  9
$DIMRND
 40
0.0
  9
$DIMDLE
 40
0.0
  9
$DIMEXE
 40
1.25
  9
$DIMTP
 40
0.0
  9
$DIMTM
 40
0.0
  9
$DIMTXT
 40
2.5
  9
$DIMCEN
 40
2.5
  9
$DIMTSZ
 40
0.0
  9
$DIMTOL
 70
0
  9
$DIMLIM
 70
0
  9
$DIMTIH
 70
0
  9
$DIMTOH
 70
0
  9
$DIMSE1
 70
0
  9
$DIMSE2
 70
0
  9
$DIMTAD
 70
1
  9
$DIMZIN
 70
8
  9
$DIMBLK
  1

  9
$DIMASO
 70
1
  9
$DIMSHO
 70
1
  9
$DIMPOST
  1

  9
$DIMAPOST
  1

  9
$DIMALT
 70
0
  9
$DIMALTD
 70
3
  9
$DIMALTF
 40
0.03937007874
  9
$DIMLFAC
 40
1.0
  9
$DIMTOFL
 70
1
  9
$DIMTVP
 40
0.0
  9
$DIMTIX
 70
0
  9
$DIMSOXD
 70
0
  9
$DIMSAH
 70
0
  9
$DIMBLK1
  1

  9
$DIMBLK2
  1

  9
$DIMSTYLE
  2
ISO-25
  9
$DIMCLRD
 70
0
  9
$DIMCLRE
 70
0
  9
$DIMCLRT
 70
0
  9
$DIMTFAC
 40
1.0
  9
$DIMGAP
 40
0.625
  9
$DIMJUST
 70
0
  9
$DIMSD1
 70
0
  9
$DIMSD2
 70
0
  9
$DIMTOLJ
 70
0
  9
$DIMTZIN
 70
8
  9
$DIMALTZ
 70
0
  9
$DIMALTTZ
 70
0
  9
$DIMUPT
 70
0
  9
$DIMDEC
 70
2
  9
$DIMTDEC
 70
2
  9
$DIMALTU
 70
2
  9
$DIMALTTD
 70
3
  9
$DIMTXSTY
  7
Standard
  9
$DIMAUNIT
 70
0
  9
$DIMADEC
 70
0
  9
$DIMALTRND
 40
0.0
  9
$DIMAZIN
 70
0
  9
$DIMDSEP
 70
44
  9
$DIMATFIT
 70
3
  9
$DIMFRAC
 70
0
  9
$DIMLDRBLK
  1

  9
$DIMLUNIT
 70
2
  9
$DIMLWD
 70
-2
  9
$DIMLWE
 70
-2
  9
$DIMTMOVE
 70
0
  9
$DIMFXL
 40
1.0
  9
$DIMFXLON
 70
0
  9
$DIMJOGANG
 40
0.785398163397
  9
$DIMTFILL
 70
0
  9
$DIMTFILLCLR
 70
0
  9
$DIMARCSYM
 70
0
  9
$DIMLTYPE
  6

  9
$DIMLTEX1
  6

  9
$DIMLTEX2
  6

  9
$DIMTXTDIRECTION
 70
0
  9
$LUNITS
 70
2
  9
$LUPREC
 70
4
  9
$SKETCHINC
 40
1.0
  9
$FILLETRAD
 40
10.0
  9
$AUNITS
 70
0
  9
$AUPREC
 70
2
  9
$MENU
  1
.
  9
$ELEVATION
 40
0.0
  9
$PELEVATION
 40
0.0
  9
$THICKNESS
 40
0.0
  9
$LIMCHECK
 70
0
  9
$CHAMFERA
 40
0.0
  9
$CHAMFERB
 40
0.0
  9
$CHAMFERC
 40
0.0
  9
$CHAMFERD
 40
0.0
  9
$SKPOLY
 70
0
  9
$TDCREATE
 40
2461294.8233449073
  9
$TDUCREATE
 40
2458532.153996898
  9
$TDUPDATE
 40
2461294.8234375
  9
$TDUUPDATE
 40
2458532.1544311
  9
$TDINDWG
 40
0.0
  9
$TDUSRTIMER
 40
0.0
  9
$USRTIMER
 70
1
  9
$ANGBASE
 50
0.0
  9
$ANGDIR
 70
0
  9
$PDMODE
 70
0
  9
$PDSIZE
 40
0.0
  9
$PLINEWID
 40
0.0
  9
$SPLFRAME
 70
0
  9
$SPLINETYPE
 70
6
  9
$SPLINESEGS
 70
8
  9
$HANDSEED
  5
70A
  9
$SURFTAB1
 70
6
  9
$SURFTAB2
 70
6
  9
$SURFTYPE
 70
6
  9
$SURFU
 70
6
  9
$SURFV
 70
6
  9
$UCSBASE
  2

  9
$UCSNAME
  2

  9
$UCSORG
 10
0.0
 20
0.0
 30
0.0
  9
$UCSXDIR
 10
1.0
 20
0.0
 30
0.0
  9
$UCSYDIR
 10
0.0
 20
1.0
 30
0.0
  9
$UCSORTHOREF
  2

  9
$UCSORTHOVIEW
 70
0
  9
$UCSORGTOP
 10
0.0
 20
0.0
 30
0.0
  9
$UCSORGBOTTOM
 10
0.0
 20
0.0
 30
0.0
  9
$UCSORGLEFT
 10
0.0
 20
0.0
 30
0.0
  9
$UCSORGRIGHT
 10
0.0
 20
0.0
 30
0.0
  9
$UCSORGFRONT
 10
0.0
 20
0.0
 30
0.0
  9
$UCSORGBACK
 10
0.0
 20
0.0
 30
0.0
  9
$PUCSBASE
  2

  9
$PUCSNAME
  2

  9
$PUCSORG
 10
0.0
 20
0.0
 30
0.0
  9
$PUCSXDIR
 10
1.0
 20
0.0
 30
0.0
  9
$PUCSYDIR
 10
0.0
 20
1.0
 30
0.0
  9
$PUCSORTHOREF
  2

  9
$PUCSORTHOVIEW
 70
0
  9
$PUCSORGTOP
 10
0.0
 20
0.0
 30
0.0
  9
$PUCSORGBOTTOM
 10
0.0
 20
0.0
 30
0.0
  9
$PUCSORGLEFT
 10
0.0
 20
0.0
 30
0.0
  9
$PUCSORGRIGHT
 10
0.0
 20
0.0
 30
0.0
  9
$PUCSORGFRONT
 10
0.0
 20
0.0
 30
0.0
  9
$PUCSORGBACK
 10
0.0
 20
0.0
 30
0.0
  9
$USERI1
 70
0
  9
$USERI2
 70
0
  9
$USERI3
 70
0
  9
$USERI4
 70
0
  9
$USERI5
 70
0
  9
$USERR1
 40
0.0
  9
$USERR2
 40
0.0
  9
$USERR3
 40
0.0
  9
$USERR4
 40
0.0
  9
$USERR5
 40
0.0
  9
$WORLDVIEW
 70
1
  9
$SHADEDGE
 70
3
  9
$SHADEDIF
 70
70
  9
$TILEMODE
 70
1
  9
$MAXACTVP
 70
64
  9
$PINSBASE
 10
0.0
 20
0.0
 30
0.0
  9
$PLIMCHECK
 70
0
  9
$PEXTMIN
 10
1e+20
 20
1e+20
 30
1e+20
  9
$PEXTMAX
 10
-1e+20
 20
-1e+20
 30
-1e+20
  9
$PLIMMIN
 10
0.0
 20
0.0
  9
$PLIMMAX
 10
420.0
 20
297.0
  9
$UNITMODE
 70
0
  9
$VISRETAIN
 70
1
  9
$PLINEGEN
 70
0
  9
$PSLTSCALE
 70
1
  9
$TREEDEPTH
 70
3020
  9
$CMLSTYLE
  2
Standard
  9
$CMLJUST
 70
0
  9
$CMLSCALE
 40
20.0
  9
$PROXYGRAPHICS
 70
1
  9
$MEASUREMENT
 70
1
  9
$CELWEIGHT
370
-1
  9
$ENDCAPS
280
0
  9
$JOINSTYLE
280
0
  9
$LWDISPLAY
290
0
  9
$INSUNITS
 70
6
  9
$HYPERLINKBASE
  1

  9
$STYLESHEET
  1

  9
$XEDIT
290
1
  9
$CEPSNTYPE
380
0
  9
$PSTYLEMODE
290
1
  9
$FINGERPRINTGUID
  2
{CC37342E-3000-46BC-8440-58F69076AA86}
  9
$VERSIONGUID
  2
{89882E47-6BE4-46C0-A3AB-9D8AD551BEBC}
  9
$EXTNAMES
290
1
  9
$PSVPSCALE
 40
0.0
  9
$OLESTARTUP
290
0
  9
$SORTENTS
280
127
  9
$INDEXCTL
280
0
  9
$HIDETEXT
280
1
  9
$XCLIPFRAME
280
1
  9
$HALOGAP
280
0
  9
$OBSCOLOR
 70
257
  9
$OBSLTYPE
280
0
  9
$INTERSECTIONDISPLAY
280
0
  9
$INTERSECTIONCOLOR
 70
257
  9
$DIMASSOC
280
2
  9
$PROJECTNAME
  1

  9
$CAMERADISPLAY
290
0
  9
$LENSLENGTH
 40
50.0
  9
$CAMERAHEIGHT
 40
0.0
  9
$STEPSPERSEC
 40
24.0
  9
$STEPSIZE
 40
100.0
  9
$3DDWFPREC
 40
2.0
  9
$PSOLWIDTH
 40
0.005
  9
$PSOLHEIGHT
 40
0.08
  9
$LOFTANG1
 40
1.570796326795
  9
$LOFTANG2
 40
1.570796326795
  9
$LOFTMAG1
 40
0.0
  9
$LOFTMAG2
 40
0.0
  9
$LOFTPARAM
 70
7
  9
$LOFTNORMALS
280
1
  9
$LATITUDE
 40
37.795
  9
$LONGITUDE
 40
-122.394
  9
$NORTHDIRECTION
 40
0.0
  9
$TIMEZONE
 70
-8000
  9
$LIGHTGLYPHDISPLAY
280
1
  9
$TILEMODELIGHTSYNCH
280
1
  9
$CMATERIAL
347
20
  9
$SOLIDHIST
280
0
  9
$SHOWHIST
280
1
  9
$DWFFRAME
280
2
  9
$DGNFRAME
280
2
  9
$REALWORLDSCALE
290
1
  9
$INTERFERECOLOR
 62
256
  9
$CSHADOW
280
0
  9
$SHADOWPLANELOCATION
 40
0.0
  0
ENDSEC
  0
SECTION
  2
CLASSES
  0
CLASS
  1
ACDBDICTIONARYWDFLT
  2
AcDbDictionaryWithDefault
  3
ObjectDBX Classes
 90
0
 91
0
280
0
281
0
  0
CLASS
  1
SUN
  2
AcDbSun
  3
SCENEOE
 90
1153
 91
0
280
0
281
0
  0
CLASS
  1
VISUALSTYLE
  2
AcDbVisualStyle
  3
ObjectDBX Classes
 90
4095
 91
0
280
0
281
0
  0
CLASS
  1
MATERIAL
  2
AcDbMaterial
  3
ObjectDBX Classes
 90
1153
 91
0
280
0
281
0
  0
CLASS
  1
SCALE
  2
AcDbScale
  3
ObjectDBX Classes
 90
1153
 91
0
280
0
281
0
  0
CLASS
  1
TABLESTYLE
  2
AcDbTableStyle
  3
ObjectDBX Classes
 90
4095
 91
0
280
0
281
0
  0
CLASS
  1
MLEADERSTYLE
  2
AcDbMLeaderStyle
  3
ACDB_MLEADERSTYLE_CLASS
 90
4095
 91
0
280
0
281
0
  0
CLASS
  1
DICTIONARYVAR
  2
AcDbDictionaryVar
  3
ObjectDBX Classes
 90
0
 91
0
280
0
281
0
  0
CLASS
  1
CELLSTYLEMAP
  2
AcDbCellStyleMap
  3
ObjectDBX Classes
 90
1152
 91
0
280
0
281
0
  0
CLASS
  1
MENTALRAYRENDERSETTINGS
  2
AcDbMentalRayRenderSettings
  3
SCENEOE
 90
1024
 91
0
280
0
281
0
  0
CLASS
  1
ACDBDETAILVIEWSTYLE
  2
AcDbDetailViewStyle
  3
ObjectDBX Classes
 90
1025
 91
0
280
0
281
0
  0
CLASS
  1
ACDBSECTIONVIEWSTYLE
  2
AcDbSectionViewStyle
  3
ObjectDBX Classes
 90
1025
 91
0
280
0
281
0
  0
CLASS
  1
RASTERVARIABLES
  2
AcDbRasterVariables
  3
ISM
 90
0
 91
0
280
0
281
0
  0
CLASS
  1
ACDBPLACEHOLDER
  2
AcDbPlaceHolder
  3
ObjectDBX Classes
 90
0
 91
0
280
0
281
0
  0
CLASS
  1
LAYOUT
  2
AcDbLayout
  3
ObjectDBX Classes
 90
0
 91
0
280
0
281
0
  0
ENDSEC
  0
SECTION
  2
TABLES
  0
TABLE
  2
VPORT
  5
8
330
0
100
AcDbSymbolTable
 70
1
  0
VPORT
  5
23
330
8
100
AcDbSymbolTableRecord
100
AcDbViewportTableRecord
  2
*Active
 70
0
 10
0.0
 20
0.0
 11
1.0
 21
1.0
 12
0.0
 22
0.0
 13
0.0
 23
0.0
 14
0.5
 24
0.5
 15
0.5
 25
0.5
 16
0.0
 26
0.0
 36
1.0
 17
0.0
 27
0.0
 37
0.0
 40
1000.0
 41
1.34
 42
50.0
 43
0.0
 44
0.0
 50
0.0
 51
0.0
 71
0
 72
1000
 73
1
 74
3
 75
0
 76
0
 77
0
 78
0
281
0
 65
0
146
0.0
  0
ENDTAB
  0
TABLE
  2
LTYPE
  5
2
330
0
100
AcDbSymbolTable
 70
3
  0
LTYPE
  5
24
330
2
100
AcDbSymbolTableRecord
100
AcDbLinetypeTableRecord
  2
ByBlock
 70
0
  3

 72
65
 73
0
 40
0.0
  0
LTYPE
  5
25
330
2
100
AcDbSymbolTableRecord
100
AcDbLinetypeTableRecord
  2
ByLayer
 70
0
  3

 72
65
 73
0
 40
0.0
  0
LTYPE
  5
26
330
2
100
AcDbSymbolTableRecord
100
AcDbLinetypeTableRecord
  2
Continuous
 70
0
  3

 72
65
 73
0
 40
0.0
  0
ENDTAB
  0
TABLE
  2
LAYER
  5
1
330
0
100
AcDbSymbolTable
 70
8
  0
LAYER
  5
27
330
1
100
AcDbSymbolTableRecord
100
AcDbLayerTableRecord
  2
0
 70
0
 62
7
  6
Continuous
370
-3
390
13
347
21
  0
LAYER
  5
28
330
1
100
AcDbSymbolTableRecord
100
AcDbLayerTableRecord
  2
Defpoints
 70
0
 62
7
  6
Continuous
290
0
370
-3
390
13
347
21
  0
LAYER
  5
2F
330
1
100
AcDbSymbolTableRecord
100
AcDbLayerTableRecord
  2
CORTE
 70
0
 62
7
  6
Continuous
370
-3
390
13
347
21
  0
LAYER
  5
30
330
1
100
AcDbSymbolTableRecord
100
AcDbLayerTableRecord
  2
VISTA
 70
0
 62
8
  6
Continuous
370
-3
390
13
347
21
  0
LAYER
  5
31
330
1
100
AcDbSymbolTableRecord
100
AcDbLayerTableRecord
  2
COTAS
 70
0
 62
4
  6
Continuous
370
-3
390
13
347
21
  0
LAYER
  5
32
330
1
100
AcDbSymbolTableRecord
100
AcDbLayerTableRecord
  2
TEXTOS
 70
0
 62
7
  6
Continuous
370
-3
390
13
347
21
  0
LAYER
  5
33
330
1
100
AcDbSymbolTableRecord
100
AcDbLayerTableRecord
  2
EJES
 70
0
 62
3
  6
Continuous
370
-3
390
13
347
21
  0
LAYER
  5
34
330
1
100
AcDbSymbolTableRecord
100
AcDbLayerTableRecord
  2
SISTEMAS
 70
0
 62
5
  6
Continuous
370
-3
390
13
347
21
  0
ENDTAB
  0
TABLE
  2
STYLE
  5
5
330
0
100
AcDbSymbolTable
 70
1
  0
STYLE
  5
29
330
5
100
AcDbSymbolTableRecord
100
AcDbTextStyleTableRecord
  2
Standard
 70
0
 40
0.0
 41
1.0
 50
0.0
 71
0
 42
2.5
  3
txt
  4

  0
ENDTAB
  0
TABLE
  2
VIEW
  5
7
330
0
100
AcDbSymbolTable
 70
0
  0
ENDTAB
  0
TABLE
  2
UCS
  5
6
330
0
100
AcDbSymbolTable
 70
0
  0
ENDTAB
  0
TABLE
  2
APPID
  5
3
330
0
100
AcDbSymbolTable
 70
3
  0
APPID
  5
2A
330
3
100
AcDbSymbolTableRecord
100
AcDbRegAppTableRecord
  2
ACAD
 70
0
  0
APPID
  5
707
330
3
100
AcDbSymbolTableRecord
100
AcDbRegAppTableRecord
  2
HATCHBACKGROUNDCOLOR
 70
0
  0
APPID
  5
708
330
3
100
AcDbSymbolTableRecord
100
AcDbRegAppTableRecord
  2
EZDXF
 70
0
  0
ENDTAB
  0
TABLE
  2
DIMSTYLE
  5
4
330
0
100
AcDbSymbolTable
 70
1
100
AcDbDimStyleTable
  0
DIMSTYLE
105
2B
330
4
100
AcDbSymbolTableRecord
100
AcDbDimStyleTableRecord
  2
Standard
 70
0
 40
1.0
 41
2.5
 42
0.625
 43
3.75
 44
1.25
 45
0.0
 46
0.0
 47
0.0
 48
0.0
 49
2.5
140
2.5
141
2.5
142
0.0
143
0.03937007874
144
1.0
145
0.0
146
1.0
147
0.625
148
0.0
 69
0
 70
0
 71
0
 72
0
 73
0
 74
0
 75
0
 76
0
 77
1
 78
8
 79
3
170
0
171
3
172
1
173
0
174
0
175
0
176
0
177
0
178
0
179
2
271
2
272
2
273
2
274
3
275
0
276
0
277
2
278
44
279
0
280
0
281
0
282
0
283
0
284
8
285
0
286
0
288
0
289
3
290
0
371
-2
372
-2
  0
ENDTAB
  0
TABLE
  2
BLOCK_RECORD
  5
9
330
0
100
AcDbSymbolTable
 70
20
  0
BLOCK_RECORD
  5
17
330
9
100
AcDbSymbolTableRecord
100
AcDbBlockTableRecord
  2
*Model_Space
340
1A
 70
0
280
1
281
0
  0
BLOCK_RECORD
  5
1B
330
9
100
AcDbSymbolTableRecord
100
AcDbBlockTableRecord
  2
*Paper_Space
340
1E
 70
0
280
1
281
0
  0
BLOCK_RECORD
  5
5A3
330
9
100
AcDbSymbolTableRecord
100
AcDbBlockTableRecord
  2
*D1
340
0
 70
0
280
1
281
0
  0
BLOCK_RECORD
  5
5A8
330
9
100
AcDbSymbolTableRecord
100
AcDbBlockTableRecord
  2
_CLOSEDFILLED
340
0
 70
0
280
1
281
0
  0
BLOCK_RECORD
  5
5B7
330
9
100
AcDbSymbolTableRecord
100
AcDbBlockTableRecord
  2
*D2
340
0
 70
0
280
1
281
0
  0
BLOCK_RECORD
  5
5C8
330
9
100
AcDbSymbolTableRecord
100
AcDbBlockTableRecord
  2
*D3
340
0
 70
0
280
1
281
0
  0
BLOCK_RECORD
  5
5D8
330
9
100
AcDbSymbolTableRecord
100
AcDbBlockTableRecord
  2
*D4
340
0
 70
0
280
1
281
0
  0
BLOCK_RECORD
  5
5E9
330
9
100
AcDbSymbolTableRecord
100
AcDbBlockTableRecord
  2
*D5
340
0
 70
0
280
1
281
0
  0
BLOCK_RECORD
  5
5F9
330
9
100
AcDbSymbolTableRecord
100
AcDbBlockTableRecord
  2
*D6
340
0
 70
0
280
1
281
0
  0
BLOCK_RECORD
  5
609
330
9
100
AcDbSymbolTableRecord
100
AcDbBlockTableRecord
  2
*D7
340
0
 70
0
280
1
281
0
  0
BLOCK_RECORD
  5
629
330
9
100
AcDbSymbolTableRecord
100
AcDbBlockTableRecord
  2
*D8
340
0
 70
0
280
1
281
0
  0
BLOCK_RECORD
  5
639
330
9
100
AcDbSymbolTableRecord
100
AcDbBlockTableRecord
  2
*D9
340
0
 70
0
280
1
281
0
  0
BLOCK_RECORD
  5
649
330
9
100
AcDbSymbolTableRecord
100
AcDbBlockTableRecord
  2
*D10
340
0
 70
0
280
1
281
0
  0
BLOCK_RECORD
  5
659
330
9
100
AcDbSymbolTableRecord
100
AcDbBlockTableRecord
  2
*D11
340
0
 70
0
280
1
281
0
  0
BLOCK_RECORD
  5
669
330
9
100
AcDbSymbolTableRecord
100
AcDbBlockTableRecord
  2
*D12
340
0
 70
0
280
1
281
0
  0
BLOCK_RECORD
  5
679
330
9
100
AcDbSymbolTableRecord
100
AcDbBlockTableRecord
  2
*D13
340
0
 70
0
280
1
281
0
  0
BLOCK_RECORD
  5
689
330
9
100
AcDbSymbolTableRecord
100
AcDbBlockTableRecord
  2
*D14
340
0
 70
0
280
1
281
0
  0
BLOCK_RECORD
  5
699
330
9
100
AcDbSymbolTableRecord
100
AcDbBlockTableRecord
  2
*D15
340
0
 70
0
280
1
281
0
  0
BLOCK_RECORD
  5
6A9
330
9
100
AcDbSymbolTableRecord
100
AcDbBlockTableRecord
  2
*D16
340
0
 70
0
280
1
281
0
  0
BLOCK_RECORD
  5
6BF
330
9
100
AcDbSymbolTableRecord
100
AcDbBlockTableRecord
  2
*D17
340
0
 70
0
280
1
281
0
  0
ENDTAB
  0
ENDSEC
  0
SECTION
  2
BLOCKS
  0
BLOCK
  5
18
330
17
100
AcDbEntity
  8
0
100
AcDbBlockBegin
  2
*Model_Space
 70
0
 10
0.0
 20
0.0
 30
0.0
  3
*Model_Space
  1

  0
ENDBLK
  5
19
330
17
100
AcDbEntity
  8
0
100
AcDbBlockEnd
  0
BLOCK
  5
1C
330
1B
100
AcDbEntity
  8
0
100
AcDbBlockBegin
  2
*Paper_Space
 70
0
 10
0.0
 20
0.0
 30
0.0
  3
*Paper_Space
  1

  0
ENDBLK
  5
1D
330
1B
100
AcDbEntity
  8
0
100
AcDbBlockEnd
  0
BLOCK
  5
5A4
330
5A3
100
AcDbEntity
  8
0
100
AcDbBlockBegin
  2
*D1
 70
1
 10
0.0
 20
0.0
 30
0.0
  3
*D1
  1

  0
LINE
  5
5A6
330
5A3
100
AcDbEntity
  8
0
100
AcDbLine
 10
134.0
 20
0.0
 30
0.0
 11
134.0
 21
1.35
 31
0.0
  0
LINE
  5
5A7
330
5A3
100
AcDbEntity
  8
0
100
AcDbLine
 10
142.0
 20
0.0
 30
0.0
 11
142.0
 21
1.35
 31
0.0
  0
INSERT
  5
5AC
330
5A3
100
AcDbEntity
  8
COTAS
100
AcDbBlockReference
  2
_CLOSEDFILLED
 10
134.0
 20
1.35
 30
0.0
 41
0.09
 42
0.09
 50
180.0
  0
INSERT
  5
5AE
330
5A3
100
AcDbEntity
  8
COTAS
100
AcDbBlockReference
  2
_CLOSEDFILLED
 10
142.0
 20
1.35
 30
0.0
 41
0.09
 42
0.09
  0
LINE
  5
5B0
330
5A3
100
AcDbEntity
  8
0
100
AcDbLine
 10
134.09
 20
1.35
 30
0.0
 11
137.935
 21
1.35
 31
0.0
  0
LINE
  5
5B1
330
5A3
100
AcDbEntity
  8
0
100
AcDbLine
 10
138.065
 20
1.35
 30
0.0
 11
141.91
 21
1.35
 31
0.0
  0
MTEXT
  5
5B2
330
5A3
100
AcDbEntity
  8
COTAS
100
AcDbMText
 10
138.0
 20
1.35
 30
0.0
 40
0.13
 71
5
  1
8
  0
POINT
  5
5B3
330
5A3
100
AcDbEntity
  8
Defpoints
100
AcDbPoint
 10
134.0
 20
1.35
 30
0.0
  0
POINT
  5
5B4
330
5A3
100
AcDbEntity
  8
Defpoints
100
AcDbPoint
 10
134.0
 20
0.0
 30
0.0
  0
POINT
  5
5B5
330
5A3
100
AcDbEntity
  8
Defpoints
100
AcDbPoint
 10
142.0
 20
0.0
 30
0.0
  0
ENDBLK
  5
5A5
330
5A3
100
AcDbEntity
  8
0
100
AcDbBlockEnd
  0
BLOCK
  5
5A9
330
5A8
100
AcDbEntity
  8
0
100
AcDbBlockBegin
  2
_CLOSEDFILLED
 70
0
 10
0.0
 20
0.0
 30
0.0
  3
_CLOSEDFILLED
  1

  0
SOLID
  5
5AB
330
5A8
100
AcDbEntity
  8
0
  6
BYBLOCK
 62
0
100
AcDbTrace
 10
-1.0
 20
0.16439898372402537
 30
0.0
 11
0.0
 21
0.0
 31
0.0
 12
-1.0
 22
-0.16439898372402537
 32
0.0
 13
-1.0
 23
-0.16439898372402537
 33
0.0
  0
ENDBLK
  5
5AA
330
5A8
100
AcDbEntity
  8
0
100
AcDbBlockEnd
  0
BLOCK
  5
5B8
330
5B7
100
AcDbEntity
  8
0
100
AcDbBlockBegin
  2
*D2
 70
1
 10
0.0
 20
0.0
 30
0.0
  3
*D2
  1

  0
LINE
  5
5BA
330
5B7
100
AcDbEntity
  8
0
100
AcDbLine
 10
134.0
 20
0.0
 30
0.0
 11
134.0
 21
0.7
 31
0.0
  0
LINE
  5
5BB
330
5B7
100
AcDbEntity
  8
0
100
AcDbLine
 10
134.2
 20
0.0
 30
0.0
 11
134.2
 21
0.7
 31
0.0
  0
INSERT
  5
5BC
330
5B7
100
AcDbEntity
  8
COTAS
100
AcDbBlockReference
  2
_CLOSEDFILLED
 10
134.0
 20
0.7
 30
0.0
 41
0.09
 42
0.09
  0
INSERT
  5
5BE
330
5B7
100
AcDbEntity
  8
COTAS
100
AcDbBlockReference
  2
_CLOSEDFILLED
 10
134.2
 20
0.7
 30
0.0
 41
0.09
 42
0.09
 50
180.0
  0
LINE
  5
5C0
330
5B7
100
AcDbEntity
  8
0
100
AcDbLine
 10
133.91
 20
0.7
 30
0.0
 11
133.82
 21
0.7
 31
0.0
  0
LINE
  5
5C1
330
5B7
100
AcDbEntity
  8
0
100
AcDbLine
 10
134.29
 20
0.7
 30
0.0
 11
134.38
 21
0.7
 31
0.0
  0
LINE
  5
5C2
330
5B7
100
AcDbEntity
  8
0
100
AcDbLine
 10
134.0
 20
0.7
 30
0.0
 11
134.2
 21
0.7
 31
0.0
  0
MTEXT
  5
5C3
330
5B7
100
AcDbEntity
  8
COTAS
100
AcDbMText
 10
134.1
 20
1.39
 30
0.0
 40
0.13
 71
5
  1
0,2
  0
POINT
  5
5C4
330
5B7
100
AcDbEntity
  8
Defpoints
100
AcDbPoint
 10
134.0
 20
0.7
 30
0.0
  0
POINT
  5
5C5
330
5B7
100
AcDbEntity
  8
Defpoints
100
AcDbPoint
 10
134.0
 20
0.0
 30
0.0
  0
POINT
  5
5C6
330
5B7
100
AcDbEntity
  8
Defpoints
100
AcDbPoint
 10
134.2
 20
0.0
 30
0.0
  0
ENDBLK
  5
5B9
330
5B7
100
AcDbEntity
  8
0
100
AcDbBlockEnd
  0
BLOCK
  5
5C9
330
5C8
100
AcDbEntity
  8
0
100
AcDbBlockBegin
  2
*D3
 70
1
 10
0.0
 20
0.0
 30
0.0
  3
*D3
  1

  0
LINE
  5
5CB
330
5C8
100
AcDbEntity
  8
0
100
AcDbLine
 10
134.2
 20
0.0
 30
0.0
 11
134.2
 21
0.7
 31
0.0
  0
LINE
  5
5CC
330
5C8
100
AcDbEntity
  8
0
100
AcDbLine
 10
141.8
 20
0.0
 30
0.0
 11
141.8
 21
0.7
 31
0.0
  0
INSERT
  5
5CD
330
5C8
100
AcDbEntity
  8
COTAS
100
AcDbBlockReference
  2
_CLOSEDFILLED
 10
134.2
 20
0.7
 30
0.0
 41
0.09
 42
0.09
 50
180.0
  0
INSERT
  5
5CF
330
5C8
100
AcDbEntity
  8
COTAS
100
AcDbBlockReference
  2
_CLOSEDFILLED
 10
141.8
 20
0.7
 30
0.0
 41
0.09
 42
0.09
  0
LINE
  5
5D1
330
5C8
100
AcDbEntity
  8
0
100
AcDbLine
 10
134.29
 20
0.7
 30
0.0
 11
137.805
 21
0.7
 31
0.0
  0
LINE
  5
5D2
330
5C8
100
AcDbEntity
  8
0
100
AcDbLine
 10
138.195
 20
0.7
 30
0.0
 11
141.71
 21
0.7
 31
0.0
  0
MTEXT
  5
5D3
330
5C8
100
AcDbEntity
  8
COTAS
100
AcDbMText
 10
138.0
 20
0.7
 30
0.0
 40
0.13
 71
5
  1
7,6
  0
POINT
  5
5D4
330
5C8
100
AcDbEntity
  8
Defpoints
100
AcDbPoint
 10
134.2
 20
0.7
 30
0.0
  0
POINT
  5
5D5
330
5C8
100
AcDbEntity
  8
Defpoints
100
AcDbPoint
 10
134.2
 20
0.0
 30
0.0
  0
POINT
  5
5D6
330
5C8
100
AcDbEntity
  8
Defpoints
100
AcDbPoint
 10
141.8
 20
0.0
 30
0.0
  0
ENDBLK
  5
5CA
330
5C8
100
AcDbEntity
  8
0
100
AcDbBlockEnd
  0
BLOCK
  5
5D9
330
5D8
100
AcDbEntity
  8
0
100
AcDbBlockBegin
  2
*D4
 70
1
 10
0.0
 20
0.0
 30
0.0
  3
*D4
  1

  0
LINE
  5
5DB
330
5D8
100
AcDbEntity
  8
0
100
AcDbLine
 10
141.8
 20
0.0
 30
0.0
 11
141.8
 21
0.7
 31
0.0
  0
LINE
  5
5DC
330
5D8
100
AcDbEntity
  8
0
100
AcDbLine
 10
142.0
 20
0.0
 30
0.0
 11
142.0
 21
0.7
 31
0.0
  0
INSERT
  5
5DD
330
5D8
100
AcDbEntity
  8
COTAS
100
AcDbBlockReference
  2
_CLOSEDFILLED
 10
141.8
 20
0.7
 30
0.0
 41
0.09
 42
0.09
  0
INSERT
  5
5DF
330
5D8
100
AcDbEntity
  8
COTAS
100
AcDbBlockReference
  2
_CLOSEDFILLED
 10
142.0
 20
0.7
 30
0.0
 41
0.09
 42
0.09
 50
180.0
  0
LINE
  5
5E1
330
5D8
100
AcDbEntity
  8
0
100
AcDbLine
 10
141.71
 20
0.7
 30
0.0
 11
141.62
 21
0.7
 31
0.0
  0
LINE
  5
5E2
330
5D8
100
AcDbEntity
  8
0
100
AcDbLine
 10
142.09
 20
0.7
 30
0.0
 11
142.18
 21
0.7
 31
0.0
  0
LINE
  5
5E3
330
5D8
100
AcDbEntity
  8
0
100
AcDbLine
 10
141.8
 20
0.7
 30
0.0
 11
142.0
 21
0.7
 31
0.0
  0
MTEXT
  5
5E4
330
5D8
100
AcDbEntity
  8
COTAS
100
AcDbMText
 10
141.9
 20
1.39
 30
0.0
 40
0.13
 71
5
  1
0,2
  0
POINT
  5
5E5
330
5D8
100
AcDbEntity
  8
Defpoints
100
AcDbPoint
 10
141.8
 20
0.7
 30
0.0
  0
POINT
  5
5E6
330
5D8
100
AcDbEntity
  8
Defpoints
100
AcDbPoint
 10
141.8
 20
0.0
 30
0.0
  0
POINT
  5
5E7
330
5D8
100
AcDbEntity
  8
Defpoints
100
AcDbPoint
 10
142.0
 20
0.0
 30
0.0
  0
ENDBLK
  5
5DA
330
5D8
100
AcDbEntity
  8
0
100
AcDbBlockEnd
  0
BLOCK
  5
5EA
330
5E9
100
AcDbEntity
  8
0
100
AcDbBlockBegin
  2
*D5
 70
1
 10
0.0
 20
0.0
 30
0.0
  3
*D5
  1

  0
LINE
  5
5EC
330
5E9
100
AcDbEntity
  8
0
100
AcDbLine
 10
142.0
 20
0.0
 30
0.0
 11
143.05
 21
0.0
 31
0.0
  0
LINE
  5
5ED
330
5E9
100
AcDbEntity
  8
0
100
AcDbLine
 10
142.0
 20
-12.0
 30
0.0
 11
143.05
 21
-12.0
 31
0.0
  0
INSERT
  5
5EE
330
5E9
100
AcDbEntity
  8
COTAS
100
AcDbBlockReference
  2
_CLOSEDFILLED
 10
143.05
 20
0.0
 30
0.0
 41
0.09
 42
0.09
 50
270.0
  0
INSERT
  5
5F0
330
5E9
100
AcDbEntity
  8
COTAS
100
AcDbBlockReference
  2
_CLOSEDFILLED
 10
143.05
 20
-12.0
 30
0.0
 41
0.09
 42
0.09
 50
90.0
  0
LINE
  5
5F2
330
5E9
100
AcDbEntity
  8
0
100
AcDbLine
 10
143.05
 20
0.09
 30
0.0
 11
143.05
 21
-5.87
 31
0.0
  0
LINE
  5
5F3
330
5E9
100
AcDbEntity
  8
0
100
AcDbLine
 10
143.05
 20
-6.130000000000001
 30
0.0
 11
143.05
 21
-12.09
 31
0.0
  0
MTEXT
  5
5F4
330
5E9
100
AcDbEntity
  8
COTAS
100
AcDbMText
 10
143.05
 20
-6.0
 30
0.0
 40
0.13
 71
5
  1
12
 50
90.0
  0
POINT
  5
5F5
330
5E9
100
AcDbEntity
  8
Defpoints
100
AcDbPoint
 10
143.05
 20
0.0
 30
0.0
  0
POINT
  5
5F6
330
5E9
100
AcDbEntity
  8
Defpoints
100
AcDbPoint
 10
142.0
 20
0.0
 30
0.0
  0
POINT
  5
5F7
330
5E9
100
AcDbEntity
  8
Defpoints
100
AcDbPoint
 10
142.0
 20
-12.0
 30
0.0
  0
ENDBLK
  5
5EB
330
5E9
100
AcDbEntity
  8
0
100
AcDbBlockEnd
  0
BLOCK
  5
5FA
330
5F9
100
AcDbEntity
  8
0
100
AcDbBlockBegin
  2
*D6
 70
1
 10
0.0
 20
0.0
 30
0.0
  3
*D6
  1

  0
LINE
  5
5FC
330
5F9
100
AcDbEntity
  8
0
100
AcDbLine
 10
142.0
 20
0.0
 30
0.0
 11
142.55
 21
0.0
 31
0.0
  0
LINE
  5
5FD
330
5F9
100
AcDbEntity
  8
0
100
AcDbLine
 10
142.0
 20
-6.0
 30
0.0
 11
142.55
 21
-6.0
 31
0.0
  0
INSERT
  5
5FE
330
5F9
100
AcDbEntity
  8
COTAS
100
AcDbBlockReference
  2
_CLOSEDFILLED
 10
142.55
 20
0.0
 30
0.0
 41
0.09
 42
0.09
 50
270.0
  0
INSERT
  5
600
330
5F9
100
AcDbEntity
  8
COTAS
100
AcDbBlockReference
  2
_CLOSEDFILLED
 10
142.55
 20
-6.0
 30
0.0
 41
0.09
 42
0.09
 50
90.0
  0
LINE
  5
602
330
5F9
100
AcDbEntity
  8
0
100
AcDbLine
 10
142.55
 20
0.09
 30
0.0
 11
142.55
 21
-2.935
 31
0.0
  0
LINE
  5
603
330
5F9
100
AcDbEntity
  8
0
100
AcDbLine
 10
142.55
 20
-3.065
 30
0.0
 11
142.55
 21
-6.09
 31
0.0
  0
MTEXT
  5
604
330
5F9
100
AcDbEntity
  8
COTAS
100
AcDbMText
 10
142.55
 20
-3.0
 30
0.0
 40
0.13
 71
5
  1
6
 50
90.0
  0
POINT
  5
605
330
5F9
100
AcDbEntity
  8
Defpoints
100
AcDbPoint
 10
142.55
 20
0.0
 30
0.0
  0
POINT
  5
606
330
5F9
100
AcDbEntity
  8
Defpoints
100
AcDbPoint
 10
142.0
 20
0.0
 30
0.0
  0
POINT
  5
607
330
5F9
100
AcDbEntity
  8
Defpoints
100
AcDbPoint
 10
142.0
 20
-6.0
 30
0.0
  0
ENDBLK
  5
5FB
330
5F9
100
AcDbEntity
  8
0
100
AcDbBlockEnd
  0
BLOCK
  5
60A
330
609
100
AcDbEntity
  8
0
100
AcDbBlockBegin
  2
*D7
 70
1
 10
0.0
 20
0.0
 30
0.0
  3
*D7
  1

  0
LINE
  5
60C
330
609
100
AcDbEntity
  8
0
100
AcDbLine
 10
142.0
 20
-6.0
 30
0.0
 11
142.55
 21
-6.0
 31
0.0
  0
LINE
  5
60D
330
609
100
AcDbEntity
  8
0
100
AcDbLine
 10
142.0
 20
-12.0
 30
0.0
 11
142.55
 21
-12.0
 31
0.0
  0
INSERT
  5
60E
330
609
100
AcDbEntity
  8
COTAS
100
AcDbBlockReference
  2
_CLOSEDFILLED
 10
142.55
 20
-6.0
 30
0.0
 41
0.09
 42
0.09
 50
270.0
  0
INSERT
  5
610
330
609
100
AcDbEntity
  8
COTAS
100
AcDbBlockReference
  2
_CLOSEDFILLED
 10
142.55
 20
-12.0
 30
0.0
 41
0.09
 42
0.09
 50
90.0
  0
LINE
  5
612
330
609
100
AcDbEntity
  8
0
100
AcDbLine
 10
142.55
 20
-5.91
 30
0.0
 11
142.55
 21
-8.935
 31
0.0
  0
LINE
  5
613
330
609
100
AcDbEntity
  8
0
100
AcDbLine
 10
142.55
 20
-9.065
 30
0.0
 11
142.55
 21
-12.09
 31
0.0
  0
MTEXT
  5
614
330
609
100
AcDbEntity
  8
COTAS
100
AcDbMText
 10
142.55
 20
-9.0
 30
0.0
 40
0.13
 71
5
  1
6
 50
90.0
  0
POINT
  5
615
330
609
100
AcDbEntity
  8
Defpoints
100
AcDbPoint
 10
142.55
 20
-6.0
 30
0.0
  0
POINT
  5
616
330
609
100
AcDbEntity
  8
Defpoints
100
AcDbPoint
 10
142.0
 20
-6.0
 30
0.0
  0
POINT
  5
617
330
609
100
AcDbEntity
  8
Defpoints
100
AcDbPoint
 10
142.0
 20
-12.0
 30
0.0
  0
ENDBLK
  5
60B
330
609
100
AcDbEntity
  8
0
100
AcDbBlockEnd
  0
BLOCK
  5
62A
330
629
100
AcDbEntity
  8
0
100
AcDbBlockBegin
  2
*D8
 70
1
 10
0.0
 20
0.0
 30
0.0
  3
*D8
  1

  0
LINE
  5
62C
330
629
100
AcDbEntity
  8
0
100
AcDbLine
 10
134.2
 20
-8.6
 30
0.0
 11
134.2
 21
-8.6
 31
0.0
  0
LINE
  5
62D
330
629
100
AcDbEntity
  8
0
100
AcDbLine
 10
137.55
 20
-8.6
 30
0.0
 11
137.55
 21
-8.6
 31
0.0
  0
INSERT
  5
62E
330
629
100
AcDbEntity
  8
COTAS
100
AcDbBlockReference
  2
_CLOSEDFILLED
 10
134.2
 20
-8.6
 30
0.0
 41
0.09
 42
0.09
 50
180.0
  0
INSERT
  5
630
330
629
100
AcDbEntity
  8
COTAS
100
AcDbBlockReference
  2
_CLOSEDFILLED
 10
137.55
 20
-8.6
 30
0.0
 41
0.09
 42
0.09
  0
LINE
  5
632
330
629
100
AcDbEntity
  8
0
100
AcDbLine
 10
134.29
 20
-8.6
 30
0.0
 11
135.615
 21
-8.6
 31
0.0
  0
LINE
  5
633
330
629
100
AcDbEntity
  8
0
100
AcDbLine
 10
136.135
 20
-8.6
 30
0.0
 11
137.46
 21
-8.6
 31
0.0
  0
MTEXT
  5
634
330
629
100
AcDbEntity
  8
COTAS
100
AcDbMText
 10
135.875
 20
-8.6
 30
0.0
 40
0.13
 71
5
  1
3,35
  0
POINT
  5
635
330
629
100
AcDbEntity
  8
Defpoints
100
AcDbPoint
 10
134.2
 20
-8.6
 30
0.0
  0
POINT
  5
636
330
629
100
AcDbEntity
  8
Defpoints
100
AcDbPoint
 10
134.2
 20
-8.6
 30
0.0
  0
POINT
  5
637
330
629
100
AcDbEntity
  8
Defpoints
100
AcDbPoint
 10
137.55
 20
-8.6
 30
0.0
  0
ENDBLK
  5
62B
330
629
100
AcDbEntity
  8
0
100
AcDbBlockEnd
  0
BLOCK
  5
63A
330
639
100
AcDbEntity
  8
0
100
AcDbBlockBegin
  2
*D9
 70
1
 10
0.0
 20
0.0
 30
0.0
  3
*D9
  1

  0
LINE
  5
63C
330
639
100
AcDbEntity
  8
0
100
AcDbLine
 10
137.69
 20
-8.6
 30
0.0
 11
137.69
 21
-8.6
 31
0.0
  0
LINE
  5
63D
330
639
100
AcDbEntity
  8
0
100
AcDbLine
 10
139.35
 20
-8.6
 30
0.0
 11
139.35
 21
-8.6
 31
0.0
  0
INSERT
  5
63E
330
639
100
AcDbEntity
  8
COTAS
100
AcDbBlockReference
  2
_CLOSEDFILLED
 10
137.69
 20
-8.6
 30
0.0
 41
0.09
 42
0.09
 50
180.0
  0
INSERT
  5
640
330
639
100
AcDbEntity
  8
COTAS
100
AcDbBlockReference
  2
_CLOSEDFILLED
 10
139.35
 20
-8.6
 30
0.0
 41
0.09
 42
0.09
  0
LINE
  5
642
330
639
100
AcDbEntity
  8
0
100
AcDbLine
 10
137.78
 20
-8.6
 30
0.0
 11
138.26
 21
-8.6
 31
0.0
  0
LINE
  5
643
330
639
100
AcDbEntity
  8
0
100
AcDbLine
 10
138.77999999999997
 20
-8.6
 30
0.0
 11
139.26
 21
-8.6
 31
0.0
  0
MTEXT
  5
644
330
639
100
AcDbEntity
  8
COTAS
100
AcDbMText
 10
138.51999999999998
 20
-8.6
 30
0.0
 40
0.13
 71
5
  1
1,66
  0
POINT
  5
645
330
639
100
AcDbEntity
  8
Defpoints
100
AcDbPoint
 10
137.69
 20
-8.6
 30
0.0
  0
POINT
  5
646
330
639
100
AcDbEntity
  8
Defpoints
100
AcDbPoint
 10
137.69
 20
-8.6
 30
0.0
  0
POINT
  5
647
330
639
100
AcDbEntity
  8
Defpoints
100
AcDbPoint
 10
139.35
 20
-8.6
 30
0.0
  0
ENDBLK
  5
63B
330
639
100
AcDbEntity
  8
0
100
AcDbBlockEnd
  0
BLOCK
  5
64A
330
649
100
AcDbEntity
  8
0
100
AcDbBlockBegin
  2
*D10
 70
1
 10
0.0
 20
0.0
 30
0.0
  3
*D10
  1

  0
LINE
  5
64C
330
649
100
AcDbEntity
  8
0
100
AcDbLine
 10
139.49
 20
-8.6
 30
0.0
 11
139.49
 21
-8.6
 31
0.0
  0
LINE
  5
64D
330
649
100
AcDbEntity
  8
0
100
AcDbLine
 10
141.8
 20
-8.6
 30
0.0
 11
141.8
 21
-8.6
 31
0.0
  0
INSERT
  5
64E
330
649
100
AcDbEntity
  8
COTAS
100
AcDbBlockReference
  2
_CLOSEDFILLED
 10
139.49
 20
-8.6
 30
0.0
 41
0.09
 42
0.09
 50
180.0
  0
INSERT
  5
650
330
649
100
AcDbEntity
  8
COTAS
100
AcDbBlockReference
  2
_CLOSEDFILLED
 10
141.8
 20
-8.6
 30
0.0
 41
0.09
 42
0.09
  0
LINE
  5
652
330
649
100
AcDbEntity
  8
0
100
AcDbLine
 10
139.58
 20
-8.6
 30
0.0
 11
140.38500000000002
 21
-8.6
 31
0.0
  0
LINE
  5
653
330
649
100
AcDbEntity
  8
0
100
AcDbLine
 10
140.905
 20
-8.6
 30
0.0
 11
141.71
 21
-8.6
 31
0.0
  0
MTEXT
  5
654
330
649
100
AcDbEntity
  8
COTAS
100
AcDbMText
 10
140.645
 20
-8.6
 30
0.0
 40
0.13
 71
5
  1
2,31
  0
POINT
  5
655
330
649
100
AcDbEntity
  8
Defpoints
100
AcDbPoint
 10
139.49
 20
-8.6
 30
0.0
  0
POINT
  5
656
330
649
100
AcDbEntity
  8
Defpoints
100
AcDbPoint
 10
139.49
 20
-8.6
 30
0.0
  0
POINT
  5
657
330
649
100
AcDbEntity
  8
Defpoints
100
AcDbPoint
 10
141.8
 20
-8.6
 30
0.0
  0
ENDBLK
  5
64B
330
649
100
AcDbEntity
  8
0
100
AcDbBlockEnd
  0
BLOCK
  5
65A
330
659
100
AcDbEntity
  8
0
100
AcDbBlockBegin
  2
*D11
 70
1
 10
0.0
 20
0.0
 30
0.0
  3
*D11
  1

  0
LINE
  5
65C
330
659
100
AcDbEntity
  8
0
100
AcDbLine
 10
142.0
 20
-6.1
 30
0.0
 11
143.55
 21
-6.1
 31
0.0
  0
LINE
  5
65D
330
659
100
AcDbEntity
  8
0
100
AcDbLine
 10
142.0
 20
-8.93
 30
0.0
 11
143.55
 21
-8.93
 31
0.0
  0
INSERT
  5
65E
330
659
100
AcDbEntity
  8
COTAS
100
AcDbBlockReference
  2
_CLOSEDFILLED
 10
143.55
 20
-6.1
 30
0.0
 41
0.09
 42
0.09
 50
270.0
  0
INSERT
  5
660
330
659
100
AcDbEntity
  8
COTAS
100
AcDbBlockReference
  2
_CLOSEDFILLED
 10
143.55
 20
-8.93
 30
0.0
 41
0.09
 42
0.09
 50
90.0
  0
LINE
  5
662
330
659
100
AcDbEntity
  8
0
100
AcDbLine
 10
143.55
 20
-6.01
 30
0.0
 11
143.55
 21
-7.255
 31
0.0
  0
LINE
  5
663
330
659
100
AcDbEntity
  8
0
100
AcDbLine
 10
143.55
 20
-7.7749999999999995
 30
0.0
 11
143.55
 21
-9.02
 31
0.0
  0
MTEXT
  5
664
330
659
100
AcDbEntity
  8
COTAS
100
AcDbMText
 10
143.55
 20
-7.515
 30
0.0
 40
0.13
 71
5
  1
2,83
 50
90.0
  0
POINT
  5
665
330
659
100
AcDbEntity
  8
Defpoints
100
AcDbPoint
 10
143.55
 20
-6.1
 30
0.0
  0
POINT
  5
666
330
659
100
AcDbEntity
  8
Defpoints
100
AcDbPoint
 10
142.0
 20
-6.1
 30
0.0
  0
POINT
  5
667
330
659
100
AcDbEntity
  8
Defpoints
100
AcDbPoint
 10
142.0
 20
-8.93
 30
0.0
  0
ENDBLK
  5
65B
330
659
100
AcDbEntity
  8
0
100
AcDbBlockEnd
  0
BLOCK
  5
66A
330
669
100
AcDbEntity
  8
0
100
AcDbBlockBegin
  2
*D12
 70
1
 10
0.0
 20
0.0
 30
0.0
  3
*D12
  1

  0
LINE
  5
66C
330
669
100
AcDbEntity
  8
0
100
AcDbLine
 10
142.0
 20
-9.07
 30
0.0
 11
143.55
 21
-9.07
 31
0.0
  0
LINE
  5
66D
330
669
100
AcDbEntity
  8
0
100
AcDbLine
 10
142.0
 20
-11.8
 30
0.0
 11
143.55
 21
-11.8
 31
0.0
  0
INSERT
  5
66E
330
669
100
AcDbEntity
  8
COTAS
100
AcDbBlockReference
  2
_CLOSEDFILLED
 10
143.55
 20
-9.07
 30
0.0
 41
0.09
 42
0.09
 50
270.0
  0
INSERT
  5
670
330
669
100
AcDbEntity
  8
COTAS
100
AcDbBlockReference
  2
_CLOSEDFILLED
 10
143.55
 20
-11.8
 30
0.0
 41
0.09
 42
0.09
 50
90.0
  0
LINE
  5
672
330
669
100
AcDbEntity
  8
0
100
AcDbLine
 10
143.55
 20
-8.98
 30
0.0
 11
143.55
 21
-10.175
 31
0.0
  0
LINE
  5
673
330
669
100
AcDbEntity
  8
0
100
AcDbLine
 10
143.55
 20
-10.695
 30
0.0
 11
143.55
 21
-11.89
 31
0.0
  0
MTEXT
  5
674
330
669
100
AcDbEntity
  8
COTAS
100
AcDbMText
 10
143.55
 20
-10.435
 30
0.0
 40
0.13
 71
5
  1
2,73
 50
90.0
  0
POINT
  5
675
330
669
100
AcDbEntity
  8
Defpoints
100
AcDbPoint
 10
143.55
 20
-9.07
 30
0.0
  0
POINT
  5
676
330
669
100
AcDbEntity
  8
Defpoints
100
AcDbPoint
 10
142.0
 20
-9.07
 30
0.0
  0
POINT
  5
677
330
669
100
AcDbEntity
  8
Defpoints
100
AcDbPoint
 10
142.0
 20
-11.8
 30
0.0
  0
ENDBLK
  5
66B
330
669
100
AcDbEntity
  8
0
100
AcDbBlockEnd
  0
BLOCK
  5
67A
330
679
100
AcDbEntity
  8
0
100
AcDbBlockBegin
  2
*D13
 70
1
 10
0.0
 20
0.0
 30
0.0
  3
*D13
  1

  0
LINE
  5
67C
330
679
100
AcDbEntity
  8
0
100
AcDbLine
 10
133.0
 20
-12.0
 30
0.0
 11
133.0
 21
-12.45
 31
0.0
  0
LINE
  5
67D
330
679
100
AcDbEntity
  8
0
100
AcDbLine
 10
134.0
 20
-12.0
 30
0.0
 11
134.0
 21
-12.45
 31
0.0
  0
INSERT
  5
67E
330
679
100
AcDbEntity
  8
COTAS
100
AcDbBlockReference
  2
_CLOSEDFILLED
 10
133.0
 20
-12.45
 30
0.0
 41
0.09
 42
0.09
 50
180.0
  0
INSERT
  5
680
330
679
100
AcDbEntity
  8
COTAS
100
AcDbBlockReference
  2
_CLOSEDFILLED
 10
134.0
 20
-12.45
 30
0.0
 41
0.09
 42
0.09
  0
LINE
  5
682
330
679
100
AcDbEntity
  8
0
100
AcDbLine
 10
133.09
 20
-12.45
 30
0.0
 11
133.435
 21
-12.45
 31
0.0
  0
LINE
  5
683
330
679
100
AcDbEntity
  8
0
100
AcDbLine
 10
133.565
 20
-12.45
 30
0.0
 11
133.91
 21
-12.45
 31
0.0
  0
MTEXT
  5
684
330
679
100
AcDbEntity
  8
COTAS
100
AcDbMText
 10
133.5
 20
-12.45
 30
0.0
 40
0.13
 71
5
  1
1
  0
POINT
  5
685
330
679
100
AcDbEntity
  8
Defpoints
100
AcDbPoint
 10
133.0
 20
-12.45
 30
0.0
  0
POINT
  5
686
330
679
100
AcDbEntity
  8
Defpoints
100
AcDbPoint
 10
133.0
 20
-12.0
 30
0.0
  0
POINT
  5
687
330
679
100
AcDbEntity
  8
Defpoints
100
AcDbPoint
 10
134.0
 20
-12.0
 30
0.0
  0
ENDBLK
  5
67B
330
679
100
AcDbEntity
  8
0
100
AcDbBlockEnd
  0
BLOCK
  5
68A
330
689
100
AcDbEntity
  8
0
100
AcDbBlockBegin
  2
*D14
 70
1
 10
0.0
 20
0.0
 30
0.0
  3
*D14
  1

  0
LINE
  5
68C
330
689
100
AcDbEntity
  8
0
100
AcDbLine
 10
142.0
 20
-12.0
 30
0.0
 11
142.65
 21
-12.0
 31
0.0
  0
LINE
  5
68D
330
689
100
AcDbEntity
  8
0
100
AcDbLine
 10
142.0
 20
-13.0
 30
0.0
 11
142.65
 21
-13.0
 31
0.0
  0
INSERT
  5
68E
330
689
100
AcDbEntity
  8
COTAS
100
AcDbBlockReference
  2
_CLOSEDFILLED
 10
142.65
 20
-12.0
 30
0.0
 41
0.09
 42
0.09
 50
270.0
  0
INSERT
  5
690
330
689
100
AcDbEntity
  8
COTAS
100
AcDbBlockReference
  2
_CLOSEDFILLED
 10
142.65
 20
-13.0
 30
0.0
 41
0.09
 42
0.09
 50
90.0
  0
LINE
  5
692
330
689
100
AcDbEntity
  8
0
100
AcDbLine
 10
142.65
 20
-11.91
 30
0.0
 11
142.65
 21
-12.435
 31
0.0
  0
LINE
  5
693
330
689
100
AcDbEntity
  8
0
100
AcDbLine
 10
142.65
 20
-12.565
 30
0.0
 11
142.65
 21
-13.09
 31
0.0
  0
MTEXT
  5
694
330
689
100
AcDbEntity
  8
COTAS
100
AcDbMText
 10
142.65
 20
-12.5
 30
0.0
 40
0.13
 71
5
  1
1
 50
90.0
  0
POINT
  5
695
330
689
100
AcDbEntity
  8
Defpoints
100
AcDbPoint
 10
142.65
 20
-12.0
 30
0.0
  0
POINT
  5
696
330
689
100
AcDbEntity
  8
Defpoints
100
AcDbPoint
 10
142.0
 20
-12.0
 30
0.0
  0
POINT
  5
697
330
689
100
AcDbEntity
  8
Defpoints
100
AcDbPoint
 10
142.0
 20
-13.0
 30
0.0
  0
ENDBLK
  5
68B
330
689
100
AcDbEntity
  8
0
100
AcDbBlockEnd
  0
BLOCK
  5
69A
330
699
100
AcDbEntity
  8
0
100
AcDbBlockBegin
  2
*D15
 70
1
 10
0.0
 20
0.0
 30
0.0
  3
*D15
  1

  0
LINE
  5
69C
330
699
100
AcDbEntity
  8
0
100
AcDbLine
 10
134.0
 20
-1.5
 30
0.0
 11
132.6
 21
-1.5
 31
0.0
  0
LINE
  5
69D
330
699
100
AcDbEntity
  8
0
100
AcDbLine
 10
134.0
 20
-4.5
 30
0.0
 11
132.6
 21
-4.5
 31
0.0
  0
INSERT
  5
69E
330
699
100
AcDbEntity
  8
COTAS
100
AcDbBlockReference
  2
_CLOSEDFILLED
 10
132.6
 20
-1.5
 30
0.0
 41
0.09
 42
0.09
 50
270.0
  0
INSERT
  5
6A0
330
699
100
AcDbEntity
  8
COTAS
100
AcDbBlockReference
  2
_CLOSEDFILLED
 10
132.6
 20
-4.5
 30
0.0
 41
0.09
 42
0.09
 50
90.0
  0
LINE
  5
6A2
330
699
100
AcDbEntity
  8
0
100
AcDbLine
 10
132.6
 20
-1.41
 30
0.0
 11
132.6
 21
-2.935
 31
0.0
  0
LINE
  5
6A3
330
699
100
AcDbEntity
  8
0
100
AcDbLine
 10
132.6
 20
-3.065
 30
0.0
 11
132.6
 21
-4.59
 31
0.0
  0
MTEXT
  5
6A4
330
699
100
AcDbEntity
  8
COTAS
100
AcDbMText
 10
132.6
 20
-3.0
 30
0.0
 40
0.13
 71
5
  1
3
 50
90.0
  0
POINT
  5
6A5
330
699
100
AcDbEntity
  8
Defpoints
100
AcDbPoint
 10
132.6
 20
-1.5
 30
0.0
  0
POINT
  5
6A6
330
699
100
AcDbEntity
  8
Defpoints
100
AcDbPoint
 10
134.0
 20
-1.5
 30
0.0
  0
POINT
  5
6A7
330
699
100
AcDbEntity
  8
Defpoints
100
AcDbPoint
 10
134.0
 20
-4.5
 30
0.0
  0
ENDBLK
  5
69B
330
699
100
AcDbEntity
  8
0
100
AcDbBlockEnd
  0
BLOCK
  5
6AA
330
6A9
100
AcDbEntity
  8
0
100
AcDbBlockBegin
  2
*D16
 70
1
 10
0.0
 20
0.0
 30
0.0
  3
*D16
  1

  0
LINE
  5
6AC
330
6A9
100
AcDbEntity
  8
0
100
AcDbLine
 10
134.0
 20
-4.84
 30
0.0
 11
132.6
 21
-4.84
 31
0.0
  0
LINE
  5
6AD
330
6A9
100
AcDbEntity
  8
0
100
AcDbLine
 10
134.0
 20
-5.76
 30
0.0
 11
132.6
 21
-5.76
 31
0.0
  0
INSERT
  5
6AE
330
6A9
100
AcDbEntity
  8
COTAS
100
AcDbBlockReference
  2
_CLOSEDFILLED
 10
132.6
 20
-4.84
 30
0.0
 41
0.09
 42
0.09
 50
270.0
  0
INSERT
  5
6B0
330
6A9
100
AcDbEntity
  8
COTAS
100
AcDbBlockReference
  2
_CLOSEDFILLED
 10
132.6
 20
-5.76
 30
0.0
 41
0.09
 42
0.09
 50
90.0
  0
LINE
  5
6B2
330
6A9
100
AcDbEntity
  8
0
100
AcDbLine
 10
132.6
 20
-4.75
 30
0.0
 11
132.6
 21
-5.04
 31
0.0
  0
LINE
  5
6B3
330
6A9
100
AcDbEntity
  8
0
100
AcDbLine
 10
132.6
 20
-5.56
 30
0.0
 11
132.6
 21
-5.85
 31
0.0
  0
MTEXT
  5
6B4
330
6A9
100
AcDbEntity
  8
COTAS
100
AcDbMText
 10
132.6
 20
-5.3
 30
0.0
 40
0.13
 71
5
  1
0,92
 50
90.0
  0
POINT
  5
6B5
330
6A9
100
AcDbEntity
  8
Defpoints
100
AcDbPoint
 10
132.6
 20
-4.84
 30
0.0
  0
POINT
  5
6B6
330
6A9
100
AcDbEntity
  8
Defpoints
100
AcDbPoint
 10
134.0
 20
-4.84
 30
0.0
  0
POINT
  5
6B7
330
6A9
100
AcDbEntity
  8
Defpoints
100
AcDbPoint
 10
134.0
 20
-5.76
 30
0.0
  0
ENDBLK
  5
6AB
330
6A9
100
AcDbEntity
  8
0
100
AcDbBlockEnd
  0
BLOCK
  5
6C0
330
6BF
100
AcDbEntity
  8
0
100
AcDbBlockBegin
  2
*D17
 70
1
 10
0.0
 20
0.0
 30
0.0
  3
*D17
  1

  0
LINE
  5
6C2
330
6BF
100
AcDbEntity
  8
0
100
AcDbLine
 10
139.585
 20
-8.45
 30
0.0
 11
139.585
 21
-8.45
 31
0.0
  0
LINE
  5
6C3
330
6BF
100
AcDbEntity
  8
0
100
AcDbLine
 10
140.485
 20
-8.45
 30
0.0
 11
140.485
 21
-8.45
 31
0.0
  0
INSERT
  5
6C4
330
6BF
100
AcDbEntity
  8
COTAS
100
AcDbBlockReference
  2
_CLOSEDFILLED
 10
139.585
 20
-8.45
 30
0.0
 41
0.09
 42
0.09
 50
180.0
  0
INSERT
  5
6C6
330
6BF
100
AcDbEntity
  8
COTAS
100
AcDbBlockReference
  2
_CLOSEDFILLED
 10
140.485
 20
-8.45
 30
0.0
 41
0.09
 42
0.09
  0
LINE
  5
6C8
330
6BF
100
AcDbEntity
  8
0
100
AcDbLine
 10
139.675
 20
-8.45
 30
0.0
 11
139.84000000000003
 21
-8.45
 31
0.0
  0
LINE
  5
6C9
330
6BF
100
AcDbEntity
  8
0
100
AcDbLine
 10
140.23000000000002
 20
-8.45
 30
0.0
 11
140.395
 21
-8.45
 31
0.0
  0
MTEXT
  5
6CA
330
6BF
100
AcDbEntity
  8
COTAS
100
AcDbMText
 10
140.03500000000003
 20
-8.45
 30
0.0
 40
0.13
 71
5
  1
0,9
  0
POINT
  5
6CB
330
6BF
100
AcDbEntity
  8
Defpoints
100
AcDbPoint
 10
139.585
 20
-8.45
 30
0.0
  0
POINT
  5
6CC
330
6BF
100
AcDbEntity
  8
Defpoints
100
AcDbPoint
 10
139.585
 20
-8.45
 30
0.0
  0
POINT
  5
6CD
330
6BF
100
AcDbEntity
  8
Defpoints
100
AcDbPoint
 10
140.485
 20
-8.45
 30
0.0
  0
ENDBLK
  5
6C1
330
6BF
100
AcDbEntity
  8
0
100
AcDbBlockEnd
  0
ENDSEC
  0
SECTION
  2
ENTITIES
  0
LWPOLYLINE
  5
35
330
17
100
AcDbEntity
  8
VISTA
100
AcDbPolyline
 90
9
 70
1
 10
141.995501
 20
-13.0
 10
142.0
 20
-12.9955
 10
142.0
 20
-12.0045
 10
141.995501
 20
-12.0
 10
133.004499
 20
-12.0
 10
133.0
 20
-12.0045
 10
133.0
 20
-12.9955
 10
133.001895
 20
-12.999169
 10
141.995501
 20
-13.0
  0
LWPOLYLINE
  5
36
330
17
100
AcDbEntity
  8
VISTA
100
AcDbPolyline
 90
21
 70
1
 10
141.755589
 20
-12.315133
 10
141.733566
 20
-12.303912
 10
141.71608700000002
 20
-12.286435
 10
141.704868
 20
-12.264412
 10
141.701
 20
-12.24
 10
141.704868
 20
-12.215588
 10
141.71608700000002
 20
-12.193564
 10
141.733566
 20
-12.176087
 10
141.755589
 20
-12.164866
 10
141.780001
 20
-12.160999
 10
141.804413
 20
-12.164866
 10
141.826435
 20
-12.176087
 10
141.843914
 20
-12.193564
 10
141.855133
 20
-12.215588
 10
141.859001
 20
-12.24
 10
141.855133
 20
-12.264412
 10
141.843914
 20
-12.286435
 10
141.826435
 20
-12.303912
 10
141.804413
 20
-12.315133
 10
141.780001
 20
-12.319
 10
141.755589
 20
-12.315133
  0
LWPOLYLINE
  5
37
330
17
100
AcDbEntity
  8
VISTA
100
AcDbPolyline
 90
9
 70
1
 10
133.0
 20
-12.0
 10
134.0
 20
-12.0
 10
134.0
 20
-11.69
 10
133.764999
 20
-11.69
 10
133.764999
 20
-9.03
 10
134.0
 20
-9.03
 10
134.0
 20
-6.0
 10
133.0
 20
-6.0
 10
133.0
 20
-12.0
  0
LWPOLYLINE
  5
38
330
17
100
AcDbEntity
  8
VISTA
100
AcDbPolyline
 90
8
 70
1
 10
132.977501
 20
-5.048565
 10
132.9792
 20
-5.050261
 10
133.060801
 20
-5.050261
 10
133.0625
 20
-5.048565
 10
133.0625
 20
-1.151434
 10
133.060801
 20
-1.149739
 10
132.977999
 20
-1.150508
 10
132.977501
 20
-5.048565
  0
LWPOLYLINE
  5
39
330
17
100
AcDbEntity
  8
VISTA
100
AcDbPolyline
 90
4
 70
1
 10
133.06175916369975
 20
-1.2502512609170697
 10
133.06175873231615
 20
-1.2519159364287735
 10
133.06175873231615
 20
-1.2519159364287682
 10
133.06175916369975
 20
-1.2502512609170697
  0
LWPOLYLINE
  5
3A
330
17
100
AcDbEntity
  8
VISTA
100
AcDbPolyline
 90
4
 70
1
 10
133.06175919987723
 20
-1.250111654847856
 10
133.06175919987723
 20
-1.2501116548478564
 10
133.06175919987723
 20
-1.250111654847856
 10
133.06175919987723
 20
-1.250111654847856
  0
LWPOLYLINE
  5
3B
330
17
100
AcDbEntity
  8
VISTA
100
AcDbPolyline
 90
8
 70
1
 10
133.8975
 20
-5.048565
 10
133.899199
 20
-5.050261
 10
133.9808
 20
-5.050261
 10
133.982499
 20
-5.048565
 10
133.982499
 20
-1.151434
 10
133.9808
 20
-1.149739
 10
133.897998
 20
-1.150508
 10
133.8975
 20
-5.048565
  0
LWPOLYLINE
  5
3C
330
17
100
AcDbEntity
  8
VISTA
100
AcDbPolyline
 90
4
 70
1
 10
133.98175816369974
 20
-1.2502512609170697
 10
133.98175773231617
 20
-1.2519159364287735
 10
133.98175773231617
 20
-1.2519159364287682
 10
133.98175816369974
 20
-1.2502512609170697
  0
LWPOLYLINE
  5
3D
330
17
100
AcDbEntity
  8
VISTA
100
AcDbPolyline
 90
4
 70
1
 10
133.98175819987722
 20
-1.250111654847856
 10
133.98175819987722
 20
-1.2501116548478564
 10
133.98175819987722
 20
-1.250111654847856
 10
133.98175819987722
 20
-1.250111654847856
  0
LWPOLYLINE
  5
3E
330
17
100
AcDbEntity
  8
VISTA
100
AcDbPolyline
 90
5
 70
1
 10
136.02
 20
-11.9785
 10
137.295002
 20
-11.9785
 10
137.295002
 20
-11.9245
 10
136.02
 20
-11.9245
 10
136.02
 20
-11.9785
  0
LWPOLYLINE
  5
3F
330
17
100
AcDbEntity
  8
VISTA
100
AcDbPolyline
 90
5
 70
1
 10
136.02
 20
-12.033501
 10
137.295002
 20
-12.033501
 10
137.295002
 20
-12.0135
 10
136.02
 20
-12.0135
 10
136.02
 20
-12.033501
  0
LWPOLYLINE
  5
40
330
17
100
AcDbEntity
  8
VISTA
100
AcDbPolyline
 90
5
 70
1
 10
139.52
 20
-11.9755
 10
141.195
 20
-11.9755
 10
141.195
 20
-11.9215
 10
139.52
 20
-11.9215
 10
139.52
 20
-11.9755
  0
LWPOLYLINE
  5
41
330
17
100
AcDbEntity
  8
VISTA
100
AcDbPolyline
 90
5
 70
1
 10
139.52
 20
-12.0305
 10
141.195
 20
-12.0305
 10
141.195
 20
-12.0105
 10
139.52
 20
-12.0105
 10
139.52
 20
-12.0305
  0
LWPOLYLINE
  5
42
330
17
100
AcDbEntity
  8
VISTA
100
AcDbPolyline
 90
5
 70
1
 10
136.021914
 20
-12.0045
 10
137.293087
 20
-12.0045
 10
137.293087
 20
-11.9245
 10
136.021914
 20
-11.9245
 10
136.021914
 20
-12.0045
  0
LWPOLYLINE
  5
43
330
17
100
AcDbEntity
  8
VISTA
100
AcDbPolyline
 90
5
 70
1
 10
136.021914
 20
-12.059501
 10
137.293089
 20
-12.059501
 10
137.293089
 20
-12.0135
 10
136.021914
 20
-12.0135
 10
136.021914
 20
-12.059501
  0
LWPOLYLINE
  5
44
330
17
100
AcDbEntity
  8
VISTA
100
AcDbPolyline
 90
5
 70
1
 10
139.522512
 20
-12.0015
 10
141.192488
 20
-12.0015
 10
141.192488
 20
-11.9215
 10
139.522512
 20
-11.9215
 10
139.522512
 20
-12.0015
  0
LWPOLYLINE
  5
45
330
17
100
AcDbEntity
  8
VISTA
100
AcDbPolyline
 90
5
 70
1
 10
139.522512
 20
-12.0565
 10
141.192488
 20
-12.0565
 10
141.192488
 20
-12.0105
 10
139.522512
 20
-12.0105
 10
139.522512
 20
-12.0565
  0
LWPOLYLINE
  5
46
330
17
100
AcDbEntity
  8
VISTA
100
AcDbPolyline
 90
13
 70
1
 10
133.9185
 20
-10.292
 10
134.04
 20
-10.292
 10
134.04
 20
-9.055
 10
133.78
 20
-9.055
 10
133.78
 20
-9.087001
 10
133.9045
 20
-9.087001
 10
133.9045
 20
-11.612999
 10
133.78
 20
-11.612999
 10
133.78
 20
-11.645
 10
134.04
 20
-11.645
 10
134.04
 20
-11.608
 10
133.9185
 20
-11.608
 10
133.9185
 20
-10.292
  0
LWPOLYLINE
  5
47
330
17
100
AcDbEntity
  8
VISTA
100
AcDbPolyline
 90
5
 70
1
 10
133.826501
 20
-11.523274
 10
133.8435
 20
-11.523274
 10
133.8435
 20
-10.376725
 10
133.826501
 20
-10.376725
 10
133.826501
 20
-11.523274
  0
LWPOLYLINE
  5
48
330
17
100
AcDbEntity
  8
VISTA
100
AcDbPolyline
 90
5
 70
1
 10
133.9735
 20
-11.523274
 10
133.990499
 20
-11.523274
 10
133.990499
 20
-10.376725
 10
133.9735
 20
-10.376725
 10
133.9735
 20
-11.523274
  0
LWPOLYLINE
  5
49
330
17
100
AcDbEntity
  8
VISTA
100
AcDbPolyline
 90
5
 70
1
 10
136.021914
 20
-11.9935
 10
137.293087
 20
-11.9935
 10
137.293087
 20
-11.976501
 10
136.021914
 20
-11.976501
 10
136.021914
 20
-11.9935
  0
LWPOLYLINE
  5
4A
330
17
100
AcDbEntity
  8
VISTA
100
AcDbPolyline
 90
5
 70
1
 10
136.021914
 20
-12.0485
 10
137.293089
 20
-12.0485
 10
137.293089
 20
-12.031501
 10
136.021914
 20
-12.031501
 10
136.021914
 20
-12.0485
  0
LWPOLYLINE
  5
4B
330
17
100
AcDbEntity
  8
VISTA
100
AcDbPolyline
 90
5
 70
1
 10
139.522512
 20
-11.990499
 10
141.192488
 20
-11.990499
 10
141.192488
 20
-11.9735
 10
139.522512
 20
-11.9735
 10
139.522512
 20
-11.990499
  0
LWPOLYLINE
  5
4C
330
17
100
AcDbEntity
  8
VISTA
100
AcDbPolyline
 90
5
 70
1
 10
139.522512
 20
-12.0455
 10
141.192488
 20
-12.0455
 10
141.192488
 20
-12.028501
 10
139.522512
 20
-12.028501
 10
139.522512
 20
-12.0455
  0
LWPOLYLINE
  5
4D
330
17
100
AcDbEntity
  8
VISTA
100
AcDbPolyline
 90
5
 70
1
 10
139.549999
 20
-8.86
 10
140.52
 20
-8.86
 10
140.52
 20
-8.71
 10
139.549999
 20
-8.71
 10
139.549999
 20
-8.86
  0
LWPOLYLINE
  5
4E
330
17
100
AcDbEntity
  8
VISTA
100
AcDbPolyline
 90
5
 70
1
 10
134.099999
 20
-9.094999
 10
134.099999
 20
-11.635
 10
134.14
 20
-11.635
 10
134.14
 20
-9.094999
 10
134.099999
 20
-9.094999
  0
LWPOLYLINE
  5
4F
330
17
100
AcDbEntity
  8
VISTA
100
AcDbPolyline
 90
5
 70
1
 10
133.8155
 20
-11.525
 10
133.8175
 20
-11.525
 10
133.8175
 20
-10.375
 10
133.8155
 20
-10.375
 10
133.8155
 20
-11.525
  0
LWPOLYLINE
  5
50
330
17
100
AcDbEntity
  8
VISTA
100
AcDbPolyline
 90
5
 70
1
 10
133.826501
 20
-11.525
 10
133.828501
 20
-11.525
 10
133.828501
 20
-10.375
 10
133.826501
 20
-10.375
 10
133.826501
 20
-11.525
  0
LWPOLYLINE
  5
51
330
17
100
AcDbEntity
  8
VISTA
100
AcDbPolyline
 90
5
 70
1
 10
136.02
 20
-11.9675
 10
137.295002
 20
-11.9675
 10
137.295002
 20
-11.9655
 10
136.02
 20
-11.9655
 10
136.02
 20
-11.9675
  0
LWPOLYLINE
  5
52
330
17
100
AcDbEntity
  8
VISTA
100
AcDbPolyline
 90
5
 70
1
 10
136.02
 20
-11.9785
 10
137.295002
 20
-11.9785
 10
137.295002
 20
-11.976501
 10
136.02
 20
-11.976501
 10
136.02
 20
-11.9785
  0
LWPOLYLINE
  5
53
330
17
100
AcDbEntity
  8
VISTA
100
AcDbPolyline
 90
5
 70
1
 10
136.018002
 20
-11.9655
 10
137.297001
 20
-11.9655
 10
137.297001
 20
-11.9595
 10
136.018002
 20
-11.9595
 10
136.018002
 20
-11.9655
  0
LWPOLYLINE
  5
54
330
17
100
AcDbEntity
  8
VISTA
100
AcDbPolyline
 90
5
 70
1
 10
136.018002
 20
-12.010501
 10
137.297001
 20
-12.010501
 10
137.297001
 20
-12.0045
 10
136.018002
 20
-12.0045
 10
136.018002
 20
-12.010501
  0
LWPOLYLINE
  5
55
330
17
100
AcDbEntity
  8
VISTA
100
AcDbPolyline
 90
5
 70
1
 10
136.018
 20
-12.0205
 10
137.297003
 20
-12.0205
 10
137.297003
 20
-12.0145
 10
136.018
 20
-12.0145
 10
136.018
 20
-12.0205
  0
LWPOLYLINE
  5
56
330
17
100
AcDbEntity
  8
VISTA
100
AcDbPolyline
 90
5
 70
1
 10
136.018
 20
-12.065501
 10
137.297003
 20
-12.065501
 10
137.297003
 20
-12.059501
 10
136.018
 20
-12.059501
 10
136.018
 20
-12.065501
  0
LWPOLYLINE
  5
57
330
17
100
AcDbEntity
  8
VISTA
100
AcDbPolyline
 90
5
 70
1
 10
139.52
 20
-11.964499
 10
141.195
 20
-11.964499
 10
141.195
 20
-11.9625
 10
139.52
 20
-11.9625
 10
139.52
 20
-11.964499
  0
LWPOLYLINE
  5
58
330
17
100
AcDbEntity
  8
VISTA
100
AcDbPolyline
 90
5
 70
1
 10
139.52
 20
-11.9755
 10
141.195
 20
-11.9755
 10
141.195
 20
-11.9735
 10
139.52
 20
-11.9735
 10
139.52
 20
-11.9755
  0
LWPOLYLINE
  5
59
330
17
100
AcDbEntity
  8
VISTA
100
AcDbPolyline
 90
5
 70
1
 10
139.518
 20
-11.9625
 10
141.197001
 20
-11.9625
 10
141.197001
 20
-11.9565
 10
139.518
 20
-11.9565
 10
139.518
 20
-11.9625
  0
LWPOLYLINE
  5
5A
330
17
100
AcDbEntity
  8
VISTA
100
AcDbPolyline
 90
5
 70
1
 10
139.518
 20
-12.007501
 10
141.197001
 20
-12.007501
 10
141.197001
 20
-12.0015
 10
139.518
 20
-12.0015
 10
139.518
 20
-12.007501
  0
LWPOLYLINE
  5
5B
330
17
100
AcDbEntity
  8
VISTA
100
AcDbPolyline
 90
5
 70
1
 10
139.518
 20
-12.0175
 10
141.197001
 20
-12.0175
 10
141.197001
 20
-12.011499
 10
139.518
 20
-12.011499
 10
139.518
 20
-12.0175
  0
LWPOLYLINE
  5
5C
330
17
100
AcDbEntity
  8
VISTA
100
AcDbPolyline
 90
5
 70
1
 10
139.518
 20
-12.062501
 10
141.197001
 20
-12.062501
 10
141.197001
 20
-12.0565
 10
139.518
 20
-12.0565
 10
139.518
 20
-12.062501
  0
LWPOLYLINE
  5
5D
330
17
100
AcDbEntity
  8
VISTA
100
AcDbPolyline
 90
5
 70
1
 10
133.9625
 20
-11.525
 10
133.964499
 20
-11.525
 10
133.964499
 20
-10.375
 10
133.9625
 20
-10.375
 10
133.9625
 20
-11.525
  0
LWPOLYLINE
  5
5E
330
17
100
AcDbEntity
  8
VISTA
100
AcDbPolyline
 90
5
 70
1
 10
133.9735
 20
-11.525
 10
133.9755
 20
-11.525
 10
133.9755
 20
-10.375
 10
133.9735
 20
-10.375
 10
133.9735
 20
-11.525
  0
LWPOLYLINE
  5
5F
330
17
100
AcDbEntity
  8
VISTA
100
AcDbPolyline
 90
5
 70
1
 10
136.02
 20
-12.0225
 10
137.295002
 20
-12.0225
 10
137.295002
 20
-12.0205
 10
136.02
 20
-12.0205
 10
136.02
 20
-12.0225
  0
LWPOLYLINE
  5
60
330
17
100
AcDbEntity
  8
VISTA
100
AcDbPolyline
 90
5
 70
1
 10
136.02
 20
-12.033501
 10
137.295002
 20
-12.033501
 10
137.295002
 20
-12.031501
 10
136.02
 20
-12.031501
 10
136.02
 20
-12.033501
  0
LWPOLYLINE
  5
61
330
17
100
AcDbEntity
  8
VISTA
100
AcDbPolyline
 90
5
 70
1
 10
139.52
 20
-12.0195
 10
141.195
 20
-12.0195
 10
141.195
 20
-12.0175
 10
139.52
 20
-12.0175
 10
139.52
 20
-12.0195
  0
LWPOLYLINE
  5
62
330
17
100
AcDbEntity
  8
VISTA
100
AcDbPolyline
 90
5
 70
1
 10
139.52
 20
-12.0305
 10
141.195
 20
-12.0305
 10
141.195
 20
-12.028501
 10
139.52
 20
-12.028501
 10
139.52
 20
-12.0305
  0
LWPOLYLINE
  5
63
330
17
100
AcDbEntity
  8
VISTA
100
AcDbPolyline
 90
5
 70
1
 10
132.965
 20
-13.0
 10
133.06
 20
-13.0
 10
133.06
 20
-6.0
 10
132.965
 20
-6.0
 10
132.965
 20
-13.0
  0
LWPOLYLINE
  5
64
330
17
100
AcDbEntity
  8
VISTA
100
AcDbPolyline
 90
5
 70
1
 10
133.0
 20
-13.035
 10
142.0
 20
-13.035
 10
142.0
 20
-12.94
 10
133.0
 20
-12.94
 10
133.0
 20
-13.035
  0
LWPOLYLINE
  5
65
330
17
100
AcDbEntity
  8
VISTA
100
AcDbPolyline
 90
5
 70
1
 10
133.8415
 20
-11.523274
 10
133.8435
 20
-11.523274
 10
133.8435
 20
-10.376725
 10
133.8415
 20
-10.376725
 10
133.8415
 20
-11.523274
  0
LWPOLYLINE
  5
66
330
17
100
AcDbEntity
  8
VISTA
100
AcDbPolyline
 90
5
 70
1
 10
133.852501
 20
-11.523274
 10
133.854501
 20
-11.523274
 10
133.854501
 20
-10.376725
 10
133.852501
 20
-10.376725
 10
133.852501
 20
-11.523274
  0
LWPOLYLINE
  5
67
330
17
100
AcDbEntity
  8
VISTA
100
AcDbPolyline
 90
5
 70
1
 10
136.021914
 20
-11.9935
 10
137.293087
 20
-11.9935
 10
137.293087
 20
-11.9915
 10
136.021914
 20
-11.9915
 10
136.021914
 20
-11.9935
  0
LWPOLYLINE
  5
68
330
17
100
AcDbEntity
  8
VISTA
100
AcDbPolyline
 90
5
 70
1
 10
136.021914
 20
-12.0045
 10
137.293087
 20
-12.0045
 10
137.293087
 20
-12.002501
 10
136.021914
 20
-12.002501
 10
136.021914
 20
-12.0045
  0
LWPOLYLINE
  5
69
330
17
100
AcDbEntity
  8
VISTA
100
AcDbPolyline
 90
5
 70
1
 10
139.522512
 20
-11.990499
 10
141.192488
 20
-11.990499
 10
141.192488
 20
-11.9885
 10
139.522512
 20
-11.9885
 10
139.522512
 20
-11.990499
  0
LWPOLYLINE
  5
6A
330
17
100
AcDbEntity
  8
VISTA
100
AcDbPolyline
 90
5
 70
1
 10
139.522512
 20
-12.0015
 10
141.192488
 20
-12.0015
 10
141.192488
 20
-11.9995
 10
139.522512
 20
-11.9995
 10
139.522512
 20
-12.0015
  0
LWPOLYLINE
  5
6B
330
17
100
AcDbEntity
  8
VISTA
100
AcDbPolyline
 90
5
 70
1
 10
133.9885
 20
-11.523274
 10
133.990499
 20
-11.523274
 10
133.990499
 20
-10.376725
 10
133.9885
 20
-10.376725
 10
133.9885
 20
-11.523274
  0
LWPOLYLINE
  5
6C
330
17
100
AcDbEntity
  8
VISTA
100
AcDbPolyline
 90
5
 70
1
 10
133.9995
 20
-11.523274
 10
134.0015
 20
-11.523274
 10
134.0015
 20
-10.376725
 10
133.9995
 20
-10.376725
 10
133.9995
 20
-11.523274
  0
LWPOLYLINE
  5
6D
330
17
100
AcDbEntity
  8
VISTA
100
AcDbPolyline
 90
5
 70
1
 10
136.021914
 20
-12.0485
 10
137.293089
 20
-12.0485
 10
137.293089
 20
-12.0465
 10
136.021914
 20
-12.0465
 10
136.021914
 20
-12.0485
  0
LWPOLYLINE
  5
6E
330
17
100
AcDbEntity
  8
VISTA
100
AcDbPolyline
 90
5
 70
1
 10
136.021914
 20
-12.059501
 10
137.293089
 20
-12.059501
 10
137.293089
 20
-12.057501
 10
136.021914
 20
-12.057501
 10
136.021914
 20
-12.059501
  0
LWPOLYLINE
  5
6F
330
17
100
AcDbEntity
  8
VISTA
100
AcDbPolyline
 90
5
 70
1
 10
139.522512
 20
-12.0455
 10
141.192488
 20
-12.0455
 10
141.192488
 20
-12.0435
 10
139.522512
 20
-12.0435
 10
139.522512
 20
-12.0455
  0
LWPOLYLINE
  5
70
330
17
100
AcDbEntity
  8
VISTA
100
AcDbPolyline
 90
5
 70
1
 10
139.522512
 20
-12.0565
 10
141.192488
 20
-12.0565
 10
141.192488
 20
-12.054501
 10
139.522512
 20
-12.054501
 10
139.522512
 20
-12.0565
  0
LWPOLYLINE
  5
71
330
17
100
AcDbEntity
  8
VISTA
100
AcDbPolyline
 90
5
 70
1
 10
133.7695
 20
-11.61
 10
133.7725
 20
-11.61
 10
133.7725
 20
-9.09
 10
133.7695
 20
-9.09
 10
133.7695
 20
-11.61
  0
LWPOLYLINE
  5
72
330
17
100
AcDbEntity
  8
VISTA
100
AcDbPolyline
 90
5
 70
1
 10
133.8975
 20
-11.61
 10
133.9005
 20
-11.61
 10
133.9005
 20
-9.09
 10
133.8975
 20
-9.09
 10
133.8975
 20
-11.61
  0
LWPOLYLINE
  5
73
330
17
100
AcDbEntity
  8
VISTA
100
AcDbPolyline
 90
5
 70
1
 10
134.722
 20
-11.9145
 10
137.318003
 20
-11.9145
 10
137.318003
 20
-11.8765
 10
134.722
 20
-11.8765
 10
134.722
 20
-11.9145
  0
LWPOLYLINE
  5
74
330
17
100
AcDbEntity
  8
VISTA
100
AcDbPolyline
 90
5
 70
1
 10
134.722
 20
-12.0135
 10
137.318003
 20
-12.0135
 10
137.318003
 20
-12.010501
 10
134.722
 20
-12.010501
 10
134.722
 20
-12.0135
  0
LWPOLYLINE
  5
75
330
17
100
AcDbEntity
  8
VISTA
100
AcDbPolyline
 90
5
 70
1
 10
137.822001
 20
-11.9115
 10
141.218
 20
-11.9115
 10
141.218
 20
-11.8735
 10
137.822001
 20
-11.8735
 10
137.822001
 20
-11.9115
  0
LWPOLYLINE
  5
76
330
17
100
AcDbEntity
  8
VISTA
100
AcDbPolyline
 90
5
 70
1
 10
137.822001
 20
-12.0105
 10
141.218
 20
-12.0105
 10
141.218
 20
-12.007501
 10
137.822001
 20
-12.007501
 10
137.822001
 20
-12.0105
  0
LWPOLYLINE
  5
77
330
17
100
AcDbEntity
  8
VISTA
100
AcDbPolyline
 90
15
 70
1
 10
132.955554
 20
-5.113737
 10
132.955879
 20
-5.114121
 10
132.956264
 20
-5.114446
 10
132.958
 20
-5.115
 10
133.08373699999999
 20
-5.114446
 10
133.084122
 20
-5.114121
 10
133.084447
 20
-5.113737
 10
133.085
 20
-5.112
 10
133.084447
 20
-4.906263
 10
133.084122
 20
-4.905879
 10
133.08373699999999
 20
-4.905554
 10
133.082001
 20
-4.905
 10
132.958
 20
-4.905
 10
132.955879
 20
-4.905879
 10
132.955554
 20
-5.113737
  0
LWPOLYLINE
  5
78
330
17
100
AcDbEntity
  8
VISTA
100
AcDbPolyline
 90
4
 70
1
 10
132.956497
 20
-5.113503
 10
132.956497
 20
-5.114117
 10
132.955879
 20
-5.114121
 10
132.956497
 20
-5.113503
  0
LWPOLYLINE
  5
79
330
17
100
AcDbEntity
  8
VISTA
100
AcDbPolyline
 90
4
 70
1
 10
133.083504
 20
-5.113503
 10
133.084118
 20
-5.113503
 10
133.084122
 20
-5.114121
 10
133.083504
 20
-5.113503
  0
LWPOLYLINE
  5
7A
330
17
100
AcDbEntity
  8
VISTA
100
AcDbPolyline
 90
4
 70
1
 10
133.083504
 20
-4.906497
 10
133.083504
 20
-4.905883
 10
133.084122
 20
-4.905879
 10
133.083504
 20
-4.906497
  0
LWPOLYLINE
  5
7B
330
17
100
AcDbEntity
  8
VISTA
100
AcDbPolyline
 90
4
 70
1
 10
132.956497
 20
-4.906497
 10
132.955883
 20
-4.906497
 10
132.955879
 20
-4.905879
 10
132.956497
 20
-4.906497
  0
LWPOLYLINE
  5
7C
330
17
100
AcDbEntity
  8
VISTA
100
AcDbPolyline
 90
15
 70
1
 10
133.875553
 20
-5.113737
 10
133.875878
 20
-5.114121
 10
133.876263
 20
-5.114446
 10
133.877999
 20
-5.115
 10
134.003736
 20
-5.114446
 10
134.004121
 20
-5.114121
 10
134.004446
 20
-5.113737
 10
134.004999
 20
-5.112
 10
134.004446
 20
-4.906263
 10
134.004121
 20
-4.905879
 10
134.003736
 20
-4.905554
 10
134.002
 20
-4.905
 10
133.877999
 20
-4.905
 10
133.875878
 20
-4.905879
 10
133.875553
 20
-5.113737
  0
LWPOLYLINE
  5
7D
330
17
100
AcDbEntity
  8
VISTA
100
AcDbPolyline
 90
4
 70
1
 10
133.876496
 20
-5.113503
 10
133.876496
 20
-5.114117
 10
133.875878
 20
-5.114121
 10
133.876496
 20
-5.113503
  0
LWPOLYLINE
  5
7E
330
17
100
AcDbEntity
  8
VISTA
100
AcDbPolyline
 90
4
 70
1
 10
134.003503
 20
-5.113503
 10
134.004117
 20
-5.113503
 10
134.004121
 20
-5.114121
 10
134.003503
 20
-5.113503
  0
LWPOLYLINE
  5
7F
330
17
100
AcDbEntity
  8
VISTA
100
AcDbPolyline
 90
4
 70
1
 10
134.003503
 20
-4.906497
 10
134.003503
 20
-4.905883
 10
134.004121
 20
-4.905879
 10
134.003503
 20
-4.906497
  0
LWPOLYLINE
  5
80
330
17
100
AcDbEntity
  8
VISTA
100
AcDbPolyline
 90
4
 70
1
 10
133.876496
 20
-4.906497
 10
133.875882
 20
-4.906497
 10
133.875878
 20
-4.905879
 10
133.876496
 20
-4.906497
  0
LWPOLYLINE
  5
81
330
17
100
AcDbEntity
  8
VISTA
100
AcDbPolyline
 90
5
 70
1
 10
133.835
 20
-4.826
 10
134.185
 20
-4.826
 10
134.185
 20
-4.824
 10
133.835
 20
-4.824
 10
133.835
 20
-4.826
  0
LWPOLYLINE
  5
82
330
17
100
AcDbEntity
  8
VISTA
100
AcDbPolyline
 90
5
 70
1
 10
133.835
 20
-5.776
 10
134.185
 20
-5.776
 10
134.185
 20
-5.774
 10
133.835
 20
-5.774
 10
133.835
 20
-5.776
  0
LWPOLYLINE
  5
83
330
17
100
AcDbEntity
  8
VISTA
100
AcDbPolyline
 90
9
 70
1
 10
137.293001
 20
-11.9595
 10
137.295002
 20
-11.9575
 10
137.295002
 20
-11.9165
 10
137.293001
 20
-11.9145
 10
136.022001
 20
-11.9145
 10
136.02
 20
-11.9165
 10
136.02
 20
-11.9575
 10
136.022001
 20
-11.9595
 10
137.293001
 20
-11.9595
  0
LWPOLYLINE
  5
84
330
17
100
AcDbEntity
  8
VISTA
100
AcDbPolyline
 90
9
 70
1
 10
141.193001
 20
-11.9565
 10
141.195
 20
-11.9545
 10
141.195
 20
-11.9135
 10
141.193001
 20
-11.9115
 10
139.521999
 20
-11.9115
 10
139.52
 20
-11.9135
 10
139.52
 20
-11.9545
 10
139.521999
 20
-11.9565
 10
141.193001
 20
-11.9565
  0
LWPOLYLINE
  5
85
330
17
100
AcDbEntity
  8
VISTA
100
AcDbPolyline
 90
5
 70
1
 10
133.757999
 20
-11.6895
 10
133.763499
 20
-11.69
 10
133.764
 20
-9.030499
 10
133.7585
 20
-9.030146
 10
133.757999
 20
-11.6895
  0
LWPOLYLINE
  5
86
330
17
100
AcDbEntity
  8
VISTA
100
AcDbPolyline
 90
5
 70
1
 10
134.0005
 20
-12.113999
 10
142.0
 20
-12.1135
 10
141.9995
 20
-12.102
 10
134.0005
 20
-12.102146
 10
134.0005
 20
-12.113999
  0
LWPOLYLINE
  5
87
330
17
100
AcDbEntity
  8
VISTA
100
AcDbPolyline
 90
5
 70
1
 10
133.91
 20
-9.045
 10
133.91
 20
-11.684999
 10
134.15
 20
-11.684999
 10
134.15
 20
-9.045
 10
133.91
 20
-9.045
  0
LWPOLYLINE
  5
88
330
17
100
AcDbEntity
  8
VISTA
100
AcDbPolyline
 90
5
 70
1
 10
133.9185
 20
-10.292
 10
134.045501
 20
-10.292
 10
134.045501
 20
-11.608
 10
133.9185
 20
-11.608
 10
133.9185
 20
-10.292
  0
LWPOLYLINE
  5
89
330
17
100
AcDbEntity
  8
VISTA
100
AcDbPolyline
 90
5
 70
1
 10
134.630001
 20
-11.86
 10
134.630001
 20
-12.099999
 10
137.450001
 20
-12.099999
 10
137.450001
 20
-11.86
 10
134.630001
 20
-11.86
  0
LWPOLYLINE
  5
8A
330
17
100
AcDbEntity
  8
VISTA
100
AcDbPolyline
 90
9
 70
1
 10
137.378
 20
-11.921499
 10
137.378
 20
-12.0485
 10
134.662
 20
-12.0485
 10
134.662
 20
-11.921499
 10
134.719001
 20
-11.921499
 10
134.719001
 20
-11.8725
 10
137.321003
 20
-11.8725
 10
137.321003
 20
-11.921499
 10
137.378
 20
-11.921499
  0
LWPOLYLINE
  5
8B
330
17
100
AcDbEntity
  8
VISTA
100
AcDbPolyline
 90
13
 70
1
 10
137.819
 20
-11.9185
 10
137.819
 20
-11.8695
 10
141.221001
 20
-11.8695
 10
141.221001
 20
-11.9185
 10
141.278
 20
-11.9185
 10
141.278
 20
-12.045501
 10
137.800001
 20
-12.045501
 10
137.800001
 20
-12.099999
 10
141.4
 20
-12.099999
 10
141.4
 20
-11.86
 10
137.800001
 20
-11.86
 10
137.800001
 20
-11.9185
 10
137.819
 20
-11.9185
  0
LWPOLYLINE
  5
8C
330
17
100
AcDbEntity
  8
VISTA
100
AcDbPolyline
 90
35
 70
1
 10
134.086
 20
-12.790001
 10
134.19470629491258
 20
-12.790292708789925
 10
134.196001
 20
-13.0
 10
135.204
 20
-13.0
 10
135.206
 20
-12.790001
 10
135.314709
 20
-12.790293
 10
135.316001
 20
-13.0
 10
136.32399900000001
 20
-13.0
 10
136.325998
 20
-12.790001
 10
136.434706
 20
-12.790293
 10
136.435999
 20
-13.0
 10
137.444
 20
-13.0
 10
137.445999
 20
-12.790001
 10
137.554708
 20
-12.790293
 10
137.556
 20
-13.0
 10
138.564001
 20
-13.0
 10
138.566
 20
-12.790001
 10
138.674709
 20
-12.790293
 10
138.67600099999999
 20
-13.0
 10
139.684
 20
-13.0
 10
139.685999
 20
-12.790001
 10
139.794708
 20
-12.790293
 10
139.796
 20
-13.0
 10
140.804001
 20
-13.0
 10
140.806
 20
-12.790001
 10
140.914709
 20
-12.790293
 10
140.916
 20
-13.0
 10
141.78900099999998
 20
-13.0
 10
141.790293
 20
-12.790293
 10
142.0
 20
-12.789001
 10
142.0
 20
-12.116
 10
134.001
 20
-12.115
 10
134.0
 20
-12.999
 10
134.084
 20
-13.0
 10
134.086
 20
-12.790001
  0
LWPOLYLINE
  5
8D
330
17
100
AcDbEntity
  8
VISTA
100
AcDbPolyline
 90
21
 70
1
 10
141.780001
 20
-12.160999
 10
141.804413
 20
-12.164866
 10
141.826435
 20
-12.176087
 10
141.843912
 20
-12.193564
 10
141.855135
 20
-12.215588
 10
141.859001
 20
-12.24
 10
141.855135
 20
-12.264412
 10
141.843912
 20
-12.286435
 10
141.826435
 20
-12.303912
 10
141.804413
 20
-12.315133
 10
141.780001
 20
-12.319
 10
141.755589
 20
-12.315133
 10
141.733566
 20
-12.303912
 10
141.716089
 20
-12.286435
 10
141.704866
 20
-12.264412
 10
141.701
 20
-12.24
 10
141.704866
 20
-12.215588
 10
141.716089
 20
-12.193564
 10
141.733566
 20
-12.176087
 10
141.755589
 20
-12.164866
 10
141.780001
 20
-12.160999
  0
LWPOLYLINE
  5
8E
330
17
100
AcDbEntity
  8
VISTA
100
AcDbPolyline
 90
9
 70
1
 10
133.208999
 20
-5.9425
 10
133.210999
 20
-6.0
 10
133.999708
 20
-5.999708
 10
133.999708
 20
-5.000292
 10
133.210291
 20
-5.000292
 10
133.209706
 20
-5.209708
 10
133.0
 20
-5.211
 10
133.0
 20
-5.9415
 10
133.208999
 20
-5.9425
  0
LWPOLYLINE
  5
8F
330
17
100
AcDbEntity
  8
VISTA
100
AcDbPolyline
 90
4
 70
1
 10
133.99970729270728
 20
-5.999707292707294
 10
133.99970729270728
 20
-5.999707292707293
 10
133.999708
 20
-5.999708
 10
133.99970729270728
 20
-5.999707292707294
  0
LWPOLYLINE
  5
90
330
17
100
AcDbEntity
  8
VISTA
100
AcDbPolyline
 90
4
 70
1
 10
133.99970729270728
 20
-5.000292707292707
 10
133.99970729270728
 20
-5.000292707292706
 10
133.999708
 20
-5.000292
 10
133.99970729270728
 20
-5.000292707292707
  0
LWPOLYLINE
  5
91
330
17
100
AcDbEntity
  8
VISTA
100
AcDbPolyline
 90
9
 70
1
 10
133.0
 20
-12.789001
 10
133.209707
 20
-12.790293
 10
133.210291
 20
-12.999708
 10
133.999708
 20
-12.999708
 10
133.999708
 20
-12.000292
 10
133.210999
 20
-12.0
 10
133.208999
 20
-12.0375
 10
133.001
 20
-12.0375
 10
133.0
 20
-12.789001
  0
LWPOLYLINE
  5
92
330
17
100
AcDbEntity
  8
VISTA
100
AcDbPolyline
 90
4
 70
1
 10
133.21029170779315
 20
-12.037499002706943
 10
133.21029170779315
 20
-12.037499002706937
 10
133.21029170779315
 20
-12.037499002706939
 10
133.21029170779315
 20
-12.037499002706943
  0
LWPOLYLINE
  5
93
330
17
100
AcDbEntity
  8
VISTA
100
AcDbPolyline
 90
36
 70
1
 10
133.209999
 20
-6.941
 10
133.209707
 20
-7.049706
 10
133.0
 20
-7.051
 10
133.0
 20
-7.9365
 10
133.000292
 20
-7.937208
 10
133.001
 20
-7.9375
 10
133.209999
 20
-7.9385
 10
133.209707
 20
-8.047209
 10
133.0
 20
-8.048501
 10
133.0
 20
-8.933999
 10
133.209999
 20
-8.936
 10
133.209707
 20
-9.044708
 10
133.0
 20
-9.046
 10
133.0
 20
-9.931499
 10
133.209999
 20
-9.9335
 10
133.209707
 20
-10.042206
 10
133.0
 20
-10.043501
 10
133.0
 20
-10.928999
 10
133.209707
 20
-10.930294
 10
133.209999
 20
-11.039
 10
133.0
 20
-11.041
 10
133.0
 20
-11.926499
 10
133.208999
 20
-11.9275
 10
133.210999
 20
-12.0
 10
133.999
 20
-12.0
 10
133.999708
 20
-11.690292
 10
133.764999
 20
-11.688999
 10
133.764999
 20
-9.031
 10
133.999
 20
-9.03
 10
134.000097
 20
-9.028999
 10
133.999708
 20
-6.000292
 10
133.210999
 20
-6.0
 10
133.208999
 20
-6.0525
 10
133.000292
 20
-6.052792
 10
133.001
 20
-6.94
 10
133.209999
 20
-6.941
  0
LWPOLYLINE
  5
94
330
17
100
AcDbEntity
  8
VISTA
100
AcDbPolyline
 90
4
 70
1
 10
133.00029270729272
 20
-7.937207292707293
 10
133.00029270729272
 20
-7.937207292707294
 10
133.000292
 20
-7.937208
 10
133.00029270729272
 20
-7.937207292707293
  0
LWPOLYLINE
  5
95
330
17
100
AcDbEntity
  8
VISTA
100
AcDbPolyline
 90
4
 70
1
 10
133.00029270729272
 20
-6.052792707292706
 10
133.00029270729272
 20
-6.052792707292707
 10
133.000292
 20
-6.052792
 10
133.00029270729272
 20
-6.052792707292706
  0
LWPOLYLINE
  5
96
330
17
100
AcDbEntity
  8
VISTA
100
AcDbPolyline
 90
4
 70
1
 10
133.7642489999999
 20
-9.029175749999922
 10
133.7642489999999
 20
-9.029175749999922
 10
133.7642489999998
 20
-9.029175749999865
 10
133.7642489999999
 20
-9.029175749999922
  0
LWPOLYLINE
  5
97
330
17
100
AcDbEntity
  8
VISTA
100
AcDbPolyline
 90
4
 70
1
 10
133.99965831578947
 20
-9.029219903643726
 10
133.99965831578947
 20
-9.029219903643725
 10
133.99965831578947
 20
-9.029219903643723
 10
133.99965831578947
 20
-9.029219903643726
  0
LWPOLYLINE
  5
98
330
17
100
AcDbEntity
  8
VISTA
100
AcDbPolyline
 90
12
 70
1
 10
132.9835
 20
-5.006
 10
133.9765
 20
-5.006
 10
133.978974
 20
-5.004975
 10
133.98
 20
-5.0025
 10
133.98
 20
-4.786389
 10
133.978974
 20
-4.783914
 10
133.9765
 20
-4.782889
 10
132.9835
 20
-4.782889
 10
132.981025
 20
-4.783914
 10
132.98
 20
-4.786389
 10
132.980646
 20
-5.004526
 10
132.9835
 20
-5.006
  0
LWPOLYLINE
  5
99
330
17
100
AcDbEntity
  8
VISTA
100
AcDbPolyline
 90
4
 70
1
 10
132.981746
 20
-5.004253
 10
132.981746
 20
-5.00497
 10
132.98103
 20
-5.004253
 10
132.981746
 20
-5.004253
  0
LWPOLYLINE
  5
9A
330
17
100
AcDbEntity
  8
VISTA
100
AcDbPolyline
 90
4
 70
1
 10
132.981746
 20
-4.783919
 10
132.981746
 20
-4.784636
 10
132.98103
 20
-4.784636
 10
132.981746
 20
-4.783919
  0
LWPOLYLINE
  5
9B
330
17
100
AcDbEntity
  8
VISTA
100
AcDbPolyline
 90
4
 70
1
 10
133.978711
 20
-5.004712
 10
133.978253
 20
-5.00497
 10
133.978253
 20
-5.004253
 10
133.978711
 20
-5.004712
  0
LWPOLYLINE
  5
9C
330
17
100
AcDbEntity
  8
VISTA
100
AcDbPolyline
 90
4
 70
1
 10
133.978253
 20
-4.783919
 10
133.97897
 20
-4.784636
 10
133.978253
 20
-4.784636
 10
133.978253
 20
-4.783919
  0
LWPOLYLINE
  5
9D
330
17
100
AcDbEntity
  8
VISTA
100
AcDbPolyline
 90
17
 70
1
 10
134.045501
 20
-10.292
 10
134.045501
 20
-11.608
 10
133.99212
 20
-11.608
 10
133.992105
 20
-11.620001
 10
133.992105
 20
-11.608
 10
133.991465
 20
-11.620001
 10
133.990001
 20
-11.608
 10
133.990001
 20
-11.620001
 10
133.995001
 20
-11.625
 10
134.205
 20
-11.625
 10
134.21
 20
-11.620001
 10
134.21
 20
-9.08
 10
134.205
 20
-9.075001
 10
133.995001
 20
-9.075001
 10
133.990001
 20
-9.08
 10
133.991206
 20
-10.292
 10
134.045501
 20
-10.292
  0
LWPOLYLINE
  5
9E
330
17
100
AcDbEntity
  8
VISTA
100
AcDbPolyline
 90
25
 70
1
 10
134.0
 20
-12.004999
 10
134.005
 20
-12.009999
 10
134.662
 20
-12.009999
 10
134.662
 20
-11.921499
 10
134.719001
 20
-11.921499
 10
134.719001
 20
-11.8725
 10
137.321003
 20
-11.8725
 10
137.321003
 20
-11.921499
 10
137.378
 20
-11.921499
 10
137.378
 20
-12.009999
 10
137.762001
 20
-12.009999
 10
137.762001
 20
-11.9185
 10
137.819
 20
-11.9185
 10
137.819
 20
-11.8695
 10
141.221001
 20
-11.8695
 10
141.221001
 20
-11.9185
 10
141.278
 20
-11.9185
 10
141.278
 20
-12.009999
 10
141.994999
 20
-12.009999
 10
142.0
 20
-12.004999
 10
142.0
 20
-11.795
 10
141.994999
 20
-11.79
 10
134.005
 20
-11.79
 10
134.0
 20
-11.795
 10
134.0
 20
-12.004999
  0
LWPOLYLINE
  5
9F
330
17
100
AcDbEntity
  8
VISTA
100
AcDbPolyline
 90
5
 70
1
 10
139.549999
 20
-8.7125
 10
140.52
 20
-8.7125
 10
140.52
 20
-8.7075
 10
139.549999
 20
-8.7075
 10
139.549999
 20
-8.7125
  0
LWPOLYLINE
  5
A0
330
17
100
AcDbEntity
  8
VISTA
100
AcDbPolyline
 90
5
 70
1
 10
133.0
 20
-4.9945
 10
133.0
 20
-5.0195
 10
133.959999
 20
-5.0195
 10
133.959999
 20
-4.9945
 10
133.0
 20
-4.9945
  0
LWPOLYLINE
  5
A1
330
17
100
AcDbEntity
  8
VISTA
100
AcDbPolyline
 90
8
 70
1
 10
134.265251
 20
-5.76
 10
134.269124
 20
-5.758316
 10
134.27
 20
-4.844
 10
134.268001
 20
-4.840739
 10
133.89475
 20
-4.84
 10
133.890877
 20
-4.841684
 10
133.891391
 20
-5.758829
 10
134.265251
 20
-5.76
  0
LWPOLYLINE
  5
A2
330
17
100
AcDbEntity
  8
VISTA
100
AcDbPolyline
 90
5
 70
1
 10
133.025
 20
-4.788333
 10
133.025
 20
-4.806333
 10
133.934999
 20
-4.806333
 10
133.934999
 20
-4.788333
 10
133.025
 20
-4.788333
  0
LWPOLYLINE
  5
A3
330
17
100
AcDbEntity
  8
VISTA
100
AcDbPolyline
 90
5
 70
1
 10
133.002
 20
-5.208
 10
133.208
 20
-5.208
 10
133.208
 20
-5.001
 10
133.002
 20
-5.001
 10
133.002
 20
-5.208
  0
LWPOLYLINE
  5
A4
330
17
100
AcDbEntity
  8
VISTA
100
AcDbPolyline
 90
5
 70
1
 10
133.002
 20
-6.0505
 10
133.208
 20
-6.0505
 10
133.208
 20
-5.9445
 10
133.002
 20
-5.9445
 10
133.002
 20
-6.0505
  0
LWPOLYLINE
  5
A5
330
17
100
AcDbEntity
  8
VISTA
100
AcDbPolyline
 90
5
 70
1
 10
133.208
 20
-7.048
 10
133.208
 20
-6.942
 10
133.002
 20
-6.942
 10
133.002
 20
-7.048
 10
133.208
 20
-7.048
  0
LWPOLYLINE
  5
A6
330
17
100
AcDbEntity
  8
VISTA
100
AcDbPolyline
 90
5
 70
1
 10
133.208
 20
-8.045501
 10
133.208
 20
-7.9395
 10
133.002
 20
-7.9395
 10
133.002
 20
-8.045501
 10
133.208
 20
-8.045501
  0
LWPOLYLINE
  5
A7
330
17
100
AcDbEntity
  8
VISTA
100
AcDbPolyline
 90
5
 70
1
 10
133.208
 20
-9.043
 10
133.208
 20
-8.936999
 10
133.002
 20
-8.936999
 10
133.002
 20
-9.043
 10
133.208
 20
-9.043
  0
LWPOLYLINE
  5
A8
330
17
100
AcDbEntity
  8
VISTA
100
AcDbPolyline
 90
5
 70
1
 10
133.002
 20
-10.040501
 10
133.208
 20
-10.040501
 10
133.208
 20
-9.9345
 10
133.002
 20
-9.9345
 10
133.002
 20
-10.040501
  0
LWPOLYLINE
  5
A9
330
17
100
AcDbEntity
  8
VISTA
100
AcDbPolyline
 90
5
 70
1
 10
133.208
 20
-11.038
 10
133.208
 20
-10.931999
 10
133.002
 20
-10.931999
 10
133.002
 20
-11.038
 10
133.208
 20
-11.038
  0
LWPOLYLINE
  5
AA
330
17
100
AcDbEntity
  8
VISTA
100
AcDbPolyline
 90
5
 70
1
 10
133.002
 20
-12.035501
 10
133.208
 20
-12.035501
 10
133.208
 20
-11.9295
 10
133.002
 20
-11.9295
 10
133.002
 20
-12.035501
  0
LWPOLYLINE
  5
AB
330
17
100
AcDbEntity
  8
VISTA
100
AcDbPolyline
 90
5
 70
1
 10
133.002
 20
-12.998
 10
133.208
 20
-12.998
 10
133.208
 20
-12.792
 10
133.002
 20
-12.792
 10
133.002
 20
-12.998
  0
LWPOLYLINE
  5
AC
330
17
100
AcDbEntity
  8
VISTA
100
AcDbPolyline
 90
5
 70
1
 10
134.087
 20
-12.998
 10
134.193001
 20
-12.998
 10
134.193001
 20
-12.792
 10
134.087
 20
-12.792
 10
134.087
 20
-12.998
  0
LWPOLYLINE
  5
AD
330
17
100
AcDbEntity
  8
VISTA
100
AcDbPolyline
 90
5
 70
1
 10
135.207
 20
-12.998
 10
135.31300099999999
 20
-12.998
 10
135.31300099999999
 20
-12.792
 10
135.207
 20
-12.792
 10
135.207
 20
-12.998
  0
LWPOLYLINE
  5
AE
330
17
100
AcDbEntity
  8
VISTA
100
AcDbPolyline
 90
5
 70
1
 10
136.327
 20
-12.998
 10
136.432999
 20
-12.998
 10
136.432999
 20
-12.792
 10
136.327
 20
-12.792
 10
136.327
 20
-12.998
  0
LWPOLYLINE
  5
AF
330
17
100
AcDbEntity
  8
VISTA
100
AcDbPolyline
 90
5
 70
1
 10
137.447001
 20
-12.998
 10
137.552999
 20
-12.998
 10
137.552999
 20
-12.792
 10
137.447001
 20
-12.792
 10
137.447001
 20
-12.998
  0
LWPOLYLINE
  5
B0
330
17
100
AcDbEntity
  8
VISTA
100
AcDbPolyline
 90
5
 70
1
 10
138.567001
 20
-12.998
 10
138.673
 20
-12.998
 10
138.673
 20
-12.792
 10
138.567001
 20
-12.792
 10
138.567001
 20
-12.998
  0
LWPOLYLINE
  5
B1
330
17
100
AcDbEntity
  8
VISTA
100
AcDbPolyline
 90
5
 70
1
 10
139.687
 20
-12.998
 10
139.792999
 20
-12.998
 10
139.792999
 20
-12.792
 10
139.687
 20
-12.792
 10
139.687
 20
-12.998
  0
LWPOLYLINE
  5
B2
330
17
100
AcDbEntity
  8
VISTA
100
AcDbPolyline
 90
5
 70
1
 10
140.807001
 20
-12.998
 10
140.913
 20
-12.998
 10
140.913
 20
-12.792
 10
140.807001
 20
-12.792
 10
140.807001
 20
-12.998
  0
LWPOLYLINE
  5
B3
330
17
100
AcDbEntity
  8
VISTA
100
AcDbPolyline
 90
5
 70
1
 10
141.792
 20
-12.998
 10
141.997999
 20
-12.998
 10
141.997999
 20
-12.792
 10
141.792
 20
-12.792
 10
141.792
 20
-12.998
  0
LWPOLYLINE
  5
B4
330
17
100
AcDbEntity
  8
VISTA
100
AcDbPolyline
 90
5
 70
1
 10
133.0307
 20
-4.819889
 10
133.929999
 20
-4.819189
 10
133.92929900000001
 20
-4.797889
 10
133.0307
 20
-4.798094
 10
133.0307
 20
-4.819889
  0
LWPOLYLINE
  5
B5
330
17
100
AcDbEntity
  8
VISTA
100
AcDbPolyline
 90
9
 70
1
 10
136.305
 20
-4.1705
 10
136.306894
 20
-4.174169
 10
140.050501
 20
-4.175
 10
140.054169
 20
-4.173105
 10
140.055
 20
-1.8295
 10
140.053106
 20
-1.825831
 10
136.3095
 20
-1.825
 10
136.305
 20
-1.8295
 10
136.305
 20
-4.1705
  0
LWPOLYLINE
  5
B6
330
17
100
AcDbEntity
  8
VISTA
100
AcDbPolyline
 90
12
 70
1
 10
133.773671
 20
-11.605828
 10
133.7765
 20
-11.606999
 10
133.8935
 20
-11.606999
 10
133.896329
 20
-11.605828
 10
133.8975
 20
-11.603
 10
133.8975
 20
-10.297
 10
133.896329
 20
-10.294171
 10
133.8935
 20
-10.293
 10
133.7765
 20
-10.293
 10
133.773671
 20
-10.294171
 10
133.7725
 20
-10.297
 10
133.773671
 20
-11.605828
  0
LWPOLYLINE
  5
B7
330
17
100
AcDbEntity
  8
VISTA
100
AcDbPolyline
 90
4
 70
1
 10
133.773973
 20
-11.604795
 10
133.774705
 20
-11.605528
 10
133.774191
 20
-11.605309
 10
133.773973
 20
-11.604795
  0
LWPOLYLINE
  5
B8
330
17
100
AcDbEntity
  8
VISTA
100
AcDbPolyline
 90
4
 70
1
 10
133.774191
 20
-10.29469
 10
133.773973
 20
-10.295205
 10
133.773973
 20
-10.294472
 10
133.774191
 20
-10.29469
  0
LWPOLYLINE
  5
B9
330
17
100
AcDbEntity
  8
VISTA
100
AcDbPolyline
 90
4
 70
1
 10
133.89580899999999
 20
-10.29469
 10
133.895295
 20
-10.294472
 10
133.896028
 20
-10.294472
 10
133.89580899999999
 20
-10.29469
  0
LWPOLYLINE
  5
BA
330
17
100
AcDbEntity
  8
VISTA
100
AcDbPolyline
 90
4
 70
1
 10
133.896028
 20
-11.605528
 10
133.895295
 20
-11.605528
 10
133.89580899999999
 20
-11.605309
 10
133.896028
 20
-11.605528
  0
LWPOLYLINE
  5
BB
330
17
100
AcDbEntity
  8
VISTA
100
AcDbPolyline
 90
12
 70
1
 10
133.920671
 20
-11.605828
 10
133.9235
 20
-11.606999
 10
134.040501
 20
-11.606999
 10
134.043329
 20
-11.605828
 10
134.0445
 20
-11.603
 10
134.0445
 20
-10.297
 10
134.043329
 20
-10.294171
 10
134.040501
 20
-10.293
 10
133.9235
 20
-10.293
 10
133.920671
 20
-10.294171
 10
133.9195
 20
-10.297
 10
133.920671
 20
-11.605828
  0
LWPOLYLINE
  5
BC
330
17
100
AcDbEntity
  8
VISTA
100
AcDbPolyline
 90
4
 70
1
 10
133.921191
 20
-11.605309
 10
133.921705
 20
-11.605528
 10
133.920973
 20
-11.605528
 10
133.921191
 20
-11.605309
  0
LWPOLYLINE
  5
BD
330
17
100
AcDbEntity
  8
VISTA
100
AcDbPolyline
 90
4
 70
1
 10
133.921191
 20
-10.29469
 10
133.920973
 20
-10.295205
 10
133.920973
 20
-10.294472
 10
133.921191
 20
-10.29469
  0
LWPOLYLINE
  5
BE
330
17
100
AcDbEntity
  8
VISTA
100
AcDbPolyline
 90
4
 70
1
 10
133.92243328639347
 20
-10.294174193753314
 10
133.92243328639347
 20
-10.294174193753312
 10
133.92243328639347
 20
-10.294174193753312
 10
133.92243328639347
 20
-10.294174193753314
  0
LWPOLYLINE
  5
BF
330
17
100
AcDbEntity
  8
VISTA
100
AcDbPolyline
 90
4
 70
1
 10
134.042809
 20
-10.29469
 10
134.042295
 20
-10.294472
 10
134.043028
 20
-10.294472
 10
134.042809
 20
-10.29469
  0
LWPOLYLINE
  5
C0
330
17
100
AcDbEntity
  8
VISTA
100
AcDbPolyline
 90
4
 70
1
 10
134.043028
 20
-11.605528
 10
134.042295
 20
-11.605528
 10
134.042809
 20
-11.605309
 10
134.043028
 20
-11.605528
  0
LWPOLYLINE
  5
C1
330
17
100
AcDbEntity
  8
VISTA
100
AcDbPolyline
 90
11
 70
1
 10
137.373001
 20
-12.0475
 10
137.37583
 20
-12.046329
 10
137.377001
 20
-12.0435
 10
137.377001
 20
-11.926499
 10
137.37583
 20
-11.923671
 10
137.373001
 20
-11.9225
 10
134.667001
 20
-11.9225
 10
134.664172
 20
-11.923671
 10
134.663
 20
-11.926499
 10
134.664172
 20
-12.046329
 10
137.373001
 20
-12.0475
  0
LWPOLYLINE
  5
C2
330
17
100
AcDbEntity
  8
VISTA
100
AcDbPolyline
 90
4
 70
1
 10
137.0729872766045
 20
-12.00404957158323
 10
137.07298727660452
 20
-12.004049571583232
 10
137.0729872766045
 20
-12.00404957158323
 10
137.0729872766045
 20
-12.00404957158323
  0
LWPOLYLINE
  5
C3
330
17
100
AcDbEntity
  8
VISTA
100
AcDbPolyline
 90
9
 70
1
 10
137.041063
 20
-12.008244
 10
137.034941
 20
-12.008244
 10
137.030611
 20
-12.003739
 10
137.030275
 20
-11.99843
 10
137.034002
 20
-11.993572
 10
137.040073
 20
-11.992773
 10
137.04493
 20
-11.996501
 10
137.045456
 20
-12.003524
 10
137.041063
 20
-12.008244
  0
LWPOLYLINE
  5
C4
330
17
100
AcDbEntity
  8
VISTA
100
AcDbPolyline
 90
9
 70
1
 10
134.99461
 20
-12.003739
 10
134.994273
 20
-11.99843
 10
134.998001
 20
-11.993572
 10
135.004071
 20
-11.992773
 10
135.008929
 20
-11.996501
 10
135.009392
 20
-12.003739
 10
135.005062
 20
-12.008244
 10
134.99884
 20
-12.008185
 10
134.99461
 20
-12.003739
  0
LWPOLYLINE
  5
C5
330
17
100
AcDbEntity
  8
VISTA
100
AcDbPolyline
 90
4
 70
1
 10
134.664473
 20
-12.046027
 10
134.664473
 20
-12.045295
 10
134.664691
 20
-12.045809
 10
134.664473
 20
-12.046027
  0
LWPOLYLINE
  5
C6
330
17
100
AcDbEntity
  8
VISTA
100
AcDbPolyline
 90
4
 70
1
 10
134.665206
 20
-11.923972
 10
134.664473
 20
-11.924705
 10
134.664691
 20
-11.924191
 10
134.665206
 20
-11.923972
  0
LWPOLYLINE
  5
C7
330
17
100
AcDbEntity
  8
VISTA
100
AcDbPolyline
 90
4
 70
1
 10
137.375528
 20
-11.923972
 10
137.375528
 20
-11.924705
 10
137.37530900000002
 20
-11.924191
 10
137.375528
 20
-11.923972
  0
LWPOLYLINE
  5
C8
330
17
100
AcDbEntity
  8
VISTA
100
AcDbPolyline
 90
4
 70
1
 10
137.374796
 20
-12.046027
 10
137.375528
 20
-12.045295
 10
137.37530900000002
 20
-12.045809
 10
137.374796
 20
-12.046027
  0
LWPOLYLINE
  5
C9
330
17
100
AcDbEntity
  8
VISTA
100
AcDbPolyline
 90
11
 70
1
 10
141.273001
 20
-12.0445
 10
141.275829
 20
-12.043329
 10
141.277
 20
-12.040501
 10
141.277
 20
-11.9235
 10
141.275829
 20
-11.920671
 10
141.273001
 20
-11.9195
 10
137.767
 20
-11.9195
 10
137.764172
 20
-11.920671
 10
137.763
 20
-11.9235
 10
137.764172
 20
-12.043329
 10
141.273001
 20
-12.0445
  0
LWPOLYLINE
  5
CA
330
17
100
AcDbEntity
  8
VISTA
100
AcDbPolyline
 90
9
 70
1
 10
140.93956
 20
-12.005745
 10
140.933556
 20
-12.004457
 10
140.9302032302893
 20
-11.999387539610511
 10
140.931072
 20
-11.993501
 10
140.935928
 20
-11.989773
 10
140.941999
 20
-11.990572
 10
140.945726
 20
-11.99543
 10
140.944651
 20
-12.002162
 10
140.93956
 20
-12.005745
  0
LWPOLYLINE
  5
CB
330
17
100
AcDbEntity
  8
VISTA
100
AcDbPolyline
 90
9
 70
1
 10
138.09461
 20
-12.000739
 10
138.094275
 20
-11.99543
 10
138.098001
 20
-11.990572
 10
138.104073
 20
-11.989773
 10
138.108929
 20
-11.993501
 10
138.109392
 20
-12.000739
 10
138.105062
 20
-12.005243
 10
138.098841
 20
-12.005185
 10
138.09461
 20
-12.000739
  0
LWPOLYLINE
  5
CC
330
17
100
AcDbEntity
  8
VISTA
100
AcDbPolyline
 90
4
 70
1
 10
137.764473
 20
-12.043028
 10
137.764473
 20
-12.042295
 10
137.76469
 20
-12.042809
 10
137.764473
 20
-12.043028
  0
LWPOLYLINE
  5
CD
330
17
100
AcDbEntity
  8
VISTA
100
AcDbPolyline
 90
4
 70
1
 10
137.76469
 20
-11.921191
 10
137.764473
 20
-11.921705
 10
137.764473
 20
-11.920973
 10
137.76469
 20
-11.921191
  0
LWPOLYLINE
  5
CE
330
17
100
AcDbEntity
  8
VISTA
100
AcDbPolyline
 90
4
 70
1
 10
141.275528
 20
-11.920973
 10
141.275528
 20
-11.921705
 10
141.275311
 20
-11.921191
 10
141.275528
 20
-11.920973
  0
LWPOLYLINE
  5
CF
330
17
100
AcDbEntity
  8
VISTA
100
AcDbPolyline
 90
4
 70
1
 10
141.275311
 20
-12.042809
 10
141.275528
 20
-12.042295
 10
141.275528
 20
-12.043028
 10
141.275311
 20
-12.042809
  0
LWPOLYLINE
  5
D0
330
17
100
AcDbEntity
  8
VISTA
100
AcDbPolyline
 90
5
 70
1
 10
135.1178
 20
-5.720999
 10
135.118
 20
-5.715199
 10
134.277201
 20
-5.715
 10
134.277059
 20
-5.720799
 10
135.1178
 20
-5.720999
  0
LWPOLYLINE
  5
D1
330
17
100
AcDbEntity
  8
VISTA
100
AcDbPolyline
 90
5
 70
1
 10
133.209706
 20
-5.209707
 10
133.209706
 20
-4.978293
 10
133.000293
 20
-4.978293
 10
133.000293
 20
-5.209707
 10
133.209706
 20
-5.209707
  0
LWPOLYLINE
  5
D2
330
17
100
AcDbEntity
  8
VISTA
100
AcDbPolyline
 90
5
 70
1
 10
133.209706
 20
-6.052207
 10
133.209706
 20
-5.942793
 10
133.000293
 20
-5.942793
 10
133.000293
 20
-6.052207
 10
133.209706
 20
-6.052207
  0
LWPOLYLINE
  5
D3
330
17
100
AcDbEntity
  8
VISTA
100
AcDbPolyline
 90
5
 70
1
 10
133.209706
 20
-7.049707
 10
133.209706
 20
-6.940293
 10
133.000293
 20
-6.940293
 10
133.000293
 20
-7.049707
 10
133.209706
 20
-7.049707
  0
LWPOLYLINE
  5
D4
330
17
100
AcDbEntity
  8
VISTA
100
AcDbPolyline
 90
5
 70
1
 10
133.209706
 20
-8.047208
 10
133.209706
 20
-7.937793
 10
133.000293
 20
-7.937793
 10
133.000293
 20
-8.047208
 10
133.209706
 20
-8.047208
  0
LWPOLYLINE
  5
D5
330
17
100
AcDbEntity
  8
VISTA
100
AcDbPolyline
 90
5
 70
1
 10
133.209706
 20
-9.044707
 10
133.209706
 20
-8.935292
 10
133.000293
 20
-8.935292
 10
133.000293
 20
-9.044707
 10
133.209706
 20
-9.044707
  0
LWPOLYLINE
  5
D6
330
17
100
AcDbEntity
  8
VISTA
100
AcDbPolyline
 90
5
 70
1
 10
133.209706
 20
-10.042208
 10
133.209706
 20
-9.932793
 10
133.000293
 20
-9.932793
 10
133.000293
 20
-10.042208
 10
133.209706
 20
-10.042208
  0
LWPOLYLINE
  5
D7
330
17
100
AcDbEntity
  8
VISTA
100
AcDbPolyline
 90
5
 70
1
 10
133.209706
 20
-11.039707
 10
133.209706
 20
-10.930292
 10
133.000293
 20
-10.930292
 10
133.000293
 20
-11.039707
 10
133.209706
 20
-11.039707
  0
LWPOLYLINE
  5
D8
330
17
100
AcDbEntity
  8
VISTA
100
AcDbPolyline
 90
5
 70
1
 10
133.209706
 20
-12.037208
 10
133.209706
 20
-11.927793
 10
133.000293
 20
-11.927793
 10
133.000293
 20
-12.037208
 10
133.209706
 20
-12.037208
  0
LWPOLYLINE
  5
D9
330
17
100
AcDbEntity
  8
VISTA
100
AcDbPolyline
 90
5
 70
1
 10
133.209706
 20
-12.999707
 10
133.209706
 20
-12.790294
 10
133.000293
 20
-12.790294
 10
133.000293
 20
-12.999707
 10
133.209706
 20
-12.999707
  0
LWPOLYLINE
  5
DA
330
17
100
AcDbEntity
  8
VISTA
100
AcDbPolyline
 90
5
 70
1
 10
134.194708
 20
-12.999707
 10
134.194708
 20
-12.790294
 10
134.085293
 20
-12.790294
 10
134.085293
 20
-12.999707
 10
134.194708
 20
-12.999707
  0
LWPOLYLINE
  5
DB
330
17
100
AcDbEntity
  8
VISTA
100
AcDbPolyline
 90
5
 70
1
 10
135.314708
 20
-12.999707
 10
135.314708
 20
-12.790294
 10
135.205293
 20
-12.790294
 10
135.205293
 20
-12.999707
 10
135.314708
 20
-12.999707
  0
LWPOLYLINE
  5
DC
330
17
100
AcDbEntity
  8
VISTA
100
AcDbPolyline
 90
5
 70
1
 10
136.434706
 20
-12.999707
 10
136.434706
 20
-12.790294
 10
136.325293
 20
-12.790294
 10
136.325293
 20
-12.999707
 10
136.434706
 20
-12.999707
  0
LWPOLYLINE
  5
DD
330
17
100
AcDbEntity
  8
VISTA
100
AcDbPolyline
 90
5
 70
1
 10
137.554707
 20
-12.999707
 10
137.554707
 20
-12.790294
 10
137.445293
 20
-12.790294
 10
137.445293
 20
-12.999707
 10
137.554707
 20
-12.999707
  0
LWPOLYLINE
  5
DE
330
17
100
AcDbEntity
  8
VISTA
100
AcDbPolyline
 90
5
 70
1
 10
138.674707
 20
-12.999707
 10
138.674707
 20
-12.790294
 10
138.565294
 20
-12.790294
 10
138.565294
 20
-12.999707
 10
138.674707
 20
-12.999707
  0
LWPOLYLINE
  5
DF
330
17
100
AcDbEntity
  8
VISTA
100
AcDbPolyline
 90
5
 70
1
 10
139.794706
 20
-12.999707
 10
139.794706
 20
-12.790294
 10
139.685293
 20
-12.790294
 10
139.685293
 20
-12.999707
 10
139.794706
 20
-12.999707
  0
LWPOLYLINE
  5
E0
330
17
100
AcDbEntity
  8
VISTA
100
AcDbPolyline
 90
5
 70
1
 10
140.914707
 20
-12.999707
 10
140.914707
 20
-12.790294
 10
140.805294
 20
-12.790294
 10
140.805294
 20
-12.999707
 10
140.914707
 20
-12.999707
  0
LWPOLYLINE
  5
E1
330
17
100
AcDbEntity
  8
VISTA
100
AcDbPolyline
 90
5
 70
1
 10
141.999708
 20
-12.999707
 10
141.999708
 20
-12.790294
 10
141.790293
 20
-12.790294
 10
141.790293
 20
-12.999707
 10
141.999708
 20
-12.999707
  0
LWPOLYLINE
  5
E2
330
17
100
AcDbEntity
  8
VISTA
100
AcDbPolyline
 90
5
 70
1
 10
136.921179
 20
-11.559483
 10
139.379482
 20
-11.558821
 10
139.37882
 20
-9.420517
 10
136.920517
 20
-9.421179
 10
136.921179
 20
-11.559483
  0
LWPOLYLINE
  5
E3
330
17
100
AcDbEntity
  8
VISTA
100
AcDbPolyline
 90
5
 70
1
 10
133.7665
 20
-11.61
 10
133.7695
 20
-11.61
 10
133.7695
 20
-9.09
 10
133.7665
 20
-9.09
 10
133.7665
 20
-11.61
  0
LWPOLYLINE
  5
E4
330
17
100
AcDbEntity
  8
VISTA
100
AcDbPolyline
 90
5
 70
1
 10
133.9005
 20
-11.61
 10
133.9035
 20
-11.61
 10
133.9035
 20
-9.09
 10
133.9005
 20
-9.09
 10
133.9005
 20
-11.61
  0
LWPOLYLINE
  5
E5
330
17
100
AcDbEntity
  8
VISTA
100
AcDbPolyline
 90
5
 70
1
 10
133.7665
 20
-9.09
 10
133.9035
 20
-9.09
 10
133.9035
 20
-9.087001
 10
133.7665
 20
-9.087001
 10
133.7665
 20
-9.09
  0
LWPOLYLINE
  5
E6
330
17
100
AcDbEntity
  8
VISTA
100
AcDbPolyline
 90
5
 70
1
 10
133.7665
 20
-11.612999
 10
133.9035
 20
-11.612999
 10
133.9035
 20
-11.61
 10
133.7665
 20
-11.61
 10
133.7665
 20
-11.612999
  0
LWPOLYLINE
  5
E7
330
17
100
AcDbEntity
  8
VISTA
100
AcDbPolyline
 90
5
 70
1
 10
134.722
 20
-11.8765
 10
137.318003
 20
-11.8765
 10
137.318003
 20
-11.873501
 10
134.722
 20
-11.873501
 10
134.722
 20
-11.8765
  0
LWPOLYLINE
  5
E8
330
17
100
AcDbEntity
  8
VISTA
100
AcDbPolyline
 90
5
 70
1
 10
134.722
 20
-12.0165
 10
137.318003
 20
-12.0165
 10
137.318003
 20
-12.0135
 10
134.722
 20
-12.0135
 10
134.722
 20
-12.0165
  0
LWPOLYLINE
  5
E9
330
17
100
AcDbEntity
  8
VISTA
100
AcDbPolyline
 90
5
 70
1
 10
134.719001
 20
-12.0165
 10
134.722
 20
-12.0165
 10
134.722
 20
-11.873501
 10
134.719001
 20
-11.873501
 10
134.719001
 20
-12.0165
  0
LWPOLYLINE
  5
EA
330
17
100
AcDbEntity
  8
VISTA
100
AcDbPolyline
 90
5
 70
1
 10
137.318003
 20
-12.0165
 10
137.321003
 20
-12.0165
 10
137.321003
 20
-11.873501
 10
137.318003
 20
-11.873501
 10
137.318003
 20
-12.0165
  0
LWPOLYLINE
  5
EB
330
17
100
AcDbEntity
  8
VISTA
100
AcDbPolyline
 90
5
 70
1
 10
137.822001
 20
-11.8735
 10
141.218
 20
-11.8735
 10
141.218
 20
-11.870501
 10
137.822001
 20
-11.870501
 10
137.822001
 20
-11.8735
  0
LWPOLYLINE
  5
EC
330
17
100
AcDbEntity
  8
VISTA
100
AcDbPolyline
 90
5
 70
1
 10
137.822001
 20
-12.0135
 10
141.218
 20
-12.0135
 10
141.218
 20
-12.0105
 10
137.822001
 20
-12.0105
 10
137.822001
 20
-12.0135
  0
LWPOLYLINE
  5
ED
330
17
100
AcDbEntity
  8
VISTA
100
AcDbPolyline
 90
5
 70
1
 10
137.819
 20
-12.0135
 10
137.822001
 20
-12.0135
 10
137.822001
 20
-11.870501
 10
137.819
 20
-11.870501
 10
137.819
 20
-12.0135
  0
LWPOLYLINE
  5
EE
330
17
100
AcDbEntity
  8
VISTA
100
AcDbPolyline
 90
5
 70
1
 10
141.218
 20
-12.0135
 10
141.221001
 20
-12.0135
 10
141.221001
 20
-11.870501
 10
141.218
 20
-11.870501
 10
141.218
 20
-12.0135
  0
LWPOLYLINE
  5
EF
330
17
100
AcDbEntity
  8
VISTA
100
AcDbPolyline
 90
5
 70
1
 10
134.2775
 20
-5.726999
 10
135.118
 20
-5.7265
 10
135.1175
 20
-5.709
 10
134.2775
 20
-5.709146
 10
134.2775
 20
-5.726999
  0
LWPOLYLINE
  5
F0
330
17
100
AcDbEntity
  8
VISTA
100
AcDbPolyline
 90
5
 70
1
 10
141.112501
 20
-11.499599
 10
141.115101
 20
-11.5
 10
141.115499
 20
-10.9804
 10
141.1129
 20
-10.9804
 10
141.112501
 20
-11.499599
  0
LWPOLYLINE
  5
F1
330
17
100
AcDbEntity
  8
VISTA
100
AcDbPolyline
 90
5
 70
1
 10
136.359001
 20
-11.785
 10
136.360001
 20
-11.536
 10
134.841
 20
-11.535
 10
134.840293
 20
-11.784707
 10
136.359001
 20
-11.785
  0
LWPOLYLINE
  5
F2
330
17
100
AcDbEntity
  8
VISTA
100
AcDbPolyline
 90
5
 70
1
 10
139.324001
 20
-6.7325
 10
139.325001
 20
-6.1485
 10
137.716
 20
-6.1475
 10
137.715294
 20
-6.732207
 10
139.324001
 20
-6.7325
  0
LWPOLYLINE
  5
F3
330
17
100
AcDbEntity
  8
VISTA
100
AcDbPolyline
 90
13
 70
1
 10
137.287001
 20
-3.2
 10
137.573
 20
-3.2
 10
137.57795
 20
-3.19795
 10
137.57999999999998
 20
-3.193
 10
137.57999999999998
 20
-2.807
 10
137.57795
 20
-2.80205
 10
137.573
 20
-2.8
 10
137.287001
 20
-2.8
 10
137.282051
 20
-2.80205
 10
137.280001
 20
-2.807
 10
137.280001
 20
-3.193
 10
137.282051
 20
-3.19795
 10
137.287001
 20
-3.2
  0
LWPOLYLINE
  5
F4
330
17
100
AcDbEntity
  8
VISTA
100
AcDbPolyline
 90
25
 70
1
 10
141.713316
 20
-12.2785
 10
141.725554
 20
-12.294447
 10
141.741501
 20
-12.306684
 10
141.760071
 20
-12.314376
 10
141.780001
 20
-12.316999
 10
141.79993100000002
 20
-12.314376
 10
141.818501
 20
-12.306684
 10
141.834448
 20
-12.294447
 10
141.846685
 20
-12.2785
 10
141.854378
 20
-12.259929
 10
141.857
 20
-12.24
 10
141.854378
 20
-12.220071
 10
141.846685
 20
-12.2015
 10
141.834448
 20
-12.185553
 10
141.818501
 20
-12.173316
 10
141.79993100000002
 20
-12.165624
 10
141.780001
 20
-12.163
 10
141.760071
 20
-12.165624
 10
141.741501
 20
-12.173316
 10
141.725554
 20
-12.185553
 10
141.713316
 20
-12.2015
 10
141.705624
 20
-12.220071
 10
141.703001
 20
-12.24
 10
141.705624
 20
-12.259929
 10
141.713316
 20
-12.2785
  0
LWPOLYLINE
  5
F5
330
17
100
AcDbEntity
  8
VISTA
100
AcDbPolyline
 90
25
 70
1
 10
141.717648
 20
-12.276
 10
141.710455
 20
-12.258635
 10
141.708
 20
-12.24
 10
141.710455
 20
-12.221365
 10
141.717648
 20
-12.204
 10
141.72908999999999
 20
-12.189088
 10
141.744001
 20
-12.177646
 10
141.761366
 20
-12.170453
 10
141.780001
 20
-12.168
 10
141.798635
 20
-12.170453
 10
141.816
 20
-12.177646
 10
141.830912
 20
-12.189088
 10
141.842354
 20
-12.204
 10
141.849546
 20
-12.221365
 10
141.852001
 20
-12.24
 10
141.849546
 20
-12.258635
 10
141.842354
 20
-12.276
 10
141.830912
 20
-12.290912
 10
141.816
 20
-12.302354
 10
141.798635
 20
-12.309546
 10
141.780001
 20
-12.311999
 10
141.761366
 20
-12.309546
 10
141.744001
 20
-12.302354
 10
141.72908999999999
 20
-12.290912
 10
141.717648
 20
-12.276
  0
LWPOLYLINE
  5
F6
330
17
100
AcDbEntity
  8
VISTA
100
AcDbPolyline
 90
5
 70
1
 10
141.112501
 20
-11.499599
 10
141.115101
 20
-11.5
 10
141.115499
 20
-10.9804
 10
141.1129
 20
-10.9804
 10
141.112501
 20
-11.499599
  0
LWPOLYLINE
  5
F7
330
17
100
AcDbEntity
  8
VISTA
100
AcDbPolyline
 90
5
 70
1
 10
134.8294
 20
-11.54
 10
136.371
 20
-11.539599
 10
136.3706
 20
-11.481999
 10
134.8294
 20
-11.4824
 10
134.8294
 20
-11.54
  0
LWPOLYLINE
  5
F8
330
17
100
AcDbEntity
  8
VISTA
100
AcDbPolyline
 90
10
 70
1
 10
137.221699
 20
-1.610716
 10
137.219999
 20
-1.6117
 10
137.220312
 20
-1.949284
 10
137.22071499999998
 20
-1.9483
 10
137.221699
 20
-1.95
 10
137.539284
 20
-1.949686
 10
137.5383
 20
-1.949284
 10
137.539999
 20
-1.9483
 10
137.539686
 20
-1.610716
 10
137.221699
 20
-1.610716
  0
LWPOLYLINE
  5
F9
330
17
100
AcDbEntity
  8
VISTA
100
AcDbPolyline
 90
10
 70
1
 10
137.221699
 20
-4.050715
 10
137.219999
 20
-4.0517
 10
137.220312
 20
-4.389284
 10
137.22071499999998
 20
-4.3883
 10
137.221699
 20
-4.39
 10
137.539284
 20
-4.389686
 10
137.5383
 20
-4.389284
 10
137.539999
 20
-4.3883
 10
137.539686
 20
-4.050715
 10
137.221699
 20
-4.050715
  0
LWPOLYLINE
  5
FA
330
17
100
AcDbEntity
  8
VISTA
100
AcDbPolyline
 90
5
 70
1
 10
141.112501
 20
-11.499599
 10
141.115101
 20
-11.5
 10
141.115499
 20
-10.9804
 10
141.1129
 20
-10.9804
 10
141.112501
 20
-11.499599
  0
LWPOLYLINE
  5
FB
330
17
100
AcDbEntity
  8
VISTA
100
AcDbPolyline
 90
10
 70
1
 10
137.723501
 20
-6.74
 10
139.318527
 20
-6.739354
 10
139.32
 20
-6.7365
 10
139.319355
 20
-6.181474
 10
139.3165
 20
-6.18
 10
137.721474
 20
-6.180646
 10
137.720646
 20
-6.181474
 10
137.720001
 20
-6.1835
 10
137.720646
 20
-6.738526
 10
137.723501
 20
-6.74
  0
LWPOLYLINE
  5
FC
330
17
100
AcDbEntity
  8
VISTA
100
AcDbPolyline
 90
4
 70
1
 10
137.721746
 20
-6.738254
 10
137.721746
 20
-6.73897
 10
137.721031
 20
-6.738254
 10
137.721746
 20
-6.738254
  0
LWPOLYLINE
  5
FD
330
17
100
AcDbEntity
  8
VISTA
100
AcDbPolyline
 90
4
 70
1
 10
137.721746
 20
-6.18103
 10
137.721746
 20
-6.181746
 10
137.721031
 20
-6.181746
 10
137.721746
 20
-6.18103
  0
LWPOLYLINE
  5
FE
330
17
100
AcDbEntity
  8
VISTA
100
AcDbPolyline
 90
4
 70
1
 10
137.72102781735416
 20
-6.181363552056188
 10
137.721289
 20
-6.181288
 10
137.72102781735416
 20
-6.1813635520561885
 10
137.72102781735416
 20
-6.181363552056188
  0
LWPOLYLINE
  5
FF
330
17
100
AcDbEntity
  8
VISTA
100
AcDbPolyline
 90
4
 70
1
 10
139.31897
 20
-6.738254
 10
139.318254
 20
-6.73897
 10
139.318254
 20
-6.738254
 10
139.31897
 20
-6.738254
  0
LWPOLYLINE
  5
100
330
17
100
AcDbEntity
  8
VISTA
100
AcDbPolyline
 90
4
 70
1
 10
139.318254
 20
-6.18103
 10
139.31897
 20
-6.181746
 10
139.318254
 20
-6.181746
 10
139.318254
 20
-6.18103
  0
LWPOLYLINE
  5
101
330
17
100
AcDbEntity
  8
VISTA
100
AcDbPolyline
 90
8
 70
1
 10
134.175
 20
-6.144
 10
134.177
 20
-6.146
 10
137.523001
 20
-6.146
 10
137.525
 20
-6.144
 10
137.525
 20
-6.116
 10
137.523001
 20
-6.114
 10
134.175842
 20
-6.114369
 10
134.175
 20
-6.144
  0
LWPOLYLINE
  5
102
330
17
100
AcDbEntity
  8
VISTA
100
AcDbPolyline
 90
5
 70
1
 10
134.09
 20
-0.505
 10
134.09
 20
-0.495
 10
133.965
 20
-0.495
 10
133.965
 20
-0.50433
 10
134.09
 20
-0.505
  0
LWPOLYLINE
  5
103
330
17
100
AcDbEntity
  8
VISTA
100
AcDbPolyline
 90
5
 70
1
 10
134.829201
 20
-11.484
 10
136.370941
 20
-11.4838
 10
136.3708
 20
-11.481999
 10
134.829201
 20
-11.482059
 10
134.829201
 20
-11.484
  0
LWPOLYLINE
  5
104
330
17
100
AcDbEntity
  8
VISTA
100
AcDbPolyline
 90
5
 70
1
 10
134.829201
 20
-11.504001
 10
136.370941
 20
-11.5038
 10
136.3708
 20
-11.502
 10
134.829201
 20
-11.502059
 10
134.829201
 20
-11.504001
  0
LWPOLYLINE
  5
105
330
17
100
AcDbEntity
  8
VISTA
100
AcDbPolyline
 90
5
 70
1
 10
134.829201
 20
-11.522
 10
136.370941
 20
-11.5218
 10
136.3708
 20
-11.52
 10
134.829201
 20
-11.520059
 10
134.829201
 20
-11.522
  0
LWPOLYLINE
  5
106
330
17
100
AcDbEntity
  8
VISTA
100
AcDbPolyline
 90
5
 70
1
 10
141.088829
 20
-1.858828
 10
141.088829
 20
-1.241172
 10
140.471172
 20
-1.241172
 10
140.471172
 20
-1.858828
 10
141.088829
 20
-1.858828
  0
LWPOLYLINE
  5
107
330
17
100
AcDbEntity
  8
VISTA
100
AcDbPolyline
 90
5
 70
1
 10
134.039
 20
-0.51
 10
134.04
 20
-0.491
 10
133.682
 20
-0.49
 10
133.681293
 20
-0.509707
 10
134.039
 20
-0.51
  0
LWPOLYLINE
  5
108
330
17
100
AcDbEntity
  8
VISTA
100
AcDbPolyline
 90
5
 70
1
 10
133.5635
 20
-0.559
 10
133.5625
 20
-0.44
 10
133.5545
 20
-0.441
 10
133.554793
 20
-0.559707
 10
133.5635
 20
-0.559
  0
LWPOLYLINE
  5
109
330
17
100
AcDbEntity
  8
VISTA
100
AcDbPolyline
 90
5
 70
1
 10
133.6855
 20
-0.559
 10
133.6845
 20
-0.44
 10
133.676499
 20
-0.441
 10
133.676793
 20
-0.559707
 10
133.6855
 20
-0.559
  0
LWPOLYLINE
  5
10A
330
17
100
AcDbEntity
  8
VISTA
100
AcDbPolyline
 90
5
 70
1
 10
141.10970700000001
 20
-1.854707
 10
141.10970700000001
 20
-1.245293
 10
140.45029399999999
 20
-1.245293
 10
140.45029399999999
 20
-1.854707
 10
141.10970700000001
 20
-1.854707
  0
LWPOLYLINE
  5
10B
330
17
100
AcDbEntity
  8
VISTA
100
AcDbPolyline
 90
6
 70
1
 10
135.7
 20
-1.013
 10
136.02
 20
-1.013
 10
136.021122
 20
-1.004975
 10
136.02
 20
-0.987
 10
135.700001
 20
-0.987
 10
135.7
 20
-1.013
  0
LWPOLYLINE
  5
10C
330
17
100
AcDbEntity
  8
VISTA
100
AcDbPolyline
 90
6
 70
1
 10
135.55137
 20
-1.283687
 10
135.71126
 20
-1.006495
 10
135.704869
 20
-1.001515
 10
135.688739
 20
-0.993504
 10
135.529473
 20
-1.271592
 10
135.55137
 20
-1.283687
  0
LWPOLYLINE
  5
10D
330
17
100
AcDbEntity
  8
VISTA
100
AcDbPolyline
 90
4
 70
1
 10
135.64510700038966
 20
-1.1192006745261884
 10
135.6451070004926
 20
-1.119200674347689
 10
135.64510700024013
 20
-1.1192006747853933
 10
135.64510700038966
 20
-1.1192006745261884
  0
LWPOLYLINE
  5
10E
330
17
100
AcDbEntity
  8
VISTA
100
AcDbPolyline
 90
6
 70
1
 10
135.688741
 20
-1.006498
 10
135.708391
 20
-0.996149
 10
135.71126
 20
-0.993502
 10
135.551318
 20
-0.716341
 10
135.528799
 20
-0.729336
 10
135.688741
 20
-1.006498
  0
LWPOLYLINE
  5
10F
330
17
100
AcDbEntity
  8
VISTA
100
AcDbPolyline
 90
5
 70
1
 10
141.109999
 20
-11.5745
 10
141.1145
 20
-11.575
 10
141.115
 20
-10.905499
 10
141.110498
 20
-10.905147
 10
141.109999
 20
-11.5745
  0
LWPOLYLINE
  5
110
330
17
100
AcDbEntity
  8
VISTA
100
AcDbPolyline
 90
9
 70
1
 10
133.9005
 20
-11.61
 10
133.889999
 20
-11.61
 10
133.889999
 20
-11.665
 10
133.92
 20
-11.665
 10
133.92
 20
-9.065
 10
133.889999
 20
-9.065
 10
133.889999
 20
-9.09
 10
133.9005
 20
-9.09
 10
133.9005
 20
-11.61
  0
LWPOLYLINE
  5
111
330
17
100
AcDbEntity
  8
VISTA
100
AcDbPolyline
 90
5
 70
1
 10
134.630001
 20
-12.089999
 10
134.630001
 20
-12.12
 10
137.450001
 20
-12.12
 10
137.450001
 20
-12.089999
 10
134.630001
 20
-12.089999
  0
LWPOLYLINE
  5
112
330
17
100
AcDbEntity
  8
VISTA
100
AcDbPolyline
 90
5
 70
1
 10
137.800001
 20
-12.089999
 10
137.800001
 20
-12.12
 10
141.4
 20
-12.12
 10
141.4
 20
-12.089999
 10
137.800001
 20
-12.089999
  0
LWPOLYLINE
  5
113
330
17
100
AcDbEntity
  8
VISTA
100
AcDbPolyline
 90
5
 70
1
 10
138.600716
 20
-3.679686
 10
139.119686
 20
-3.679284
 10
139.119286
 20
-3.480314
 10
138.600716
 20
-3.480314
 10
138.600716
 20
-3.679686
  0
LWPOLYLINE
  5
114
330
17
100
AcDbEntity
  8
VISTA
100
AcDbPolyline
 90
5
 70
1
 10
141.134413
 20
-9.414414
 10
141.134413
 20
-8.925586
 10
140.805586
 20
-8.925586
 10
140.805586
 20
-9.414414
 10
141.134413
 20
-9.414414
  0
LWPOLYLINE
  5
115
330
17
100
AcDbEntity
  8
VISTA
100
AcDbPolyline
 90
5
 70
1
 10
138.054001
 20
-8.935
 10
138.055
 20
-8.916
 10
137.701
 20
-8.915
 10
137.700293
 20
-8.934708
 10
138.054001
 20
-8.935
  0
LWPOLYLINE
  5
116
330
17
100
AcDbEntity
  8
VISTA
100
AcDbPolyline
 90
5
 70
1
 10
139.344002
 20
-8.935
 10
139.345001
 20
-8.916
 10
138.986
 20
-8.915
 10
138.985294
 20
-8.934708
 10
139.344002
 20
-8.935
  0
LWPOLYLINE
  5
117
330
17
100
AcDbEntity
  8
VISTA
100
AcDbPolyline
 90
5
 70
1
 10
134.205
 20
-4.84
 10
134.205
 20
-0.19
 10
134.155001
 20
-0.19
 10
134.155001
 20
-4.84
 10
134.205
 20
-4.84
  0
LWPOLYLINE
  5
118
330
17
100
AcDbEntity
  8
VISTA
100
AcDbPolyline
 90
5
 70
1
 10
134.155001
 20
-5.785
 10
134.155001
 20
-5.81
 10
134.205
 20
-5.81
 10
134.205
 20
-5.785
 10
134.155001
 20
-5.785
  0
LWPOLYLINE
  5
119
330
17
100
AcDbEntity
  8
VISTA
100
AcDbPolyline
 90
5
 70
1
 10
134.22
 20
-5.955
 10
134.22
 20
-6.005
 10
141.780001
 20
-6.005
 10
141.780001
 20
-5.955
 10
134.22
 20
-5.955
  0
LWPOLYLINE
  5
11A
330
17
100
AcDbEntity
  8
VISTA
100
AcDbPolyline
 90
7
 70
1
 10
141.735001
 20
-8.885
 10
141.377047198238
 20
-10.088803538802345
 10
141.03265199999998
 20
-8.885
 10
141.005001
 20
-8.885
 10
141.005001
 20
-11.34
 10
141.735001
 20
-11.34
 10
141.735001
 20
-8.885
  0
LWPOLYLINE
  5
11B
330
17
100
AcDbEntity
  8
VISTA
100
AcDbPolyline
 90
9
 70
1
 10
141.609999
 20
-8.8
 10
141.005001
 20
-8.8
 10
141.005001
 20
-8.870001
 10
141.735001
 20
-8.870001
 10
141.735001
 20
-8.17
 10
141.005001
 20
-8.17
 10
141.005001
 20
-8.734
 10
141.609999
 20
-8.734
 10
141.609999
 20
-8.8
  0
LWPOLYLINE
  5
11C
330
17
100
AcDbEntity
  8
VISTA
100
AcDbPolyline
 90
5
 70
1
 10
137.790001
 20
-6.525
 10
137.790001
 20
-6.575
 10
139.25
 20
-6.575
 10
139.25
 20
-6.525
 10
137.790001
 20
-6.525
  0
LWPOLYLINE
  5
11D
330
17
100
AcDbEntity
  8
VISTA
100
AcDbPolyline
 90
5
 70
1
 10
134.175
 20
-6.055
 10
134.175
 20
-6.105
 10
137.525
 20
-6.105
 10
137.525
 20
-6.055
 10
134.175
 20
-6.055
  0
LWPOLYLINE
  5
11E
330
17
100
AcDbEntity
  8
VISTA
100
AcDbPolyline
 90
5
 70
1
 10
134.155001
 20
-6.19
 10
134.155001
 20
-8.89
 10
134.205
 20
-8.89
 10
134.205
 20
-6.19
 10
134.155001
 20
-6.19
  0
LWPOLYLINE
  5
11F
330
17
100
AcDbEntity
  8
VISTA
100
AcDbPolyline
 90
5
 70
1
 10
139.45499999999998
 20
-5.98
 10
139.45499999999998
 20
-8.54
 10
139.504999
 20
-8.54
 10
139.504999
 20
-5.98
 10
139.45499999999998
 20
-5.98
  0
LWPOLYLINE
  5
120
330
17
100
AcDbEntity
  8
VISTA
100
AcDbPolyline
 90
7
 70
1
 10
139.48000100000002
 20
-8.754999
 10
139.49
 20
-8.754999
 10
139.49
 20
-8.734
 10
139.549999
 20
-8.734
 10
139.549999
 20
-8.705
 10
139.48000100000002
 20
-8.705
 10
139.48000100000002
 20
-8.754999
  0
LWPOLYLINE
  5
121
330
17
100
AcDbEntity
  8
VISTA
100
AcDbPolyline
 90
7
 70
1
 10
140.52
 20
-8.734
 10
141.609999
 20
-8.734
 10
141.609999
 20
-8.754999
 10
141.92000000000002
 20
-8.754999
 10
141.92000000000002
 20
-8.705
 10
140.52
 20
-8.705
 10
140.52
 20
-8.734
  0
LWPOLYLINE
  5
122
330
17
100
AcDbEntity
  8
VISTA
100
AcDbPolyline
 90
8
 70
1
 10
140.98000100000002
 20
-10.7833
 10
140.981701
 20
-10.785001
 10
141.41830099999999
 20
-10.785001
 10
141.42000000000002
 20
-10.7833
 10
141.42000000000002
 20
-8.8367
 10
141.41830099999999
 20
-8.835
 10
140.980717
 20
-8.835314
 10
140.98000100000002
 20
-10.7833
  0
LWPOLYLINE
  5
123
330
17
100
AcDbEntity
  8
VISTA
100
AcDbPolyline
 90
5
 70
1
 10
141.791
 20
-12.184
 10
141.790001
 20
-11.995
 10
141.769001
 20
-11.996
 10
141.769293
 20
-12.184708
 10
141.791
 20
-12.184
  0
LWPOLYLINE
  5
124
330
17
100
AcDbEntity
  8
VISTA
100
AcDbPolyline
 90
5
 70
1
 10
141.723499
 20
-12.299
 10
141.7225
 20
-12.179999
 10
141.7145
 20
-12.181
 10
141.714792
 20
-12.299706
 10
141.723499
 20
-12.299
  0
LWPOLYLINE
  5
125
330
17
100
AcDbEntity
  8
VISTA
100
AcDbPolyline
 90
5
 70
1
 10
141.845499
 20
-12.299
 10
141.8445
 20
-12.179999
 10
141.8365
 20
-12.181
 10
141.836792
 20
-12.299706
 10
141.845499
 20
-12.299
  0
LWPOLYLINE
  5
126
330
17
100
AcDbEntity
  8
VISTA
100
AcDbPolyline
 90
5
 70
1
 10
141.102499
 20
-10.5796
 10
141.1336
 20
-10.580001
 10
141.134001
 20
-10.040401
 10
141.1029
 20
-10.040401
 10
141.102499
 20
-10.5796
  0
LWPOLYLINE
  5
127
330
17
100
AcDbEntity
  8
VISTA
100
AcDbPolyline
 90
5
 70
1
 10
141.071001
 20
-10.5735
 10
141.0725
 20
-10.573999
 10
141.073
 20
-10.0665
 10
141.071501
 20
-10.066146
 10
141.071001
 20
-10.5735
  0
LWPOLYLINE
  5
128
330
17
100
AcDbEntity
  8
VISTA
100
AcDbPolyline
 90
5
 70
1
 10
140.446001
 20
-1.49
 10
140.446001
 20
-1.35
 10
140.434
 20
-1.35
 10
140.434
 20
-1.49
 10
140.446001
 20
-1.49
  0
LWPOLYLINE
  5
129
330
17
100
AcDbEntity
  8
VISTA
100
AcDbPolyline
 90
5
 70
1
 10
141.07
 20
-10.529699
 10
141.071699
 20
-10.53
 10
141.071999
 20
-10.1103
 10
141.070299
 20
-10.1103
 10
141.07
 20
-10.529699
  0
LWPOLYLINE
  5
12A
330
17
100
AcDbEntity
  8
VISTA
100
AcDbPolyline
 90
5
 70
1
 10
141.07
 20
-10.529699
 10
141.071699
 20
-10.53
 10
141.071999
 20
-10.1103
 10
141.070299
 20
-10.1103
 10
141.07
 20
-10.529699
  0
LWPOLYLINE
  5
12B
330
17
100
AcDbEntity
  8
VISTA
100
AcDbPolyline
 90
5
 70
1
 10
140.878706
 20
-1.782207
 10
140.878706
 20
-1.317793
 10
140.469294
 20
-1.317793
 10
140.469294
 20
-1.782207
 10
140.878706
 20
-1.782207
  0
LWPOLYLINE
  5
12C
330
17
100
AcDbEntity
  8
VISTA
100
AcDbPolyline
 90
9
 70
1
 10
140.4475
 20
-1.795
 10
140.466501
 20
-1.795
 10
140.469501
 20
-1.792
 10
140.469501
 20
-1.308
 10
140.466501
 20
-1.305
 10
140.4475
 20
-1.305
 10
140.4445
 20
-1.308
 10
140.4445
 20
-1.792
 10
140.4475
 20
-1.795
  0
LWPOLYLINE
  5
12D
330
17
100
AcDbEntity
  8
VISTA
100
AcDbPolyline
 90
5
 70
1
 10
141.07
 20
-10.529699
 10
141.071699
 20
-10.53
 10
141.071999
 20
-10.1103
 10
141.070299
 20
-10.1103
 10
141.07
 20
-10.529699
  0
LWPOLYLINE
  5
12E
330
17
100
AcDbEntity
  8
VISTA
100
AcDbPolyline
 90
29
 70
1
 10
141.26
 20
-12.5
 10
141.264263
 20
-12.537828
 10
141.276836
 20
-12.57376
 10
141.297089
 20
-12.605993
 10
141.324007
 20
-12.632912
 10
141.356239
 20
-12.653165
 10
141.392172
 20
-12.665738
 10
141.43
 20
-12.67
 10
141.467829
 20
-12.665738
 10
141.503761
 20
-12.653165
 10
141.535994
 20
-12.632912
 10
141.562912
 20
-12.605993
 10
141.583164
 20
-12.57376
 10
141.59573699999999
 20
-12.537828
 10
141.6
 20
-12.5
 10
141.59573699999999
 20
-12.462172
 10
141.583164
 20
-12.42624
 10
141.562912
 20
-12.394007
 10
141.535994
 20
-12.367088
 10
141.503761
 20
-12.346835
 10
141.467829
 20
-12.334262
 10
141.43
 20
-12.33
 10
141.392172
 20
-12.334262
 10
141.356239
 20
-12.346835
 10
141.324007
 20
-12.367088
 10
141.297089
 20
-12.394007
 10
141.276836
 20
-12.42624
 10
141.264263
 20
-12.462172
 10
141.26
 20
-12.5
  0
LWPOLYLINE
  5
12F
330
17
100
AcDbEntity
  8
VISTA
100
AcDbPolyline
 90
5
 70
1
 10
140.446001
 20
-1.49
 10
140.446001
 20
-1.35
 10
140.434
 20
-1.35
 10
140.434
 20
-1.49
 10
140.446001
 20
-1.49
  0
LWPOLYLINE
  5
130
330
17
100
AcDbEntity
  8
VISTA
100
AcDbPolyline
 90
39
 70
1
 10
140.543247
 20
-3.931322
 10
140.574959
 20
-3.9666
 10
140.617769
 20
-3.990956
 10
140.681046
 20
-4.005273
 10
140.91
 20
-4.01
 10
140.91
 20
-3.888434
 10
140.910002
 20
-4.01
 10
141.138954
 20
-4.005273
 10
141.202232
 20
-3.990956
 10
141.24504100000001
 20
-3.9666
 10
141.276752
 20
-3.931322
 10
141.300661
 20
-3.883504
 10
141.3183
 20
-3.820081
 10
141.330479
 20
-3.734463
 10
141.337637
 20
-3.607909
 10
141.34
 20
-3.149998
 10
141.337637
 20
-2.69209
 10
141.330479
 20
-2.565537
 10
141.3183
 20
-2.479918
 10
141.300661
 20
-2.416495
 10
141.276752
 20
-2.368678
 10
141.24504100000001
 20
-2.3334
 10
141.20223
 20
-2.309044
 10
141.138954
 20
-2.294726
 10
140.91
 20
-2.29
 10
140.681046
 20
-2.294726
 10
140.61776700000001
 20
-2.309044
 10
140.574959
 20
-2.3334
 10
140.543247
 20
-2.368678
 10
140.519339
 20
-2.416496
 10
140.501699
 20
-2.479918
 10
140.489521
 20
-2.565537
 10
140.482363
 20
-2.69209
 10
140.48
 20
-3.150001
 10
140.482363
 20
-3.607909
 10
140.489521
 20
-3.734463
 10
140.501699
 20
-3.820081
 10
140.519339
 20
-3.883504
 10
140.543247
 20
-3.931322
  0
LWPOLYLINE
  5
131
330
17
100
AcDbEntity
  8
VISTA
100
AcDbPolyline
 90
39
 70
1
 10
134.900613
 20
-9.930661
 10
134.961085
 20
-9.9483
 10
135.042722
 20
-9.960478
 10
135.163389
 20
-9.967637
 10
135.600001
 20
-9.97
 10
136.036612
 20
-9.967637
 10
136.15728000000001
 20
-9.960478
 10
136.238914
 20
-9.9483
 10
136.299389
 20
-9.930661
 10
136.34498200000002
 20
-9.906753
 10
136.37862
 20
-9.875041
 10
136.401842
 20
-9.832232
 10
136.415493
 20
-9.768954
 10
136.42000000000002
 20
-9.54
 10
135.600002
 20
-9.539999999995079
 10
136.42000000000002
 20
-9.539999
 10
136.415493
 20
-9.311046
 10
136.401842
 20
-9.247768
 10
136.37862
 20
-9.204959
 10
136.34498200000002
 20
-9.173247
 10
136.299389
 20
-9.149339
 10
136.238914
 20
-9.1317
 10
136.15728000000001
 20
-9.119522
 10
136.036612
 20
-9.112363
 10
135.599998
 20
-9.11
 10
135.163389
 20
-9.112363
 10
135.042722
 20
-9.119522
 10
134.961085
 20
-9.1317
 10
134.900613
 20
-9.149339
 10
134.85502
 20
-9.173247
 10
134.821382
 20
-9.204959
 10
134.798159
 20
-9.247768
 10
134.784507
 20
-9.311046
 10
134.780001
 20
-9.540001
 10
134.784507
 20
-9.768954
 10
134.798159
 20
-9.832232
 10
134.821382
 20
-9.875041
 10
134.85502
 20
-9.906753
 10
134.900613
 20
-9.930661
  0
LWPOLYLINE
  5
132
330
17
100
AcDbEntity
  8
VISTA
100
AcDbPolyline
 90
5
 70
1
 10
140.084999
 20
-6.9
 10
140.084999
 20
-6.54
 10
140.077
 20
-6.54
 10
140.077536
 20
-6.9
 10
140.084999
 20
-6.9
  0
LWPOLYLINE
  5
133
330
17
100
AcDbEntity
  8
VISTA
100
AcDbPolyline
 90
5
 70
1
 10
140.878706
 20
-1.782207
 10
140.878706
 20
-1.317793
 10
140.469294
 20
-1.317793
 10
140.469294
 20
-1.782207
 10
140.878706
 20
-1.782207
  0
LWPOLYLINE
  5
134
330
17
100
AcDbEntity
  8
VISTA
100
AcDbPolyline
 90
9
 70
1
 10
140.4475
 20
-1.795
 10
140.466501
 20
-1.795
 10
140.469501
 20
-1.792
 10
140.469501
 20
-1.308
 10
140.466501
 20
-1.305
 10
140.4475
 20
-1.305
 10
140.4445
 20
-1.308
 10
140.4445
 20
-1.792
 10
140.4475
 20
-1.795
  0
LWPOLYLINE
  5
135
330
17
100
AcDbEntity
  8
VISTA
100
AcDbPolyline
 90
40
 70
1
 10
140.591093
 20
-2.81749
 10
140.593819
 20
-2.843263
 10
140.598459
 20
-2.861174
 10
140.605143
 20
-2.875048
 10
140.614004
 20
-2.886178
 10
140.625202
 20
-2.895153
 10
140.639013
 20
-2.902322
 10
140.677046
 20
-2.912156
 10
140.744047
 20
-2.916847
 10
140.88999
 20
-2.917423
 10
140.8899999375
 20
-2.9150865000000916
 10
140.890009
 20
-2.917423
 10
141.035952
 20
-2.916847
 10
141.075584
 20
-2.915104
 10
141.124043
 20
-2.907932
 10
141.140985
 20
-2.902322
 10
141.165995
 20
-2.886178
 10
141.174856
 20
-2.875048
 10
141.18153999999998
 20
-2.861174
 10
141.18618
 20
-2.843263
 10
141.188906
 20
-2.81749
 10
141.1898
 20
-2.723333
 10
141.188906
 20
-2.629177
 10
141.18618
 20
-2.603404
 10
141.18153999999998
 20
-2.585494
 10
141.174856
 20
-2.571619
 10
141.165995
 20
-2.560489
 10
141.140985
 20
-2.544346
 10
141.102953
 20
-2.534512
 10
141.035952
 20
-2.52982
 10
140.744047
 20
-2.52982
 10
140.70441399999999
 20
-2.531563
 10
140.655956
 20
-2.538735
 10
140.639013
 20
-2.544346
 10
140.614004
 20
-2.560489
 10
140.605143
 20
-2.571619
 10
140.598459
 20
-2.585494
 10
140.593819
 20
-2.603404
 10
140.591093
 20
-2.629177
 10
140.591093
 20
-2.81749
  0
LWPOLYLINE
  5
136
330
17
100
AcDbEntity
  8
VISTA
100
AcDbPolyline
 90
36
 70
1
 10
140.677691
 20
-2.907803
 10
140.640699
 20
-2.898258
 10
140.617117
 20
-2.88307
 10
140.608879
 20
-2.872726
 10
140.602606
 20
-2.859699
 10
140.598158
 20
-2.842533
 10
140.595491
 20
-2.817358
 10
140.595491
 20
-2.629309
 10
140.598158
 20
-2.604135
 10
140.602606
 20
-2.586968
 10
140.608879
 20
-2.573941
 10
140.617117
 20
-2.563597
 10
140.640699
 20
-2.548409
 10
140.677691
 20
-2.538864
 10
140.744102
 20
-2.53422
 10
140.889999
 20
-2.533644
 10
141.035896
 20
-2.53422
 10
141.102308
 20
-2.538864
 10
141.139299
 20
-2.548409
 10
141.162882
 20
-2.563597
 10
141.17112
 20
-2.573941
 10
141.177393
 20
-2.586968
 10
141.181841
 20
-2.604135
 10
141.184507
 20
-2.629309
 10
141.18540000000002
 20
-2.723333
 10
141.184507
 20
-2.817358
 10
141.181841
 20
-2.842533
 10
141.177393
 20
-2.859699
 10
141.17112
 20
-2.872726
 10
141.162882
 20
-2.88307
 10
141.139299
 20
-2.898258
 10
141.122942
 20
-2.903672
 10
141.075277
 20
-2.910715
 10
141.035896
 20
-2.912448
 10
140.744102
 20
-2.912448
 10
140.677691
 20
-2.907803
  0
LWPOLYLINE
  5
137
330
17
100
AcDbEntity
  8
VISTA
100
AcDbPolyline
 90
4
 70
1
 10
140.5966713025998
 20
-2.852075097958027
 10
140.59667130259982
 20
-2.852075097958042
 10
140.5966713025998
 20
-2.85207509795803
 10
140.5966713025998
 20
-2.852075097958027
  0
LWPOLYLINE
  5
138
330
17
100
AcDbEntity
  8
VISTA
100
AcDbPolyline
 90
4
 70
1
 10
140.6199437189242
 20
-2.8902318141025694
 10
140.6199437189242
 20
-2.8902318141025702
 10
140.6199437189242
 20
-2.8902318141025662
 10
140.6199437189242
 20
-2.8902318141025694
  0
LWPOLYLINE
  5
139
330
17
100
AcDbEntity
  8
VISTA
100
AcDbPolyline
 90
4
 70
1
 10
140.69114249323206
 20
-2.536863293746108
 10
140.69114249323206
 20
-2.536863293746109
 10
140.69114249323206
 20
-2.536863293746108
 10
140.69114249323206
 20
-2.536863293746108
  0
LWPOLYLINE
  5
13A
330
17
100
AcDbEntity
  8
VISTA
100
AcDbPolyline
 90
39
 70
1
 10
140.591093
 20
-3.244157
 10
140.593819
 20
-3.269929
 10
140.598459
 20
-3.28784
 10
140.605143
 20
-3.301715
 10
140.614004
 20
-3.312845
 10
140.639013
 20
-3.328988
 10
140.655956
 20
-3.334599
 10
140.70441399999999
 20
-3.34177
 10
140.744047
 20
-3.343513
 10
140.88999
 20
-3.34409
 10
140.8899999375
 20
-3.3417525000000916
 10
140.890009
 20
-3.34409
 10
141.035952
 20
-3.343513
 10
141.102953
 20
-3.338822
 10
141.140985
 20
-3.328988
 10
141.165995
 20
-3.312845
 10
141.174856
 20
-3.301715
 10
141.18153999999998
 20
-3.28784
 10
141.18618
 20
-3.269929
 10
141.188906
 20
-3.244157
 10
141.1898
 20
-3.149999
 10
141.188906
 20
-3.055843
 10
141.18618
 20
-3.030071
 10
141.18153999999998
 20
-3.01216
 10
141.174856
 20
-2.998285
 10
141.165995
 20
-2.987155
 10
141.140985
 20
-2.971012
 10
141.124043
 20
-2.965401
 10
141.075584
 20
-2.95823
 10
141.035952
 20
-2.956486
 10
140.744047
 20
-2.956486
 10
140.677046
 20
-2.961178
 10
140.639013
 20
-2.971012
 10
140.614004
 20
-2.987155
 10
140.605143
 20
-2.998285
 10
140.598459
 20
-3.01216
 10
140.593819
 20
-3.030071
 10
140.591093
 20
-3.055843
 10
140.591093
 20
-3.244157
  0
LWPOLYLINE
  5
13B
330
17
100
AcDbEntity
  8
VISTA
100
AcDbPolyline
 90
36
 70
1
 10
140.677691
 20
-3.334469
 10
140.640699
 20
-3.324924
 10
140.617117
 20
-3.309736
 10
140.608879
 20
-3.299393
 10
140.602606
 20
-3.286366
 10
140.598158
 20
-3.269199
 10
140.595491
 20
-3.244025
 10
140.595491
 20
-3.055975
 10
140.598158
 20
-3.030801
 10
140.602606
 20
-3.013634
 10
140.608879
 20
-3.000607
 10
140.617117
 20
-2.990264
 10
140.640699
 20
-2.975076
 10
140.677691
 20
-2.965531
 10
140.744102
 20
-2.960886
 10
140.889999
 20
-2.96031
 10
141.035896
 20
-2.960886
 10
141.102308
 20
-2.965531
 10
141.139299
 20
-2.975075
 10
141.162882
 20
-2.990264
 10
141.17112
 20
-3.000607
 10
141.177393
 20
-3.013634
 10
141.181841
 20
-3.030801
 10
141.184507
 20
-3.055975
 10
141.18540000000002
 20
-3.149999
 10
141.184507
 20
-3.244025
 10
141.181841
 20
-3.269199
 10
141.177393
 20
-3.286365
 10
141.17112
 20
-3.299393
 10
141.162882
 20
-3.309736
 10
141.139299
 20
-3.324924
 10
141.122942
 20
-3.330338
 10
141.075277
 20
-3.337381
 10
141.035896
 20
-3.339114
 10
140.744102
 20
-3.339114
 10
140.677691
 20
-3.334469
  0
LWPOLYLINE
  5
13C
330
17
100
AcDbEntity
  8
VISTA
100
AcDbPolyline
 90
4
 70
1
 10
140.59667105116347
 20
-3.278740321153518
 10
140.59667105116347
 20
-3.2787403211535247
 10
140.59667105116347
 20
-3.278740321153515
 10
140.59667105116347
 20
-3.278740321153518
  0
LWPOLYLINE
  5
13D
330
17
100
AcDbEntity
  8
VISTA
100
AcDbPolyline
 90
39
 70
1
 10
140.591093
 20
-3.670823
 10
140.593819
 20
-3.696595
 10
140.598459
 20
-3.714506
 10
140.605143
 20
-3.728381
 10
140.614004
 20
-3.739511
 10
140.639013
 20
-3.755654
 10
140.677046
 20
-3.765488
 10
140.744047
 20
-3.77018
 10
140.88999
 20
-3.770756
 10
140.8899999375
 20
-3.7684185000000916
 10
140.890009
 20
-3.770756
 10
141.035952
 20
-3.77018
 10
141.075584
 20
-3.768436
 10
141.124043
 20
-3.761265
 10
141.140985
 20
-3.755654
 10
141.165995
 20
-3.739511
 10
141.174856
 20
-3.728381
 10
141.18153999999998
 20
-3.714506
 10
141.18618
 20
-3.696595
 10
141.188906
 20
-3.670823
 10
141.1898
 20
-3.576665
 10
141.188906
 20
-3.482509
 10
141.18618
 20
-3.456737
 10
141.18153999999998
 20
-3.438826
 10
141.174856
 20
-3.424951
 10
141.165995
 20
-3.413821
 10
141.140985
 20
-3.397678
 10
141.102953
 20
-3.387844
 10
141.035952
 20
-3.383152
 10
140.744047
 20
-3.383152
 10
140.70441399999999
 20
-3.384896
 10
140.655956
 20
-3.392067
 10
140.639013
 20
-3.397678
 10
140.614004
 20
-3.413821
 10
140.605143
 20
-3.424951
 10
140.598459
 20
-3.438826
 10
140.593819
 20
-3.456737
 10
140.591093
 20
-3.482509
 10
140.591093
 20
-3.670823
  0
LWPOLYLINE
  5
13E
330
17
100
AcDbEntity
  8
VISTA
100
AcDbPolyline
 90
36
 70
1
 10
140.677691
 20
-3.761135
 10
140.640699
 20
-3.75159
 10
140.617117
 20
-3.736402
 10
140.608879
 20
-3.726059
 10
140.602606
 20
-3.713032
 10
140.598158
 20
-3.695865
 10
140.595491
 20
-3.670691
 10
140.595491
 20
-3.482641
 10
140.598158
 20
-3.457467
 10
140.602606
 20
-3.440301
 10
140.608879
 20
-3.427273
 10
140.617117
 20
-3.41693
 10
140.640699
 20
-3.401742
 10
140.677691
 20
-3.392197
 10
140.744102
 20
-3.387552
 10
140.889999
 20
-3.386976
 10
141.035896
 20
-3.387552
 10
141.102308
 20
-3.392197
 10
141.139299
 20
-3.401742
 10
141.162882
 20
-3.41693
 10
141.17112
 20
-3.427273
 10
141.177393
 20
-3.4403
 10
141.181841
 20
-3.457467
 10
141.184507
 20
-3.482641
 10
141.18540000000002
 20
-3.576665
 10
141.184507
 20
-3.670691
 10
141.181841
 20
-3.695865
 10
141.177393
 20
-3.713032
 10
141.17112
 20
-3.726059
 10
141.162882
 20
-3.736402
 10
141.139299
 20
-3.75159
 10
141.122942
 20
-3.757004
 10
141.075277
 20
-3.764047
 10
141.035896
 20
-3.76578
 10
140.744102
 20
-3.76578
 10
140.677691
 20
-3.761135
  0
LWPOLYLINE
  5
13F
330
17
100
AcDbEntity
  8
VISTA
100
AcDbPolyline
 90
4
 70
1
 10
140.63312977558235
 20
-3.7501153036682715
 10
140.63312977558235
 20
-3.7501153036682733
 10
140.63312977558235
 20
-3.7501153036682724
 10
140.63312977558235
 20
-3.7501153036682715
  0
LWPOLYLINE
  5
140
330
17
100
AcDbEntity
  8
VISTA
100
AcDbPolyline
 90
4
 70
1
 10
140.69114251291475
 20
-3.7631362082358146
 10
140.69114251291475
 20
-3.763136208235815
 10
140.69114251291475
 20
-3.763136208235815
 10
140.69114251291475
 20
-3.7631362082358146
  0
LWPOLYLINE
  5
141
330
17
100
AcDbEntity
  8
VISTA
100
AcDbPolyline
 90
4
 70
1
 10
141.1461129090038
 20
-3.4046640928611365
 10
141.1461129090038
 20
-3.4046640928611387
 10
141.1461129090038
 20
-3.404664092861137
 10
141.1461129090038
 20
-3.4046640928611365
  0
LWPOLYLINE
  5
142
330
17
100
AcDbEntity
  8
VISTA
100
AcDbPolyline
 90
4
 70
1
 10
141.0556784797652
 20
-3.7671091577990765
 10
141.0556784797652
 20
-3.7671091577990765
 10
141.0556784797652
 20
-3.767109157799076
 10
141.0556784797652
 20
-3.7671091577990765
  0
LWPOLYLINE
  5
143
330
17
100
AcDbEntity
  8
VISTA
100
AcDbPolyline
 90
4
 70
1
 10
141.14686922441766
 20
-3.750115303668273
 10
141.14686922441766
 20
-3.7501153036682715
 10
141.14686922441766
 20
-3.7501153036682724
 10
141.14686922441766
 20
-3.750115303668273
  0
LWPOLYLINE
  5
144
330
17
100
AcDbEntity
  8
VISTA
100
AcDbPolyline
 90
34
 70
1
 10
135.020479
 20
-9.745574
 10
135.027184
 20
-9.794008
 10
135.032428
 20
-9.810939
 10
135.047526
 20
-9.835943
 10
135.05795799999999
 20
-9.84482
 10
135.070974
 20
-9.851522
 10
135.087772
 20
-9.856175
 10
135.111918
 20
-9.858905
 10
135.288081
 20
-9.858905
 10
135.312227
 20
-9.856175
 10
135.329025
 20
-9.851522
 10
135.342042
 20
-9.84482
 10
135.352473
 20
-9.835943
 10
135.36087
 20
-9.82474
 10
135.372816
 20
-9.794008
 10
135.37952
 20
-9.745574
 10
135.38115
 20
-9.705949
 10
135.37952
 20
-9.374425
 10
135.372816
 20
-9.325991
 10
135.367572
 20
-9.30906
 10
135.352473
 20
-9.284056
 10
135.342042
 20
-9.275179
 10
135.329025
 20
-9.268476
 10
135.312227
 20
-9.263824
 10
135.288081
 20
-9.261094
 10
135.111918
 20
-9.261094
 10
135.087772
 20
-9.263824
 10
135.070974
 20
-9.268476
 10
135.05795799999999
 20
-9.275179
 10
135.047526
 20
-9.284056
 10
135.032428
 20
-9.30906
 10
135.023236
 20
-9.347067
 10
135.018849
 20
-9.41405
 10
135.020479
 20
-9.745574
  0
LWPOLYLINE
  5
145
330
17
100
AcDbEntity
  8
VISTA
100
AcDbPolyline
 90
33
 70
1
 10
135.088552
 20
-9.851845
 10
135.072538
 20
-9.847409
 10
135.060392
 20
-9.841155
 10
135.050737
 20
-9.832934
 10
135.03653
 20
-9.809347
 10
135.027595
 20
-9.772329
 10
135.023249
 20
-9.705898
 10
135.023249
 20
-9.414101
 10
135.027595
 20
-9.34767
 10
135.03653
 20
-9.310652
 10
135.050737
 20
-9.287065
 10
135.060392
 20
-9.278844
 10
135.072538
 20
-9.27259
 10
135.088552
 20
-9.268154
 10
135.11205999999999
 20
-9.265491
 10
135.28794
 20
-9.265491
 10
135.311448
 20
-9.268154
 10
135.327461
 20
-9.27259
 10
135.339607
 20
-9.278844
 10
135.349262
 20
-9.287065
 10
135.36347
 20
-9.310652
 10
135.37240500000001
 20
-9.34767
 10
135.37513
 20
-9.374713
 10
135.376751
 20
-9.705898
 10
135.37240500000001
 20
-9.772329
 10
135.36347
 20
-9.809347
 10
135.349262
 20
-9.832934
 10
135.339607
 20
-9.841155
 10
135.327461
 20
-9.847409
 10
135.311448
 20
-9.851845
 10
135.28794
 20
-9.854507
 10
135.11205999999999
 20
-9.854507
 10
135.088552
 20
-9.851845
  0
LWPOLYLINE
  5
146
330
17
100
AcDbEntity
  8
VISTA
100
AcDbPolyline
 90
4
 70
1
 10
135.04638517510418
 20
-9.29196984659747
 10
135.04638517510415
 20
-9.29196984659748
 10
135.04638517510415
 20
-9.29196984659747
 10
135.04638517510418
 20
-9.29196984659747
  0
LWPOLYLINE
  5
147
330
17
100
AcDbEntity
  8
VISTA
100
AcDbPolyline
 90
36
 70
1
 10
135.42048
 20
-9.745574
 10
135.427184
 20
-9.794008
 10
135.432428
 20
-9.810939
 10
135.43913
 20
-9.82474
 10
135.447527
 20
-9.835943
 10
135.457958
 20
-9.84482
 10
135.470975
 20
-9.851522
 10
135.487773
 20
-9.856175
 10
135.511919
 20
-9.858905
 10
135.688082
 20
-9.858905
 10
135.712228
 20
-9.856175
 10
135.729026
 20
-9.851522
 10
135.742043
 20
-9.84482
 10
135.752474
 20
-9.835943
 10
135.760871
 20
-9.82474
 10
135.772817
 20
-9.794008
 10
135.779521
 20
-9.745574
 10
135.781151
 20
-9.705949
 10
135.779521
 20
-9.374425
 10
135.772817
 20
-9.325991
 10
135.767572
 20
-9.30906
 10
135.752474
 20
-9.284056
 10
135.742043
 20
-9.275179
 10
135.729026
 20
-9.268476
 10
135.712228
 20
-9.263824
 10
135.688082
 20
-9.261094
 10
135.511919
 20
-9.261094
 10
135.487773
 20
-9.263824
 10
135.470975
 20
-9.268476
 10
135.457958
 20
-9.275179
 10
135.447527
 20
-9.284056
 10
135.43913
 20
-9.295259
 10
135.432428
 20
-9.30906
 10
135.423237
 20
-9.347067
 10
135.41885
 20
-9.41405
 10
135.42048
 20
-9.745574
  0
LWPOLYLINE
  5
148
330
17
100
AcDbEntity
  8
VISTA
100
AcDbPolyline
 90
33
 70
1
 10
135.488552
 20
-9.851845
 10
135.472539
 20
-9.847409
 10
135.460393
 20
-9.841155
 10
135.450738
 20
-9.832934
 10
135.43653
 20
-9.809347
 10
135.427595
 20
-9.772329
 10
135.423249
 20
-9.705898
 10
135.423249
 20
-9.414101
 10
135.427595
 20
-9.34767
 10
135.43653
 20
-9.310652
 10
135.450738
 20
-9.287065
 10
135.460393
 20
-9.278844
 10
135.472539
 20
-9.27259
 10
135.488552
 20
-9.268154
 10
135.51206
 20
-9.265491
 10
135.687941
 20
-9.265491
 10
135.711449
 20
-9.268154
 10
135.727462
 20
-9.27259
 10
135.739608
 20
-9.278844
 10
135.74926299999998
 20
-9.287065
 10
135.763471
 20
-9.310652
 10
135.772406
 20
-9.34767
 10
135.77513
 20
-9.374713
 10
135.776752
 20
-9.705898
 10
135.772406
 20
-9.772329
 10
135.763471
 20
-9.809347
 10
135.74926299999998
 20
-9.832934
 10
135.739608
 20
-9.841155
 10
135.727462
 20
-9.847409
 10
135.711449
 20
-9.851845
 10
135.687941
 20
-9.854507
 10
135.51206
 20
-9.854507
 10
135.488552
 20
-9.851845
  0
LWPOLYLINE
  5
149
330
17
100
AcDbEntity
  8
VISTA
100
AcDbPolyline
 90
4
 70
1
 10
135.43627604617467
 20
-9.302398409860123
 10
135.43627604617467
 20
-9.302398409860116
 10
135.43627604617467
 20
-9.302398409860126
 10
135.43627604617467
 20
-9.302398409860123
  0
LWPOLYLINE
  5
14A
330
17
100
AcDbEntity
  8
VISTA
100
AcDbPolyline
 90
4
 70
1
 10
135.43627604617467
 20
-9.817600590139874
 10
135.43627604617467
 20
-9.817600590139884
 10
135.43627604617467
 20
-9.817600590139877
 10
135.43627604617467
 20
-9.817600590139874
  0
LWPOLYLINE
  5
14B
330
17
100
AcDbEntity
  8
VISTA
100
AcDbPolyline
 90
4
 70
1
 10
135.44638617510415
 20
-9.29196984659747
 10
135.44638617510415
 20
-9.29196984659748
 10
135.44638617510415
 20
-9.29196984659747
 10
135.44638617510415
 20
-9.29196984659747
  0
LWPOLYLINE
  5
14C
330
17
100
AcDbEntity
  8
VISTA
100
AcDbPolyline
 90
37
 70
1
 10
135.820479
 20
-9.745574
 10
135.827184
 20
-9.794008
 10
135.832428
 20
-9.810939
 10
135.839129
 20
-9.82474
 10
135.847527
 20
-9.835943
 10
135.857958
 20
-9.84482
 10
135.870975
 20
-9.851522
 10
135.887773
 20
-9.856175
 10
135.911919
 20
-9.858905
 10
136.088081
 20
-9.858905
 10
136.11222800000002
 20
-9.856175
 10
136.129025
 20
-9.851522
 10
136.142042
 20
-9.84482
 10
136.152473
 20
-9.835943
 10
136.16087
 20
-9.82474
 10
136.172815
 20
-9.794008
 10
136.17952
 20
-9.745574
 10
136.18115
 20
-9.705949
 10
136.17952
 20
-9.374425
 10
136.172815
 20
-9.325991
 10
136.167572
 20
-9.30906
 10
136.152473
 20
-9.284056
 10
136.142042
 20
-9.275179
 10
136.129025
 20
-9.268476
 10
136.11222800000002
 20
-9.263824
 10
136.088081
 20
-9.261094
 10
135.911919
 20
-9.261094
 10
135.887773
 20
-9.263824
 10
135.870975
 20
-9.268476
 10
135.857958
 20
-9.275179
 10
135.847527
 20
-9.284056
 10
135.839129
 20
-9.295259
 10
135.832428
 20
-9.30906
 10
135.827184
 20
-9.325991
 10
135.823236
 20
-9.347067
 10
135.81885
 20
-9.41405
 10
135.820479
 20
-9.745574
  0
LWPOLYLINE
  5
14D
330
17
100
AcDbEntity
  8
VISTA
100
AcDbPolyline
 90
33
 70
1
 10
135.888552
 20
-9.851845
 10
135.872539
 20
-9.847409
 10
135.860393
 20
-9.841155
 10
135.850738
 20
-9.832934
 10
135.83653
 20
-9.809347
 10
135.827595
 20
-9.772329
 10
135.823249
 20
-9.705898
 10
135.823249
 20
-9.414101
 10
135.827595
 20
-9.34767
 10
135.83653
 20
-9.310652
 10
135.850738
 20
-9.287065
 10
135.860393
 20
-9.278844
 10
135.872539
 20
-9.27259
 10
135.888552
 20
-9.268154
 10
135.91206
 20
-9.265491
 10
136.08794
 20
-9.265491
 10
136.111448
 20
-9.268154
 10
136.12745999999999
 20
-9.27259
 10
136.139608
 20
-9.278844
 10
136.149261
 20
-9.287065
 10
136.16347100000002
 20
-9.310652
 10
136.172405
 20
-9.34767
 10
136.175131
 20
-9.374713
 10
136.176752
 20
-9.705898
 10
136.172405
 20
-9.772329
 10
136.16347100000002
 20
-9.809347
 10
136.149261
 20
-9.832934
 10
136.139608
 20
-9.841155
 10
136.12745999999999
 20
-9.847409
 10
136.111448
 20
-9.851845
 10
136.08794
 20
-9.854507
 10
135.91206
 20
-9.854507
 10
135.888552
 20
-9.851845
  0
LWPOLYLINE
  5
14E
330
17
100
AcDbEntity
  8
VISTA
100
AcDbPolyline
 90
4
 70
1
 10
135.8257513357807
 20
-9.336631714969577
 10
135.8257513357807
 20
-9.336631714969581
 10
135.8257513357807
 20
-9.336631714969586
 10
135.8257513357807
 20
-9.336631714969577
  0
LWPOLYLINE
  5
14F
330
17
100
AcDbEntity
  8
VISTA
100
AcDbPolyline
 90
4
 70
1
 10
135.83627279914984
 20
-9.302404030985127
 10
135.83627279914984
 20
-9.302404030985123
 10
135.83627279914984
 20
-9.302404030985128
 10
135.83627279914984
 20
-9.302404030985127
  0
LWPOLYLINE
  5
150
330
17
100
AcDbEntity
  8
VISTA
100
AcDbPolyline
 90
4
 70
1
 10
135.83627279914984
 20
-9.817594969014872
 10
135.83627279914984
 20
-9.817594969014877
 10
135.83627279914984
 20
-9.817594969014873
 10
135.83627279914984
 20
-9.817594969014872
  0
LWPOLYLINE
  5
151
330
17
100
AcDbEntity
  8
VISTA
100
AcDbPolyline
 90
4
 70
1
 10
135.84508952013107
 20
-9.829012485049889
 10
135.84508952013107
 20
-9.829012485049885
 10
135.84508952013107
 20
-9.829012485049889
 10
135.84508952013107
 20
-9.829012485049889
  0
LWPOLYLINE
  5
152
330
17
100
AcDbEntity
  8
VISTA
100
AcDbPolyline
 90
10
 70
1
 10
135.181476
 20
-11.156631
 10
135.187999
 20
-11.16
 10
135.69663
 20
-11.158523
 10
135.699999
 20
-11.151999
 10
135.698522
 20
-10.383368
 10
135.691998
 20
-10.379999
 10
135.187999
 20
-10.379999
 10
135.182342
 20
-10.382342
 10
135.179998
 20
-10.388
 10
135.181476
 20
-11.156631
  0
LWPOLYLINE
  5
153
330
17
100
AcDbEntity
  8
VISTA
100
AcDbPolyline
 90
13
 70
1
 10
134.929999
 20
-8.139
 10
134.931757
 20
-8.143243
 10
134.936
 20
-8.145
 10
136.704
 20
-8.145
 10
136.70824199999998
 20
-8.143243
 10
136.709999
 20
-8.139
 10
136.709999
 20
-6.171
 10
136.70824199999998
 20
-6.166758
 10
136.704
 20
-6.165
 10
134.936
 20
-6.165
 10
134.931757
 20
-6.166758
 10
134.929999
 20
-6.171
 10
134.929999
 20
-8.139
  0
LWPOLYLINE
  5
154
330
17
100
AcDbEntity
  8
VISTA
100
AcDbPolyline
 90
10
 70
1
 10
137.723501
 20
-6.74
 10
139.318527
 20
-6.739354
 10
139.32
 20
-6.7365
 10
139.319355
 20
-6.181474
 10
139.3165
 20
-6.18
 10
137.721474
 20
-6.180646
 10
137.720646
 20
-6.181474
 10
137.720001
 20
-6.1835
 10
137.720646
 20
-6.738526
 10
137.723501
 20
-6.74
  0
LWPOLYLINE
  5
155
330
17
100
AcDbEntity
  8
VISTA
100
AcDbPolyline
 90
4
 70
1
 10
137.721746
 20
-6.738254
 10
137.721746
 20
-6.73897
 10
137.721031
 20
-6.738254
 10
137.721746
 20
-6.738254
  0
LWPOLYLINE
  5
156
330
17
100
AcDbEntity
  8
VISTA
100
AcDbPolyline
 90
4
 70
1
 10
137.721746
 20
-6.18103
 10
137.721746
 20
-6.181746
 10
137.721031
 20
-6.181746
 10
137.721746
 20
-6.18103
  0
LWPOLYLINE
  5
157
330
17
100
AcDbEntity
  8
VISTA
100
AcDbPolyline
 90
4
 70
1
 10
137.72102781735416
 20
-6.181363552056188
 10
137.721289
 20
-6.181288
 10
137.72102781735416
 20
-6.1813635520561885
 10
137.72102781735416
 20
-6.181363552056188
  0
LWPOLYLINE
  5
158
330
17
100
AcDbEntity
  8
VISTA
100
AcDbPolyline
 90
4
 70
1
 10
139.31897
 20
-6.738254
 10
139.318254
 20
-6.73897
 10
139.318254
 20
-6.738254
 10
139.31897
 20
-6.738254
  0
LWPOLYLINE
  5
159
330
17
100
AcDbEntity
  8
VISTA
100
AcDbPolyline
 90
4
 70
1
 10
139.318254
 20
-6.18103
 10
139.31897
 20
-6.181746
 10
139.318254
 20
-6.181746
 10
139.318254
 20
-6.18103
  0
LWPOLYLINE
  5
15A
330
17
100
AcDbEntity
  8
VISTA
100
AcDbPolyline
 90
49
 70
1
 10
140.446098
 20
-8.038073
 10
140.441528
 20
-8.078627
 10
140.440001
 20
-8.13
 10
140.441528
 20
-8.181374
 10
140.446098
 20
-8.221928
 10
140.453667
 20
-8.258178
 10
140.464169
 20
-8.290888
 10
140.477509
 20
-8.320186
 10
140.493584
 20
-8.346004
 10
140.51228
 20
-8.368201
 10
140.533495
 20
-8.386625
 10
140.557182
 20
-8.401126
 10
140.583431
 20
-8.411579
 10
140.612799
 20
-8.41789
 10
140.65
 20
-8.42
 10
140.68720100000002
 20
-8.41789
 10
140.716568
 20
-8.411579
 10
140.742817
 20
-8.401126
 10
140.766504
 20
-8.386625
 10
140.78772
 20
-8.368201
 10
140.806416
 20
-8.346004
 10
140.822491
 20
-8.320186
 10
140.83583099999998
 20
-8.290888
 10
140.84633300000002
 20
-8.258178
 10
140.853901
 20
-8.221928
 10
140.858471
 20
-8.181374
 10
140.859999
 20
-8.13
 10
140.858471
 20
-8.078627
 10
140.853901
 20
-8.038073
 10
140.84633300000002
 20
-8.001822
 10
140.83583099999998
 20
-7.969112
 10
140.822491
 20
-7.939814
 10
140.806416
 20
-7.913997
 10
140.78772
 20
-7.891798
 10
140.766504
 20
-7.873375
 10
140.742817
 20
-7.858874
 10
140.716568
 20
-7.848421
 10
140.68720100000002
 20
-7.84211
 10
140.65
 20
-7.84
 10
140.612799
 20
-7.84211
 10
140.583431
 20
-7.848421
 10
140.557182
 20
-7.858874
 10
140.533495
 20
-7.873375
 10
140.51228
 20
-7.891798
 10
140.493584
 20
-7.913997
 10
140.477509
 20
-7.939814
 10
140.464169
 20
-7.969112
 10
140.453667
 20
-8.001822
 10
140.446098
 20
-8.038073
  0
LWPOLYLINE
  5
15B
330
17
100
AcDbEntity
  8
VISTA
100
AcDbPolyline
 90
5
 70
1
 10
140.446001
 20
-1.49
 10
140.446001
 20
-1.35
 10
140.434
 20
-1.35
 10
140.434
 20
-1.49
 10
140.446001
 20
-1.49
  0
LWPOLYLINE
  5
15C
330
17
100
AcDbEntity
  8
VISTA
100
AcDbPolyline
 90
8
 70
1
 10
140.056999
 20
-7.056
 10
140.059999
 20
-7.053
 10
140.059999
 20
-6.387
 10
140.056999
 20
-6.384
 10
140.042999
 20
-6.384
 10
140.039999
 20
-6.387
 10
140.040878
 20
-7.055121
 10
140.056999
 20
-7.056
  0
LWPOLYLINE
  5
15D
330
17
100
AcDbEntity
  8
VISTA
100
AcDbPolyline
 90
49
 70
1
 10
141.129642
 20
-7.984143
 10
141.121532
 20
-8.025393
 10
141.116636
 20
-8.07154
 10
141.115
 20
-8.13
 10
141.116636
 20
-8.188459
 10
141.121532
 20
-8.234607
 10
141.129642
 20
-8.275857
 10
141.140894
 20
-8.313079
 10
141.155188
 20
-8.346418
 10
141.172411
 20
-8.375796
 10
141.192442
 20
-8.401057
 10
141.215174
 20
-8.422022
 10
141.240551
 20
-8.438522
 10
141.268677
 20
-8.450418
 10
141.30014
 20
-8.457599
 10
141.34
 20
-8.46
 10
141.379858
 20
-8.457599
 10
141.41132199999998
 20
-8.450418
 10
141.439447
 20
-8.438522
 10
141.464827
 20
-8.422022
 10
141.487558
 20
-8.401057
 10
141.507587
 20
-8.375796
 10
141.524811
 20
-8.346418
 10
141.539104
 20
-8.313079
 10
141.550356
 20
-8.275857
 10
141.558466
 20
-8.234607
 10
141.563362
 20
-8.188459
 10
141.565001
 20
-8.13
 10
141.563362
 20
-8.07154
 10
141.558466
 20
-8.025393
 10
141.550356
 20
-7.984143
 10
141.539104
 20
-7.946921
 10
141.524811
 20
-7.913582
 10
141.507587
 20
-7.884203
 10
141.487558
 20
-7.858943
 10
141.464827
 20
-7.837978
 10
141.439447
 20
-7.821477
 10
141.41132199999998
 20
-7.809583
 10
141.379858
 20
-7.802401
 10
141.34
 20
-7.8
 10
141.30014
 20
-7.802401
 10
141.268677
 20
-7.809583
 10
141.240551
 20
-7.821477
 10
141.215174
 20
-7.837978
 10
141.192442
 20
-7.858943
 10
141.172411
 20
-7.884203
 10
141.155188
 20
-7.913582
 10
141.140894
 20
-7.946921
 10
141.129642
 20
-7.984143
  0
LWPOLYLINE
  5
15E
330
17
100
AcDbEntity
  8
VISTA
100
AcDbPolyline
 90
4
 70
1
 10
141.19202184108096
 20
-7.993933639384464
 10
141.19202184122094
 20
-7.99393363951318
 10
141.19202184113317
 20
-7.993933639432483
 10
141.19202184108096
 20
-7.993933639384464
  0
LWPOLYLINE
  5
15F
330
17
100
AcDbEntity
  8
VISTA
100
AcDbPolyline
 90
4
 70
1
 10
141.1814441674214
 20
-8.054079758129738
 10
141.18144416742047
 20
-8.054079758129289
 10
141.18144416742493
 20
-8.054079758131424
 10
141.1814441674214
 20
-8.054079758129738
  0
LWPOLYLINE
  5
160
330
17
100
AcDbEntity
  8
VISTA
100
AcDbPolyline
 90
4
 70
1
 10
141.19027880447763
 20
-8.233813307981112
 10
141.1902788045502
 20
-8.233813307930806
 10
141.1902788045184
 20
-8.233813307952824
 10
141.19027880447763
 20
-8.233813307981112
  0
LWPOLYLINE
  5
161
330
17
100
AcDbEntity
  8
VISTA
100
AcDbPolyline
 90
5
 70
1
 10
140.878706
 20
-1.782207
 10
140.878706
 20
-1.317793
 10
140.469294
 20
-1.317793
 10
140.469294
 20
-1.782207
 10
140.878706
 20
-1.782207
  0
LWPOLYLINE
  5
162
330
17
100
AcDbEntity
  8
VISTA
100
AcDbPolyline
 90
9
 70
1
 10
138.91617
 20
-8.473829
 10
138.91899899999999
 20
-8.475
 10
139.343315
 20
-8.474262
 10
139.344999
 20
-8.471001
 10
139.344261
 20
-8.226685
 10
139.341
 20
-8.225
 10
138.916683
 20
-8.225739
 10
138.914999
 20
-8.229
 10
138.91617
 20
-8.473829
  0
LWPOLYLINE
  5
163
330
17
100
AcDbEntity
  8
VISTA
100
AcDbPolyline
 90
4
 70
1
 10
138.916689
 20
-8.47331
 10
138.917204
 20
-8.473528
 10
138.916471
 20
-8.473528
 10
138.916689
 20
-8.47331
  0
LWPOLYLINE
  5
164
330
17
100
AcDbEntity
  8
VISTA
100
AcDbPolyline
 90
4
 70
1
 10
138.916689
 20
-8.226691
 10
138.916471
 20
-8.227205
 10
138.916471
 20
-8.226473
 10
138.916689
 20
-8.226691
  0
LWPOLYLINE
  5
165
330
17
100
AcDbEntity
  8
VISTA
100
AcDbPolyline
 90
4
 70
1
 10
139.343309
 20
-8.226691
 10
139.342794
 20
-8.226473
 10
139.343527
 20
-8.226473
 10
139.343309
 20
-8.226691
  0
LWPOLYLINE
  5
166
330
17
100
AcDbEntity
  8
VISTA
100
AcDbPolyline
 90
4
 70
1
 10
139.343527
 20
-8.473528
 10
139.342794
 20
-8.473528
 10
139.343309
 20
-8.47331
 10
139.343527
 20
-8.473528
  0
LWPOLYLINE
  5
167
330
17
100
AcDbEntity
  8
VISTA
100
AcDbPolyline
 90
9
 70
1
 10
138.91617
 20
-8.773829
 10
138.91899899999999
 20
-8.775
 10
139.343315
 20
-8.774261
 10
139.344999
 20
-8.771
 10
139.344261
 20
-8.526684
 10
139.341
 20
-8.525
 10
138.916683
 20
-8.525738
 10
138.914999
 20
-8.528999
 10
138.91617
 20
-8.773829
  0
LWPOLYLINE
  5
168
330
17
100
AcDbEntity
  8
VISTA
100
AcDbPolyline
 90
4
 70
1
 10
138.916689
 20
-8.773309
 10
138.917204
 20
-8.773527
 10
138.916471
 20
-8.773527
 10
138.916689
 20
-8.773309
  0
LWPOLYLINE
  5
169
330
17
100
AcDbEntity
  8
VISTA
100
AcDbPolyline
 90
4
 70
1
 10
138.916689
 20
-8.52669
 10
138.916471
 20
-8.527205
 10
138.916471
 20
-8.526472
 10
138.916689
 20
-8.52669
  0
LWPOLYLINE
  5
16A
330
17
100
AcDbEntity
  8
VISTA
100
AcDbPolyline
 90
4
 70
1
 10
139.343309
 20
-8.52669
 10
139.342794
 20
-8.526472
 10
139.343527
 20
-8.526472
 10
139.343309
 20
-8.52669
  0
LWPOLYLINE
  5
16B
330
17
100
AcDbEntity
  8
VISTA
100
AcDbPolyline
 90
4
 70
1
 10
139.343527
 20
-8.773527
 10
139.342794
 20
-8.773527
 10
139.343309
 20
-8.773309
 10
139.343527
 20
-8.773527
  0
LWPOLYLINE
  5
16C
330
17
100
AcDbEntity
  8
VISTA
100
AcDbPolyline
 90
37
 70
1
 10
140.642355
 20
-2.900115
 10
140.675932
 20
-2.913152
 10
140.718248
 20
-2.922356
 10
140.77408
 20
-2.927843
 10
140.889999
 20
-2.929667
 10
141.00592
 20
-2.927843
 10
141.06175
 20
-2.922356
 10
141.104069
 20
-2.913152
 10
141.137644
 20
-2.900115
 10
141.164167
 20
-2.883013
 10
141.184385
 20
-2.861363
 10
141.19866
 20
-2.834077
 10
141.20717
 20
-2.798078
 10
141.209999
 20
-2.723334
 10
141.20717
 20
-2.648589
 10
141.19866
 20
-2.61259
 10
141.184385
 20
-2.585304
 10
141.164167
 20
-2.563654
 10
141.137644
 20
-2.546552
 10
141.104067
 20
-2.533516
 10
141.06175
 20
-2.524312
 10
141.005919
 20
-2.518824
 10
140.889999
 20
-2.517
 10
140.774078
 20
-2.518824
 10
140.718248
 20
-2.524312
 10
140.67593
 20
-2.533516
 10
140.642355
 20
-2.546552
 10
140.61583100000001
 20
-2.563654
 10
140.59561300000001
 20
-2.585304
 10
140.581339
 20
-2.61259
 10
140.57282800000002
 20
-2.648589
 10
140.57
 20
-2.723334
 10
140.57282800000002
 20
-2.798078
 10
140.581339
 20
-2.834077
 10
140.59561300000001
 20
-2.861363
 10
140.61583100000001
 20
-2.883013
 10
140.642355
 20
-2.900115
  0
LWPOLYLINE
  5
16D
330
17
100
AcDbEntity
  8
VISTA
100
AcDbPolyline
 90
4
 70
1
 10
141.0508359982905
 20
-2.6569840692908513
 10
141.0508359982905
 20
-2.6569840692908517
 10
141.0508359982905
 20
-2.6569840692908517
 10
141.0508359982905
 20
-2.6569840692908513
  0
LWPOLYLINE
  5
16E
330
17
100
AcDbEntity
  8
VISTA
100
AcDbPolyline
 90
4
 70
1
 10
141.08003536331276
 20
-2.914859566726106
 10
141.08003536331276
 20
-2.914859566726107
 10
141.08003536331276
 20
-2.9148595667261064
 10
141.08003536331276
 20
-2.914859566726106
  0
LWPOLYLINE
  5
16F
330
17
100
AcDbEntity
  8
VISTA
100
AcDbPolyline
 90
4
 70
1
 10
141.2019863063431
 20
-2.630861620357095
 10
141.2019863063431
 20
-2.6308616203570754
 10
141.2019863063431
 20
-2.6308616203570914
 10
141.2019863063431
 20
-2.630861620357095
  0
LWPOLYLINE
  5
170
330
17
100
AcDbEntity
  8
VISTA
100
AcDbPolyline
 90
37
 70
1
 10
140.642355
 20
-3.326781
 10
140.675932
 20
-3.339818
 10
140.718248
 20
-3.349022
 10
140.77408
 20
-3.354509
 10
140.889999
 20
-3.356333
 10
141.00592
 20
-3.354509
 10
141.06175
 20
-3.349022
 10
141.104069
 20
-3.339818
 10
141.137644
 20
-3.326781
 10
141.164167
 20
-3.309679
 10
141.184385
 20
-3.288029
 10
141.19866
 20
-3.260744
 10
141.20717
 20
-3.224744
 10
141.209999
 20
-3.15
 10
141.20717
 20
-3.075256
 10
141.19866
 20
-3.039256
 10
141.184385
 20
-3.01197
 10
141.164167
 20
-2.99032
 10
141.137644
 20
-2.973218
 10
141.104067
 20
-2.960182
 10
141.06175
 20
-2.950978
 10
141.005919
 20
-2.94549
 10
140.889999
 20
-2.943666
 10
140.774078
 20
-2.945491
 10
140.718248
 20
-2.950978
 10
140.67593
 20
-2.960182
 10
140.642355
 20
-2.973218
 10
140.61583100000001
 20
-2.990321
 10
140.59561300000001
 20
-3.01197
 10
140.581339
 20
-3.039256
 10
140.57282800000002
 20
-3.075256
 10
140.57
 20
-3.15
 10
140.57282800000002
 20
-3.224744
 10
140.581339
 20
-3.260744
 10
140.59561300000001
 20
-3.288029
 10
140.61583100000001
 20
-3.309679
 10
140.642355
 20
-3.326781
  0
LWPOLYLINE
  5
171
330
17
100
AcDbEntity
  8
VISTA
100
AcDbPolyline
 90
4
 70
1
 10
140.69996333360285
 20
-3.3415259719830153
 10
140.69996333360285
 20
-3.3415259719830144
 10
140.69996333360285
 20
-3.341525971983015
 10
140.69996333360285
 20
-3.3415259719830153
  0
LWPOLYLINE
  5
172
330
17
100
AcDbEntity
  8
VISTA
100
AcDbPolyline
 90
4
 70
1
 10
141.0800353628614
 20
-3.341526071339583
 10
141.0800353628614
 20
-3.341526071339584
 10
141.0800353628614
 20
-3.3415260713395836
 10
141.0800353628614
 20
-3.341526071339583
  0
LWPOLYLINE
  5
173
330
17
100
AcDbEntity
  8
VISTA
100
AcDbPolyline
 90
4
 70
1
 10
141.20198630491075
 20
-3.0575281138916277
 10
141.20198630491072
 20
-3.0575281138916073
 10
141.20198630491075
 20
-3.057528113891623
 10
141.20198630491075
 20
-3.0575281138916277
  0
LWPOLYLINE
  5
174
330
17
100
AcDbEntity
  8
VISTA
100
AcDbPolyline
 90
37
 70
1
 10
140.642355
 20
-3.753448
 10
140.675932
 20
-3.766484
 10
140.718248
 20
-3.775688
 10
140.77408
 20
-3.781176
 10
140.889999
 20
-3.783
 10
141.00592
 20
-3.781175
 10
141.06175
 20
-3.775688
 10
141.104069
 20
-3.766484
 10
141.137644
 20
-3.753448
 10
141.164167
 20
-3.736345
 10
141.184385
 20
-3.714696
 10
141.19866
 20
-3.68741
 10
141.20717
 20
-3.65141
 10
141.209999
 20
-3.576666
 10
141.20717
 20
-3.501922
 10
141.19866
 20
-3.465922
 10
141.184385
 20
-3.438637
 10
141.164167
 20
-3.416987
 10
141.137644
 20
-3.399885
 10
141.104067
 20
-3.386848
 10
141.06175
 20
-3.377644
 10
141.005919
 20
-3.372157
 10
140.889999
 20
-3.370333
 10
140.774078
 20
-3.372157
 10
140.718248
 20
-3.377644
 10
140.67593
 20
-3.386848
 10
140.642355
 20
-3.399885
 10
140.61583100000001
 20
-3.416987
 10
140.59561300000001
 20
-3.438637
 10
140.581339
 20
-3.465922
 10
140.57282800000002
 20
-3.501922
 10
140.57
 20
-3.576666
 10
140.57282800000002
 20
-3.65141
 10
140.581339
 20
-3.68741
 10
140.59561300000001
 20
-3.714696
 10
140.61583100000001
 20
-3.736346
 10
140.642355
 20
-3.753448
  0
LWPOLYLINE
  5
175
330
17
100
AcDbEntity
  8
VISTA
100
AcDbPolyline
 90
4
 70
1
 10
141.08003780385587
 20
-3.76819176779763
 10
141.08003780385587
 20
-3.768191767797631
 10
141.08003780385587
 20
-3.7681917677976307
 10
141.08003780385587
 20
-3.76819176779763
  0
LWPOLYLINE
  5
176
330
17
100
AcDbEntity
  8
VISTA
100
AcDbPolyline
 90
4
 70
1
 10
141.2019865468185
 20
-3.484195442743392
 10
141.2019865468185
 20
-3.4841954427433666
 10
141.2019865468185
 20
-3.4841954427433772
 10
141.2019865468185
 20
-3.484195442743392
  0
LWPOLYLINE
  5
177
330
17
100
AcDbEntity
  8
VISTA
100
AcDbPolyline
 90
37
 70
1
 10
135.050639
 20
-9.834167
 10
135.070889
 20
-9.854386
 10
135.096413
 20
-9.868661
 10
135.130086
 20
-9.877171
 10
135.2
 20
-9.879999
 10
135.269914
 20
-9.877171
 10
135.303587
 20
-9.868661
 10
135.32911000000001
 20
-9.854386
 10
135.34936
 20
-9.834167
 10
135.365357
 20
-9.807644
 10
135.377552
 20
-9.774068
 10
135.386161
 20
-9.73175
 10
135.391294
 20
-9.67592
 10
135.393
 20
-9.559999
 10
135.391294
 20
-9.444079
 10
135.386161
 20
-9.388248
 10
135.377552
 20
-9.345931
 10
135.365357
 20
-9.312355
 10
135.34936
 20
-9.285831
 10
135.32911000000001
 20
-9.265613
 10
135.303587
 20
-9.251338
 10
135.269914
 20
-9.242828
 10
135.2
 20
-9.24
 10
135.130086
 20
-9.242828
 10
135.096413
 20
-9.251338
 10
135.070889
 20
-9.265613
 10
135.050639
 20
-9.285831
 10
135.034642
 20
-9.312355
 10
135.022448
 20
-9.345931
 10
135.013839
 20
-9.388248
 10
135.008706
 20
-9.444079
 10
135.007
 20
-9.559999
 10
135.008706
 20
-9.67592
 10
135.013839
 20
-9.73175
 10
135.022448
 20
-9.774068
 10
135.034642
 20
-9.807644
 10
135.050639
 20
-9.834167
  0
LWPOLYLINE
  5
178
330
17
100
AcDbEntity
  8
VISTA
100
AcDbPolyline
 90
4
 70
1
 10
135.26615807551948
 20
-9.470919778297974
 10
135.26615807551948
 20
-9.470919778297976
 10
135.26615807551948
 20
-9.470919778297977
 10
135.26615807551948
 20
-9.470919778297974
  0
LWPOLYLINE
  5
179
330
17
100
AcDbEntity
  8
VISTA
100
AcDbPolyline
 90
4
 70
1
 10
135.3146170274184
 20
-9.857034002182886
 10
135.31461702741842
 20
-9.857034002182884
 10
135.3146170274184
 20
-9.857034002182886
 10
135.3146170274184
 20
-9.857034002182886
  0
LWPOLYLINE
  5
17A
330
17
100
AcDbEntity
  8
VISTA
100
AcDbPolyline
 90
37
 70
1
 10
135.45064
 20
-9.834167
 10
135.47089
 20
-9.854386
 10
135.496413
 20
-9.868661
 10
135.530087
 20
-9.877171
 10
135.6
 20
-9.879999
 10
135.669914
 20
-9.877171
 10
135.703588
 20
-9.868661
 10
135.729111
 20
-9.854386
 10
135.749361
 20
-9.834167
 10
135.765358
 20
-9.807644
 10
135.777553
 20
-9.774068
 10
135.786161
 20
-9.73175
 10
135.791294
 20
-9.67592
 10
135.793
 20
-9.559999
 10
135.791294
 20
-9.444079
 10
135.786161
 20
-9.388248
 10
135.777553
 20
-9.345931
 10
135.765358
 20
-9.312355
 10
135.749361
 20
-9.285831
 10
135.729111
 20
-9.265613
 10
135.703588
 20
-9.251338
 10
135.669914
 20
-9.242828
 10
135.6
 20
-9.24
 10
135.530087
 20
-9.242828
 10
135.496413
 20
-9.251338
 10
135.47089
 20
-9.265613
 10
135.45064
 20
-9.285831
 10
135.434643
 20
-9.312355
 10
135.422448
 20
-9.345931
 10
135.413839
 20
-9.388248
 10
135.408707
 20
-9.444079
 10
135.407001
 20
-9.559999
 10
135.408707
 20
-9.67592
 10
135.413839
 20
-9.73175
 10
135.422448
 20
-9.774068
 10
135.434643
 20
-9.807644
 10
135.45064
 20
-9.834167
  0
LWPOLYLINE
  5
17B
330
17
100
AcDbEntity
  8
VISTA
100
AcDbPolyline
 90
4
 70
1
 10
135.5392814055531
 20
-9.660673363301997
 10
135.5392814055531
 20
-9.660673363302
 10
135.5392814055531
 20
-9.660673363302001
 10
135.5392814055531
 20
-9.660673363301997
  0
LWPOLYLINE
  5
17C
330
17
100
AcDbEntity
  8
VISTA
100
AcDbPolyline
 90
4
 70
1
 10
135.5392814055531
 20
-9.459325636697999
 10
135.5392814055531
 20
-9.459325636698
 10
135.5392814055531
 20
-9.459325636698003
 10
135.5392814055531
 20
-9.459325636697999
  0
LWPOLYLINE
  5
17D
330
17
100
AcDbEntity
  8
VISTA
100
AcDbPolyline
 90
4
 70
1
 10
135.6661590755195
 20
-9.470919778297974
 10
135.6661590755195
 20
-9.470919778297976
 10
135.6661590755195
 20
-9.470919778297977
 10
135.6661590755195
 20
-9.470919778297974
  0
LWPOLYLINE
  5
17E
330
17
100
AcDbEntity
  8
VISTA
100
AcDbPolyline
 90
4
 70
1
 10
135.7648018263157
 20
-9.781897598934131
 10
135.7648018263157
 20
-9.781897598934133
 10
135.76480182631568
 20
-9.781897598934135
 10
135.7648018263157
 20
-9.781897598934131
  0
LWPOLYLINE
  5
17F
330
17
100
AcDbEntity
  8
VISTA
100
AcDbPolyline
 90
37
 70
1
 10
135.850639
 20
-9.834167
 10
135.87089
 20
-9.854386
 10
135.896413
 20
-9.868661
 10
135.930086
 20
-9.877171
 10
136.0
 20
-9.879999
 10
136.069914
 20
-9.877171
 10
136.103588
 20
-9.868661
 10
136.12911
 20
-9.854386
 10
136.149361
 20
-9.834167
 10
136.165358
 20
-9.807644
 10
136.177551
 20
-9.774068
 10
136.186161
 20
-9.73175
 10
136.191294
 20
-9.67592
 10
136.193001
 20
-9.559999
 10
136.191294
 20
-9.444079
 10
136.186161
 20
-9.388248
 10
136.177551
 20
-9.345931
 10
136.165358
 20
-9.312355
 10
136.149361
 20
-9.285831
 10
136.12911
 20
-9.265613
 10
136.103588
 20
-9.251338
 10
136.069914
 20
-9.242828
 10
136.0
 20
-9.24
 10
135.930086
 20
-9.242828
 10
135.896413
 20
-9.251338
 10
135.87089
 20
-9.265613
 10
135.850639
 20
-9.285831
 10
135.834642
 20
-9.312355
 10
135.822448
 20
-9.345931
 10
135.813839
 20
-9.388248
 10
135.808706
 20
-9.444079
 10
135.807
 20
-9.559999
 10
135.808706
 20
-9.67592
 10
135.813839
 20
-9.73175
 10
135.822448
 20
-9.774068
 10
135.834642
 20
-9.807644
 10
135.850639
 20
-9.834167
  0
LWPOLYLINE
  5
180
330
17
100
AcDbEntity
  8
VISTA
100
AcDbPolyline
 90
4
 70
1
 10
135.83109719116746
 20
-9.787417756677542
 10
135.83109719116746
 20
-9.787417756677549
 10
135.83109719116746
 20
-9.787417756677545
 10
135.83109719116746
 20
-9.787417756677542
  0
LWPOLYLINE
  5
181
330
17
100
AcDbEntity
  8
VISTA
100
AcDbPolyline
 90
4
 70
1
 10
136.1146170365369
 20
-9.857034002133462
 10
136.1146170365369
 20
-9.85703400213346
 10
136.1146170365369
 20
-9.857034002133462
 10
136.1146170365369
 20
-9.857034002133462
  0
LWPOLYLINE
  5
182
330
17
100
AcDbEntity
  8
VISTA
100
AcDbPolyline
 90
9
 70
1
 10
140.4475
 20
-1.795
 10
140.466501
 20
-1.795
 10
140.469501
 20
-1.792
 10
140.469501
 20
-1.308
 10
140.466501
 20
-1.305
 10
140.4475
 20
-1.305
 10
140.4445
 20
-1.308
 10
140.4445
 20
-1.792
 10
140.4475
 20
-1.795
  0
LWPOLYLINE
  5
183
330
17
100
AcDbEntity
  8
VISTA
100
AcDbPolyline
 90
43
 70
1
 10
141.145536
 20
-7.977551
 10
141.128994
 20
-8.036122
 10
141.123737
 20
-8.066908
 10
141.119499
 20
-8.13
 10
141.123737
 20
-8.193092
 10
141.128994
 20
-8.223878
 10
141.145536
 20
-8.28245
 10
141.15666
 20
-8.309671
 10
141.16955000000002
 20
-8.335163
 10
141.200115
 20
-8.379992
 10
141.236057
 20
-8.415214
 10
141.275991
 20
-8.439474
 10
141.296982
 20
-8.447186
 10
141.318386
 20
-8.451842
 10
141.34
 20
-8.4534
 10
141.361612
 20
-8.451842
 10
141.383017
 20
-8.447186
 10
141.404007
 20
-8.439474
 10
141.443943
 20
-8.415214
 10
141.479883
 20
-8.379992
 10
141.510448
 20
-8.335163
 10
141.534464
 20
-8.28245
 10
141.543715
 20
-8.253759
 10
141.556263
 20
-8.193092
 10
141.559439
 20
-8.161698
 10
141.559439
 20
-8.098301
 10
141.556263
 20
-8.066908
 10
141.543715
 20
-8.00624
 10
141.523338
 20
-7.950328
 10
141.510448
 20
-7.924837
 10
141.479883
 20
-7.880008
 10
141.443943
 20
-7.844787
 10
141.404007
 20
-7.820526
 10
141.383017
 20
-7.812814
 10
141.361612
 20
-7.808157
 10
141.34
 20
-7.8066
 10
141.318386
 20
-7.808157
 10
141.296982
 20
-7.812814
 10
141.255617
 20
-7.831217
 10
141.236057
 20
-7.844787
 10
141.200115
 20
-7.880008
 10
141.16955000000002
 20
-7.924837
 10
141.145536
 20
-7.977551
  0
LWPOLYLINE
  5
184
330
17
100
AcDbEntity
  8
VISTA
100
AcDbPolyline
 90
37
 70
1
 10
141.223063
 20
-8.301509
 10
141.202496
 20
-8.264753
 10
141.187214
 20
-8.22282
 10
141.181746
 20
-8.200409
 10
141.175421
 20
-8.153774
 10
141.175421
 20
-8.106226
 10
141.181746
 20
-8.059591
 10
141.187214
 20
-8.03718
 10
141.202496
 20
-7.995246
 10
141.212164
 20
-7.976128
 10
141.235086
 20
-7.942506
 10
141.262043
 20
-7.91609
 10
141.276712
 20
-7.905913
 10
141.307737
 20
-7.89211
 10
141.34
 20
-7.88745
 10
141.372263
 20
-7.89211
 10
141.388006
 20
-7.897894
 10
141.417957
 20
-7.91609
 10
141.444912
 20
-7.942506
 10
141.467836
 20
-7.976128
 10
141.485847
 20
-8.015663
 10
141.492786
 20
-8.03718
 10
141.502197
 20
-8.082681
 10
141.50537500000002
 20
-8.13
 10
141.502197
 20
-8.17732
 10
141.492786
 20
-8.22282
 10
141.477505
 20
-8.264753
 10
141.456938
 20
-8.301509
 10
141.431877
 20
-8.331673
 10
141.417957
 20
-8.34391
 10
141.388006
 20
-8.362106
 10
141.356209
 20
-8.371382
 10
141.32379
 20
-8.371382
 10
141.291994
 20
-8.362106
 10
141.276712
 20
-8.354087
 10
141.248121
 20
-8.331673
 10
141.223063
 20
-8.301509
  0
LWPOLYLINE
  5
185
330
17
100
AcDbEntity
  8
VISTA
100
AcDbPolyline
 90
35
 70
1
 10
138.912359
 20
-3.213501
 10
138.928585
 20
-3.223141
 10
138.950487
 20
-3.229797
 10
138.982861
 20
-3.233709
 10
139.21714
 20
-3.233709
 10
139.249514
 20
-3.229797
 10
139.271416
 20
-3.223141
 10
139.287642
 20
-3.213501
 10
139.299873
 20
-3.200435
 10
139.308899
 20
-3.183104
 10
139.31512800000002
 20
-3.159708
 10
139.31879
 20
-3.125127
 10
139.32
 20
-3.0
 10
139.31879
 20
-2.874874
 10
139.31512800000002
 20
-2.840292
 10
139.308899
 20
-2.816897
 10
139.299873
 20
-2.799566
 10
139.287642
 20
-2.7865
 10
139.271416
 20
-2.77686
 10
139.249514
 20
-2.770204
 10
139.21714
 20
-2.766292
 10
139.1
 20
-2.765001
 10
138.982861
 20
-2.766292
 10
138.950487
 20
-2.770204
 10
138.928585
 20
-2.77686
 10
138.912359
 20
-2.7865
 10
138.900127
 20
-2.799566
 10
138.891102
 20
-2.816897
 10
138.884872
 20
-2.840293
 10
138.88121
 20
-2.874874
 10
138.88121
 20
-3.125127
 10
138.884872
 20
-3.159708
 10
138.891102
 20
-3.183104
 10
138.900127
 20
-3.200435
 10
138.912359
 20
-3.213501
  0
LWPOLYLINE
  5
186
330
17
100
AcDbEntity
  8
VISTA
100
AcDbPolyline
 90
4
 70
1
 10
139.09999767941724
 20
-3.0000023271417064
 10
139.09999767941724
 20
-3.0000023271417082
 10
139.09999767941724
 20
-3.000002327141706
 10
139.09999767941724
 20
-3.0000023271417064
  0
LWPOLYLINE
  5
187
330
17
100
AcDbEntity
  8
VISTA
100
AcDbPolyline
 90
38
 70
1
 10
138.202358
 20
-10.433501
 10
138.218584
 20
-10.443141
 10
138.240486
 20
-10.449796
 10
138.27286
 20
-10.45371
 10
138.389999
 20
-10.455001
 10
138.389999
 20
-10.421782
 10
138.390001
 20
-10.455001
 10
138.507139
 20
-10.45371
 10
138.539515
 20
-10.449796
 10
138.561417
 20
-10.443141
 10
138.577641
 20
-10.433501
 10
138.589872
 20
-10.420434
 10
138.598898
 20
-10.403104
 10
138.605127
 20
-10.379708
 10
138.608791
 20
-10.345126
 10
138.610001
 20
-10.22
 10
138.608789
 20
-10.094874
 10
138.605127
 20
-10.060292
 10
138.598896
 20
-10.036897
 10
138.589872
 20
-10.019567
 10
138.577641
 20
-10.006499
 10
138.561415
 20
-9.99686
 10
138.539513
 20
-9.990205
 10
138.507139
 20
-9.986291
 10
138.389999
 20
-9.985
 10
138.27286
 20
-9.986291
 10
138.240484
 20
-9.990205
 10
138.218582
 20
-9.99686
 10
138.202358
 20
-10.006499
 10
138.190126
 20
-10.019567
 10
138.181101
 20
-10.036897
 10
138.174871
 20
-10.060292
 10
138.171207
 20
-10.094874
 10
138.171209
 20
-10.345126
 10
138.174871
 20
-10.379708
 10
138.181103
 20
-10.403104
 10
138.190126
 20
-10.420434
 10
138.202358
 20
-10.433501
  0
LWPOLYLINE
  5
188
330
17
100
AcDbEntity
  8
VISTA
100
AcDbPolyline
 90
4
 70
1
 10
138.5036937327778
 20
-10.11332385738986
 10
138.5036937327778
 20
-10.113323857389862
 10
138.5036937327778
 20
-10.113323857389863
 10
138.5036937327778
 20
-10.11332385738986
  0
LWPOLYLINE
  5
189
330
17
100
AcDbEntity
  8
VISTA
100
AcDbPolyline
 90
35
 70
1
 10
136.922359
 20
-10.433501
 10
136.938583
 20
-10.443141
 10
136.960485
 20
-10.449796
 10
136.992859
 20
-10.45371
 10
137.227139
 20
-10.45371
 10
137.259514
 20
-10.449796
 10
137.281416
 20
-10.443141
 10
137.29764
 20
-10.433501
 10
137.30987199999998
 20
-10.420434
 10
137.318897
 20
-10.403104
 10
137.325127
 20
-10.379708
 10
137.328791
 20
-10.345126
 10
137.32999999999998
 20
-10.22
 10
137.328791
 20
-10.094874
 10
137.325127
 20
-10.060292
 10
137.318897
 20
-10.036897
 10
137.30987199999998
 20
-10.019567
 10
137.29764
 20
-10.006499
 10
137.281416
 20
-9.99686
 10
137.259514
 20
-9.990205
 10
137.227139
 20
-9.986291
 10
137.109999
 20
-9.985
 10
136.992859
 20
-9.986291
 10
136.960485
 20
-9.990205
 10
136.938583
 20
-9.99686
 10
136.922358
 20
-10.006499
 10
136.910126
 20
-10.019567
 10
136.901102
 20
-10.036897
 10
136.894871
 20
-10.060292
 10
136.891209
 20
-10.094874
 10
136.891209
 20
-10.345126
 10
136.894871
 20
-10.379708
 10
136.901102
 20
-10.403104
 10
136.910126
 20
-10.420434
 10
136.922359
 20
-10.433501
  0
LWPOLYLINE
  5
18A
330
17
100
AcDbEntity
  8
VISTA
100
AcDbPolyline
 90
4
 70
1
 10
136.97862875743505
 20
-10.079673494997385
 10
136.97862875743505
 20
-10.079673494997387
 10
136.97862875743505
 20
-10.079673494997383
 10
136.97862875743505
 20
-10.079673494997385
  0
LWPOLYLINE
  5
18B
330
17
100
AcDbEntity
  8
VISTA
100
AcDbPolyline
 90
4
 70
1
 10
136.99256638881647
 20
-10.01587633019666
 10
136.99256638881647
 20
-10.015876330196662
 10
136.99256638881647
 20
-10.015876330196662
 10
136.99256638881647
 20
-10.01587633019666
  0
LWPOLYLINE
  5
18C
330
17
100
AcDbEntity
  8
VISTA
100
AcDbPolyline
 90
4
 70
1
 10
137.243094606337
 20
-10.45132397905487
 10
137.24309460633702
 20
-10.45132397905487
 10
137.243094606337
 20
-10.451323979054871
 10
137.243094606337
 20
-10.45132397905487
  0
LWPOLYLINE
  5
18D
330
17
100
AcDbEntity
  8
VISTA
100
AcDbPolyline
 90
38
 70
1
 10
138.202358
 20
-11.413501
 10
138.218584
 20
-11.423141
 10
138.240486
 20
-11.429795
 10
138.27286
 20
-11.433709
 10
138.389999
 20
-11.435
 10
138.389999
 20
-11.401782
 10
138.390001
 20
-11.435
 10
138.507139
 20
-11.433709
 10
138.539515
 20
-11.429795
 10
138.561417
 20
-11.423141
 10
138.577641
 20
-11.413501
 10
138.589872
 20
-11.400434
 10
138.598898
 20
-11.383103
 10
138.605127
 20
-11.359708
 10
138.608791
 20
-11.325126
 10
138.610001
 20
-11.2
 10
138.608789
 20
-11.074874
 10
138.605127
 20
-11.040292
 10
138.598896
 20
-11.016896
 10
138.589872
 20
-10.999566
 10
138.577641
 20
-10.986499
 10
138.561415
 20
-10.976859
 10
138.539513
 20
-10.970204
 10
138.507139
 20
-10.96629
 10
138.389999
 20
-10.964999
 10
138.27286
 20
-10.96629
 10
138.240484
 20
-10.970204
 10
138.218582
 20
-10.976859
 10
138.202358
 20
-10.986499
 10
138.190126
 20
-10.999566
 10
138.181101
 20
-11.016896
 10
138.174871
 20
-11.040292
 10
138.171207
 20
-11.074874
 10
138.171209
 20
-11.325126
 10
138.174871
 20
-11.359708
 10
138.181103
 20
-11.383103
 10
138.190126
 20
-11.400434
 10
138.202358
 20
-11.413501
  0
LWPOLYLINE
  5
18E
330
17
100
AcDbEntity
  8
VISTA
100
AcDbPolyline
 90
4
 70
1
 10
138.29013470002036
 20
-11.321442944358308
 10
138.29013470002036
 20
-11.321442944358305
 10
138.29013470002036
 20
-11.321442944358306
 10
138.29013470002036
 20
-11.321442944358308
  0
LWPOLYLINE
  5
18F
330
17
100
AcDbEntity
  8
VISTA
100
AcDbPolyline
 90
4
 70
1
 10
138.49777950982084
 20
-11.084871318574573
 10
138.49777950982084
 20
-11.084871318574569
 10
138.49777950982084
 20
-11.08487131857457
 10
138.49777950982084
 20
-11.084871318574573
  0
LWPOLYLINE
  5
190
330
17
100
AcDbEntity
  8
VISTA
100
AcDbPolyline
 90
35
 70
1
 10
136.922359
 20
-11.413503
 10
136.938583
 20
-11.423142
 10
136.960485
 20
-11.429797
 10
136.992859
 20
-11.433711
 10
137.227139
 20
-11.433711
 10
137.259514
 20
-11.429797
 10
137.281416
 20
-11.423142
 10
137.29764
 20
-11.413503
 10
137.30987199999998
 20
-11.400435
 10
137.318897
 20
-11.383105
 10
137.325127
 20
-11.35971
 10
137.328791
 20
-11.325128
 10
137.32999999999998
 20
-11.200002
 10
137.328791
 20
-11.074876
 10
137.325127
 20
-11.040294
 10
137.318897
 20
-11.016898
 10
137.30987199999998
 20
-10.999568
 10
137.29764
 20
-10.986501
 10
137.281416
 20
-10.976861
 10
137.259514
 20
-10.970206
 10
137.227139
 20
-10.966292
 10
137.109999
 20
-10.965001
 10
136.992859
 20
-10.966292
 10
136.960485
 20
-10.970206
 10
136.938583
 20
-10.976861
 10
136.922358
 20
-10.986501
 10
136.910126
 20
-10.999568
 10
136.901102
 20
-11.016898
 10
136.894871
 20
-11.040294
 10
136.891209
 20
-11.074876
 10
136.891209
 20
-11.325128
 10
136.894871
 20
-11.35971
 10
136.901102
 20
-11.383105
 10
136.910126
 20
-11.400435
 10
136.922359
 20
-11.413503
  0
LWPOLYLINE
  5
191
330
17
100
AcDbEntity
  8
VISTA
100
AcDbPolyline
 90
4
 70
1
 10
137.0022200093913
 20
-11.315128724439981
 10
137.0022200093913
 20
-11.315128724439983
 10
137.0022200093913
 20
-11.315128724439985
 10
137.0022200093913
 20
-11.315128724439981
  0
LWPOLYLINE
  5
192
330
17
100
AcDbEntity
  8
VISTA
100
AcDbPolyline
 90
4
 70
1
 10
136.97862875743505
 20
-11.340328505002615
 10
136.97862875743505
 20
-11.340328505002617
 10
136.97862875743505
 20
-11.340328505002613
 10
136.97862875743505
 20
-11.340328505002615
  0
LWPOLYLINE
  5
193
330
17
100
AcDbEntity
  8
VISTA
100
AcDbPolyline
 90
4
 70
1
 10
136.9963046786914
 20
-11.093325502531155
 10
136.9963046786914
 20
-11.093325502531151
 10
136.9963046786914
 20
-11.093325502531153
 10
136.9963046786914
 20
-11.093325502531155
  0
LWPOLYLINE
  5
194
330
17
100
AcDbEntity
  8
VISTA
100
AcDbPolyline
 90
4
 70
1
 10
137.24308574056903
 20
-11.431326304852687
 10
137.24308574056906
 20
-11.431326304852687
 10
137.24308574056903
 20
-11.43132630485269
 10
137.24308574056903
 20
-11.431326304852687
  0
LWPOLYLINE
  5
195
330
17
100
AcDbEntity
  8
VISTA
100
AcDbPolyline
 90
51
 70
1
 10
135.01734199999999
 20
-7.588434
 10
135.024624
 20
-7.705945
 10
135.03692
 20
-7.786963
 10
135.054482
 20
-7.849225
 10
135.077715
 20
-7.899037
 10
135.107216
 20
-7.939384
 10
135.143888
 20
-7.97188
 10
135.189194
 20
-7.997489
 10
135.245822
 20
-8.016849
 10
135.319482
 20
-8.030396
 10
135.426277
 20
-8.038418
 10
135.820002
 20
-8.041072
 10
136.213722
 20
-8.038418
 10
136.320518
 20
-8.030396
 10
136.39417600000002
 20
-8.016849
 10
136.450806
 20
-7.997489
 10
136.496113
 20
-7.97188
 10
136.532784
 20
-7.939384
 10
136.562284
 20
-7.899037
 10
136.58551599999998
 20
-7.849225
 10
136.603081
 20
-7.786963
 10
136.615376
 20
-7.705945
 10
136.622658
 20
-7.588434
 10
136.625069
 20
-7.155013
 10
136.62259362499995
 20
-7.1549985
 10
136.625069
 20
-7.154985
 10
136.622658
 20
-6.721567
 10
136.615376
 20
-6.604055
 10
136.603081
 20
-6.523037
 10
136.58551599999998
 20
-6.460776
 10
136.562284
 20
-6.410963
 10
136.532784
 20
-6.370616
 10
136.496113
 20
-6.33812
 10
136.450806
 20
-6.312511
 10
136.39417600000002
 20
-6.293152
 10
136.320518
 20
-6.279604
 10
136.213722
 20
-6.271583
 10
135.819997
 20
-6.268928
 10
135.426277
 20
-6.271583
 10
135.319482
 20
-6.279604
 10
135.245822
 20
-6.293152
 10
135.189194
 20
-6.312511
 10
135.143888
 20
-6.33812
 10
135.107216
 20
-6.370616
 10
135.077715
 20
-6.410963
 10
135.054482
 20
-6.460776
 10
135.03692
 20
-6.523037
 10
135.024624
 20
-6.604055
 10
135.01734199999999
 20
-6.721567
 10
135.014931
 20
-7.155003
 10
135.01734199999999
 20
-7.588434
  0
LWPOLYLINE
  5
196
330
17
100
AcDbEntity
  8
VISTA
100
AcDbPolyline
 90
49
 70
1
 10
135.320004
 20
-8.026028
 10
135.2469
 20
-8.012583
 10
135.190969
 20
-7.993463
 10
135.146431
 20
-7.96829
 10
135.110473
 20
-7.936426
 10
135.081513
 20
-7.896816
 10
135.058618
 20
-7.84772
 10
135.041227
 20
-7.786066
 10
135.029003
 20
-7.705513
 10
135.021741
 20
-7.588356
 10
135.019331
 20
-7.155003
 10
135.021741
 20
-6.721644
 10
135.029003
 20
-6.604487
 10
135.041227
 20
-6.523934
 10
135.058618
 20
-6.462281
 10
135.081513
 20
-6.413184
 10
135.110473
 20
-6.373574
 10
135.146431
 20
-6.341711
 10
135.190969
 20
-6.316537
 10
135.2469
 20
-6.297418
 10
135.320004
 20
-6.283973
 10
135.426371
 20
-6.275982
 10
135.819997
 20
-6.273328
 10
136.213629
 20
-6.275982
 10
136.319996
 20
-6.283973
 10
136.393101
 20
-6.297418
 10
136.44903
 20
-6.316537
 10
136.493568
 20
-6.341711
 10
136.529526
 20
-6.373574
 10
136.558487
 20
-6.413184
 10
136.581383
 20
-6.462281
 10
136.598772
 20
-6.523934
 10
136.610996
 20
-6.604487
 10
136.618258
 20
-6.721644
 10
136.6206679416083
 20
-7.154998500036343
 10
136.618258
 20
-7.588356
 10
136.610996
 20
-7.705513
 10
136.598772
 20
-7.786066
 10
136.581383
 20
-7.84772
 10
136.558487
 20
-7.896816
 10
136.529526
 20
-7.936426
 10
136.493568
 20
-7.96829
 10
136.44903
 20
-7.993463
 10
136.393101
 20
-8.012583
 10
136.319996
 20
-8.026028
 10
136.213629
 20
-8.034019
 10
135.820002
 20
-8.036673
 10
135.426371
 20
-8.034019
 10
135.320004
 20
-8.026028
  0
LWPOLYLINE
  5
197
330
17
100
AcDbEntity
  8
VISTA
100
AcDbPolyline
 90
4
 70
1
 10
135.28304348563972
 20
-8.0214603717242
 10
135.28304348563972
 20
-8.0214603717242
 10
135.28304348563972
 20
-8.021460371724203
 10
135.28304348563972
 20
-8.0214603717242
  0
LWPOLYLINE
  5
198
330
17
100
AcDbEntity
  8
VISTA
100
AcDbPolyline
 90
4
 70
1
 10
136.54709489403027
 20
-7.918882294713806
 10
136.5470948940303
 20
-7.918882294713784
 10
136.54709489403027
 20
-7.918882294713804
 10
136.54709489403027
 20
-7.918882294713806
  0
LWPOLYLINE
  5
199
330
17
100
AcDbEntity
  8
VISTA
100
AcDbPolyline
 90
5
 70
1
 10
137.748001
 20
-6.6999
 10
137.7579
 20
-6.7
 10
137.757999
 20
-6.2501
 10
137.7481
 20
-6.2501
 10
137.748001
 20
-6.6999
  0
LWPOLYLINE
  5
19A
330
17
100
AcDbEntity
  8
VISTA
100
AcDbPolyline
 90
5
 70
1
 10
138.242001
 20
-6.6999
 10
138.2519
 20
-6.7
 10
138.251999
 20
-6.2501
 10
138.2421
 20
-6.2501
 10
138.242001
 20
-6.6999
  0
LWPOLYLINE
  5
19B
330
17
100
AcDbEntity
  8
VISTA
100
AcDbPolyline
 90
5
 70
1
 10
137.754
 20
-6.6999
 10
137.762899
 20
-6.7
 10
137.762999
 20
-6.2501
 10
137.754099
 20
-6.2501
 10
137.754
 20
-6.6999
  0
LWPOLYLINE
  5
19C
330
17
100
AcDbEntity
  8
VISTA
100
AcDbPolyline
 90
5
 70
1
 10
138.237001
 20
-6.6999
 10
138.245901
 20
-6.7
 10
138.246
 20
-6.2501
 10
138.237101
 20
-6.2501
 10
138.237001
 20
-6.6999
  0
LWPOLYLINE
  5
19D
330
17
100
AcDbEntity
  8
VISTA
100
AcDbPolyline
 90
10
 70
1
 10
139.76
 20
-5.002
 10
139.763369
 20
-5.008523
 10
141.032
 20
-5.01
 10
141.038523
 20
-5.006631
 10
141.039999
 20
-4.558
 10
141.036631
 20
-4.551477
 10
139.768
 20
-4.55
 10
139.762342
 20
-4.552343
 10
139.76
 20
-4.558
 10
139.76
 20
-5.002
  0
LWPOLYLINE
  5
19E
330
17
100
AcDbEntity
  8
VISTA
100
AcDbPolyline
 90
5
 70
1
 10
137.757999
 20
-6.6999
 10
137.7619
 20
-6.7
 10
137.762001
 20
-6.2501
 10
137.758101
 20
-6.2501
 10
137.757999
 20
-6.6999
  0
LWPOLYLINE
  5
19F
330
17
100
AcDbEntity
  8
VISTA
100
AcDbPolyline
 90
5
 70
1
 10
138.237999
 20
-6.6999
 10
138.241899
 20
-6.7
 10
138.242001
 20
-6.2501
 10
138.2381
 20
-6.2501
 10
138.237999
 20
-6.6999
  0
LWPOLYLINE
  5
1A0
330
17
100
AcDbEntity
  8
VISTA
100
AcDbPolyline
 90
5
 70
1
 10
140.446001
 20
-1.49
 10
140.446001
 20
-1.35
 10
140.434
 20
-1.35
 10
140.434
 20
-1.49
 10
140.446001
 20
-1.49
  0
LWPOLYLINE
  5
1A1
330
17
100
AcDbEntity
  8
VISTA
100
AcDbPolyline
 90
13
 70
1
 10
136.880001
 20
-6.694
 10
136.881758
 20
-6.698242
 10
136.886
 20
-6.7
 10
137.294001
 20
-6.7
 10
137.298243
 20
-6.698242
 10
137.299999
 20
-6.694
 10
137.299999
 20
-6.286
 10
137.298243
 20
-6.281757
 10
137.294001
 20
-6.28
 10
136.886
 20
-6.28
 10
136.881758
 20
-6.281757
 10
136.880001
 20
-6.286
 10
136.880001
 20
-6.694
  0
LWPOLYLINE
  5
1A2
330
17
100
AcDbEntity
  8
VISTA
100
AcDbPolyline
 90
13
 70
1
 10
134.34
 20
-6.693999
 10
134.341758
 20
-6.698242
 10
134.346
 20
-6.7
 10
134.754001
 20
-6.7
 10
134.758243
 20
-6.698242
 10
134.76
 20
-6.693999
 10
134.76
 20
-6.286
 10
134.758243
 20
-6.281757
 10
134.754001
 20
-6.28
 10
134.346
 20
-6.28
 10
134.341758
 20
-6.281757
 10
134.34
 20
-6.286
 10
134.34
 20
-6.693999
  0
LWPOLYLINE
  5
1A3
330
17
100
AcDbEntity
  8
VISTA
100
AcDbPolyline
 90
49
 70
1
 10
140.480209
 20
-6.595468
 10
140.466166
 20
-6.636786
 10
140.457787
 20
-6.691659
 10
140.45499999999998
 20
-6.82
 10
140.457787
 20
-6.948341
 10
140.466166
 20
-7.003214
 10
140.480209
 20
-7.044532
 10
140.500042
 20
-7.078028
 10
140.525881
 20
-7.105834
 10
140.558069
 20
-7.128983
 10
140.597172
 20
-7.148038
 10
140.644142
 20
-7.163335
 10
140.700724
 20
-7.175076
 10
140.770515
 20
-7.18339
 10
140.863209
 20
-7.188351
 10
141.07999999999998
 20
-7.19
 10
141.29679099999998
 20
-7.188351
 10
141.389484
 20
-7.18339
 10
141.459276
 20
-7.175076
 10
141.515858
 20
-7.163335
 10
141.562828
 20
-7.148038
 10
141.601931
 20
-7.128983
 10
141.634119
 20
-7.105834
 10
141.659958
 20
-7.078028
 10
141.67979
 20
-7.044532
 10
141.693834
 20
-7.003214
 10
141.702213
 20
-6.948341
 10
141.70499999999998
 20
-6.82
 10
141.702213
 20
-6.691659
 10
141.693834
 20
-6.636786
 10
141.67979
 20
-6.595468
 10
141.659958
 20
-6.561973
 10
141.634119
 20
-6.534166
 10
141.601931
 20
-6.511017
 10
141.562828
 20
-6.491962
 10
141.515858
 20
-6.476665
 10
141.459276
 20
-6.464924
 10
141.389484
 20
-6.45661
 10
141.29679099999998
 20
-6.451649
 10
141.07999999999998
 20
-6.45
 10
140.863209
 20
-6.451649
 10
140.770515
 20
-6.45661
 10
140.700724
 20
-6.464924
 10
140.644142
 20
-6.476665
 10
140.597172
 20
-6.491962
 10
140.558069
 20
-6.511017
 10
140.525881
 20
-6.534166
 10
140.500042
 20
-6.561973
 10
140.480209
 20
-6.595468
  0
LWPOLYLINE
  5
1A4
330
17
100
AcDbEntity
  8
VISTA
100
AcDbPolyline
 90
4
 70
1
 10
141.2388428054642
 20
-6.550110372293472
 10
141.23884280543194
 20
-6.550110372348269
 10
141.23884280544698
 20
-6.550110372322738
 10
141.2388428054642
 20
-6.550110372293472
  0
LWPOLYLINE
  5
1A5
330
17
100
AcDbEntity
  8
VISTA
100
AcDbPolyline
 90
4
 70
1
 10
140.60042746151365
 20
-6.918918846257867
 10
140.600427461491
 20
-6.9189188462625415
 10
140.6004274614956
 20
-6.91891884626159
 10
140.60042746151365
 20
-6.918918846257867
  0
LWPOLYLINE
  5
1A6
330
17
100
AcDbEntity
  8
VISTA
100
AcDbPolyline
 90
4
 70
1
 10
137.764999
 20
-6.6799
 10
137.764999
 20
-6.2701
 10
137.764
 20
-6.2701
 10
137.764999
 20
-6.6799
  0
LWPOLYLINE
  5
1A7
330
17
100
AcDbEntity
  8
VISTA
100
AcDbPolyline
 90
4
 70
1
 10
138.236
 20
-6.6799
 10
138.236
 20
-6.2701
 10
138.235001
 20
-6.2701
 10
138.236
 20
-6.6799
  0
LWPOLYLINE
  5
1A8
330
17
100
AcDbEntity
  8
VISTA
100
AcDbPolyline
 90
25
 70
1
 10
137.09
 20
-6.42
 10
137.071882
 20
-6.422385
 10
137.055
 20
-6.429378
 10
137.040503
 20
-6.440502
 10
137.029379
 20
-6.455
 10
137.02238499999999
 20
-6.471882
 10
137.02
 20
-6.49
 10
137.02238499999999
 20
-6.508117
 10
137.029379
 20
-6.525
 10
137.040503
 20
-6.539497
 10
137.055
 20
-6.550622
 10
137.071882
 20
-6.557615
 10
137.09
 20
-6.56
 10
137.108118
 20
-6.557615
 10
137.125
 20
-6.550622
 10
137.139498
 20
-6.539497
 10
137.150621
 20
-6.525
 10
137.157616
 20
-6.508117
 10
137.16
 20
-6.49
 10
137.157616
 20
-6.471882
 10
137.150621
 20
-6.455
 10
137.139498
 20
-6.440502
 10
137.125
 20
-6.429378
 10
137.108118
 20
-6.422385
 10
137.09
 20
-6.42
  0
LWPOLYLINE
  5
1A9
330
17
100
AcDbEntity
  8
VISTA
100
AcDbPolyline
 90
25
 70
1
 10
134.55
 20
-6.42
 10
134.531883
 20
-6.422385
 10
134.515
 20
-6.429378
 10
134.500503
 20
-6.440502
 10
134.489378
 20
-6.455
 10
134.482386
 20
-6.471882
 10
134.48
 20
-6.49
 10
134.482386
 20
-6.508117
 10
134.489378
 20
-6.525
 10
134.500503
 20
-6.539497
 10
134.515
 20
-6.550622
 10
134.531883
 20
-6.557615
 10
134.55
 20
-6.56
 10
134.568117
 20
-6.557615
 10
134.585
 20
-6.550622
 10
134.599498
 20
-6.539497
 10
134.610622
 20
-6.525
 10
134.617615
 20
-6.508117
 10
134.62
 20
-6.49
 10
134.617615
 20
-6.471882
 10
134.610622
 20
-6.455
 10
134.599498
 20
-6.440502
 10
134.585
 20
-6.429378
 10
134.568117
 20
-6.422385
 10
134.55
 20
-6.42
  0
LWPOLYLINE
  5
1AA
330
17
100
AcDbEntity
  8
VISTA
100
AcDbPolyline
 90
5
 70
1
 10
137.762001
 20
-6.6999
 10
137.763901
 20
-6.699971
 10
137.764
 20
-6.2501
 10
137.7621
 20
-6.2501
 10
137.762001
 20
-6.6999
  0
LWPOLYLINE
  5
1AB
330
17
100
AcDbEntity
  8
VISTA
100
AcDbPolyline
 90
5
 70
1
 10
137.757999
 20
-6.6999
 10
137.7619
 20
-6.7
 10
137.762001
 20
-6.2501
 10
137.758101
 20
-6.2501
 10
137.757999
 20
-6.6999
  0
LWPOLYLINE
  5
1AC
330
17
100
AcDbEntity
  8
VISTA
100
AcDbPolyline
 90
5
 70
1
 10
138.236
 20
-6.6999
 10
138.2379
 20
-6.699971
 10
138.237999
 20
-6.2501
 10
138.236099
 20
-6.2501
 10
138.236
 20
-6.6999
  0
LWPOLYLINE
  5
1AD
330
17
100
AcDbEntity
  8
VISTA
100
AcDbPolyline
 90
5
 70
1
 10
138.237999
 20
-6.6999
 10
138.241899
 20
-6.7
 10
138.242001
 20
-6.2501
 10
138.2381
 20
-6.2501
 10
138.237999
 20
-6.6999
  0
LWPOLYLINE
  5
1AE
330
17
100
AcDbEntity
  8
VISTA
100
AcDbPolyline
 90
5
 70
1
 10
133.9225
 20
-8.4369
 10
134.0475
 20
-8.4369
 10
134.0475
 20
-6.6631
 10
133.9225
 20
-6.6631
 10
133.9225
 20
-8.4369
  0
LWPOLYLINE
  5
1AF
330
17
100
AcDbEntity
  8
VISTA
100
AcDbPolyline
 90
5
 70
1
 10
137.752001
 20
-6.6999
 10
137.75390099999998
 20
-6.699971
 10
137.754
 20
-6.2501
 10
137.75209999999998
 20
-6.2501
 10
137.752001
 20
-6.6999
  0
LWPOLYLINE
  5
1B0
330
17
100
AcDbEntity
  8
VISTA
100
AcDbPolyline
 90
5
 70
1
 10
137.754
 20
-6.6999
 10
137.762899
 20
-6.7
 10
137.762999
 20
-6.2501
 10
137.754099
 20
-6.2501
 10
137.754
 20
-6.6999
  0
LWPOLYLINE
  5
1B1
330
17
100
AcDbEntity
  8
VISTA
100
AcDbPolyline
 90
5
 70
1
 10
138.246
 20
-6.6999
 10
138.24790000000002
 20
-6.699971
 10
138.247999
 20
-6.2501
 10
138.24609900000002
 20
-6.2501
 10
138.246
 20
-6.6999
  0
LWPOLYLINE
  5
1B2
330
17
100
AcDbEntity
  8
VISTA
100
AcDbPolyline
 90
5
 70
1
 10
138.237001
 20
-6.6999
 10
138.245901
 20
-6.7
 10
138.246
 20
-6.2501
 10
138.237101
 20
-6.2501
 10
138.237001
 20
-6.6999
  0
LWPOLYLINE
  5
1B3
330
17
100
AcDbEntity
  8
VISTA
100
AcDbPolyline
 90
5
 70
1
 10
140.878706
 20
-1.782207
 10
140.878706
 20
-1.317793
 10
140.469294
 20
-1.317793
 10
140.469294
 20
-1.782207
 10
140.878706
 20
-1.782207
  0
LWPOLYLINE
  5
1B4
330
17
100
AcDbEntity
  8
VISTA
100
AcDbPolyline
 90
9
 70
1
 10
140.4475
 20
-1.795
 10
140.466501
 20
-1.795
 10
140.469501
 20
-1.792
 10
140.469501
 20
-1.308
 10
140.466501
 20
-1.305
 10
140.4475
 20
-1.305
 10
140.4445
 20
-1.308
 10
140.4445
 20
-1.792
 10
140.4475
 20
-1.795
  0
LWPOLYLINE
  5
1B5
330
17
100
AcDbEntity
  8
VISTA
100
AcDbPolyline
 90
13
 70
1
 10
133.913
 20
-8.430901
 10
133.914758
 20
-8.435143
 10
133.919001
 20
-8.4369
 10
134.087
 20
-8.4369
 10
134.091243
 20
-8.435143
 10
134.093
 20
-8.430901
 10
134.093
 20
-6.6691
 10
134.091243
 20
-6.664857
 10
134.087
 20
-6.6631
 10
133.919001
 20
-6.6631
 10
133.914758
 20
-6.664857
 10
133.913
 20
-6.6691
 10
133.913
 20
-8.430901
  0
LWPOLYLINE
  5
1B6
330
17
100
AcDbEntity
  8
VISTA
100
AcDbPolyline
 90
4
 70
1
 10
133.921499
 20
-8.4369
 10
133.9225
 20
-8.4369
 10
133.9225
 20
-6.6631
 10
133.921499
 20
-8.4369
  0
LWPOLYLINE
  5
1B7
330
17
100
AcDbEntity
  8
VISTA
100
AcDbPolyline
 90
4
 70
1
 10
134.0475
 20
-8.4369
 10
134.0485
 20
-8.4369
 10
134.0485
 20
-6.6631
 10
134.0475
 20
-8.4369
  0
LWPOLYLINE
  5
1B8
330
17
100
AcDbEntity
  8
VISTA
100
AcDbPolyline
 90
5
 70
1
 10
137.746
 20
-6.6999
 10
137.74790000000002
 20
-6.699971
 10
137.747999
 20
-6.2501
 10
137.74609900000002
 20
-6.2501
 10
137.746
 20
-6.6999
  0
LWPOLYLINE
  5
1B9
330
17
100
AcDbEntity
  8
VISTA
100
AcDbPolyline
 90
5
 70
1
 10
137.748001
 20
-6.6999
 10
137.7579
 20
-6.7
 10
137.757999
 20
-6.2501
 10
137.7481
 20
-6.2501
 10
137.748001
 20
-6.6999
  0
LWPOLYLINE
  5
1BA
330
17
100
AcDbEntity
  8
VISTA
100
AcDbPolyline
 90
5
 70
1
 10
138.252001
 20
-6.6999
 10
138.25390099999998
 20
-6.699971
 10
138.254
 20
-6.2501
 10
138.25209999999998
 20
-6.2501
 10
138.252001
 20
-6.6999
  0
LWPOLYLINE
  5
1BB
330
17
100
AcDbEntity
  8
VISTA
100
AcDbPolyline
 90
5
 70
1
 10
138.242001
 20
-6.6999
 10
138.2519
 20
-6.7
 10
138.251999
 20
-6.2501
 10
138.2421
 20
-6.2501
 10
138.242001
 20
-6.6999
  0
LWPOLYLINE
  5
1BC
330
17
100
AcDbEntity
  8
VISTA
100
AcDbPolyline
 90
5
 70
1
 10
137.743
 20
-6.6799
 10
137.745899
 20
-6.679971
 10
137.745998
 20
-6.2701
 10
137.743099
 20
-6.2701
 10
137.743
 20
-6.6799
  0
LWPOLYLINE
  5
1BD
330
17
100
AcDbEntity
  8
VISTA
100
AcDbPolyline
 90
5
 70
1
 10
138.254
 20
-6.6799
 10
138.266899
 20
-6.68
 10
138.267
 20
-6.2701
 10
138.254101
 20
-6.2701
 10
138.254
 20
-6.6799
  0
LWPOLYLINE
  5
1BE
330
17
100
AcDbEntity
  8
VISTA
100
AcDbPolyline
 90
8
 70
1
 10
133.006001
 20
-12.9783
 10
133.007701
 20
-12.98
 10
133.0323
 20
-12.98
 10
133.034
 20
-12.9783
 10
133.034
 20
-5.001699
 10
133.0323
 20
-5.0
 10
133.006717
 20
-5.000314
 10
133.006001
 20
-12.9783
  0
LWPOLYLINE
  5
1BF
330
17
100
AcDbEntity
  8
VISTA
100
AcDbPolyline
 90
8
 70
1
 10
141.9783
 20
-12.993999
 10
141.98
 20
-12.9923
 10
141.98
 20
-12.9677
 10
141.9783
 20
-12.966
 10
133.0217
 20
-12.966
 10
133.02
 20
-12.967699
 10
133.020313
 20
-12.993283
 10
141.9783
 20
-12.993999
  0
LWPOLYLINE
  5
1C0
330
17
100
AcDbEntity
  8
VISTA
100
AcDbPolyline
 90
5
 70
1
 10
141.074999
 20
-10.533999
 10
141.07399900000001
 20
-10.105
 10
141.066999
 20
-10.106
 10
141.067293
 20
-10.534707
 10
141.074999
 20
-10.533999
  0
LWPOLYLINE
  5
1C1
330
17
100
AcDbEntity
  8
VISTA
100
AcDbPolyline
 90
5
 70
1
 10
133.9785
 20
-8.39745
 10
133.9915
 20
-8.39745
 10
133.9915
 20
-6.70255
 10
133.9785
 20
-6.70255
 10
133.9785
 20
-8.39745
  0
LWPOLYLINE
  5
1C2
330
17
100
AcDbEntity
  8
VISTA
100
AcDbPolyline
 90
5
 70
1
 10
133.9655
 20
-8.400001
 10
133.9675
 20
-8.400001
 10
133.9675
 20
-6.7
 10
133.9655
 20
-6.7
 10
133.9655
 20
-8.400001
  0
LWPOLYLINE
  5
1C3
330
17
100
AcDbEntity
  8
VISTA
100
AcDbPolyline
 90
5
 70
1
 10
133.976501
 20
-8.400001
 10
133.9785
 20
-8.400001
 10
133.9785
 20
-6.7
 10
133.976501
 20
-6.7
 10
133.976501
 20
-8.400001
  0
LWPOLYLINE
  5
1C4
330
17
100
AcDbEntity
  8
VISTA
100
AcDbPolyline
 90
39
 70
1
 10
135.083681
 20
-8.018452
 10
135.147346
 20
-8.057438
 10
135.233294
 20
-8.084354
 10
135.360333
 20
-8.100177
 10
135.820001
 20
-8.1054
 10
136.279667
 20
-8.100177
 10
136.40670599999999
 20
-8.084354
 10
136.492653
 20
-8.057438
 10
136.556318
 20
-8.018452
 10
136.604319
 20
-7.965608
 10
136.639734
 20
-7.895518
 10
136.664183
 20
-7.8009
 10
136.678555
 20
-7.661044
 10
136.6833
 20
-7.155
 10
135.820002
 20
-7.155
 10
136.6833
 20
-7.154998
 10
136.678555
 20
-6.648957
 10
136.664183
 20
-6.5091
 10
136.639734
 20
-6.414482
 10
136.604319
 20
-6.344393
 10
136.556318
 20
-6.291549
 10
136.492653
 20
-6.252562
 10
136.40670599999999
 20
-6.225646
 10
136.279667
 20
-6.209824
 10
135.819998
 20
-6.2046
 10
135.360333
 20
-6.209824
 10
135.233294
 20
-6.225646
 10
135.147346
 20
-6.252562
 10
135.083681
 20
-6.291549
 10
135.03568
 20
-6.344393
 10
135.000266
 20
-6.414482
 10
134.975817
 20
-6.5091
 10
134.961445
 20
-6.648957
 10
134.95669900000001
 20
-7.155002
 10
134.961445
 20
-7.661044
 10
134.975817
 20
-7.8009
 10
135.000266
 20
-7.895518
 10
135.03568
 20
-7.965608
 10
135.083681
 20
-8.018452
  0
LWPOLYLINE
  5
1C5
330
17
100
AcDbEntity
  8
VISTA
100
AcDbPolyline
 90
4
 70
1
 10
135.82
 20
-7.155
 10
135.820002
 20
-7.154999999995326
 10
135.820002
 20
-7.155
 10
135.82
 20
-7.155
  0
LWPOLYLINE
  5
1C6
330
17
100
AcDbEntity
  8
VISTA
100
AcDbPolyline
 90
4
 70
1
 10
135.06671937107348
 20
-7.984281525488042
 10
135.06671937107348
 20
-7.984281525488041
 10
135.06671937107348
 20
-7.98428152548804
 10
135.06671937107348
 20
-7.984281525488042
  0
LWPOLYLINE
  5
1C7
330
17
100
AcDbEntity
  8
VISTA
100
AcDbPolyline
 90
4
 70
1
 10
136.21188158998447
 20
-6.663848338090206
 10
136.21188158998447
 20
-6.663848338090208
 10
136.21188158998447
 20
-6.6638483380902045
 10
136.21188158998447
 20
-6.663848338090206
  0
LWPOLYLINE
  5
1C8
330
17
100
AcDbEntity
  8
VISTA
100
AcDbPolyline
 90
4
 70
1
 10
135.81999686301927
 20
-7.155004208597676
 10
135.81999686301927
 20
-7.155004208597679
 10
135.81999686301927
 20
-7.155004208597678
 10
135.81999686301927
 20
-7.155004208597676
  0
LWPOLYLINE
  5
1C9
330
17
100
AcDbEntity
  8
VISTA
100
AcDbPolyline
 90
4
 70
1
 10
135.8199982443598
 20
-7.1550027809640895
 10
135.8199982443598
 20
-7.155002780964086
 10
135.8199982443598
 20
-7.155002780964087
 10
135.8199982443598
 20
-7.1550027809640895
  0
LWPOLYLINE
  5
1CA
330
17
100
AcDbEntity
  8
VISTA
100
AcDbPolyline
 90
4
 70
1
 10
135.81999305424858
 20
-7.155008145012245
 10
135.81999305424856
 20
-7.1550081450122525
 10
135.81999305424858
 20
-7.15500814501225
 10
135.81999305424858
 20
-7.155008145012245
  0
LWPOLYLINE
  5
1CB
330
17
100
AcDbEntity
  8
VISTA
100
AcDbPolyline
 90
5
 70
1
 10
133.9915
 20
-8.39745
 10
133.9935
 20
-8.39745
 10
133.9935
 20
-6.70255
 10
133.9915
 20
-6.70255
 10
133.9915
 20
-8.39745
  0
LWPOLYLINE
  5
1CC
330
17
100
AcDbEntity
  8
VISTA
100
AcDbPolyline
 90
5
 70
1
 10
134.002501
 20
-8.39745
 10
134.0045
 20
-8.39745
 10
134.0045
 20
-6.70255
 10
134.002501
 20
-6.70255
 10
134.002501
 20
-8.39745
  0
LWPOLYLINE
  5
1CD
330
17
100
AcDbEntity
  8
VISTA
100
AcDbPolyline
 90
6
 70
1
 10
141.087
 20
-11.443
 10
141.087
 20
-11.037
 10
141.084999
 20
-11.035
 10
141.082998
 20
-11.037
 10
141.083586
 20
-11.444414
 10
141.087
 20
-11.443
  0
LWPOLYLINE
  5
1CE
330
17
100
AcDbEntity
  8
VISTA
100
AcDbPolyline
 90
14
 70
1
 10
137.860001
 20
-1.79187
 10
137.860001
 20
-4.20813
 10
137.861994
 20
-4.21
 10
138.538008
 20
-4.21
 10
138.540001
 20
-4.20813
 10
138.540001
 20
-3.449357
 10
138.181002
 20
-3.448414
 10
138.178587
 20
-3.446
 10
138.178587
 20
-2.554
 10
138.181002
 20
-2.551586
 10
138.540001
 20
-2.550643
 10
138.540001
 20
-1.79187
 10
138.538008
 20
-1.79
 10
137.860001
 20
-1.79187
  0
LWPOLYLINE
  5
1CF
330
17
100
AcDbEntity
  8
VISTA
100
AcDbPolyline
 90
8
 70
1
 10
141.108002
 20
-11.575
 10
141.111
 20
-11.572
 10
141.111
 20
-10.908
 10
141.108002
 20
-10.905
 10
141.09
 20
-10.905
 10
141.08700199999998
 20
-10.908
 10
141.087879
 20
-11.574121
 10
141.108002
 20
-11.575
  0
LWPOLYLINE
  5
1D0
330
17
100
AcDbEntity
  8
VISTA
100
AcDbPolyline
 90
35
 70
1
 10
140.543247
 20
-2.494937
 10
140.574959
 20
-2.499449
 10
140.681046
 20
-2.504396
 10
140.91
 20
-2.505001
 10
140.91
 20
-2.494452
 10
140.910002
 20
-2.505001
 10
141.138954
 20
-2.504396
 10
141.20223
 20
-2.502565
 10
141.276752
 20
-2.494937
 10
141.300661
 20
-2.488821
 10
141.3183
 20
-2.480709
 10
141.330479
 20
-2.469758
 10
141.337637
 20
-2.453571
 10
141.34
 20
-2.395
 10
141.337637
 20
-2.336431
 10
141.330479
 20
-2.320244
 10
141.3183
 20
-2.309293
 10
141.300661
 20
-2.30118
 10
141.276752
 20
-2.295064
 10
141.24504100000001
 20
-2.290552
 10
141.20223
 20
-2.287436
 10
141.138954
 20
-2.285605
 10
140.681046
 20
-2.285605
 10
140.617769
 20
-2.287436
 10
140.543247
 20
-2.295064
 10
140.519339
 20
-2.30118
 10
140.501699
 20
-2.309293
 10
140.489521
 20
-2.320244
 10
140.482363
 20
-2.336431
 10
140.48
 20
-2.395001
 10
140.482363
 20
-2.453571
 10
140.489521
 20
-2.469758
 10
140.501699
 20
-2.480709
 10
140.519339
 20
-2.488821
 10
140.543247
 20
-2.494937
  0
LWPOLYLINE
  5
1D1
330
17
100
AcDbEntity
  8
VISTA
100
AcDbPolyline
 90
35
 70
1
 10
140.543247
 20
-4.004938
 10
140.574959
 20
-4.00945
 10
140.681046
 20
-4.014396
 10
140.91
 20
-4.015001
 10
140.91
 20
-4.004452
 10
140.910002
 20
-4.015001
 10
141.138954
 20
-4.014396
 10
141.20223
 20
-4.012565
 10
141.276752
 20
-4.004937
 10
141.300661
 20
-3.998821
 10
141.3183
 20
-3.990709
 10
141.330479
 20
-3.979758
 10
141.337637
 20
-3.963571
 10
141.34
 20
-3.905001
 10
141.337637
 20
-3.846431
 10
141.330479
 20
-3.830244
 10
141.3183
 20
-3.819293
 10
141.300661
 20
-3.811181
 10
141.276752
 20
-3.805064
 10
141.24504100000001
 20
-3.800552
 10
141.20223
 20
-3.797437
 10
141.138954
 20
-3.795605
 10
140.681046
 20
-3.795605
 10
140.617769
 20
-3.797437
 10
140.543247
 20
-3.805064
 10
140.519339
 20
-3.811181
 10
140.501699
 20
-3.819293
 10
140.489521
 20
-3.830244
 10
140.482363
 20
-3.846431
 10
140.48
 20
-3.905001
 10
140.482363
 20
-3.963571
 10
140.489521
 20
-3.979758
 10
140.501699
 20
-3.990709
 10
140.519339
 20
-3.998821
 10
140.543247
 20
-4.004938
  0
LWPOLYLINE
  5
1D2
330
17
100
AcDbEntity
  8
VISTA
100
AcDbPolyline
 90
4
 70
1
 10
140.51421624482404
 20
-3.9939336987269414
 10
140.51421624482404
 20
-3.993933698726943
 10
140.51421624482404
 20
-3.9939336987269423
 10
140.51421624482404
 20
-3.9939336987269414
  0
LWPOLYLINE
  5
1D3
330
17
100
AcDbEntity
  8
VISTA
100
AcDbPolyline
 90
4
 70
1
 10
140.6993397751569
 20
-3.9588911054661753
 10
140.6993397751569
 20
-3.9588911054661757
 10
140.6993397751569
 20
-3.958891105466176
 10
140.6993397751569
 20
-3.9588911054661753
  0
LWPOLYLINE
  5
1D4
330
17
100
AcDbEntity
  8
VISTA
100
AcDbPolyline
 90
4
 70
1
 10
140.64984064869415
 20
-3.796722218098133
 10
140.64984064869412
 20
-3.7967222180981333
 10
140.64984064869415
 20
-3.7967222180981324
 10
140.64984064869415
 20
-3.796722218098133
  0
LWPOLYLINE
  5
1D5
330
17
100
AcDbEntity
  8
VISTA
100
AcDbPolyline
 90
4
 70
1
 10
141.29979710271454
 20
-3.9925895010841357
 10
141.29979710271454
 20
-3.992589501084136
 10
141.29979710271454
 20
-3.9925895010841366
 10
141.29979710271454
 20
-3.9925895010841357
  0
LWPOLYLINE
  5
1D6
330
17
100
AcDbEntity
  8
VISTA
100
AcDbPolyline
 90
35
 70
1
 10
134.79118
 20
-9.930661
 10
134.799293
 20
-9.9483
 10
134.810244
 20
-9.960478
 10
134.82643
 20
-9.967637
 10
134.885
 20
-9.97
 10
134.94357
 20
-9.967637
 10
134.959757
 20
-9.960478
 10
134.970708
 20
-9.9483
 10
134.978821
 20
-9.930661
 10
134.984937
 20
-9.906753
 10
134.992564
 20
-9.832232
 10
134.994395
 20
-9.768954
 10
134.995
 20
-9.54
 10
134.885
 20
-9.54
 10
134.995
 20
-9.539999
 10
134.994395
 20
-9.311046
 10
134.98945
 20
-9.204959
 10
134.984937
 20
-9.173247
 10
134.978821
 20
-9.149339
 10
134.970708
 20
-9.1317
 10
134.959757
 20
-9.119522
 10
134.94357
 20
-9.112363
 10
134.885
 20
-9.11
 10
134.82643
 20
-9.112363
 10
134.810244
 20
-9.119522
 10
134.799293
 20
-9.1317
 10
134.79118
 20
-9.149339
 10
134.785064
 20
-9.173247
 10
134.777436
 20
-9.247768
 10
134.775605
 20
-9.311046
 10
134.775001
 20
-9.540001
 10
134.775605
 20
-9.768954
 10
134.777436
 20
-9.832232
 10
134.785064
 20
-9.906753
 10
134.79118
 20
-9.930661
  0
LWPOLYLINE
  5
1D7
330
17
100
AcDbEntity
  8
VISTA
100
AcDbPolyline
 90
35
 70
1
 10
136.22118
 20
-9.930661
 10
136.229292
 20
-9.9483
 10
136.240244
 20
-9.960478
 10
136.256432
 20
-9.967637
 10
136.315001
 20
-9.97
 10
136.373569
 20
-9.967637
 10
136.389757
 20
-9.960478
 10
136.400709
 20
-9.9483
 10
136.408821
 20
-9.930661
 10
136.414938
 20
-9.906753
 10
136.422565
 20
-9.832232
 10
136.424397
 20
-9.768954
 10
136.425001
 20
-9.54
 10
136.315001
 20
-9.54
 10
136.425001
 20
-9.539999
 10
136.424397
 20
-9.311046
 10
136.419449
 20
-9.204959
 10
136.414938
 20
-9.173247
 10
136.408821
 20
-9.149339
 10
136.400709
 20
-9.1317
 10
136.389757
 20
-9.119522
 10
136.373569
 20
-9.112363
 10
136.315001
 20
-9.11
 10
136.256432
 20
-9.112363
 10
136.240244
 20
-9.119522
 10
136.229292
 20
-9.1317
 10
136.22118
 20
-9.149339
 10
136.215063
 20
-9.173247
 10
136.207436
 20
-9.247768
 10
136.205605
 20
-9.311046
 10
136.20499999999998
 20
-9.540001
 10
136.205605
 20
-9.768954
 10
136.207436
 20
-9.832232
 10
136.215063
 20
-9.906753
 10
136.22118
 20
-9.930661
  0
LWPOLYLINE
  5
1D8
330
17
100
AcDbEntity
  8
VISTA
100
AcDbPolyline
 90
4
 70
1
 10
136.31500148283578
 20
-9.539997989483895
 10
136.31500148283578
 20
-9.539997989483888
 10
136.315001
 20
-9.54
 10
136.31500148283578
 20
-9.539997989483895
  0
LWPOLYLINE
  5
1D9
330
17
100
AcDbEntity
  8
VISTA
100
AcDbPolyline
 90
4
 70
1
 10
136.39449018267547
 20
-9.950553186197514
 10
136.39449018267547
 20
-9.95055318619751
 10
136.39449018267547
 20
-9.950553186197512
 10
136.39449018267547
 20
-9.950553186197514
  0
LWPOLYLINE
  5
1DA
330
17
100
AcDbEntity
  8
VISTA
100
AcDbPolyline
 90
4
 70
1
 10
136.40053496643867
 20
-9.920658356558608
 10
136.40053496643867
 20
-9.92065835655861
 10
136.40053496643867
 20
-9.920658356558608
 10
136.40053496643867
 20
-9.920658356558608
  0
LWPOLYLINE
  5
1DB
330
17
100
AcDbEntity
  8
VISTA
100
AcDbPolyline
 90
12
 70
1
 10
133.923671
 20
-8.480828
 10
133.926499
 20
-8.482
 10
134.0435
 20
-8.482
 10
134.04632900000001
 20
-8.480828
 10
134.0475
 20
-8.478001
 10
134.0475
 20
-6.622
 10
134.04632900000001
 20
-6.619172
 10
134.0435
 20
-6.618
 10
133.926499
 20
-6.618
 10
133.923671
 20
-6.619172
 10
133.9225
 20
-6.622
 10
133.923671
 20
-8.480828
  0
LWPOLYLINE
  5
1DC
330
17
100
AcDbEntity
  8
VISTA
100
AcDbPolyline
 90
4
 70
1
 10
133.924191
 20
-8.480309
 10
133.924705
 20
-8.480528
 10
133.923972
 20
-8.480528
 10
133.924191
 20
-8.480309
  0
LWPOLYLINE
  5
1DD
330
17
100
AcDbEntity
  8
VISTA
100
AcDbPolyline
 90
4
 70
1
 10
133.924191
 20
-6.619691
 10
133.923972
 20
-6.620205
 10
133.923972
 20
-6.619473
 10
133.924191
 20
-6.619691
  0
LWPOLYLINE
  5
1DE
330
17
100
AcDbEntity
  8
VISTA
100
AcDbPolyline
 90
4
 70
1
 10
134.045809
 20
-6.619691
 10
134.045295
 20
-6.619473
 10
134.046027
 20
-6.619473
 10
134.045809
 20
-6.619691
  0
LWPOLYLINE
  5
1DF
330
17
100
AcDbEntity
  8
VISTA
100
AcDbPolyline
 90
4
 70
1
 10
134.046027
 20
-8.480528
 10
134.045295
 20
-8.480528
 10
134.045809
 20
-8.480309
 10
134.046027
 20
-8.480528
  0
LWPOLYLINE
  5
1E0
330
17
100
AcDbEntity
  8
VISTA
100
AcDbPolyline
 90
5
 70
1
 10
141.072001
 20
-10.561999
 10
141.071001
 20
-10.077
 10
141.064001
 20
-10.078
 10
141.064293
 20
-10.562707
 10
141.072001
 20
-10.561999
  0
LWPOLYLINE
  5
1E1
330
17
100
AcDbEntity
  8
VISTA
100
AcDbPolyline
 90
5
 70
1
 10
141.109999
 20
-11.5745
 10
141.1145
 20
-11.575
 10
141.115
 20
-10.905499
 10
141.110498
 20
-10.905147
 10
141.109999
 20
-11.5745
  0
LWPOLYLINE
  5
1E2
330
17
100
AcDbEntity
  8
VISTA
100
AcDbPolyline
 90
5
 70
1
 10
140.446001
 20
-1.49
 10
140.446001
 20
-1.35
 10
140.434
 20
-1.35
 10
140.434
 20
-1.49
 10
140.446001
 20
-1.49
  0
LWPOLYLINE
  5
1E3
330
17
100
AcDbEntity
  8
VISTA
100
AcDbPolyline
 90
5
 70
1
 10
140.084999
 20
-6.9
 10
140.084999
 20
-6.54
 10
140.077
 20
-6.54
 10
140.077536
 20
-6.9
 10
140.084999
 20
-6.9
  0
LWPOLYLINE
  5
1E4
330
17
100
AcDbEntity
  8
VISTA
100
AcDbPolyline
 90
6
 70
1
 10
137.766172
 20
-6.723828
 10
137.768999
 20
-6.725
 10
138.233828
 20
-6.723828
 10
138.233828
 20
-6.236172
 10
137.766172
 20
-6.236172
 10
137.766172
 20
-6.723828
  0
LWPOLYLINE
  5
1E5
330
17
100
AcDbEntity
  8
VISTA
100
AcDbPolyline
 90
4
 70
1
 10
137.766691
 20
-6.72331
 10
137.767206
 20
-6.723528
 10
137.766472
 20
-6.723528
 10
137.766691
 20
-6.72331
  0
LWPOLYLINE
  5
1E6
330
17
100
AcDbEntity
  8
VISTA
100
AcDbPolyline
 90
4
 70
1
 10
137.766691
 20
-6.236691
 10
137.766472
 20
-6.237206
 10
137.766472
 20
-6.236472
 10
137.766691
 20
-6.236691
  0
LWPOLYLINE
  5
1E7
330
17
100
AcDbEntity
  8
VISTA
100
AcDbPolyline
 90
4
 70
1
 10
138.233309
 20
-6.236691
 10
138.232794
 20
-6.236472
 10
138.233528
 20
-6.236472
 10
138.233309
 20
-6.236691
  0
LWPOLYLINE
  5
1E8
330
17
100
AcDbEntity
  8
VISTA
100
AcDbPolyline
 90
4
 70
1
 10
138.233528
 20
-6.723528
 10
138.232794
 20
-6.723528
 10
138.233309
 20
-6.72331
 10
138.233528
 20
-6.723528
  0
LWPOLYLINE
  5
1E9
330
17
100
AcDbEntity
  8
VISTA
100
AcDbPolyline
 90
5
 70
1
 10
140.878706
 20
-1.782207
 10
140.878706
 20
-1.317793
 10
140.469294
 20
-1.317793
 10
140.469294
 20
-1.782207
 10
140.878706
 20
-1.782207
  0
LWPOLYLINE
  5
1EA
330
17
100
AcDbEntity
  8
VISTA
100
AcDbPolyline
 90
9
 70
1
 10
140.4475
 20
-1.795
 10
140.466501
 20
-1.795
 10
140.469501
 20
-1.792
 10
140.469501
 20
-1.308
 10
140.466501
 20
-1.305
 10
140.4475
 20
-1.305
 10
140.4445
 20
-1.308
 10
140.4445
 20
-1.792
 10
140.4475
 20
-1.795
  0
LWPOLYLINE
  5
1EB
330
17
100
AcDbEntity
  8
VISTA
100
AcDbPolyline
 90
8
 70
1
 10
141.032499
 20
-10.5083
 10
141.034201
 20
-10.509999
 10
141.055799
 20
-10.509999
 10
141.057501
 20
-10.5083
 10
141.057501
 20
-10.1317
 10
141.055799
 20
-10.13
 10
141.033216
 20
-10.130314
 10
141.032499
 20
-10.5083
  0
LWPOLYLINE
  5
1EC
330
17
100
AcDbEntity
  8
VISTA
100
AcDbPolyline
 90
8
 70
1
 10
141.076
 20
-9.3183
 10
141.0777
 20
-9.32
 10
141.098299
 20
-9.32
 10
141.099998
 20
-9.3183
 10
141.099998
 20
-9.0217
 10
141.098299
 20
-9.02
 10
141.076715
 20
-9.020314
 10
141.076
 20
-9.3183
  0
LWPOLYLINE
  5
1ED
330
17
100
AcDbEntity
  8
VISTA
100
AcDbPolyline
 90
8
 70
1
 10
141.076
 20
-9.8883
 10
141.0777
 20
-9.889999
 10
141.098299
 20
-9.889999
 10
141.099998
 20
-9.8883
 10
141.099998
 20
-9.5917
 10
141.098299
 20
-9.59
 10
141.076715
 20
-9.590314
 10
141.076
 20
-9.8883
  0
LWPOLYLINE
  5
1EE
330
17
100
AcDbEntity
  8
VISTA
100
AcDbPolyline
 90
8
 70
1
 10
135.608001
 20
-11.5
 10
135.610001
 20
-11.498
 10
135.610001
 20
-11.488
 10
135.608001
 20
-11.486
 10
134.832001
 20
-11.486
 10
134.830001
 20
-11.488
 10
134.830586
 20
-11.499414
 10
135.608001
 20
-11.5
  0
LWPOLYLINE
  5
1EF
330
17
100
AcDbEntity
  8
VISTA
100
AcDbPolyline
 90
8
 70
1
 10
136.367998
 20
-11.519
 10
136.369999
 20
-11.517
 10
136.369999
 20
-11.507
 10
136.367998
 20
-11.505
 10
135.591999
 20
-11.505
 10
135.589999
 20
-11.507
 10
135.590585
 20
-11.518414
 10
136.367998
 20
-11.519
  0
LWPOLYLINE
  5
1F0
330
17
100
AcDbEntity
  8
VISTA
100
AcDbPolyline
 90
5
 70
1
 10
134.829201
 20
-11.484
 10
136.370941
 20
-11.4838
 10
136.3708
 20
-11.481999
 10
134.829201
 20
-11.482059
 10
134.829201
 20
-11.484
  0
LWPOLYLINE
  5
1F1
330
17
100
AcDbEntity
  8
VISTA
100
AcDbPolyline
 90
5
 70
1
 10
134.829201
 20
-11.504001
 10
136.370941
 20
-11.5038
 10
136.3708
 20
-11.502
 10
134.829201
 20
-11.502059
 10
134.829201
 20
-11.504001
  0
LWPOLYLINE
  5
1F2
330
17
100
AcDbEntity
  8
VISTA
100
AcDbPolyline
 90
5
 70
1
 10
134.829201
 20
-11.522
 10
136.370941
 20
-11.5218
 10
136.3708
 20
-11.52
 10
134.829201
 20
-11.520059
 10
134.829201
 20
-11.522
  0
LWPOLYLINE
  5
1F3
330
17
100
AcDbEntity
  8
VISTA
100
AcDbPolyline
 90
5
 70
1
 10
134.8294
 20
-11.54
 10
136.371
 20
-11.539599
 10
136.3706
 20
-11.481999
 10
134.8294
 20
-11.4824
 10
134.8294
 20
-11.54
  0
LWPOLYLINE
  5
1F4
330
17
100
AcDbEntity
  8
VISTA
100
AcDbPolyline
 90
5
 70
1
 10
141.679415
 20
-10.573414
 10
141.679415
 20
-10.066586
 10
141.091585
 20
-10.066586
 10
141.091585
 20
-10.573414
 10
141.679415
 20
-10.573414
  0
LWPOLYLINE
  5
1F5
330
17
100
AcDbEntity
  8
VISTA
100
AcDbPolyline
 90
5
 70
1
 10
141.071001
 20
-10.5735
 10
141.0725
 20
-10.573999
 10
141.073
 20
-10.0665
 10
141.071501
 20
-10.066146
 10
141.071001
 20
-10.5735
  0
LWPOLYLINE
  5
1F6
330
17
100
AcDbEntity
  8
VISTA
100
AcDbPolyline
 90
8
 70
1
 10
141.073
 20
-10.5783
 10
141.074701
 20
-10.58
 10
141.0893
 20
-10.58
 10
141.091002
 20
-10.5783
 10
141.091002
 20
-10.0617
 10
141.0893
 20
-10.059999
 10
141.073717
 20
-10.060313
 10
141.073
 20
-10.5783
  0
LWPOLYLINE
  5
1F7
330
17
100
AcDbEntity
  8
VISTA
100
AcDbPolyline
 90
12
 70
1
 10
134.8135
 20
-11.815
 10
136.386501
 20
-11.815
 10
136.388975
 20
-11.813974
 10
136.390001
 20
-11.8115
 10
136.390001
 20
-11.5085
 10
136.388975
 20
-11.506025
 10
136.386501
 20
-11.505
 10
134.8135
 20
-11.505
 10
134.811026
 20
-11.506025
 10
134.81
 20
-11.5085
 10
134.810646
 20
-11.813526
 10
134.8135
 20
-11.815
  0
LWPOLYLINE
  5
1F8
330
17
100
AcDbEntity
  8
VISTA
100
AcDbPolyline
 90
4
 70
1
 10
134.811747
 20
-11.813253
 10
134.811747
 20
-11.81397
 10
134.81103
 20
-11.813253
 10
134.811747
 20
-11.813253
  0
LWPOLYLINE
  5
1F9
330
17
100
AcDbEntity
  8
VISTA
100
AcDbPolyline
 90
4
 70
1
 10
134.811289
 20
-11.506289
 10
134.811747
 20
-11.50603
 10
134.811747
 20
-11.506746
 10
134.811289
 20
-11.506289
  0
LWPOLYLINE
  5
1FA
330
17
100
AcDbEntity
  8
VISTA
100
AcDbPolyline
 90
4
 70
1
 10
136.388969
 20
-11.506746
 10
136.388254
 20
-11.506746
 10
136.388254
 20
-11.50603
 10
136.388969
 20
-11.506746
  0
LWPOLYLINE
  5
1FB
330
17
100
AcDbEntity
  8
VISTA
100
AcDbPolyline
 90
4
 70
1
 10
136.388712
 20
-11.813711
 10
136.388254
 20
-11.81397
 10
136.388254
 20
-11.813253
 10
136.388712
 20
-11.813711
  0
LWPOLYLINE
  5
1FC
330
17
100
AcDbEntity
  8
VISTA
100
AcDbPolyline
 90
8
 70
1
 10
140.056999
 20
-7.056
 10
140.059999
 20
-7.053
 10
140.059999
 20
-6.387
 10
140.056999
 20
-6.384
 10
140.042999
 20
-6.384
 10
140.039999
 20
-6.387
 10
140.040878
 20
-7.055121
 10
140.056999
 20
-7.056
  0
LWPOLYLINE
  5
1FD
330
17
100
AcDbEntity
  8
VISTA
100
AcDbPolyline
 90
9
 70
1
 10
139.5235
 20
-7.07
 10
140.036501
 20
-7.07
 10
140.039354
 20
-7.068526
 10
140.040001
 20
-6.3735
 10
140.038527
 20
-6.370646
 10
139.5235
 20
-6.37
 10
139.520647
 20
-6.371473
 10
139.520647
 20
-7.068526
 10
139.5235
 20
-7.07
  0
LWPOLYLINE
  5
1FE
330
17
100
AcDbEntity
  8
VISTA
100
AcDbPolyline
 90
4
 70
1
 10
139.521748
 20
-7.068254
 10
139.521748
 20
-7.06897
 10
139.52103
 20
-7.068254
 10
139.521748
 20
-7.068254
  0
LWPOLYLINE
  5
1FF
330
17
100
AcDbEntity
  8
VISTA
100
AcDbPolyline
 90
4
 70
1
 10
139.521748
 20
-6.37103
 10
139.521748
 20
-6.371746
 10
139.52103
 20
-6.371746
 10
139.521748
 20
-6.37103
  0
LWPOLYLINE
  5
200
330
17
100
AcDbEntity
  8
VISTA
100
AcDbPolyline
 90
4
 70
1
 10
140.038971
 20
-7.068254
 10
140.038254
 20
-7.06897
 10
140.038254
 20
-7.068254
 10
140.038971
 20
-7.068254
  0
LWPOLYLINE
  5
201
330
17
100
AcDbEntity
  8
VISTA
100
AcDbPolyline
 90
4
 70
1
 10
140.038254
 20
-6.37103
 10
140.038971
 20
-6.371746
 10
140.038254
 20
-6.371746
 10
140.038254
 20
-6.37103
  0
LWPOLYLINE
  5
202
330
17
100
AcDbEntity
  8
VISTA
100
AcDbPolyline
 90
8
 70
1
 10
141.047001
 20
-9.488
 10
141.050001
 20
-9.485
 10
141.050001
 20
-9.474999
 10
141.047001
 20
-9.471999
 10
140.833
 20
-9.471999
 10
140.82999999999998
 20
-9.474999
 10
140.830879
 20
-9.487121
 10
141.047001
 20
-9.488
  0
LWPOLYLINE
  5
203
330
17
100
AcDbEntity
  8
VISTA
100
AcDbPolyline
 90
5
 70
1
 10
140.446001
 20
-1.49
 10
140.446001
 20
-1.35
 10
140.434
 20
-1.35
 10
140.434
 20
-1.49
 10
140.446001
 20
-1.49
  0
LWPOLYLINE
  5
204
330
17
100
AcDbEntity
  8
VISTA
100
AcDbPolyline
 90
5
 70
1
 10
141.114
 20
-6.58
 10
141.114
 20
-6.2
 10
141.086
 20
-6.2
 10
141.086
 20
-6.58
 10
141.114
 20
-6.58
  0
LWPOLYLINE
  5
205
330
17
100
AcDbEntity
  8
VISTA
100
AcDbPolyline
 90
10
 70
1
 10
137.296478
 20
-11.541631
 10
137.302999
 20
-11.544999
 10
138.201632
 20
-11.543523
 10
138.20499999999998
 20
-11.537
 10
138.203522
 20
-9.878369
 10
138.197001
 20
-9.875001
 10
137.302999
 20
-9.875001
 10
137.29734200000001
 20
-9.877343
 10
137.29500000000002
 20
-9.883
 10
137.296478
 20
-11.541631
  0
LWPOLYLINE
  5
206
330
17
100
AcDbEntity
  8
VISTA
100
AcDbPolyline
 90
5
 70
1
 10
140.878706
 20
-1.782207
 10
140.878706
 20
-1.317793
 10
140.469294
 20
-1.317793
 10
140.469294
 20
-1.782207
 10
140.878706
 20
-1.782207
  0
LWPOLYLINE
  5
207
330
17
100
AcDbEntity
  8
VISTA
100
AcDbPolyline
 90
9
 70
1
 10
140.4475
 20
-1.795
 10
140.466501
 20
-1.795
 10
140.469501
 20
-1.792
 10
140.469501
 20
-1.308
 10
140.466501
 20
-1.305
 10
140.4475
 20
-1.305
 10
140.4445
 20
-1.308
 10
140.4445
 20
-1.792
 10
140.4475
 20
-1.795
  0
LWPOLYLINE
  5
208
330
17
100
AcDbEntity
  8
VISTA
100
AcDbPolyline
 90
31
 70
1
 10
135.015472
 20
-6.793334
 10
135.019956
 20
-6.816333
 10
135.027711
 20
-6.831666
 10
135.0436
 20
-6.847
 10
135.05211
 20
-6.851026
 10
135.08615
 20
-6.860265
 10
135.14572
 20
-6.864491
 10
135.6393
 20
-6.863986
 10
135.68185
 20
-6.860265
 10
135.71589
 20
-6.851026
 10
135.733706
 20
-6.839334
 10
135.744884
 20
-6.824
 10
135.751602
 20
-6.801
 10
135.75371
 20
-6.770333
 10
135.753119
 20
-6.494333
 10
135.750181
 20
-6.471334
 10
135.744884
 20
-6.456
 10
135.733706
 20
-6.440667
 10
135.71589
 20
-6.428974
 10
135.69887
 20
-6.423254
 10
135.67334
 20
-6.418544
 10
135.61377
 20
-6.415353
 10
135.17976
 20
-6.415109
 10
135.09466
 20
-6.418544
 10
135.06913
 20
-6.423254
 10
135.05211
 20
-6.428974
 10
135.0436
 20
-6.433
 10
135.027711
 20
-6.448333
 10
135.017818
 20
-6.471334
 10
135.014158
 20
-6.517334
 10
135.015472
 20
-6.793334
  0
LWPOLYLINE
  5
209
330
17
100
AcDbEntity
  8
VISTA
100
AcDbPolyline
 90
5
 70
1
 10
133.9225
 20
-4.5369
 10
134.0475
 20
-4.5369
 10
134.0475
 20
-1.4631
 10
133.9225
 20
-1.4631
 10
133.9225
 20
-4.5369
  0
LWPOLYLINE
  5
20A
330
17
100
AcDbEntity
  8
VISTA
100
AcDbPolyline
 90
32
 70
1
 10
135.887472
 20
-6.793334
 10
135.891955
 20
-6.816333
 10
135.899711
 20
-6.831666
 10
135.9156
 20
-6.847
 10
135.92411
 20
-6.851026
 10
135.95815
 20
-6.860265
 10
136.017719
 20
-6.864491
 10
136.511299
 20
-6.863986
 10
136.55385
 20
-6.860265
 10
136.587891
 20
-6.851026
 10
136.605705
 20
-6.839334
 10
136.616884
 20
-6.824
 10
136.623602
 20
-6.801
 10
136.62571
 20
-6.770333
 10
136.625118
 20
-6.494333
 10
136.622181
 20
-6.471334
 10
136.616884
 20
-6.456
 10
136.605705
 20
-6.440667
 10
136.587891
 20
-6.428974
 10
136.570869
 20
-6.423254
 10
136.54534
 20
-6.418544
 10
136.485769
 20
-6.415353
 10
136.05176
 20
-6.415109
 10
135.96666
 20
-6.418544
 10
135.93262
 20
-6.425777
 10
135.9156
 20
-6.433
 10
135.906295
 20
-6.440667
 10
135.899711
 20
-6.448333
 10
135.891955
 20
-6.463666
 10
135.888398
 20
-6.479
 10
135.88629
 20
-6.509666
 10
135.887472
 20
-6.793334
  0
LWPOLYLINE
  5
20B
330
17
100
AcDbEntity
  8
VISTA
100
AcDbPolyline
 90
17
 70
1
 10
141.14875
 20
-8.432199
 10
141.154095
 20
-8.452173
 10
141.168777
 20
-8.466856
 10
141.188751
 20
-8.472199
 10
141.491249
 20
-8.472199
 10
141.511223
 20
-8.466856
 10
141.525906
 20
-8.452173
 10
141.53125
 20
-8.432199
 10
141.53125
 20
-8.3822
 10
141.525906
 20
-8.362226
 10
141.511223
 20
-8.347544
 10
141.491249
 20
-8.3422
 10
141.188751
 20
-8.3422
 10
141.168777
 20
-8.347544
 10
141.154095
 20
-8.362226
 10
141.14875
 20
-8.3822
 10
141.14875
 20
-8.432199
  0
LWPOLYLINE
  5
20C
330
17
100
AcDbEntity
  8
VISTA
100
AcDbPolyline
 90
5
 70
1
 10
140.064121
 20
-7.08917
 10
140.064121
 20
-6.350797
 10
139.49588
 20
-6.350879
 10
139.49588
 20
-7.089121
 10
140.064121
 20
-7.08917
  0
LWPOLYLINE
  5
20D
330
17
100
AcDbEntity
  8
VISTA
100
AcDbPolyline
 90
9
 70
1
 10
139.685152
 20
-6.744849
 10
139.679001
 20
-6.73
 10
139.685152
 20
-6.715151
 10
139.700001
 20
-6.709
 10
139.71484900000002
 20
-6.715151
 10
139.721001
 20
-6.73
 10
139.71484900000002
 20
-6.744849
 10
139.700001
 20
-6.751
 10
139.685152
 20
-6.744849
  0
LWPOLYLINE
  5
20E
330
17
100
AcDbEntity
  8
VISTA
100
AcDbPolyline
 90
13
 70
1
 10
133.913
 20
-4.5309
 10
133.914758
 20
-4.535143
 10
133.919001
 20
-4.5369
 10
134.087
 20
-4.5369
 10
134.091243
 20
-4.535143
 10
134.093
 20
-4.5309
 10
134.093
 20
-1.4691
 10
134.091243
 20
-1.464857
 10
134.087
 20
-1.4631
 10
133.919001
 20
-1.4631
 10
133.914758
 20
-1.464857
 10
133.913
 20
-1.4691
 10
133.913
 20
-4.5309
  0
LWPOLYLINE
  5
20F
330
17
100
AcDbEntity
  8
VISTA
100
AcDbPolyline
 90
4
 70
1
 10
133.921499
 20
-4.5369
 10
133.9225
 20
-4.5369
 10
133.9225
 20
-1.4631
 10
133.921499
 20
-4.5369
  0
LWPOLYLINE
  5
210
330
17
100
AcDbEntity
  8
VISTA
100
AcDbPolyline
 90
4
 70
1
 10
134.0475
 20
-4.5369
 10
134.0485
 20
-4.5369
 10
134.0485
 20
-1.4631
 10
134.0475
 20
-4.5369
  0
LWPOLYLINE
  5
211
330
17
100
AcDbEntity
  8
VISTA
100
AcDbPolyline
 90
5
 70
1
 10
137.748001
 20
-6.6999
 10
137.7579
 20
-6.7
 10
137.757999
 20
-6.2501
 10
137.7481
 20
-6.2501
 10
137.748001
 20
-6.6999
  0
LWPOLYLINE
  5
212
330
17
100
AcDbEntity
  8
VISTA
100
AcDbPolyline
 90
5
 70
1
 10
138.242001
 20
-6.6999
 10
138.2519
 20
-6.7
 10
138.251999
 20
-6.2501
 10
138.2421
 20
-6.2501
 10
138.242001
 20
-6.6999
  0
LWPOLYLINE
  5
213
330
17
100
AcDbEntity
  8
VISTA
100
AcDbPolyline
 90
9
 70
1
 10
134.0045
 20
-4.5
 10
134.1955
 20
-4.5
 10
134.200001
 20
-4.4955
 10
134.200001
 20
-1.5045
 10
134.1955
 20
-1.5
 10
134.0045
 20
-1.5
 10
134.0
 20
-1.5045
 10
134.0
 20
-4.4955
 10
134.0045
 20
-4.5
  0
LWPOLYLINE
  5
214
330
17
100
AcDbEntity
  8
VISTA
100
AcDbPolyline
 90
5
 70
1
 10
137.754
 20
-6.6999
 10
137.762899
 20
-6.7
 10
137.762999
 20
-6.2501
 10
137.754099
 20
-6.2501
 10
137.754
 20
-6.6999
  0
LWPOLYLINE
  5
215
330
17
100
AcDbEntity
  8
VISTA
100
AcDbPolyline
 90
5
 70
1
 10
138.237001
 20
-6.6999
 10
138.245901
 20
-6.7
 10
138.246
 20
-6.2501
 10
138.237101
 20
-6.2501
 10
138.237001
 20
-6.6999
  0
LWPOLYLINE
  5
216
330
17
100
AcDbEntity
  8
VISTA
100
AcDbPolyline
 90
5
 70
1
 10
137.757999
 20
-6.6999
 10
137.7619
 20
-6.7
 10
137.762001
 20
-6.2501
 10
137.758101
 20
-6.2501
 10
137.757999
 20
-6.6999
  0
LWPOLYLINE
  5
217
330
17
100
AcDbEntity
  8
VISTA
100
AcDbPolyline
 90
5
 70
1
 10
138.237999
 20
-6.6999
 10
138.241899
 20
-6.7
 10
138.242001
 20
-6.2501
 10
138.2381
 20
-6.2501
 10
138.237999
 20
-6.6999
  0
LWPOLYLINE
  5
218
330
17
100
AcDbEntity
  8
VISTA
100
AcDbPolyline
 90
5
 70
1
 10
137.725601
 20
-1.661
 10
138.635
 20
-1.6604
 10
138.634399
 20
-1.579
 10
137.725601
 20
-1.579176
 10
137.725601
 20
-1.661
  0
LWPOLYLINE
  5
219
330
17
100
AcDbEntity
  8
VISTA
100
AcDbPolyline
 90
5
 70
1
 10
137.725601
 20
-1.749
 10
138.635
 20
-1.7484
 10
138.634399
 20
-1.667
 10
137.725601
 20
-1.667176
 10
137.725601
 20
-1.749
  0
LWPOLYLINE
  5
21A
330
17
100
AcDbEntity
  8
VISTA
100
AcDbPolyline
 90
5
 70
1
 10
137.725601
 20
-1.837
 10
138.635
 20
-1.8364
 10
138.634399
 20
-1.755
 10
137.725601
 20
-1.755176
 10
137.725601
 20
-1.837
  0
LWPOLYLINE
  5
21B
330
17
100
AcDbEntity
  8
VISTA
100
AcDbPolyline
 90
5
 70
1
 10
137.725601
 20
-1.925
 10
138.635
 20
-1.9244
 10
138.634399
 20
-1.843
 10
137.725601
 20
-1.843176
 10
137.725601
 20
-1.925
  0
LWPOLYLINE
  5
21C
330
17
100
AcDbEntity
  8
VISTA
100
AcDbPolyline
 90
5
 70
1
 10
137.725601
 20
-2.013
 10
138.635
 20
-2.0124
 10
138.634399
 20
-1.931
 10
137.725601
 20
-1.931176
 10
137.725601
 20
-2.013
  0
LWPOLYLINE
  5
21D
330
17
100
AcDbEntity
  8
VISTA
100
AcDbPolyline
 90
5
 70
1
 10
137.725601
 20
-2.101
 10
138.635
 20
-2.1004
 10
138.634399
 20
-2.019
 10
137.725601
 20
-2.019176
 10
137.725601
 20
-2.101
  0
LWPOLYLINE
  5
21E
330
17
100
AcDbEntity
  8
VISTA
100
AcDbPolyline
 90
5
 70
1
 10
137.725601
 20
-2.189
 10
138.635
 20
-2.1884
 10
138.634399
 20
-2.107
 10
137.725601
 20
-2.107176
 10
137.725601
 20
-2.189
  0
LWPOLYLINE
  5
21F
330
17
100
AcDbEntity
  8
VISTA
100
AcDbPolyline
 90
5
 70
1
 10
137.725601
 20
-2.277
 10
138.635
 20
-2.2764
 10
138.634399
 20
-2.195
 10
137.725601
 20
-2.195176
 10
137.725601
 20
-2.277
  0
LWPOLYLINE
  5
220
330
17
100
AcDbEntity
  8
VISTA
100
AcDbPolyline
 90
5
 70
1
 10
137.725601
 20
-2.365
 10
138.635
 20
-2.3644
 10
138.634399
 20
-2.283
 10
137.725601
 20
-2.283176
 10
137.725601
 20
-2.365
  0
LWPOLYLINE
  5
221
330
17
100
AcDbEntity
  8
VISTA
100
AcDbPolyline
 90
5
 70
1
 10
137.725601
 20
-3.685
 10
138.635
 20
-3.6844
 10
138.634399
 20
-3.603
 10
137.725601
 20
-3.603176
 10
137.725601
 20
-3.685
  0
LWPOLYLINE
  5
222
330
17
100
AcDbEntity
  8
VISTA
100
AcDbPolyline
 90
5
 70
1
 10
137.725601
 20
-3.773
 10
138.635
 20
-3.7724
 10
138.634399
 20
-3.691
 10
137.725601
 20
-3.691176
 10
137.725601
 20
-3.773
  0
LWPOLYLINE
  5
223
330
17
100
AcDbEntity
  8
VISTA
100
AcDbPolyline
 90
5
 70
1
 10
137.725601
 20
-3.861
 10
138.635
 20
-3.8604
 10
138.634399
 20
-3.779
 10
137.725601
 20
-3.779176
 10
137.725601
 20
-3.861
  0
LWPOLYLINE
  5
224
330
17
100
AcDbEntity
  8
VISTA
100
AcDbPolyline
 90
5
 70
1
 10
137.725601
 20
-3.949
 10
138.635
 20
-3.9484
 10
138.634399
 20
-3.867
 10
137.725601
 20
-3.867176
 10
137.725601
 20
-3.949
  0
LWPOLYLINE
  5
225
330
17
100
AcDbEntity
  8
VISTA
100
AcDbPolyline
 90
5
 70
1
 10
137.725601
 20
-4.037
 10
138.635
 20
-4.0364
 10
138.634399
 20
-3.955
 10
137.725601
 20
-3.955176
 10
137.725601
 20
-4.037
  0
LWPOLYLINE
  5
226
330
17
100
AcDbEntity
  8
VISTA
100
AcDbPolyline
 90
5
 70
1
 10
137.725601
 20
-4.125
 10
138.635
 20
-4.1244
 10
138.634399
 20
-4.043
 10
137.725601
 20
-4.043176
 10
137.725601
 20
-4.125
  0
LWPOLYLINE
  5
227
330
17
100
AcDbEntity
  8
VISTA
100
AcDbPolyline
 90
5
 70
1
 10
137.725601
 20
-4.213
 10
138.635
 20
-4.2124
 10
138.634399
 20
-4.131
 10
137.725601
 20
-4.131176
 10
137.725601
 20
-4.213
  0
LWPOLYLINE
  5
228
330
17
100
AcDbEntity
  8
VISTA
100
AcDbPolyline
 90
5
 70
1
 10
137.725601
 20
-4.301
 10
138.635
 20
-4.3004
 10
138.634399
 20
-4.219
 10
137.725601
 20
-4.219176
 10
137.725601
 20
-4.301
  0
LWPOLYLINE
  5
229
330
17
100
AcDbEntity
  8
VISTA
100
AcDbPolyline
 90
5
 70
1
 10
137.725601
 20
-4.389
 10
138.635
 20
-4.3884
 10
138.634399
 20
-4.307
 10
137.725601
 20
-4.307176
 10
137.725601
 20
-4.389
  0
LWPOLYLINE
  5
22A
330
17
100
AcDbEntity
  8
VISTA
100
AcDbPolyline
 90
5
 70
1
 10
137.770599
 20
-2.453
 10
138.15
 20
-2.4524
 10
138.149399
 20
-2.371
 10
137.770599
 20
-2.371176
 10
137.770599
 20
-2.453
  0
LWPOLYLINE
  5
22B
330
17
100
AcDbEntity
  8
VISTA
100
AcDbPolyline
 90
5
 70
1
 10
137.770599
 20
-2.541
 10
138.15
 20
-2.5404
 10
138.149399
 20
-2.459
 10
137.770599
 20
-2.459176
 10
137.770599
 20
-2.541
  0
LWPOLYLINE
  5
22C
330
17
100
AcDbEntity
  8
VISTA
100
AcDbPolyline
 90
5
 70
1
 10
137.770599
 20
-2.629
 10
138.15
 20
-2.6284
 10
138.149399
 20
-2.547
 10
137.770599
 20
-2.547176
 10
137.770599
 20
-2.629
  0
LWPOLYLINE
  5
22D
330
17
100
AcDbEntity
  8
VISTA
100
AcDbPolyline
 90
5
 70
1
 10
137.770599
 20
-2.717
 10
138.15
 20
-2.7164
 10
138.149399
 20
-2.635
 10
137.770599
 20
-2.635176
 10
137.770599
 20
-2.717
  0
LWPOLYLINE
  5
22E
330
17
100
AcDbEntity
  8
VISTA
100
AcDbPolyline
 90
5
 70
1
 10
137.770599
 20
-2.805
 10
138.15
 20
-2.8044
 10
138.149399
 20
-2.723
 10
137.770599
 20
-2.723176
 10
137.770599
 20
-2.805
  0
LWPOLYLINE
  5
22F
330
17
100
AcDbEntity
  8
VISTA
100
AcDbPolyline
 90
5
 70
1
 10
137.770599
 20
-2.893
 10
138.15
 20
-2.8924
 10
138.149399
 20
-2.811
 10
137.770599
 20
-2.811176
 10
137.770599
 20
-2.893
  0
LWPOLYLINE
  5
230
330
17
100
AcDbEntity
  8
VISTA
100
AcDbPolyline
 90
5
 70
1
 10
137.770599
 20
-2.981
 10
138.15
 20
-2.9804
 10
138.149399
 20
-2.899
 10
137.770599
 20
-2.899176
 10
137.770599
 20
-2.981
  0
LWPOLYLINE
  5
231
330
17
100
AcDbEntity
  8
VISTA
100
AcDbPolyline
 90
5
 70
1
 10
137.770599
 20
-3.069
 10
138.15
 20
-3.0684
 10
138.149399
 20
-2.987
 10
137.770599
 20
-2.987176
 10
137.770599
 20
-3.069
  0
LWPOLYLINE
  5
232
330
17
100
AcDbEntity
  8
VISTA
100
AcDbPolyline
 90
5
 70
1
 10
137.770599
 20
-3.157
 10
138.15
 20
-3.1564
 10
138.149399
 20
-3.075
 10
137.770599
 20
-3.075176
 10
137.770599
 20
-3.157
  0
LWPOLYLINE
  5
233
330
17
100
AcDbEntity
  8
VISTA
100
AcDbPolyline
 90
5
 70
1
 10
137.770599
 20
-3.245
 10
138.15
 20
-3.2444
 10
138.149399
 20
-3.163
 10
137.770599
 20
-3.163176
 10
137.770599
 20
-3.245
  0
LWPOLYLINE
  5
234
330
17
100
AcDbEntity
  8
VISTA
100
AcDbPolyline
 90
5
 70
1
 10
137.770599
 20
-3.333
 10
138.15
 20
-3.3324
 10
138.149399
 20
-3.251
 10
137.770599
 20
-3.251176
 10
137.770599
 20
-3.333
  0
LWPOLYLINE
  5
235
330
17
100
AcDbEntity
  8
VISTA
100
AcDbPolyline
 90
5
 70
1
 10
137.770599
 20
-3.421
 10
138.15
 20
-3.4204
 10
138.149399
 20
-3.339
 10
137.770599
 20
-3.339176
 10
137.770599
 20
-3.421
  0
LWPOLYLINE
  5
236
330
17
100
AcDbEntity
  8
VISTA
100
AcDbPolyline
 90
5
 70
1
 10
137.770599
 20
-3.509
 10
138.15
 20
-3.5084
 10
138.149399
 20
-3.427
 10
137.770599
 20
-3.427176
 10
137.770599
 20
-3.509
  0
LWPOLYLINE
  5
237
330
17
100
AcDbEntity
  8
VISTA
100
AcDbPolyline
 90
5
 70
1
 10
137.770599
 20
-3.597
 10
138.15
 20
-3.5964
 10
138.149399
 20
-3.515
 10
137.770599
 20
-3.515176
 10
137.770599
 20
-3.597
  0
LWPOLYLINE
  5
238
330
17
100
AcDbEntity
  8
VISTA
100
AcDbPolyline
 90
5
 70
1
 10
138.694
 20
-1.405
 10
138.695
 20
-1.356
 10
137.666
 20
-1.355
 10
137.665293
 20
-1.404707
 10
138.694
 20
-1.405
  0
LWPOLYLINE
  5
239
330
17
100
AcDbEntity
  8
VISTA
100
AcDbPolyline
 90
5
 70
1
 10
138.694
 20
-4.645
 10
138.695
 20
-4.596
 10
137.666
 20
-4.595
 10
137.665293
 20
-4.644707
 10
138.694
 20
-4.645
  0
LWPOLYLINE
  5
23A
330
17
100
AcDbEntity
  8
VISTA
100
AcDbPolyline
 90
5
 70
1
 10
133.9785
 20
-4.4955
 10
133.9915
 20
-4.4955
 10
133.9915
 20
-1.5045
 10
133.9785
 20
-1.5045
 10
133.9785
 20
-4.4955
  0
LWPOLYLINE
  5
23B
330
17
100
AcDbEntity
  8
VISTA
100
AcDbPolyline
 90
4
 70
1
 10
137.764999
 20
-6.6799
 10
137.764999
 20
-6.2701
 10
137.764
 20
-6.2701
 10
137.764999
 20
-6.6799
  0
LWPOLYLINE
  5
23C
330
17
100
AcDbEntity
  8
VISTA
100
AcDbPolyline
 90
4
 70
1
 10
138.236
 20
-6.6799
 10
138.236
 20
-6.2701
 10
138.235001
 20
-6.2701
 10
138.236
 20
-6.6799
  0
LWPOLYLINE
  5
23D
330
17
100
AcDbEntity
  8
VISTA
100
AcDbPolyline
 90
5
 70
1
 10
141.102499
 20
-10.5796
 10
141.1336
 20
-10.580001
 10
141.134001
 20
-10.040401
 10
141.1029
 20
-10.040401
 10
141.102499
 20
-10.5796
  0
LWPOLYLINE
  5
23E
330
17
100
AcDbEntity
  8
VISTA
100
AcDbPolyline
 90
5
 70
1
 10
133.889999
 20
-1.48
 10
133.889999
 20
-4.52
 10
133.92
 20
-4.52
 10
133.92
 20
-1.48
 10
133.889999
 20
-1.48
  0
LWPOLYLINE
  5
23F
330
17
100
AcDbEntity
  8
VISTA
100
AcDbPolyline
 90
5
 70
1
 10
133.889999
 20
-6.72
 10
133.889999
 20
-8.38
 10
133.92
 20
-8.38
 10
133.92
 20
-6.72
 10
133.889999
 20
-6.72
  0
LWPOLYLINE
  5
240
330
17
100
AcDbEntity
  8
VISTA
100
AcDbPolyline
 90
12
 70
1
 10
141.102501
 20
-9.437
 10
141.10338000000002
 20
-9.439121
 10
141.105501
 20
-9.440001
 10
141.134501
 20
-9.440001
 10
141.136621
 20
-9.439121
 10
141.137501
 20
-9.437
 10
141.137501
 20
-8.903
 10
141.136621
 20
-8.900879
 10
141.134501
 20
-8.9
 10
141.105501
 20
-8.9
 10
141.10338000000002
 20
-8.900879
 10
141.102501
 20
-9.437
  0
LWPOLYLINE
  5
241
330
17
100
AcDbEntity
  8
VISTA
100
AcDbPolyline
 90
4
 70
1
 10
141.103998
 20
-9.438503
 10
141.103998
 20
-9.439117
 10
141.10338000000002
 20
-9.439121
 10
141.103998
 20
-9.438503
  0
LWPOLYLINE
  5
242
330
17
100
AcDbEntity
  8
VISTA
100
AcDbPolyline
 90
4
 70
1
 10
141.136003
 20
-9.438503
 10
141.136618
 20
-9.438503
 10
141.136621
 20
-9.439121
 10
141.136003
 20
-9.438503
  0
LWPOLYLINE
  5
243
330
17
100
AcDbEntity
  8
VISTA
100
AcDbPolyline
 90
4
 70
1
 10
141.136003
 20
-8.901497
 10
141.136003
 20
-8.900883
 10
141.136621
 20
-8.900879
 10
141.136003
 20
-8.901497
  0
LWPOLYLINE
  5
244
330
17
100
AcDbEntity
  8
VISTA
100
AcDbPolyline
 90
4
 70
1
 10
141.103998
 20
-8.901497
 10
141.103384
 20
-8.901497
 10
141.10338000000002
 20
-8.900879
 10
141.103998
 20
-8.901497
  0
LWPOLYLINE
  5
245
330
17
100
AcDbEntity
  8
VISTA
100
AcDbPolyline
 90
12
 70
1
 10
141.102501
 20
-10.007
 10
141.10338000000002
 20
-10.009121
 10
141.105501
 20
-10.01
 10
141.134501
 20
-10.01
 10
141.136621
 20
-10.009121
 10
141.137501
 20
-10.007
 10
141.137501
 20
-9.473
 10
141.136621
 20
-9.470879
 10
141.134501
 20
-9.469999
 10
141.105501
 20
-9.469999
 10
141.10338000000002
 20
-9.470879
 10
141.102501
 20
-10.007
  0
LWPOLYLINE
  5
246
330
17
100
AcDbEntity
  8
VISTA
100
AcDbPolyline
 90
4
 70
1
 10
141.103998
 20
-10.008503
 10
141.103998
 20
-10.009117
 10
141.10338000000002
 20
-10.009121
 10
141.103998
 20
-10.008503
  0
LWPOLYLINE
  5
247
330
17
100
AcDbEntity
  8
VISTA
100
AcDbPolyline
 90
4
 70
1
 10
141.136003
 20
-10.008503
 10
141.136618
 20
-10.008503
 10
141.136621
 20
-10.009121
 10
141.136003
 20
-10.008503
  0
LWPOLYLINE
  5
248
330
17
100
AcDbEntity
  8
VISTA
100
AcDbPolyline
 90
4
 70
1
 10
141.136003
 20
-9.471497
 10
141.136003
 20
-9.470882
 10
141.136621
 20
-9.470879
 10
141.136003
 20
-9.471497
  0
LWPOLYLINE
  5
249
330
17
100
AcDbEntity
  8
VISTA
100
AcDbPolyline
 90
4
 70
1
 10
141.103998
 20
-9.471497
 10
141.103384
 20
-9.471497
 10
141.10338000000002
 20
-9.470879
 10
141.103998
 20
-9.471497
  0
LWPOLYLINE
  5
24A
330
17
100
AcDbEntity
  8
VISTA
100
AcDbPolyline
 90
5
 70
1
 10
133.9655
 20
-4.5
 10
133.9675
 20
-4.5
 10
133.9675
 20
-1.5
 10
133.9655
 20
-1.5
 10
133.9655
 20
-4.5
  0
LWPOLYLINE
  5
24B
330
17
100
AcDbEntity
  8
VISTA
100
AcDbPolyline
 90
5
 70
1
 10
133.976501
 20
-4.5
 10
133.9785
 20
-4.5
 10
133.9785
 20
-1.5
 10
133.976501
 20
-1.5
 10
133.976501
 20
-4.5
  0
LWPOLYLINE
  5
24C
330
17
100
AcDbEntity
  8
VISTA
100
AcDbPolyline
 90
5
 70
1
 10
137.762001
 20
-6.6999
 10
137.763901
 20
-6.699971
 10
137.764
 20
-6.2501
 10
137.7621
 20
-6.2501
 10
137.762001
 20
-6.6999
  0
LWPOLYLINE
  5
24D
330
17
100
AcDbEntity
  8
VISTA
100
AcDbPolyline
 90
5
 70
1
 10
137.757999
 20
-6.6999
 10
137.7619
 20
-6.7
 10
137.762001
 20
-6.2501
 10
137.758101
 20
-6.2501
 10
137.757999
 20
-6.6999
  0
LWPOLYLINE
  5
24E
330
17
100
AcDbEntity
  8
VISTA
100
AcDbPolyline
 90
5
 70
1
 10
138.236
 20
-6.6999
 10
138.2379
 20
-6.699971
 10
138.237999
 20
-6.2501
 10
138.236099
 20
-6.2501
 10
138.236
 20
-6.6999
  0
LWPOLYLINE
  5
24F
330
17
100
AcDbEntity
  8
VISTA
100
AcDbPolyline
 90
5
 70
1
 10
138.237999
 20
-6.6999
 10
138.241899
 20
-6.7
 10
138.242001
 20
-6.2501
 10
138.2381
 20
-6.2501
 10
138.237999
 20
-6.6999
  0
LWPOLYLINE
  5
250
330
17
100
AcDbEntity
  8
VISTA
100
AcDbPolyline
 90
5
 70
1
 10
133.9915
 20
-4.4955
 10
133.9935
 20
-4.4955
 10
133.9935
 20
-1.5045
 10
133.9915
 20
-1.5045
 10
133.9915
 20
-4.4955
  0
LWPOLYLINE
  5
251
330
17
100
AcDbEntity
  8
VISTA
100
AcDbPolyline
 90
5
 70
1
 10
134.002501
 20
-4.4955
 10
134.0045
 20
-4.4955
 10
134.0045
 20
-1.5045
 10
134.002501
 20
-1.5045
 10
134.002501
 20
-4.4955
  0
LWPOLYLINE
  5
252
330
17
100
AcDbEntity
  8
VISTA
100
AcDbPolyline
 90
5
 70
1
 10
137.754
 20
-6.6999
 10
137.762899
 20
-6.7
 10
137.762999
 20
-6.2501
 10
137.754099
 20
-6.2501
 10
137.754
 20
-6.6999
  0
LWPOLYLINE
  5
253
330
17
100
AcDbEntity
  8
VISTA
100
AcDbPolyline
 90
5
 70
1
 10
138.237001
 20
-6.6999
 10
138.245901
 20
-6.7
 10
138.246
 20
-6.2501
 10
138.237101
 20
-6.2501
 10
138.237001
 20
-6.6999
  0
LWPOLYLINE
  5
254
330
17
100
AcDbEntity
  8
VISTA
100
AcDbPolyline
 90
5
 70
1
 10
137.752001
 20
-6.6999
 10
137.75390099999998
 20
-6.699971
 10
137.754
 20
-6.2501
 10
137.75209999999998
 20
-6.2501
 10
137.752001
 20
-6.6999
  0
LWPOLYLINE
  5
255
330
17
100
AcDbEntity
  8
VISTA
100
AcDbPolyline
 90
5
 70
1
 10
138.246
 20
-6.6999
 10
138.24790000000002
 20
-6.699971
 10
138.247999
 20
-6.2501
 10
138.24609900000002
 20
-6.2501
 10
138.246
 20
-6.6999
  0
LWPOLYLINE
  5
256
330
17
100
AcDbEntity
  8
VISTA
100
AcDbPolyline
 90
5
 70
1
 10
137.746
 20
-6.6999
 10
137.74790000000002
 20
-6.699971
 10
137.747999
 20
-6.2501
 10
137.74609900000002
 20
-6.2501
 10
137.746
 20
-6.6999
  0
LWPOLYLINE
  5
257
330
17
100
AcDbEntity
  8
VISTA
100
AcDbPolyline
 90
5
 70
1
 10
137.748001
 20
-6.6999
 10
137.7579
 20
-6.7
 10
137.757999
 20
-6.2501
 10
137.7481
 20
-6.2501
 10
137.748001
 20
-6.6999
  0
LWPOLYLINE
  5
258
330
17
100
AcDbEntity
  8
VISTA
100
AcDbPolyline
 90
5
 70
1
 10
138.252001
 20
-6.6999
 10
138.25390099999998
 20
-6.699971
 10
138.254
 20
-6.2501
 10
138.25209999999998
 20
-6.2501
 10
138.252001
 20
-6.6999
  0
LWPOLYLINE
  5
259
330
17
100
AcDbEntity
  8
VISTA
100
AcDbPolyline
 90
5
 70
1
 10
138.242001
 20
-6.6999
 10
138.2519
 20
-6.7
 10
138.251999
 20
-6.2501
 10
138.2421
 20
-6.2501
 10
138.242001
 20
-6.6999
  0
LWPOLYLINE
  5
25A
330
17
100
AcDbEntity
  8
VISTA
100
AcDbPolyline
 90
8
 70
1
 10
141.122
 20
-9.469
 10
141.125
 20
-9.466
 10
141.125
 20
-9.452
 10
141.122
 20
-9.448999
 10
140.76
 20
-9.448999
 10
140.757
 20
-9.452
 10
140.757879
 20
-9.468121
 10
141.122
 20
-9.469
  0
LWPOLYLINE
  5
25B
330
17
100
AcDbEntity
  8
VISTA
100
AcDbPolyline
 90
5
 70
1
 10
137.743
 20
-6.6799
 10
137.745899
 20
-6.679971
 10
137.745998
 20
-6.2701
 10
137.743099
 20
-6.2701
 10
137.743
 20
-6.6799
  0
LWPOLYLINE
  5
25C
330
17
100
AcDbEntity
  8
VISTA
100
AcDbPolyline
 90
5
 70
1
 10
138.254
 20
-6.6799
 10
138.266899
 20
-6.68
 10
138.267
 20
-6.2701
 10
138.254101
 20
-6.2701
 10
138.254
 20
-6.6799
  0
LWPOLYLINE
  5
25D
330
17
100
AcDbEntity
  8
VISTA
100
AcDbPolyline
 90
9
 70
1
 10
137.588058
 20
-4.675
 10
138.771942
 20
-4.675
 10
138.775694
 20
-4.672985
 10
138.776545
 20
-1.329786
 10
138.774607
 20
-1.325884
 10
137.588058
 20
-1.325
 10
137.584307
 20
-1.327015
 10
137.584307
 20
-4.672985
 10
137.588058
 20
-4.675
  0
LWPOLYLINE
  5
25E
330
17
100
AcDbEntity
  8
VISTA
100
AcDbPolyline
 90
5
 70
1
 10
140.446001
 20
-1.49
 10
140.446001
 20
-1.35
 10
140.434
 20
-1.35
 10
140.434
 20
-1.49
 10
140.446001
 20
-1.49
  0
LWPOLYLINE
  5
25F
330
17
100
AcDbEntity
  8
VISTA
100
AcDbPolyline
 90
15
 70
1
 10
138.190554
 20
-3.538737
 10
138.190878
 20
-3.539121
 10
138.191263
 20
-3.539446
 10
138.192999
 20
-3.54
 10
138.908735
 20
-3.539446
 10
138.909121
 20
-3.539121
 10
138.909445
 20
-3.538737
 10
138.91
 20
-3.537
 10
138.909445
 20
-2.461263
 10
138.909121
 20
-2.460879
 10
138.908735
 20
-2.460554
 10
138.907
 20
-2.46
 10
138.192999
 20
-2.46
 10
138.190878
 20
-2.460879
 10
138.190554
 20
-3.538737
  0
LWPOLYLINE
  5
260
330
17
100
AcDbEntity
  8
VISTA
100
AcDbPolyline
 90
4
 70
1
 10
138.191496
 20
-3.538503
 10
138.191496
 20
-3.539117
 10
138.190878
 20
-3.539121
 10
138.191496
 20
-3.538503
  0
LWPOLYLINE
  5
261
330
17
100
AcDbEntity
  8
VISTA
100
AcDbPolyline
 90
4
 70
1
 10
138.908503
 20
-3.538503
 10
138.909117
 20
-3.538503
 10
138.909121
 20
-3.539121
 10
138.908503
 20
-3.538503
  0
LWPOLYLINE
  5
262
330
17
100
AcDbEntity
  8
VISTA
100
AcDbPolyline
 90
4
 70
1
 10
138.908503
 20
-2.461497
 10
138.908503
 20
-2.460883
 10
138.909121
 20
-2.460879
 10
138.908503
 20
-2.461497
  0
LWPOLYLINE
  5
263
330
17
100
AcDbEntity
  8
VISTA
100
AcDbPolyline
 90
4
 70
1
 10
138.191496
 20
-2.461497
 10
138.190882
 20
-2.461497
 10
138.190878
 20
-2.460879
 10
138.191496
 20
-2.461497
  0
LWPOLYLINE
  5
264
330
17
100
AcDbEntity
  8
VISTA
100
AcDbPolyline
 90
12
 70
1
 10
133.923671
 20
-4.580829
 10
133.926499
 20
-4.582
 10
134.0435
 20
-4.582
 10
134.04632900000001
 20
-4.580829
 10
134.0475
 20
-4.578
 10
134.0475
 20
-1.422
 10
134.04632900000001
 20
-1.419172
 10
134.0435
 20
-1.418
 10
133.926499
 20
-1.418
 10
133.923671
 20
-1.419172
 10
133.9225
 20
-1.422
 10
133.923671
 20
-4.580829
  0
LWPOLYLINE
  5
265
330
17
100
AcDbEntity
  8
VISTA
100
AcDbPolyline
 90
4
 70
1
 10
133.924191
 20
-4.580309
 10
133.924705
 20
-4.580528
 10
133.923972
 20
-4.580528
 10
133.924191
 20
-4.580309
  0
LWPOLYLINE
  5
266
330
17
100
AcDbEntity
  8
VISTA
100
AcDbPolyline
 90
4
 70
1
 10
133.924191
 20
-1.419691
 10
133.923972
 20
-1.420205
 10
133.923972
 20
-1.419472
 10
133.924191
 20
-1.419691
  0
LWPOLYLINE
  5
267
330
17
100
AcDbEntity
  8
VISTA
100
AcDbPolyline
 90
4
 70
1
 10
134.045809
 20
-1.419691
 10
134.045295
 20
-1.419472
 10
134.046027
 20
-1.419472
 10
134.045809
 20
-1.419691
  0
LWPOLYLINE
  5
268
330
17
100
AcDbEntity
  8
VISTA
100
AcDbPolyline
 90
4
 70
1
 10
134.046027
 20
-4.580528
 10
134.045295
 20
-4.580528
 10
134.045809
 20
-4.580309
 10
134.046027
 20
-4.580528
  0
LWPOLYLINE
  5
269
330
17
100
AcDbEntity
  8
VISTA
100
AcDbPolyline
 90
5
 70
1
 10
141.134123
 20
-9.454122
 10
141.134123
 20
-8.885879
 10
140.765879
 20
-8.885879
 10
140.765879
 20
-9.454122
 10
141.134123
 20
-9.454122
  0
LWPOLYLINE
  5
26A
330
17
100
AcDbEntity
  8
VISTA
100
AcDbPolyline
 90
5
 70
1
 10
138.419706
 20
-3.339707
 10
138.419706
 20
-3.140293
 10
138.260294
 20
-3.140293
 10
138.260294
 20
-3.339707
 10
138.419706
 20
-3.339707
  0
LWPOLYLINE
  5
26B
330
17
100
AcDbEntity
  8
VISTA
100
AcDbPolyline
 90
5
 70
1
 10
138.889002
 20
-2.57925
 10
138.890001
 20
-2.55775
 10
138.691
 20
-2.55675
 10
138.690294
 20
-2.578957
 10
138.889002
 20
-2.57925
  0
LWPOLYLINE
  5
26C
330
17
100
AcDbEntity
  8
VISTA
100
AcDbPolyline
 90
5
 70
1
 10
138.889002
 20
-2.60325
 10
138.890001
 20
-2.58175
 10
138.691
 20
-2.58075
 10
138.690294
 20
-2.602957
 10
138.889002
 20
-2.60325
  0
LWPOLYLINE
  5
26D
330
17
100
AcDbEntity
  8
VISTA
100
AcDbPolyline
 90
5
 70
1
 10
138.889002
 20
-2.62725
 10
138.890001
 20
-2.60575
 10
138.691
 20
-2.60475
 10
138.690294
 20
-2.626957
 10
138.889002
 20
-2.62725
  0
LWPOLYLINE
  5
26E
330
17
100
AcDbEntity
  8
VISTA
100
AcDbPolyline
 90
5
 70
1
 10
138.889002
 20
-2.65125
 10
138.890001
 20
-2.62975
 10
138.691
 20
-2.62875
 10
138.690294
 20
-2.650957
 10
138.889002
 20
-2.65125
  0
LWPOLYLINE
  5
26F
330
17
100
AcDbEntity
  8
VISTA
100
AcDbPolyline
 90
5
 70
1
 10
138.889002
 20
-2.67525
 10
138.890001
 20
-2.65375
 10
138.691
 20
-2.65275
 10
138.690294
 20
-2.674957
 10
138.889002
 20
-2.67525
  0
LWPOLYLINE
  5
270
330
17
100
AcDbEntity
  8
VISTA
100
AcDbPolyline
 90
5
 70
1
 10
138.889002
 20
-2.69925
 10
138.890001
 20
-2.67775
 10
138.691
 20
-2.67675
 10
138.690294
 20
-2.698957
 10
138.889002
 20
-2.69925
  0
LWPOLYLINE
  5
271
330
17
100
AcDbEntity
  8
VISTA
100
AcDbPolyline
 90
5
 70
1
 10
138.889002
 20
-2.72325
 10
138.890001
 20
-2.70175
 10
138.691
 20
-2.70075
 10
138.690294
 20
-2.722957
 10
138.889002
 20
-2.72325
  0
LWPOLYLINE
  5
272
330
17
100
AcDbEntity
  8
VISTA
100
AcDbPolyline
 90
5
 70
1
 10
138.889002
 20
-2.74725
 10
138.890001
 20
-2.72575
 10
138.691
 20
-2.72475
 10
138.690294
 20
-2.746957
 10
138.889002
 20
-2.74725
  0
LWPOLYLINE
  5
273
330
17
100
AcDbEntity
  8
VISTA
100
AcDbPolyline
 90
5
 70
1
 10
138.889002
 20
-2.77125
 10
138.890001
 20
-2.74975
 10
138.691
 20
-2.74875
 10
138.690294
 20
-2.770957
 10
138.889002
 20
-2.77125
  0
LWPOLYLINE
  5
274
330
17
100
AcDbEntity
  8
VISTA
100
AcDbPolyline
 90
5
 70
1
 10
138.889002
 20
-2.79525
 10
138.890001
 20
-2.77375
 10
138.691
 20
-2.77275
 10
138.690294
 20
-2.794957
 10
138.889002
 20
-2.79525
  0
LWPOLYLINE
  5
275
330
17
100
AcDbEntity
  8
VISTA
100
AcDbPolyline
 90
5
 70
1
 10
138.889002
 20
-2.81925
 10
138.890001
 20
-2.79775
 10
138.691
 20
-2.79675
 10
138.690294
 20
-2.818957
 10
138.889002
 20
-2.81925
  0
LWPOLYLINE
  5
276
330
17
100
AcDbEntity
  8
VISTA
100
AcDbPolyline
 90
5
 70
1
 10
138.889002
 20
-2.84325
 10
138.890001
 20
-2.82175
 10
138.691
 20
-2.82075
 10
138.690294
 20
-2.842957
 10
138.889002
 20
-2.84325
  0
LWPOLYLINE
  5
277
330
17
100
AcDbEntity
  8
VISTA
100
AcDbPolyline
 90
5
 70
1
 10
138.889002
 20
-2.86725
 10
138.890001
 20
-2.84575
 10
138.691
 20
-2.84475
 10
138.690294
 20
-2.866957
 10
138.889002
 20
-2.86725
  0
LWPOLYLINE
  5
278
330
17
100
AcDbEntity
  8
VISTA
100
AcDbPolyline
 90
5
 70
1
 10
138.889002
 20
-2.89125
 10
138.890001
 20
-2.86975
 10
138.691
 20
-2.86875
 10
138.690294
 20
-2.890957
 10
138.889002
 20
-2.89125
  0
LWPOLYLINE
  5
279
330
17
100
AcDbEntity
  8
VISTA
100
AcDbPolyline
 90
5
 70
1
 10
138.889002
 20
-2.91525
 10
138.890001
 20
-2.89375
 10
138.691
 20
-2.89275
 10
138.690294
 20
-2.914957
 10
138.889002
 20
-2.91525
  0
LWPOLYLINE
  5
27A
330
17
100
AcDbEntity
  8
VISTA
100
AcDbPolyline
 90
5
 70
1
 10
138.889002
 20
-2.93925
 10
138.890001
 20
-2.91775
 10
138.691
 20
-2.91675
 10
138.690294
 20
-2.938957
 10
138.889002
 20
-2.93925
  0
LWPOLYLINE
  5
27B
330
17
100
AcDbEntity
  8
VISTA
100
AcDbPolyline
 90
5
 70
1
 10
138.889002
 20
-2.96325
 10
138.890001
 20
-2.94175
 10
138.691
 20
-2.94075
 10
138.690294
 20
-2.962957
 10
138.889002
 20
-2.96325
  0
LWPOLYLINE
  5
27C
330
17
100
AcDbEntity
  8
VISTA
100
AcDbPolyline
 90
5
 70
1
 10
138.889002
 20
-2.98725
 10
138.890001
 20
-2.96575
 10
138.691
 20
-2.96475
 10
138.690294
 20
-2.986957
 10
138.889002
 20
-2.98725
  0
LWPOLYLINE
  5
27D
330
17
100
AcDbEntity
  8
VISTA
100
AcDbPolyline
 90
5
 70
1
 10
138.889002
 20
-3.01125
 10
138.890001
 20
-2.98975
 10
138.691
 20
-2.98875
 10
138.690294
 20
-3.010957
 10
138.889002
 20
-3.01125
  0
LWPOLYLINE
  5
27E
330
17
100
AcDbEntity
  8
VISTA
100
AcDbPolyline
 90
5
 70
1
 10
138.889002
 20
-3.03525
 10
138.890001
 20
-3.01375
 10
138.691
 20
-3.01275
 10
138.690294
 20
-3.034957
 10
138.889002
 20
-3.03525
  0
LWPOLYLINE
  5
27F
330
17
100
AcDbEntity
  8
VISTA
100
AcDbPolyline
 90
5
 70
1
 10
138.889002
 20
-3.05925
 10
138.890001
 20
-3.03775
 10
138.691
 20
-3.03675
 10
138.690294
 20
-3.058957
 10
138.889002
 20
-3.05925
  0
LWPOLYLINE
  5
280
330
17
100
AcDbEntity
  8
VISTA
100
AcDbPolyline
 90
5
 70
1
 10
138.889002
 20
-3.08325
 10
138.890001
 20
-3.06175
 10
138.691
 20
-3.06075
 10
138.690294
 20
-3.082957
 10
138.889002
 20
-3.08325
  0
LWPOLYLINE
  5
281
330
17
100
AcDbEntity
  8
VISTA
100
AcDbPolyline
 90
5
 70
1
 10
138.889002
 20
-3.10725
 10
138.890001
 20
-3.08575
 10
138.691
 20
-3.08475
 10
138.690294
 20
-3.106957
 10
138.889002
 20
-3.10725
  0
LWPOLYLINE
  5
282
330
17
100
AcDbEntity
  8
VISTA
100
AcDbPolyline
 90
5
 70
1
 10
138.889002
 20
-3.13125
 10
138.890001
 20
-3.10975
 10
138.691
 20
-3.10875
 10
138.690294
 20
-3.130957
 10
138.889002
 20
-3.13125
  0
LWPOLYLINE
  5
283
330
17
100
AcDbEntity
  8
VISTA
100
AcDbPolyline
 90
5
 70
1
 10
138.889002
 20
-3.15525
 10
138.890001
 20
-3.13375
 10
138.691
 20
-3.13275
 10
138.690294
 20
-3.154957
 10
138.889002
 20
-3.15525
  0
LWPOLYLINE
  5
284
330
17
100
AcDbEntity
  8
VISTA
100
AcDbPolyline
 90
5
 70
1
 10
138.889002
 20
-3.17925
 10
138.890001
 20
-3.15775
 10
138.691
 20
-3.15675
 10
138.690294
 20
-3.178957
 10
138.889002
 20
-3.17925
  0
LWPOLYLINE
  5
285
330
17
100
AcDbEntity
  8
VISTA
100
AcDbPolyline
 90
5
 70
1
 10
138.889002
 20
-3.20325
 10
138.890001
 20
-3.18175
 10
138.691
 20
-3.18075
 10
138.690294
 20
-3.202957
 10
138.889002
 20
-3.20325
  0
LWPOLYLINE
  5
286
330
17
100
AcDbEntity
  8
VISTA
100
AcDbPolyline
 90
5
 70
1
 10
138.889002
 20
-3.22725
 10
138.890001
 20
-3.20575
 10
138.691
 20
-3.20475
 10
138.690294
 20
-3.226957
 10
138.889002
 20
-3.22725
  0
LWPOLYLINE
  5
287
330
17
100
AcDbEntity
  8
VISTA
100
AcDbPolyline
 90
5
 70
1
 10
138.889002
 20
-3.25125
 10
138.890001
 20
-3.22975
 10
138.691
 20
-3.22875
 10
138.690294
 20
-3.250957
 10
138.889002
 20
-3.25125
  0
LWPOLYLINE
  5
288
330
17
100
AcDbEntity
  8
VISTA
100
AcDbPolyline
 90
5
 70
1
 10
138.889002
 20
-3.27525
 10
138.890001
 20
-3.25375
 10
138.691
 20
-3.25275
 10
138.690294
 20
-3.274957
 10
138.889002
 20
-3.27525
  0
LWPOLYLINE
  5
289
330
17
100
AcDbEntity
  8
VISTA
100
AcDbPolyline
 90
5
 70
1
 10
138.889002
 20
-3.29925
 10
138.890001
 20
-3.27775
 10
138.691
 20
-3.27675
 10
138.690294
 20
-3.298957
 10
138.889002
 20
-3.29925
  0
LWPOLYLINE
  5
28A
330
17
100
AcDbEntity
  8
VISTA
100
AcDbPolyline
 90
5
 70
1
 10
138.889002
 20
-3.32325
 10
138.890001
 20
-3.30175
 10
138.691
 20
-3.30075
 10
138.690294
 20
-3.322957
 10
138.889002
 20
-3.32325
  0
LWPOLYLINE
  5
28B
330
17
100
AcDbEntity
  8
VISTA
100
AcDbPolyline
 90
5
 70
1
 10
138.889002
 20
-3.34725
 10
138.890001
 20
-3.32575
 10
138.691
 20
-3.32475
 10
138.690294
 20
-3.346957
 10
138.889002
 20
-3.34725
  0
LWPOLYLINE
  5
28C
330
17
100
AcDbEntity
  8
VISTA
100
AcDbPolyline
 90
5
 70
1
 10
138.889002
 20
-3.37125
 10
138.890001
 20
-3.34975
 10
138.691
 20
-3.34875
 10
138.690294
 20
-3.370957
 10
138.889002
 20
-3.37125
  0
LWPOLYLINE
  5
28D
330
17
100
AcDbEntity
  8
VISTA
100
AcDbPolyline
 90
5
 70
1
 10
138.889002
 20
-3.39525
 10
138.890001
 20
-3.37375
 10
138.691
 20
-3.37275
 10
138.690294
 20
-3.394957
 10
138.889002
 20
-3.39525
  0
LWPOLYLINE
  5
28E
330
17
100
AcDbEntity
  8
VISTA
100
AcDbPolyline
 90
5
 70
1
 10
138.889002
 20
-3.41925
 10
138.890001
 20
-3.39775
 10
138.691
 20
-3.39675
 10
138.690294
 20
-3.418957
 10
138.889002
 20
-3.41925
  0
LWPOLYLINE
  5
28F
330
17
100
AcDbEntity
  8
VISTA
100
AcDbPolyline
 90
32
 70
1
 10
141.13765
 20
-3.915695
 10
141.1465
 20
-3.950268
 10
141.158447
 20
-3.974137
 10
141.176105
 20
-3.988168
 10
141.24
 20
-3.9928
 10
141.303894
 20
-3.988168
 10
141.321552
 20
-3.974137
 10
141.33350000000002
 20
-3.950268
 10
141.34235
 20
-3.915695
 10
141.349022
 20
-3.868834
 10
141.357342
 20
-3.722774
 10
141.360001
 20
-3.149998
 10
141.357342
 20
-2.577226
 10
141.353945
 20
-2.49332
 10
141.349022
 20
-2.431165
 10
141.34235
 20
-2.384305
 10
141.33350000000002
 20
-2.349732
 10
141.321552
 20
-2.325863
 10
141.303894
 20
-2.311832
 10
141.24
 20
-2.3072
 10
141.176105
 20
-2.311832
 10
141.158447
 20
-2.325863
 10
141.1465
 20
-2.349732
 10
141.13765
 20
-2.384305
 10
141.130978
 20
-2.431165
 10
141.122658
 20
-2.577226
 10
141.120659
 20
-2.701248
 10
141.119999
 20
-3.150001
 10
141.120659
 20
-3.598751
 10
141.122658
 20
-3.722774
 10
141.130978
 20
-3.868834
 10
141.13765
 20
-3.915695
  0
LWPOLYLINE
  5
290
330
17
100
AcDbEntity
  8
VISTA
100
AcDbPolyline
 90
10
 70
1
 10
141.136106
 20
-10.802474
 10
141.140999
 20
-10.805
 10
141.782473
 20
-10.803893
 10
141.785
 20
-10.799001
 10
141.783892
 20
-8.817527
 10
141.778999
 20
-8.815001
 10
141.140999
 20
-8.815001
 10
141.136757
 20
-8.816758
 10
141.134998
 20
-8.821
 10
141.136106
 20
-10.802474
  0
LWPOLYLINE
  5
291
330
17
100
AcDbEntity
  8
VISTA
100
AcDbPolyline
 90
32
 70
1
 10
134.9146
 20
-9.319021
 10
134.973864
 20
-9.323944
 10
135.172121
 20
-9.329341
 10
136.02788
 20
-9.329341
 10
136.146133
 20
-9.327343
 10
136.2854
 20
-9.319021
 10
136.330082
 20
-9.312349
 10
136.363047
 20
-9.3035
 10
136.385805
 20
-9.291553
 10
136.399183
 20
-9.273894
 10
136.403601
 20
-9.21
 10
136.399183
 20
-9.146106
 10
136.385805
 20
-9.128448
 10
136.363047
 20
-9.1165
 10
136.330082
 20
-9.107651
 10
136.2854
 20
-9.100979
 10
136.226137
 20
-9.096056
 10
136.146133
 20
-9.092657
 10
136.02788
 20
-9.090659
 10
135.172121
 20
-9.090659
 10
135.053867
 20
-9.092657
 10
134.9146
 20
-9.100979
 10
134.869919
 20
-9.107651
 10
134.836954
 20
-9.1165
 10
134.814196
 20
-9.128448
 10
134.800817
 20
-9.146106
 10
134.7964
 20
-9.21
 10
134.800817
 20
-9.273894
 10
134.814196
 20
-9.291553
 10
134.836954
 20
-9.3035
 10
134.869919
 20
-9.312349
 10
134.9146
 20
-9.319021
  0
LWPOLYLINE
  5
292
330
17
100
AcDbEntity
  8
VISTA
100
AcDbPolyline
 90
4
 70
1
 10
135.59999798944915
 20
-9.210000281858271
 10
135.59999798944918
 20
-9.21000028185827
 10
135.6
 20
-9.21
 10
135.59999798944915
 20
-9.210000281858271
  0
LWPOLYLINE
  5
293
330
17
100
AcDbEntity
  8
VISTA
100
AcDbPolyline
 90
22
 70
1
 10
136.86961
 20
-10.412082
 10
136.878464
 20
-10.436765
 10
136.887604
 20
-10.442939
 10
136.920218
 20
-10.444999
 10
136.952543
 20
-10.442939
 10
136.961012
 20
-10.436765
 10
136.966705
 20
-10.426482
 10
136.970661
 20
-10.412082
 10
136.97482300000001
 20
-10.363685
 10
136.974833
 20
-10.076312
 10
136.97256099999998
 20
-10.039672
 10
136.96667300000001
 20
-10.013515
 10
136.961514
 20
-10.003232
 10
136.952503
 20
-9.997058
 10
136.919819
 20
-9.994998
 10
136.887487
 20
-9.997058
 10
136.879017
 20
-10.003232
 10
136.870367
 20
-10.022435
 10
136.866268
 20
-10.055264
 10
136.864372
 20
-10.107425
 10
136.864979
 20
-10.363685
 10
136.86961
 20
-10.412082
  0
LWPOLYLINE
  5
294
330
17
100
AcDbEntity
  8
VISTA
100
AcDbPolyline
 90
24
 70
1
 10
136.864979
 20
-11.343688
 10
136.867615
 20
-11.380328
 10
136.87318199999999
 20
-11.406486
 10
136.878464
 20
-11.416768
 10
136.887604
 20
-11.422942
 10
136.920218
 20
-11.425002
 10
136.952543
 20
-11.422942
 10
136.961012
 20
-11.416768
 10
136.964869
 20
-11.410491
 10
136.972542
 20
-11.380328
 10
136.975657
 20
-11.312575
 10
136.97578
 20
-11.200002
 10
136.974833
 20
-11.056315
 10
136.97256099999998
 20
-11.019675
 10
136.964905
 20
-10.989512
 10
136.961514
 20
-10.983235
 10
136.952503
 20
-10.977061
 10
136.919819
 20
-10.975001
 10
136.887487
 20
-10.977061
 10
136.879017
 20
-10.983235
 10
136.873093
 20
-10.993518
 10
136.867676
 20
-11.019675
 10
136.865009
 20
-11.056315
 10
136.864979
 20
-11.343688
  0
LWPOLYLINE
  5
295
330
17
100
AcDbEntity
  8
VISTA
100
AcDbPolyline
 90
4
 70
1
 10
136.9178123011253
 20
-11.385822894162153
 10
136.9178123011253
 20
-11.385822894162171
 10
136.9178123011253
 20
-11.385822894162162
 10
136.9178123011253
 20
-11.385822894162153
  0
LWPOLYLINE
  5
296
330
17
100
AcDbEntity
  8
VISTA
100
AcDbPolyline
 90
4
 70
1
 10
136.956802678844
 20
-11.072439743072925
 10
136.956802678844
 20
-11.072439743072964
 10
136.956802678844
 20
-11.072439743072923
 10
136.956802678844
 20
-11.072439743072925
  0
LWPOLYLINE
  5
297
330
17
100
AcDbEntity
  8
VISTA
100
AcDbPolyline
 90
22
 70
1
 10
139.235168
 20
-3.143686
 10
139.237438
 20
-3.180327
 10
139.240818
 20
-3.197563
 10
139.248487
 20
-3.216767
 10
139.2575
 20
-3.222941
 10
139.29018
 20
-3.225
 10
139.322512
 20
-3.222941
 10
139.330984
 20
-3.216767
 10
139.339634
 20
-3.197563
 10
139.344992
 20
-3.143686
 10
139.345022
 20
-2.856314
 10
139.340391
 20
-2.807918
 10
139.336819
 20
-2.793517
 10
139.331535
 20
-2.783234
 10
139.322397
 20
-2.77706
 10
139.289785
 20
-2.775
 10
139.25745799999999
 20
-2.77706
 10
139.248989
 20
-2.783234
 10
139.243298
 20
-2.793517
 10
139.23934
 20
-2.807918
 10
139.23518
 20
-2.856314
 10
139.235168
 20
-3.143686
  0
LWPOLYLINE
  5
298
330
17
100
AcDbEntity
  8
VISTA
100
AcDbPolyline
 90
21
 70
1
 10
138.525167
 20
-10.363685
 10
138.52743900000002
 20
-10.400325
 10
138.530817
 20
-10.417562
 10
138.538486
 20
-10.436765
 10
138.547499
 20
-10.442939
 10
138.580181
 20
-10.444999
 10
138.612513
 20
-10.442939
 10
138.620983
 20
-10.436765
 10
138.629633
 20
-10.417562
 10
138.634991
 20
-10.363685
 10
138.635023
 20
-10.076312
 10
138.63039
 20
-10.027915
 10
138.621536
 20
-10.003232
 10
138.612396
 20
-9.997058
 10
138.579782
 20
-9.994998
 10
138.547457
 20
-9.997058
 10
138.538988
 20
-10.003232
 10
138.533297
 20
-10.013515
 10
138.529341
 20
-10.027915
 10
138.52517699999999
 20
-10.076312
 10
138.525167
 20
-10.363685
  0
LWPOLYLINE
  5
299
330
17
100
AcDbEntity
  8
VISTA
100
AcDbPolyline
 90
21
 70
1
 10
138.525167
 20
-11.343686
 10
138.52743900000002
 20
-11.380326
 10
138.530817
 20
-11.397563
 10
138.538486
 20
-11.416766
 10
138.547499
 20
-11.42294
 10
138.580181
 20
-11.425
 10
138.612513
 20
-11.42294
 10
138.620983
 20
-11.416766
 10
138.629633
 20
-11.397563
 10
138.634991
 20
-11.343686
 10
138.635023
 20
-11.056314
 10
138.63039
 20
-11.007916
 10
138.621536
 20
-10.983233
 10
138.612396
 20
-10.977059
 10
138.579782
 20
-10.974999
 10
138.547457
 20
-10.977059
 10
138.538988
 20
-10.983233
 10
138.53039
 20
-11.002437
 10
138.52746
 20
-11.019673
 10
138.524343
 20
-11.087426
 10
138.525167
 20
-11.343686
  0
LWPOLYLINE
  5
29A
330
17
100
AcDbEntity
  8
VISTA
100
AcDbPolyline
 90
4
 70
1
 10
138.58019398323924
 20
-11.424996115963864
 10
138.58019398323924
 20
-11.424996115963864
 10
138.580181
 20
-11.425
 10
138.58019398323924
 20
-11.424996115963864
  0
LWPOLYLINE
  5
29B
330
17
100
AcDbEntity
  8
VISTA
100
AcDbPolyline
 90
5
 70
1
 10
140.878706
 20
-1.782207
 10
140.878706
 20
-1.317793
 10
140.469294
 20
-1.317793
 10
140.469294
 20
-1.782207
 10
140.878706
 20
-1.782207
  0
LWPOLYLINE
  5
29C
330
17
100
AcDbEntity
  8
VISTA
100
AcDbPolyline
 90
49
 70
1
 10
139.533701
 20
-6.661117
 10
139.52613300000002
 20
-6.683413
 10
139.52154000000002
 20
-6.706505
 10
139.52
 20
-6.73
 10
139.52154000000002
 20
-6.753495
 10
139.52613300000002
 20
-6.776587
 10
139.533701
 20
-6.798883
 10
139.544115
 20
-6.82
 10
139.557196
 20
-6.839577
 10
139.572721
 20
-6.857279
 10
139.59042399999998
 20
-6.872804
 10
139.610001
 20
-6.885885
 10
139.631117
 20
-6.896298
 10
139.653412
 20
-6.903867
 10
139.676506
 20
-6.90846
 10
139.700001
 20
-6.91
 10
139.723495
 20
-6.90846
 10
139.746588
 20
-6.903867
 10
139.768883
 20
-6.896298
 10
139.790001
 20
-6.885885
 10
139.809578
 20
-6.872804
 10
139.82728
 20
-6.857279
 10
139.842804
 20
-6.839577
 10
139.855885
 20
-6.82
 10
139.866299
 20
-6.798883
 10
139.873867
 20
-6.776587
 10
139.87846
 20
-6.753495
 10
139.879999
 20
-6.73
 10
139.87846
 20
-6.706505
 10
139.873867
 20
-6.683413
 10
139.866299
 20
-6.661117
 10
139.855885
 20
-6.64
 10
139.842804
 20
-6.620423
 10
139.82728
 20
-6.602721
 10
139.809578
 20
-6.587196
 10
139.790001
 20
-6.574115
 10
139.768883
 20
-6.563702
 10
139.746588
 20
-6.556133
 10
139.723495
 20
-6.55154
 10
139.700001
 20
-6.55
 10
139.676506
 20
-6.55154
 10
139.653412
 20
-6.556133
 10
139.631117
 20
-6.563702
 10
139.610001
 20
-6.574115
 10
139.59042399999998
 20
-6.587196
 10
139.572721
 20
-6.602721
 10
139.557196
 20
-6.620423
 10
139.544115
 20
-6.64
 10
139.533701
 20
-6.661117
  0
LWPOLYLINE
  5
29D
330
17
100
AcDbEntity
  8
VISTA
100
AcDbPolyline
 90
32
 70
1
 10
136.988577
 20
-6.462824
 10
136.985001
 20
-6.49
 10
136.988577
 20
-6.517176
 10
136.99299200000002
 20
-6.530182
 10
136.999067
 20
-6.5425
 10
137.015755
 20
-6.564246
 10
137.026079
 20
-6.573302
 10
137.049818
 20
-6.587008
 10
137.076294
 20
-6.594102
 10
137.09
 20
-6.595
 10
137.103704
 20
-6.594102
 10
137.130182
 20
-6.587008
 10
137.14249999999998
 20
-6.580933
 10
137.164246
 20
-6.564246
 10
137.180933
 20
-6.5425
 10
137.187008
 20
-6.530182
 10
137.191422
 20
-6.517176
 10
137.195
 20
-6.49
 10
137.191422
 20
-6.462824
 10
137.187008
 20
-6.449818
 10
137.180933
 20
-6.4375
 10
137.164246
 20
-6.415754
 10
137.14249999999998
 20
-6.399067
 10
137.130182
 20
-6.392992
 10
137.103704
 20
-6.385898
 10
137.09
 20
-6.385
 10
137.076294
 20
-6.385898
 10
137.049818
 20
-6.392992
 10
137.026079
 20
-6.406698
 10
137.015755
 20
-6.415754
 10
136.999067
 20
-6.4375
 10
136.988577
 20
-6.462824
  0
LWPOLYLINE
  5
29E
330
17
100
AcDbEntity
  8
VISTA
100
AcDbPolyline
 90
17
 70
1
 10
137.037674
 20
-6.542326
 10
137.021633
 20
-6.518319
 10
137.016001
 20
-6.49
 10
137.021633
 20
-6.461681
 10
137.037674
 20
-6.437674
 10
137.061682
 20
-6.421633
 10
137.09
 20
-6.416
 10
137.11831899999999
 20
-6.421633
 10
137.142326
 20
-6.437674
 10
137.158367
 20
-6.461681
 10
137.164
 20
-6.49
 10
137.158367
 20
-6.518319
 10
137.142326
 20
-6.542326
 10
137.11831899999999
 20
-6.558367
 10
137.09
 20
-6.564
 10
137.061682
 20
-6.558367
 10
137.037674
 20
-6.542326
  0
LWPOLYLINE
  5
29F
330
17
100
AcDbEntity
  8
VISTA
100
AcDbPolyline
 90
4
 70
1
 10
137.0035379785503
 20
-6.45418600000643
 10
137.00353797852483
 20
-6.454185999995888
 10
137.00353797854797
 20
-6.454186000005472
 10
137.0035379785503
 20
-6.45418600000643
  0
LWPOLYLINE
  5
2A0
330
17
100
AcDbEntity
  8
VISTA
100
AcDbPolyline
 90
4
 70
1
 10
137.00365522004086
 20
-6.478632220029875
 10
137.00365522004327
 20
-6.478632220030191
 10
137.0036552200332
 20
-6.478632220028866
 10
137.00365522004086
 20
-6.478632220029875
  0
LWPOLYLINE
  5
2A1
330
17
100
AcDbEntity
  8
VISTA
100
AcDbPolyline
 90
32
 70
1
 10
134.445898
 20
-6.476295
 10
134.445898
 20
-6.503705
 10
134.452992
 20
-6.530182
 10
134.459067
 20
-6.5425
 10
134.466698
 20
-6.55392
 10
134.48608
 20
-6.573302
 10
134.509818
 20
-6.587008
 10
134.522824
 20
-6.591422
 10
134.536295
 20
-6.594102
 10
134.563705
 20
-6.594102
 10
134.590181
 20
-6.587008
 10
134.6025
 20
-6.580933
 10
134.624247
 20
-6.564246
 10
134.63330200000001
 20
-6.55392
 10
134.640933
 20
-6.5425
 10
134.651423
 20
-6.517176
 10
134.655
 20
-6.49
 10
134.654101
 20
-6.476295
 10
134.651423
 20
-6.462824
 10
134.640933
 20
-6.4375
 10
134.624247
 20
-6.415754
 10
134.61392
 20
-6.406698
 10
134.6025
 20
-6.399067
 10
134.577176
 20
-6.388578
 10
134.563705
 20
-6.385898
 10
134.536295
 20
-6.385898
 10
134.509818
 20
-6.392992
 10
134.4975
 20
-6.399067
 10
134.48608
 20
-6.406698
 10
134.466698
 20
-6.42608
 10
134.452992
 20
-6.449818
 10
134.445898
 20
-6.476295
  0
LWPOLYLINE
  5
2A2
330
17
100
AcDbEntity
  8
VISTA
100
AcDbPolyline
 90
17
 70
1
 10
134.497674
 20
-6.542326
 10
134.481633
 20
-6.518319
 10
134.476
 20
-6.49
 10
134.481633
 20
-6.461681
 10
134.497674
 20
-6.437674
 10
134.521682
 20
-6.421633
 10
134.55
 20
-6.416
 10
134.578319
 20
-6.421633
 10
134.602325
 20
-6.437674
 10
134.618367
 20
-6.461681
 10
134.624
 20
-6.49
 10
134.618367
 20
-6.518319
 10
134.602325
 20
-6.542326
 10
134.578319
 20
-6.558367
 10
134.55
 20
-6.564
 10
134.521682
 20
-6.558367
 10
134.497674
 20
-6.542326
  0
LWPOLYLINE
  5
2A3
330
17
100
AcDbEntity
  8
VISTA
100
AcDbPolyline
 90
4
 70
1
 10
134.46309895064306
 20
-6.5014409506628095
 10
134.463098950674
 20
-6.501440950658735
 10
134.46309895066017
 20
-6.50144095066056
 10
134.46309895064306
 20
-6.5014409506628095
  0
LWPOLYLINE
  5
2A4
330
17
100
AcDbEntity
  8
VISTA
100
AcDbPolyline
 90
4
 70
1
 10
134.6425191310962
 20
-6.5283228689047075
 10
134.64251913109277
 20
-6.528322868903283
 10
134.64251913110428
 20
-6.528322868908047
 10
134.6425191310962
 20
-6.5283228689047075
  0
LWPOLYLINE
  5
2A5
330
17
100
AcDbEntity
  8
VISTA
100
AcDbPolyline
 90
9
 70
1
 10
140.4475
 20
-1.795
 10
140.466501
 20
-1.795
 10
140.469501
 20
-1.792
 10
140.469501
 20
-1.308
 10
140.466501
 20
-1.305
 10
140.4475
 20
-1.305
 10
140.4445
 20
-1.308
 10
140.4445
 20
-1.792
 10
140.4475
 20
-1.795
  0
LWPOLYLINE
  5
2A6
330
17
100
AcDbEntity
  8
VISTA
100
AcDbPolyline
 90
8
 70
1
 10
141.264
 20
-5.62
 10
141.266001
 20
-5.618
 10
141.266001
 20
-5.202
 10
141.264
 20
-5.2
 10
141.256001
 20
-5.2
 10
141.254
 20
-5.202
 10
141.254585
 20
-5.619414
 10
141.264
 20
-5.62
  0
LWPOLYLINE
  5
2A7
330
17
100
AcDbEntity
  8
VISTA
100
AcDbPolyline
 90
14
 70
1
 10
141.07
 20
-9.48
 10
141.071108
 20
-10.817474
 10
141.076
 20
-10.820001
 10
141.787474
 20
-10.818892
 10
141.790001
 20
-10.814
 10
141.788893
 20
-8.802526
 10
141.784
 20
-8.8
 10
141.076
 20
-8.8
 10
141.071758
 20
-8.801758
 10
141.07
 20
-8.806001
 10
141.07
 20
-8.86
 10
140.74
 20
-8.86
 10
140.74
 20
-9.48
 10
141.07
 20
-9.48
  0
LWPOLYLINE
  5
2A8
330
17
100
AcDbEntity
  8
VISTA
100
AcDbPolyline
 90
7
 70
1
 10
141.20499999999998
 20
-9.48
 10
141.300001
 20
-9.48
 10
141.300001
 20
-9.219999
 10
141.635
 20
-9.219999
 10
141.635
 20
-9.58
 10
141.20499999999998
 20
-9.58
 10
141.20499999999998
 20
-9.48
  0
LWPOLYLINE
  5
2A9
330
17
100
AcDbEntity
  8
VISTA
100
AcDbPolyline
 90
29
 70
1
 10
137.672001
 20
-10.71
 10
137.673956
 20
-10.727357
 10
137.679724
 20
-10.743843
 10
137.689016
 20
-10.758633
 10
137.701368
 20
-10.770983
 10
137.716158
 20
-10.780275
 10
137.732643
 20
-10.786044
 10
137.75
 20
-10.788
 10
137.767357
 20
-10.786044
 10
137.783842
 20
-10.780275
 10
137.798632
 20
-10.770983
 10
137.810984
 20
-10.758633
 10
137.820276
 20
-10.743843
 10
137.826044
 20
-10.727357
 10
137.827999
 20
-10.71
 10
137.826044
 20
-10.692643
 10
137.820276
 20
-10.676157
 10
137.810984
 20
-10.661367
 10
137.798632
 20
-10.649017
 10
137.783842
 20
-10.639725
 10
137.767357
 20
-10.633956
 10
137.75
 20
-10.632
 10
137.732643
 20
-10.633956
 10
137.716158
 20
-10.639725
 10
137.701368
 20
-10.649017
 10
137.689016
 20
-10.661367
 10
137.679724
 20
-10.676157
 10
137.673956
 20
-10.692643
 10
137.672001
 20
-10.71
  0
LWPOLYLINE
  5
2AA
330
17
100
AcDbEntity
  8
VISTA
100
AcDbPolyline
 90
5
 70
1
 10
141.66456
 20
-10.55956
 10
141.66456
 20
-10.08044
 10
141.135439
 20
-10.08044
 10
141.135439
 20
-10.55956
 10
141.66456
 20
-10.55956
  0
LWPOLYLINE
  5
2AB
330
17
100
AcDbEntity
  8
VISTA
100
AcDbPolyline
 90
44
 70
1
 10
141.195013
 20
-9.282079
 10
141.189438
 20
-9.3049
 10
141.186108
 20
-9.334738
 10
141.186108
 20
-9.465262
 10
141.189438
 20
-9.495099
 10
141.195013
 20
-9.517921
 10
141.202875
 20
-9.536604
 10
141.21309300000001
 20
-9.552221
 10
141.225784
 20
-9.56529
 10
141.24114
 20
-9.576091
 10
141.259491
 20
-9.584787
 10
141.281443
 20
-9.591477
 10
141.308258
 20
-9.596223
 10
141.343317
 20
-9.599057
 10
141.496683
 20
-9.599057
 10
141.531742
 20
-9.596223
 10
141.558558
 20
-9.591477
 10
141.580509
 20
-9.584787
 10
141.59886
 20
-9.576091
 10
141.614216
 20
-9.56529
 10
141.626907
 20
-9.552221
 10
141.637125
 20
-9.536604
 10
141.64498700000001
 20
-9.517921
 10
141.650562
 20
-9.495099
 10
141.653893
 20
-9.465262
 10
141.653893
 20
-9.334738
 10
141.650562
 20
-9.3049
 10
141.64498700000001
 20
-9.282079
 10
141.637125
 20
-9.263396
 10
141.626907
 20
-9.247779
 10
141.614216
 20
-9.23471
 10
141.59886
 20
-9.223909
 10
141.580509
 20
-9.215213
 10
141.558558
 20
-9.208522
 10
141.496683
 20
-9.200943
 10
141.343317
 20
-9.200943
 10
141.308258
 20
-9.203777
 10
141.281443
 20
-9.208522
 10
141.259491
 20
-9.215213
 10
141.24114
 20
-9.223909
 10
141.225784
 20
-9.23471
 10
141.21309300000001
 20
-9.247779
 10
141.202875
 20
-9.263396
 10
141.195013
 20
-9.282079
  0
LWPOLYLINE
  5
2AC
330
17
100
AcDbEntity
  8
VISTA
100
AcDbPolyline
 90
4
 70
1
 10
141.47917088527927
 20
-9.24640350497776
 10
141.4791708852682
 20
-9.246403505006555
 10
141.4791708852747
 20
-9.246403504989662
 10
141.47917088527927
 20
-9.24640350497776
  0
LWPOLYLINE
  5
2AD
330
17
100
AcDbEntity
  8
VISTA
100
AcDbPolyline
 90
4
 70
1
 10
141.26588873664554
 20
-9.33643315781366
 10
141.26588873660447
 20
-9.336433157796717
 10
141.26588873664687
 20
-9.336433157814211
 10
141.26588873664554
 20
-9.33643315781366
  0
LWPOLYLINE
  5
2AE
330
17
100
AcDbEntity
  8
VISTA
100
AcDbPolyline
 90
6
 70
1
 10
137.766172
 20
-6.723828
 10
137.768999
 20
-6.725
 10
138.233828
 20
-6.723828
 10
138.233828
 20
-6.236172
 10
137.766172
 20
-6.236172
 10
137.766172
 20
-6.723828
  0
LWPOLYLINE
  5
2AF
330
17
100
AcDbEntity
  8
VISTA
100
AcDbPolyline
 90
4
 70
1
 10
137.766691
 20
-6.72331
 10
137.767206
 20
-6.723528
 10
137.766472
 20
-6.723528
 10
137.766691
 20
-6.72331
  0
LWPOLYLINE
  5
2B0
330
17
100
AcDbEntity
  8
VISTA
100
AcDbPolyline
 90
4
 70
1
 10
137.766691
 20
-6.236691
 10
137.766472
 20
-6.237206
 10
137.766472
 20
-6.236472
 10
137.766691
 20
-6.236691
  0
LWPOLYLINE
  5
2B1
330
17
100
AcDbEntity
  8
VISTA
100
AcDbPolyline
 90
4
 70
1
 10
138.233309
 20
-6.236691
 10
138.232794
 20
-6.236472
 10
138.233528
 20
-6.236472
 10
138.233309
 20
-6.236691
  0
LWPOLYLINE
  5
2B2
330
17
100
AcDbEntity
  8
VISTA
100
AcDbPolyline
 90
4
 70
1
 10
138.233528
 20
-6.723528
 10
138.232794
 20
-6.723528
 10
138.233309
 20
-6.72331
 10
138.233528
 20
-6.723528
  0
LWPOLYLINE
  5
2B3
330
17
100
AcDbEntity
  8
VISTA
100
AcDbPolyline
 90
5
 70
1
 10
140.446001
 20
-1.49
 10
140.446001
 20
-1.35
 10
140.434
 20
-1.35
 10
140.434
 20
-1.49
 10
140.446001
 20
-1.49
  0
LWPOLYLINE
  5
2B4
330
17
100
AcDbEntity
  8
VISTA
100
AcDbPolyline
 90
5
 70
1
 10
140.878706
 20
-1.782207
 10
140.878706
 20
-1.317793
 10
140.469294
 20
-1.317793
 10
140.469294
 20
-1.782207
 10
140.878706
 20
-1.782207
  0
LWPOLYLINE
  5
2B5
330
17
100
AcDbEntity
  8
VISTA
100
AcDbPolyline
 90
9
 70
1
 10
140.4475
 20
-1.795
 10
140.466501
 20
-1.795
 10
140.469501
 20
-1.792
 10
140.469501
 20
-1.308
 10
140.466501
 20
-1.305
 10
140.4475
 20
-1.305
 10
140.4445
 20
-1.308
 10
140.4445
 20
-1.792
 10
140.4475
 20
-1.795
  0
LWPOLYLINE
  5
2B6
330
17
100
AcDbEntity
  8
VISTA
100
AcDbPolyline
 90
9
 70
1
 10
134.0
 20
-8.4455
 10
134.0045
 20
-8.45
 10
134.1955
 20
-8.45
 10
134.200001
 20
-8.4455
 10
134.200001
 20
-6.6545
 10
134.1955
 20
-6.65
 10
134.0045
 20
-6.65
 10
134.0
 20
-6.6545
 10
134.0
 20
-8.4455
  0
LWPOLYLINE
  5
2B7
330
17
100
AcDbEntity
  8
VISTA
100
AcDbPolyline
 90
8
 70
1
 10
138.145498
 20
-8.3255
 10
138.147499
 20
-8.327499
 10
138.175499
 20
-8.327499
 10
138.1775
 20
-8.3255
 10
138.1775
 20
-8.1895
 10
138.175499
 20
-8.1875
 10
138.146498
 20
-8.188088
 10
138.145498
 20
-8.3255
  0
LWPOLYLINE
  5
2B8
330
17
100
AcDbEntity
  8
VISTA
100
AcDbPolyline
 90
8
 70
1
 10
136.817501
 20
-8.047501
 10
136.8195
 20
-8.0495
 10
136.955502
 20
-8.0495
 10
136.9575
 20
-8.047501
 10
136.9575
 20
-8.019501
 10
136.955502
 20
-8.017501
 10
136.818499
 20
-8.018089
 10
136.817501
 20
-8.047501
  0
LWPOLYLINE
  5
2B9
330
17
100
AcDbEntity
  8
VISTA
100
AcDbPolyline
 90
8
 70
1
 10
138.6175
 20
-7.927498
 10
138.619499
 20
-7.929498
 10
138.755501
 20
-7.929498
 10
138.7575
 20
-7.927498
 10
138.7575
 20
-7.899498
 10
138.755501
 20
-7.897498
 10
138.618498
 20
-7.898087
 10
138.6175
 20
-7.927498
  0
LWPOLYLINE
  5
2BA
330
17
100
AcDbEntity
  8
VISTA
100
AcDbPolyline
 90
19
 70
1
 10
138.307949
 20
-6.423217
 10
138.311934
 20
-6.452931
 10
138.319277
 20
-6.483024
 10
138.326237
 20
-6.571211
 10
138.325819
 20
-6.620653
 10
138.328749
 20
-6.640563
 10
138.340441
 20
-6.674912
 10
138.343355
 20
-6.676822
 10
138.330496
 20
-6.640139
 10
138.327618
 20
-6.620585
 10
138.328032
 20
-6.571075
 10
138.321053
 20
-6.482728
 10
138.313702
 20
-6.452596
 10
138.309746
 20
-6.423178
 10
138.314629
 20
-6.368477
 10
138.317036
 20
-6.297313
 10
138.319546
 20
-6.28755
 10
138.315964
 20
-6.289845
 10
138.307949
 20
-6.423217
  0
LWPOLYLINE
  5
2BB
330
17
100
AcDbEntity
  8
VISTA
100
AcDbPolyline
 90
22
 70
1
 10
138.328768
 20
-6.344355
 10
138.34033399999998
 20
-6.393002
 10
138.345844
 20
-6.450763
 10
138.347214
 20
-6.481129
 10
138.341885
 20
-6.541913
 10
138.349436
 20
-6.595919
 10
138.35027300000002
 20
-6.639045
 10
138.34992
 20
-6.654956
 10
138.343355
 20
-6.676822
 10
138.351704
 20
-6.655189
 10
138.352072
 20
-6.63902
 10
138.351233
 20
-6.595808
 10
138.343683
 20
-6.541815
 10
138.34901
 20
-6.481205
 10
138.34763900000002
 20
-6.450614
 10
138.342119
 20
-6.392787
 10
138.330521
 20
-6.343951
 10
138.325811
 20
-6.296567
 10
138.322899
 20
-6.289366
 10
138.319546
 20
-6.28755
 10
138.324064
 20
-6.296996
 10
138.328768
 20
-6.344355
  0
LWPOLYLINE
  5
2BC
330
17
100
AcDbEntity
  8
VISTA
100
AcDbPolyline
 90
21
 70
1
 10
138.969564
 20
-6.394475
 10
138.970745
 20
-6.42274
 10
138.968405
 20
-6.453141
 10
138.971277
 20
-6.483694
 10
139.003355
 20
-6.618383
 10
139.006289
 20
-6.654292
 10
139.014626
 20
-6.672473
 10
139.018335
 20
-6.674871
 10
139.020681
 20
-6.671402
 10
139.022755
 20
-6.635894
 10
139.020702
 20
-6.56615
 10
139.015659
 20
-6.53817
 10
139.006056
 20
-6.509478
 10
139.000788
 20
-6.479546
 10
138.99984
 20
-6.448901
 10
138.986334
 20
-6.342165
 10
138.966885
 20
-6.289489
 10
138.963806
 20
-6.286884
 10
138.958223
 20
-6.297965
 10
138.958097
 20
-6.310015
 10
138.969564
 20
-6.394475
  0
LWPOLYLINE
  5
2BD
330
17
100
AcDbEntity
  8
VISTA
100
AcDbPolyline
 90
18
 70
1
 10
138.973051
 20
-6.483377
 10
138.970205
 20
-6.453125
 10
138.972544
 20
-6.422775
 10
138.971355
 20
-6.394279
 10
138.959888
 20
-6.309851
 10
138.960005
 20
-6.298216
 10
138.96403447495214
 20
-6.288882678240071
 10
138.984612
 20
-6.342682
 10
138.998045
 20
-6.449034
 10
138.998995
 20
-6.479731
 10
139.004311
 20
-6.50992
 10
139.013916
 20
-6.538621
 10
139.018911
 20
-6.566325
 10
139.020958
 20
-6.635827
 10
139.01799841830183
 20
-6.672926768396902
 10
139.00803200000001
 20
-6.653849
 10
139.00514
 20
-6.618151
 10
138.973051
 20
-6.483377
  0
LWPOLYLINE
  5
2BE
330
17
100
AcDbEntity
  8
VISTA
100
AcDbPolyline
 90
4
 70
1
 10
139.01895429508392
 20
-6.6713207323536885
 10
139.018894
 20
-6.671267
 10
139.01895429508392
 20
-6.671320732353688
 10
139.01895429508392
 20
-6.6713207323536885
  0
LWPOLYLINE
  5
2BF
330
17
100
AcDbEntity
  8
VISTA
100
AcDbPolyline
 90
4
 70
1
 10
139.01836634376764
 20
-6.673514511095787
 10
139.01846942120022
 20
-6.6732654271382135
 10
139.01836634376764
 20
-6.673514511095788
 10
139.01836634376764
 20
-6.673514511095787
  0
LWPOLYLINE
  5
2C0
330
17
100
AcDbEntity
  8
VISTA
100
AcDbPolyline
 90
4
 70
1
 10
139.0176953681209
 20
-6.673540649377125
 10
139.0176953681209
 20
-6.6735406493771245
 10
139.0178126822219
 20
-6.67365804682738
 10
139.0176953681209
 20
-6.673540649377125
  0
LWPOLYLINE
  5
2C1
330
17
100
AcDbEntity
  8
VISTA
100
AcDbPolyline
 90
4
 70
1
 10
139.01802005616773
 20
-6.67319949447087
 10
139.0179889812383
 20
-6.673171225715659
 10
139.01806048155186
 20
-6.6731101044798615
 10
139.01802005616773
 20
-6.67319949447087
  0
LWPOLYLINE
  5
2C2
330
17
100
AcDbEntity
  8
VISTA
100
AcDbPolyline
 90
19
 70
1
 10
138.643679
 20
-6.63436
 10
138.643562
 20
-6.662051
 10
138.647915
 20
-6.672629
 10
138.651861
 20
-6.669984
 10
138.655033
 20
-6.662668
 10
138.665051
 20
-6.566127
 10
138.677303
 20
-6.508543
 10
138.672915
 20
-6.447161
 10
138.672516
 20
-6.362967
 10
138.67842100000001
 20
-6.320055
 10
138.673382
 20
-6.29182
 10
138.668419
 20
-6.281366
 10
138.655054
 20
-6.31875
 10
138.649803
 20
-6.361733
 10
138.647619
 20
-6.387849
 10
138.651083
 20
-6.446056
 10
138.64031
 20
-6.506566
 10
138.636097
 20
-6.590703
 10
138.643679
 20
-6.63436
  0
LWPOLYLINE
  5
2C3
330
17
100
AcDbEntity
  8
VISTA
100
AcDbPolyline
 90
18
 70
1
 10
138.653267
 20
-6.662328
 10
138.64808998744823
 20
-6.670769279444375
 10
138.645357
 20
-6.661929
 10
138.64547
 20
-6.63416
 10
138.637897
 20
-6.590625
 10
138.642099
 20
-6.506745
 10
138.652878
 20
-6.446198
 10
138.649418
 20
-6.387836
 10
138.651592
 20
-6.361928
 10
138.656826
 20
-6.319062
 10
138.6684205622575
 20
-6.283477256763947
 10
138.674635
 20
-6.30408
 10
138.67662
 20
-6.320018
 10
138.670717
 20
-6.362887
 10
138.671114
 20
-6.447194
 10
138.675505
 20
-6.508457
 10
138.66328
 20
-6.565797
 10
138.653267
 20
-6.662328
  0
LWPOLYLINE
  5
2C4
330
17
100
AcDbEntity
  8
VISTA
100
AcDbPolyline
 90
4
 70
1
 10
138.66757428014571
 20
-6.284771980025039
 10
138.667744
 20
-6.284897
 10
138.66757428014571
 20
-6.28477198002504
 10
138.66757428014571
 20
-6.284771980025039
  0
LWPOLYLINE
  5
2C5
330
17
100
AcDbEntity
  8
VISTA
100
AcDbPolyline
 90
4
 70
1
 10
138.64931744986188
 20
-6.378306740549857
 10
138.6493174498625
 20
-6.378306740542288
 10
138.64931744986404
 20
-6.378306740524226
 10
138.64931744986188
 20
-6.378306740549857
  0
LWPOLYLINE
  5
2C6
330
17
100
AcDbEntity
  8
VISTA
100
AcDbPolyline
 90
4
 70
1
 10
138.648008
 20
-6.670832
 10
138.64821463521
 20
-6.671003788443818
 10
138.64809126862372
 20
-6.671119021437435
 10
138.648008
 20
-6.670832
  0
LWPOLYLINE
  5
2C7
330
17
100
AcDbEntity
  8
VISTA
100
AcDbPolyline
 90
18
 70
1
 10
138.425558
 20
-6.59632
 10
138.419579
 20
-6.639078
 10
138.420111
 20
-6.655326
 10
138.424883
 20
-6.674757
 10
138.427904
 20
-6.677913
 10
138.441452
 20
-6.640761
 10
138.451868
 20
-6.571933
 10
138.448387
 20
-6.513514
 10
138.458645
 20
-6.453162
 10
138.465944
 20
-6.369254
 10
138.459791
 20
-6.32543
 10
138.459112
 20
-6.2977
 10
138.455235
 20
-6.287067
 10
138.45141999999998
 20
-6.289656
 10
138.447542
 20
-6.296821
 10
138.437544
 20
-6.393377
 10
138.423262
 20
-6.450578
 10
138.425558
 20
-6.59632
  0
LWPOLYLINE
  5
2C8
330
17
100
AcDbEntity
  8
VISTA
100
AcDbPolyline
 90
14
 70
1
 10
138.42794876113703
 20
-6.6758311710272
 10
138.4219
 20
-6.655119
 10
138.421371
 20
-6.639239
 10
138.427359
 20
-6.596343
 10
138.425047
 20
-6.450807
 10
138.43932
 20
-6.393675
 10
138.44928
 20
-6.297298
 10
138.45501862132053
 20
-6.28900066354374
 10
138.464148
 20
-6.369213
 10
138.456861
 20
-6.452922
 10
138.446587
 20
-6.513452
 10
138.45006899999998
 20
-6.571849
 10
138.439699
 20
-6.640367
 10
138.42794876113703
 20
-6.6758311710272
  0
LWPOLYLINE
  5
2C9
330
17
100
AcDbEntity
  8
VISTA
100
AcDbPolyline
 90
4
 70
1
 10
138.45616125089003
 20
-6.290646391207307
 10
138.456093
 20
-6.290722
 10
138.45616125089003
 20
-6.290646391207306
 10
138.45616125089003
 20
-6.290646391207307
  0
LWPOLYLINE
  5
2CA
330
17
100
AcDbEntity
  8
VISTA
100
AcDbPolyline
 90
4
 70
1
 10
138.45495339370086
 20
-6.288745401453721
 10
138.45500795199547
 20
-6.288694692539308
 10
138.45508941140838
 20
-6.288846891589325
 10
138.45495339370086
 20
-6.288745401453721
  0
LWPOLYLINE
  5
2CB
330
17
100
AcDbEntity
  8
VISTA
100
AcDbPolyline
 90
4
 70
1
 10
138.45444064510855
 20
-6.287803800457406
 10
138.45390244684194
 20
-6.288303003940998
 10
138.45390244684194
 20
-6.2883030039409995
 10
138.45444064510855
 20
-6.287803800457406
  0
LWPOLYLINE
  5
2CC
330
17
100
AcDbEntity
  8
VISTA
100
AcDbPolyline
 90
8
 70
1
 10
132.9725
 20
-5.011939
 10
132.9742
 20
-5.013634
 10
133.0158
 20
-5.013634
 10
133.0175
 20
-5.011939
 10
133.0175
 20
-1.188061
 10
133.0158
 20
-1.186366
 10
132.972998
 20
-1.187135
 10
132.9725
 20
-5.011939
  0
LWPOLYLINE
  5
2CD
330
17
100
AcDbEntity
  8
VISTA
100
AcDbPolyline
 90
10
 70
1
 10
133.9425
 20
-5.011939
 10
133.944201
 20
-5.013634
 10
133.9858
 20
-5.013634
 10
133.9875
 20
-5.011939
 10
133.9875
 20
-1.188061
 10
133.9858
 20
-1.186366
 10
133.944201
 20
-1.186366
 10
133.943349
 20
-1.186594
 10
133.942998
 20
-1.187135
 10
133.9425
 20
-5.011939
  0
LWPOLYLINE
  5
2CE
330
17
100
AcDbEntity
  8
VISTA
100
AcDbPolyline
 90
4
 70
1
 10
133.94322205972804
 20
-1.1871535332784897
 10
133.943216
 20
-1.186992
 10
133.94322205972804
 20
-1.187153533278487
 10
133.94322205972804
 20
-1.1871535332784897
  0
LWPOLYLINE
  5
2CF
330
17
100
AcDbEntity
  8
VISTA
100
AcDbPolyline
 90
8
 70
1
 10
132.9975
 20
-12.9783
 10
132.999201
 20
-12.98
 10
133.0408
 20
-12.98
 10
133.0425
 20
-12.9783
 10
133.0425
 20
-5.001699
 10
133.0408
 20
-5.0
 10
132.998217
 20
-5.000314
 10
132.9975
 20
-12.9783
  0
LWPOLYLINE
  5
2D0
330
17
100
AcDbEntity
  8
VISTA
100
AcDbPolyline
 90
8
 70
1
 10
141.9783
 20
-13.0025
 10
141.98
 20
-13.0008
 10
141.98
 20
-12.9592
 10
141.9783
 20
-12.9575
 10
133.0217
 20
-12.9575
 10
133.02
 20
-12.959199
 10
133.020313
 20
-13.001783
 10
141.9783
 20
-13.0025
  0
LWPOLYLINE
  5
2D1
330
17
100
AcDbEntity
  8
VISTA
100
AcDbPolyline
 90
18
 70
1
 10
138.759981
 20
-6.480266
 10
138.755917
 20
-6.618265
 10
138.768847
 20
-6.673088
 10
138.77154000000002
 20
-6.67606
 10
138.778214
 20
-6.665842
 10
138.780857
 20
-6.653907
 10
138.780531
 20
-6.540443
 10
138.78978
 20
-6.480006
 10
138.783337
 20
-6.391427
 10
138.775105
 20
-6.342187
 10
138.776815
 20
-6.306299
 10
138.7715
 20
-6.287118
 10
138.76812
 20
-6.284275
 10
138.764997
 20
-6.287391
 10
138.759594
 20
-6.322331
 10
138.751675
 20
-6.391715
 10
138.751059
 20
-6.420138
 10
138.759981
 20
-6.480266
  0
LWPOLYLINE
  5
2D2
330
17
100
AcDbEntity
  8
VISTA
100
AcDbPolyline
 90
15
 70
1
 10
138.757708
 20
-6.618079
 10
138.761782
 20
-6.480224
 10
138.75285300000002
 20
-6.419987
 10
138.753468
 20
-6.391858
 10
138.758892
 20
-6.342465
 10
138.76816761848627
 20
-6.28613862207068
 10
138.775021
 20
-6.306423
 10
138.773308
 20
-6.342289
 10
138.78154899999998
 20
-6.391624
 10
138.787979
 20
-6.479995
 10
138.778744
 20
-6.540241
 10
138.779062
 20
-6.653757
 10
138.776505
 20
-6.665288
 10
138.7715331810623
 20
-6.674052112613736
 10
138.757708
 20
-6.618079
  0
LWPOLYLINE
  5
2D3
330
17
100
AcDbEntity
  8
VISTA
100
AcDbPolyline
 90
4
 70
1
 10
138.7685048069511
 20
-6.284752071474925
 10
138.7685048069511
 20
-6.284752071474922
 10
138.76913037547214
 20
-6.285527631521631
 10
138.7685048069511
 20
-6.284752071474925
  0
LWPOLYLINE
  5
2D4
330
17
100
AcDbEntity
  8
VISTA
100
AcDbPolyline
 90
4
 70
1
 10
138.768137
 20
-6.286075
 10
138.76802276409396
 20
-6.285985731821933
 10
138.76815719481527
 20
-6.2857956621207105
 10
138.768137
 20
-6.286075
  0
LWPOLYLINE
  5
2D5
330
17
100
AcDbEntity
  8
VISTA
100
AcDbPolyline
 90
4
 70
1
 10
138.76842492183226
 20
-6.285417126666661
 10
138.76842492183226
 20
-6.28541712666666
 10
138.76852065845745
 20
-6.285549650788967
 10
138.76842492183226
 20
-6.285417126666661
  0
LWPOLYLINE
  5
2D6
330
17
100
AcDbEntity
  8
VISTA
100
AcDbPolyline
 90
4
 70
1
 10
138.78032925042677
 20
-6.637852204213232
 10
138.78032925042677
 20
-6.6378522042130665
 10
138.78032925042677
 20
-6.637852204213141
 10
138.78032925042677
 20
-6.637852204213232
  0
LWPOLYLINE
  5
2D7
330
17
100
AcDbEntity
  8
VISTA
100
AcDbPolyline
 90
5
 70
1
 10
137.748001
 20
-6.6999
 10
137.7579
 20
-6.7
 10
137.757999
 20
-6.2501
 10
137.7481
 20
-6.2501
 10
137.748001
 20
-6.6999
  0
LWPOLYLINE
  5
2D8
330
17
100
AcDbEntity
  8
VISTA
100
AcDbPolyline
 90
5
 70
1
 10
138.242001
 20
-6.6999
 10
138.2519
 20
-6.7
 10
138.251999
 20
-6.2501
 10
138.2421
 20
-6.2501
 10
138.242001
 20
-6.6999
  0
LWPOLYLINE
  5
2D9
330
17
100
AcDbEntity
  8
VISTA
100
AcDbPolyline
 90
19
 70
1
 10
138.528425
 20
-6.365409
 10
138.535616
 20
-6.419299
 10
138.530226
 20
-6.480171
 10
138.540924
 20
-6.568264
 10
138.55345499999999
 20
-6.616812
 10
138.555193
 20
-6.652569
 10
138.557922
 20
-6.664275
 10
138.561115
 20
-6.671412
 10
138.564648
 20
-6.674026
 10
138.567869
 20
-6.670722
 10
138.573416
 20
-6.537255
 10
138.559931
 20
-6.477833
 10
138.55369
 20
-6.38959
 10
138.553335
 20
-6.340068
 10
138.536837
 20
-6.286199
 10
138.533907
 20
-6.283433
 10
138.528511
 20
-6.294028
 10
138.525879
 20
-6.306159
 10
138.528425
 20
-6.365409
  0
LWPOLYLINE
  5
2DA
330
17
100
AcDbEntity
  8
VISTA
100
AcDbPolyline
 90
4
 70
1
 10
138.550640962465
 20
-6.601433389183356
 10
138.5506409624671
 20
-6.601433389190685
 10
138.55064096246616
 20
-6.601433389187452
 10
138.550640962465
 20
-6.601433389183356
  0
LWPOLYLINE
  5
2DB
330
17
100
AcDbEntity
  8
VISTA
100
AcDbPolyline
 90
16
 70
1
 10
138.532026
 20
-6.480145
 10
138.537416
 20
-6.41928
 10
138.53021999999999
 20
-6.365245
 10
138.52767599999999
 20
-6.306274
 10
138.53408250943787
 20
-6.285320082127197
 10
138.551546
 20
-6.340268
 10
138.551893
 20
-6.389712
 10
138.55814900000001
 20
-6.478089
 10
138.571625
 20
-6.537435
 10
138.569147
 20
-6.615383
 10
138.564507
 20
-6.672232
 10
138.559641
 20
-6.663746
 10
138.556984
 20
-6.652385
 10
138.555223
 20
-6.616475
 10
138.5427
 20
-6.567974
 10
138.532026
 20
-6.480145
  0
LWPOLYLINE
  5
2DC
330
17
100
AcDbEntity
  8
VISTA
100
AcDbPolyline
 90
4
 70
1
 10
138.56455810933846
 20
-6.67276242703947
 10
138.56434123502788
 20
-6.6725020993957465
 10
138.564507
 20
-6.672232
 10
138.56455810933846
 20
-6.67276242703947
  0
LWPOLYLINE
  5
2DD
330
17
100
AcDbEntity
  8
VISTA
100
AcDbPolyline
 90
4
 70
1
 10
138.52933685982103
 20
-6.36538980251385
 10
138.52933685982103
 20
-6.3653898025138504
 10
138.52933685982103
 20
-6.3653898025138504
 10
138.52933685982103
 20
-6.36538980251385
  0
LWPOLYLINE
  5
2DE
330
17
100
AcDbEntity
  8
VISTA
100
AcDbPolyline
 90
4
 70
1
 10
138.53373858160793
 20
-6.284851752143725
 10
138.53373858160793
 20
-6.284851752143724
 10
138.5338066807879
 20
-6.284672396278774
 10
138.53373858160793
 20
-6.284851752143725
  0
LWPOLYLINE
  5
2DF
330
17
100
AcDbEntity
  8
VISTA
100
AcDbPolyline
 90
4
 70
1
 10
138.53429467549287
 20
-6.284835853650445
 10
138.53429467549287
 20
-6.284835853650447
 10
138.5342011486005
 20
-6.28466818830572
 10
138.53429467549287
 20
-6.284835853650445
  0
LWPOLYLINE
  5
2E0
330
17
100
AcDbEntity
  8
VISTA
100
AcDbPolyline
 90
4
 70
1
 10
138.53438807203267
 20
-6.285003285312484
 10
138.53438807203267
 20
-6.285003285312486
 10
138.53438807203267
 20
-6.2850032853124835
 10
138.53438807203267
 20
-6.285003285312484
  0
LWPOLYLINE
  5
2E1
330
17
100
AcDbEntity
  8
VISTA
100
AcDbPolyline
 90
4
 70
1
 10
138.53526236772382
 20
-6.285497683222831
 10
138.53526236772382
 20
-6.285497683222829
 10
138.53526236772382
 20
-6.28549768322283
 10
138.53526236772382
 20
-6.285497683222831
  0
LWPOLYLINE
  5
2E2
330
17
100
AcDbEntity
  8
VISTA
100
AcDbPolyline
 90
4
 70
1
 10
138.53400179065434
 20
-6.285186483109969
 10
138.53404785742214
 20
-6.285066717799077
 10
138.53410465727225
 20
-6.285159585017822
 10
138.53400179065434
 20
-6.285186483109969
  0
LWPOLYLINE
  5
2E3
330
17
100
AcDbEntity
  8
VISTA
100
AcDbPolyline
 90
4
 70
1
 10
138.53199758952195
 20
-6.462583958548594
 10
138.5319975895216
 20
-6.462583958552803
 10
138.53199758952186
 20
-6.462583958549576
 10
138.53199758952195
 20
-6.462583958548594
  0
LWPOLYLINE
  5
2E4
330
17
100
AcDbEntity
  8
VISTA
100
AcDbPolyline
 90
4
 70
1
 10
138.5664590346683
 20
-6.670637257391525
 10
138.566395
 20
-6.670614
 10
138.5664590346683
 20
-6.670637257391524
 10
138.5664590346683
 20
-6.670637257391525
  0
LWPOLYLINE
  5
2E5
330
17
100
AcDbEntity
  8
VISTA
100
AcDbPolyline
 90
4
 70
1
 10
138.56211512084585
 20
-6.671127635224826
 10
138.561882
 20
-6.67102
 10
138.5619691785745
 20
-6.6709606339931184
 10
138.56211512084585
 20
-6.671127635224826
  0
LWPOLYLINE
  5
2E6
330
17
100
AcDbEntity
  8
VISTA
100
AcDbPolyline
 90
5
 70
1
 10
137.754
 20
-6.6999
 10
137.762899
 20
-6.7
 10
137.762999
 20
-6.2501
 10
137.754099
 20
-6.2501
 10
137.754
 20
-6.6999
  0
LWPOLYLINE
  5
2E7
330
17
100
AcDbEntity
  8
VISTA
100
AcDbPolyline
 90
5
 70
1
 10
138.237001
 20
-6.6999
 10
138.245901
 20
-6.7
 10
138.246
 20
-6.2501
 10
138.237101
 20
-6.2501
 10
138.237001
 20
-6.6999
  0
LWPOLYLINE
  5
2E8
330
17
100
AcDbEntity
  8
VISTA
100
AcDbPolyline
 90
5
 70
1
 10
137.757999
 20
-6.6999
 10
137.7619
 20
-6.7
 10
137.762001
 20
-6.2501
 10
137.758101
 20
-6.2501
 10
137.757999
 20
-6.6999
  0
LWPOLYLINE
  5
2E9
330
17
100
AcDbEntity
  8
VISTA
100
AcDbPolyline
 90
5
 70
1
 10
138.237999
 20
-6.6999
 10
138.241899
 20
-6.7
 10
138.242001
 20
-6.2501
 10
138.2381
 20
-6.2501
 10
138.237999
 20
-6.6999
  0
LWPOLYLINE
  5
2EA
330
17
100
AcDbEntity
  8
VISTA
100
AcDbPolyline
 90
7
 70
1
 10
139.74
 20
-6.743
 10
139.751259
 20
-6.7365
 10
139.751259
 20
-6.7235
 10
139.74
 20
-6.717
 10
139.549999
 20
-6.717
 10
139.549999
 20
-6.743
 10
139.74
 20
-6.743
  0
LWPOLYLINE
  5
2EB
330
17
100
AcDbEntity
  8
VISTA
100
AcDbPolyline
 90
21
 70
1
 10
138.859886
 20
-6.395946
 10
138.857124
 20
-6.424692
 10
138.85907600000002
 20
-6.454569
 10
138.87336
 20
-6.514396
 10
138.884943
 20
-6.597683
 10
138.886238
 20
-6.64104
 10
138.899426
 20
-6.674927
 10
138.902695
 20
-6.677578
 10
138.904528
 20
-6.674385
 10
138.909187
 20
-6.654838
 10
138.910149
 20
-6.638525
 10
138.904987
 20
-6.569302
 10
138.897995
 20
-6.541618
 10
138.894745
 20
-6.512186
 10
138.896273
 20
-6.450622
 10
138.885281
 20
-6.367056
 10
138.871387
 20
-6.325169
 10
138.868034
 20
-6.297642
 10
138.86174
 20
-6.287925
 10
138.858202
 20
-6.291192
 10
138.859886
 20
-6.395946
  0
LWPOLYLINE
  5
2EC
330
17
100
AcDbEntity
  8
VISTA
100
AcDbPolyline
 90
19
 70
1
 10
138.875137
 20
-6.514128
 10
138.860851
 20
-6.454267
 10
138.858927
 20
-6.424716
 10
138.861549
 20
-6.369742
 10
138.858694
 20
-6.298825
 10
138.86191448662197
 20
-6.289722976830233
 10
138.866287
 20
-6.298071
 10
138.869627
 20
-6.325541
 10
138.883535
 20
-6.367487
 10
138.894478
 20
-6.45077
 10
138.892946
 20
-6.512218
 10
138.896221
 20
-6.541935
 10
138.903219
 20
-6.569633
 10
138.908348
 20
-6.638551
 10
138.907406
 20
-6.65459
 10
138.90239776433074
 20
-6.675559417060507
 10
138.888004
 20
-6.640686
 10
138.88674
 20
-6.597557
 10
138.875137
 20
-6.514128
  0
LWPOLYLINE
  5
2ED
330
17
100
AcDbEntity
  8
VISTA
100
AcDbPolyline
 90
4
 70
1
 10
138.86204938484093
 20
-6.289553300235617
 10
138.861929
 20
-6.289714
 10
138.8616594345151
 20
-6.289479249245637
 10
138.86204938484093
 20
-6.289553300235617
  0
LWPOLYLINE
  5
2EE
330
17
100
AcDbEntity
  8
VISTA
100
AcDbPolyline
 90
4
 70
1
 10
138.88628216298872
 20
-6.62217737962822
 10
138.88628216298872
 20
-6.622177379627898
 10
138.886282162989
 20
-6.622177379631619
 10
138.88628216298872
 20
-6.62217737962822
  0
LWPOLYLINE
  5
2EF
330
17
100
AcDbEntity
  8
VISTA
100
AcDbPolyline
 90
4
 70
1
 10
138.904274
 20
-6.674335
 10
138.90423742764628
 20
-6.674378923449129
 10
138.90423742764628
 20
-6.674378923449127
 10
138.904274
 20
-6.674335
  0
LWPOLYLINE
  5
2F0
330
17
100
AcDbEntity
  8
VISTA
100
AcDbPolyline
 90
4
 70
1
 10
137.764999
 20
-6.6799
 10
137.764999
 20
-6.2701
 10
137.764
 20
-6.2701
 10
137.764999
 20
-6.6799
  0
LWPOLYLINE
  5
2F1
330
17
100
AcDbEntity
  8
VISTA
100
AcDbPolyline
 90
4
 70
1
 10
138.236
 20
-6.6799
 10
138.236
 20
-6.2701
 10
138.235001
 20
-6.2701
 10
138.236
 20
-6.6799
  0
LWPOLYLINE
  5
2F2
330
17
100
AcDbEntity
  8
VISTA
100
AcDbPolyline
 90
5
 70
1
 10
137.556999
 20
-3.485
 10
137.556999
 20
-2.515
 10
137.549
 20
-2.515
 10
137.549
 20
-3.485
 10
137.556999
 20
-3.485
  0
LWPOLYLINE
  5
2F3
330
17
100
AcDbEntity
  8
VISTA
100
AcDbPolyline
 90
5
 70
1
 10
137.762001
 20
-6.6999
 10
137.763901
 20
-6.699971
 10
137.764
 20
-6.2501
 10
137.7621
 20
-6.2501
 10
137.762001
 20
-6.6999
  0
LWPOLYLINE
  5
2F4
330
17
100
AcDbEntity
  8
VISTA
100
AcDbPolyline
 90
5
 70
1
 10
137.757999
 20
-6.6999
 10
137.7619
 20
-6.7
 10
137.762001
 20
-6.2501
 10
137.758101
 20
-6.2501
 10
137.757999
 20
-6.6999
  0
LWPOLYLINE
  5
2F5
330
17
100
AcDbEntity
  8
VISTA
100
AcDbPolyline
 90
5
 70
1
 10
138.236
 20
-6.6999
 10
138.2379
 20
-6.699971
 10
138.237999
 20
-6.2501
 10
138.236099
 20
-6.2501
 10
138.236
 20
-6.6999
  0
LWPOLYLINE
  5
2F6
330
17
100
AcDbEntity
  8
VISTA
100
AcDbPolyline
 90
5
 70
1
 10
138.237999
 20
-6.6999
 10
138.241899
 20
-6.7
 10
138.242001
 20
-6.2501
 10
138.2381
 20
-6.2501
 10
138.237999
 20
-6.6999
  0
LWPOLYLINE
  5
2F7
330
17
100
AcDbEntity
  8
VISTA
100
AcDbPolyline
 90
5
 70
1
 10
137.7125
 20
-2.24
 10
137.7125
 20
-2.72
 10
137.747499
 20
-2.72
 10
137.747499
 20
-2.24
 10
137.7125
 20
-2.24
  0
LWPOLYLINE
  5
2F8
330
17
100
AcDbEntity
  8
VISTA
100
AcDbPolyline
 90
5
 70
1
 10
137.7125
 20
-3.28
 10
137.7125
 20
-3.76
 10
137.747499
 20
-3.76
 10
137.747499
 20
-3.28
 10
137.7125
 20
-3.28
  0
LWPOLYLINE
  5
2F9
330
17
100
AcDbEntity
  8
VISTA
100
AcDbPolyline
 90
5
 70
1
 10
137.754
 20
-6.6999
 10
137.762899
 20
-6.7
 10
137.762999
 20
-6.2501
 10
137.754099
 20
-6.2501
 10
137.754
 20
-6.6999
  0
LWPOLYLINE
  5
2FA
330
17
100
AcDbEntity
  8
VISTA
100
AcDbPolyline
 90
5
 70
1
 10
138.237001
 20
-6.6999
 10
138.245901
 20
-6.7
 10
138.246
 20
-6.2501
 10
138.237101
 20
-6.2501
 10
138.237001
 20
-6.6999
  0
LWPOLYLINE
  5
2FB
330
17
100
AcDbEntity
  8
VISTA
100
AcDbPolyline
 90
5
 70
1
 10
137.752001
 20
-6.6999
 10
137.75390099999998
 20
-6.699971
 10
137.754
 20
-6.2501
 10
137.75209999999998
 20
-6.2501
 10
137.752001
 20
-6.6999
  0
LWPOLYLINE
  5
2FC
330
17
100
AcDbEntity
  8
VISTA
100
AcDbPolyline
 90
5
 70
1
 10
138.246
 20
-6.6999
 10
138.24790000000002
 20
-6.699971
 10
138.247999
 20
-6.2501
 10
138.24609900000002
 20
-6.2501
 10
138.246
 20
-6.6999
  0
LWPOLYLINE
  5
2FD
330
17
100
AcDbEntity
  8
VISTA
100
AcDbPolyline
 90
5
 70
1
 10
137.746
 20
-6.6999
 10
137.74790000000002
 20
-6.699971
 10
137.747999
 20
-6.2501
 10
137.74609900000002
 20
-6.2501
 10
137.746
 20
-6.6999
  0
LWPOLYLINE
  5
2FE
330
17
100
AcDbEntity
  8
VISTA
100
AcDbPolyline
 90
5
 70
1
 10
137.748001
 20
-6.6999
 10
137.7579
 20
-6.7
 10
137.757999
 20
-6.2501
 10
137.7481
 20
-6.2501
 10
137.748001
 20
-6.6999
  0
LWPOLYLINE
  5
2FF
330
17
100
AcDbEntity
  8
VISTA
100
AcDbPolyline
 90
5
 70
1
 10
138.252001
 20
-6.6999
 10
138.25390099999998
 20
-6.699971
 10
138.254
 20
-6.2501
 10
138.25209999999998
 20
-6.2501
 10
138.252001
 20
-6.6999
  0
LWPOLYLINE
  5
300
330
17
100
AcDbEntity
  8
VISTA
100
AcDbPolyline
 90
5
 70
1
 10
138.242001
 20
-6.6999
 10
138.2519
 20
-6.7
 10
138.251999
 20
-6.2501
 10
138.2421
 20
-6.2501
 10
138.242001
 20
-6.6999
  0
LWPOLYLINE
  5
301
330
17
100
AcDbEntity
  8
VISTA
100
AcDbPolyline
 90
5
 70
1
 10
137.743
 20
-6.6799
 10
137.745899
 20
-6.679971
 10
137.745998
 20
-6.2701
 10
137.743099
 20
-6.2701
 10
137.743
 20
-6.6799
  0
LWPOLYLINE
  5
302
330
17
100
AcDbEntity
  8
VISTA
100
AcDbPolyline
 90
5
 70
1
 10
138.254
 20
-6.6799
 10
138.266899
 20
-6.68
 10
138.267
 20
-6.2701
 10
138.254101
 20
-6.2701
 10
138.254
 20
-6.6799
  0
LWPOLYLINE
  5
303
330
17
100
AcDbEntity
  8
VISTA
100
AcDbPolyline
 90
8
 70
1
 10
140.5783
 20
-6.194999
 10
140.579998
 20
-6.1933
 10
140.579998
 20
-6.1667
 10
140.5783
 20
-6.165
 10
140.0217
 20
-6.165
 10
140.01999899999998
 20
-6.1667
 10
140.020313
 20
-6.194284
 10
140.5783
 20
-6.194999
  0
LWPOLYLINE
  5
304
330
17
100
AcDbEntity
  8
VISTA
100
AcDbPolyline
 90
9
 70
1
 10
141.66
 20
-9.415
 10
141.672991
 20
-9.4075
 10
141.672991
 20
-9.3925
 10
141.66
 20
-9.385
 10
141.440001
 20
-9.385
 10
141.429607
 20
-9.3925
 10
141.429607
 20
-9.4075
 10
141.440001
 20
-9.415
 10
141.66
 20
-9.415
  0
LWPOLYLINE
  5
305
330
17
100
AcDbEntity
  8
VISTA
100
AcDbPolyline
 90
5
 70
1
 10
137.556999
 20
-3.485
 10
137.556999
 20
-2.515
 10
137.549
 20
-2.515
 10
137.549
 20
-3.485
 10
137.556999
 20
-3.485
  0
LWPOLYLINE
  5
306
330
17
100
AcDbEntity
  8
VISTA
100
AcDbPolyline
 90
12
 70
1
 10
139.55117
 20
-8.008828
 10
139.553999
 20
-8.01
 10
139.586
 20
-8.01
 10
139.588829
 20
-8.008828
 10
139.59
 20
-8.006001
 10
139.59
 20
-7.294
 10
139.588829
 20
-7.291172
 10
139.586
 20
-7.29
 10
139.553999
 20
-7.29
 10
139.55117
 20
-7.291172
 10
139.549999
 20
-7.294
 10
139.55117
 20
-8.008828
  0
LWPOLYLINE
  5
307
330
17
100
AcDbEntity
  8
VISTA
100
AcDbPolyline
 90
4
 70
1
 10
139.551691
 20
-8.008309
 10
139.552204
 20
-8.008528
 10
139.551472
 20
-8.008528
 10
139.551691
 20
-8.008309
  0
LWPOLYLINE
  5
308
330
17
100
AcDbEntity
  8
VISTA
100
AcDbPolyline
 90
4
 70
1
 10
139.551691
 20
-7.291691
 10
139.551472
 20
-7.292205
 10
139.551472
 20
-7.291472
 10
139.551691
 20
-7.291691
  0
LWPOLYLINE
  5
309
330
17
100
AcDbEntity
  8
VISTA
100
AcDbPolyline
 90
4
 70
1
 10
139.588308
 20
-7.291691
 10
139.587795
 20
-7.291472
 10
139.588528
 20
-7.291472
 10
139.588308
 20
-7.291691
  0
LWPOLYLINE
  5
30A
330
17
100
AcDbEntity
  8
VISTA
100
AcDbPolyline
 90
4
 70
1
 10
139.588528
 20
-8.008528
 10
139.587795
 20
-8.008528
 10
139.588308
 20
-8.008309
 10
139.588528
 20
-8.008528
  0
LWPOLYLINE
  5
30B
330
17
100
AcDbEntity
  8
VISTA
100
AcDbPolyline
 90
6
 70
1
 10
137.766172
 20
-6.723828
 10
137.768999
 20
-6.725
 10
138.233828
 20
-6.723828
 10
138.233828
 20
-6.236172
 10
137.766172
 20
-6.236172
 10
137.766172
 20
-6.723828
  0
LWPOLYLINE
  5
30C
330
17
100
AcDbEntity
  8
VISTA
100
AcDbPolyline
 90
4
 70
1
 10
137.766691
 20
-6.72331
 10
137.767206
 20
-6.723528
 10
137.766472
 20
-6.723528
 10
137.766691
 20
-6.72331
  0
LWPOLYLINE
  5
30D
330
17
100
AcDbEntity
  8
VISTA
100
AcDbPolyline
 90
4
 70
1
 10
137.766691
 20
-6.236691
 10
137.766472
 20
-6.237206
 10
137.766472
 20
-6.236472
 10
137.766691
 20
-6.236691
  0
LWPOLYLINE
  5
30E
330
17
100
AcDbEntity
  8
VISTA
100
AcDbPolyline
 90
4
 70
1
 10
138.233309
 20
-6.236691
 10
138.232794
 20
-6.236472
 10
138.233528
 20
-6.236472
 10
138.233309
 20
-6.236691
  0
LWPOLYLINE
  5
30F
330
17
100
AcDbEntity
  8
VISTA
100
AcDbPolyline
 90
4
 70
1
 10
138.233528
 20
-6.723528
 10
138.232794
 20
-6.723528
 10
138.233309
 20
-6.72331
 10
138.233528
 20
-6.723528
  0
LWPOLYLINE
  5
310
330
17
100
AcDbEntity
  8
VISTA
100
AcDbPolyline
 90
9
 70
1
 10
137.586
 20
-1.81399
 10
137.598
 20
-1.8448900000000001
 10
137.598
 20
-1.883
 10
137.612
 20
-1.87373
 10
137.612
 20
-1.68627
 10
137.598
 20
-1.677
 10
137.598
 20
-1.71511
 10
137.586
 20
-1.74601
 10
137.586
 20
-1.81399
  0
LWPOLYLINE
  5
311
330
17
100
AcDbEntity
  8
VISTA
100
AcDbPolyline
 90
9
 70
1
 10
137.586
 20
-4.25399
 10
137.598
 20
-4.28489
 10
137.598
 20
-4.323
 10
137.612
 20
-4.31373
 10
137.612
 20
-4.12627
 10
137.598
 20
-4.117
 10
137.598
 20
-4.15511
 10
137.586
 20
-4.18601
 10
137.586
 20
-4.25399
  0
LWPOLYLINE
  5
312
330
17
100
AcDbEntity
  8
VISTA
100
AcDbPolyline
 90
41
 70
1
 10
138.31437865211595
 20
-6.290685479356614
 10
138.31330144898834
 20
-6.29793092446845
 10
138.31394591773045
 20
-6.309434886436409
 10
138.31305658495384
 20
-6.32517857380537
 10
138.3101416477263
 20
-6.344906943178921
 10
138.30927223598997
 20
-6.367879109144291
 10
138.30982044100068
 20
-6.393511381147541
 10
138.30919738368553
 20
-6.42137258347979
 10
138.31140092693101
 20
-6.450560088766558
 10
138.3178102424425
 20
-6.480193210102489
 10
138.32150065516944
 20
-6.509928379322209
 10
138.3209080192893
 20
-6.539205029662652
 10
138.3218152496905
 20
-6.566964765848453
 10
138.3242707905621
 20
-6.592462516233352
 10
138.32524074254144
 20
-6.615286071355716
 10
138.3274806462979
 20
-6.634755679659575
 10
138.33247931725228
 20
-6.650238050164368
 10
138.33633021942646
 20
-6.661537742380728
 10
138.3381546414072
 20
-6.668540212712885
 10
138.3403076828596
 20
-6.671024251851851
 10
138.34227609892898
 20
-6.668321661318766
 10
138.3443684624255
 20
-6.661082480473271
 10
138.34738729302762
 20
-6.649306717134196
 10
138.34806140709847
 20
-6.6334473058983745
 10
138.34586617830578
 20
-6.6140099946444515
 10
138.3448655036173
 20
-6.591212184100774
 10
138.34442430835574
 20
-6.565583595790103
 10
138.3419853377347
 20
-6.537941324530567
 10
138.34158239907092
 20
-6.508745386554261
 10
138.3446562775194
 20
-6.4785507927648585
 10
138.3443658748387
 20
-6.448499341075269
 10
138.33924596373302
 20
-6.4195088016461614
 10
138.33519102830792
 20
-6.3919574718415095
 10
138.33237852072517
 20
-6.366456955060005
 10
138.32790359038552
 20
-6.343834942789136
 10
138.32465439431465
 20
-6.32451953951232
 10
138.3242450336436
 20
-6.308825660959782
 10
138.32291008312257
 20
-6.297303964976208
 10
138.31981740774194
 20
-6.290322882150538
 10
138.31687972706916
 20
-6.287956115580053
 10
138.31437865211595
 20
-6.290685479356614
  0
LWPOLYLINE
  5
313
330
17
100
AcDbEntity
  8
VISTA
100
AcDbPolyline
 90
25
 70
1
 10
138.33610024081557
 20
-6.679363809828056
 10
138.33324940200623
 20
-6.681542607551812
 10
138.33112031124125
 20
-6.6848330156168165
 10
138.32972277695916
 20
-6.688993002200746
 10
138.32890961676907
 20
-6.693759809416394
 10
138.32861512622526
 20
-6.698837798289448
 10
138.32898537593587
 20
-6.703893839364561
 10
138.33024208840413
 20
-6.7085755051664755
 10
138.33243944667078
 20
-6.712545498024844
 10
138.33534194381386
 20
-6.715533299943247
 10
138.33856329112677
 20
-6.717344767605634
 10
138.34178763127738
 20
-6.717846045839933
 10
138.3448442638465
 20
-6.716974747341655
 10
138.3476687455013
 20
-6.714807535989717
 10
138.3501674335128
 20
-6.711511438441179
 10
138.35208340039063
 20
-6.707311844158793
 10
138.35308676041666
 20
-6.702501125452899
 10
138.3530099079227
 20
-6.697418845979819
 10
138.35196770324742
 20
-6.692408802255537
 10
138.3502570818153
 20
-6.687789337073547
 10
138.348122022914
 20
-6.683844145517619
 10
138.34560762157818
 20
-6.6808321194194376
 10
138.34266373502336
 20
-6.678987388536799
 10
138.33938364076266
 20
-6.678483363945737
 10
138.33610024081557
 20
-6.679363809828056
  0
LWPOLYLINE
  5
314
330
17
100
AcDbEntity
  8
VISTA
100
AcDbPolyline
 90
25
 70
1
 10
138.31023270925317
 20
-6.256475540535463
 10
138.30738307281072
 20
-6.25866550404504
 10
138.30525534782194
 20
-6.261964820852178
 10
138.30385966319014
 20
-6.266132051382643
 10
138.303046460789
 20
-6.270903574678441
 10
138.3027513457935
 20
-6.275982814490943
 10
138.30312243103282
 20
-6.281036748896141
 10
138.30437877620437
 20
-6.285714181409367
 10
138.3065763604513
 20
-6.289677384443281
 10
138.30947807885153
 20
-6.292655376188449
 10
138.31269973482037
 20
-6.2944557485794785
 10
138.31592374973206
 20
-6.294944674246307
 10
138.31897904152217
 20
-6.294062020714847
 10
138.32180382695134
 20
-6.291883397979798
 10
138.32430031325302
 20
-6.288578904846659
 10
138.32621676634113
 20
-6.28437265210084
 10
138.327220267029
 20
-6.279557437635869
 10
138.327140847532
 20
-6.274474651857214
 10
138.32609900394004
 20
-6.269466350889905
 10
138.32438942341238
 20
-6.264850193013537
 10
138.3222537542106
 20
-6.260911998585056
 10
138.31973882113334
 20
-6.257909195674137
 10
138.31679548938533
 20
-6.256074162203413
 10
138.31351507881612
 20
-6.255583193987416
 10
138.31023270925317
 20
-6.256475540535463
  0
LWPOLYLINE
  5
315
330
17
100
AcDbEntity
  8
VISTA
100
AcDbPolyline
 90
9
 70
1
 10
138.3468818345035
 20
-6.477554444132397
 10
138.34733054154756
 20
-6.477336944235494
 10
138.34749279093325
 20
-6.47686645153202
 10
138.34727276084448
 20
-6.476418958828544
 10
138.34680374736737
 20
-6.476256738140608
 10
138.3463557608445
 20
-6.476474958828544
 10
138.34619379093326
 20
-6.4769454515320195
 10
138.346410821022
 20
-6.477392944235494
 10
138.3468818345035
 20
-6.477554444132397
  0
LWPOLYLINE
  5
316
330
17
100
AcDbEntity
  8
VISTA
100
AcDbPolyline
 90
41
 70
1
 10
138.45065854867258
 20
-6.292712283185841
 10
138.4472831250942
 20
-6.299644662263398
 10
138.44552481522655
 20
-6.311151289915409
 10
138.44518708096416
 20
-6.326892484548826
 10
138.44230492826688
 20
-6.346246465034504
 10
138.43776991575444
 20
-6.368867800683072
 10
138.43477866029983
 20
-6.3943774538659905
 10
138.4306212363183
 20
-6.42192722756901
 10
138.42467004423963
 20
-6.450856293350888
 10
138.42316340966192
 20
-6.48088184193591
 10
138.4259623716814
 20
-6.511164407079646
 10
138.4259988106299
 20
-6.540466407376214
 10
138.42368456100803
 20
-6.568161862305682
 10
138.42320113954003
 20
-6.593838200194235
 10
138.42229162174755
 20
-6.6166611184071735
 10
138.41974077304374
 20
-6.636053713972939
 10
138.41971455127197
 20
-6.651867947547863
 10
138.42249749206002
 20
-6.663664277833677
 10
138.42473009892038
 20
-6.6709483871675594
 10
138.4267915639353
 20
-6.673690161810729
 10
138.42900318952167
 20
-6.6712583729811055
 10
138.4306972070127
 20
-6.664274429540317
 10
138.43434952068202
 20
-6.6530014744464125
 10
138.43971390477662
 20
-6.637565674907293
 10
138.44267950793372
 20
-6.618107762779658
 10
138.44399742689495
 20
-6.595241205456058
 10
138.44672475219653
 20
-6.56971187524588
 10
138.44801467363723
 20
-6.541921022836643
 10
138.4471105353287
 20
-6.512557943122971
 10
138.45011973795565
 20
-6.482767068982237
 10
138.45678728884957
 20
-6.453175118938053
 10
138.45995814712532
 20
-6.424026675384548
 10
138.45994874737588
 20
-6.3961457514504625
 10
138.46089163779632
 20
-6.370491931134949
 10
138.46049557390884
 20
-6.347498878598743
 10
138.45754030916098
 20
-6.3276985680504465
 10
138.45620686414895
 20
-6.311893585453274
 10
138.45679574310964
 20
-6.3003883681861925
 10
138.4559642883476
 20
-6.293144429010314
 10
138.45359578185744
 20
-6.290382257812844
 10
138.45065854867258
 20
-6.292712283185841
  0
LWPOLYLINE
  5
317
330
17
100
AcDbEntity
  8
VISTA
100
AcDbPolyline
 90
9
 70
1
 10
138.45654095203352
 20
-6.487181284073269
 10
138.45701195586028
 20
-6.487023705510996
 10
138.45723400765928
 20
-6.486578591419552
 10
138.4570760166132
 20
-6.4861059920298105
 10
138.45663102080638
 20
-6.485884412504529
 10
138.4561589716903
 20
-6.486042469568368
 10
138.45593700765926
 20
-6.486487591419552
 10
138.45609499927554
 20
-6.486959705510996
 10
138.45654095203352
 20
-6.487181284073269
  0
LWPOLYLINE
  5
318
330
17
100
AcDbEntity
  8
VISTA
100
AcDbPolyline
 90
41
 70
1
 10
138.53444550446005
 20
-6.291931353860086
 10
138.5320260378457
 20
-6.2992147969432315
 10
138.52947894668554
 20
-6.311023127644022
 10
138.53015821547973
 20
-6.3268151019006185
 10
138.53259537897725
 20
-6.346254317721924
 10
138.53324557612268
 20
-6.36919006060606
 10
138.53446219279516
 20
-6.39490057738609
 10
138.53708415053373
 20
-6.422619334720463
 10
138.5363451150167
 20
-6.452033996209728
 10
138.5338697259062
 20
-6.48237619956665
 10
138.53669540928232
 20
-6.512331351913063
 10
138.5428551521561
 20
-6.541235874317686
 10
138.54664827470418
 20
-6.568844274201654
 10
138.55026448316923
 20
-6.594349873826426
 10
138.55529411559237
 20
-6.6169355254989926
 10
138.55770801843653
 20
-6.636333617122256
 10
138.5579851825285
 20
-6.65211126684232
 10
138.56025932240266
 20
-6.663579338278529
 10
138.56374807783243
 20
-6.670477794793124
 10
138.5666665592417
 20
-6.672797213270142
 10
138.56904394621515
 20
-6.6700209789025715
 10
138.56959547139087
 20
-6.662791462294187
 10
138.569073652734
 20
-6.6512808022474985
 10
138.57080240598955
 20
-6.635388049638245
 10
138.57331103185646
 20
-6.615534957524717
 10
138.57304214126665
 20
-6.5925400380543895
 10
138.57237350436046
 20
-6.5668230261627905
 10
138.5721931569807
 20
-6.538895339604722
 10
138.56780589745094
 20
-6.509816305752312
 10
138.56094911256545
 20
-6.480245764397906
 10
138.5587450800471
 20
-6.450333636754651
 10
138.55935306235503
 20
-6.420881609360077
 10
138.5572084922803
 20
-6.393082962223644
 10
138.554634
 20
-6.367505157706749
 10
138.5533848934865
 20
-6.344600694054104
 10
138.54957862007757
 20
-6.325228335797399
 10
138.54385639098837
 20
-6.309897190406977
 10
138.54049266432997
 20
-6.298648823526752
 10
138.53877531486577
 20
-6.291665689284908
 10
138.5364828921188
 20
-6.2892265162047485
 10
138.53444550446005
 20
-6.291931353860086
  0
LWPOLYLINE
  5
319
330
17
100
AcDbEntity
  8
VISTA
100
AcDbPolyline
 90
9
 70
1
 10
138.56724748836461
 20
-6.482481374906166
 10
138.56769020388245
 20
-6.48225518993994
 10
138.56784443500644
 20
-6.48178233976834
 10
138.56761876380995
 20
-6.481339230076156
 10
138.56714574868604
 20
-6.481185036361686
 10
138.56670139708248
 20
-6.481411230076156
 10
138.56654743500644
 20
-6.481884705705705
 10
138.56677447361648
 20
-6.48232718993994
 10
138.56724748836461
 20
-6.482481374906166
  0
LWPOLYLINE
  5
31A
330
17
100
AcDbEntity
  8
VISTA
100
AcDbPolyline
 90
41
 70
1
 10
138.6683548021859
 20
-6.28932230094982
 10
138.6664394705117
 20
-6.296308474848222
 10
138.66240549019693
 20
-6.307597189105769
 10
138.65774074853775
 20
-6.323108668223483
 10
138.65609656594347
 20
-6.342605143984221
 10
138.6552558825701
 20
-6.365445800035158
 10
138.6529738346007
 20
-6.391009881148081
 10
138.65261271439846
 20
-6.418848551560856
 10
138.6530905970045
 20
-6.448147287018034
 10
138.64884648482345
 20
-6.477915558184033
 10
138.64282023809523
 20
-6.507643078844652
 10
138.64151884778178
 20
-6.536898275337179
 10
138.6424518127282
 20
-6.564768023995827
 10
138.64209032405063
 20
-6.590426036708861
 10
138.64347157482248
 20
-6.613429534233365
 10
138.64648908156806
 20
-6.633143753713632
 10
138.64704226520746
 20
-6.648868514152602
 10
138.6464342025605
 20
-6.660388382146615
 10
138.64777630251953
 20
-6.667632650146282
 10
138.65035512384225
 20
-6.670329440883593
 10
138.6533135699974
 20
-6.667935645459276
 10
138.65620814084997
 20
-6.6609144383781445
 10
138.6571776323408
 20
-6.64937383507933
 10
138.6576716530051
 20
-6.6336883263061415
 10
138.66119586290324
 20
-6.6143474274193546
 10
138.66542296207592
 20
-6.59165128897873
 10
138.66797108240672
 20
-6.5660972310904056
 10
138.67208464921742
 20
-6.538502567276075
 10
138.67657452111078
 20
-6.5094278324237
 10
138.67577543442908
 20
-6.4793263150708755
 10
138.67256389461815
 20
-6.449161122555185
 10
138.67336600841247
 20
-6.419963825419539
 10
138.67564488541123
 20
-6.392250656277169
 10
138.6758339330889
 20
-6.366557081401947
 10
138.67695054810432
 20
-6.34371029059829
 10
138.6788963589541
 20
-6.324209362865305
 10
138.67758942908628
 20
-6.308330724871445
 10
138.674381059231
 20
-6.296619448814065
 10
138.6724008546042
 20
-6.289457002139457
 10
138.6704514995869
 20
-6.286806728094969
 10
138.6683548021859
 20
-6.28932230094982
  0
LWPOLYLINE
  5
31B
330
17
100
AcDbEntity
  8
VISTA
100
AcDbPolyline
 90
25
 70
1
 10
138.6516750889514
 20
-6.669620079202638
 10
138.64872727745666
 20
-6.6714786878612715
 10
138.64609054956506
 20
-6.6744912315266225
 10
138.64384041830252
 20
-6.678445631009958
 10
138.64218433207884
 20
-6.68308975156419
 10
138.64138416632414
 20
-6.6881235309668385
 10
138.6415862226762
 20
-6.69320839181911
 10
138.64273386533216
 20
-6.697992485275762
 10
138.64459134058941
 20
-6.702152231886731
 10
138.6469499834025
 20
-6.705414024896266
 10
138.64971128630802
 20
-6.7075560367120755
 10
138.65281410742423
 20
-6.70840403471128
 10
138.6560919937573
 20
-6.707880890985325
 10
138.65925308887117
 20
-6.706038190264034
 10
138.6619544288347
 20
-6.703016869435781
 10
138.6639461867378
 20
-6.699033408536585
 10
138.66516323970038
 20
-6.69436968164794
 10
138.66569558450226
 20
-6.689344754522589
 10
138.66561706521952
 20
-6.684290501995522
 10
138.6648784225297
 20
-6.679527236200068
 10
138.663358920249
 20
-6.675364823145925
 10
138.66104022091997
 20
-6.67208803717144
 10
138.65810138300373
 20
-6.669937040336793
 10
138.6548683798098
 20
-6.669087542062911
 10
138.6516750889514
 20
-6.669620079202638
  0
LWPOLYLINE
  5
31C
330
17
100
AcDbEntity
  8
VISTA
100
AcDbPolyline
 90
25
 70
1
 10
138.67387426361478
 20
-6.246059152320449
 10
138.6709286520734
 20
-6.247911726484612
 10
138.66829033540432
 20
-6.250917658478302
 10
138.66604054056234
 20
-6.254865324498601
 10
138.66438307592435
 20
-6.259504020604008
 10
138.66358211097617
 20
-6.264532891312471
 10
138.66378636837217
 20
-6.269611778530969
 10
138.66493297595932
 20
-6.274393072584373
 10
138.66679270025827
 20
-6.278549729821973
 10
138.66914955546335
 20
-6.281811006362378
 10
138.6719096147594
 20
-6.283954029093932
 10
138.67501150083427
 20
-6.284804647246942
 10
138.67829109057868
 20
-6.284286631907558
 10
138.6814519199381
 20
-6.282449368181605
 10
138.68415498312933
 20
-6.279433424412835
 10
138.686145234375
 20
-6.275456483041158
 10
138.6873611097186
 20
-6.270799257418611
 10
138.6878930580923
 20
-6.265781411241172
 10
138.68781429523995
 20
-6.260730525357734
 10
138.68707535728953
 20
-6.255971398357289
 10
138.6855576112636
 20
-6.251811692530144
 10
138.68323689295872
 20
-6.2485357440914
 10
138.680298140186
 20
-6.24638463857073
 10
138.67706735839673
 20
-6.24553126838307
 10
138.67387426361478
 20
-6.246059152320449
  0
LWPOLYLINE
  5
31D
330
17
100
AcDbEntity
  8
VISTA
100
AcDbPolyline
 90
9
 70
1
 10
138.67714064300733
 20
-6.477774307349095
 10
138.67760964967434
 20
-6.477608425919278
 10
138.67782343589744
 20
-6.4771588205128205
 10
138.677656940721
 20
-6.476690470898928
 10
138.67720746338836
 20
-6.476475570710697
 10
138.67673845484848
 20
-6.476641470898928
 10
138.67652443589742
 20
-6.477090820512821
 10
138.67669041694447
 20
-6.4775601701625725
 10
138.67714064300733
 20
-6.477774307349095
  0
LWPOLYLINE
  5
31E
330
17
100
AcDbEntity
  8
VISTA
100
AcDbPolyline
 90
49
 70
1
 10
138.77483744965897
 20
-6.3070889474682685
 10
138.77260663456747
 20
-6.295484378030543
 10
138.76947848644238
 20
-6.28837230987576
 10
138.76684205551283
 20
-6.285860129529928
 10
138.7644768095238
 20
-6.288495660674866
 10
138.76445684
 20
-6.288662996666669
 10
138.76362041206548
 20
-6.295668507512895
 10
138.76270006894703
 20
-6.307189710842835
 10
138.75907294552687
 20
-6.322937531370096
 10
138.7555377082214
 20
-6.342556599140247
 10
138.75481871351496
 20
-6.365480710142973
 10
138.75437710657786
 20
-6.376577809325556
 10
138.75378926204777
 20
-6.391163059437243
 10
138.75285168729891
 20
-6.419027861615842
 10
138.75620186488936
 20
-6.448320070638375
 10
138.7598934213717
 20
-6.478279629343105
 10
138.75817875166697
 20
-6.5082712014777435
 10
138.7581191501251
 20
-6.508906926605507
 10
138.75542599717437
 20
-6.537587004036598
 10
138.7561525040465
 20
-6.5654181642745355
 10
138.7569524018232
 20
-6.591081306819197
 10
138.75723745304734
 20
-6.614012126505754
 10
138.76065358891236
 20
-6.633609091048065
 10
138.7625599966555
 20
-6.6403889899665565
 10
138.76507660814778
 20
-6.6493259740752455
 10
138.7668746747927
 20
-6.660831008835923
 10
138.7679683155747
 20
-6.667956811834052
 10
138.77019944692788
 20
-6.670530218079812
 10
138.7726118676219
 20
-6.667936576371993
 10
138.7726792443703
 20
-6.667781084236863
 10
138.7757168936886
 20
-6.660769006190284
 10
138.7784238779179
 20
-6.649120963956713
 10
138.7780402766357
 20
-6.633335808366106
 10
138.77731372417037
 20
-6.613813305790676
 10
138.77888761258993
 20
-6.590929096582734
 10
138.7791939456067
 20
-6.579667588284511
 10
138.7795791197886
 20
-6.56524660761552
 10
138.77974151973535
 20
-6.537447075769248
 10
138.7835427507709
 20
-6.508148165971341
 10
138.78703610918058
 20
-6.478042564454097
 10
138.78445799243073
 20
-6.447984054066231
 10
138.78437314786967
 20
-6.447397714285719
 10
138.78022279033777
 20
-6.418745630870677
 10
138.77887798993783
 20
-6.390953927105228
 10
138.7770704426171
 20
-6.365281659635324
 10
138.77427737492164
 20
-6.342416663770712
 10
138.7742079733813
 20
-6.322880676258992
 10
138.7744825738115
 20
-6.315952769808174
 10
138.77483744965897
 20
-6.3070889474682685
  0
LWPOLYLINE
  5
31F
330
17
100
AcDbEntity
  8
VISTA
100
AcDbPolyline
 90
9
 70
1
 10
138.78696126880638
 20
-6.4754780056763925
 10
138.78742017886697
 20
-6.475283936028008
 10
138.78760535578658
 20
-6.4748218239100455
 10
138.78741135364623
 20
-6.474364513975073
 10
138.78695117649553
 20
-6.474177534577853
 10
138.78649135364626
 20
-6.474372513975073
 10
138.7863061778933
 20
-6.474833734963402
 10
138.78650135773393
 20
-6.4752919360280075
 10
138.78696126880638
 20
-6.4754780056763925
  0
LWPOLYLINE
  5
320
330
17
100
AcDbEntity
  8
VISTA
100
AcDbPolyline
 90
41
 70
1
 10
138.85689307007584
 20
-6.292486549206645
 10
138.8555400287068
 20
-6.2998662734113715
 10
138.85683013948648
 20
-6.3113866961369425
 10
138.85792750992218
 20
-6.327079511119297
 10
138.85659332480043
 20
-6.346891531424902
 10
138.85634477122565
 20
-6.369991953402062
 10
138.8577398625723
 20
-6.395694215643073
 10
138.85744953301995
 20
-6.423740235402553
 10
138.85888570596407
 20
-6.4531342843119095
 10
138.86611937506973
 20
-6.482652953430006
 10
138.8731564685435
 20
-6.5121173975337365
 10
138.87547585126347
 20
-6.54132039794686
 10
138.87778606162388
 20
-6.569083258385381
 10
138.8815244260325
 20
-6.59450855311018
 10
138.88317561592805
 20
-6.617350651573539
 10
138.88483747493586
 20
-6.636901580782625
 10
138.88974223798596
 20
-6.652305630559508
 10
138.89470738600858
 20
-6.6634309383381725
 10
138.8974234817782
 20
-6.670320611252605
 10
138.89978518429004
 20
-6.6727114888217525
 10
138.90143796723754
 20
-6.669934975055845
 10
138.9026819517328
 20
-6.662660850413453
 10
138.905369293606
 20
-6.650724452391968
 10
138.9066884311631
 20
-6.634640859287227
 10
138.90438861283664
 20
-6.615129856035234
 10
138.9020268906608
 20
-6.592328555952708
 10
138.9002081433555
 20
-6.566671547945835
 10
138.89568169668618
 20
-6.5391487476148775
 10
138.8919641580605
 20
-6.510122416662807
 10
138.89324137240865
 20
-6.479801807427721
 10
138.89367496402645
 20
-6.449487961420328
 10
138.88889611446623
 20
-6.420460211372293
 10
138.88379156128258
 20
-6.39297744672188
 10
138.87998691960215
 20
-6.367505731869043
 10
138.87415608483207
 20
-6.345038084281519
 10
138.86858450648398
 20
-6.325961823580625
 10
138.86666470437018
 20
-6.310358977965479
 10
138.8653904125455
 20
-6.298834176199474
 10
138.8625205247291
 20
-6.291905801055849
 10
138.85952254613062
 20
-6.289642208970486
 10
138.85689307007584
 20
-6.292486549206645
  0
LWPOLYLINE
  5
321
330
17
100
AcDbEntity
  8
VISTA
100
AcDbPolyline
 90
9
 70
1
 10
138.8972537904502
 20
-6.4815277893587995
 10
138.8976905828422
 20
-6.481290573673871
 10
138.89783171054356
 20
-6.480813015717092
 10
138.89759509097854
 20
-6.480375451236151
 10
138.8971180676782
 20
-6.4802342354546445
 10
138.89667965224035
 20
-6.480471451236151
 10
138.89653852433966
 20
-6.480949015717092
 10
138.89677721218075
 20
-6.481386388343156
 10
138.8972537904502
 20
-6.4815277893587995
  0
LWPOLYLINE
  5
322
330
17
100
AcDbEntity
  8
VISTA
100
AcDbPolyline
 90
41
 70
1
 10
138.9623253141961
 20
-6.29472776734765
 10
138.9602400425811
 20
-6.302202383492174
 10
138.95983726853189
 20
-6.313964963877578
 10
138.96274522995844
 20
-6.329460318959108
 10
138.96534700357424
 20
-6.348794620782844
 10
138.9661372473417
 20
-6.371772078859425
 10
138.96849368448366
 20
-6.397345071267947
 10
138.97115581234888
 20
-6.42500056351468
 10
138.9710596093196
 20
-6.4545262833924095
 10
138.97313110591145
 20
-6.484555251290281
 10
138.98100913298777
 20
-6.513757928562094
 10
138.9886450885246
 20
-6.542194750601094
 10
138.9929478218836
 20
-6.569635145496738
 10
138.9978722401487
 20
-6.594843989241198
 10
139.0028134133903
 20
-6.617208393819196
 10
139.00478848214053
 20
-6.636614582222994
 10
139.00679001284325
 20
-6.652236463221621
 10
139.01118440673577
 20
-6.663310603108808
 10
139.01518893494705
 20
-6.6699291059001515
 10
139.01797066445485
 20
-6.672123993277821
 10
139.0198016870209
 20
-6.669259681663763
 10
139.01977487375967
 20
-6.66209365983302
 10
139.0199309201401
 20
-6.650482571978984
 10
139.02192678029473
 20
-6.634330873398347
 10
139.0221802617356
 20
-6.6145117859477836
 10
139.01923397153024
 20
-6.591800096779793
 10
139.0165701078054
 20
-6.566278863913514
 10
139.01304998005267
 20
-6.538693370277622
 10
139.00576450700208
 20
-6.510186856587137
 10
138.99982440660912
 20
-6.480804038770112
 10
138.9990452298445
 20
-6.4506769181149
 10
138.99760088599905
 20
-6.421321347423175
 10
138.99261744632224
 20
-6.393941310157619
 10
138.98827282436807
 20
-6.368661329397359
 10
138.9842061070479
 20
-6.346118321623154
 10
138.97764054083848
 20
-6.327296540968666
 10
138.9717999929949
 20
-6.3122876596903925
 10
138.96921579167565
 20
-6.301057089547084
 10
138.96721671886752
 20
-6.294128699589367
 10
138.96453119442276
 20
-6.2918719541590775
 10
138.9623253141961
 20
-6.29472776734765
  0
LWPOLYLINE
  5
323
330
17
100
AcDbEntity
  8
VISTA
100
AcDbPolyline
 90
25
 70
1
 10
139.01071381330704
 20
-6.6695568056402434
 10
139.00787434278027
 20
-6.6719767438565025
 10
139.00561222247686
 20
-6.6754895785027415
 10
139.0042887704452
 20
-6.679821302765123
 10
139.00404576824346
 20
-6.684656753957095
 10
139.0047095260274
 20
-6.689687773972603
 10
139.00597067661943
 20
-6.694623796052632
 10
139.00765179468632
 20
-6.699165586961562
 10
139.00980590213024
 20
-6.703002489769223
 10
139.0125567546673
 20
-6.705830129461557
 10
139.01583220022695
 20
-6.707412239515862
 10
139.01926417560512
 20
-6.707633409871856
 10
139.0223820934855
 20
-6.706497784593438
 10
139.02487520470643
 20
-6.704112019776563
 10
139.02674105175768
 20
-6.7006611470183595
 10
139.0281116906067
 20
-6.696354366660366
 10
139.02896039905087
 20
-6.691452815439552
 10
139.02903989277715
 20
-6.686298912933931
 10
139.0280775550771
 20
-6.681276699124878
 10
139.02605742541462
 20
-6.676751369504295
 10
139.02327571555617
 20
-6.673012495963881
 10
139.02015517568424
 20
-6.67026747018307
 10
139.01697047910562
 20
-6.668686852319344
 10
139.01380364552642
 20
-6.668427762172117
 10
139.01071381330704
 20
-6.6695568056402434
  0
LWPOLYLINE
  5
324
330
17
100
AcDbEntity
  8
VISTA
100
AcDbPolyline
 90
25
 70
1
 10
138.95177291469045
 20
-6.250168400502084
 10
138.948933320764
 20
-6.252589328341479
 10
138.9466713998023
 20
-6.256106398364486
 10
138.94535061572466
 20
-6.260445729396905
 10
138.94510837318578
 20
-6.265290489023948
 10
138.94577331652968
 20
-6.270333207214612
 10
138.9470359020934
 20
-6.275281124959743
 10
138.9487189054618
 20
-6.279837696355712
 10
138.95087477019388
 20
-6.283687471431908
 10
138.95362788721664
 20
-6.2865272297055785
 10
138.95690467924527
 20
-6.288118748758689
 10
138.96033569980062
 20
-6.288347612076332
 10
138.96345405350263
 20
-6.287214827792838
 10
138.96594769231135
 20
-6.284828613190053
 10
138.9678146454429
 20
-6.281373659676425
 10
138.969184005387
 20
-6.277058116104338
 10
138.9700304677192
 20
-6.2721464651818435
 10
138.97010719652855
 20
-6.266979709779768
 10
138.96914493240115
 20
-6.26194406667284
 10
138.96712214369717
 20
-6.257406377802279
 10
138.96433955294117
 20
-6.253654298677611
 10
138.9612179662906
 20
-6.250897276108921
 10
138.9580320497138
 20
-6.249308223599405
 10
138.95486509992367
 20
-6.249043475950959
 10
138.95177291469045
 20
-6.250168400502084
  0
LWPOLYLINE
  5
325
330
17
100
AcDbEntity
  8
VISTA
100
AcDbPolyline
 90
9
 70
1
 10
139.0077576760923
 20
-6.484201114536546
 10
139.00818638180797
 20
-6.483949113980909
 10
139.00831067582192
 20
-6.483467112313662
 10
139.00805838083323
 20
-6.4830381074236705
 10
139.00757652795505
 20
-6.482914106867501
 10
139.00714752803023
 20
-6.483166107423671
 10
139.00702323442925
 20
-6.483648112313662
 10
139.00727552891635
 20
-6.484077113980909
 10
139.0077576760923
 20
-6.484201114536546
  0
LWPOLYLINE
  5
326
330
17
100
AcDbEntity
  8
CORTE
100
AcDbPolyline
 90
41
 70
1
 10
134.00102871497964
 20
-0.0016607463177687246
 10
134.000831
 20
-0.001895
 10
134.0003373740207
 20
-0.003442407552491382
 10
134.0
 20
-0.0045
 10
134.0
 20
-0.11795675336884989
 10
134.0
 20
-0.1955
 10
134.00049362597932
 20
-0.1970474075524914
 10
134.000831
 20
-0.198105
 10
134.00112028502036
 20
-0.19844774631776874
 10
134.001318
 20
-0.198682
 10
134.00166074631778
 20
-0.1989712850203698
 10
134.001895
 20
-0.199169
 10
134.00344181353807
 20
-0.19966262597931683
 10
134.004499
 20
-0.2
 10
138.75126938263867
 20
-0.2
 10
141.995501
 20
-0.2
 10
141.99704721952367
 20
-0.1995063740206832
 10
141.998104
 20
-0.199169
 10
141.99844734033218
 20
-0.19887971497963022
 10
141.998682
 20
-0.198682
 10
141.99887930899405
 20
-0.19844774631776874
 10
141.999168
 20
-0.198105
 10
141.99950578000627
 20
-0.1970474075524914
 10
142.0
 20
-0.1955
 10
142.0
 20
-0.11795675336884989
 10
142.0
 20
-0.0045
 10
141.99966221999372
 20
-0.003442407552491382
 10
141.999168
 20
-0.001895
 10
141.99897069100595
 20
-0.0016607463177687246
 10
141.998682
 20
-0.001318
 10
141.99844734033218
 20
-0.00112028502036979
 10
141.998104
 20
-0.000831
 10
141.99704721952367
 20
-0.0004936259793168286
 10
141.995501
 20
-0.0
 10
138.75126938263867
 20
-0.0
 10
134.004499
 20
-0.0
 10
134.00344181353807
 20
-0.0003373740206831714
 10
134.001895
 20
-0.000831
 10
134.00166074631778
 20
-0.0010287149796302099
 10
134.001318
 20
-0.001318
 10
134.00102871497964
 20
-0.0016607463177687246
  0
LINE
  5
327
330
17
100
AcDbEntity
  8
CORTE
100
AcDbLine
 10
138.8760304264751
 20
0.11334058040354632
 30
0.0
 11
138.876318
 21
0.113682
 31
0.0
  0
LINE
  5
328
330
17
100
AcDbEntity
  8
CORTE
100
AcDbLine
 10
138.8760304264751
 20
0.11334058040354632
 30
0.0
 11
138.875832
 21
0.113105
 31
0.0
  0
LINE
  5
329
330
17
100
AcDbEntity
  8
CORTE
100
AcDbLine
 10
138.87533969306023
 20
0.11156358223784775
 30
0.0
 11
138.875832
 21
0.113105
 31
0.0
  0
LINE
  5
32A
330
17
100
AcDbEntity
  8
CORTE
100
AcDbLine
 10
138.87533969306023
 20
0.11156358223784775
 30
0.0
 11
138.875
 21
0.1105
 31
0.0
  0
LINE
  5
32B
330
17
100
AcDbEntity
  8
CORTE
100
AcDbLine
 10
138.875
 20
-0.026186181595842253
 30
0.0
 11
138.875
 21
-0.026186181595842226
 31
0.0
  0
LINE
  5
32C
330
17
100
AcDbEntity
  8
CORTE
100
AcDbLine
 10
138.875
 20
-0.026186181595842226
 30
0.0
 11
138.875
 21
0.1105
 31
0.0
  0
LINE
  5
32D
330
17
100
AcDbEntity
  8
CORTE
100
AcDbLine
 10
138.875
 20
-0.026186181595842253
 30
0.0
 11
138.875
 21
-0.1205
 31
0.0
  0
LINE
  5
32E
330
17
100
AcDbEntity
  8
CORTE
100
AcDbLine
 10
138.87549230693978
 20
-0.12204141776215224
 30
0.0
 11
138.875
 21
-0.1205
 31
0.0
  0
LINE
  5
32F
330
17
100
AcDbEntity
  8
CORTE
100
AcDbLine
 10
138.87549230693978
 20
-0.12204141776215224
 30
0.0
 11
138.875832
 21
-0.123105
 31
0.0
  0
LINE
  5
330
330
17
100
AcDbEntity
  8
CORTE
100
AcDbLine
 10
138.87611957352493
 20
-0.12344641959645368
 30
0.0
 11
138.875832
 21
-0.123105
 31
0.0
  0
LINE
  5
331
330
17
100
AcDbEntity
  8
CORTE
100
AcDbLine
 10
138.87611957352493
 20
-0.12344641959645368
 30
0.0
 11
138.876318
 21
-0.123682
 31
0.0
  0
LINE
  5
332
330
17
100
AcDbEntity
  8
CORTE
100
AcDbLine
 10
139.623682
 20
0.113682
 30
0.0
 11
139.6239695735249
 21
0.11334058040354632
 31
0.0
  0
LINE
  5
333
330
17
100
AcDbEntity
  8
CORTE
100
AcDbLine
 10
139.624168
 20
0.113105
 30
0.0
 11
139.6239695735249
 21
0.11334058040354632
 31
0.0
  0
LINE
  5
334
330
17
100
AcDbEntity
  8
CORTE
100
AcDbLine
 10
139.624168
 20
0.113105
 30
0.0
 11
139.62466030693977
 21
0.11156358223784775
 31
0.0
  0
LINE
  5
335
330
17
100
AcDbEntity
  8
CORTE
100
AcDbLine
 10
139.625
 20
0.1105
 30
0.0
 11
139.62466030693977
 21
0.11156358223784775
 31
0.0
  0
LINE
  5
336
330
17
100
AcDbEntity
  8
CORTE
100
AcDbLine
 10
139.625
 20
0.1105
 30
0.0
 11
139.625
 21
-0.026186181595842226
 31
0.0
  0
LINE
  5
337
330
17
100
AcDbEntity
  8
CORTE
100
AcDbLine
 10
139.625
 20
-0.1205
 30
0.0
 11
139.625
 21
-0.026186181595842253
 31
0.0
  0
LINE
  5
338
330
17
100
AcDbEntity
  8
CORTE
100
AcDbLine
 10
139.625
 20
-0.1205
 30
0.0
 11
139.62450769306022
 21
-0.12204141776215224
 31
0.0
  0
LINE
  5
339
330
17
100
AcDbEntity
  8
CORTE
100
AcDbLine
 10
139.624168
 20
-0.123105
 30
0.0
 11
139.62450769306022
 21
-0.12204141776215224
 31
0.0
  0
LINE
  5
33A
330
17
100
AcDbEntity
  8
CORTE
100
AcDbLine
 10
139.624168
 20
-0.123105
 30
0.0
 11
139.62388042647507
 21
-0.12344641959645368
 31
0.0
  0
LINE
  5
33B
330
17
100
AcDbEntity
  8
CORTE
100
AcDbLine
 10
139.623682
 20
-0.123682
 30
0.0
 11
139.62388042647507
 21
-0.12344641959645368
 31
0.0
  0
LINE
  5
33C
330
17
100
AcDbEntity
  8
CORTE
100
AcDbLine
 10
138.876318
 20
0.113682
 30
0.0
 11
138.87665882788139
 21
0.11397016523998778
 31
0.0
  0
LINE
  5
33D
330
17
100
AcDbEntity
  8
CORTE
100
AcDbLine
 10
138.87665882788139
 20
0.11397016523998778
 30
0.0
 11
138.876894
 21
0.114169
 31
0.0
  0
LINE
  5
33E
330
17
100
AcDbEntity
  8
CORTE
100
AcDbLine
 10
138.876894
 20
0.114169
 30
0.0
 11
138.87843541776215
 21
0.11466071522470193
 31
0.0
  0
LINE
  5
33F
330
17
100
AcDbEntity
  8
CORTE
100
AcDbLine
 10
138.87843541776215
 20
0.11466071522470193
 30
0.0
 11
138.879499
 21
0.115
 31
0.0
  0
LINE
  5
340
330
17
100
AcDbEntity
  8
CORTE
100
AcDbLine
 10
138.879499
 20
0.115
 30
0.0
 11
139.31796105166615
 21
0.115
 31
0.0
  0
LINE
  5
341
330
17
100
AcDbEntity
  8
CORTE
100
AcDbLine
 10
139.31796105166615
 20
0.115
 30
0.0
 11
139.620501
 21
0.115
 31
0.0
  0
LINE
  5
342
330
17
100
AcDbEntity
  8
CORTE
100
AcDbLine
 10
139.620501
 20
0.115
 30
0.0
 11
139.62204241776215
 21
0.11450828477529808
 31
0.0
  0
LINE
  5
343
330
17
100
AcDbEntity
  8
CORTE
100
AcDbLine
 10
139.62204241776215
 20
0.11450828477529808
 30
0.0
 11
139.623106
 21
0.114169
 31
0.0
  0
LINE
  5
344
330
17
100
AcDbEntity
  8
CORTE
100
AcDbLine
 10
139.623106
 20
0.114169
 30
0.0
 11
139.62344682788137
 21
0.11388083476001223
 31
0.0
  0
LINE
  5
345
330
17
100
AcDbEntity
  8
CORTE
100
AcDbLine
 10
139.62344682788137
 20
0.11388083476001223
 30
0.0
 11
139.623682
 21
0.113682
 31
0.0
  0
LINE
  5
346
330
17
100
AcDbEntity
  8
CORTE
100
AcDbLine
 10
138.87665882788139
 20
-0.12397016523998777
 30
0.0
 11
138.876318
 21
-0.123682
 31
0.0
  0
LINE
  5
347
330
17
100
AcDbEntity
  8
CORTE
100
AcDbLine
 10
138.876894
 20
-0.124169
 30
0.0
 11
138.87665882788139
 21
-0.12397016523998777
 31
0.0
  0
LINE
  5
348
330
17
100
AcDbEntity
  8
CORTE
100
AcDbLine
 10
138.87843541776215
 20
-0.12466071522470193
 30
0.0
 11
138.876894
 21
-0.124169
 31
0.0
  0
LINE
  5
349
330
17
100
AcDbEntity
  8
CORTE
100
AcDbLine
 10
138.879499
 20
-0.125
 30
0.0
 11
138.87843541776215
 21
-0.12466071522470193
 31
0.0
  0
LINE
  5
34A
330
17
100
AcDbEntity
  8
CORTE
100
AcDbLine
 10
139.31796105166615
 20
-0.125
 30
0.0
 11
138.879499
 21
-0.125
 31
0.0
  0
LINE
  5
34B
330
17
100
AcDbEntity
  8
CORTE
100
AcDbLine
 10
139.620501
 20
-0.125
 30
0.0
 11
139.31796105166615
 21
-0.125
 31
0.0
  0
LINE
  5
34C
330
17
100
AcDbEntity
  8
CORTE
100
AcDbLine
 10
139.62204241776215
 20
-0.12450828477529807
 30
0.0
 11
139.620501
 21
-0.125
 31
0.0
  0
LINE
  5
34D
330
17
100
AcDbEntity
  8
CORTE
100
AcDbLine
 10
139.623106
 20
-0.124169
 30
0.0
 11
139.62204241776215
 21
-0.12450828477529807
 31
0.0
  0
LINE
  5
34E
330
17
100
AcDbEntity
  8
CORTE
100
AcDbLine
 10
139.62344682788137
 20
-0.12388083476001223
 30
0.0
 11
139.623106
 21
-0.124169
 31
0.0
  0
LINE
  5
34F
330
17
100
AcDbEntity
  8
CORTE
100
AcDbLine
 10
139.623682
 20
-0.123682
 30
0.0
 11
139.62344682788137
 21
-0.12388083476001223
 31
0.0
  0
LINE
  5
350
330
17
100
AcDbEntity
  8
CORTE
100
AcDbLine
 10
136.07788797900955
 20
0.04437117526530067
 30
0.0
 11
136.077999
 21
0.044502
 31
0.0
  0
LINE
  5
351
330
17
100
AcDbEntity
  8
CORTE
100
AcDbLine
 10
136.07788797900955
 20
0.04437117526530067
 30
0.0
 11
136.077814
 21
0.044284
 31
0.0
  0
LINE
  5
352
330
17
100
AcDbEntity
  8
CORTE
100
AcDbLine
 10
136.07762616448642
 20
0.04369348835346726
 30
0.0
 11
136.077814
 21
0.044284
 31
0.0
  0
LINE
  5
353
330
17
100
AcDbEntity
  8
CORTE
100
AcDbLine
 10
136.07762616448642
 20
0.04369348835346726
 30
0.0
 11
136.077501
 21
0.0433
 31
0.0
  0
LINE
  5
354
330
17
100
AcDbEntity
  8
CORTE
100
AcDbLine
 10
136.077501
 20
0.021335847293599414
 30
0.0
 11
136.077501
 21
0.0433
 31
0.0
  0
LINE
  5
355
330
17
100
AcDbEntity
  8
CORTE
100
AcDbLine
 10
136.077501
 20
0.02133584729359941
 30
0.0
 11
136.077501
 21
0.0067
 31
0.0
  0
LINE
  5
356
330
17
100
AcDbEntity
  8
CORTE
100
AcDbLine
 10
136.07768883551358
 20
0.006109488353467263
 30
0.0
 11
136.077501
 21
0.0067
 31
0.0
  0
LINE
  5
357
330
17
100
AcDbEntity
  8
CORTE
100
AcDbLine
 10
136.07768883551358
 20
0.006109488353467263
 30
0.0
 11
136.077814
 21
0.005716
 31
0.0
  0
LINE
  5
358
330
17
100
AcDbEntity
  8
CORTE
100
AcDbLine
 10
136.07792502099045
 20
0.005585175265300674
 30
0.0
 11
136.077814
 21
0.005716
 31
0.0
  0
LINE
  5
359
330
17
100
AcDbEntity
  8
CORTE
100
AcDbLine
 10
136.07792502099045
 20
0.005585175265300674
 30
0.0
 11
136.077999
 21
0.005498
 31
0.0
  0
LINE
  5
35A
330
17
100
AcDbEntity
  8
CORTE
100
AcDbLine
 10
136.122002
 20
0.044502
 30
0.0
 11
136.12211302099047
 21
0.04437117526530067
 31
0.0
  0
LINE
  5
35B
330
17
100
AcDbEntity
  8
CORTE
100
AcDbLine
 10
136.122187
 20
0.044284
 30
0.0
 11
136.12211302099047
 21
0.04437117526530067
 31
0.0
  0
LINE
  5
35C
330
17
100
AcDbEntity
  8
CORTE
100
AcDbLine
 10
136.122187
 20
0.044284
 30
0.0
 11
136.12237423540012
 21
0.04369348835346726
 31
0.0
  0
LINE
  5
35D
330
17
100
AcDbEntity
  8
CORTE
100
AcDbLine
 10
136.122499
 20
0.0433
 30
0.0
 11
136.12237423540012
 21
0.04369348835346726
 31
0.0
  0
LINE
  5
35E
330
17
100
AcDbEntity
  8
CORTE
100
AcDbLine
 10
136.122499
 20
0.0433
 30
0.0
 11
136.122499
 21
0.021335847293599414
 31
0.0
  0
LINE
  5
35F
330
17
100
AcDbEntity
  8
CORTE
100
AcDbLine
 10
136.122499
 20
0.021335847293599414
 30
0.0
 11
136.122499
 21
0.02133584729359941
 31
0.0
  0
LINE
  5
360
330
17
100
AcDbEntity
  8
CORTE
100
AcDbLine
 10
136.122499
 20
0.0067
 30
0.0
 11
136.122499
 21
0.02133584729359941
 31
0.0
  0
LINE
  5
361
330
17
100
AcDbEntity
  8
CORTE
100
AcDbLine
 10
136.122499
 20
0.0067
 30
0.0
 11
136.12231176459989
 21
0.006109488353467263
 31
0.0
  0
LINE
  5
362
330
17
100
AcDbEntity
  8
CORTE
100
AcDbLine
 10
136.122187
 20
0.005716
 30
0.0
 11
136.12231176459989
 21
0.006109488353467263
 31
0.0
  0
LINE
  5
363
330
17
100
AcDbEntity
  8
CORTE
100
AcDbLine
 10
136.122187
 20
0.005716
 30
0.0
 11
136.12207597900954
 21
0.005585175265300674
 31
0.0
  0
LINE
  5
364
330
17
100
AcDbEntity
  8
CORTE
100
AcDbLine
 10
136.122002
 20
0.005498
 30
0.0
 11
136.12207597900954
 21
0.005585175265300674
 31
0.0
  0
LINE
  5
365
330
17
100
AcDbEntity
  8
CORTE
100
AcDbLine
 10
136.077999
 20
0.044502
 30
0.0
 11
136.0781298247347
 21
0.04461242087699392
 31
0.0
  0
LINE
  5
366
330
17
100
AcDbEntity
  8
CORTE
100
AcDbLine
 10
136.0781298247347
 20
0.04461242087699392
 30
0.0
 11
136.078217
 21
0.044686
 31
0.0
  0
LINE
  5
367
330
17
100
AcDbEntity
  8
CORTE
100
AcDbLine
 10
136.078217
 20
0.044686
 30
0.0
 11
136.07880751164654
 21
0.04487443562704398
 31
0.0
  0
LINE
  5
368
330
17
100
AcDbEntity
  8
CORTE
100
AcDbLine
 10
136.07880751164654
 20
0.04487443562704398
 30
0.0
 11
136.079201
 21
0.045
 31
0.0
  0
LINE
  5
369
330
17
100
AcDbEntity
  8
CORTE
100
AcDbLine
 10
136.079201
 20
0.045
 30
0.0
 11
136.10416511990255
 21
0.045
 31
0.0
  0
LINE
  5
36A
330
17
100
AcDbEntity
  8
CORTE
100
AcDbLine
 10
136.10416511990255
 20
0.045
 30
0.0
 11
136.1208
 21
0.045
 31
0.0
  0
LINE
  5
36B
330
17
100
AcDbEntity
  8
CORTE
100
AcDbLine
 10
136.1208
 20
0.045
 30
0.0
 11
136.12139051164652
 21
0.04481156437295601
 31
0.0
  0
LINE
  5
36C
330
17
100
AcDbEntity
  8
CORTE
100
AcDbLine
 10
136.12139051164652
 20
0.04481156437295601
 30
0.0
 11
136.121784
 21
0.044686
 31
0.0
  0
LINE
  5
36D
330
17
100
AcDbEntity
  8
CORTE
100
AcDbLine
 10
136.121784
 20
0.044686
 30
0.0
 11
136.1219148247347
 21
0.044575579123006075
 31
0.0
  0
LINE
  5
36E
330
17
100
AcDbEntity
  8
CORTE
100
AcDbLine
 10
136.1219148247347
 20
0.044575579123006075
 30
0.0
 11
136.122002
 21
0.044502
 31
0.0
  0
LINE
  5
36F
330
17
100
AcDbEntity
  8
CORTE
100
AcDbLine
 10
136.0781298247347
 20
0.005387579123006074
 30
0.0
 11
136.077999
 21
0.005498
 31
0.0
  0
LINE
  5
370
330
17
100
AcDbEntity
  8
CORTE
100
AcDbLine
 10
136.078217
 20
0.005314
 30
0.0
 11
136.0781298247347
 21
0.005387579123006074
 31
0.0
  0
LINE
  5
371
330
17
100
AcDbEntity
  8
CORTE
100
AcDbLine
 10
136.07880751164654
 20
0.005125564372956017
 30
0.0
 11
136.078217
 21
0.005314
 31
0.0
  0
LINE
  5
372
330
17
100
AcDbEntity
  8
CORTE
100
AcDbLine
 10
136.079201
 20
0.005
 30
0.0
 11
136.07880751164654
 21
0.005125564372956017
 31
0.0
  0
LINE
  5
373
330
17
100
AcDbEntity
  8
CORTE
100
AcDbLine
 10
136.10416511990255
 20
0.005
 30
0.0
 11
136.079201
 21
0.005
 31
0.0
  0
LINE
  5
374
330
17
100
AcDbEntity
  8
CORTE
100
AcDbLine
 10
136.1208
 20
0.005
 30
0.0
 11
136.10416511990255
 21
0.005
 31
0.0
  0
LINE
  5
375
330
17
100
AcDbEntity
  8
CORTE
100
AcDbLine
 10
136.12139051164652
 20
0.0051884356270439835
 30
0.0
 11
136.1208
 21
0.005
 31
0.0
  0
LINE
  5
376
330
17
100
AcDbEntity
  8
CORTE
100
AcDbLine
 10
136.121784
 20
0.005314
 30
0.0
 11
136.12139051164652
 21
0.0051884356270439835
 31
0.0
  0
LINE
  5
377
330
17
100
AcDbEntity
  8
CORTE
100
AcDbLine
 10
136.1219148247347
 20
0.005424420876993926
 30
0.0
 11
136.121784
 21
0.005314
 31
0.0
  0
LINE
  5
378
330
17
100
AcDbEntity
  8
CORTE
100
AcDbLine
 10
136.122002
 20
0.005498
 30
0.0
 11
136.1219148247347
 21
0.005424420876993926
 31
0.0
  0
LINE
  5
379
330
17
100
AcDbEntity
  8
VISTA
100
AcDbLine
 10
140.96036919705486
 20
0.044349043016008796
 30
0.0
 11
140.960499
 21
0.044502
 31
0.0
  0
LINE
  5
37A
330
17
100
AcDbEntity
  8
VISTA
100
AcDbLine
 10
140.96036919705486
 20
0.044349043016008796
 30
0.0
 11
140.960314
 21
0.044284
 31
0.0
  0
LINE
  5
37B
330
17
100
AcDbEntity
  8
VISTA
100
AcDbLine
 10
140.9600929841745
 20
0.04359358865941586
 30
0.0
 11
140.960314
 21
0.044284
 31
0.0
  0
LINE
  5
37C
330
17
100
AcDbEntity
  8
VISTA
100
AcDbLine
 10
140.9600929841745
 20
0.04359358865941586
 30
0.0
 11
140.959999
 21
0.0433
 31
0.0
  0
LINE
  5
37D
330
17
100
AcDbEntity
  8
VISTA
100
AcDbLine
 10
140.959999
 20
0.010603690578027614
 30
0.0
 11
140.959999
 21
0.0433
 31
0.0
  0
LINE
  5
37E
330
17
100
AcDbEntity
  8
VISTA
100
AcDbLine
 10
140.959999
 20
0.01060369057802761
 30
0.0
 11
140.959999
 21
-0.0033
 31
0.0
  0
LINE
  5
37F
330
17
100
AcDbEntity
  8
VISTA
100
AcDbLine
 10
140.96022001582548
 20
-0.003990411340584137
 30
0.0
 11
140.959999
 21
-0.0033
 31
0.0
  0
LINE
  5
380
330
17
100
AcDbEntity
  8
VISTA
100
AcDbLine
 10
140.96022001582548
 20
-0.003990411340584137
 30
0.0
 11
140.960314
 21
-0.004284
 31
0.0
  0
LINE
  5
381
330
17
100
AcDbEntity
  8
VISTA
100
AcDbLine
 10
140.96044380294512
 20
-0.004436956983991201
 30
0.0
 11
140.960314
 21
-0.004284
 31
0.0
  0
LINE
  5
382
330
17
100
AcDbEntity
  8
VISTA
100
AcDbLine
 10
140.96044380294512
 20
-0.004436956983991201
 30
0.0
 11
140.960499
 21
-0.004502
 31
0.0
  0
LINE
  5
383
330
17
100
AcDbEntity
  8
VISTA
100
AcDbLine
 10
141.539501
 20
0.044502
 30
0.0
 11
141.53963080294514
 21
0.044349043016008796
 31
0.0
  0
LINE
  5
384
330
17
100
AcDbEntity
  8
VISTA
100
AcDbLine
 10
141.539686
 20
0.044284
 30
0.0
 11
141.53963080294514
 21
0.044349043016008796
 31
0.0
  0
LINE
  5
385
330
17
100
AcDbEntity
  8
VISTA
100
AcDbLine
 10
141.539686
 20
0.044284
 30
0.0
 11
141.5399070158255
 21
0.04359358865941586
 31
0.0
  0
LINE
  5
386
330
17
100
AcDbEntity
  8
VISTA
100
AcDbLine
 10
141.540001
 20
0.0433
 30
0.0
 11
141.5399070158255
 21
0.04359358865941586
 31
0.0
  0
LINE
  5
387
330
17
100
AcDbEntity
  8
VISTA
100
AcDbLine
 10
141.540001
 20
0.0433
 30
0.0
 11
141.540001
 21
0.010603690578027614
 31
0.0
  0
LINE
  5
388
330
17
100
AcDbEntity
  8
VISTA
100
AcDbLine
 10
141.540001
 20
0.010603690578027614
 30
0.0
 11
141.540001
 21
0.01060369057802761
 31
0.0
  0
LINE
  5
389
330
17
100
AcDbEntity
  8
VISTA
100
AcDbLine
 10
141.540001
 20
-0.0033
 30
0.0
 11
141.540001
 21
0.01060369057802761
 31
0.0
  0
LINE
  5
38A
330
17
100
AcDbEntity
  8
VISTA
100
AcDbLine
 10
141.540001
 20
-0.0033
 30
0.0
 11
141.53977998417452
 21
-0.003990411340584137
 31
0.0
  0
LINE
  5
38B
330
17
100
AcDbEntity
  8
VISTA
100
AcDbLine
 10
141.539686
 20
-0.004284
 30
0.0
 11
141.53977998417452
 21
-0.003990411340584137
 31
0.0
  0
LINE
  5
38C
330
17
100
AcDbEntity
  8
VISTA
100
AcDbLine
 10
141.539686
 20
-0.004284
 30
0.0
 11
141.53955619705488
 21
-0.004436956983991201
 31
0.0
  0
LINE
  5
38D
330
17
100
AcDbEntity
  8
VISTA
100
AcDbLine
 10
141.539501
 20
-0.004502
 30
0.0
 11
141.53955619705488
 21
-0.004436956983991201
 31
0.0
  0
LINE
  5
38E
330
17
100
AcDbEntity
  8
VISTA
100
AcDbLine
 10
140.960499
 20
0.044502
 30
0.0
 11
140.96065125534645
 21
0.0446311013075889
 31
0.0
  0
LINE
  5
38F
330
17
100
AcDbEntity
  8
VISTA
100
AcDbLine
 10
140.96065125534645
 20
0.0446311013075889
 30
0.0
 11
140.960716
 21
0.044686
 31
0.0
  0
LINE
  5
390
330
17
100
AcDbEntity
  8
VISTA
100
AcDbLine
 10
140.960716
 20
0.044686
 30
0.0
 11
140.9614064113406
 21
0.04490631418795063
 31
0.0
  0
LINE
  5
391
330
17
100
AcDbEntity
  8
VISTA
100
AcDbLine
 10
140.9614064113406
 20
0.04490631418795063
 30
0.0
 11
140.9617
 21
0.045
 31
0.0
  0
LINE
  5
392
330
17
100
AcDbEntity
  8
VISTA
100
AcDbLine
 10
140.9617
 20
0.045
 30
0.0
 11
141.3662642062813
 21
0.045
 31
0.0
  0
LINE
  5
393
330
17
100
AcDbEntity
  8
VISTA
100
AcDbLine
 10
141.3662642062813
 20
0.045
 30
0.0
 11
141.5383
 21
0.045
 31
0.0
  0
LINE
  5
394
330
17
100
AcDbEntity
  8
VISTA
100
AcDbLine
 10
141.5383
 20
0.045
 30
0.0
 11
141.5389904113406
 21
0.044779685812049365
 31
0.0
  0
LINE
  5
395
330
17
100
AcDbEntity
  8
VISTA
100
AcDbLine
 10
141.5389904113406
 20
0.044779685812049365
 30
0.0
 11
141.539284
 21
0.044686
 31
0.0
  0
LINE
  5
396
330
17
100
AcDbEntity
  8
VISTA
100
AcDbLine
 10
141.539284
 20
0.044686
 30
0.0
 11
141.53943625534646
 21
0.0445568986924111
 31
0.0
  0
LINE
  5
397
330
17
100
AcDbEntity
  8
VISTA
100
AcDbLine
 10
141.53943625534646
 20
0.0445568986924111
 30
0.0
 11
141.539501
 21
0.044502
 31
0.0
  0
LINE
  5
398
330
17
100
AcDbEntity
  8
VISTA
100
AcDbLine
 10
140.96065125534645
 20
-0.0046311013075889034
 30
0.0
 11
140.960499
 21
-0.004502
 31
0.0
  0
LINE
  5
399
330
17
100
AcDbEntity
  8
VISTA
100
AcDbLine
 10
140.960716
 20
-0.004686
 30
0.0
 11
140.96065125534645
 21
-0.004631101307588904
 31
0.0
  0
LINE
  5
39A
330
17
100
AcDbEntity
  8
VISTA
100
AcDbLine
 10
140.9614064113406
 20
-0.004906314187950629
 30
0.0
 11
140.960716
 21
-0.004686
 31
0.0
  0
LINE
  5
39B
330
17
100
AcDbEntity
  8
VISTA
100
AcDbLine
 10
140.9617
 20
-0.005
 30
0.0
 11
140.9614064113406
 21
-0.004906314187950629
 31
0.0
  0
LINE
  5
39C
330
17
100
AcDbEntity
  8
VISTA
100
AcDbLine
 10
141.3662642062813
 20
-0.005
 30
0.0
 11
140.9617
 21
-0.005
 31
0.0
  0
LINE
  5
39D
330
17
100
AcDbEntity
  8
VISTA
100
AcDbLine
 10
141.5383
 20
-0.005
 30
0.0
 11
141.3662642062813
 21
-0.005
 31
0.0
  0
LINE
  5
39E
330
17
100
AcDbEntity
  8
VISTA
100
AcDbLine
 10
141.5389904113406
 20
-0.004779685812049371
 30
0.0
 11
141.5383
 21
-0.005
 31
0.0
  0
LINE
  5
39F
330
17
100
AcDbEntity
  8
VISTA
100
AcDbLine
 10
141.539284
 20
-0.004686
 30
0.0
 11
141.5389904113406
 21
-0.004779685812049371
 31
0.0
  0
LINE
  5
3A0
330
17
100
AcDbEntity
  8
VISTA
100
AcDbLine
 10
141.53943625534646
 20
-0.0045568986924110965
 30
0.0
 11
141.539284
 21
-0.004686
 31
0.0
  0
LINE
  5
3A1
330
17
100
AcDbEntity
  8
VISTA
100
AcDbLine
 10
141.539501
 20
-0.004502
 30
0.0
 11
141.53943625534646
 21
-0.004556898692411096
 31
0.0
  0
LWPOLYLINE
  5
3A2
330
17
100
AcDbEntity
  8
CORTE
100
AcDbPolyline
 90
41
 70
1
 10
141.80102830899403
 20
-6.001660746317769
 10
141.800831
 20
-6.001895
 10
141.80033678000626
 20
-6.003442407552492
 10
141.799999
 20
-6.0045
 10
141.799999
 20
-9.563240957536824
 10
141.799999
 20
-11.995501
 10
141.80049321999374
 20
-11.997047813538076
 10
141.800831
 20
-11.998105
 10
141.80111969100597
 20
-11.998447746317769
 10
141.801317
 20
-11.998682
 10
141.80166034033218
 20
-11.998971285020371
 10
141.801895
 20
-11.999169
 10
141.8034418135381
 20
-11.999662625979317
 10
141.804499
 20
-12.0
 10
141.91795694139768
 20
-12.0
 10
141.995501
 20
-12.0
 10
141.99704721952367
 20
-11.999506374020683
 10
141.998104
 20
-11.999169
 10
141.99844734033218
 20
-11.99887971497963
 10
141.998682
 20
-11.998682
 10
141.99887930899405
 20
-11.998447746317769
 10
141.999168
 20
-11.998105
 10
141.99950578000627
 20
-11.997047813538076
 10
142.0
 20
-11.995501
 10
142.0
 20
-9.563240957536824
 10
142.0
 20
-6.0045
 10
141.99966221999372
 20
-6.003442407552492
 10
141.999168
 20
-6.001895
 10
141.99897069100595
 20
-6.001660746317769
 10
141.998682
 20
-6.001318
 10
141.99844734033218
 20
-6.00112028502037
 10
141.998104
 20
-6.000831
 10
141.99704721952367
 20
-6.000493625979317
 10
141.995501
 20
-6.0
 10
141.91795694139768
 20
-6.0
 10
141.804499
 20
-6.0
 10
141.8034418135381
 20
-6.000337374020683
 10
141.801895
 20
-6.000831
 10
141.80166034033218
 20
-6.00102871497963
 10
141.801317
 20
-6.001318
 10
141.80102830899403
 20
-6.001660746317769
  0
LWPOLYLINE
  5
3A3
330
17
100
AcDbEntity
  8
VISTA
100
AcDbPolyline
 90
9
 70
1
 10
133.976501
 20
-8.400001
 10
133.976501
 20
-7.8605776057692305
 10
133.976501
 20
-6.7
 10
133.97364491346153
 20
-6.7
 10
133.9675
 20
-6.7
 10
133.9675
 20
-7.239423394230769
 10
133.9675
 20
-8.400001
 10
133.97035608653846
 20
-8.400001
 10
133.976501
 20
-8.400001
  0
LWPOLYLINE
  5
3A4
330
17
100
AcDbEntity
  8
VISTA
100
AcDbPolyline
 90
9
 70
1
 10
134.002501
 20
-8.39745
 10
134.002501
 20
-7.8605769230769225
 10
134.002501
 20
-6.70255
 10
133.99964986154617
 20
-6.70255
 10
133.9935
 20
-6.70255
 10
133.9935
 20
-7.239423076923076
 10
133.9935
 20
-8.39745
 10
133.99635113845383
 20
-8.39745
 10
134.002501
 20
-8.39745
  0
LWPOLYLINE
  5
3A5
330
17
100
AcDbEntity
  8
VISTA
100
AcDbPolyline
 90
45
 70
1
 10
133.92337508880308
 20
-6.6605218996139
 10
133.923238
 20
-6.660684
 10
133.92273365250966
 20
-6.66226674903475
 10
133.9225
 20
-6.663
 10
133.9225
 20
-6.713571428571429
 10
133.9225
 20
-6.737
 10
133.92300434749035
 20
-6.738582749034749
 10
133.923238
 20
-6.739316
 10
133.9235339111969
 20
-6.739665899613899
 10
133.923671
 20
-6.739828
 10
133.92402158301158
 20
-6.740124594594595
 10
133.924184
 20
-6.740262
 10
133.92576606563708
 20
-6.740766347490347
 10
133.926499
 20
-6.741
 10
133.9655
 20
-6.741
 10
133.9655
 20
-6.698
 10
134.0045
 20
-6.698
 10
134.0045
 20
-6.741
 10
134.00645684959474
 20
-6.741
 10
134.0435
 20
-6.741
 10
134.04508206563708
 20
-6.740495652509653
 10
134.045815
 20
-6.740262
 10
134.04616626640927
 20
-6.739965405405406
 10
134.04632900000001
 20
-6.739828
 10
134.0464660888031
 20
-6.739665899613899
 10
134.046762
 20
-6.739316
 10
134.04699565250965
 20
-6.738582749034749
 10
134.0475
 20
-6.737
 10
134.0475
 20
-6.713571428571429
 10
134.0475
 20
-6.663
 10
134.04726634749034
 20
-6.66226674903475
 10
134.046762
 20
-6.660684
 10
134.04662491119691
 20
-6.6605218996139
 10
134.04632900000001
 20
-6.660172
 10
134.04616626640927
 20
-6.6600345945945945
 10
134.045815
 20
-6.659738
 10
134.04508206563708
 20
-6.659504347490348
 10
134.0435
 20
-6.659
 10
134.0064572123552
 20
-6.659
 10
133.926499
 20
-6.659
 10
133.92576606563708
 20
-6.659233652509652
 10
133.924184
 20
-6.659738
 10
133.92402158301158
 20
-6.659875405405406
 10
133.923671
 20
-6.660172
 10
133.92337508880308
 20
-6.6605218996139
  0
LWPOLYLINE
  5
3A6
330
17
100
AcDbEntity
  8
VISTA
100
AcDbPolyline
 90
45
 70
1
 10
133.92337508880308
 20
-8.360521583011582
 10
133.923238
 20
-8.360684
 10
133.92273365250966
 20
-8.362266749034749
 10
133.9225
 20
-8.363
 10
133.9225
 20
-8.413570745173745
 10
133.9225
 20
-8.436999
 10
133.92300434749035
 20
-8.43858174903475
 10
133.923238
 20
-8.439315
 10
133.9235339111969
 20
-8.439665583011584
 10
133.923671
 20
-8.439828
 10
133.92402158301158
 20
-8.440123911196912
 10
133.924184
 20
-8.440261
 10
133.92576606563708
 20
-8.440766030888032
 10
133.926499
 20
-8.441
 10
134.0064572123552
 20
-8.441
 10
134.0435
 20
-8.441
 10
134.04508206563708
 20
-8.440494969111969
 10
134.045815
 20
-8.440261
 10
134.04616626640927
 20
-8.439965088803088
 10
134.04632900000001
 20
-8.439828
 10
134.0464660888031
 20
-8.439665583011584
 10
134.046762
 20
-8.439315
 10
134.04699565250965
 20
-8.43858174903475
 10
134.0475
 20
-8.436999
 10
134.0475
 20
-8.413570745173745
 10
134.0475
 20
-8.363
 10
134.04726634749034
 20
-8.362266749034749
 10
134.046762
 20
-8.360684
 10
134.04662491119691
 20
-8.360521583011582
 10
134.04632900000001
 20
-8.360171
 10
134.04616626640927
 20
-8.360033911196911
 10
134.045815
 20
-8.359738
 10
134.04508206563708
 20
-8.359504030888031
 10
134.0435
 20
-8.358999
 10
134.00645684959474
 20
-8.358999
 10
134.0045
 20
-8.358999
 10
134.0045
 20
-8.402
 10
133.9655
 20
-8.402
 10
133.9655
 20
-8.358999
 10
133.926499
 20
-8.358999
 10
133.92576606563708
 20
-8.35923296911197
 10
133.924184
 20
-8.359738
 10
133.92402158301158
 20
-8.359875088803088
 10
133.923671
 20
-8.360171
 10
133.92337508880308
 20
-8.360521583011582
  0
LWPOLYLINE
  5
3A7
330
17
100
AcDbEntity
  8
VISTA
100
AcDbPolyline
 90
41
 70
1
 10
134.00102943386773
 20
-8.45166122745491
 10
134.000832
 20
-8.451895
 10
134.00033700200402
 20
-8.453442320641283
 10
134.0
 20
-8.4545
 10
134.0
 20
-8.81744280789721
 10
134.0
 20
-9.0655
 10
134.00049421999373
 20
-9.067048001566906
 10
134.000832
 20
-9.068106
 10
134.00112069100595
 20
-9.068448746317769
 10
134.001318
 20
-9.068683
 10
134.00166074631778
 20
-9.068971691005954
 10
134.001895
 20
-9.069169
 10
134.00344240755248
 20
-9.069663219993732
 10
134.0045
 20
-9.070001
 10
134.11795675336884
 20
-9.070001
 10
134.1955
 20
-9.070001
 10
134.1970480015669
 20
-9.069506780006268
 10
134.198106
 20
-9.069169
 10
134.19844874631778
 20
-9.068880308994046
 10
134.198683
 20
-9.068683
 10
134.19888030899403
 20
-9.068448746317769
 10
134.199169
 20
-9.068106
 10
134.19950678000626
 20
-9.067048001566906
 10
134.200001
 20
-9.0655
 10
134.200001
 20
-8.81744280789721
 10
134.200001
 20
-8.4545
 10
134.19966321999374
 20
-8.453442407552492
 10
134.199169
 20
-8.451895
 10
134.19897169100597
 20
-8.451660746317769
 10
134.198683
 20
-8.451318
 10
134.19844874631778
 20
-8.451120285020371
 10
134.198106
 20
-8.450831
 10
134.1970480015669
 20
-8.450493625979316
 10
134.1955
 20
-8.45
 10
134.11795704432393
 20
-8.45
 10
134.0045
 20
-8.45
 10
134.00344232064128
 20
-8.450337002004009
 10
134.001895
 20
-8.450831
 10
134.00166122745492
 20
-8.451028743486974
 10
134.001318
 20
-8.451318
 10
134.00102943386773
 20
-8.45166122745491
  0
LWPOLYLINE
  5
3A8
330
17
100
AcDbEntity
  8
VISTA
100
AcDbPolyline
 90
9
 70
1
 10
133.826501
 20
-11.525
 10
133.826501
 20
-10.945472440944883
 10
133.826501
 20
-10.375
 10
133.82196506299212
 20
-10.375
 10
133.8175
 20
-10.375
 10
133.8175
 20
-10.95452755905512
 10
133.8175
 20
-11.525
 10
133.82203593700788
 20
-11.525
 10
133.826501
 20
-11.525
  0
LWPOLYLINE
  5
3A9
330
17
100
AcDbEntity
  8
VISTA
100
AcDbPolyline
 90
9
 70
1
 10
133.852501
 20
-11.523274
 10
133.852501
 20
-10.945471944893736
 10
133.852501
 20
-10.376725
 10
133.8479649563612
 20
-10.376725
 10
133.8435
 20
-10.376725
 10
133.8435
 20
-10.954527055106265
 10
133.8435
 20
-11.523274
 10
133.84803604363879
 20
-11.523274
 10
133.852501
 20
-11.523274
  0
LWPOLYLINE
  5
3AA
330
17
100
AcDbEntity
  8
VISTA
100
AcDbPolyline
 90
52
 70
1
 10
133.7734562101106
 20
-10.33542647393365
 10
133.773238
 20
-10.335685
 10
133.77287191469193
 20
-10.336833357030015
 10
133.7725
 20
-10.338
 10
133.7725
 20
-10.374707740916271
 10
133.7725
 20
-10.412
 10
133.77286608530807
 20
-10.413148357030016
 10
133.773238
 20
-10.414315
 10
133.7734527898894
 20
-10.41456947393365
 10
133.773671
 20
-10.414828
 10
133.77392547393364
 20
-10.415042789889416
 10
133.774184
 20
-10.415261
 10
133.77533285308056
 20
-10.41562758135861
 10
133.7765
 20
-10.416
 10
133.815499
 20
-10.416
 10
133.815499
 20
-10.373
 10
133.8285
 20
-10.373
 10
133.8285
 20
-10.416
 10
133.8345379184354
 20
-10.416
 10
133.841499
 20
-10.416
 10
133.841499
 20
-10.374725
 10
133.8545
 20
-10.374725
 10
133.8545
 20
-10.416
 10
133.8935
 20
-10.416
 10
133.89464885308058
 20
-10.41563341864139
 10
133.895816
 20
-10.415261
 10
133.89607047393366
 20
-10.415046210110583
 10
133.896329
 20
-10.414828
 10
133.89654721011058
 20
-10.41456947393365
 10
133.896762
 20
-10.414315
 10
133.89713391469195
 20
-10.413148357030016
 10
133.8975
 20
-10.412
 10
133.8975
 20
-10.391
 10
133.872499
 20
-10.391
 10
133.872499
 20
-10.359
 10
133.8975
 20
-10.359
 10
133.8975
 20
-10.338
 10
133.89712808530805
 20
-10.336833357030015
 10
133.896762
 20
-10.335685
 10
133.89654378988942
 20
-10.33542647393365
 10
133.896329
 20
-10.335172
 10
133.89607047393366
 20
-10.334953789889417
 10
133.895816
 20
-10.334739
 10
133.89464885308058
 20
-10.33436658135861
 10
133.8935
 20
-10.334
 10
133.83453791469194
 20
-10.334
 10
133.7765
 20
-10.334
 10
133.77533285308056
 20
-10.33437241864139
 10
133.774184
 20
-10.334739
 10
133.77392547393364
 20
-10.334957210110584
 10
133.773671
 20
-10.335172
 10
133.7734562101106
 20
-10.33542647393365
  0
LWPOLYLINE
  5
3AB
330
17
100
AcDbEntity
  8
VISTA
100
AcDbPolyline
 90
49
 70
1
 10
133.7734562101106
 20
-11.485425473933649
 10
133.773238
 20
-11.485684
 10
133.77287191469193
 20
-11.486832853080568
 10
133.7725
 20
-11.488
 10
133.7725
 20
-11.524707244865718
 10
133.7725
 20
-11.561999
 10
133.77286608530807
 20
-11.563147853080569
 10
133.773238
 20
-11.564315
 10
133.7734527898894
 20
-11.56456947393365
 10
133.773671
 20
-11.564828
 10
133.77392547393364
 20
-11.565042789889416
 10
133.774184
 20
-11.565261
 10
133.77533285308056
 20
-11.56562758135861
 10
133.7765
 20
-11.566
 10
133.83453791469194
 20
-11.566
 10
133.8935
 20
-11.566
 10
133.89464885308058
 20
-11.56563341864139
 10
133.895816
 20
-11.565261
 10
133.89607047393366
 20
-11.565046210110584
 10
133.896329
 20
-11.564828
 10
133.89654721011058
 20
-11.56456947393365
 10
133.896762
 20
-11.564315
 10
133.89713391469195
 20
-11.563147853080569
 10
133.8975
 20
-11.561999
 10
133.8975
 20
-11.524707244865718
 10
133.8975
 20
-11.488
 10
133.89712808530805
 20
-11.486832853080568
 10
133.896762
 20
-11.485684
 10
133.89654378988942
 20
-11.485425473933649
 10
133.896329
 20
-11.485171
 10
133.89607047393366
 20
-11.484952789889416
 10
133.895816
 20
-11.484738
 10
133.89464885308058
 20
-11.48436558135861
 10
133.8935
 20
-11.483999
 10
133.8545
 20
-11.483999
 10
133.8545
 20
-11.525275
 10
133.841499
 20
-11.525275
 10
133.841499
 20
-11.483999
 10
133.8345379184354
 20
-11.483999
 10
133.8285
 20
-11.483999
 10
133.8285
 20
-11.527
 10
133.815499
 20
-11.527
 10
133.815499
 20
-11.483999
 10
133.7765
 20
-11.483999
 10
133.77533285308056
 20
-11.484371418641391
 10
133.774184
 20
-11.484738
 10
133.77392547393364
 20
-11.484956210110584
 10
133.773671
 20
-11.485171
 10
133.7734562101106
 20
-11.485425473933649
  0
LWPOLYLINE
  5
3AC
330
17
100
AcDbEntity
  8
VISTA
100
AcDbPolyline
 90
9
 70
1
 10
133.9735
 20
-11.525
 10
133.9735
 20
-10.945472440944883
 10
133.9735
 20
-10.375
 10
133.96896406299211
 20
-10.375
 10
133.964499
 20
-10.375
 10
133.964499
 20
-10.95452755905512
 10
133.964499
 20
-11.525
 10
133.96903493700788
 20
-11.525
 10
133.9735
 20
-11.525
  0
LWPOLYLINE
  5
3AD
330
17
100
AcDbEntity
  8
VISTA
100
AcDbPolyline
 90
9
 70
1
 10
133.9995
 20
-11.523274
 10
133.9995
 20
-10.945471944893736
 10
133.9995
 20
-10.376725
 10
133.9949639563612
 20
-10.376725
 10
133.990499
 20
-10.376725
 10
133.990499
 20
-10.954527055106265
 10
133.990499
 20
-11.523274
 10
133.99503504363878
 20
-11.523274
 10
133.9995
 20
-11.523274
  0
LWPOLYLINE
  5
3AE
330
17
100
AcDbEntity
  8
VISTA
100
AcDbPolyline
 90
49
 70
1
 10
133.9204562101106
 20
-10.33542647393365
 10
133.920238
 20
-10.335685
 10
133.91987191469195
 20
-10.336833357030015
 10
133.9195
 20
-10.338
 10
133.9195
 20
-10.374707740916271
 10
133.9195
 20
-10.412
 10
133.91986608530806
 20
-10.413148357030016
 10
133.920238
 20
-10.414315
 10
133.92045278988942
 20
-10.41456947393365
 10
133.920671
 20
-10.414828
 10
133.9209259699842
 20
-10.415042789889416
 10
133.921185
 20
-10.415261
 10
133.92233335703003
 20
-10.41562758135861
 10
133.9235
 20
-10.416
 10
133.9625
 20
-10.416
 10
133.9625
 20
-10.373
 10
133.9755
 20
-10.373
 10
133.9755
 20
-10.416
 10
133.98153838292637
 20
-10.416
 10
133.9885
 20
-10.416
 10
133.9885
 20
-10.374725
 10
134.0015
 20
-10.374725
 10
134.0015
 20
-10.416
 10
134.040501
 20
-10.416
 10
134.04164935703002
 20
-10.41563341864139
 10
134.042816
 20
-10.415261
 10
134.04307047393365
 20
-10.415046210110583
 10
134.043329
 20
-10.414828
 10
134.04354721011057
 20
-10.41456947393365
 10
134.043762
 20
-10.414315
 10
134.04413391469194
 20
-10.413148357030016
 10
134.0445
 20
-10.412
 10
134.0445
 20
-10.374707740916271
 10
134.0445
 20
-10.338
 10
134.04412808530805
 20
-10.336833357030015
 10
134.043762
 20
-10.335685
 10
134.0435437898894
 20
-10.33542647393365
 10
134.043329
 20
-10.335172
 10
134.04307047393365
 20
-10.334953789889417
 10
134.042816
 20
-10.334739
 10
134.04164935703002
 20
-10.33436658135861
 10
134.040501
 20
-10.334
 10
133.9815384107425
 20
-10.334
 10
133.9235
 20
-10.334
 10
133.92233335703003
 20
-10.33437241864139
 10
133.921185
 20
-10.334739
 10
133.9209259699842
 20
-10.334957210110584
 10
133.920671
 20
-10.335172
 10
133.9204562101106
 20
-10.33542647393365
  0
LWPOLYLINE
  5
3AF
330
17
100
AcDbEntity
  8
VISTA
100
AcDbPolyline
 90
49
 70
1
 10
133.9204562101106
 20
-11.485425473933649
 10
133.920238
 20
-11.485684
 10
133.91987191469195
 20
-11.486832853080568
 10
133.9195
 20
-11.488
 10
133.9195
 20
-11.524707244865718
 10
133.9195
 20
-11.561999
 10
133.91986608530806
 20
-11.563147853080569
 10
133.920238
 20
-11.564315
 10
133.92045278988942
 20
-11.56456947393365
 10
133.920671
 20
-11.564828
 10
133.9209259699842
 20
-11.565042789889416
 10
133.921185
 20
-11.565261
 10
133.92233335703003
 20
-11.56562758135861
 10
133.9235
 20
-11.566
 10
133.9815384107425
 20
-11.566
 10
134.040501
 20
-11.566
 10
134.04164935703002
 20
-11.56563341864139
 10
134.042816
 20
-11.565261
 10
134.04307047393365
 20
-11.565046210110584
 10
134.043329
 20
-11.564828
 10
134.04354721011057
 20
-11.56456947393365
 10
134.043762
 20
-11.564315
 10
134.04413391469194
 20
-11.563147853080569
 10
134.0445
 20
-11.561999
 10
134.0445
 20
-11.524707244865718
 10
134.0445
 20
-11.488
 10
134.04412808530805
 20
-11.486832853080568
 10
134.043762
 20
-11.485684
 10
134.0435437898894
 20
-11.485425473933649
 10
134.043329
 20
-11.485171
 10
134.04307047393365
 20
-11.484952789889416
 10
134.042816
 20
-11.484738
 10
134.04164935703002
 20
-11.48436558135861
 10
134.040501
 20
-11.483999
 10
134.0015
 20
-11.483999
 10
134.0015
 20
-11.525274
 10
133.9885
 20
-11.525274
 10
133.9885
 20
-11.483999
 10
133.98153838292637
 20
-11.483999
 10
133.9755
 20
-11.483999
 10
133.9755
 20
-11.526999
 10
133.9625
 20
-11.526999
 10
133.9625
 20
-11.483999
 10
133.9235
 20
-11.483999
 10
133.92233335703003
 20
-11.484371418641391
 10
133.921185
 20
-11.484738
 10
133.9209259699842
 20
-11.484956210110584
 10
133.920671
 20
-11.485171
 10
133.9204562101106
 20
-11.485425473933649
  0
LWPOLYLINE
  5
3B0
330
17
100
AcDbEntity
  8
CORTE
100
AcDbPolyline
 90
41
 70
1
 10
134.00102871497964
 20
-11.80165974631777
 10
134.000831
 20
-11.801894
 10
134.0003373740207
 20
-11.803442001566907
 10
134.0
 20
-11.8045
 10
134.0
 20
-11.91795675336885
 10
134.0
 20
-11.9955
 10
134.00049362597932
 20
-11.997047407552492
 10
134.000831
 20
-11.998105
 10
134.00112028502036
 20
-11.998447746317769
 10
134.001318
 20
-11.998682
 10
134.00166074631778
 20
-11.998970691005955
 10
134.001895
 20
-11.999168
 10
134.00344181353807
 20
-11.999662219993732
 10
134.004499
 20
-12.0
 10
134.3793226902225
 20
-12.0
 10
134.6355
 20
-12.0
 10
134.63704681353806
 20
-11.999505780006267
 10
134.638104
 20
-11.999168
 10
134.63844674631775
 20
-11.998879308994045
 10
134.638681
 20
-11.998682
 10
134.6388791209652
 20
-11.998447746317769
 10
134.639169
 20
-11.998105
 10
134.6395059680351
 20
-11.997047407552492
 10
134.639999
 20
-11.9955
 10
134.639999
 20
-11.91795675336885
 10
134.639999
 20
-11.8045
 10
134.6396620319649
 20
-11.803442001566907
 10
134.639169
 20
-11.801894
 10
134.6389708790348
 20
-11.80165974631777
 10
134.638681
 20
-11.801317
 10
134.63844674631775
 20
-11.801119691005955
 10
134.638104
 20
-11.800831
 10
134.63704681353806
 20
-11.800493219993733
 10
134.6355
 20
-11.799999
 10
134.3793226902225
 20
-11.799999
 10
134.004499
 20
-11.799999
 10
134.00344181353807
 20
-11.800336780006267
 10
134.001895
 20
-11.800831
 10
134.00166074631778
 20
-11.801028308994045
 10
134.001318
 20
-11.801317
 10
134.00102871497964
 20
-11.80165974631777
  0
LWPOLYLINE
  5
3B1
330
17
100
AcDbEntity
  8
CORTE
100
AcDbPolyline
 90
41
 70
1
 10
137.44102971497963
 20
-11.80165974631777
 10
137.440832
 20
-11.801894
 10
137.44033837402068
 20
-11.803442001566907
 10
137.440001
 20
-11.8045
 10
137.440001
 20
-11.91795675336885
 10
137.440001
 20
-11.9955
 10
137.4404946259793
 20
-11.997047407552492
 10
137.440832
 20
-11.998105
 10
137.44112128502036
 20
-11.998447746317769
 10
137.441319
 20
-11.998682
 10
137.44166174631778
 20
-11.998970691005955
 10
137.44189599999999
 20
-11.999168
 10
137.44344281353807
 20
-11.999662219993732
 10
137.4445
 20
-12.0
 10
137.65300024788468
 20
-12.0
 10
137.795502
 20
-12.0
 10
137.79704821952367
 20
-11.999505780006267
 10
137.798105
 20
-11.999168
 10
137.7984483403322
 20
-11.998879308994045
 10
137.798683
 20
-11.998682
 10
137.79888071497965
 20
-11.998447746317769
 10
137.79917
 20
-11.998105
 10
137.7995073740207
 20
-11.997047407552492
 10
137.800001
 20
-11.9955
 10
137.800001
 20
-11.91795675336885
 10
137.800001
 20
-11.8045
 10
137.79966362597932
 20
-11.803442001566907
 10
137.79917
 20
-11.801894
 10
137.79897228502037
 20
-11.80165974631777
 10
137.798683
 20
-11.801317
 10
137.7984483403322
 20
-11.801119691005955
 10
137.798105
 20
-11.800831
 10
137.79704821952367
 20
-11.800493219993733
 10
137.795502
 20
-11.799999
 10
137.65300024788468
 20
-11.799999
 10
137.4445
 20
-11.799999
 10
137.44344281353807
 20
-11.800336780006267
 10
137.44189599999999
 20
-11.800831
 10
137.44166174631778
 20
-11.801028308994045
 10
137.441319
 20
-11.801317
 10
137.44102971497963
 20
-11.80165974631777
  0
LWPOLYLINE
  5
3B2
330
17
100
AcDbEntity
  8
CORTE
100
AcDbPolyline
 90
41
 70
1
 10
141.4010295269508
 20
-11.80165974631777
 10
141.400831
 20
-11.801894
 10
141.4003385620495
 20
-11.803442001566907
 10
141.400002
 20
-11.8045
 10
141.400002
 20
-11.91795675336885
 10
141.400002
 20
-11.9955
 10
141.4004944379505
 20
-11.997047407552492
 10
141.400831
 20
-11.998105
 10
141.40112147304922
 20
-11.998447746317769
 10
141.40132
 20
-11.998682
 10
141.40166215230335
 20
-11.998970691005955
 10
141.401896
 20
-11.999168
 10
141.4034434075525
 20
-11.999662219993732
 10
141.404501
 20
-12.0
 10
141.75556351958633
 20
-12.0
 10
141.995501
 20
-12.0
 10
141.99704840755248
 20
-11.999505780006267
 10
141.998106
 20
-11.999168
 10
141.99844815230335
 20
-11.998879308994045
 10
141.998682
 20
-11.998682
 10
141.99888012096523
 20
-11.998447746317769
 10
141.99917
 20
-11.998105
 10
141.9995069680351
 20
-11.997047407552492
 10
142.0
 20
-11.9955
 10
142.0
 20
-11.91795675336885
 10
142.0
 20
-11.8045
 10
141.9996630319649
 20
-11.803442001566907
 10
141.99917
 20
-11.801894
 10
141.9989718790348
 20
-11.80165974631777
 10
141.998682
 20
-11.801317
 10
141.99844815230335
 20
-11.801119691005955
 10
141.998106
 20
-11.800831
 10
141.99704840755248
 20
-11.800493219993733
 10
141.995501
 20
-11.799999
 10
141.75556351958633
 20
-11.799999
 10
141.404501
 20
-11.799999
 10
141.4034434075525
 20
-11.800336780006267
 10
141.401896
 20
-11.800831
 10
141.40166215230335
 20
-11.801028308994045
 10
141.40132
 20
-11.801317
 10
141.4010295269508
 20
-11.80165974631777
  0
LWPOLYLINE
  5
3B3
330
17
100
AcDbEntity
  8
VISTA
100
AcDbPolyline
 90
9
 70
1
 10
137.295002
 20
-11.976501
 10
137.295002
 20
-11.971965062992126
 10
137.295002
 20
-11.9675
 10
136.65248130708662
 20
-11.9675
 10
136.02
 20
-11.9675
 10
136.02
 20
-11.972035937007874
 10
136.02
 20
-11.976501
 10
136.66252069291338
 20
-11.976501
 10
137.295002
 20
-11.976501
  0
LWPOLYLINE
  5
3B4
330
17
100
AcDbEntity
  8
VISTA
100
AcDbPolyline
 90
9
 70
1
 10
137.293089
 20
-12.002501
 10
137.293089
 20
-11.99796495636121
 10
137.293089
 20
-11.9935
 10
136.65248181496062
 20
-11.9935
 10
136.021914
 20
-11.9935
 10
136.021914
 20
-11.99803604363879
 10
136.021914
 20
-12.002501
 10
136.66252118503937
 20
-12.002501
 10
137.293089
 20
-12.002501
  0
LWPOLYLINE
  5
3B5
330
17
100
AcDbEntity
  8
VISTA
100
AcDbPolyline
 90
33
 70
1
 10
134.7049572101106
 20
-11.92392547393365
 10
134.704739
 20
-11.924184
 10
134.70437241864138
 20
-11.925332357030015
 10
134.704
 20
-11.926499
 10
134.704
 20
-11.984537410742496
 10
134.704
 20
-12.0435
 10
134.7043665813586
 20
-12.044648357030015
 10
134.704739
 20
-12.045815
 10
134.70495378988943
 20
-12.046069969984202
 10
134.705172
 20
-12.046329
 10
134.70542647393364
 20
-12.046543789889416
 10
134.705685
 20
-12.046762
 10
134.70683335703
 20
-12.047128085308056
 10
134.708
 20
-12.0475
 10
134.74470774091628
 20
-12.0475
 10
134.782
 20
-12.0475
 10
134.78314835703003
 20
-12.047133914691942
 10
134.784315
 20
-12.046762
 10
134.78456947393366
 20
-12.046547210110583
 10
134.784828
 20
-12.046329
 10
134.78504621011058
 20
-12.046069969984202
 10
134.785261
 20
-12.045815
 10
134.7856334186414
 20
-12.044648357030015
 10
134.786
 20
-12.0435
 10
134.786
 20
-12.0135
 10
134.722
 20
-12.0135
 10
134.722
 20
-11.9225
 10
134.708
 20
-11.9225
 10
134.70683335703
 20
-11.922871914691942
 10
134.705685
 20
-11.923238
 10
134.70542647393364
 20
-11.923456210110585
 10
134.705172
 20
-11.923671
 10
134.7049572101106
 20
-11.92392547393365
  0
LWPOLYLINE
  5
3B6
330
17
100
AcDbEntity
  8
VISTA
100
AcDbPolyline
 90
35
 70
1
 10
137.254
 20
-12.0435
 10
137.25436608530805
 20
-12.044648357030015
 10
137.254738
 20
-12.045815
 10
137.25495278988942
 20
-12.046069969984202
 10
137.255171
 20
-12.046329
 10
137.25537500000002
 20
-12.0465
 10
137.29509
 20
-12.0465
 10
137.29509
 20
-12.0475
 10
137.332001
 20
-12.0475
 10
137.33314935703
 20
-12.047133914691942
 10
137.334316
 20
-12.046762
 10
137.33457047393364
 20
-12.046547210110583
 10
137.334829
 20
-12.046329
 10
137.3350472101106
 20
-12.046069969984202
 10
137.335262
 20
-12.045815
 10
137.33563391469195
 20
-12.044648357030015
 10
137.336
 20
-12.0435
 10
137.336
 20
-11.984537410742496
 10
137.336
 20
-11.926499
 10
137.33562808530806
 20
-11.925332357030015
 10
137.335262
 20
-11.924184
 10
137.33504378988943
 20
-11.92392547393365
 10
137.334829
 20
-11.923671
 10
137.33457047393364
 20
-11.923452789889415
 10
137.334316
 20
-11.923238
 10
137.33314935703
 20
-11.922866085308057
 10
137.332001
 20
-11.9225
 10
137.318003
 20
-11.9225
 10
137.318003
 20
-12.0135
 10
137.254
 20
-12.0135
 10
137.254
 20
-12.0205
 10
137.297003
 20
-12.0205
 10
137.297003
 20
-12.033501
 10
137.254
 20
-12.033501
 10
137.254
 20
-12.0435
  0
LWPOLYLINE
  5
3B7
330
17
100
AcDbEntity
  8
VISTA
100
AcDbPolyline
 90
9
 70
1
 10
141.195
 20
-11.9735
 10
141.195
 20
-11.968964062992125
 10
141.195
 20
-11.964499
 10
140.35090551181102
 20
-11.964499
 10
139.52
 20
-11.964499
 10
139.52
 20
-11.969034937007875
 10
139.52
 20
-11.9735
 10
140.36409448818898
 20
-11.9735
 10
141.195
 20
-11.9735
  0
LWPOLYLINE
  5
3B8
330
17
100
AcDbEntity
  8
VISTA
100
AcDbPolyline
 90
9
 70
1
 10
141.192488
 20
-11.9995
 10
141.192488
 20
-11.99496395636121
 10
141.192488
 20
-11.990499
 10
140.35090550786217
 20
-11.990499
 10
139.522512
 20
-11.990499
 10
139.522512
 20
-11.99503504363879
 10
139.522512
 20
-11.9995
 10
140.36409449213784
 20
-11.9995
 10
141.192488
 20
-11.9995
  0
LWPOLYLINE
  5
3B9
330
17
100
AcDbEntity
  8
VISTA
100
AcDbPolyline
 90
33
 70
1
 10
137.8049552101106
 20
-11.920925969984202
 10
137.804737
 20
-11.921185
 10
137.80437091469196
 20
-11.922333357030016
 10
137.803999
 20
-11.9235
 10
137.803999
 20
-11.981538410742496
 10
137.803999
 20
-12.040501
 10
137.80436508530806
 20
-12.041649357030016
 10
137.804737
 20
-12.042816
 10
137.8049517898894
 20
-12.04307047393365
 10
137.80517
 20
-12.043329
 10
137.80542447393364
 20
-12.043543789889416
 10
137.805683
 20
-12.043762
 10
137.80683185308055
 20
-12.044128085308056
 10
137.807999
 20
-12.0445
 10
137.84470723696683
 20
-12.0445
 10
137.882
 20
-12.0445
 10
137.88314835703002
 20
-12.044133914691942
 10
137.88431500000002
 20
-12.043762
 10
137.8845699699842
 20
-12.043547210110583
 10
137.884829
 20
-12.043329
 10
137.8850472101106
 20
-12.04307047393365
 10
137.885262
 20
-12.042816
 10
137.88563391469194
 20
-12.041649357030016
 10
137.886
 20
-12.040501
 10
137.886
 20
-12.0105
 10
137.822001
 20
-12.0105
 10
137.822001
 20
-11.9195
 10
137.807999
 20
-11.9195
 10
137.80683185308055
 20
-11.919871914691942
 10
137.805683
 20
-11.920238
 10
137.80542447393364
 20
-11.920456210110585
 10
137.80517
 20
-11.920671
 10
137.8049552101106
 20
-11.920925969984202
  0
LWPOLYLINE
  5
3BA
330
17
100
AcDbEntity
  8
VISTA
100
AcDbPolyline
 90
36
 70
1
 10
141.153999
 20
-12.040501
 10
141.15436508530806
 20
-12.041649357030016
 10
141.154737
 20
-12.042816
 10
141.15495178988942
 20
-12.04307047393365
 10
141.15517
 20
-12.043329
 10
141.155375
 20
-12.0435
 10
141.194489
 20
-12.0435
 10
141.194489
 20
-12.0445
 10
141.19470790111336
 20
-12.0445
 10
141.232
 20
-12.0445
 10
141.23314885308056
 20
-12.044133914691942
 10
141.234316
 20
-12.043762
 10
141.23457047393364
 20
-12.043547210110583
 10
141.234829
 20
-12.043329
 10
141.2350472101106
 20
-12.04307047393365
 10
141.235262
 20
-12.042816
 10
141.23563391469193
 20
-12.041649357030016
 10
141.236
 20
-12.040501
 10
141.236
 20
-11.981538410742496
 10
141.236
 20
-11.9235
 10
141.23562808530806
 20
-11.922333357030016
 10
141.235262
 20
-11.921185
 10
141.2350437898894
 20
-11.920925969984202
 10
141.234829
 20
-11.920671
 10
141.23457047393364
 20
-11.920452789889415
 10
141.234316
 20
-11.920238
 10
141.23314885308056
 20
-11.919866085308056
 10
141.232
 20
-11.9195
 10
141.218
 20
-11.9195
 10
141.218
 20
-12.0105
 10
141.153999
 20
-12.0105
 10
141.153999
 20
-12.0175
 10
141.197001
 20
-12.0175
 10
141.197001
 20
-12.0305
 10
141.153999
 20
-12.0305
 10
141.153999
 20
-12.040501
  0
LWPOLYLINE
  5
3BB
330
17
100
AcDbEntity
  8
CORTE
100
AcDbPolyline
 90
22
 70
1
 10
139.420832
 20
-8.571896
 10
139.42039171689166
 20
-8.573274001459321
 10
139.42000000000002
 20
-8.5745
 10
139.42000000000002
 20
-8.643823951295149
 10
139.42000000000002
 20
-8.705501
 10
139.42044028310835
 20
-8.70687900145932
 10
139.420832
 20
-8.708105
 10
139.42108918460417
 20
-8.708410340569134
 10
139.42131799999999
 20
-8.708682
 10
139.42162386975556
 20
-8.708939713790587
 10
139.421896
 20
-8.709169
 10
139.42327453064576
 20
-8.709608753921927
 10
139.424501
 20
-8.71
 10
139.549999
 20
-8.71
 10
139.549999
 20
-8.570001
 10
139.424501
 20
-8.570001
 10
139.42327453064576
 20
-8.570391775264502
 10
139.421896
 20
-8.570831
 10
139.42162386975556
 20
-8.571060757022984
 10
139.42131799999999
 20
-8.571319
 10
139.42106081539583
 20
-8.571624340569135
 10
139.420832
 20
-8.571896
  0
LWPOLYLINE
  5
3BC
330
17
100
AcDbEntity
  8
CORTE
100
AcDbPolyline
 90
24
 70
1
 10
141.97841134056912
 20
-8.571089242977017
 10
141.978106
 20
-8.570831
 10
141.97687905983219
 20
-8.570440224735497
 10
141.9755
 20
-8.570001
 10
140.7744549570403
 20
-8.570001
 10
140.52
 20
-8.570001
 10
140.52
 20
-8.71
 10
140.7744549570403
 20
-8.71
 10
141.9755
 20
-8.71
 10
141.97687905983219
 20
-8.709560246078073
 10
141.978106
 20
-8.709169
 10
141.97841134056912
 20
-8.708911286209412
 10
141.978683
 20
-8.708682
 10
141.9789122862094
 20
-8.708410340569134
 10
141.97917
 20
-8.708105
 10
141.97956124607808
 20
-8.70687900145932
 10
141.98000100000002
 20
-8.705501
 10
141.98000100000002
 20
-8.643823951295149
 10
141.98000100000002
 20
-8.5745
 10
141.97960975392192
 20
-8.573274001459321
 10
141.97917
 20
-8.571896
 10
141.9789407137906
 20
-8.571624340569135
 10
141.978683
 20
-8.571319
 10
141.97841134056912
 20
-8.571089242977017
  0
LWPOLYLINE
  5
3BD
330
17
100
AcDbEntity
  8
CORTE
100
AcDbPolyline
 90
41
 70
1
 10
137.55106164720905
 20
-6.101622288033564
 10
137.550831
 20
-6.101895
 10
137.55039328931048
 20
-6.10326877873039
 10
137.550001
 20
-6.1045
 10
137.550001
 20
-6.695673112002918
 10
137.550001
 20
-7.2255
 10
137.55043871068952
 20
-7.226873778730391
 10
137.550831
 20
-7.228105
 10
137.55108835279094
 20
-7.228409288033564
 10
137.551319
 20
-7.228682
 10
137.55162276067128
 20
-7.228938825428676
 10
137.551895
 20
-7.229169
 10
137.55326930609266
 20
-7.229607238051806
 10
137.554501
 20
-7.23
 10
137.62358545822693
 20
-7.23
 10
137.685501
 20
-7.23
 10
137.68687530609267
 20
-7.229561761948194
 10
137.688107
 20
-7.229169
 10
137.68841076067127
 20
-7.228912174571324
 10
137.688683
 20
-7.228682
 10
137.68891364720906
 20
-7.228409288033564
 10
137.689171
 20
-7.228105
 10
137.68956328931046
 20
-7.226873778730391
 10
137.690001
 20
-7.2255
 10
137.690001
 20
-6.695673112002918
 10
137.690001
 20
-6.1045
 10
137.68960871068953
 20
-6.10326877873039
 10
137.689171
 20
-6.101895
 10
137.68894035279095
 20
-6.101622288033564
 10
137.688683
 20
-6.101318
 10
137.68841076067127
 20
-6.101087825428676
 10
137.688107
 20
-6.100831
 10
137.68687530609267
 20
-6.100438238051806
 10
137.685501
 20
-6.1
 10
137.62358545822693
 20
-6.1
 10
137.554501
 20
-6.1
 10
137.55326930609266
 20
-6.100392761948194
 10
137.551895
 20
-6.100831
 10
137.55162276067128
 20
-6.101061174571324
 10
137.551319
 20
-6.101318
 10
137.55106164720905
 20
-6.101622288033564
  0
LWPOLYLINE
  5
3BE
330
17
100
AcDbEntity
  8
CORTE
100
AcDbPolyline
 90
41
 70
1
 10
137.55106164720905
 20
-8.131621288033564
 10
137.550831
 20
-8.131894
 10
137.55039328931048
 20
-8.133268306092667
 10
137.550001
 20
-8.1345
 10
137.550001
 20
-8.588558920102152
 10
137.550001
 20
-8.9955
 10
137.55043871068952
 20
-8.996873778730391
 10
137.550831
 20
-8.998105
 10
137.55108835279094
 20
-8.998409288033566
 10
137.551319
 20
-8.998682
 10
137.55162276067128
 20
-8.998938298066399
 10
137.551895
 20
-8.999168
 10
137.55326930609266
 20
-8.999606765414082
 10
137.554501
 20
-9.0
 10
137.62358545822693
 20
-9.0
 10
137.685501
 20
-9.0
 10
137.68687530609267
 20
-8.999561234585917
 10
137.688107
 20
-8.999168
 10
137.68841076067127
 20
-8.9989117019336
 10
137.688683
 20
-8.998682
 10
137.68891364720906
 20
-8.998409288033566
 10
137.689171
 20
-8.998105
 10
137.68956328931046
 20
-8.996873778730391
 10
137.690001
 20
-8.9955
 10
137.690001
 20
-8.588558920102152
 10
137.690001
 20
-8.1345
 10
137.68960871068953
 20
-8.133268306092667
 10
137.689171
 20
-8.131894
 10
137.68894035279095
 20
-8.131621288033564
 10
137.688683
 20
-8.131317
 10
137.68841076067127
 20
-8.131087298066399
 10
137.688107
 20
-8.130831
 10
137.68687530609267
 20
-8.130437765414083
 10
137.685501
 20
-8.129999
 10
137.62358545822693
 20
-8.129999
 10
137.554501
 20
-8.129999
 10
137.55326930609266
 20
-8.130392234585917
 10
137.551895
 20
-8.130831
 10
137.55162276067128
 20
-8.1310607019336
 10
137.551319
 20
-8.131317
 10
137.55106164720905
 20
-8.131621288033564
  0
LWPOLYLINE
  5
3BF
330
17
100
AcDbEntity
  8
CORTE
100
AcDbPolyline
 90
41
 70
1
 10
139.35106064720904
 20
-6.101622288033564
 10
139.35083
 20
-6.101895
 10
139.35039228931046
 20
-6.10326877873039
 10
139.35
 20
-6.1045
 10
139.35
 20
-6.6323896388179495
 10
139.35
 20
-7.1055
 10
139.35043771068953
 20
-7.106873778730391
 10
139.35083
 20
-7.108105
 10
139.35108735279096
 20
-7.108409288033564
 10
139.351318
 20
-7.108682
 10
139.3516217606713
 20
-7.108938825428676
 10
139.35189400000002
 20
-7.109169
 10
139.35326830609267
 20
-7.109607238051806
 10
139.3545
 20
-7.11
 10
139.4235844582269
 20
-7.11
 10
139.4855
 20
-7.11
 10
139.48687430609266
 20
-7.109561761948194
 10
139.488106
 20
-7.109169
 10
139.4884097606713
 20
-7.108912174571324
 10
139.488682
 20
-7.108682
 10
139.48891264720905
 20
-7.108409288033564
 10
139.48917
 20
-7.108105
 10
139.48956228931047
 20
-7.106873778730391
 10
139.49
 20
-7.1055
 10
139.49
 20
-6.6323896388179495
 10
139.49
 20
-6.1045
 10
139.48960771068954
 20
-6.10326877873039
 10
139.48917
 20
-6.101895
 10
139.48893935279096
 20
-6.101622288033564
 10
139.488682
 20
-6.101318
 10
139.4884097606713
 20
-6.101087825428676
 10
139.488106
 20
-6.100831
 10
139.48687430609266
 20
-6.100438238051806
 10
139.4855
 20
-6.1
 10
139.4235844582269
 20
-6.1
 10
139.3545
 20
-6.1
 10
139.35326830609267
 20
-6.100392761948194
 10
139.35189400000002
 20
-6.100831
 10
139.3516217606713
 20
-6.101061174571324
 10
139.351318
 20
-6.101318
 10
139.35106064720904
 20
-6.101622288033564
  0
LWPOLYLINE
  5
3C0
330
17
100
AcDbEntity
  8
CORTE
100
AcDbPolyline
 90
41
 70
1
 10
139.35106064720904
 20
-8.011621760671288
 10
139.35083
 20
-8.011894
 10
139.35039228931046
 20
-8.013268306092666
 10
139.35
 20
-8.0145
 10
139.35
 20
-8.341991973732215
 10
139.35
 20
-8.6355
 10
139.35043771068953
 20
-8.63687377873039
 10
139.35083
 20
-8.638105
 10
139.35108735279096
 20
-8.638408760671288
 10
139.351318
 20
-8.638681
 10
139.3516217606713
 20
-8.638938352790953
 10
139.35189400000002
 20
-8.639169
 10
139.35326830609267
 20
-8.63960671068953
 10
139.3545
 20
-8.639999
 10
139.4235844582269
 20
-8.639999
 10
139.4855
 20
-8.639999
 10
139.48687430609266
 20
-8.639561289310471
 10
139.488106
 20
-8.639169
 10
139.4884097606713
 20
-8.638911647209047
 10
139.488682
 20
-8.638681
 10
139.48891264720905
 20
-8.638408760671288
 10
139.48917
 20
-8.638105
 10
139.48956228931047
 20
-8.63687377873039
 10
139.49
 20
-8.6355
 10
139.49
 20
-8.341991973732215
 10
139.49
 20
-8.0145
 10
139.48960771068954
 20
-8.013268306092666
 10
139.48917
 20
-8.011894
 10
139.48893935279096
 20
-8.011621760671288
 10
139.488682
 20
-8.011318
 10
139.4884097606713
 20
-8.011087825428675
 10
139.488106
 20
-8.010831
 10
139.48687430609266
 20
-8.010438238051806
 10
139.4855
 20
-8.01
 10
139.4235844582269
 20
-8.01
 10
139.3545
 20
-8.01
 10
139.35326830609267
 20
-8.010392761948193
 10
139.35189400000002
 20
-8.010831
 10
139.3516217606713
 20
-8.011061174571324
 10
139.351318
 20
-8.011318
 10
139.35106064720904
 20
-8.011621760671288
  0
LWPOLYLINE
  5
3C1
330
17
100
AcDbEntity
  8
VISTA
100
AcDbPolyline
 90
41
 70
1
 10
137.55106164720905
 20
-8.931622288033564
 10
137.550831
 20
-8.931895
 10
137.55039328931048
 20
-8.93326877873039
 10
137.550001
 20
-8.9345
 10
137.550001
 20
-9.003584458226925
 10
137.550001
 20
-9.0655
 10
137.55043871068952
 20
-9.06687377873039
 10
137.550831
 20
-9.068105
 10
137.55108835279094
 20
-9.068409288033564
 10
137.551319
 20
-9.068682
 10
137.55162276067128
 20
-9.068938825428676
 10
137.551895
 20
-9.069169
 10
137.55326930609266
 20
-9.069607238051807
 10
137.554501
 20
-9.07
 10
137.81870897318498
 20
-9.07
 10
138.0555
 20
-9.07
 10
138.0568737787304
 20
-9.069561761948194
 10
138.058105
 20
-9.069169
 10
138.05840876067128
 20
-9.068912174571325
 10
138.058681
 20
-9.068682
 10
138.05891211984678
 20
-9.068409288033564
 10
138.05917
 20
-9.068105
 10
138.05956181667275
 20
-9.06687377873039
 10
138.059999
 20
-9.0655
 10
138.059999
 20
-9.003584458226925
 10
138.059999
 20
-8.9345
 10
138.05960718332724
 20
-8.93326877873039
 10
138.05917
 20
-8.931895
 10
138.05893888015322
 20
-8.931622288033564
 10
138.058681
 20
-8.931318
 10
138.05840876067128
 20
-8.931087825428675
 10
138.058105
 20
-8.930831
 10
138.0568737787304
 20
-8.930438238051806
 10
138.0555
 20
-8.93
 10
137.81870897318498
 20
-8.93
 10
137.554501
 20
-8.93
 10
137.55326930609266
 20
-8.930392761948193
 10
137.551895
 20
-8.930831
 10
137.55162276067128
 20
-8.931061174571324
 10
137.551319
 20
-8.931318
 10
137.55106164720905
 20
-8.931622288033564
  0
LWPOLYLINE
  5
3C2
330
17
100
AcDbEntity
  8
VISTA
100
AcDbPolyline
 90
41
 70
1
 10
138.98106164720906
 20
-8.931622288033564
 10
138.980831
 20
-8.931895
 10
138.98039328931048
 20
-8.93326877873039
 10
138.98000100000002
 20
-8.9345
 10
138.98000100000002
 20
-9.003584458226925
 10
138.98000100000002
 20
-9.0655
 10
138.98043871068953
 20
-9.06687377873039
 10
138.980831
 20
-9.068105
 10
138.98108835279095
 20
-9.068409288033564
 10
138.98131899999998
 20
-9.068682
 10
138.98162276067129
 20
-9.068938825428676
 10
138.981895
 20
-9.069169
 10
138.98326930609267
 20
-9.069607238051807
 10
138.984501
 20
-9.07
 10
139.24870897318496
 20
-9.07
 10
139.4855
 20
-9.07
 10
139.48687430609266
 20
-9.069561761948194
 10
139.488106
 20
-9.069169
 10
139.4884097606713
 20
-9.068912174571325
 10
139.488682
 20
-9.068682
 10
139.48891264720905
 20
-9.068409288033564
 10
139.48917
 20
-9.068105
 10
139.48956228931047
 20
-9.06687377873039
 10
139.49
 20
-9.0655
 10
139.49
 20
-9.003584458226925
 10
139.49
 20
-8.9345
 10
139.48960771068954
 20
-8.93326877873039
 10
139.48917
 20
-8.931895
 10
139.48893935279096
 20
-8.931622288033564
 10
139.488682
 20
-8.931318
 10
139.4884097606713
 20
-8.931087825428675
 10
139.488106
 20
-8.930831
 10
139.48687430609266
 20
-8.930438238051806
 10
139.4855
 20
-8.93
 10
139.24870897318496
 20
-8.93
 10
138.984501
 20
-8.93
 10
138.98326930609267
 20
-8.930392761948193
 10
138.981895
 20
-8.930831
 10
138.98162276067129
 20
-8.931061174571324
 10
138.98131899999998
 20
-8.931318
 10
138.98106164720906
 20
-8.931622288033564
  0
LWPOLYLINE
  5
3C3
330
17
100
AcDbEntity
  8
CORTE
100
AcDbPolyline
 90
41
 70
1
 10
134.15106164720905
 20
-8.931622288033564
 10
134.150831
 20
-8.931895
 10
134.15039328931047
 20
-8.93326877873039
 10
134.150001
 20
-8.9345
 10
134.150001
 20
-9.003584458226925
 10
134.150001
 20
-9.0655
 10
134.15043871068954
 20
-9.06687377873039
 10
134.150831
 20
-9.068105
 10
134.15108835279096
 20
-9.068409288033564
 10
134.151319
 20
-9.068682
 10
134.15162328803356
 20
-9.068938825428676
 10
134.151896
 20
-9.069169
 10
134.1532692513681
 20
-9.069607238051807
 10
134.1545
 20
-9.07
 10
135.9427854797519
 20
-9.07
 10
137.5455
 20
-9.07
 10
137.5468737787304
 20
-9.069561761948194
 10
137.548105
 20
-9.069169
 10
137.54840981539584
 20
-9.068912174571325
 10
137.548683
 20
-9.068682
 10
137.54891317457134
 20
-9.068409288033564
 10
137.54917
 20
-9.068105
 10
137.5495627619482
 20
-9.06687377873039
 10
137.550001
 20
-9.0655
 10
137.550001
 20
-9.003584458226925
 10
137.550001
 20
-8.9345
 10
137.5496082380518
 20
-8.93326877873039
 10
137.54917
 20
-8.931895
 10
137.54893982542868
 20
-8.931622288033564
 10
137.548683
 20
-8.931318
 10
137.54840981539584
 20
-8.931087825428675
 10
137.548105
 20
-8.930831
 10
137.5468737787304
 20
-8.930438238051806
 10
137.5455
 20
-8.93
 10
135.9427854797519
 20
-8.93
 10
134.1545
 20
-8.93
 10
134.1532692513681
 20
-8.930392761948193
 10
134.151896
 20
-8.930831
 10
134.15162328803356
 20
-8.931061174571324
 10
134.151319
 20
-8.931318
 10
134.15106164720905
 20
-8.931622288033564
  0
LWPOLYLINE
  5
3C4
330
17
100
AcDbEntity
  8
VISTA
100
AcDbPolyline
 90
41
 70
1
 10
138.1062150133456
 20
-8.97663659387943
 10
138.106472
 20
-8.976854
 10
138.10733667648412
 20
-8.977129434422457
 10
138.1085
 20
-8.9775
 10
138.12470117211228
 20
-8.9775
 10
138.146498
 20
-8.9775
 10
138.14736225011504
 20
-8.977224139208467
 10
138.148525
 20
-8.976853
 10
138.14871601334562
 20
-8.976691832489646
 10
138.148973
 20
-8.976475
 10
138.1491350202485
 20
-8.976283986654396
 10
138.149353
 20
-8.976027
 10
138.14962800805338
 20
-8.975162749884952
 10
138.149998
 20
-8.974
 10
138.149998
 20
-8.623098251265532
 10
138.149998
 20
-8.151
 10
138.14972299194662
 20
-8.150135749884951
 10
138.149353
 20
-8.148973
 10
138.1491909797515
 20
-8.148781986654395
 10
138.148973
 20
-8.148525
 10
138.14871601334562
 20
-8.14830759387943
 10
138.148525
 20
-8.148146
 10
138.14736225011504
 20
-8.147775434422458
 10
138.146498
 20
-8.1475
 10
138.12470117211228
 20
-8.1475
 10
138.1085
 20
-8.1475
 10
138.10733667648412
 20
-8.147871139208467
 10
138.106472
 20
-8.148147
 10
138.1062150133456
 20
-8.148363832489645
 10
138.106024
 20
-8.148525
 10
138.1058060202485
 20
-8.148781986654395
 10
138.105644
 20
-8.148973
 10
138.1052745816843
 20
-8.150135749884951
 10
138.105
 20
-8.151
 10
138.105
 20
-8.623098251265532
 10
138.105
 20
-8.974
 10
138.1053694183157
 20
-8.975162749884952
 10
138.105644
 20
-8.976027
 10
138.1058619797515
 20
-8.976283986654396
 10
138.106024
 20
-8.976475
 10
138.1062150133456
 20
-8.97663659387943
  0
LWPOLYLINE
  5
3C5
330
17
100
AcDbEntity
  8
VISTA
100
AcDbPolyline
 90
41
 70
1
 10
138.06041705824236
 20
-8.945593231164848
 10
138.060314
 20
-8.945716
 10
138.0601763953352
 20
-8.946145850762429
 10
138.059999
 20
-8.9467
 10
138.059999
 20
-8.993267165929803
 10
138.059999
 20
-9.0533
 10
138.0601366046648
 20
-9.05372985076243
 10
138.060314
 20
-9.054284
 10
138.06039394175764
 20
-9.054379231164848
 10
138.060497
 20
-9.054502
 10
138.06059310484525
 20
-9.054582815438058
 10
138.060717
 20
-9.054687
 10
138.06114685076244
 20
-9.05482373098439
 10
138.061701
 20
-9.055
 10
138.07768847784897
 20
-9.055
 10
138.098299
 20
-9.055
 10
138.09872885076243
 20
-9.054863269015609
 10
138.099283
 20
-9.054687
 10
138.09937910484527
 20
-9.05460618456194
 10
138.099503
 20
-9.054502
 10
138.09960605824236
 20
-9.054379231164848
 10
138.099686
 20
-9.054284
 10
138.0998628321754
 20
-9.05372985076243
 10
138.1
 20
-9.0533
 10
138.1
 20
-8.993267165929803
 10
138.1
 20
-8.9467
 10
138.09982316782458
 20
-8.946145850762429
 10
138.099686
 20
-8.945716
 10
138.09958294175766
 20
-8.945593231164848
 10
138.099503
 20
-8.945498
 10
138.09937910484527
 20
-8.94539381543806
 10
138.099283
 20
-8.945313
 10
138.09872885076243
 20
-8.945136730984391
 10
138.098299
 20
-8.945
 10
138.07768847784897
 20
-8.945
 10
138.061701
 20
-8.945
 10
138.06114685076244
 20
-8.94517626901561
 10
138.060717
 20
-8.945313
 10
138.06059310484525
 20
-8.945417184561942
 10
138.060497
 20
-8.945498
 10
138.06041705824236
 20
-8.945593231164848
  0
LWPOLYLINE
  5
3C6
330
17
100
AcDbEntity
  8
VISTA
100
AcDbPolyline
 90
41
 70
1
 10
138.94041605824236
 20
-8.945593231164848
 10
138.940313
 20
-8.945716
 10
138.9401758321754
 20
-8.946145850762429
 10
138.939999
 20
-8.9467
 10
138.939999
 20
-8.993267165929803
 10
138.939999
 20
-9.0533
 10
138.9401361678246
 20
-9.05372985076243
 10
138.940313
 20
-9.054284
 10
138.94039294175764
 20
-9.054379231164848
 10
138.940496
 20
-9.054502
 10
138.94059210484525
 20
-9.054582815438058
 10
138.940716
 20
-9.054687
 10
138.94114585076244
 20
-9.05482373098439
 10
138.9417
 20
-9.055
 10
138.95768747784896
 20
-9.055
 10
138.978298
 20
-9.055
 10
138.97872785076243
 20
-9.054863269015609
 10
138.979282
 20
-9.054687
 10
138.97937810484527
 20
-9.05460618456194
 10
138.979502
 20
-9.054502
 10
138.97960505824236
 20
-9.054379231164848
 10
138.979685
 20
-9.054284
 10
138.9798623953352
 20
-9.05372985076243
 10
138.98
 20
-9.0533
 10
138.98
 20
-8.993267165929803
 10
138.98
 20
-8.9467
 10
138.9798226046648
 20
-8.946145850762429
 10
138.979685
 20
-8.945716
 10
138.97958194175766
 20
-8.945593231164848
 10
138.979502
 20
-8.945498
 10
138.97937810484527
 20
-8.94539381543806
 10
138.979282
 20
-8.945313
 10
138.97872785076243
 20
-8.945136730984391
 10
138.978298
 20
-8.945
 10
138.95768747784896
 20
-8.945
 10
138.9417
 20
-8.945
 10
138.94114585076244
 20
-8.94517626901561
 10
138.940716
 20
-8.945313
 10
138.94059210484525
 20
-8.945417184561942
 10
138.940496
 20
-8.945498
 10
138.94041605824236
 20
-8.945593231164848
  0
LWPOLYLINE
  5
3C7
330
17
100
AcDbEntity
  8
VISTA
100
AcDbPolyline
 90
41
 70
1
 10
136.77871629245283
 20
-8.08913559387943
 10
136.778975
 20
-8.089353
 10
136.7798383973769
 20
-8.089628434422456
 10
136.781
 20
-8.089999
 10
137.12763805798434
 20
-8.089999
 10
137.594
 20
-8.089999
 10
137.5948633973769
 20
-8.089723565577543
 10
137.596025
 20
-8.089353
 10
137.59621729245282
 20
-8.08919140612057
 10
137.596476
 20
-8.088974
 10
137.59663674114128
 20
-8.088782986654396
 10
137.596853
 20
-8.088526
 10
137.59712886079154
 20
-8.087661749884951
 10
137.5975
 20
-8.086499
 10
137.5975
 20
-8.070296975149562
 10
137.5975
 20
-8.048499
 10
137.59722413920846
 20
-8.047635176254026
 10
137.596853
 20
-8.046473
 10
137.59669225885872
 20
-8.046281560285319
 10
137.596476
 20
-8.046024
 10
137.59621729245282
 20
-8.045807167510354
 10
137.596025
 20
-8.045646
 10
137.5948633973769
 20
-8.045274860791533
 10
137.594
 20
-8.044999
 10
137.12763805798434
 20
-8.044999
 10
136.781
 20
-8.044999
 10
136.7798383973769
 20
-8.045370139208467
 10
136.778975
 20
-8.045646
 10
136.77871629245283
 20
-8.045862832489645
 10
136.778524
 20
-8.046024
 10
136.77830774114128
 20
-8.046281560285319
 10
136.778147
 20
-8.046473
 10
136.77777586079154
 20
-8.047635176254026
 10
136.7775
 20
-8.048499
 10
136.7775
 20
-8.070296975149562
 10
136.7775
 20
-8.086499
 10
136.77787113920846
 20
-8.087661749884951
 10
136.778147
 20
-8.088526
 10
136.77836325885872
 20
-8.088782986654396
 10
136.778524
 20
-8.088974
 10
136.77871629245283
 20
-8.08913559387943
  0
LWPOLYLINE
  5
3C8
330
17
100
AcDbEntity
  8
VISTA
100
AcDbPolyline
 90
41
 70
1
 10
137.56541805824236
 20
-7.225593231164847
 10
137.565315
 20
-7.225716
 10
137.5651778321754
 20
-7.226145850762429
 10
137.565001
 20
-7.2267
 10
137.565001
 20
-7.242688351529369
 10
137.565001
 20
-7.2633
 10
137.56513816782459
 20
-7.263729850762429
 10
137.565315
 20
-7.264284
 10
137.56539494175763
 20
-7.264379231164847
 10
137.565498
 20
-7.264502
 10
137.56559323116485
 20
-7.2645823785978525
 10
137.565716
 20
-7.264686
 10
137.56614585076244
 20
-7.264823167824596
 10
137.5667
 20
-7.265
 10
137.6132680396102
 20
-7.265
 10
137.673302
 20
-7.265
 10
137.67373185076244
 20
-7.264862832175404
 10
137.674286
 20
-7.264686
 10
137.67438079432463
 20
-7.264605621402148
 10
137.67450300000002
 20
-7.264502
 10
137.67460605824235
 20
-7.264379231164847
 10
137.674686
 20
-7.264284
 10
137.6748633953352
 20
-7.263729850762429
 10
137.675001
 20
-7.2633
 10
137.675001
 20
-7.242688351529369
 10
137.675001
 20
-7.2267
 10
137.6748236046648
 20
-7.226145850762429
 10
137.674686
 20
-7.225716
 10
137.67458294175765
 20
-7.225593231164847
 10
137.67450300000002
 20
-7.225498
 10
137.67438079432463
 20
-7.225394378597852
 10
137.674286
 20
-7.225314
 10
137.67373185076244
 20
-7.225137167824596
 10
137.673302
 20
-7.225
 10
137.6132680396102
 20
-7.225
 10
137.5667
 20
-7.225
 10
137.56614585076244
 20
-7.2251768321754035
 10
137.565716
 20
-7.225314
 10
137.56559323116485
 20
-7.225417621402148
 10
137.565498
 20
-7.225498
 10
137.56541805824236
 20
-7.225593231164847
  0
LWPOLYLINE
  5
3C9
330
17
100
AcDbEntity
  8
VISTA
100
AcDbPolyline
 90
41
 70
1
 10
137.56541805824236
 20
-8.095593231164846
 10
137.565315
 20
-8.095716
 10
137.5651778321754
 20
-8.09614585076243
 10
137.565001
 20
-8.0967
 10
137.565001
 20
-8.11268835152937
 10
137.565001
 20
-8.1333
 10
137.56513816782459
 20
-8.133729850762428
 10
137.565315
 20
-8.134284
 10
137.56539494175763
 20
-8.134378794324642
 10
137.565498
 20
-8.134501
 10
137.56559323116485
 20
-8.13458181543806
 10
137.565716
 20
-8.134686
 10
137.56614585076244
 20
-8.134823167824596
 10
137.5667
 20
-8.135
 10
137.6132680396102
 20
-8.135
 10
137.673302
 20
-8.135
 10
137.67373185076244
 20
-8.134862832175404
 10
137.674286
 20
-8.134686
 10
137.67438079432463
 20
-8.134605184561941
 10
137.67450300000002
 20
-8.134501
 10
137.67460605824235
 20
-8.134378794324642
 10
137.674686
 20
-8.134284
 10
137.6748633953352
 20
-8.133729850762428
 10
137.675001
 20
-8.1333
 10
137.675001
 20
-8.11268835152937
 10
137.675001
 20
-8.0967
 10
137.6748236046648
 20
-8.09614585076243
 10
137.674686
 20
-8.095716
 10
137.67458294175765
 20
-8.095593231164846
 10
137.67450300000002
 20
-8.095498
 10
137.67438079432463
 20
-8.095394378597852
 10
137.674286
 20
-8.095314
 10
137.67373185076244
 20
-8.095136604664802
 10
137.673302
 20
-8.094999
 10
137.6132680396102
 20
-8.094999
 10
137.5667
 20
-8.094999
 10
137.56614585076244
 20
-8.095176395335198
 10
137.565716
 20
-8.095314
 10
137.56559323116485
 20
-8.095417621402147
 10
137.565498
 20
-8.095498
 10
137.56541805824236
 20
-8.095593231164846
  0
LWPOLYLINE
  5
3CA
330
17
100
AcDbEntity
  8
VISTA
100
AcDbPolyline
 90
41
 70
1
 10
138.57871586608377
 20
-7.96913459387943
 10
138.578974
 20
-7.969352
 10
138.5798373973769
 20
-7.969627434422457
 10
138.580999
 20
-7.969998
 10
138.92763705798436
 20
-7.969998
 10
139.393999
 20
-7.969998
 10
139.39486282374597
 20
-7.969722565577543
 10
139.396025
 20
-7.969352
 10
139.39621686608376
 20
-7.96919040612057
 10
139.396475
 20
-7.968973
 10
139.39663574114127
 20
-7.96878156028532
 10
139.396852
 20
-7.968524
 10
139.39712786079153
 20
-7.967660176254027
 10
139.397499
 20
-7.966498
 10
139.397499
 20
-7.9502959751495625
 10
139.397499
 20
-7.928498
 10
139.39722313920848
 20
-7.927634176254027
 10
139.396852
 20
-7.926472
 10
139.3966912588587
 20
-7.92628056028532
 10
139.396475
 20
-7.926023
 10
139.39621686608376
 20
-7.92580559387943
 10
139.396025
 20
-7.925644
 10
139.39486282374597
 20
-7.925273434422458
 10
139.393999
 20
-7.924998
 10
138.92763705798436
 20
-7.924998
 10
138.580999
 20
-7.924998
 10
138.5798373973769
 20
-7.925368565577543
 10
138.578974
 20
-7.925644
 10
138.57871586608377
 20
-7.92586140612057
 10
138.57852400000002
 20
-7.926023
 10
138.57830716751036
 20
-7.92628056028532
 10
138.578146
 20
-7.926472
 10
138.57777486079152
 20
-7.927634176254027
 10
138.577499
 20
-7.928498
 10
138.577499
 20
-7.9502959751495625
 10
138.577499
 20
-7.966498
 10
138.57787013920847
 20
-7.967660176254027
 10
138.578146
 20
-7.968524
 10
138.57836283248963
 20
-7.96878156028532
 10
138.57852400000002
 20
-7.968973
 10
138.57871586608377
 20
-7.96913459387943
  0
LWPOLYLINE
  5
3CB
330
17
100
AcDbEntity
  8
VISTA
100
AcDbPolyline
 90
41
 70
1
 10
139.36541762140214
 20
-7.105593231164847
 10
139.365314
 20
-7.105716
 10
139.3651768321754
 20
-7.106145850762429
 10
139.365
 20
-7.1067
 10
139.365
 20
-7.122688351529369
 10
139.365
 20
-7.1433
 10
139.3651371678246
 20
-7.143729850762429
 10
139.365314
 20
-7.144284
 10
139.36539437859784
 20
-7.144379231164847
 10
139.365498
 20
-7.144502
 10
139.36559279432464
 20
-7.144582378597852
 10
139.365715
 20
-7.144686
 10
139.36614485076242
 20
-7.144823167824596
 10
139.366699
 20
-7.145
 10
139.41326703961022
 20
-7.145
 10
139.473301
 20
-7.145
 10
139.47373085076242
 20
-7.144862832175404
 10
139.474285
 20
-7.144686
 10
139.47438023116484
 20
-7.144605621402148
 10
139.474503
 20
-7.144502
 10
139.47460605824236
 20
-7.144379231164847
 10
139.474686
 20
-7.144284
 10
139.4748628321754
 20
-7.143729850762429
 10
139.475
 20
-7.1433
 10
139.475
 20
-7.122688351529369
 10
139.475
 20
-7.1067
 10
139.47482316782458
 20
-7.106145850762429
 10
139.474686
 20
-7.105716
 10
139.47458294175766
 20
-7.105593231164847
 10
139.474503
 20
-7.105498
 10
139.47438023116484
 20
-7.105394378597852
 10
139.474285
 20
-7.105314
 10
139.47373085076242
 20
-7.105137167824596
 10
139.473301
 20
-7.105
 10
139.41326703961022
 20
-7.105
 10
139.366699
 20
-7.105
 10
139.36614485076242
 20
-7.105176832175404
 10
139.365715
 20
-7.105314
 10
139.36559279432464
 20
-7.105417621402148
 10
139.365498
 20
-7.105498
 10
139.36541762140214
 20
-7.105593231164847
  0
LWPOLYLINE
  5
3CC
330
17
100
AcDbEntity
  8
VISTA
100
AcDbPolyline
 90
41
 70
1
 10
139.36541762140214
 20
-7.975593231164847
 10
139.365314
 20
-7.975716
 10
139.3651768321754
 20
-7.976145850762429
 10
139.365
 20
-7.9767
 10
139.365
 20
-7.992688351529369
 10
139.365
 20
-8.0133
 10
139.3651371678246
 20
-8.013729850762429
 10
139.365314
 20
-8.014284
 10
139.36539437859784
 20
-8.014379231164847
 10
139.365498
 20
-8.014502
 10
139.36559279432464
 20
-8.014582378597852
 10
139.365715
 20
-8.014686
 10
139.36614485076242
 20
-8.014823167824597
 10
139.366699
 20
-8.015
 10
139.41326703961022
 20
-8.015
 10
139.473301
 20
-8.015
 10
139.47373085076242
 20
-8.014862832175403
 10
139.474285
 20
-8.014686
 10
139.47438023116484
 20
-8.014605621402147
 10
139.474503
 20
-8.014502
 10
139.47460605824236
 20
-8.014379231164847
 10
139.474686
 20
-8.014284
 10
139.4748628321754
 20
-8.013729850762429
 10
139.475
 20
-8.0133
 10
139.475
 20
-7.992688351529369
 10
139.475
 20
-7.9767
 10
139.47482316782458
 20
-7.976145850762429
 10
139.474686
 20
-7.975716
 10
139.47458294175766
 20
-7.975593231164847
 10
139.474503
 20
-7.975498
 10
139.47438023116484
 20
-7.975394378597852
 10
139.474285
 20
-7.975314
 10
139.47373085076242
 20
-7.975137167824596
 10
139.473301
 20
-7.975
 10
139.41326703961022
 20
-7.975
 10
139.366699
 20
-7.975
 10
139.36614485076242
 20
-7.9751768321754035
 10
139.365715
 20
-7.975314
 10
139.36559279432464
 20
-7.975417621402148
 10
139.365498
 20
-7.975498
 10
139.36541762140214
 20
-7.975593231164847
  0
LWPOLYLINE
  5
3CD
330
17
100
AcDbEntity
  8
VISTA
100
AcDbPolyline
 90
9
 70
1
 10
137.295002
 20
-12.031501
 10
137.295002
 20
-12.026965062992126
 10
137.295002
 20
-12.0225
 10
136.65248130708662
 20
-12.0225
 10
136.02
 20
-12.0225
 10
136.02
 20
-12.027035937007875
 10
136.02
 20
-12.031501
 10
136.66252069291338
 20
-12.031501
 10
137.295002
 20
-12.031501
  0
LWPOLYLINE
  5
3CE
330
17
100
AcDbEntity
  8
VISTA
100
AcDbPolyline
 90
9
 70
1
 10
137.293089
 20
-12.057501
 10
137.293089
 20
-12.05296495636121
 10
137.293089
 20
-12.0485
 10
136.65248181496062
 20
-12.0485
 10
136.021914
 20
-12.0485
 10
136.021914
 20
-12.05303604363879
 10
136.021914
 20
-12.057501
 10
136.66252118503937
 20
-12.057501
 10
137.293089
 20
-12.057501
  0
LWPOLYLINE
  5
3CF
330
17
100
AcDbEntity
  8
VISTA
100
AcDbPolyline
 90
9
 70
1
 10
141.195
 20
-12.028501
 10
141.195
 20
-12.023965062992126
 10
141.195
 20
-12.0195
 10
140.35090551181102
 20
-12.0195
 10
139.52
 20
-12.0195
 10
139.52
 20
-12.024035937007875
 10
139.52
 20
-12.028501
 10
140.36409448818898
 20
-12.028501
 10
141.195
 20
-12.028501
  0
LWPOLYLINE
  5
3D0
330
17
100
AcDbEntity
  8
VISTA
100
AcDbPolyline
 90
9
 70
1
 10
141.192488
 20
-12.054501
 10
141.192488
 20
-12.04996495636121
 10
141.192488
 20
-12.0455
 10
140.35090550786217
 20
-12.0455
 10
139.522512
 20
-12.0455
 10
139.522512
 20
-12.05003604363879
 10
139.522512
 20
-12.054501
 10
140.36409449213784
 20
-12.054501
 10
141.192488
 20
-12.054501
  0
LWPOLYLINE
  5
3D1
330
17
100
AcDbEntity
  8
CORTE
100
AcDbPolyline
 90
41
 70
1
 10
141.80102830899403
 20
-0.0016607463177687246
 10
141.800831
 20
-0.001895
 10
141.80033678000626
 20
-0.003442407552491382
 10
141.799999
 20
-0.0045
 10
141.799999
 20
-3.563240363522407
 10
141.799999
 20
-5.9955
 10
141.80049321999374
 20
-5.9970474075524915
 10
141.800831
 20
-5.998105
 10
141.80111969100597
 20
-5.998447746317768
 10
141.801317
 20
-5.998682
 10
141.80166034033218
 20
-5.99897128502037
 10
141.801895
 20
-5.999169
 10
141.8034418135381
 20
-5.999662625979317
 10
141.804499
 20
-6.0
 10
141.91795694139768
 20
-6.0
 10
141.995501
 20
-6.0
 10
141.99704721952367
 20
-5.999506374020683
 10
141.998104
 20
-5.999169
 10
141.99844734033218
 20
-5.99887971497963
 10
141.998682
 20
-5.998682
 10
141.99887930899405
 20
-5.998447746317768
 10
141.999168
 20
-5.998105
 10
141.99950578000627
 20
-5.9970474075524915
 10
142.0
 20
-5.9955
 10
142.0
 20
-3.563240363522407
 10
142.0
 20
-0.0045
 10
141.99966221999372
 20
-0.003442407552491382
 10
141.999168
 20
-0.001895
 10
141.99897069100595
 20
-0.0016607463177687246
 10
141.998682
 20
-0.001318
 10
141.99844734033218
 20
-0.00112028502036979
 10
141.998104
 20
-0.000831
 10
141.99704721952367
 20
-0.0004936259793168286
 10
141.995501
 20
-0.0
 10
141.91795694139768
 20
-0.0
 10
141.804499
 20
-0.0
 10
141.8034418135381
 20
-0.0003373740206831714
 10
141.801895
 20
-0.000831
 10
141.80166034033218
 20
-0.0010287149796302099
 10
141.801317
 20
-0.001318
 10
141.80102830899403
 20
-0.0016607463177687246
  0
LWPOLYLINE
  5
3D2
330
17
100
AcDbEntity
  8
VISTA
100
AcDbPolyline
 90
42
 70
1
 10
134.00102871497964
 20
-5.901660746317768
 10
134.000831
 20
-5.901895
 10
134.0003373740207
 20
-5.903442407552491
 10
134.0
 20
-5.9045
 10
134.0
 20
-6.01795675336885
 10
134.0
 20
-6.0955
 10
134.00049362597932
 20
-6.097047407552492
 10
134.000831
 20
-6.098105
 10
134.00112028502036
 20
-6.098447746317769
 10
134.001318
 20
-6.098682
 10
134.00166074631778
 20
-6.09897128502037
 10
134.001895
 20
-6.099169
 10
134.00344181353807
 20
-6.099662625979317
 10
134.004499
 20
-6.1
 10
138.75126938263867
 20
-6.1
 10
141.44905178996865
 20
-6.1
 10
141.995501
 20
-6.1
 10
141.99704721952367
 20
-6.099506374020683
 10
141.998104
 20
-6.099169
 10
141.99844734033218
 20
-6.09887971497963
 10
141.998682
 20
-6.098682
 10
141.99887930899405
 20
-6.098447746317769
 10
141.999168
 20
-6.098105
 10
141.99950578000627
 20
-6.097047407552492
 10
142.0
 20
-6.0955
 10
142.0
 20
-6.01795675336885
 10
142.0
 20
-5.9045
 10
141.99966221999372
 20
-5.903442407552491
 10
141.999168
 20
-5.901895
 10
141.99897069100595
 20
-5.901660746317768
 10
141.998682
 20
-5.901318
 10
141.99844734033218
 20
-5.90112028502037
 10
141.998104
 20
-5.900831
 10
141.99704721952367
 20
-5.900493625979317
 10
141.995501
 20
-5.9
 10
138.75126938263867
 20
-5.9
 10
134.004499
 20
-5.9
 10
134.00344181353807
 20
-5.900337374020683
 10
134.001895
 20
-5.900831
 10
134.00166074631778
 20
-5.90102871497963
 10
134.001318
 20
-5.901318
 10
134.00102871497964
 20
-5.901660746317768
  0
LWPOLYLINE
  5
3D3
330
17
100
AcDbEntity
  8
VISTA
100
AcDbPolyline
 90
35
 70
1
 10
134.00102930899405
 20
-0.0016607463177687246
 10
134.000832
 20
-0.001895
 10
134.00033778000628
 20
-0.003442407552491382
 10
134.0
 20
-0.0045
 10
134.0
 20
-0.8901754935756816
 10
134.0
 20
-1.458
 10
134.0485
 20
-1.458
 10
134.0485
 20
-1.5
 10
134.117956926283
 20
-1.5
 10
134.1955
 20
-1.5
 10
134.1970480015669
 20
-1.499506374020683
 10
134.198106
 20
-1.499169
 10
134.19844874631778
 20
-1.4988797149796302
 10
134.198683
 20
-1.498682
 10
134.19888030899403
 20
-1.4984477463177688
 10
134.199169
 20
-1.498105
 10
134.19950678000626
 20
-1.4970474075524913
 10
134.200001
 20
-1.4955
 10
134.200001
 20
-0.8901754935756816
 10
134.200001
 20
-0.0045
 10
134.19966321999374
 20
-0.003442407552491382
 10
134.199169
 20
-0.001895
 10
134.19897169100597
 20
-0.0016607463177687246
 10
134.198683
 20
-0.001318
 10
134.19844874631778
 20
-0.00112028502036979
 10
134.198106
 20
-0.000831
 10
134.1970480015669
 20
-0.0004936259793168286
 10
134.1955
 20
-0.0
 10
134.11795675336884
 20
-0.0
 10
134.0045
 20
-0.0
 10
134.00344240755248
 20
-0.0003373740206831714
 10
134.001895
 20
-0.000831
 10
134.00166074631778
 20
-0.0010287149796302099
 10
134.001318
 20
-0.001318
 10
134.00102930899405
 20
-0.0016607463177687246
  0
LWPOLYLINE
  5
3D4
330
17
100
AcDbEntity
  8
VISTA
100
AcDbPolyline
 90
35
 70
1
 10
134.0
 20
-4.701118784685217
 10
134.0
 20
-4.8355
 10
134.00049421999373
 20
-4.837047407552491
 10
134.000832
 20
-4.838105
 10
134.00112069100595
 20
-4.838447746317769
 10
134.001318
 20
-4.838682
 10
134.00166074631778
 20
-4.838971879034785
 10
134.001895
 20
-4.83917
 10
134.00344240755248
 20
-4.839663031964902
 10
134.0045
 20
-4.84
 10
134.11795675336884
 20
-4.84
 10
134.1955
 20
-4.84
 10
134.1970480015669
 20
-4.839506968035098
 10
134.198106
 20
-4.83917
 10
134.19844874631778
 20
-4.838880120965215
 10
134.198683
 20
-4.838682
 10
134.19888030899403
 20
-4.838447746317769
 10
134.199169
 20
-4.838105
 10
134.19950678000626
 20
-4.837047407552491
 10
134.200001
 20
-4.8355
 10
134.200001
 20
-4.70111877154497
 10
134.200001
 20
-4.5045
 10
134.19966321999374
 20
-4.503442407552492
 10
134.199169
 20
-4.501895
 10
134.19897169100597
 20
-4.501660746317769
 10
134.198683
 20
-4.501318
 10
134.19844874631778
 20
-4.50112028502037
 10
134.198106
 20
-4.500831
 10
134.1970480015669
 20
-4.500493625979317
 10
134.1955
 20
-4.5
 10
134.117956926283
 20
-4.5
 10
134.0485
 20
-4.5
 10
134.0485
 20
-4.542
 10
134.0
 20
-4.542
 10
134.0
 20
-4.701118784685217
  0
LWPOLYLINE
  5
3D5
330
17
100
AcDbEntity
  8
VISTA
100
AcDbPolyline
 90
41
 70
1
 10
134.00102930899405
 20
-5.7616607463177685
 10
134.000832
 20
-5.761895
 10
134.00033778000628
 20
-5.763442407552492
 10
134.0
 20
-5.7645
 10
134.0
 20
-5.901717329990598
 10
134.0
 20
-5.9955
 10
134.00049421999373
 20
-5.9970474075524915
 10
134.000832
 20
-5.998105
 10
134.00112069100595
 20
-5.998447746317768
 10
134.001318
 20
-5.998682
 10
134.00166074631778
 20
-5.99897128502037
 10
134.001895
 20
-5.999169
 10
134.00344240755248
 20
-5.999662625979317
 10
134.0045
 20
-6.0
 10
134.11795675336884
 20
-6.0
 10
134.1955
 20
-6.0
 10
134.1970480015669
 20
-5.999506374020683
 10
134.198106
 20
-5.999169
 10
134.19844874631778
 20
-5.99887971497963
 10
134.198683
 20
-5.998682
 10
134.19888030899403
 20
-5.998447746317768
 10
134.199169
 20
-5.998105
 10
134.19950678000626
 20
-5.9970474075524915
 10
134.200001
 20
-5.9955
 10
134.200001
 20
-5.901717329990598
 10
134.200001
 20
-5.7645
 10
134.19966321999374
 20
-5.763442407552492
 10
134.199169
 20
-5.761895
 10
134.19897169100597
 20
-5.7616607463177685
 10
134.198683
 20
-5.761318
 10
134.19844874631778
 20
-5.76112028502037
 10
134.198106
 20
-5.760831
 10
134.1970480015669
 20
-5.760493625979317
 10
134.1955
 20
-5.76
 10
134.11795675336884
 20
-5.76
 10
134.0045
 20
-5.76
 10
134.00344240755248
 20
-5.760337374020683
 10
134.001895
 20
-5.760831
 10
134.00166074631778
 20
-5.76102871497963
 10
134.001318
 20
-5.761318
 10
134.00102930899405
 20
-5.7616607463177685
  0
LWPOLYLINE
  5
3D6
330
17
100
AcDbEntity
  8
VISTA
100
AcDbPolyline
 90
9
 70
1
 10
133.976501
 20
-4.5
 10
133.976501
 20
-3.7325581395348832
 10
133.976501
 20
-1.5
 10
133.97419841860466
 20
-1.5
 10
133.9675
 20
-1.5
 10
133.9675
 20
-2.2674418604651168
 10
133.9675
 20
-4.5
 10
133.96980258139536
 20
-4.5
 10
133.976501
 20
-4.5
  0
LWPOLYLINE
  5
3D7
330
17
100
AcDbEntity
  8
VISTA
100
AcDbPolyline
 90
9
 70
1
 10
134.002501
 20
-4.4955
 10
134.002501
 20
-3.7325581395348832
 10
134.002501
 20
-1.5045
 10
134.00020503220125
 20
-1.5045
 10
133.9935
 20
-1.5045
 10
133.9935
 20
-2.2674418604651168
 10
133.9935
 20
-4.4955
 10
133.99579596779876
 20
-4.4955
 10
134.002501
 20
-4.4955
  0
LWPOLYLINE
  5
3D8
330
17
100
AcDbEntity
  8
VISTA
100
AcDbPolyline
 90
45
 70
1
 10
133.9233482733645
 20
-1.4605536074766357
 10
133.923238
 20
-1.460684
 10
133.92268794859814
 20
-1.4624101775700935
 10
133.9225
 20
-1.463
 10
133.9225
 20
-1.5181542056074766
 10
133.9225
 20
-1.537
 10
133.92305005140187
 20
-1.5387261775700933
 10
133.923238
 20
-1.539316
 10
133.92356072663551
 20
-1.5396976074766355
 10
133.923671
 20
-1.539828
 10
133.92405335280375
 20
-1.5401514719626168
 10
133.924184
 20
-1.540262
 10
133.925909432243
 20
-1.540812051401869
 10
133.926499
 20
-1.541
 10
133.9655
 20
-1.541
 10
133.9655
 20
-1.498
 10
134.0045
 20
-1.498
 10
134.0045
 20
-1.541
 10
134.0137027140694
 20
-1.541
 10
134.0435
 20
-1.541
 10
134.045225432243
 20
-1.540449948598131
 10
134.045815
 20
-1.540262
 10
134.04619809813084
 20
-1.5399385280373832
 10
134.04632900000001
 20
-1.539828
 10
134.04643927336448
 20
-1.5396976074766355
 10
134.046762
 20
-1.539316
 10
134.04694994859813
 20
-1.5387261775700933
 10
134.0475
 20
-1.537
 10
134.0475
 20
-1.5181542056074766
 10
134.0475
 20
-1.463
 10
134.04731205140186
 20
-1.4624101775700935
 10
134.046762
 20
-1.460684
 10
134.0466517266355
 20
-1.4605536074766357
 10
134.04632900000001
 20
-1.460172
 10
134.04619809813084
 20
-1.4600614719626168
 10
134.045815
 20
-1.459738
 10
134.045225432243
 20
-1.459550051401869
 10
134.0435
 20
-1.459
 10
134.01370301635515
 20
-1.459
 10
133.926499
 20
-1.459
 10
133.925909432243
 20
-1.459187948598131
 10
133.924184
 20
-1.459738
 10
133.92405335280375
 20
-1.4598485280373832
 10
133.923671
 20
-1.460172
 10
133.9233482733645
 20
-1.4605536074766357
  0
LWPOLYLINE
  5
3D9
330
17
100
AcDbEntity
  8
VISTA
100
AcDbPolyline
 90
45
 70
1
 10
133.9233482733645
 20
-4.460553607476635
 10
133.923238
 20
-4.460684
 10
133.92268794859814
 20
-4.462410177570093
 10
133.9225
 20
-4.463
 10
133.9225
 20
-4.518154205607477
 10
133.9225
 20
-4.537
 10
133.92305005140187
 20
-4.538726177570093
 10
133.923238
 20
-4.539316
 10
133.92356072663551
 20
-4.5396976074766355
 10
133.923671
 20
-4.539828
 10
133.92405335280375
 20
-4.540151471962617
 10
133.924184
 20
-4.540262
 10
133.925909432243
 20
-4.540812051401869
 10
133.926499
 20
-4.541
 10
134.01370301635515
 20
-4.541
 10
134.0435
 20
-4.541
 10
134.045225432243
 20
-4.540449948598131
 10
134.045815
 20
-4.540262
 10
134.04619809813084
 20
-4.539938528037383
 10
134.04632900000001
 20
-4.539828
 10
134.04643927336448
 20
-4.5396976074766355
 10
134.046762
 20
-4.539316
 10
134.04694994859813
 20
-4.538726177570093
 10
134.0475
 20
-4.537
 10
134.0475
 20
-4.518154205607477
 10
134.0475
 20
-4.463
 10
134.04731205140186
 20
-4.462410177570093
 10
134.046762
 20
-4.460684
 10
134.0466517266355
 20
-4.460553607476635
 10
134.04632900000001
 20
-4.460172
 10
134.04619809813084
 20
-4.460061471962617
 10
134.045815
 20
-4.459738
 10
134.045225432243
 20
-4.459550051401869
 10
134.0435
 20
-4.459
 10
134.0137027140694
 20
-4.459
 10
134.0045
 20
-4.459
 10
134.0045
 20
-4.502
 10
133.9655
 20
-4.502
 10
133.9655
 20
-4.459
 10
133.926499
 20
-4.459
 10
133.925909432243
 20
-4.459187948598131
 10
133.924184
 20
-4.459738
 10
133.92405335280375
 20
-4.459848528037383
 10
133.923671
 20
-4.460172
 10
133.9233482733645
 20
-4.460553607476635
  0
LWPOLYLINE
  5
3DA
330
17
100
AcDbEntity
  8
VISTA
100
AcDbPolyline
 90
41
 70
1
 10
137.49354816599788
 20
-2.41178978481755
 10
137.493332
 20
-2.41207
 10
137.49287006195524
 20
-2.4136506942469285
 10
137.4925
 20
-2.414917
 10
137.4925
 20
-3.0646095409734544
 10
137.4925
 20
-3.585083
 10
137.49296193804477
 20
-3.5866636942469285
 10
137.493332
 20
-3.58793
 10
137.4936018340021
 20
-3.58827978481755
 10
137.493818
 20
-3.58856
 10
137.49413891368977
 20
-3.5888553738459312
 10
137.494396
 20
-3.589092
 10
137.49584177724586
 20
-3.589596134308469
 10
137.497
 20
-3.59
 10
137.5225403990351
 20
-3.59
 10
137.543001
 20
-3.59
 10
137.54444677724587
 20
-3.589495865691531
 10
137.545605
 20
-3.589092
 10
137.54592591368976
 20
-3.588796626154069
 10
137.54618299999998
 20
-3.58856
 10
137.54639916599788
 20
-3.58827978481755
 10
137.546669
 20
-3.58793
 10
137.54703906195525
 20
-3.5866636942469285
 10
137.547501
 20
-3.585083
 10
137.547501
 20
-3.0646095409734544
 10
137.547501
 20
-2.414917
 10
137.54713093804477
 20
-2.4136506942469285
 10
137.546669
 20
-2.41207
 10
137.5464528340021
 20
-2.41178978481755
 10
137.54618299999998
 20
-2.41144
 10
137.54592591368976
 20
-2.411203373845931
 10
137.545605
 20
-2.410908
 10
137.54444677724587
 20
-2.410504134308469
 10
137.543001
 20
-2.41
 10
137.5225403990351
 20
-2.41
 10
137.497
 20
-2.41
 10
137.49584177724586
 20
-2.410403865691531
 10
137.494396
 20
-2.410908
 10
137.49413891368977
 20
-2.4111446261540688
 10
137.493818
 20
-2.41144
 10
137.49354816599788
 20
-2.41178978481755
  0
LWPOLYLINE
  5
3DB
330
17
100
AcDbEntity
  8
VISTA
100
AcDbPolyline
 90
41
 70
1
 10
137.18038048253285
 20
-1.6103790461748966
 10
137.18027899999998
 20
-1.610468
 10
137.18017402834403
 20
-1.610708575610094
 10
137.179998
 20
-1.611112
 10
137.179998
 20
-1.7372931603651038
 10
137.179998
 20
-1.948888
 10
137.18010297165597
 20
-1.949128575610094
 10
137.18027899999998
 20
-1.949532
 10
137.18033951746713
 20
-1.9495850461748965
 10
137.180441
 20
-1.949674
 10
137.1805134715347
 20
-1.9497192013180455
 10
137.180635
 20
-1.949795
 10
137.18096224260006
 20
-1.9498715807454492
 10
137.181511
 20
-1.95
 10
137.32980718539238
 20
-1.95
 10
137.578487
 20
-1.95
 10
137.57881424260006
 20
-1.9499234192545507
 10
137.579363
 20
-1.949795
 10
137.5794354715347
 20
-1.9497497986819543
 10
137.579557
 20
-1.949674
 10
137.57965910896826
 20
-1.9495850461748965
 10
137.57972
 20
-1.949532
 10
137.57989540190866
 20
-1.949128575610094
 10
137.57999999999998
 20
-1.948888
 10
137.57999999999998
 20
-1.7372931603651038
 10
137.57999999999998
 20
-1.611112
 10
137.57982459809134
 20
-1.610708575610094
 10
137.57972
 20
-1.610468
 10
137.57961789103175
 20
-1.6103790461748966
 10
137.579557
 20
-1.610326
 10
137.5794354715347
 20
-1.6102502013180457
 10
137.579363
 20
-1.610205
 10
137.57881424260006
 20
-1.6100765807454493
 10
137.578487
 20
-1.61
 10
137.32980718539238
 20
-1.61
 10
137.181511
 20
-1.61
 10
137.18096224260006
 20
-1.6101284192545509
 10
137.180635
 20
-1.610205
 10
137.1805134715347
 20
-1.6102807986819543
 10
137.180441
 20
-1.610326
 10
137.18038048253285
 20
-1.6103790461748966
  0
LWPOLYLINE
  5
3DC
330
17
100
AcDbEntity
  8
VISTA
100
AcDbPolyline
 90
41
 70
1
 10
137.18038048253285
 20
-4.050378419739508
 10
137.18027899999998
 20
-4.050468
 10
137.18017402834403
 20
-4.050708202045482
 10
137.179998
 20
-4.051111
 10
137.179998
 20
-4.177292533929715
 10
137.179998
 20
-4.388888
 10
137.18010297165597
 20
-4.389128575610094
 10
137.18027899999998
 20
-4.389532
 10
137.18033951746713
 20
-4.389585046174896
 10
137.180441
 20
-4.389674
 10
137.1805134715347
 20
-4.389718827753434
 10
137.180635
 20
-4.389794
 10
137.18096224260006
 20
-4.389870954310061
 10
137.181511
 20
-4.39
 10
137.32980718539238
 20
-4.39
 10
137.578487
 20
-4.39
 10
137.57881424260006
 20
-4.3899230456899385
 10
137.579363
 20
-4.389794
 10
137.5794354715347
 20
-4.3897491722465665
 10
137.579557
 20
-4.389674
 10
137.57965910896826
 20
-4.389585046174896
 10
137.57972
 20
-4.389532
 10
137.57989540190866
 20
-4.389128575610094
 10
137.57999999999998
 20
-4.388888
 10
137.57999999999998
 20
-4.177292533929715
 10
137.57999999999998
 20
-4.051111
 10
137.57982459809134
 20
-4.050708202045482
 10
137.57972
 20
-4.050468
 10
137.57961789103175
 20
-4.050378419739508
 10
137.579557
 20
-4.050325
 10
137.5794354715347
 20
-4.050249827753434
 10
137.579363
 20
-4.050205
 10
137.57881424260006
 20
-4.050076580745449
 10
137.578487
 20
-4.05
 10
137.32980718539238
 20
-4.05
 10
137.181511
 20
-4.05
 10
137.18096224260006
 20
-4.050128419254551
 10
137.180635
 20
-4.050205
 10
137.1805134715347
 20
-4.050280172246566
 10
137.180441
 20
-4.050325
 10
137.18038048253285
 20
-4.050378419739508
  0
LWPOLYLINE
  5
3DD
330
17
100
AcDbEntity
  8
VISTA
100
AcDbPolyline
 90
41
 70
1
 10
134.00102930899405
 20
-6.001660746317769
 10
134.000832
 20
-6.001895
 10
134.00033778000628
 20
-6.003442407552492
 10
134.0
 20
-6.0045
 10
134.0
 20
-6.379323096208085
 10
134.0
 20
-6.6355
 10
134.000493997996
 20
-6.637047320641282
 10
134.000832
 20
-6.638105
 10
134.00112056613227
 20
-6.6384482274549095
 10
134.001318
 20
-6.638682
 10
134.00166122745492
 20
-6.638971566132264
 10
134.001895
 20
-6.639169
 10
134.00344232064128
 20
-6.639662997995992
 10
134.0045
 20
-6.64
 10
134.11795704432393
 20
-6.64
 10
134.1955
 20
-6.64
 10
134.1970480015669
 20
-6.639506374020683
 10
134.198106
 20
-6.639169
 10
134.19844874631778
 20
-6.63887971497963
 10
134.198683
 20
-6.638682
 10
134.19888030899403
 20
-6.638447746317769
 10
134.199169
 20
-6.638105
 10
134.19950678000626
 20
-6.637047407552492
 10
134.200001
 20
-6.6355
 10
134.200001
 20
-6.379323096208085
 10
134.200001
 20
-6.0045
 10
134.19966321999374
 20
-6.003442407552492
 10
134.199169
 20
-6.001895
 10
134.19897169100597
 20
-6.001660746317769
 10
134.198683
 20
-6.001318
 10
134.19844874631778
 20
-6.00112028502037
 10
134.198106
 20
-6.000831
 10
134.1970480015669
 20
-6.000493625979317
 10
134.1955
 20
-6.0
 10
134.11795675336884
 20
-6.0
 10
134.0045
 20
-6.0
 10
134.00344240755248
 20
-6.000337374020683
 10
134.001895
 20
-6.000831
 10
134.00166074631778
 20
-6.00102871497963
 10
134.001318
 20
-6.001318
 10
134.00102930899405
 20
-6.001660746317769
  0
LWPOLYLINE
  5
3DE
330
17
100
AcDbEntity
  8
VISTA
100
AcDbPolyline
 90
41
 70
1
 10
140.78176935034804
 20
-4.453022635730859
 10
140.781477
 20
-4.453369
 10
140.7804979535963
 20
-4.456436634570766
 10
140.779999
 20
-4.458
 10
140.779999
 20
-4.9905800464037124
 10
140.779999
 20
-5.262
 10
140.7809780464037
 20
-5.265068296983759
 10
140.781477
 20
-5.266632
 10
140.78205064965198
 20
-5.267310973317866
 10
140.782343
 20
-5.267657
 10
140.78302131090487
 20
-5.268230649651972
 10
140.783367
 20
-5.268523
 10
140.78643595939675
 20
-5.269501383990719
 10
140.788
 20
-5.27
 10
140.90988266589326
 20
-5.27
 10
140.97199799999999
 20
-5.27
 10
140.97506695939674
 20
-5.26902161600928
 10
140.976631
 20
-5.268523
 10
140.97730931090487
 20
-5.267949350348028
 10
140.977655
 20
-5.267657
 10
140.97794735034802
 20
-5.267310973317866
 10
140.978521
 20
-5.266632
 10
140.9790202911833
 20
-5.265068296983759
 10
140.98
 20
-5.262
 10
140.98
 20
-4.9905800464037124
 10
140.98
 20
-4.458
 10
140.97950070881672
 20
-4.456436634570766
 10
140.978521
 20
-4.453369
 10
140.97822864965198
 20
-4.453022635730859
 10
140.977655
 20
-4.452343
 10
140.97730931090487
 20
-4.452050649651972
 10
140.976631
 20
-4.451477
 10
140.97506695939674
 20
-4.450978383990719
 10
140.97199799999999
 20
-4.45
 10
140.90988266589326
 20
-4.45
 10
140.788
 20
-4.45
 10
140.78643595939675
 20
-4.4504986160092805
 10
140.783367
 20
-4.451477
 10
140.78302131090487
 20
-4.451769350348028
 10
140.782343
 20
-4.452343
 10
140.78176935034804
 20
-4.453022635730859
  0
LWPOLYLINE
  5
3DF
330
17
100
AcDbEntity
  8
VISTA
100
AcDbPolyline
 90
41
 70
1
 10
141.63071730873182
 20
-0.7113895207900208
 10
141.630646
 20
-0.711474
 10
141.63012073284824
 20
-0.7131188087318088
 10
141.629999
 20
-0.7135
 10
141.629999
 20
-1.3410602910602911
 10
141.629999
 20
-1.4865
 10
141.63052426715177
 20
-1.4881448087318088
 10
141.630646
 20
-1.488526
 10
141.6309536912682
 20
-1.4888905207900207
 10
141.631025
 20
-1.488975
 10
141.63138952079004
 20
-1.4892826912681913
 10
141.631474
 20
-1.489354
 10
141.6331179968815
 20
-1.4898784553014552
 10
141.633499
 20
-1.49
 10
141.6927656964657
 20
-1.49
 10
141.706501
 20
-1.49
 10
141.7081458087318
 20
-1.4894755446985448
 10
141.708527
 20
-1.489354
 10
141.70889070893972
 20
-1.4890463087318087
 10
141.708975
 20
-1.488975
 10
141.7090463087318
 20
-1.4888905207900207
 10
141.709354
 20
-1.488526
 10
141.70947573284823
 20
-1.4881448087318088
 10
141.710001
 20
-1.4865
 10
141.710001
 20
-1.3410602910602911
 10
141.710001
 20
-0.7135
 10
141.70987926715176
 20
-0.7131188087318088
 10
141.709354
 20
-0.711474
 10
141.70928269126819
 20
-0.7113895207900208
 10
141.708975
 20
-0.711025
 10
141.70889070893972
 20
-0.7109536912681913
 10
141.708527
 20
-0.710646
 10
141.7081458087318
 20
-0.7105244553014552
 10
141.706501
 20
-0.71
 10
141.6927656964657
 20
-0.71
 10
141.633499
 20
-0.71
 10
141.6331179968815
 20
-0.7101215446985447
 10
141.631474
 20
-0.710646
 10
141.63138952079004
 20
-0.7107173087318087
 10
141.631025
 20
-0.711025
 10
141.63071730873182
 20
-0.7113895207900208
  0
LWPOLYLINE
  5
3E0
330
17
100
AcDbEntity
  8
VISTA
100
AcDbPolyline
 90
41
 70
1
 10
141.63071730873182
 20
-1.9613895207900207
 10
141.630646
 20
-1.961474
 10
141.63012073284824
 20
-1.9631188087318088
 10
141.629999
 20
-1.9635
 10
141.629999
 20
-2.591060291060291
 10
141.629999
 20
-2.7365
 10
141.63052426715177
 20
-2.7381448087318088
 10
141.630646
 20
-2.738526
 10
141.6309536912682
 20
-2.7388905207900205
 10
141.631025
 20
-2.738975
 10
141.63138952079004
 20
-2.7392826912681913
 10
141.631474
 20
-2.739354
 10
141.6331179968815
 20
-2.7398784553014557
 10
141.633499
 20
-2.74
 10
141.6927656964657
 20
-2.74
 10
141.706501
 20
-2.74
 10
141.7081458087318
 20
-2.7394755446985446
 10
141.708527
 20
-2.739354
 10
141.70889070893972
 20
-2.7390463087318087
 10
141.708975
 20
-2.738975
 10
141.7090463087318
 20
-2.7388905207900205
 10
141.709354
 20
-2.738526
 10
141.70947573284823
 20
-2.7381448087318088
 10
141.710001
 20
-2.7365
 10
141.710001
 20
-2.591060291060291
 10
141.710001
 20
-1.9635
 10
141.70987926715176
 20
-1.9631188087318088
 10
141.709354
 20
-1.961474
 10
141.70928269126819
 20
-1.9613895207900207
 10
141.708975
 20
-1.961025
 10
141.70889070893972
 20
-1.9609536912681913
 10
141.708527
 20
-1.960646
 10
141.7081458087318
 20
-1.9605244553014554
 10
141.706501
 20
-1.96
 10
141.6927656964657
 20
-1.96
 10
141.633499
 20
-1.96
 10
141.6331179968815
 20
-1.9601215446985447
 10
141.631474
 20
-1.960646
 10
141.63138952079004
 20
-1.9607173087318088
 10
141.631025
 20
-1.961025
 10
141.63071730873182
 20
-1.9613895207900207
  0
LWPOLYLINE
  5
3E1
330
17
100
AcDbEntity
  8
VISTA
100
AcDbPolyline
 90
41
 70
1
 10
141.63071730873182
 20
-3.2113895207900205
 10
141.630646
 20
-3.211474
 10
141.63012073284824
 20
-3.2131188087318088
 10
141.629999
 20
-3.2135
 10
141.629999
 20
-3.841060291060291
 10
141.629999
 20
-3.9865
 10
141.63052426715177
 20
-3.9881448087318088
 10
141.630646
 20
-3.988526
 10
141.6309536912682
 20
-3.9888905207900205
 10
141.631025
 20
-3.988975
 10
141.63138952079004
 20
-3.9892826912681913
 10
141.631474
 20
-3.989354
 10
141.6331179968815
 20
-3.9898784553014557
 10
141.633499
 20
-3.99
 10
141.6927656964657
 20
-3.99
 10
141.706501
 20
-3.99
 10
141.7081458087318
 20
-3.9894755446985446
 10
141.708527
 20
-3.989354
 10
141.70889070893972
 20
-3.9890463087318087
 10
141.708975
 20
-3.988975
 10
141.7090463087318
 20
-3.9888905207900205
 10
141.709354
 20
-3.988526
 10
141.70947573284823
 20
-3.9881448087318088
 10
141.710001
 20
-3.9865
 10
141.710001
 20
-3.841060291060291
 10
141.710001
 20
-3.2135
 10
141.70987926715176
 20
-3.2131188087318088
 10
141.709354
 20
-3.211474
 10
141.70928269126819
 20
-3.2113895207900205
 10
141.708975
 20
-3.211025
 10
141.70889070893972
 20
-3.210953691268191
 10
141.708527
 20
-3.210646
 10
141.7081458087318
 20
-3.2105244553014556
 10
141.706501
 20
-3.21
 10
141.6927656964657
 20
-3.21
 10
141.633499
 20
-3.21
 10
141.6331179968815
 20
-3.2101215446985445
 10
141.631474
 20
-3.210646
 10
141.63138952079004
 20
-3.210717308731809
 10
141.631025
 20
-3.211025
 10
141.63071730873182
 20
-3.2113895207900205
  0
LWPOLYLINE
  5
3E2
330
17
100
AcDbEntity
  8
VISTA
100
AcDbPolyline
 90
9
 70
1
 10
133.92
 20
-1.54
 10
133.92
 20
-1.518181818181818
 10
133.92
 20
-1.46
 10
133.9118179090909
 20
-1.46
 10
133.889999
 20
-1.46
 10
133.889999
 20
-1.481818181818182
 10
133.889999
 20
-1.54
 10
133.89818109090908
 20
-1.54
 10
133.92
 20
-1.54
  0
LWPOLYLINE
  5
3E3
330
17
100
AcDbEntity
  8
VISTA
100
AcDbPolyline
 90
9
 70
1
 10
133.92
 20
-4.54
 10
133.92
 20
-4.5181818181818185
 10
133.92
 20
-4.46
 10
133.9118179090909
 20
-4.46
 10
133.889999
 20
-4.46
 10
133.889999
 20
-4.4818181818181815
 10
133.889999
 20
-4.54
 10
133.89818109090908
 20
-4.54
 10
133.92
 20
-4.54
  0
LWPOLYLINE
  5
3E4
330
17
100
AcDbEntity
  8
VISTA
100
AcDbPolyline
 90
9
 70
1
 10
133.92
 20
-3.03
 10
133.92
 20
-3.0136363636363637
 10
133.92
 20
-2.97
 10
133.9118179090909
 20
-2.97
 10
133.889999
 20
-2.97
 10
133.889999
 20
-2.9863636363636363
 10
133.889999
 20
-3.03
 10
133.89818109090908
 20
-3.03
 10
133.92
 20
-3.03
  0
LWPOLYLINE
  5
3E5
330
17
100
AcDbEntity
  8
VISTA
100
AcDbPolyline
 90
41
 70
1
 10
141.73094365197312
 20
-0.9717615293870696
 10
141.730831
 20
-0.971895
 10
141.73019222544082
 20
-0.9738974160369438
 10
141.73
 20
-0.9745
 10
141.73
 20
-1.5517800167926112
 10
141.73
 20
-1.7255
 10
141.7306387745592
 20
-1.7275024160369437
 10
141.730831
 20
-1.728105
 10
141.73120534802686
 20
-1.7285485293870697
 10
141.731318
 20
-1.728682
 10
141.7317615293871
 20
-1.7290563480268681
 10
141.731895
 20
-1.729169
 10
141.73389818471873
 20
-1.729807774559194
 10
141.734501
 20
-1.73
 10
141.77370300209907
 20
-1.73
 10
141.7855
 20
-1.73
 10
141.78750241603694
 20
-1.729361225440806
 10
141.788105
 20
-1.729169
 10
141.78854929806886
 20
-1.7287946519731319
 10
141.788683
 20
-1.728682
 10
141.7887954206549
 20
-1.7285485293870697
 10
141.78916900000002
 20
-1.728105
 10
141.78936145675902
 20
-1.7275024160369437
 10
141.790001
 20
-1.7255
 10
141.790001
 20
-1.5517800167926112
 10
141.790001
 20
-0.9745
 10
141.78980854324098
 20
-0.9738974160369438
 10
141.78916900000002
 20
-0.971895
 10
141.7890565793451
 20
-0.9717615293870696
 10
141.788683
 20
-0.971318
 10
141.78854929806886
 20
-0.9712053480268682
 10
141.788105
 20
-0.970831
 10
141.78750241603694
 20
-0.9706387745591939
 10
141.7855
 20
-0.97
 10
141.77370300209907
 20
-0.97
 10
141.734501
 20
-0.97
 10
141.73389818471873
 20
-0.9701922254408061
 10
141.731895
 20
-0.970831
 10
141.7317615293871
 20
-0.9709436519731318
 10
141.731318
 20
-0.971318
 10
141.73094365197312
 20
-0.9717615293870696
  0
LWPOLYLINE
  5
3E6
330
17
100
AcDbEntity
  8
VISTA
100
AcDbPolyline
 90
41
 70
1
 10
141.73094365197312
 20
-2.3217615293870697
 10
141.730831
 20
-2.321895
 10
141.73019222544082
 20
-2.3238974160369437
 10
141.73
 20
-2.3245
 10
141.73
 20
-2.9017800167926113
 10
141.73
 20
-3.0755
 10
141.7306387745592
 20
-3.0775024160369435
 10
141.730831
 20
-3.078105
 10
141.73120534802686
 20
-3.07854852938707
 10
141.731318
 20
-3.078682
 10
141.7317615293871
 20
-3.0790563480268682
 10
141.731895
 20
-3.079169
 10
141.73389818471873
 20
-3.079807774559194
 10
141.734501
 20
-3.08
 10
141.77370300209907
 20
-3.08
 10
141.7855
 20
-3.08
 10
141.78750241603694
 20
-3.079361225440806
 10
141.788105
 20
-3.079169
 10
141.78854929806886
 20
-3.0787946519731317
 10
141.788683
 20
-3.078682
 10
141.7887954206549
 20
-3.07854852938707
 10
141.78916900000002
 20
-3.078105
 10
141.78936145675902
 20
-3.0775024160369435
 10
141.790001
 20
-3.0755
 10
141.790001
 20
-2.9017800167926113
 10
141.790001
 20
-2.3245
 10
141.78980854324098
 20
-2.3238974160369437
 10
141.78916900000002
 20
-2.321895
 10
141.7890565793451
 20
-2.3217615293870697
 10
141.788683
 20
-2.321318
 10
141.78854929806886
 20
-2.321205348026868
 10
141.788105
 20
-2.320831
 10
141.78750241603694
 20
-2.320638774559194
 10
141.7855
 20
-2.32
 10
141.77370300209907
 20
-2.32
 10
141.734501
 20
-2.32
 10
141.73389818471873
 20
-2.320192225440806
 10
141.731895
 20
-2.320831
 10
141.7317615293871
 20
-2.320943651973132
 10
141.731318
 20
-2.321318
 10
141.73094365197312
 20
-2.3217615293870697
  0
LWPOLYLINE
  5
3E7
330
17
100
AcDbEntity
  8
VISTA
100
AcDbPolyline
 90
41
 70
1
 10
141.73094365197312
 20
-3.67176152938707
 10
141.730831
 20
-3.671895
 10
141.73019222544082
 20
-3.6738974160369438
 10
141.73
 20
-3.6745
 10
141.73
 20
-4.251780016792612
 10
141.73
 20
-4.4255
 10
141.7306387745592
 20
-4.427502416036944
 10
141.730831
 20
-4.428105
 10
141.73120534802686
 20
-4.42854852938707
 10
141.731318
 20
-4.428682
 10
141.7317615293871
 20
-4.429057116708648
 10
141.731895
 20
-4.42917
 10
141.73389818471873
 20
-4.429808005877414
 10
141.734501
 20
-4.43
 10
141.77370300209907
 20
-4.43
 10
141.7855
 20
-4.43
 10
141.78750241603694
 20
-4.429361994122586
 10
141.788105
 20
-4.42917
 10
141.78854929806886
 20
-4.428794883291352
 10
141.788683
 20
-4.428682
 10
141.7887954206549
 20
-4.42854852938707
 10
141.78916900000002
 20
-4.428105
 10
141.78936145675902
 20
-4.427502416036944
 10
141.790001
 20
-4.4255
 10
141.790001
 20
-4.251780016792612
 10
141.790001
 20
-3.6745
 10
141.78980854324098
 20
-3.6738974160369438
 10
141.78916900000002
 20
-3.671895
 10
141.7890565793451
 20
-3.67176152938707
 10
141.788683
 20
-3.671318
 10
141.78854929806886
 20
-3.6712053480268683
 10
141.788105
 20
-3.670831
 10
141.78750241603694
 20
-3.670638774559194
 10
141.7855
 20
-3.67
 10
141.77370300209907
 20
-3.67
 10
141.734501
 20
-3.67
 10
141.73389818471873
 20
-3.670192225440806
 10
141.731895
 20
-3.670831
 10
141.7317615293871
 20
-3.6709436519731318
 10
141.731318
 20
-3.671318
 10
141.73094365197312
 20
-3.67176152938707
  0
LWPOLYLINE
  5
3E8
330
17
100
AcDbEntity
  8
VISTA
100
AcDbPolyline
 90
5
 70
1
 10
137.549
 20
-2.515
 10
137.549
 20
-3.485
 10
137.556999
 20
-3.485
 10
137.556999
 20
-2.515
 10
137.549
 20
-2.515
  0
LWPOLYLINE
  5
3E9
330
17
100
AcDbEntity
  8
VISTA
100
AcDbPolyline
 90
5
 70
1
 10
137.556499
 20
-2.5575
 10
137.556499
 20
-2.5625
 10
137.563499
 20
-2.5625
 10
137.563499
 20
-2.5575
 10
137.556499
 20
-2.5575
  0
LWPOLYLINE
  5
3EA
330
17
100
AcDbEntity
  8
VISTA
100
AcDbPolyline
 90
5
 70
1
 10
137.556499
 20
-2.5835
 10
137.556499
 20
-2.5885
 10
137.563499
 20
-2.5885
 10
137.563499
 20
-2.5835
 10
137.556499
 20
-2.5835
  0
LWPOLYLINE
  5
3EB
330
17
100
AcDbEntity
  8
VISTA
100
AcDbPolyline
 90
5
 70
1
 10
137.556499
 20
-2.6095
 10
137.556499
 20
-2.6145
 10
137.563499
 20
-2.6145
 10
137.563499
 20
-2.6095
 10
137.556499
 20
-2.6095
  0
LWPOLYLINE
  5
3EC
330
17
100
AcDbEntity
  8
VISTA
100
AcDbPolyline
 90
5
 70
1
 10
137.556499
 20
-2.6355
 10
137.556499
 20
-2.6405
 10
137.563499
 20
-2.6405
 10
137.563499
 20
-2.6355
 10
137.556499
 20
-2.6355
  0
LWPOLYLINE
  5
3ED
330
17
100
AcDbEntity
  8
VISTA
100
AcDbPolyline
 90
5
 70
1
 10
137.556499
 20
-2.6615
 10
137.556499
 20
-2.6665
 10
137.563499
 20
-2.6665
 10
137.563499
 20
-2.6615
 10
137.556499
 20
-2.6615
  0
LWPOLYLINE
  5
3EE
330
17
100
AcDbEntity
  8
VISTA
100
AcDbPolyline
 90
5
 70
1
 10
137.556499
 20
-2.6875
 10
137.556499
 20
-2.6925
 10
137.563499
 20
-2.6925
 10
137.563499
 20
-2.6875
 10
137.556499
 20
-2.6875
  0
LWPOLYLINE
  5
3EF
330
17
100
AcDbEntity
  8
VISTA
100
AcDbPolyline
 90
5
 70
1
 10
137.556499
 20
-2.7135
 10
137.556499
 20
-2.7185
 10
137.563499
 20
-2.7185
 10
137.563499
 20
-2.7135
 10
137.556499
 20
-2.7135
  0
LWPOLYLINE
  5
3F0
330
17
100
AcDbEntity
  8
VISTA
100
AcDbPolyline
 90
5
 70
1
 10
137.556499
 20
-2.7395
 10
137.556499
 20
-2.7445
 10
137.563499
 20
-2.7445
 10
137.563499
 20
-2.7395
 10
137.556499
 20
-2.7395
  0
LWPOLYLINE
  5
3F1
330
17
100
AcDbEntity
  8
VISTA
100
AcDbPolyline
 90
5
 70
1
 10
137.556499
 20
-2.7655
 10
137.556499
 20
-2.7705
 10
137.563499
 20
-2.7705
 10
137.563499
 20
-2.7655
 10
137.556499
 20
-2.7655
  0
LWPOLYLINE
  5
3F2
330
17
100
AcDbEntity
  8
VISTA
100
AcDbPolyline
 90
5
 70
1
 10
137.556499
 20
-2.7915
 10
137.556499
 20
-2.7965
 10
137.563499
 20
-2.7965
 10
137.563499
 20
-2.7915
 10
137.556499
 20
-2.7915
  0
LWPOLYLINE
  5
3F3
330
17
100
AcDbEntity
  8
VISTA
100
AcDbPolyline
 90
5
 70
1
 10
137.556499
 20
-2.8175
 10
137.556499
 20
-2.8225
 10
137.563499
 20
-2.8225
 10
137.563499
 20
-2.8175
 10
137.556499
 20
-2.8175
  0
LWPOLYLINE
  5
3F4
330
17
100
AcDbEntity
  8
VISTA
100
AcDbPolyline
 90
5
 70
1
 10
137.556499
 20
-2.8435
 10
137.556499
 20
-2.8485
 10
137.563499
 20
-2.8485
 10
137.563499
 20
-2.8435
 10
137.556499
 20
-2.8435
  0
LWPOLYLINE
  5
3F5
330
17
100
AcDbEntity
  8
VISTA
100
AcDbPolyline
 90
5
 70
1
 10
137.556499
 20
-2.8695
 10
137.556499
 20
-2.8745
 10
137.563499
 20
-2.8745
 10
137.563499
 20
-2.8695
 10
137.556499
 20
-2.8695
  0
LWPOLYLINE
  5
3F6
330
17
100
AcDbEntity
  8
VISTA
100
AcDbPolyline
 90
5
 70
1
 10
137.556499
 20
-2.8955
 10
137.556499
 20
-2.9005
 10
137.563499
 20
-2.9005
 10
137.563499
 20
-2.8955
 10
137.556499
 20
-2.8955
  0
LWPOLYLINE
  5
3F7
330
17
100
AcDbEntity
  8
VISTA
100
AcDbPolyline
 90
5
 70
1
 10
137.556499
 20
-2.9215
 10
137.556499
 20
-2.9265
 10
137.563499
 20
-2.9265
 10
137.563499
 20
-2.9215
 10
137.556499
 20
-2.9215
  0
LWPOLYLINE
  5
3F8
330
17
100
AcDbEntity
  8
VISTA
100
AcDbPolyline
 90
5
 70
1
 10
137.556499
 20
-2.9475
 10
137.556499
 20
-2.9525
 10
137.563499
 20
-2.9525
 10
137.563499
 20
-2.9475
 10
137.556499
 20
-2.9475
  0
LWPOLYLINE
  5
3F9
330
17
100
AcDbEntity
  8
VISTA
100
AcDbPolyline
 90
5
 70
1
 10
137.556499
 20
-2.9735
 10
137.556499
 20
-2.9785
 10
137.563499
 20
-2.9785
 10
137.563499
 20
-2.9735
 10
137.556499
 20
-2.9735
  0
LWPOLYLINE
  5
3FA
330
17
100
AcDbEntity
  8
VISTA
100
AcDbPolyline
 90
5
 70
1
 10
137.556499
 20
-2.9995
 10
137.556499
 20
-3.0045
 10
137.563499
 20
-3.0045
 10
137.563499
 20
-2.9995
 10
137.556499
 20
-2.9995
  0
LWPOLYLINE
  5
3FB
330
17
100
AcDbEntity
  8
VISTA
100
AcDbPolyline
 90
5
 70
1
 10
137.556499
 20
-3.0255
 10
137.556499
 20
-3.0305
 10
137.563499
 20
-3.0305
 10
137.563499
 20
-3.0255
 10
137.556499
 20
-3.0255
  0
LWPOLYLINE
  5
3FC
330
17
100
AcDbEntity
  8
VISTA
100
AcDbPolyline
 90
5
 70
1
 10
137.556499
 20
-3.0515
 10
137.556499
 20
-3.0565
 10
137.563499
 20
-3.0565
 10
137.563499
 20
-3.0515
 10
137.556499
 20
-3.0515
  0
LWPOLYLINE
  5
3FD
330
17
100
AcDbEntity
  8
VISTA
100
AcDbPolyline
 90
5
 70
1
 10
137.556499
 20
-3.0775
 10
137.556499
 20
-3.0825
 10
137.563499
 20
-3.0825
 10
137.563499
 20
-3.0775
 10
137.556499
 20
-3.0775
  0
LWPOLYLINE
  5
3FE
330
17
100
AcDbEntity
  8
VISTA
100
AcDbPolyline
 90
5
 70
1
 10
137.556499
 20
-3.1035
 10
137.556499
 20
-3.1085
 10
137.563499
 20
-3.1085
 10
137.563499
 20
-3.1035
 10
137.556499
 20
-3.1035
  0
LWPOLYLINE
  5
3FF
330
17
100
AcDbEntity
  8
VISTA
100
AcDbPolyline
 90
5
 70
1
 10
137.556499
 20
-3.1295
 10
137.556499
 20
-3.1345
 10
137.563499
 20
-3.1345
 10
137.563499
 20
-3.1295
 10
137.556499
 20
-3.1295
  0
LWPOLYLINE
  5
400
330
17
100
AcDbEntity
  8
VISTA
100
AcDbPolyline
 90
5
 70
1
 10
137.556499
 20
-3.1555
 10
137.556499
 20
-3.1605
 10
137.563499
 20
-3.1605
 10
137.563499
 20
-3.1555
 10
137.556499
 20
-3.1555
  0
LWPOLYLINE
  5
401
330
17
100
AcDbEntity
  8
VISTA
100
AcDbPolyline
 90
5
 70
1
 10
137.556499
 20
-3.1815
 10
137.556499
 20
-3.1865
 10
137.563499
 20
-3.1865
 10
137.563499
 20
-3.1815
 10
137.556499
 20
-3.1815
  0
LWPOLYLINE
  5
402
330
17
100
AcDbEntity
  8
VISTA
100
AcDbPolyline
 90
5
 70
1
 10
137.556499
 20
-3.2075
 10
137.556499
 20
-3.2125
 10
137.563499
 20
-3.2125
 10
137.563499
 20
-3.2075
 10
137.556499
 20
-3.2075
  0
LWPOLYLINE
  5
403
330
17
100
AcDbEntity
  8
VISTA
100
AcDbPolyline
 90
5
 70
1
 10
137.556499
 20
-3.2335
 10
137.556499
 20
-3.2385
 10
137.563499
 20
-3.2385
 10
137.563499
 20
-3.2335
 10
137.556499
 20
-3.2335
  0
LWPOLYLINE
  5
404
330
17
100
AcDbEntity
  8
VISTA
100
AcDbPolyline
 90
5
 70
1
 10
137.556499
 20
-3.2595
 10
137.556499
 20
-3.2645
 10
137.563499
 20
-3.2645
 10
137.563499
 20
-3.2595
 10
137.556499
 20
-3.2595
  0
LWPOLYLINE
  5
405
330
17
100
AcDbEntity
  8
VISTA
100
AcDbPolyline
 90
5
 70
1
 10
137.556499
 20
-3.2855
 10
137.556499
 20
-3.2905
 10
137.563499
 20
-3.2905
 10
137.563499
 20
-3.2855
 10
137.556499
 20
-3.2855
  0
LWPOLYLINE
  5
406
330
17
100
AcDbEntity
  8
VISTA
100
AcDbPolyline
 90
5
 70
1
 10
137.556499
 20
-3.3115
 10
137.556499
 20
-3.3165
 10
137.563499
 20
-3.3165
 10
137.563499
 20
-3.3115
 10
137.556499
 20
-3.3115
  0
LWPOLYLINE
  5
407
330
17
100
AcDbEntity
  8
VISTA
100
AcDbPolyline
 90
5
 70
1
 10
137.556499
 20
-3.3375
 10
137.556499
 20
-3.3425
 10
137.563499
 20
-3.3425
 10
137.563499
 20
-3.3375
 10
137.556499
 20
-3.3375
  0
LWPOLYLINE
  5
408
330
17
100
AcDbEntity
  8
VISTA
100
AcDbPolyline
 90
5
 70
1
 10
137.556499
 20
-3.3635
 10
137.556499
 20
-3.3685
 10
137.563499
 20
-3.3685
 10
137.563499
 20
-3.3635
 10
137.556499
 20
-3.3635
  0
LWPOLYLINE
  5
409
330
17
100
AcDbEntity
  8
VISTA
100
AcDbPolyline
 90
5
 70
1
 10
137.556499
 20
-3.3895
 10
137.556499
 20
-3.3945
 10
137.563499
 20
-3.3945
 10
137.563499
 20
-3.3895
 10
137.556499
 20
-3.3895
  0
LWPOLYLINE
  5
40A
330
17
100
AcDbEntity
  8
VISTA
100
AcDbPolyline
 90
5
 70
1
 10
137.556499
 20
-3.4155
 10
137.556499
 20
-3.4205
 10
137.563499
 20
-3.4205
 10
137.563499
 20
-3.4155
 10
137.556499
 20
-3.4155
  0
LWPOLYLINE
  5
40B
330
17
100
AcDbEntity
  8
VISTA
100
AcDbPolyline
 90
17
 70
1
 10
135.7
 20
-1.018
 10
135.706888
 20
-1.01663
 10
135.712728
 20
-1.012728
 10
135.71663
 20
-1.006888
 10
135.717999
 20
-1.0
 10
135.71663
 20
-0.993112
 10
135.712728
 20
-0.987272
 10
135.706888
 20
-0.98337
 10
135.7
 20
-0.982
 10
135.693111
 20
-0.98337
 10
135.687272
 20
-0.987272
 10
135.68337
 20
-0.993112
 10
135.682
 20
-1.0
 10
135.68337
 20
-1.006888
 10
135.687272
 20
-1.012728
 10
135.693111
 20
-1.01663
 10
135.7
 20
-1.018
  0
LWPOLYLINE
  5
40C
330
17
100
AcDbEntity
  8
VISTA
100
AcDbPolyline
 90
13
 70
1
 10
141.575586
 20
-0.734586
 10
141.575001
 20
-0.736
 10
141.575001
 20
-0.784
 10
141.575586
 20
-0.785414
 10
141.577002
 20
-0.786
 10
141.608
 20
-0.786
 10
141.609415
 20
-0.785414
 10
141.610001
 20
-0.784
 10
141.610001
 20
-0.736
 10
141.609415
 20
-0.734586
 10
141.608
 20
-0.734
 10
141.577002
 20
-0.734
 10
141.575586
 20
-0.734586
  0
LWPOLYLINE
  5
40D
330
17
100
AcDbEntity
  8
VISTA
100
AcDbPolyline
 90
13
 70
1
 10
141.552586
 20
-0.818586
 10
141.552
 20
-0.82
 10
141.552
 20
-0.868
 10
141.552586
 20
-0.869414
 10
141.553999
 20
-0.87
 10
141.608
 20
-0.87
 10
141.609413
 20
-0.869414
 10
141.609999
 20
-0.868
 10
141.609999
 20
-0.82
 10
141.609413
 20
-0.818586
 10
141.608
 20
-0.818
 10
141.553999
 20
-0.818
 10
141.552586
 20
-0.818586
  0
LWPOLYLINE
  5
40E
330
17
100
AcDbEntity
  8
VISTA
100
AcDbPolyline
 90
13
 70
1
 10
141.500586
 20
-0.902586
 10
141.5
 20
-0.904
 10
141.5
 20
-0.952
 10
141.500586
 20
-0.953414
 10
141.502001
 20
-0.954
 10
141.608
 20
-0.954
 10
141.609415
 20
-0.953414
 10
141.610001
 20
-0.952
 10
141.610001
 20
-0.904
 10
141.609415
 20
-0.902586
 10
141.608
 20
-0.902
 10
141.502001
 20
-0.902
 10
141.500586
 20
-0.902586
  0
LWPOLYLINE
  5
40F
330
17
100
AcDbEntity
  8
VISTA
100
AcDbPolyline
 90
13
 70
1
 10
141.565586
 20
-0.986586
 10
141.565001
 20
-0.988
 10
141.565001
 20
-1.036
 10
141.565586
 20
-1.037414
 10
141.566999
 20
-1.038
 10
141.608
 20
-1.038
 10
141.609413
 20
-1.037414
 10
141.609999
 20
-1.036
 10
141.609999
 20
-0.988
 10
141.609413
 20
-0.986586
 10
141.608
 20
-0.986
 10
141.566999
 20
-0.986
 10
141.565586
 20
-0.986586
  0
LWPOLYLINE
  5
410
330
17
100
AcDbEntity
  8
VISTA
100
AcDbPolyline
 90
13
 70
1
 10
141.525585
 20
-1.070586
 10
141.525
 20
-1.072
 10
141.525
 20
-1.12
 10
141.525585
 20
-1.121414
 10
141.526999
 20
-1.122
 10
141.608
 20
-1.122
 10
141.609413
 20
-1.121414
 10
141.609999
 20
-1.12
 10
141.609999
 20
-1.072
 10
141.609413
 20
-1.070586
 10
141.608
 20
-1.07
 10
141.526999
 20
-1.07
 10
141.525585
 20
-1.070586
  0
LWPOLYLINE
  5
411
330
17
100
AcDbEntity
  8
VISTA
100
AcDbPolyline
 90
13
 70
1
 10
141.485586
 20
-1.154586
 10
141.485001
 20
-1.156
 10
141.485001
 20
-1.204
 10
141.485586
 20
-1.205414
 10
141.487001
 20
-1.206
 10
141.608
 20
-1.206
 10
141.609415
 20
-1.205414
 10
141.610001
 20
-1.204
 10
141.610001
 20
-1.156
 10
141.609415
 20
-1.154586
 10
141.608
 20
-1.154
 10
141.487001
 20
-1.154
 10
141.485586
 20
-1.154586
  0
LWPOLYLINE
  5
412
330
17
100
AcDbEntity
  8
VISTA
100
AcDbPolyline
 90
13
 70
1
 10
141.540586
 20
-1.238586
 10
141.540001
 20
-1.24
 10
141.540001
 20
-1.288
 10
141.540586
 20
-1.289414
 10
141.542
 20
-1.29
 10
141.608002
 20
-1.29
 10
141.609415
 20
-1.289414
 10
141.610001
 20
-1.288
 10
141.610001
 20
-1.24
 10
141.609415
 20
-1.238586
 10
141.608002
 20
-1.238
 10
141.542
 20
-1.238
 10
141.540586
 20
-1.238586
  0
LWPOLYLINE
  5
413
330
17
100
AcDbEntity
  8
VISTA
100
AcDbPolyline
 90
13
 70
1
 10
141.582586
 20
-1.322586
 10
141.582001
 20
-1.324
 10
141.582001
 20
-1.372
 10
141.582586
 20
-1.373414
 10
141.584002
 20
-1.374
 10
141.608
 20
-1.374
 10
141.609415
 20
-1.373414
 10
141.610001
 20
-1.372
 10
141.610001
 20
-1.324
 10
141.609415
 20
-1.322586
 10
141.608
 20
-1.322
 10
141.584002
 20
-1.322
 10
141.582586
 20
-1.322586
  0
LWPOLYLINE
  5
414
330
17
100
AcDbEntity
  8
VISTA
100
AcDbPolyline
 90
13
 70
1
 10
141.518585
 20
-1.406586
 10
141.518
 20
-1.408
 10
141.518
 20
-1.456
 10
141.518585
 20
-1.457414
 10
141.51999899999998
 20
-1.458
 10
141.608
 20
-1.458
 10
141.609413
 20
-1.457414
 10
141.609999
 20
-1.456
 10
141.609999
 20
-1.408
 10
141.609413
 20
-1.406586
 10
141.608
 20
-1.406
 10
141.51999899999998
 20
-1.406
 10
141.518585
 20
-1.406586
  0
LWPOLYLINE
  5
415
330
17
100
AcDbEntity
  8
VISTA
100
AcDbPolyline
 90
13
 70
1
 10
141.575586
 20
-1.984586
 10
141.575001
 20
-1.986
 10
141.575001
 20
-2.034
 10
141.575586
 20
-2.035414
 10
141.577002
 20
-2.036
 10
141.608
 20
-2.036
 10
141.609415
 20
-2.035414
 10
141.610001
 20
-2.034
 10
141.610001
 20
-1.986
 10
141.609415
 20
-1.984586
 10
141.608
 20
-1.984
 10
141.577002
 20
-1.984
 10
141.575586
 20
-1.984586
  0
LWPOLYLINE
  5
416
330
17
100
AcDbEntity
  8
VISTA
100
AcDbPolyline
 90
13
 70
1
 10
141.552586
 20
-2.068586
 10
141.552
 20
-2.07
 10
141.552
 20
-2.118
 10
141.552586
 20
-2.119414
 10
141.553999
 20
-2.12
 10
141.608
 20
-2.12
 10
141.609413
 20
-2.119414
 10
141.609999
 20
-2.118
 10
141.609999
 20
-2.07
 10
141.609413
 20
-2.068586
 10
141.608
 20
-2.068
 10
141.553999
 20
-2.068
 10
141.552586
 20
-2.068586
  0
LWPOLYLINE
  5
417
330
17
100
AcDbEntity
  8
VISTA
100
AcDbPolyline
 90
13
 70
1
 10
141.500586
 20
-2.152586
 10
141.5
 20
-2.154
 10
141.5
 20
-2.202
 10
141.500586
 20
-2.203414
 10
141.502001
 20
-2.204
 10
141.608
 20
-2.204
 10
141.609415
 20
-2.203414
 10
141.610001
 20
-2.202
 10
141.610001
 20
-2.154
 10
141.609415
 20
-2.152586
 10
141.608
 20
-2.152
 10
141.502001
 20
-2.152
 10
141.500586
 20
-2.152586
  0
LWPOLYLINE
  5
418
330
17
100
AcDbEntity
  8
VISTA
100
AcDbPolyline
 90
13
 70
1
 10
141.565586
 20
-2.236586
 10
141.565001
 20
-2.238
 10
141.565001
 20
-2.286
 10
141.565586
 20
-2.287414
 10
141.566999
 20
-2.288
 10
141.608
 20
-2.288
 10
141.609413
 20
-2.287414
 10
141.609999
 20
-2.286
 10
141.609999
 20
-2.238
 10
141.609413
 20
-2.236586
 10
141.608
 20
-2.236
 10
141.566999
 20
-2.236
 10
141.565586
 20
-2.236586
  0
LWPOLYLINE
  5
419
330
17
100
AcDbEntity
  8
VISTA
100
AcDbPolyline
 90
13
 70
1
 10
141.525585
 20
-2.320586
 10
141.525
 20
-2.322
 10
141.525
 20
-2.37
 10
141.525585
 20
-2.371414
 10
141.526999
 20
-2.372
 10
141.608
 20
-2.372
 10
141.609413
 20
-2.371414
 10
141.609999
 20
-2.37
 10
141.609999
 20
-2.322
 10
141.609413
 20
-2.320586
 10
141.608
 20
-2.32
 10
141.526999
 20
-2.32
 10
141.525585
 20
-2.320586
  0
LWPOLYLINE
  5
41A
330
17
100
AcDbEntity
  8
VISTA
100
AcDbPolyline
 90
13
 70
1
 10
141.485586
 20
-2.404586
 10
141.485001
 20
-2.406
 10
141.485001
 20
-2.454
 10
141.485586
 20
-2.455414
 10
141.487001
 20
-2.456
 10
141.608
 20
-2.456
 10
141.609415
 20
-2.455414
 10
141.610001
 20
-2.454
 10
141.610001
 20
-2.406
 10
141.609415
 20
-2.404586
 10
141.608
 20
-2.404
 10
141.487001
 20
-2.404
 10
141.485586
 20
-2.404586
  0
LWPOLYLINE
  5
41B
330
17
100
AcDbEntity
  8
VISTA
100
AcDbPolyline
 90
13
 70
1
 10
141.540586
 20
-2.488586
 10
141.540001
 20
-2.49
 10
141.540001
 20
-2.538
 10
141.540586
 20
-2.539414
 10
141.542
 20
-2.54
 10
141.608002
 20
-2.54
 10
141.609415
 20
-2.539414
 10
141.610001
 20
-2.538
 10
141.610001
 20
-2.49
 10
141.609415
 20
-2.488586
 10
141.608002
 20
-2.488
 10
141.542
 20
-2.488
 10
141.540586
 20
-2.488586
  0
LWPOLYLINE
  5
41C
330
17
100
AcDbEntity
  8
VISTA
100
AcDbPolyline
 90
13
 70
1
 10
141.582586
 20
-2.572586
 10
141.582001
 20
-2.574
 10
141.582001
 20
-2.622
 10
141.582586
 20
-2.623414
 10
141.584002
 20
-2.624
 10
141.608
 20
-2.624
 10
141.609415
 20
-2.623414
 10
141.610001
 20
-2.622
 10
141.610001
 20
-2.574
 10
141.609415
 20
-2.572586
 10
141.608
 20
-2.572
 10
141.584002
 20
-2.572
 10
141.582586
 20
-2.572586
  0
LWPOLYLINE
  5
41D
330
17
100
AcDbEntity
  8
VISTA
100
AcDbPolyline
 90
13
 70
1
 10
141.518585
 20
-2.656586
 10
141.518
 20
-2.658
 10
141.518
 20
-2.706
 10
141.518585
 20
-2.707414
 10
141.51999899999998
 20
-2.708
 10
141.608
 20
-2.708
 10
141.609413
 20
-2.707414
 10
141.609999
 20
-2.706
 10
141.609999
 20
-2.658
 10
141.609413
 20
-2.656586
 10
141.608
 20
-2.656
 10
141.51999899999998
 20
-2.656
 10
141.518585
 20
-2.656586
  0
LWPOLYLINE
  5
41E
330
17
100
AcDbEntity
  8
VISTA
100
AcDbPolyline
 90
13
 70
1
 10
141.575586
 20
-3.234586
 10
141.575001
 20
-3.236
 10
141.575001
 20
-3.284
 10
141.575586
 20
-3.285414
 10
141.577002
 20
-3.286
 10
141.608
 20
-3.286
 10
141.609415
 20
-3.285414
 10
141.610001
 20
-3.284
 10
141.610001
 20
-3.236
 10
141.609415
 20
-3.234586
 10
141.608
 20
-3.234
 10
141.577002
 20
-3.234
 10
141.575586
 20
-3.234586
  0
LWPOLYLINE
  5
41F
330
17
100
AcDbEntity
  8
VISTA
100
AcDbPolyline
 90
13
 70
1
 10
141.552586
 20
-3.318586
 10
141.552
 20
-3.32
 10
141.552
 20
-3.368
 10
141.552586
 20
-3.369414
 10
141.553999
 20
-3.37
 10
141.608
 20
-3.37
 10
141.609413
 20
-3.369414
 10
141.609999
 20
-3.368
 10
141.609999
 20
-3.32
 10
141.609413
 20
-3.318586
 10
141.608
 20
-3.318
 10
141.553999
 20
-3.318
 10
141.552586
 20
-3.318586
  0
LWPOLYLINE
  5
420
330
17
100
AcDbEntity
  8
VISTA
100
AcDbPolyline
 90
13
 70
1
 10
141.500586
 20
-3.402586
 10
141.5
 20
-3.404
 10
141.5
 20
-3.452
 10
141.500586
 20
-3.453414
 10
141.502001
 20
-3.454
 10
141.608
 20
-3.454
 10
141.609415
 20
-3.453414
 10
141.610001
 20
-3.452
 10
141.610001
 20
-3.404
 10
141.609415
 20
-3.402586
 10
141.608
 20
-3.402
 10
141.502001
 20
-3.402
 10
141.500586
 20
-3.402586
  0
LWPOLYLINE
  5
421
330
17
100
AcDbEntity
  8
VISTA
100
AcDbPolyline
 90
13
 70
1
 10
141.565586
 20
-3.486586
 10
141.565001
 20
-3.488
 10
141.565001
 20
-3.536
 10
141.565586
 20
-3.537414
 10
141.566999
 20
-3.538
 10
141.608
 20
-3.538
 10
141.609413
 20
-3.537414
 10
141.609999
 20
-3.536
 10
141.609999
 20
-3.488
 10
141.609413
 20
-3.486586
 10
141.608
 20
-3.486
 10
141.566999
 20
-3.486
 10
141.565586
 20
-3.486586
  0
LWPOLYLINE
  5
422
330
17
100
AcDbEntity
  8
VISTA
100
AcDbPolyline
 90
13
 70
1
 10
141.525585
 20
-3.570586
 10
141.525
 20
-3.572
 10
141.525
 20
-3.62
 10
141.525585
 20
-3.621414
 10
141.526999
 20
-3.622
 10
141.608
 20
-3.622
 10
141.609413
 20
-3.621414
 10
141.609999
 20
-3.62
 10
141.609999
 20
-3.572
 10
141.609413
 20
-3.570586
 10
141.608
 20
-3.57
 10
141.526999
 20
-3.57
 10
141.525585
 20
-3.570586
  0
LWPOLYLINE
  5
423
330
17
100
AcDbEntity
  8
VISTA
100
AcDbPolyline
 90
13
 70
1
 10
141.485586
 20
-3.654586
 10
141.485001
 20
-3.656
 10
141.485001
 20
-3.704
 10
141.485586
 20
-3.705414
 10
141.487001
 20
-3.706
 10
141.608
 20
-3.706
 10
141.609415
 20
-3.705414
 10
141.610001
 20
-3.704
 10
141.610001
 20
-3.656
 10
141.609415
 20
-3.654586
 10
141.608
 20
-3.654
 10
141.487001
 20
-3.654
 10
141.485586
 20
-3.654586
  0
LWPOLYLINE
  5
424
330
17
100
AcDbEntity
  8
VISTA
100
AcDbPolyline
 90
13
 70
1
 10
141.540586
 20
-3.738586
 10
141.540001
 20
-3.74
 10
141.540001
 20
-3.788
 10
141.540586
 20
-3.789414
 10
141.542
 20
-3.79
 10
141.608002
 20
-3.79
 10
141.609415
 20
-3.789414
 10
141.610001
 20
-3.788
 10
141.610001
 20
-3.74
 10
141.609415
 20
-3.738586
 10
141.608002
 20
-3.738
 10
141.542
 20
-3.738
 10
141.540586
 20
-3.738586
  0
LWPOLYLINE
  5
425
330
17
100
AcDbEntity
  8
VISTA
100
AcDbPolyline
 90
13
 70
1
 10
141.582586
 20
-3.822586
 10
141.582001
 20
-3.824
 10
141.582001
 20
-3.872
 10
141.582586
 20
-3.873414
 10
141.584002
 20
-3.874
 10
141.608
 20
-3.874
 10
141.609415
 20
-3.873414
 10
141.610001
 20
-3.872
 10
141.610001
 20
-3.824
 10
141.609415
 20
-3.822586
 10
141.608
 20
-3.822
 10
141.584002
 20
-3.822
 10
141.582586
 20
-3.822586
  0
LWPOLYLINE
  5
426
330
17
100
AcDbEntity
  8
VISTA
100
AcDbPolyline
 90
13
 70
1
 10
141.518585
 20
-3.906586
 10
141.518
 20
-3.908
 10
141.518
 20
-3.956
 10
141.518585
 20
-3.957414
 10
141.51999899999998
 20
-3.958
 10
141.608
 20
-3.958
 10
141.609413
 20
-3.957414
 10
141.609999
 20
-3.956
 10
141.609999
 20
-3.908
 10
141.609413
 20
-3.906586
 10
141.608
 20
-3.906
 10
141.51999899999998
 20
-3.906
 10
141.518585
 20
-3.906586
  0
LWPOLYLINE
  5
427
330
17
100
AcDbEntity
  8
CORTE
100
AcDbPolyline
 90
25
 70
1
 10
137.425341
 20
-2.982613
 10
137.421
 20
-2.984411
 10
137.417273
 20
-2.987272
 10
137.414412
 20
-2.991
 10
137.412613
 20
-2.995341
 10
137.412001
 20
-3.0
 10
137.412613
 20
-3.004659
 10
137.414412
 20
-3.009
 10
137.417273
 20
-3.012728
 10
137.421
 20
-3.015589
 10
137.425341
 20
-3.017387
 10
137.43
 20
-3.018
 10
137.43466
 20
-3.017387
 10
137.439001
 20
-3.015589
 10
137.442728
 20
-3.012728
 10
137.44558899999998
 20
-3.009
 10
137.447388
 20
-3.004659
 10
137.448
 20
-3.0
 10
137.447388
 20
-2.995341
 10
137.44558899999998
 20
-2.991
 10
137.442728
 20
-2.987272
 10
137.439001
 20
-2.984411
 10
137.43466
 20
-2.982613
 10
137.43
 20
-2.982
 10
137.425341
 20
-2.982613
  0
LWPOLYLINE
  5
428
330
17
100
AcDbEntity
  8
VISTA
100
AcDbPolyline
 90
5
 70
1
 10
137.43
 20
-3.0097674049438203
 10
137.495001
 20
-3.0097674049438203
 10
137.495001
 20
-2.9902325950561797
 10
137.43
 20
-2.9902325950561797
 10
137.43
 20
-3.0097674049438203
  0
LWPOLYLINE
  5
429
330
17
100
AcDbEntity
  8
VISTA
100
AcDbPolyline
 90
13
 70
1
 10
134.27
 20
-5.686
 10
134.27
 20
-5.749
 10
134.270293
 20
-5.749707
 10
134.27100000000002
 20
-5.75
 10
135.124001
 20
-5.75
 10
135.124707
 20
-5.749707
 10
135.125
 20
-5.749
 10
135.125
 20
-5.686
 10
135.124707
 20
-5.685293
 10
135.124001
 20
-5.685
 10
134.27100000000002
 20
-5.685
 10
134.270293
 20
-5.685293
 10
134.27
 20
-5.686
  0
LWPOLYLINE
  5
42A
330
17
100
AcDbEntity
  8
VISTA
100
AcDbPolyline
 90
13
 70
1
 10
134.000999
 20
-4.88
 10
134.264
 20
-4.88
 10
134.264707
 20
-4.879707
 10
134.264999
 20
-4.879
 10
134.264999
 20
-4.851
 10
134.264707
 20
-4.850293
 10
134.264
 20
-4.85
 10
134.000999
 20
-4.85
 10
134.000293
 20
-4.850293
 10
134.0
 20
-4.851
 10
134.0
 20
-4.879
 10
134.000293
 20
-4.879707
 10
134.000999
 20
-4.88
  0
LWPOLYLINE
  5
42B
330
17
100
AcDbEntity
  8
VISTA
100
AcDbPolyline
 90
13
 70
1
 10
134.001
 20
-5.75
 10
134.189
 20
-5.75
 10
134.189708
 20
-5.749707
 10
134.190001
 20
-5.749
 10
134.190001
 20
-5.721
 10
134.189708
 20
-5.720293
 10
134.189
 20
-5.72
 10
134.001
 20
-5.72
 10
134.000293
 20
-5.720293
 10
134.0
 20
-5.721
 10
134.0
 20
-5.749
 10
134.000293
 20
-5.749707
 10
134.001
 20
-5.75
  0
LWPOLYLINE
  5
42C
330
17
100
AcDbEntity
  8
VISTA
100
AcDbPolyline
 90
13
 70
1
 10
134.191
 20
-5.78
 10
134.264
 20
-5.78
 10
134.264707
 20
-5.779707
 10
134.265
 20
-5.779
 10
134.265
 20
-5.746
 10
134.264707
 20
-5.745293
 10
134.264
 20
-5.745
 10
134.191
 20
-5.745
 10
134.190293
 20
-5.745293
 10
134.19
 20
-5.746
 10
134.19
 20
-5.779
 10
134.190293
 20
-5.779707
 10
134.191
 20
-5.78
  0
LWPOLYLINE
  5
42D
330
17
100
AcDbEntity
  8
VISTA
100
AcDbPolyline
 90
13
 70
1
 10
134.173
 20
-4.905
 10
134.188
 20
-4.905
 10
134.188707
 20
-4.904707
 10
134.189
 20
-4.904
 10
134.189
 20
-4.881
 10
134.188707
 20
-4.880293
 10
134.188
 20
-4.88
 10
134.173
 20
-4.88
 10
134.172293
 20
-4.880293
 10
134.172
 20
-4.881
 10
134.172
 20
-4.904
 10
134.172293
 20
-4.904707
 10
134.173
 20
-4.905
  0
LWPOLYLINE
  5
42E
330
17
100
AcDbEntity
  8
VISTA
100
AcDbPolyline
 90
13
 70
1
 10
134.189501
 20
-4.905
 10
134.1945
 20
-4.905
 10
134.194854
 20
-4.904853
 10
134.195001
 20
-4.9045
 10
134.195001
 20
-4.8805
 10
134.194854
 20
-4.880147
 10
134.1945
 20
-4.88
 10
134.189501
 20
-4.88
 10
134.189147
 20
-4.880147
 10
134.189
 20
-4.8805
 10
134.189
 20
-4.9045
 10
134.189147
 20
-4.904853
 10
134.189501
 20
-4.905
  0
LWPOLYLINE
  5
42F
330
17
100
AcDbEntity
  8
VISTA
100
AcDbPolyline
 90
13
 70
1
 10
134.173
 20
-5.74
 10
134.188
 20
-5.74
 10
134.188707
 20
-5.739707
 10
134.189
 20
-5.739
 10
134.189
 20
-5.717
 10
134.188707
 20
-5.716293
 10
134.188
 20
-5.716
 10
134.173
 20
-5.716
 10
134.172293
 20
-5.716293
 10
134.172
 20
-5.717
 10
134.172
 20
-5.739
 10
134.172293
 20
-5.739707
 10
134.173
 20
-5.74
  0
LWPOLYLINE
  5
430
330
17
100
AcDbEntity
  8
VISTA
100
AcDbPolyline
 90
13
 70
1
 10
134.189501
 20
-5.74
 10
134.1945
 20
-5.74
 10
134.194854
 20
-5.739854
 10
134.195001
 20
-5.7395
 10
134.195001
 20
-5.7165
 10
134.194854
 20
-5.716146
 10
134.1945
 20
-5.716
 10
134.189501
 20
-5.716
 10
134.189147
 20
-5.716146
 10
134.189
 20
-5.7165
 10
134.189
 20
-5.7395
 10
134.189147
 20
-5.739854
 10
134.189501
 20
-5.74
  0
LWPOLYLINE
  5
431
330
17
100
AcDbEntity
  8
VISTA
100
AcDbPolyline
 90
13
 70
1
 10
140.451
 20
-1.245
 10
141.109001
 20
-1.245
 10
141.10970700000001
 20
-1.244707
 10
141.110001
 20
-1.244
 10
141.110001
 20
-1.241
 10
141.10970700000001
 20
-1.240293
 10
141.109001
 20
-1.24
 10
140.451
 20
-1.24
 10
140.45029399999999
 20
-1.240293
 10
140.450001
 20
-1.241
 10
140.450001
 20
-1.244
 10
140.45029399999999
 20
-1.244707
 10
140.451
 20
-1.245
  0
LWPOLYLINE
  5
432
330
17
100
AcDbEntity
  8
VISTA
100
AcDbPolyline
 90
13
 70
1
 10
140.451
 20
-1.86
 10
141.109001
 20
-1.86
 10
141.10970700000001
 20
-1.859707
 10
141.110001
 20
-1.859
 10
141.110001
 20
-1.856
 10
141.10970700000001
 20
-1.855293
 10
141.109001
 20
-1.855
 10
140.451
 20
-1.855
 10
140.45029399999999
 20
-1.855293
 10
140.450001
 20
-1.856
 10
140.450001
 20
-1.859
 10
140.45029399999999
 20
-1.859707
 10
140.451
 20
-1.86
  0
LWPOLYLINE
  5
433
330
17
100
AcDbEntity
  8
VISTA
100
AcDbPolyline
 90
13
 70
1
 10
141.106001
 20
-1.85
 10
141.108999
 20
-1.85
 10
141.1097072033566
 20
-1.8497816446161341
 10
141.110001
 20
-1.849156610116552
 10
141.110001
 20
-1.2508432881973561
 10
141.109709
 20
-1.250249796643402
 10
141.108999
 20
-1.25
 10
141.106001
 20
-1.25
 10
141.1052927966434
 20
-1.250218355383866
 10
141.105
 20
-1.2508432881973561
 10
141.105
 20
-1.849156610116552
 10
141.105291
 20
-1.849750203356598
 10
141.106001
 20
-1.85
  0
LWPOLYLINE
  5
434
330
17
100
AcDbEntity
  8
VISTA
100
AcDbPolyline
 90
13
 70
1
 10
140.472
 20
-1.312
 10
140.490002
 20
-1.312
 10
140.490707
 20
-1.311707
 10
140.491001
 20
-1.311
 10
140.491001
 20
-1.289
 10
140.490707
 20
-1.288293
 10
140.490002
 20
-1.288
 10
140.472
 20
-1.288
 10
140.471294
 20
-1.288293
 10
140.471001
 20
-1.289
 10
140.471001
 20
-1.311
 10
140.471294
 20
-1.311707
 10
140.472
 20
-1.312
  0
LWPOLYLINE
  5
435
330
17
100
AcDbEntity
  8
VISTA
100
AcDbPolyline
 90
13
 70
1
 10
140.472
 20
-1.812
 10
140.490002
 20
-1.812
 10
140.490707
 20
-1.811707
 10
140.491001
 20
-1.811
 10
140.491001
 20
-1.789
 10
140.490707
 20
-1.788293
 10
140.490002
 20
-1.788
 10
140.472
 20
-1.788
 10
140.471294
 20
-1.788293
 10
140.471001
 20
-1.789
 10
140.471001
 20
-1.811
 10
140.471294
 20
-1.811707
 10
140.472
 20
-1.812
  0
LWPOLYLINE
  5
436
330
17
100
AcDbEntity
  8
VISTA
100
AcDbPolyline
 90
41
 70
1
 10
135.57596273544212
 20
-0.23173923903666427
 10
135.575831
 20
-0.231895
 10
135.5752250582315
 20
-0.23379678109273902
 10
135.575001
 20
-0.2345
 10
135.575001
 20
-0.286333572969087
 10
135.575001
 20
-0.3055
 10
135.5756069417685
 20
-0.307401781092739
 10
135.575831
 20
-0.308105
 10
135.57618726455786
 20
-0.30852623903666426
 10
135.576319
 20
-0.308682
 10
135.57673950898635
 20
-0.30903753450754856
 10
135.576895
 20
-0.309169
 10
135.57879678109273
 20
-0.30977567181883536
 10
135.5795
 20
-0.31
 10
136.33948311682244
 20
-0.31
 10
136.620501
 20
-0.31
 10
136.62240278109275
 20
-0.30939332818116466
 10
136.623106
 20
-0.309169
 10
136.62352650898634
 20
-0.3088134654924515
 10
136.623682
 20
-0.308682
 10
136.62381373544213
 20
-0.30852623903666426
 10
136.62417
 20
-0.308105
 10
136.62439405823147
 20
-0.307401781092739
 10
136.625
 20
-0.3055
 10
136.625
 20
-0.286333572969087
 10
136.625
 20
-0.2345
 10
136.62477594176852
 20
-0.23379678109273902
 10
136.62417
 20
-0.231895
 10
136.62403826455787
 20
-0.23173923903666427
 10
136.623682
 20
-0.231318
 10
136.62352650898634
 20
-0.23118653450754853
 10
136.623106
 20
-0.230831
 10
136.62240278109275
 20
-0.23060667181883537
 10
136.620501
 20
-0.23
 10
136.33948311682244
 20
-0.23
 10
135.5795
 20
-0.23
 10
135.57879678109273
 20
-0.23022432818116464
 10
135.576895
 20
-0.230831
 10
135.57673950898635
 20
-0.23096246549245147
 10
135.576319
 20
-0.231318
 10
135.57596273544212
 20
-0.23173923903666427
  0
LWPOLYLINE
  5
437
330
17
100
AcDbEntity
  8
VISTA
100
AcDbPolyline
 90
41
 70
1
 10
137.47596173544213
 20
-0.23173923903666427
 10
137.47583
 20
-0.231895
 10
137.4752240582315
 20
-0.23379678109273902
 10
137.475
 20
-0.2345
 10
137.475
 20
-0.286333572969087
 10
137.475
 20
-0.3055
 10
137.47560594176852
 20
-0.307401781092739
 10
137.47583
 20
-0.308105
 10
137.47618626455787
 20
-0.30852623903666426
 10
137.476318
 20
-0.308682
 10
137.47673850898633
 20
-0.30903753450754856
 10
137.47689400000002
 20
-0.309169
 10
137.47879651114306
 20
-0.30977567181883536
 10
137.4795
 20
-0.31
 10
138.2394823867721
 20
-0.31
 10
138.5205
 20
-0.31
 10
138.52240251114307
 20
-0.30939332818116466
 10
138.52310599999998
 20
-0.309169
 10
138.52352650898635
 20
-0.3088134654924515
 10
138.523682
 20
-0.308682
 10
138.52381373544213
 20
-0.30852623903666426
 10
138.52417
 20
-0.308105
 10
138.52439405823148
 20
-0.307401781092739
 10
138.525
 20
-0.3055
 10
138.525
 20
-0.286333572969087
 10
138.525
 20
-0.2345
 10
138.5247759417685
 20
-0.23379678109273902
 10
138.52417
 20
-0.231895
 10
138.52403826455787
 20
-0.23173923903666427
 10
138.523682
 20
-0.231318
 10
138.52352650898635
 20
-0.23118653450754853
 10
138.52310599999998
 20
-0.230831
 10
138.52240251114307
 20
-0.23060667181883537
 10
138.5205
 20
-0.23
 10
138.2394823867721
 20
-0.23
 10
137.4795
 20
-0.23
 10
137.47879651114306
 20
-0.23022432818116464
 10
137.47689400000002
 20
-0.230831
 10
137.47673850898633
 20
-0.23096246549245147
 10
137.476318
 20
-0.231318
 10
137.47596173544213
 20
-0.23173923903666427
  0
LWPOLYLINE
  5
438
330
17
100
AcDbEntity
  8
VISTA
100
AcDbPolyline
 90
41
 70
1
 10
139.47596173544213
 20
-0.23173923903666427
 10
139.47583
 20
-0.231895
 10
139.4752240582315
 20
-0.23379678109273902
 10
139.475
 20
-0.2345
 10
139.475
 20
-0.286333572969087
 10
139.475
 20
-0.3055
 10
139.47560594176852
 20
-0.307401781092739
 10
139.47583
 20
-0.308105
 10
139.47618626455787
 20
-0.30852623903666426
 10
139.476318
 20
-0.308682
 10
139.47673850898633
 20
-0.30903753450754856
 10
139.47689400000002
 20
-0.309169
 10
139.47879651114306
 20
-0.30977567181883536
 10
139.4795
 20
-0.31
 10
140.2394823867721
 20
-0.31
 10
140.5205
 20
-0.31
 10
140.52240251114307
 20
-0.30939332818116466
 10
140.52310599999998
 20
-0.309169
 10
140.52352650898635
 20
-0.3088134654924515
 10
140.523682
 20
-0.308682
 10
140.52381373544213
 20
-0.30852623903666426
 10
140.52417
 20
-0.308105
 10
140.52439405823148
 20
-0.307401781092739
 10
140.525
 20
-0.3055
 10
140.525
 20
-0.286333572969087
 10
140.525
 20
-0.2345
 10
140.5247759417685
 20
-0.23379678109273902
 10
140.52417
 20
-0.231895
 10
140.52403826455787
 20
-0.23173923903666427
 10
140.523682
 20
-0.231318
 10
140.52352650898635
 20
-0.23118653450754853
 10
140.52310599999998
 20
-0.230831
 10
140.52240251114307
 20
-0.23060667181883537
 10
140.5205
 20
-0.23
 10
140.2394823867721
 20
-0.23
 10
139.4795
 20
-0.23
 10
139.47879651114306
 20
-0.23022432818116464
 10
139.47689400000002
 20
-0.230831
 10
139.47673850898633
 20
-0.23096246549245147
 10
139.476318
 20
-0.231318
 10
139.47596173544213
 20
-0.23173923903666427
  0
LWPOLYLINE
  5
439
330
17
100
AcDbEntity
  8
VISTA
100
AcDbPolyline
 90
41
 70
1
 10
141.6409768108652
 20
-1.126722596579477
 10
141.640831
 20
-1.126895
 10
141.64024759557344
 20
-1.1287216448692152
 10
141.639999
 20
-1.1295
 10
141.639999
 20
-1.9295774647887325
 10
141.639999
 20
-2.2705
 10
141.64058240442657
 20
-2.2723266448692154
 10
141.640831
 20
-2.273105
 10
141.6411731891348
 20
-2.2735095965794767
 10
141.641319
 20
-2.273682
 10
141.64172289537223
 20
-2.2740234879275656
 10
141.641895
 20
-2.274169
 10
141.64372234607646
 20
-2.274751703219316
 10
141.644501
 20
-2.275
 10
141.69428601307848
 20
-2.275
 10
141.7155
 20
-2.275
 10
141.71732664486922
 20
-2.274417296780684
 10
141.718105
 20
-2.274169
 10
141.71850889537222
 20
-2.2738275120724345
 10
141.718681
 20
-2.273682
 10
141.71882710965795
 20
-2.2735095965794767
 10
141.71917
 20
-2.273105
 10
141.71941829678067
 20
-2.2723266448692154
 10
141.720001
 20
-2.2705
 10
141.720001
 20
-1.9295774647887325
 10
141.720001
 20
-1.1295
 10
141.7197527032193
 20
-1.1287216448692152
 10
141.71917
 20
-1.126895
 10
141.71902389034204
 20
-1.126722596579477
 10
141.718681
 20
-1.126318
 10
141.71850889537222
 20
-1.1261724879275654
 10
141.718105
 20
-1.125831
 10
141.71732664486922
 20
-1.125582703219316
 10
141.7155
 20
-1.125
 10
141.69428601307848
 20
-1.125
 10
141.644501
 20
-1.125
 10
141.64372234607646
 20
-1.125248296780684
 10
141.641895
 20
-1.125831
 10
141.64172289537223
 20
-1.1259765120724345
 10
141.641319
 20
-1.126318
 10
141.6409768108652
 20
-1.126722596579477
  0
LWPOLYLINE
  5
43A
330
17
100
AcDbEntity
  8
VISTA
100
AcDbPolyline
 90
41
 70
1
 10
141.6409768108652
 20
-3.626722596579477
 10
141.640831
 20
-3.626895
 10
141.64024759557344
 20
-3.6287216448692154
 10
141.639999
 20
-3.6295
 10
141.639999
 20
-4.429577464788732
 10
141.639999
 20
-4.7705
 10
141.64058240442657
 20
-4.772326644869215
 10
141.640831
 20
-4.773105
 10
141.6411731891348
 20
-4.773509596579477
 10
141.641319
 20
-4.773682
 10
141.64172289537223
 20
-4.774023487927566
 10
141.641895
 20
-4.774169
 10
141.64372234607646
 20
-4.774751703219316
 10
141.644501
 20
-4.775
 10
141.69428601307848
 20
-4.775
 10
141.7155
 20
-4.775
 10
141.71732664486922
 20
-4.774417296780684
 10
141.718105
 20
-4.774169
 10
141.71850889537222
 20
-4.773827512072434
 10
141.718681
 20
-4.773682
 10
141.71882710965795
 20
-4.773509596579477
 10
141.71917
 20
-4.773105
 10
141.71941829678067
 20
-4.772326644869215
 10
141.720001
 20
-4.7705
 10
141.720001
 20
-4.429577464788732
 10
141.720001
 20
-3.6295
 10
141.7197527032193
 20
-3.6287216448692154
 10
141.71917
 20
-3.626895
 10
141.71902389034204
 20
-3.626722596579477
 10
141.718681
 20
-3.626318
 10
141.71850889537222
 20
-3.6261724879275654
 10
141.718105
 20
-3.625831
 10
141.71732664486922
 20
-3.6255827032193157
 10
141.7155
 20
-3.625
 10
141.69428601307848
 20
-3.625
 10
141.644501
 20
-3.625
 10
141.64372234607646
 20
-3.625248296780684
 10
141.641895
 20
-3.625831
 10
141.64172289537223
 20
-3.6259765120724343
 10
141.641319
 20
-3.626318
 10
141.6409768108652
 20
-3.626722596579477
  0
LINE
  5
43B
330
17
100
AcDbEntity
  8
VISTA
100
AcDbLine
 10
134.7
 20
-0.48
 30
0.0
 11
134.69791468292684
 21
-0.4985073780487805
 31
0.0
  0
LINE
  5
43C
330
17
100
AcDbEntity
  8
VISTA
100
AcDbLine
 10
134.69791468292684
 20
-0.4985073780487805
 30
0.0
 11
134.694484
 21
-0.528955
 31
0.0
  0
LINE
  5
43D
330
17
100
AcDbEntity
  8
VISTA
100
AcDbLine
 10
134.694484
 20
-0.528955
 30
0.0
 11
134.6883327682927
 21
-0.5465338902439024
 31
0.0
  0
LINE
  5
43E
330
17
100
AcDbEntity
  8
VISTA
100
AcDbLine
 10
134.6883327682927
 20
-0.5465338902439024
 30
0.0
 11
134.678213
 21
-0.575454
 31
0.0
  0
LINE
  5
43F
330
17
100
AcDbEntity
  8
VISTA
100
AcDbLine
 10
134.678213
 20
-0.575454
 30
0.0
 11
134.66830396341464
 21
-0.5912239268292683
 31
0.0
  0
LINE
  5
440
330
17
100
AcDbEntity
  8
VISTA
100
AcDbLine
 10
134.66830396341464
 20
-0.5912239268292683
 30
0.0
 11
134.652002
 21
-0.617168
 31
0.0
  0
LINE
  5
441
330
17
100
AcDbEntity
  8
VISTA
100
AcDbLine
 10
134.652002
 20
-0.617168
 30
0.0
 11
134.63883267073172
 21
-0.6303373292682927
 31
0.0
  0
LINE
  5
442
330
17
100
AcDbEntity
  8
VISTA
100
AcDbLine
 10
134.63883267073172
 20
-0.6303373292682927
 30
0.0
 11
134.617167
 21
-0.652003
 31
0.0
  0
LINE
  5
443
330
17
100
AcDbEntity
  8
VISTA
100
AcDbLine
 10
134.617167
 20
-0.652003
 30
0.0
 11
134.6013974512195
 21
-0.6619116585365854
 31
0.0
  0
LINE
  5
444
330
17
100
AcDbEntity
  8
VISTA
100
AcDbLine
 10
134.6013974512195
 20
-0.6619116585365854
 30
0.0
 11
134.575454
 21
-0.678213
 31
0.0
  0
LINE
  5
445
330
17
100
AcDbEntity
  8
VISTA
100
AcDbLine
 10
134.575454
 20
-0.678213
 30
0.0
 11
134.5578751097561
 21
-0.6843642317073171
 31
0.0
  0
LINE
  5
446
330
17
100
AcDbEntity
  8
VISTA
100
AcDbLine
 10
134.5578751097561
 20
-0.6843642317073171
 30
0.0
 11
134.528955
 21
-0.694484
 31
0.0
  0
LINE
  5
447
330
17
100
AcDbEntity
  8
VISTA
100
AcDbLine
 10
134.528955
 20
-0.694484
 30
0.0
 11
134.51044762195122
 21
-0.6965693170731707
 31
0.0
  0
LINE
  5
448
330
17
100
AcDbEntity
  8
VISTA
100
AcDbLine
 10
134.51044762195122
 20
-0.6965693170731707
 30
0.0
 11
134.48
 21
-0.7
 31
0.0
  0
LINE
  5
449
330
17
100
AcDbEntity
  8
VISTA
100
AcDbLine
 10
134.48
 20
-0.7
 30
0.0
 11
134.4614926219512
 21
-0.6979146829268292
 31
0.0
  0
LINE
  5
44A
330
17
100
AcDbEntity
  8
VISTA
100
AcDbLine
 10
134.4614926219512
 20
-0.6979146829268292
 30
0.0
 11
134.431045
 21
-0.694484
 31
0.0
  0
LINE
  5
44B
330
17
100
AcDbEntity
  8
VISTA
100
AcDbLine
 10
134.431045
 20
-0.694484
 30
0.0
 11
134.4134657317073
 21
-0.6883327682926829
 31
0.0
  0
LINE
  5
44C
330
17
100
AcDbEntity
  8
VISTA
100
AcDbLine
 10
134.4134657317073
 20
-0.6883327682926829
 30
0.0
 11
134.384545
 21
-0.678213
 31
0.0
  0
LINE
  5
44D
330
17
100
AcDbEntity
  8
VISTA
100
AcDbLine
 10
134.384545
 20
-0.678213
 30
0.0
 11
134.3687754512195
 21
-0.6683043414634146
 31
0.0
  0
LINE
  5
44E
330
17
100
AcDbEntity
  8
VISTA
100
AcDbLine
 10
134.3687754512195
 20
-0.6683043414634146
 30
0.0
 11
134.342832
 21
-0.652003
 31
0.0
  0
LINE
  5
44F
330
17
100
AcDbEntity
  8
VISTA
100
AcDbLine
 10
134.342832
 20
-0.652003
 30
0.0
 11
134.3296626707317
 21
-0.6388336707317074
 31
0.0
  0
LINE
  5
450
330
17
100
AcDbEntity
  8
VISTA
100
AcDbLine
 10
134.3296626707317
 20
-0.6388336707317074
 30
0.0
 11
134.307997
 21
-0.617168
 31
0.0
  0
LINE
  5
451
330
17
100
AcDbEntity
  8
VISTA
100
AcDbLine
 10
134.307997
 20
-0.617168
 30
0.0
 11
134.29808796341464
 21
-0.6013980731707318
 31
0.0
  0
LINE
  5
452
330
17
100
AcDbEntity
  8
VISTA
100
AcDbLine
 10
134.29808796341464
 20
-0.6013980731707318
 30
0.0
 11
134.281786
 21
-0.575454
 31
0.0
  0
LINE
  5
453
330
17
100
AcDbEntity
  8
VISTA
100
AcDbLine
 10
134.281786
 20
-0.575454
 30
0.0
 11
134.2756347682927
 21
-0.5578751097560976
 31
0.0
  0
LINE
  5
454
330
17
100
AcDbEntity
  8
VISTA
100
AcDbLine
 10
134.2756347682927
 20
-0.5578751097560976
 30
0.0
 11
134.265515
 21
-0.528955
 31
0.0
  0
LINE
  5
455
330
17
100
AcDbEntity
  8
VISTA
100
AcDbLine
 10
134.265515
 20
-0.528955
 30
0.0
 11
134.26342968292684
 21
-0.5104476219512195
 31
0.0
  0
LINE
  5
456
330
17
100
AcDbEntity
  8
VISTA
100
AcDbLine
 10
134.26342968292684
 20
-0.5104476219512195
 30
0.0
 11
134.259999
 21
-0.48
 31
0.0
  0
LINE
  5
457
330
17
100
AcDbEntity
  8
VISTA
100
AcDbLine
 10
134.259999
 20
-0.48
 30
0.0
 11
134.26208431707317
 21
-0.4614926219512195
 31
0.0
  0
LINE
  5
458
330
17
100
AcDbEntity
  8
VISTA
100
AcDbLine
 10
134.26208431707317
 20
-0.4614926219512195
 30
0.0
 11
134.265515
 21
-0.431045
 31
0.0
  0
LINE
  5
459
330
17
100
AcDbEntity
  8
VISTA
100
AcDbLine
 10
134.265515
 20
-0.431045
 30
0.0
 11
134.27166623170731
 21
-0.41346610975609754
 31
0.0
  0
LINE
  5
45A
330
17
100
AcDbEntity
  8
VISTA
100
AcDbLine
 10
134.27166623170731
 20
-0.41346610975609754
 30
0.0
 11
134.281786
 21
-0.384546
 31
0.0
  0
LINE
  5
45B
330
17
100
AcDbEntity
  8
VISTA
100
AcDbLine
 10
134.281786
 20
-0.384546
 30
0.0
 11
134.29169503658537
 21
-0.3687760731707317
 31
0.0
  0
LINE
  5
45C
330
17
100
AcDbEntity
  8
VISTA
100
AcDbLine
 10
134.29169503658537
 20
-0.3687760731707317
 30
0.0
 11
134.307997
 21
-0.342832
 31
0.0
  0
LINE
  5
45D
330
17
100
AcDbEntity
  8
VISTA
100
AcDbLine
 10
134.307997
 20
-0.342832
 30
0.0
 11
134.3211663292683
 21
-0.32966267073170735
 31
0.0
  0
LINE
  5
45E
330
17
100
AcDbEntity
  8
VISTA
100
AcDbLine
 10
134.3211663292683
 20
-0.32966267073170735
 30
0.0
 11
134.342832
 21
-0.307997
 31
0.0
  0
LINE
  5
45F
330
17
100
AcDbEntity
  8
VISTA
100
AcDbLine
 10
134.342832
 20
-0.307997
 30
0.0
 11
134.35860154878048
 21
-0.2980883414634147
 31
0.0
  0
LINE
  5
460
330
17
100
AcDbEntity
  8
VISTA
100
AcDbLine
 10
134.35860154878048
 20
-0.2980883414634147
 30
0.0
 11
134.384545
 21
-0.281787
 31
0.0
  0
LINE
  5
461
330
17
100
AcDbEntity
  8
VISTA
100
AcDbLine
 10
134.384545
 20
-0.281787
 30
0.0
 11
134.40212426829268
 21
-0.27563576829268294
 31
0.0
  0
LINE
  5
462
330
17
100
AcDbEntity
  8
VISTA
100
AcDbLine
 10
134.40212426829268
 20
-0.27563576829268294
 30
0.0
 11
134.431045
 21
-0.265516
 31
0.0
  0
LINE
  5
463
330
17
100
AcDbEntity
  8
VISTA
100
AcDbLine
 10
134.431045
 20
-0.265516
 30
0.0
 11
134.4495523780488
 21
-0.26343068292682925
 31
0.0
  0
LINE
  5
464
330
17
100
AcDbEntity
  8
VISTA
100
AcDbLine
 10
134.4495523780488
 20
-0.26343068292682925
 30
0.0
 11
134.48
 21
-0.26
 31
0.0
  0
LINE
  5
465
330
17
100
AcDbEntity
  8
VISTA
100
AcDbLine
 10
134.48
 20
-0.26
 30
0.0
 11
134.49850737804877
 21
-0.26208531707317073
 31
0.0
  0
LINE
  5
466
330
17
100
AcDbEntity
  8
VISTA
100
AcDbLine
 10
134.49850737804877
 20
-0.26208531707317073
 30
0.0
 11
134.528955
 21
-0.265516
 31
0.0
  0
LINE
  5
467
330
17
100
AcDbEntity
  8
VISTA
100
AcDbLine
 10
134.528955
 20
-0.265516
 30
0.0
 11
134.5465338902439
 21
-0.27166723170731705
 31
0.0
  0
LINE
  5
468
330
17
100
AcDbEntity
  8
VISTA
100
AcDbLine
 10
134.5465338902439
 20
-0.27166723170731705
 30
0.0
 11
134.575454
 21
-0.281787
 31
0.0
  0
LINE
  5
469
330
17
100
AcDbEntity
  8
VISTA
100
AcDbLine
 10
134.575454
 20
-0.281787
 30
0.0
 11
134.59122354878048
 21
-0.29169565853658536
 31
0.0
  0
LINE
  5
46A
330
17
100
AcDbEntity
  8
VISTA
100
AcDbLine
 10
134.59122354878048
 20
-0.2916956585365854
 30
0.0
 11
134.617167
 21
-0.307997
 31
0.0
  0
LINE
  5
46B
330
17
100
AcDbEntity
  8
VISTA
100
AcDbLine
 10
134.617167
 20
-0.307997
 30
0.0
 11
134.6303363292683
 21
-0.3211663292682927
 31
0.0
  0
LINE
  5
46C
330
17
100
AcDbEntity
  8
VISTA
100
AcDbLine
 10
134.6303363292683
 20
-0.3211663292682927
 30
0.0
 11
134.652002
 21
-0.342832
 31
0.0
  0
LINE
  5
46D
330
17
100
AcDbEntity
  8
VISTA
100
AcDbLine
 10
134.652002
 20
-0.342832
 30
0.0
 11
134.66191103658537
 21
-0.35860192682926834
 31
0.0
  0
LINE
  5
46E
330
17
100
AcDbEntity
  8
VISTA
100
AcDbLine
 10
134.66191103658537
 20
-0.35860192682926834
 30
0.0
 11
134.678213
 21
-0.384546
 31
0.0
  0
LINE
  5
46F
330
17
100
AcDbEntity
  8
VISTA
100
AcDbLine
 10
134.678213
 20
-0.384546
 30
0.0
 11
134.68436423170732
 21
-0.40212489024390247
 31
0.0
  0
LINE
  5
470
330
17
100
AcDbEntity
  8
VISTA
100
AcDbLine
 10
134.68436423170732
 20
-0.40212489024390247
 30
0.0
 11
134.694484
 21
-0.431045
 31
0.0
  0
LINE
  5
471
330
17
100
AcDbEntity
  8
VISTA
100
AcDbLine
 10
134.694484
 20
-0.431045
 30
0.0
 11
134.69656931707317
 21
-0.4495523780487805
 31
0.0
  0
LINE
  5
472
330
17
100
AcDbEntity
  8
VISTA
100
AcDbLine
 10
134.69656931707317
 20
-0.4495523780487805
 30
0.0
 11
134.7
 21
-0.48
 31
0.0
  0
LINE
  5
473
330
17
100
AcDbEntity
  8
VISTA
100
AcDbLine
 10
141.74
 20
-0.48
 30
0.0
 11
141.73791468292683
 21
-0.4985073780487805
 31
0.0
  0
LINE
  5
474
330
17
100
AcDbEntity
  8
VISTA
100
AcDbLine
 10
141.73791468292683
 20
-0.4985073780487805
 30
0.0
 11
141.734484
 21
-0.528955
 31
0.0
  0
LINE
  5
475
330
17
100
AcDbEntity
  8
VISTA
100
AcDbLine
 10
141.734484
 20
-0.528955
 30
0.0
 11
141.72833314634147
 21
-0.5465338902439024
 31
0.0
  0
LINE
  5
476
330
17
100
AcDbEntity
  8
VISTA
100
AcDbLine
 10
141.72833314634147
 20
-0.5465338902439024
 30
0.0
 11
141.718214
 21
-0.575454
 31
0.0
  0
LINE
  5
477
330
17
100
AcDbEntity
  8
VISTA
100
AcDbLine
 10
141.718214
 20
-0.575454
 30
0.0
 11
141.70830496341463
 21
-0.5912239268292683
 31
0.0
  0
LINE
  5
478
330
17
100
AcDbEntity
  8
VISTA
100
AcDbLine
 10
141.70830496341463
 20
-0.5912239268292683
 30
0.0
 11
141.692003
 21
-0.617168
 31
0.0
  0
LINE
  5
479
330
17
100
AcDbEntity
  8
VISTA
100
AcDbLine
 10
141.692003
 20
-0.617168
 30
0.0
 11
141.67883329268292
 21
-0.6303373292682927
 31
0.0
  0
LINE
  5
47A
330
17
100
AcDbEntity
  8
VISTA
100
AcDbLine
 10
141.67883329268292
 20
-0.6303373292682927
 30
0.0
 11
141.65716700000002
 21
-0.652003
 31
0.0
  0
LINE
  5
47B
330
17
100
AcDbEntity
  8
VISTA
100
AcDbLine
 10
141.65716700000002
 20
-0.652003
 30
0.0
 11
141.64139820731708
 21
-0.6619116585365854
 31
0.0
  0
LINE
  5
47C
330
17
100
AcDbEntity
  8
VISTA
100
AcDbLine
 10
141.64139820731708
 20
-0.6619116585365854
 30
0.0
 11
141.615456
 21
-0.678213
 31
0.0
  0
LINE
  5
47D
330
17
100
AcDbEntity
  8
VISTA
100
AcDbLine
 10
141.615456
 20
-0.678213
 30
0.0
 11
141.59787597560975
 21
-0.6843642317073171
 31
0.0
  0
LINE
  5
47E
330
17
100
AcDbEntity
  8
VISTA
100
AcDbLine
 10
141.59787597560975
 20
-0.6843642317073171
 30
0.0
 11
141.568954
 21
-0.694484
 31
0.0
  0
LINE
  5
47F
330
17
100
AcDbEntity
  8
VISTA
100
AcDbLine
 10
141.568954
 20
-0.694484
 30
0.0
 11
141.550447
 21
-0.6965693170731707
 31
0.0
  0
LINE
  5
480
330
17
100
AcDbEntity
  8
VISTA
100
AcDbLine
 10
141.550447
 20
-0.6965693170731707
 30
0.0
 11
141.52
 21
-0.7
 31
0.0
  0
LINE
  5
481
330
17
100
AcDbEntity
  8
VISTA
100
AcDbLine
 10
141.52
 20
-0.7
 30
0.0
 11
141.501493
 21
-0.6979146829268292
 31
0.0
  0
LINE
  5
482
330
17
100
AcDbEntity
  8
VISTA
100
AcDbLine
 10
141.501493
 20
-0.6979146829268292
 30
0.0
 11
141.471046
 21
-0.694484
 31
0.0
  0
LINE
  5
483
330
17
100
AcDbEntity
  8
VISTA
100
AcDbLine
 10
141.471046
 20
-0.694484
 30
0.0
 11
141.45346635365854
 21
-0.6883327682926829
 31
0.0
  0
LINE
  5
484
330
17
100
AcDbEntity
  8
VISTA
100
AcDbLine
 10
141.45346635365854
 20
-0.6883327682926829
 30
0.0
 11
141.424545
 21
-0.678213
 31
0.0
  0
LINE
  5
485
330
17
100
AcDbEntity
  8
VISTA
100
AcDbLine
 10
141.424545
 20
-0.678213
 30
0.0
 11
141.40877582926828
 21
-0.6683043414634146
 31
0.0
  0
LINE
  5
486
330
17
100
AcDbEntity
  8
VISTA
100
AcDbLine
 10
141.40877582926828
 20
-0.6683043414634146
 30
0.0
 11
141.382833
 21
-0.652003
 31
0.0
  0
LINE
  5
487
330
17
100
AcDbEntity
  8
VISTA
100
AcDbLine
 10
141.382833
 20
-0.652003
 30
0.0
 11
141.3696636707317
 21
-0.6388336707317074
 31
0.0
  0
LINE
  5
488
330
17
100
AcDbEntity
  8
VISTA
100
AcDbLine
 10
141.3696636707317
 20
-0.6388336707317074
 30
0.0
 11
141.347998
 21
-0.617168
 31
0.0
  0
LINE
  5
489
330
17
100
AcDbEntity
  8
VISTA
100
AcDbLine
 10
141.347998
 20
-0.617168
 30
0.0
 11
141.33808896341463
 21
-0.6013980731707318
 31
0.0
  0
LINE
  5
48A
330
17
100
AcDbEntity
  8
VISTA
100
AcDbLine
 10
141.33808896341463
 20
-0.6013980731707318
 30
0.0
 11
141.321787
 21
-0.575454
 31
0.0
  0
LINE
  5
48B
330
17
100
AcDbEntity
  8
VISTA
100
AcDbLine
 10
141.321787
 20
-0.575454
 30
0.0
 11
141.31563614634146
 21
-0.5578751097560976
 31
0.0
  0
LINE
  5
48C
330
17
100
AcDbEntity
  8
VISTA
100
AcDbLine
 10
141.31563614634146
 20
-0.5578751097560976
 30
0.0
 11
141.305517
 21
-0.528955
 31
0.0
  0
LINE
  5
48D
330
17
100
AcDbEntity
  8
VISTA
100
AcDbLine
 10
141.305517
 20
-0.528955
 30
0.0
 11
141.30343168292683
 21
-0.5104476219512195
 31
0.0
  0
LINE
  5
48E
330
17
100
AcDbEntity
  8
VISTA
100
AcDbLine
 10
141.30343168292683
 20
-0.5104476219512195
 30
0.0
 11
141.300001
 21
-0.48
 31
0.0
  0
LINE
  5
48F
330
17
100
AcDbEntity
  8
VISTA
100
AcDbLine
 10
141.300001
 20
-0.48
 30
0.0
 11
141.30208631707316
 21
-0.4614926219512195
 31
0.0
  0
LINE
  5
490
330
17
100
AcDbEntity
  8
VISTA
100
AcDbLine
 10
141.30208631707316
 20
-0.4614926219512195
 30
0.0
 11
141.305517
 21
-0.431045
 31
0.0
  0
LINE
  5
491
330
17
100
AcDbEntity
  8
VISTA
100
AcDbLine
 10
141.305517
 20
-0.431045
 30
0.0
 11
141.31166785365855
 21
-0.41346610975609754
 31
0.0
  0
LINE
  5
492
330
17
100
AcDbEntity
  8
VISTA
100
AcDbLine
 10
141.31166785365855
 20
-0.41346610975609754
 30
0.0
 11
141.321787
 21
-0.384546
 31
0.0
  0
LINE
  5
493
330
17
100
AcDbEntity
  8
VISTA
100
AcDbLine
 10
141.321787
 20
-0.384546
 30
0.0
 11
141.33169603658536
 21
-0.3687760731707317
 31
0.0
  0
LINE
  5
494
330
17
100
AcDbEntity
  8
VISTA
100
AcDbLine
 10
141.33169603658536
 20
-0.3687760731707317
 30
0.0
 11
141.347998
 21
-0.342832
 31
0.0
  0
LINE
  5
495
330
17
100
AcDbEntity
  8
VISTA
100
AcDbLine
 10
141.347998
 20
-0.342832
 30
0.0
 11
141.36116732926828
 21
-0.32966267073170735
 31
0.0
  0
LINE
  5
496
330
17
100
AcDbEntity
  8
VISTA
100
AcDbLine
 10
141.36116732926828
 20
-0.32966267073170735
 30
0.0
 11
141.382833
 21
-0.307997
 31
0.0
  0
LINE
  5
497
330
17
100
AcDbEntity
  8
VISTA
100
AcDbLine
 10
141.382833
 20
-0.307997
 30
0.0
 11
141.3986021707317
 21
-0.2980883414634147
 31
0.0
  0
LINE
  5
498
330
17
100
AcDbEntity
  8
VISTA
100
AcDbLine
 10
141.3986021707317
 20
-0.2980883414634147
 30
0.0
 11
141.424545
 21
-0.281787
 31
0.0
  0
LINE
  5
499
330
17
100
AcDbEntity
  8
VISTA
100
AcDbLine
 10
141.424545
 20
-0.281787
 30
0.0
 11
141.44212464634145
 21
-0.27563576829268294
 31
0.0
  0
LINE
  5
49A
330
17
100
AcDbEntity
  8
VISTA
100
AcDbLine
 10
141.44212464634145
 20
-0.27563576829268294
 30
0.0
 11
141.471046
 21
-0.265516
 31
0.0
  0
LINE
  5
49B
330
17
100
AcDbEntity
  8
VISTA
100
AcDbLine
 10
141.471046
 20
-0.265516
 30
0.0
 11
141.489553
 21
-0.26343068292682925
 31
0.0
  0
LINE
  5
49C
330
17
100
AcDbEntity
  8
VISTA
100
AcDbLine
 10
141.489553
 20
-0.26343068292682925
 30
0.0
 11
141.52
 21
-0.26
 31
0.0
  0
LINE
  5
49D
330
17
100
AcDbEntity
  8
VISTA
100
AcDbLine
 10
141.52
 20
-0.26
 30
0.0
 11
141.538507
 21
-0.26208531707317073
 31
0.0
  0
LINE
  5
49E
330
17
100
AcDbEntity
  8
VISTA
100
AcDbLine
 10
141.538507
 20
-0.26208531707317073
 30
0.0
 11
141.568954
 21
-0.265516
 31
0.0
  0
LINE
  5
49F
330
17
100
AcDbEntity
  8
VISTA
100
AcDbLine
 10
141.568954
 20
-0.265516
 30
0.0
 11
141.58653402439023
 21
-0.27166723170731705
 31
0.0
  0
LINE
  5
4A0
330
17
100
AcDbEntity
  8
VISTA
100
AcDbLine
 10
141.58653402439023
 20
-0.27166723170731705
 30
0.0
 11
141.615456
 21
-0.281787
 31
0.0
  0
LINE
  5
4A1
330
17
100
AcDbEntity
  8
VISTA
100
AcDbLine
 10
141.615456
 20
-0.281787
 30
0.0
 11
141.63122479268293
 21
-0.29169565853658536
 31
0.0
  0
LINE
  5
4A2
330
17
100
AcDbEntity
  8
VISTA
100
AcDbLine
 10
141.63122479268293
 20
-0.2916956585365854
 30
0.0
 11
141.65716700000002
 21
-0.307997
 31
0.0
  0
LINE
  5
4A3
330
17
100
AcDbEntity
  8
VISTA
100
AcDbLine
 10
141.65716700000002
 20
-0.307997
 30
0.0
 11
141.67033670731706
 21
-0.3211663292682927
 31
0.0
  0
LINE
  5
4A4
330
17
100
AcDbEntity
  8
VISTA
100
AcDbLine
 10
141.67033670731706
 20
-0.3211663292682927
 30
0.0
 11
141.692003
 21
-0.342832
 31
0.0
  0
LINE
  5
4A5
330
17
100
AcDbEntity
  8
VISTA
100
AcDbLine
 10
141.692003
 20
-0.342832
 30
0.0
 11
141.70191203658536
 21
-0.35860192682926834
 31
0.0
  0
LINE
  5
4A6
330
17
100
AcDbEntity
  8
VISTA
100
AcDbLine
 10
141.70191203658536
 20
-0.35860192682926834
 30
0.0
 11
141.718214
 21
-0.384546
 31
0.0
  0
LINE
  5
4A7
330
17
100
AcDbEntity
  8
VISTA
100
AcDbLine
 10
141.718214
 20
-0.384546
 30
0.0
 11
141.72436485365853
 21
-0.40212489024390247
 31
0.0
  0
LINE
  5
4A8
330
17
100
AcDbEntity
  8
VISTA
100
AcDbLine
 10
141.72436485365853
 20
-0.40212489024390247
 30
0.0
 11
141.734484
 21
-0.431045
 31
0.0
  0
LINE
  5
4A9
330
17
100
AcDbEntity
  8
VISTA
100
AcDbLine
 10
141.734484
 20
-0.431045
 30
0.0
 11
141.73656931707316
 21
-0.4495523780487805
 31
0.0
  0
LINE
  5
4AA
330
17
100
AcDbEntity
  8
VISTA
100
AcDbLine
 10
141.73656931707316
 20
-0.4495523780487805
 30
0.0
 11
141.74
 21
-0.48
 31
0.0
  0
LWPOLYLINE
  5
4AB
330
17
100
AcDbEntity
  8
VISTA
100
AcDbPolyline
 90
57
 70
1
 10
133.7545
 20
-10.375
 10
133.7541977142857
 20
-10.372319404761905
 10
133.753948
 20
-10.370105
 10
133.75305702380953
 20
-10.367558571428573
 10
133.752321
 20
-10.365455
 10
133.75088623809523
 20
-10.363170333333334
 10
133.749701
 20
-10.361283
 10
133.74779309523808
 20
-10.359375642857142
 10
133.746217
 20
-10.3578
 10
133.74393233333333
 20
-10.35636469047619
 10
133.742045
 20
-10.355179
 10
133.73949857142858
 20
-10.354288023809524
 10
133.737395
 20
-10.353552
 10
133.73471440476192
 20
-10.353249714285715
 10
133.7325
 20
-10.353
 10
133.7298194047619
 20
-10.353302285714285
 10
133.727605
 20
-10.353552
 10
133.72505857142858
 20
-10.354442976190477
 10
133.722955
 20
-10.355179
 10
133.72067033333335
 20
-10.35661430952381
 10
133.718783
 20
-10.3578
 10
133.71687564285713
 20
-10.359707357142858
 10
133.7153
 20
-10.361283
 10
133.71386469047619
 20
-10.363567666666667
 10
133.712679
 20
-10.365455
 10
133.71178802380953
 20
-10.368001428571429
 10
133.711052
 20
-10.370105
 10
133.71074971428573
 20
-10.372785595238096
 10
133.7105
 20
-10.375
 10
133.7108022857143
 20
-10.377680595238095
 10
133.711052
 20
-10.379895
 10
133.71194297619047
 20
-10.382441428571427
 10
133.712679
 20
-10.384545
 10
133.7141143095238
 20
-10.386829666666666
 10
133.7153
 20
-10.388717
 10
133.71720735714285
 20
-10.390624357142858
 10
133.718783
 20
-10.3922
 10
133.72106766666667
 20
-10.39363530952381
 10
133.722955
 20
-10.394821
 10
133.72550142857142
 20
-10.395711976190476
 10
133.727605
 20
-10.396448
 10
133.7302855952381
 20
-10.396750285714285
 10
133.7325
 20
-10.397
 10
133.7351805952381
 20
-10.396697714285715
 10
133.737395
 20
-10.396448
 10
133.73994142857143
 20
-10.395557023809523
 10
133.742045
 20
-10.394821
 10
133.74432966666666
 20
-10.39338569047619
 10
133.746217
 20
-10.3922
 10
133.7481249047619
 20
-10.390292642857142
 10
133.749701
 20
-10.388717
 10
133.75113576190475
 20
-10.386432333333333
 10
133.752321
 20
-10.384545
 10
133.75321197619047
 20
-10.381998571428571
 10
133.753948
 20
-10.379895
 10
133.75425028571428
 20
-10.377214404761904
 10
133.7545
 20
-10.375
  0
LWPOLYLINE
  5
4AC
330
17
100
AcDbEntity
  8
VISTA
100
AcDbPolyline
 90
57
 70
1
 10
136.031
 20
-11.8745
 10
136.0308494047619
 20
-11.871819404761904
 10
136.030725
 20
-11.869605
 10
136.03027923809523
 20
-11.867058571428572
 10
136.029911
 20
-11.864955
 10
136.02919361904762
 20
-11.86267088095238
 10
136.028601
 20
-11.860784
 10
136.02764704761904
 20
-11.858876095238095
 10
136.026859
 20
-11.8573
 10
136.02571666666665
 20
-11.85586469047619
 10
136.024773
 20
-11.854679
 10
136.02349978571428
 20
-11.853788023809525
 10
136.022448
 20
-11.853052
 10
136.02110742857144
 20
-11.852749714285714
 10
136.02
 20
-11.8525
 10
136.01865997619046
 20
-11.852802285714285
 10
136.017553
 20
-11.853052
 10
136.0162797857143
 20
-11.853942976190476
 10
136.015228
 20
-11.854679
 10
136.01408566666666
 20
-11.85611430952381
 10
136.013142
 20
-11.8573
 10
136.01218804761905
 20
-11.859207904761906
 10
136.0114
 20
-11.860784
 10
136.01068261904763
 20
-11.86306811904762
 10
136.01009
 20
-11.864955
 10
136.0096436904762
 20
-11.867501428571428
 10
136.009275
 20
-11.869605
 10
136.00912495238094
 20
-11.872285595238095
 10
136.009001
 20
-11.8745
 10
136.00915104761904
 20
-11.877180595238094
 10
136.009275
 20
-11.879395
 10
136.0097213095238
 20
-11.881941976190475
 10
136.01009
 20
-11.884046
 10
136.01080738095237
 20
-11.886330119047619
 10
136.0114
 20
-11.888217
 10
136.01235395238095
 20
-11.890124904761905
 10
136.013142
 20
-11.891701
 10
136.01428433333334
 20
-11.89313576190476
 10
136.015228
 20
-11.894321
 10
136.0165012142857
 20
-11.895211976190476
 10
136.017553
 20
-11.895948
 10
136.0188930238095
 20
-11.896250833333333
 10
136.02
 20
-11.896501
 10
136.02134057142857
 20
-11.896198166666668
 10
136.022448
 20
-11.895948
 10
136.02372121428573
 20
-11.895057023809525
 10
136.024773
 20
-11.894321
 10
136.02591533333333
 20
-11.892886238095238
 10
136.026859
 20
-11.891701
 10
136.02781295238094
 20
-11.889793095238094
 10
136.028601
 20
-11.888217
 10
136.0293183809524
 20
-11.88593288095238
 10
136.029911
 20
-11.884046
 10
136.03035676190476
 20
-11.881499023809525
 10
136.030725
 20
-11.879395
 10
136.0308755952381
 20
-11.876714404761906
 10
136.031
 20
-11.8745
  0
LWPOLYLINE
  5
4AD
330
17
100
AcDbEntity
  8
VISTA
100
AcDbPolyline
 90
57
 70
1
 10
139.531
 20
-11.8715
 10
139.5308494047619
 20
-11.868819404761904
 10
139.530725
 20
-11.866605
 10
139.53027923809523
 20
-11.864058571428572
 10
139.529911
 20
-11.861955
 10
139.52919361904762
 20
-11.859670333333334
 10
139.528601
 20
-11.857783
 10
139.52764704761904
 20
-11.855875642857143
 10
139.526859
 20
-11.8543
 10
139.52571666666665
 20
-11.85286469047619
 10
139.524773
 20
-11.851679
 10
139.52349978571428
 20
-11.850788023809525
 10
139.522448
 20
-11.850052
 10
139.52110742857144
 20
-11.849749714285714
 10
139.52
 20
-11.8495
 10
139.51865997619046
 20
-11.849802285714286
 10
139.517553
 20
-11.850052
 10
139.5162797857143
 20
-11.850942976190476
 10
139.515228
 20
-11.851679
 10
139.51408566666666
 20
-11.85311430952381
 10
139.513142
 20
-11.8543
 10
139.51218804761905
 20
-11.856207357142857
 10
139.5114
 20
-11.857783
 10
139.51068261904763
 20
-11.860067666666666
 10
139.51009
 20
-11.861955
 10
139.5096436904762
 20
-11.864501428571428
 10
139.509275
 20
-11.866605
 10
139.50912495238094
 20
-11.869285595238095
 10
139.509001
 20
-11.8715
 10
139.50915104761904
 20
-11.874180595238094
 10
139.509275
 20
-11.876395
 10
139.5097213095238
 20
-11.878941428571428
 10
139.51009
 20
-11.881045
 10
139.51080738095237
 20
-11.883329666666667
 10
139.5114
 20
-11.885217
 10
139.51235395238095
 20
-11.887124357142858
 10
139.513142
 20
-11.8887
 10
139.51428433333334
 20
-11.89013530952381
 10
139.515228
 20
-11.891321
 10
139.5165012142857
 20
-11.892211976190476
 10
139.517553
 20
-11.892948
 10
139.5188930238095
 20
-11.893250285714286
 10
139.52
 20
-11.8935
 10
139.52134057142857
 20
-11.893197714285714
 10
139.522448
 20
-11.892948
 10
139.52372121428573
 20
-11.892057023809524
 10
139.524773
 20
-11.891321
 10
139.52591533333333
 20
-11.88988569047619
 10
139.526859
 20
-11.8887
 10
139.52781295238094
 20
-11.886792642857143
 10
139.528601
 20
-11.885217
 10
139.5293183809524
 20
-11.882932333333335
 10
139.529911
 20
-11.881045
 10
139.53035676190476
 20
-11.878498571428572
 10
139.530725
 20
-11.876395
 10
139.5308755952381
 20
-11.873714404761905
 10
139.531
 20
-11.8715
  0
LWPOLYLINE
  5
4AE
330
17
100
AcDbEntity
  8
VISTA
100
AcDbPolyline
 90
41
 70
1
 10
135.15594237010393
 20
-5.6917633185451635
 10
135.155831
 20
-5.691895
 10
135.15519042046364
 20
-5.693905493605116
 10
135.155001
 20
-5.6945
 10
135.155001
 20
-5.749296562749801
 10
135.155001
 20
-5.7655
 10
135.15564157953636
 20
-5.7675104936051165
 10
135.155831
 20
-5.768105
 10
135.15620762989607
 20
-5.768550318545164
 10
135.156319
 20
-5.768682
 10
135.1567635467626
 20
-5.769057858113509
 10
135.156895
 20
-5.769169
 10
135.15890549360512
 20
-5.769810351318944
 10
135.1595
 20
-5.77
 10
135.96292565947243
 20
-5.77
 10
136.2005
 20
-5.77
 10
136.2025112653877
 20
-5.769358648681055
 10
136.203106
 20
-5.769169
 10
136.20355054676259
 20
-5.768793141886491
 10
136.20368200000001
 20
-5.768682
 10
136.2037933701039
 20
-5.768550318545164
 10
136.20417
 20
-5.768105
 10
136.20435942046362
 20
-5.7675104936051165
 10
136.20499999999998
 20
-5.7655
 10
136.20499999999998
 20
-5.749296562749801
 10
136.20499999999998
 20
-5.6945
 10
136.20481057953637
 20
-5.693905493605116
 10
136.20417
 20
-5.691895
 10
136.20405862989608
 20
-5.6917633185451635
 10
136.20368200000001
 20
-5.691318
 10
136.20355054676259
 20
-5.691206858113509
 10
136.203106
 20
-5.690831
 10
136.2025112653877
 20
-5.690641351318945
 10
136.2005
 20
-5.69
 10
135.96292565947243
 20
-5.69
 10
135.1595
 20
-5.69
 10
135.15890549360512
 20
-5.690189648681056
 10
135.156895
 20
-5.690831
 10
135.1567635467626
 20
-5.690942141886491
 10
135.156319
 20
-5.691318
 10
135.15594237010393
 20
-5.6917633185451635
  0
LWPOLYLINE
  5
4AF
330
17
100
AcDbEntity
  8
VISTA
100
AcDbPolyline
 90
41
 70
1
 10
136.57594159832135
 20
-5.6917633185451635
 10
136.57583
 20
-5.691895
 10
136.5751901922462
 20
-5.693905493605116
 10
136.575001
 20
-5.6945
 10
136.575001
 20
-5.749296562749801
 10
136.575001
 20
-5.7655
 10
136.57564080775379
 20
-5.7675104936051165
 10
136.57583
 20
-5.768105
 10
136.57620740167866
 20
-5.768550318545164
 10
136.576319
 20
-5.768682
 10
136.5767635467626
 20
-5.769057858113509
 10
136.576895
 20
-5.769169
 10
136.5789054936051
 20
-5.769810351318944
 10
136.5795
 20
-5.77
 10
137.382926431255
 20
-5.77
 10
137.620501
 20
-5.77
 10
137.62251149360512
 20
-5.769358648681055
 10
137.623106
 20
-5.769169
 10
137.6235505467626
 20
-5.768793141886491
 10
137.623682
 20
-5.768682
 10
137.62379337010393
 20
-5.768550318545164
 10
137.62417
 20
-5.768105
 10
137.62435942046363
 20
-5.7675104936051165
 10
137.625
 20
-5.7655
 10
137.625
 20
-5.749296562749801
 10
137.625
 20
-5.6945
 10
137.62481057953636
 20
-5.693905493605116
 10
137.62417
 20
-5.691895
 10
137.62405862989607
 20
-5.6917633185451635
 10
137.623682
 20
-5.691318
 10
137.6235505467626
 20
-5.691206858113509
 10
137.623106
 20
-5.690831
 10
137.62251149360512
 20
-5.690641351318945
 10
137.620501
 20
-5.69
 10
137.382926431255
 20
-5.69
 10
136.5795
 20
-5.69
 10
136.5789054936051
 20
-5.690189648681056
 10
136.576895
 20
-5.690831
 10
136.5767635467626
 20
-5.690942141886491
 10
136.576319
 20
-5.691318
 10
136.57594159832135
 20
-5.6917633185451635
  0
LWPOLYLINE
  5
4B0
330
17
100
AcDbEntity
  8
VISTA
100
AcDbPolyline
 90
41
 70
1
 10
138.12594137010393
 20
-5.6917633185451635
 10
138.12583
 20
-5.691895
 10
138.12518942046364
 20
-5.693905493605116
 10
138.125
 20
-5.6945
 10
138.125
 20
-5.749296562749801
 10
138.125
 20
-5.7655
 10
138.12564057953637
 20
-5.7675104936051165
 10
138.12583
 20
-5.768105
 10
138.12620662989607
 20
-5.768550318545164
 10
138.126318
 20
-5.768682
 10
138.1267625467626
 20
-5.769057858113509
 10
138.126894
 20
-5.769169
 10
138.12890449360512
 20
-5.769810351318944
 10
138.129499
 20
-5.77
 10
138.932925431255
 20
-5.77
 10
139.1705
 20
-5.77
 10
139.1725104936051
 20
-5.769358648681055
 10
139.173105
 20
-5.769169
 10
139.1735495467626
 20
-5.768793141886491
 10
139.173681
 20
-5.768682
 10
139.17379259832134
 20
-5.768550318545164
 10
139.17417
 20
-5.768105
 10
139.17435919224621
 20
-5.7675104936051165
 10
139.174999
 20
-5.7655
 10
139.174999
 20
-5.749296562749801
 10
139.174999
 20
-5.6945
 10
139.1748098077538
 20
-5.693905493605116
 10
139.17417
 20
-5.691895
 10
139.17405840167865
 20
-5.6917633185451635
 10
139.173681
 20
-5.691318
 10
139.1735495467626
 20
-5.691206858113509
 10
139.173105
 20
-5.690831
 10
139.1725104936051
 20
-5.690641351318945
 10
139.1705
 20
-5.69
 10
138.932925431255
 20
-5.69
 10
138.129499
 20
-5.69
 10
138.12890449360512
 20
-5.690189648681056
 10
138.126894
 20
-5.690831
 10
138.1267625467626
 20
-5.690942141886491
 10
138.126318
 20
-5.691318
 10
138.12594137010393
 20
-5.6917633185451635
  0
LWPOLYLINE
  5
4B1
330
17
100
AcDbEntity
  8
VISTA
100
AcDbPolyline
 90
41
 70
1
 10
139.6759423701039
 20
-5.6917633185451635
 10
139.675831
 20
-5.691895
 10
139.67519042046362
 20
-5.693905493605116
 10
139.675001
 20
-5.6945
 10
139.675001
 20
-5.749296562749801
 10
139.675001
 20
-5.7655
 10
139.67564157953638
 20
-5.7675104936051165
 10
139.675831
 20
-5.768105
 10
139.67620762989608
 20
-5.768550318545164
 10
139.676319
 20
-5.768682
 10
139.6767635467626
 20
-5.769057858113509
 10
139.676895
 20
-5.769169
 10
139.6789062653877
 20
-5.769810351318944
 10
139.679501
 20
-5.77
 10
140.4829266594724
 20
-5.77
 10
140.720501
 20
-5.77
 10
140.7225114936051
 20
-5.769358648681055
 10
140.723106
 20
-5.769169
 10
140.7235505467626
 20
-5.768793141886491
 10
140.723682
 20
-5.768682
 10
140.72379359832135
 20
-5.768550318545164
 10
140.724171
 20
-5.768105
 10
140.7243601922462
 20
-5.7675104936051165
 10
140.725
 20
-5.7655
 10
140.725
 20
-5.749296562749801
 10
140.725
 20
-5.6945
 10
140.72481080775378
 20
-5.693905493605116
 10
140.724171
 20
-5.691895
 10
140.72405940167866
 20
-5.6917633185451635
 10
140.723682
 20
-5.691318
 10
140.7235505467626
 20
-5.691206858113509
 10
140.723106
 20
-5.690831
 10
140.7225114936051
 20
-5.690641351318945
 10
140.720501
 20
-5.69
 10
140.4829266594724
 20
-5.69
 10
139.679501
 20
-5.69
 10
139.6789062653877
 20
-5.690189648681056
 10
139.676895
 20
-5.690831
 10
139.6767635467626
 20
-5.690942141886491
 10
139.676319
 20
-5.691318
 10
139.6759423701039
 20
-5.6917633185451635
  0
LWPOLYLINE
  5
4B2
330
17
100
AcDbEntity
  8
VISTA
100
AcDbPolyline
 90
9
 70
1
 10
133.92
 20
-6.76
 10
133.92
 20
-6.738181818181818
 10
133.92
 20
-6.68
 10
133.9118179090909
 20
-6.68
 10
133.889999
 20
-6.68
 10
133.889999
 20
-6.701818181818181
 10
133.889999
 20
-6.76
 10
133.89818109090908
 20
-6.76
 10
133.92
 20
-6.76
  0
LWPOLYLINE
  5
4B3
330
17
100
AcDbEntity
  8
VISTA
100
AcDbPolyline
 90
9
 70
1
 10
133.92
 20
-8.42
 10
133.92
 20
-8.398181818181818
 10
133.92
 20
-8.34
 10
133.9118179090909
 20
-8.34
 10
133.889999
 20
-8.34
 10
133.889999
 20
-8.361818181818181
 10
133.889999
 20
-8.42
 10
133.89818109090908
 20
-8.42
 10
133.92
 20
-8.42
  0
LWPOLYLINE
  5
4B4
330
17
100
AcDbEntity
  8
VISTA
100
AcDbPolyline
 90
41
 70
1
 10
137.71584129140328
 20
-6.148743823640961
 10
137.715647
 20
-6.148974
 10
137.7153316795196
 20
-6.149961386852086
 10
137.715
 20
-6.151
 10
137.715
 20
-6.169519595448799
 10
137.715
 20
-6.189
 10
137.7153153204804
 20
-6.189987386852086
 10
137.715647
 20
-6.191026
 10
137.7158317085967
 20
-6.191244823640961
 10
137.716026
 20
-6.191475
 10
137.71624482364095
 20
-6.191659708596713
 10
137.716475
 20
-6.191854
 10
137.7174618994943
 20
-6.192168833122629
 10
137.7185
 20
-6.1925
 10
138.4997350006321
 20
-6.1925
 10
139.321501
 20
-6.1925
 10
139.32248789949432
 20
-6.192185166877371
 10
139.32352600000002
 20
-6.191854
 10
139.32374482364096
 20
-6.1916692914032865
 10
139.323975
 20
-6.191475
 10
139.32416929140328
 20
-6.191244823640961
 10
139.324354
 20
-6.191026
 10
139.3246856795196
 20
-6.189987386852086
 10
139.325001
 20
-6.189
 10
139.325001
 20
-6.169519595448799
 10
139.325001
 20
-6.151
 10
139.3246693204804
 20
-6.149961386852086
 10
139.324354
 20
-6.148974
 10
139.3241597085967
 20
-6.148743823640961
 10
139.323975
 20
-6.148525
 10
139.32374482364096
 20
-6.148330708596713
 10
139.32352600000002
 20
-6.148146
 10
139.32248789949432
 20
-6.147814833122629
 10
139.321501
 20
-6.1475
 10
138.4997350006321
 20
-6.1475
 10
137.7185
 20
-6.1475
 10
137.7174618994943
 20
-6.147831166877371
 10
137.716475
 20
-6.148146
 10
137.71624482364095
 20
-6.1483402914032865
 10
137.716026
 20
-6.148525
 10
137.71584129140328
 20
-6.148743823640961
  0
LWPOLYLINE
  5
4B5
330
17
100
AcDbEntity
  8
VISTA
100
AcDbPolyline
 90
41
 70
1
 10
137.7178402914033
 20
-6.181243823640961
 10
137.717646
 20
-6.181474
 10
137.7173306795196
 20
-6.182461386852086
 10
137.716999
 20
-6.1835
 10
137.716999
 20
-6.453008849557523
 10
137.716999
 20
-6.7365
 10
137.7173143204804
 20
-6.737487386852086
 10
137.717646
 20
-6.738526
 10
137.71783070859672
 20
-6.738744823640961
 10
137.718025
 20
-6.738975
 10
137.7182433362832
 20
-6.739159708596713
 10
137.718473
 20
-6.739354
 10
137.7194603868521
 20
-6.7396688331226295
 10
137.720499
 20
-6.74
 10
137.72975928508217
 20
-6.74
 10
137.7395
 20
-6.74
 10
137.7404873868521
 20
-6.73968516687737
 10
137.741526
 20
-6.739354
 10
137.74174433628318
 20
-6.739169291403287
 10
137.741974
 20
-6.738975
 10
137.7421682914033
 20
-6.738744823640961
 10
137.742353
 20
-6.738526
 10
137.74268467951958
 20
-6.737487386852086
 10
137.743
 20
-6.7365
 10
137.743
 20
-6.453008849557523
 10
137.743
 20
-6.1835
 10
137.7426683204804
 20
-6.182461386852086
 10
137.742353
 20
-6.181474
 10
137.74215870859672
 20
-6.181243823640961
 10
137.741974
 20
-6.181025
 10
137.74174433628318
 20
-6.180830708596713
 10
137.741526
 20
-6.180646
 10
137.7404873868521
 20
-6.18031483312263
 10
137.7395
 20
-6.18
 10
137.72975928508217
 20
-6.18
 10
137.720499
 20
-6.18
 10
137.7194603868521
 20
-6.18033116687737
 10
137.718473
 20
-6.180646
 10
137.7182433362832
 20
-6.180840291403287
 10
137.718025
 20
-6.181025
 10
137.7178402914033
 20
-6.181243823640961
  0
LWPOLYLINE
  5
4B6
330
17
100
AcDbEntity
  8
VISTA
100
AcDbPolyline
 90
41
 70
1
 10
138.26784129140327
 20
-6.181243823640961
 10
138.267647
 20
-6.181474
 10
138.2673316795196
 20
-6.182461386852086
 10
138.267
 20
-6.1835
 10
138.267
 20
-6.453008849557523
 10
138.267
 20
-6.7365
 10
138.2673153204804
 20
-6.737487386852086
 10
138.267647
 20
-6.738526
 10
138.2678317085967
 20
-6.738744823640961
 10
138.268026
 20
-6.738975
 10
138.26824482364097
 20
-6.739159708596713
 10
138.268475
 20
-6.739354
 10
138.2694618994943
 20
-6.7396688331226295
 10
138.2705
 20
-6.74
 10
138.27976028508218
 20
-6.74
 10
138.289501
 20
-6.74
 10
138.29048838685208
 20
-6.73968516687737
 10
138.291527
 20
-6.739354
 10
138.29174533628318
 20
-6.739169291403287
 10
138.291975
 20
-6.738975
 10
138.2921698040455
 20
-6.738744823640961
 10
138.292355
 20
-6.738526
 10
138.29268616687736
 20
-6.737487386852086
 10
138.293001
 20
-6.7365
 10
138.293001
 20
-6.453008849557523
 10
138.293001
 20
-6.1835
 10
138.29266983312263
 20
-6.182461386852086
 10
138.292355
 20
-6.181474
 10
138.2921601959545
 20
-6.181243823640961
 10
138.291975
 20
-6.181025
 10
138.29174533628318
 20
-6.180830708596713
 10
138.291527
 20
-6.180646
 10
138.29048838685208
 20
-6.18031483312263
 10
138.289501
 20
-6.18
 10
138.27976028508218
 20
-6.18
 10
138.2705
 20
-6.18
 10
138.2694618994943
 20
-6.18033116687737
 10
138.268475
 20
-6.180646
 10
138.26824482364097
 20
-6.180840291403287
 10
138.268026
 20
-6.181025
 10
138.26784129140327
 20
-6.181243823640961
  0
LWPOLYLINE
  5
4B7
330
17
100
AcDbEntity
  8
VISTA
100
AcDbPolyline
 90
41
 70
1
 10
138.79784029140328
 20
-6.181243823640961
 10
138.797646
 20
-6.181474
 10
138.7973306795196
 20
-6.182461386852086
 10
138.796999
 20
-6.1835
 10
138.796999
 20
-6.453008849557523
 10
138.796999
 20
-6.7365
 10
138.7973143204804
 20
-6.737487386852086
 10
138.797646
 20
-6.738526
 10
138.7978307085967
 20
-6.738744823640961
 10
138.798025
 20
-6.738975
 10
138.79824333628318
 20
-6.739159708596713
 10
138.798473
 20
-6.739354
 10
138.79946038685208
 20
-6.7396688331226295
 10
138.800499
 20
-6.74
 10
138.80975928508218
 20
-6.74
 10
138.8195
 20
-6.74
 10
138.82048738685208
 20
-6.73968516687737
 10
138.821526
 20
-6.739354
 10
138.8217443362832
 20
-6.739169291403287
 10
138.821974
 20
-6.738975
 10
138.82216829140327
 20
-6.738744823640961
 10
138.822353
 20
-6.738526
 10
138.8226846795196
 20
-6.737487386852086
 10
138.823
 20
-6.7365
 10
138.823
 20
-6.453008849557523
 10
138.823
 20
-6.1835
 10
138.8226683204804
 20
-6.182461386852086
 10
138.822353
 20
-6.181474
 10
138.8221587085967
 20
-6.181243823640961
 10
138.821974
 20
-6.181025
 10
138.8217443362832
 20
-6.180830708596713
 10
138.821526
 20
-6.180646
 10
138.82048738685208
 20
-6.18031483312263
 10
138.8195
 20
-6.18
 10
138.80975928508218
 20
-6.18
 10
138.800499
 20
-6.18
 10
138.79946038685208
 20
-6.18033116687737
 10
138.798473
 20
-6.180646
 10
138.79824333628318
 20
-6.180840291403287
 10
138.798025
 20
-6.181025
 10
138.79784029140328
 20
-6.181243823640961
  0
LWPOLYLINE
  5
4B8
330
17
100
AcDbEntity
  8
VISTA
100
AcDbPolyline
 90
41
 70
1
 10
139.29784029140328
 20
-6.181243823640961
 10
139.297646
 20
-6.181474
 10
139.2973306795196
 20
-6.182461386852086
 10
139.296999
 20
-6.1835
 10
139.296999
 20
-6.453008849557523
 10
139.296999
 20
-6.7365
 10
139.2973143204804
 20
-6.737487386852086
 10
139.297646
 20
-6.738526
 10
139.2978307085967
 20
-6.738744823640961
 10
139.298025
 20
-6.738975
 10
139.29824333628318
 20
-6.739159708596713
 10
139.298473
 20
-6.739354
 10
139.29946038685208
 20
-6.7396688331226295
 10
139.300499
 20
-6.74
 10
139.30975928508218
 20
-6.74
 10
139.3195
 20
-6.74
 10
139.32048738685208
 20
-6.73968516687737
 10
139.321526
 20
-6.739354
 10
139.3217443362832
 20
-6.739169291403287
 10
139.321974
 20
-6.738975
 10
139.32216829140327
 20
-6.738744823640961
 10
139.322353
 20
-6.738526
 10
139.3226846795196
 20
-6.737487386852086
 10
139.323
 20
-6.7365
 10
139.323
 20
-6.453008849557523
 10
139.323
 20
-6.1835
 10
139.3226683204804
 20
-6.182461386852086
 10
139.322353
 20
-6.181474
 10
139.3221587085967
 20
-6.181243823640961
 10
139.321974
 20
-6.181025
 10
139.3217443362832
 20
-6.180830708596713
 10
139.321526
 20
-6.180646
 10
139.32048738685208
 20
-6.18031483312263
 10
139.3195
 20
-6.18
 10
139.30975928508218
 20
-6.18
 10
139.300499
 20
-6.18
 10
139.29946038685208
 20
-6.18033116687737
 10
139.298473
 20
-6.180646
 10
139.29824333628318
 20
-6.180840291403287
 10
139.298025
 20
-6.181025
 10
139.29784029140328
 20
-6.181243823640961
  0
LWPOLYLINE
  5
4B9
330
17
100
AcDbEntity
  8
VISTA
100
AcDbPolyline
 90
41
 70
1
 10
141.7685011237785
 20
-8.826694209011944
 10
141.768332
 20
-8.826895
 10
141.76778952877308
 20
-8.828593482627578
 10
141.76749999999998
 20
-8.8295
 10
141.76749999999998
 20
-10.147209554831704
 10
141.76749999999998
 20
-10.8505
 10
141.76804247122692
 20
-10.852199134636265
 10
141.768332
 20
-10.853106
 10
141.7686488762215
 20
-10.853482209011943
 10
141.768818
 20
-10.853683
 10
141.76919486102062
 20
-10.854000528230184
 10
141.769396
 20
-10.85417
 10
141.77109448262757
 20
-10.854711167209555
 10
141.772001
 20
-10.855
 10
141.7824324869707
 20
-10.855
 10
141.788
 20
-10.855
 10
141.78969913463627
 20
-10.854458832790446
 10
141.790606
 20
-10.85417
 10
141.79098220901193
 20
-10.853852471769816
 10
141.791183
 20
-10.853683
 10
141.7913524717698
 20
-10.853482209011943
 10
141.79167
 20
-10.853106
 10
141.79195918078176
 20
-10.852199134636265
 10
141.79250100000002
 20
-10.8505
 10
141.79250100000002
 20
-10.147209554831704
 10
141.79250100000002
 20
-8.8295
 10
141.79221181921824
 20
-8.828593482627578
 10
141.79167
 20
-8.826895
 10
141.7915005282302
 20
-8.826694209011944
 10
141.791183
 20
-8.826318
 10
141.79098220901193
 20
-8.82614818023887
 10
141.790606
 20
-8.82583
 10
141.78969913463627
 20
-8.825541167209554
 10
141.788
 20
-8.825
 10
141.7824324869707
 20
-8.825
 10
141.772001
 20
-8.825
 10
141.77109448262757
 20
-8.825288832790445
 10
141.769396
 20
-8.82583
 10
141.76919486102062
 20
-8.82599981976113
 10
141.768818
 20
-8.826318
 10
141.7685011237785
 20
-8.826694209011944
  0
LWPOLYLINE
  5
4BA
330
17
100
AcDbEntity
  8
VISTA
100
AcDbPolyline
 90
41
 70
1
 10
141.05392321196283
 20
-10.969585497289973
 10
141.053814
 20
-10.969715
 10
141.05368698780487
 20
-10.970111761904763
 10
141.053499
 20
-10.970699
 10
141.053499
 20
-10.978199170925281
 10
141.053499
 20
-10.9893
 10
141.0536260121951
 20
-10.989696761904762
 10
141.053814
 20
-10.990284
 10
141.05388778803717
 20
-10.990371497289974
 10
141.053997
 20
-10.990501
 10
141.05408530371662
 20
-10.990575191250484
 10
141.054216
 20
-10.990685
 10
141.05461316511807
 20
-10.990811608981804
 10
141.055201
 20
-10.990999
 10
141.06390960123886
 20
-10.990999
 10
141.076799
 20
-10.990999
 10
141.0771961651181
 20
-10.990872391018195
 10
141.077784
 20
-10.990685
 10
141.07787230371662
 20
-10.990610808749516
 10
141.078003
 20
-10.990501
 10
141.07811221196283
 20
-10.990371497289974
 10
141.078186
 20
-10.990284
 10
141.07837398780487
 20
-10.989696761904762
 10
141.078501
 20
-10.9893
 10
141.078501
 20
-10.978199170925281
 10
141.078501
 20
-10.970699
 10
141.0783130121951
 20
-10.970111761904763
 10
141.078186
 20
-10.969715
 10
141.07807678803715
 20
-10.969585497289973
 10
141.078003
 20
-10.969498
 10
141.07787230371662
 20
-10.969388191250484
 10
141.077784
 20
-10.969314
 10
141.0771961651181
 20
-10.969126608981805
 10
141.076799
 20
-10.969
 10
141.06390960123886
 20
-10.969
 10
141.055201
 20
-10.969
 10
141.05461316511807
 20
-10.969187391018195
 10
141.054216
 20
-10.969314
 10
141.05408530371662
 20
-10.969423808749516
 10
141.053997
 20
-10.969498
 10
141.05392321196283
 20
-10.969585497289973
  0
LWPOLYLINE
  5
4BB
330
17
100
AcDbEntity
  8
VISTA
100
AcDbPolyline
 90
41
 70
1
 10
135.02618158346334
 20
-11.623980478159126
 10
135.025831
 20
-11.624395
 10
135.02559727925117
 20
-11.625128826833073
 10
135.025001
 20
-11.627001
 10
135.025001
 20
-11.63432209126365
 10
135.025001
 20
-11.653
 10
135.02523472074884
 20
-11.65373354524181
 10
135.025831
 20
-11.655605
 10
135.02596841653667
 20
-11.655767478159126
 10
135.026319
 20
-11.656182
 10
135.02648147815913
 20
-11.656319416536661
 10
135.026896
 20
-11.65667
 10
135.02762926365054
 20
-11.656903720748831
 10
135.0295
 20
-11.6575
 10
135.35079563182526
 20
-11.6575
 10
136.1705
 20
-11.6575
 10
136.17123354524182
 20
-11.65726627925117
 10
136.173105
 20
-11.65667
 10
136.1732677597504
 20
-11.656532583463338
 10
136.173683
 20
-11.656182
 10
136.1740328650546
 20
-11.655767478159126
 10
136.17417
 20
-11.655605
 10
136.1747669976599
 20
-11.65373354524181
 10
136.175001
 20
-11.653
 10
136.175001
 20
-11.63432209126365
 10
136.175001
 20
-11.627001
 10
136.17440400234008
 20
-11.625128826833073
 10
136.17417
 20
-11.624395
 10
136.1738201349454
 20
-11.623980478159126
 10
136.173683
 20
-11.623818
 10
136.1732677597504
 20
-11.623468134945398
 10
136.173105
 20
-11.623331
 10
136.17123354524182
 20
-11.622734002340094
 10
136.1705
 20
-11.6225
 10
135.35079563182526
 20
-11.6225
 10
135.0295
 20
-11.6225
 10
135.02762926365054
 20
-11.623096997659907
 10
135.026896
 20
-11.623331
 10
135.02648147815913
 20
-11.623680865054602
 10
135.026319
 20
-11.623818
 10
135.02618158346334
 20
-11.623980478159126
  0
LWPOLYLINE
  5
4BC
330
17
100
AcDbEntity
  8
VISTA
100
AcDbPolyline
 90
11
 70
1
 10
133.92
 20
-9.11
 10
133.92
 20
-9.08096
 10
133.92
 20
-9.05
 10
133.905479516
 20
-9.05
 10
133.889999
 20
-9.05
 10
133.889999
 20
-9.07903983737691
 10
133.889999
 20
-9.09
 10
133.9005
 20
-9.09
 10
133.9005
 20
-9.11
 10
133.90451955225782
 20
-9.11
 10
133.92
 20
-9.11
  0
LWPOLYLINE
  5
4BD
330
17
100
AcDbEntity
  8
VISTA
100
AcDbPolyline
 90
9
 70
1
 10
133.92
 20
-11.679999
 10
133.92
 20
-11.650959484
 10
133.92
 20
-11.62
 10
133.905479516
 20
-11.62
 10
133.889999
 20
-11.62
 10
133.889999
 20
-11.649039516
 10
133.889999
 20
-11.679999
 10
133.904519484
 20
-11.679999
 10
133.92
 20
-11.679999
  0
LWPOLYLINE
  5
4BE
330
17
100
AcDbEntity
  8
VISTA
100
AcDbPolyline
 90
8
 70
1
 10
133.92
 20
-10.3875
 10
133.92
 20
-10.36572
 10
133.92
 20
-10.3425
 10
133.90547958002477
 20
-10.3425
 10
133.9005
 20
-10.3425
 10
133.9005
 20
-10.3875
 10
133.90451955225782
 20
-10.3875
 10
133.92
 20
-10.3875
  0
LWPOLYLINE
  5
4BF
330
17
100
AcDbEntity
  8
VISTA
100
AcDbPolyline
 90
9
 70
1
 10
134.69
 20
-12.12
 10
134.69
 20
-12.105479515999999
 10
134.69
 20
-12.089999
 10
134.66096
 20
-12.089999
 10
134.63
 20
-12.089999
 10
134.63
 20
-12.104519484
 10
134.63
 20
-12.12
 10
134.65904
 20
-12.12
 10
134.69
 20
-12.12
  0
LWPOLYLINE
  5
4C0
330
17
100
AcDbEntity
  8
VISTA
100
AcDbPolyline
 90
9
 70
1
 10
137.450001
 20
-12.12
 10
137.450001
 20
-12.105479515999999
 10
137.450001
 20
-12.089999
 10
137.420960032
 20
-12.089999
 10
137.389999
 20
-12.089999
 10
137.389999
 20
-12.104519484
 10
137.389999
 20
-12.12
 10
137.419039968
 20
-12.12
 10
137.450001
 20
-12.12
  0
LWPOLYLINE
  5
4C1
330
17
100
AcDbEntity
  8
VISTA
100
AcDbPolyline
 90
9
 70
1
 10
136.060001
 20
-12.12
 10
136.060001
 20
-12.105479515999999
 10
136.060001
 20
-12.089999
 10
136.040640516
 20
-12.089999
 10
136.02
 20
-12.089999
 10
136.02
 20
-12.104519484
 10
136.02
 20
-12.12
 10
136.03936048399999
 20
-12.12
 10
136.060001
 20
-12.12
  0
LWPOLYLINE
  5
4C2
330
17
100
AcDbEntity
  8
VISTA
100
AcDbPolyline
 90
9
 70
1
 10
137.860001
 20
-12.12
 10
137.860001
 20
-12.105479515999999
 10
137.860001
 20
-12.089999
 10
137.830960032
 20
-12.089999
 10
137.799999
 20
-12.089999
 10
137.799999
 20
-12.104519484
 10
137.799999
 20
-12.12
 10
137.829039968
 20
-12.12
 10
137.860001
 20
-12.12
  0
LWPOLYLINE
  5
4C3
330
17
100
AcDbEntity
  8
VISTA
100
AcDbPolyline
 90
9
 70
1
 10
141.400002
 20
-12.12
 10
141.400002
 20
-12.105479515999999
 10
141.400002
 20
-12.089999
 10
141.370961032
 20
-12.089999
 10
141.34
 20
-12.089999
 10
141.34
 20
-12.104519484
 10
141.34
 20
-12.12
 10
141.369040968
 20
-12.12
 10
141.400002
 20
-12.12
  0
LWPOLYLINE
  5
4C4
330
17
100
AcDbEntity
  8
VISTA
100
AcDbPolyline
 90
9
 70
1
 10
139.620001
 20
-12.12
 10
139.620001
 20
-12.105479515999999
 10
139.620001
 20
-12.089999
 10
139.600640516
 20
-12.089999
 10
139.57999999999998
 20
-12.089999
 10
139.57999999999998
 20
-12.104519484
 10
139.57999999999998
 20
-12.12
 10
139.599360484
 20
-12.12
 10
139.620001
 20
-12.12
  0
LWPOLYLINE
  5
4C5
330
17
100
AcDbEntity
  8
VISTA
100
AcDbPolyline
 90
41
 70
1
 10
139.40585903976503
 20
-7.975610829191143
 10
139.405645
 20
-7.975737
 10
139.40536374107546
 20
-7.976179415047446
 10
139.405001
 20
-7.97675
 10
139.405001
 20
-7.997058291911433
 10
139.405001
 20
-8.02325
 10
139.40528225892453
 20
-8.023692415047448
 10
139.405645
 20
-8.024263
 10
139.405810960235
 20
-8.024360829191144
 10
139.406025
 20
-8.024487
 10
139.4062206583823
 20
-8.024569980117489
 10
139.406473
 20
-8.024677
 10
139.4073587035698
 20
-8.02481806619973
 10
139.408501
 20
-8.025
 10
139.41854508811568
 20
-8.025
 10
139.431499
 20
-8.025
 10
139.43238470356982
 20
-8.024858933800271
 10
139.433527
 20
-8.024677
 10
139.4337226583823
 20
-8.024594019882512
 10
139.433975
 20
-8.024487
 10
139.43418903976502
 20
-8.024360829191144
 10
139.434355
 20
-8.024263
 10
139.43471774107547
 20
-8.023692415047448
 10
139.434999
 20
-8.02325
 10
139.434999
 20
-7.997058291911433
 10
139.434999
 20
-7.97675
 10
139.43463625892454
 20
-7.976179415047446
 10
139.434355
 20
-7.975737
 10
139.43414096023497
 20
-7.975610829191143
 10
139.433975
 20
-7.975513
 10
139.4337226583823
 20
-7.975405980117488
 10
139.433527
 20
-7.975323
 10
139.43238470356982
 20
-7.975141066199729
 10
139.431499
 20
-7.975
 10
139.41854508811568
 20
-7.975
 10
139.408501
 20
-7.975
 10
139.4073587035698
 20
-7.975181933800271
 10
139.406473
 20
-7.975323
 10
139.4062206583823
 20
-7.975430019882513
 10
139.406025
 20
-7.975513
 10
139.40585903976503
 20
-7.975610829191143
  0
LWPOLYLINE
  5
4C6
330
17
100
AcDbEntity
  8
VISTA
100
AcDbPolyline
 90
41
 70
1
 10
139.40585903976503
 20
-7.095610265928603
 10
139.405645
 20
-7.095737
 10
139.40536374107546
 20
-7.096179415047446
 10
139.405001
 20
-7.09675
 10
139.405001
 20
-7.117058291911433
 10
139.405001
 20
-7.14325
 10
139.40528225892453
 20
-7.143692415047447
 10
139.405645
 20
-7.144263
 10
139.405810960235
 20
-7.144360829191143
 10
139.406025
 20
-7.144487
 10
139.4062206583823
 20
-7.144569980117487
 10
139.406473
 20
-7.144677
 10
139.4073587035698
 20
-7.144818066199728
 10
139.408501
 20
-7.145
 10
139.41854508811568
 20
-7.145
 10
139.431499
 20
-7.145
 10
139.43238470356982
 20
-7.144858933800271
 10
139.433527
 20
-7.144677
 10
139.4337226583823
 20
-7.144594019882512
 10
139.433975
 20
-7.144487
 10
139.43418903976502
 20
-7.144360829191143
 10
139.434355
 20
-7.144263
 10
139.43471774107547
 20
-7.143692415047447
 10
139.434999
 20
-7.14325
 10
139.434999
 20
-7.117058291911433
 10
139.434999
 20
-7.09675
 10
139.43463625892454
 20
-7.096179415047446
 10
139.434355
 20
-7.095737
 10
139.43414096023497
 20
-7.095610265928603
 10
139.433975
 20
-7.095512
 10
139.4337226583823
 20
-7.095405543380027
 10
139.433527
 20
-7.095323
 10
139.43238470356982
 20
-7.095141066199728
 10
139.431499
 20
-7.095
 10
139.41854508811568
 20
-7.095
 10
139.408501
 20
-7.095
 10
139.4073587035698
 20
-7.095181933800271
 10
139.406473
 20
-7.095323
 10
139.4062206583823
 20
-7.095429456619973
 10
139.406025
 20
-7.095512
 10
139.40585903976503
 20
-7.095610265928603
  0
LINE
  5
4C7
330
17
100
AcDbEntity
  8
VISTA
100
AcDbLine
 10
135.5380236640616
 20
-6.165570684940429
 30
0.0
 11
135.820001
 21
-6.165665828189419
 31
0.0
  0
LINE
  5
4C8
330
17
100
AcDbEntity
  8
VISTA
100
AcDbLine
 10
135.5380236640616
 20
-6.165570684940429
 30
0.0
 11
135.34867370538396
 21
-6.165506189170454
 31
0.0
  0
LINE
  5
4C9
330
17
100
AcDbEntity
  8
VISTA
100
AcDbLine
 10
135.2603363682361
 20
-6.164985888984006
 30
0.0
 11
135.34867370538396
 21
-6.165506189170454
 31
0.0
  0
LINE
  5
4CA
330
17
100
AcDbEntity
  8
VISTA
100
AcDbLine
 10
135.2603363682361
 20
-6.164985888984006
 30
0.0
 11
135.22314697660818
 21
-6.164759082321188
 31
0.0
  0
LINE
  5
4CB
330
17
100
AcDbEntity
  8
VISTA
100
AcDbLine
 10
135.15658896545517
 20
-6.164073152502777
 30
0.0
 11
135.22314697660818
 21
-6.164759082321188
 31
0.0
  0
LINE
  5
4CC
330
17
100
AcDbEntity
  8
VISTA
100
AcDbLine
 10
135.15658896545517
 20
-6.164073152502777
 30
0.0
 11
135.13617223545438
 21
-6.163878431212298
 31
0.0
  0
LINE
  5
4CD
330
17
100
AcDbEntity
  8
VISTA
100
AcDbLine
 10
135.08925812186231
 20
-6.163171376796645
 30
0.0
 11
135.13617223545438
 21
-6.163878431212298
 31
0.0
  0
LINE
  5
4CE
330
17
100
AcDbEntity
  8
VISTA
100
AcDbLine
 10
135.08925812186231
 20
-6.163171376796645
 30
0.0
 11
135.065351520797
 21
-6.162855069489415
 31
0.0
  0
LINE
  5
4CF
330
17
100
AcDbEntity
  8
VISTA
100
AcDbLine
 10
135.03562790969653
 20
-6.161841855744716
 30
0.0
 11
135.065351520797
 21
-6.162855069489415
 31
0.0
  0
LINE
  5
4D0
330
17
100
AcDbEntity
  8
VISTA
100
AcDbLine
 10
135.03562790969653
 20
-6.161841855744716
 30
0.0
 11
135.01589255453985
 21
-6.161159601152975
 31
0.0
  0
LINE
  5
4D1
330
17
100
AcDbEntity
  8
VISTA
100
AcDbLine
 10
134.9948154685742
 20
-6.15941702914646
 30
0.0
 11
135.01589255453985
 21
-6.161159601152975
 31
0.0
  0
LINE
  5
4D2
330
17
100
AcDbEntity
  8
VISTA
100
AcDbLine
 10
134.9948154685742
 20
-6.15941702914646
 30
0.0
 11
134.98655733475954
 21
-6.158699792092544
 31
0.0
  0
LINE
  5
4D3
330
17
100
AcDbEntity
  8
VISTA
100
AcDbLine
 10
134.96787602197136
 20
-6.15633506147954
 30
0.0
 11
134.98655733475954
 21
-6.158699792092544
 31
0.0
  0
LINE
  5
4D4
330
17
100
AcDbEntity
  8
VISTA
100
AcDbLine
 10
134.96787602197136
 20
-6.15633506147954
 30
0.0
 11
134.9622122801303
 21
-6.155659255700326
 31
0.0
  0
LINE
  5
4D5
330
17
100
AcDbEntity
  8
VISTA
100
AcDbLine
 10
134.94791623528155
 20
-6.152740538335588
 30
0.0
 11
134.9622122801303
 21
-6.155659255700326
 31
0.0
  0
LINE
  5
4D6
330
17
100
AcDbEntity
  8
VISTA
100
AcDbLine
 10
134.94791623528155
 20
-6.152740538335588
 30
0.0
 11
134.9401460375998
 21
-6.151324614730878
 31
0.0
  0
LINE
  5
4D7
330
17
100
AcDbEntity
  8
VISTA
100
AcDbLine
 10
134.93677901363617
 20
-6.141588942753409
 30
0.0
 11
134.9401460375998
 21
-6.151324614730878
 31
0.0
  0
LINE
  5
4D8
330
17
100
AcDbEntity
  8
VISTA
100
AcDbLine
 10
134.93677901363617
 20
-6.141588942753409
 30
0.0
 11
134.93495129911594
 21
-6.135
 31
0.0
  0
LINE
  5
4D9
330
17
100
AcDbEntity
  8
VISTA
100
AcDbLine
 10
134.94319433326788
 20
-6.123527169874312
 30
0.0
 11
134.93495129911594
 21
-6.135
 31
0.0
  0
LINE
  5
4DA
330
17
100
AcDbEntity
  8
VISTA
100
AcDbLine
 10
134.94319433326788
 20
-6.123527169874312
 30
0.0
 11
134.94709665229465
 21
-6.11880535008528
 31
0.0
  0
LINE
  5
4DB
330
17
100
AcDbEntity
  8
VISTA
100
AcDbLine
 10
134.95873472234473
 20
-6.115363720781043
 30
0.0
 11
134.94709665229465
 21
-6.11880535008528
 31
0.0
  0
LINE
  5
4DC
330
17
100
AcDbEntity
  8
VISTA
100
AcDbLine
 10
134.95873472234473
 20
-6.115363720781043
 30
0.0
 11
134.96207446607008
 21
-6.1143378877162
 31
0.0
  0
LINE
  5
4DD
330
17
100
AcDbEntity
  8
VISTA
100
AcDbLine
 10
134.9742274585008
 20
-6.112198737200768
 30
0.0
 11
134.96207446607008
 21
-6.1143378877162
 31
0.0
  0
LINE
  5
4DE
330
17
100
AcDbEntity
  8
VISTA
100
AcDbLine
 10
134.9742274585008
 20
-6.112198737200768
 30
0.0
 11
134.97986381679357
 21
-6.111110835309782
 31
0.0
  0
LINE
  5
4DF
330
17
100
AcDbEntity
  8
VISTA
100
AcDbLine
 10
135.00076663211235
 20
-6.109754783842083
 30
0.0
 11
134.97986381679357
 21
-6.111110835309782
 31
0.0
  0
LINE
  5
4E0
330
17
100
AcDbEntity
  8
VISTA
100
AcDbLine
 10
135.00076663211235
 20
-6.109754783842083
 30
0.0
 11
135.01584734096193
 21
-6.108839350220441
 31
0.0
  0
LINE
  5
4E1
330
17
100
AcDbEntity
  8
VISTA
100
AcDbLine
 10
135.05382804911272
 20
-6.107790528378817
 30
0.0
 11
135.01584734096193
 21
-6.108839350220441
 31
0.0
  0
LINE
  5
4E2
330
17
100
AcDbEntity
  8
VISTA
100
AcDbLine
 10
135.05382804911272
 20
-6.107790528378817
 30
0.0
 11
135.07096635350726
 21
-6.107352290654838
 31
0.0
  0
LINE
  5
4E3
330
17
100
AcDbEntity
  8
VISTA
100
AcDbLine
 10
135.12010576681038
 20
-6.106415056727933
 30
0.0
 11
135.07096635350726
 21
-6.107352290654838
 31
0.0
  0
LINE
  5
4E4
330
17
100
AcDbEntity
  8
VISTA
100
AcDbLine
 10
135.12010576681038
 20
-6.106415056727933
 30
0.0
 11
135.13593464690382
 21
-6.106112348014305
 31
0.0
  0
LINE
  5
4E5
330
17
100
AcDbEntity
  8
VISTA
100
AcDbLine
 10
135.1904676447286
 20
-6.1053969654286
 30
0.0
 11
135.13593464690382
 21
-6.106112348014305
 31
0.0
  0
LINE
  5
4E6
330
17
100
AcDbEntity
  8
VISTA
100
AcDbLine
 10
135.1904676447286
 20
-6.1053969654286
 30
0.0
 11
135.21858916141002
 21
-6.105014286410019
 31
0.0
  0
LINE
  5
4E7
330
17
100
AcDbEntity
  8
VISTA
100
AcDbLine
 10
135.2948106250992
 20
-6.104692645845143
 30
0.0
 11
135.21858916141002
 21
-6.105014286410019
 31
0.0
  0
LINE
  5
4E8
330
17
100
AcDbEntity
  8
VISTA
100
AcDbLine
 10
135.2948106250992
 20
-6.104692645845143
 30
0.0
 11
135.34864160060195
 21
-6.104492340318806
 31
0.0
  0
LINE
  5
4E9
330
17
100
AcDbEntity
  8
VISTA
100
AcDbLine
 10
135.6709839770442
 20
-6.104514400178216
 30
0.0
 11
135.34864160060195
 21
-6.104492340318806
 31
0.0
  0
LINE
  5
4EA
330
17
100
AcDbEntity
  8
VISTA
100
AcDbLine
 10
135.6709839770442
 20
-6.104514400178216
 30
0.0
 11
135.819999
 21
-6.104547385650381
 31
0.0
  0
LINE
  5
4EB
330
17
100
AcDbEntity
  8
VISTA
100
AcDbLine
 10
136.16727428537777
 20
-6.104677875013184
 30
0.0
 11
135.819999
 21
-6.104547385650381
 31
0.0
  0
LINE
  5
4EC
330
17
100
AcDbEntity
  8
VISTA
100
AcDbLine
 10
136.16727428537777
 20
-6.104677875013184
 30
0.0
 11
136.28779883194983
 21
-6.1047220043781305
 31
0.0
  0
LINE
  5
4ED
330
17
100
AcDbEntity
  8
VISTA
100
AcDbLine
 10
136.3749074442173
 20
-6.104917053738463
 30
0.0
 11
136.28779883194983
 21
-6.1047220043781305
 31
0.0
  0
LINE
  5
4EE
330
17
100
AcDbEntity
  8
VISTA
100
AcDbLine
 10
136.3749074442173
 20
-6.104917053738463
 30
0.0
 11
136.42150259110886
 21
-6.105008713488004
 31
0.0
  0
LINE
  5
4EF
330
17
100
AcDbEntity
  8
VISTA
100
AcDbLine
 10
136.4736736708637
 20
-6.105502161632596
 30
0.0
 11
136.42150259110886
 21
-6.105008713488004
 31
0.0
  0
LINE
  5
4F0
330
17
100
AcDbEntity
  8
VISTA
100
AcDbLine
 10
136.4736736708637
 20
-6.105502161632596
 30
0.0
 11
136.50984020921538
 21
-6.105867380388458
 31
0.0
  0
LINE
  5
4F1
330
17
100
AcDbEntity
  8
VISTA
100
AcDbLine
 10
136.55087879784742
 20
-6.106840855435085
 30
0.0
 11
136.50984020921538
 21
-6.105867380388458
 31
0.0
  0
LINE
  5
4F2
330
17
100
AcDbEntity
  8
VISTA
100
AcDbLine
 10
136.55087879784742
 20
-6.106840855435085
 30
0.0
 11
136.5698956425177
 21
-6.107319485926024
 31
0.0
  0
LINE
  5
4F3
330
17
100
AcDbEntity
  8
VISTA
100
AcDbLine
 10
136.60559315640208
 20
-6.108576365329753
 30
0.0
 11
136.5698956425177
 21
-6.107319485926024
 31
0.0
  0
LINE
  5
4F4
330
17
100
AcDbEntity
  8
VISTA
100
AcDbLine
 10
136.60559315640208
 20
-6.108576365329753
 30
0.0
 11
136.61849672881357
 21
-6.109022254237288
 31
0.0
  0
LINE
  5
4F5
330
17
100
AcDbEntity
  8
VISTA
100
AcDbLine
 10
136.6455192745004
 20
-6.110388568505071
 30
0.0
 11
136.61849672881357
 21
-6.109022254237288
 31
0.0
  0
LINE
  5
4F6
330
17
100
AcDbEntity
  8
VISTA
100
AcDbLine
 10
136.6455192745004
 20
-6.110388568505071
 30
0.0
 11
136.66045881262016
 21
-6.111100657926936
 31
0.0
  0
LINE
  5
4F7
330
17
100
AcDbEntity
  8
VISTA
100
AcDbLine
 10
136.67559006943102
 20
-6.112893789566359
 30
0.0
 11
136.66045881262016
 21
-6.111100657926936
 31
0.0
  0
LINE
  5
4F8
330
17
100
AcDbEntity
  8
VISTA
100
AcDbLine
 10
136.67559006943102
 20
-6.112893789566359
 30
0.0
 11
136.68578005418314
 21
-6.114147935234496
 31
0.0
  0
LINE
  5
4F9
330
17
100
AcDbEntity
  8
VISTA
100
AcDbLine
 10
136.69189995088655
 20
-6.117294167738899
 30
0.0
 11
136.68578005418314
 21
-6.114147935234496
 31
0.0
  0
LINE
  5
4FA
330
17
100
AcDbEntity
  8
VISTA
100
AcDbLine
 10
136.69189995088655
 20
-6.117294167738899
 30
0.0
 11
136.69441080200775
 21
-6.11877715962628
 31
0.0
  0
LINE
  5
4FB
330
17
100
AcDbEntity
  8
VISTA
100
AcDbLine
 10
136.69745859574684
 20
-6.1307857244523705
 30
0.0
 11
136.69441080200775
 21
-6.11877715962628
 31
0.0
  0
LINE
  5
4FC
330
17
100
AcDbEntity
  8
VISTA
100
AcDbLine
 10
136.69745859574684
 20
-6.1307857244523705
 30
0.0
 11
136.69882306236838
 21
-6.134999
 31
0.0
  0
LINE
  5
4FD
330
17
100
AcDbEntity
  8
VISTA
100
AcDbLine
 10
136.6992113449157
 20
-6.145713416479036
 30
0.0
 11
136.69882306236838
 21
-6.134999
 31
0.0
  0
LINE
  5
4FE
330
17
100
AcDbEntity
  8
VISTA
100
AcDbLine
 10
136.6992113449157
 20
-6.145713416479036
 30
0.0
 11
136.70022065797767
 21
-6.151330361930679
 31
0.0
  0
LINE
  5
4FF
330
17
100
AcDbEntity
  8
VISTA
100
AcDbLine
 10
136.69166657703929
 20
-6.154016761329305
 30
0.0
 11
136.70022065797767
 21
-6.151330361930679
 31
0.0
  0
LINE
  5
500
330
17
100
AcDbEntity
  8
VISTA
100
AcDbLine
 10
136.69166657703929
 20
-6.154016761329305
 30
0.0
 11
136.6857243986963
 21
-6.155849533233597
 31
0.0
  0
LINE
  5
501
330
17
100
AcDbEntity
  8
VISTA
100
AcDbLine
 10
136.6643631271068
 20
-6.1578403354435585
 30
0.0
 11
136.6857243986963
 21
-6.155849533233597
 31
0.0
  0
LINE
  5
502
330
17
100
AcDbEntity
  8
VISTA
100
AcDbLine
 10
136.6643631271068
 20
-6.1578403354435585
 30
0.0
 11
136.65453052201957
 21
-6.158729708370899
 31
0.0
  0
LINE
  5
503
330
17
100
AcDbEntity
  8
VISTA
100
AcDbLine
 10
136.62677899738156
 20
-6.1603981635115534
 30
0.0
 11
136.65453052201957
 21
-6.158729708370899
 31
0.0
  0
LINE
  5
504
330
17
100
AcDbEntity
  8
VISTA
100
AcDbLine
 10
136.62677899738156
 20
-6.1603981635115534
 30
0.0
 11
136.61799776268506
 21
-6.160959765775479
 31
0.0
  0
LINE
  5
505
330
17
100
AcDbEntity
  8
VISTA
100
AcDbLine
 10
136.58876226129362
 20
-6.162200429543121
 30
0.0
 11
136.61799776268506
 21
-6.160959765775479
 31
0.0
  0
LINE
  5
506
330
17
100
AcDbEntity
  8
VISTA
100
AcDbLine
 10
136.58876226129362
 20
-6.162200429543121
 30
0.0
 11
136.5747902088535
 21
-6.16285988044727
 31
0.0
  0
LINE
  5
507
330
17
100
AcDbEntity
  8
VISTA
100
AcDbLine
 10
136.5358846442143
 20
-6.16361758660473
 30
0.0
 11
136.5747902088535
 21
-6.16285988044727
 31
0.0
  0
LINE
  5
508
330
17
100
AcDbEntity
  8
VISTA
100
AcDbLine
 10
136.5358846442143
 20
-6.16361758660473
 30
0.0
 11
136.5097245397512
 21
-6.1641263420095695
 31
0.0
  0
LINE
  5
509
330
17
100
AcDbEntity
  8
VISTA
100
AcDbLine
 10
136.44465417614424
 20
-6.1645756679790615
 30
0.0
 11
136.5097245397512
 21
-6.1641263420095695
 31
0.0
  0
LINE
  5
50A
330
17
100
AcDbEntity
  8
VISTA
100
AcDbLine
 10
136.44465417614424
 20
-6.1645756679790615
 30
0.0
 11
136.41688725898314
 21
-6.1647597409050245
 31
0.0
  0
LINE
  5
50B
330
17
100
AcDbEntity
  8
VISTA
100
AcDbLine
 10
136.3173628152112
 20
-6.1651227222454965
 30
0.0
 11
136.41688725898314
 21
-6.1647597409050245
 31
0.0
  0
LINE
  5
50C
330
17
100
AcDbEntity
  8
VISTA
100
AcDbLine
 10
136.3173628152112
 20
-6.1651227222454965
 30
0.0
 11
136.28733074683544
 21
-6.165246455696202
 31
0.0
  0
LINE
  5
50D
330
17
100
AcDbEntity
  8
VISTA
100
AcDbLine
 10
135.97420917537315
 20
-6.165501104477612
 30
0.0
 11
136.28733074683544
 21
-6.165246455696202
 31
0.0
  0
LINE
  5
50E
330
17
100
AcDbEntity
  8
VISTA
100
AcDbLine
 10
135.97420917537315
 20
-6.165501104477612
 30
0.0
 11
135.82000299999999
 21
-6.165660889875666
 31
0.0
  0
LWPOLYLINE
  5
50F
330
17
100
AcDbEntity
  8
VISTA
100
AcDbPolyline
 90
41
 70
1
 10
139.4979600085772
 20
-6.361740415237134
 10
139.497829
 20
-6.361895
 10
139.49722209838546
 20
-6.3638020913218964
 10
139.497
 20
-6.3645
 10
139.497
 20
-6.899656912209889
 10
139.497
 20
-7.0955
 10
139.49760690161452
 20
-7.097407091321897
 10
139.497829
 20
-7.098105
 10
139.4981869914228
 20
-7.098527415237134
 10
139.498318
 20
-7.098682
 10
139.49873968314833
 20
-7.099038527245207
 10
139.498894
 20
-7.099169
 10
139.5008010913219
 20
-7.099777365792129
 10
139.501499
 20
-7.1
 10
139.51687286478304
 20
-7.1
 10
139.522499
 20
-7.1
 10
139.5244068234107
 20
-7.099391634207871
 10
139.525105
 20
-7.099169
 10
139.52552668314834
 20
-7.098812472754793
 10
139.525681
 20
-7.098682
 10
139.525811740666
 20
-7.098527415237134
 10
139.526169
 20
-7.098105
 10
139.52639136629668
 20
-7.097407091321897
 10
139.526999
 20
-7.0955
 10
139.526999
 20
-6.899656912209889
 10
139.526999
 20
-6.3645
 10
139.52677663370332
 20
-6.3638020913218964
 10
139.526169
 20
-6.361895
 10
139.526038259334
 20
-6.361740415237134
 10
139.525681
 20
-6.361318
 10
139.52552668314834
 20
-6.361187527245207
 10
139.525105
 20
-6.360831
 10
139.5244068234107
 20
-6.360608365792129
 10
139.522499
 20
-6.36
 10
139.51687286478304
 20
-6.36
 10
139.501499
 20
-6.36
 10
139.5008010913219
 20
-6.360222634207871
 10
139.498894
 20
-6.360831
 10
139.49873968314833
 20
-6.360961472754793
 10
139.498318
 20
-6.361318
 10
139.4979600085772
 20
-6.361740415237134
  0
LWPOLYLINE
  5
510
330
17
100
AcDbEntity
  8
VISTA
100
AcDbPolyline
 90
41
 70
1
 10
140.68109300475984
 20
-6.106584029208135
 10
140.68083000000001
 20
-6.106895
 10
140.6804473236694
 20
-6.108096050411077
 10
140.68
 20
-6.1095
 10
140.68
 20
-6.1330138468195585
 10
140.68
 20
-6.1605
 10
140.6803826763306
 20
-6.161701050411077
 10
140.68083000000001
 20
-6.163105
 10
140.68105499524015
 20
-6.163371029208135
 10
140.681318
 20
-6.163682
 10
140.68158356815232
 20
-6.163906534184336
 10
140.681894
 20
-6.164169
 10
140.6830955114669
 20
-6.164552137386413
 10
140.6845
 20
-6.165
 10
141.18751143855474
 20
-6.165
 10
141.775499
 20
-6.165
 10
141.7767005114669
 20
-6.164616862613587
 10
141.778105
 20
-6.164169
 10
141.77837056815233
 20
-6.163944465815664
 10
141.778681
 20
-6.163682
 10
141.77894400475984
 20
-6.163371029208135
 10
141.779169
 20
-6.163105
 10
141.77961632366942
 20
-6.161701050411077
 10
141.779999
 20
-6.1605
 10
141.779999
 20
-6.1330138468195585
 10
141.779999
 20
-6.1095
 10
141.77955167633058
 20
-6.108096050411077
 10
141.779169
 20
-6.106895
 10
141.77890599524017
 20
-6.106584029208135
 10
141.778681
 20
-6.106318
 10
141.77837056815233
 20
-6.106055534184335
 10
141.778105
 20
-6.105831
 10
141.7767005114669
 20
-6.105383137386413
 10
141.775499
 20
-6.105
 10
141.18751143855474
 20
-6.105
 10
140.6845
 20
-6.105
 10
140.6830955114669
 20
-6.1054478626135875
 10
140.681894
 20
-6.105831
 10
140.68158356815232
 20
-6.106093465815665
 10
140.681318
 20
-6.106318
 10
140.68109300475984
 20
-6.106584029208135
  0
LWPOLYLINE
  5
511
330
17
100
AcDbEntity
  8
VISTA
100
AcDbPolyline
 90
9
 70
1
 10
140.450001
 20
-7.17
 10
140.450001
 20
-6.831290322580645
 10
140.450001
 20
-6.47
 10
140.44419406451613
 20
-6.47
 10
140.438
 20
-6.47
 10
140.438
 20
-6.808709677419355
 10
140.438
 20
-7.17
 10
140.44380693548388
 20
-7.17
 10
140.450001
 20
-7.17
  0
LWPOLYLINE
  5
512
330
17
100
AcDbEntity
  8
VISTA
100
AcDbPolyline
 90
13
 70
1
 10
137.998379
 20
-8.960878
 10
137.997501
 20
-8.963
 10
137.997501
 20
-9.037
 10
137.998379
 20
-9.039122
 10
138.0005
 20
-9.04
 10
138.039501
 20
-9.04
 10
138.041622
 20
-9.039122
 10
138.0425
 20
-9.037
 10
138.0425
 20
-8.963
 10
138.041622
 20
-8.960878
 10
138.039501
 20
-8.96
 10
138.0005
 20
-8.96
 10
137.998379
 20
-8.960878
  0
LWPOLYLINE
  5
513
330
17
100
AcDbEntity
  8
VISTA
100
AcDbPolyline
 90
13
 70
1
 10
138.998379
 20
-8.960878
 10
138.997501
 20
-8.963
 10
138.997501
 20
-9.037
 10
138.998379
 20
-9.039122
 10
139.0005
 20
-9.04
 10
139.039501
 20
-9.04
 10
139.041622
 20
-9.039122
 10
139.0425
 20
-9.037
 10
139.0425
 20
-8.963
 10
139.041622
 20
-8.960878
 10
139.039501
 20
-8.96
 10
139.0005
 20
-8.96
 10
138.998379
 20
-8.960878
  0
LWPOLYLINE
  5
514
330
17
100
AcDbEntity
  8
VISTA
100
AcDbPolyline
 90
13
 70
1
 10
137.580879
 20
-7.170879
 10
137.57999999999998
 20
-7.173
 10
137.57999999999998
 20
-7.207
 10
137.580879
 20
-7.209121
 10
137.583
 20
-7.21
 10
137.657001
 20
-7.21
 10
137.659122
 20
-7.209121
 10
137.660002
 20
-7.207
 10
137.660002
 20
-7.173
 10
137.659122
 20
-7.170879
 10
137.657001
 20
-7.17
 10
137.583
 20
-7.17
 10
137.580879
 20
-7.170879
  0
LWPOLYLINE
  5
515
330
17
100
AcDbEntity
  8
VISTA
100
AcDbPolyline
 90
13
 70
1
 10
137.580879
 20
-8.150879
 10
137.57999999999998
 20
-8.153
 10
137.57999999999998
 20
-8.187
 10
137.580879
 20
-8.189121
 10
137.583
 20
-8.190001
 10
137.657001
 20
-8.190001
 10
137.659122
 20
-8.189121
 10
137.660002
 20
-8.187
 10
137.660002
 20
-8.153
 10
137.659122
 20
-8.150879
 10
137.657001
 20
-8.15
 10
137.583
 20
-8.15
 10
137.580879
 20
-8.150879
  0
LWPOLYLINE
  5
516
330
17
100
AcDbEntity
  8
VISTA
100
AcDbPolyline
 90
25
 70
1
 10
141.346895
 20
-6.218409
 10
141.344
 20
-6.219608
 10
141.34151500000002
 20
-6.221515
 10
141.339607
 20
-6.224
 10
141.338409
 20
-6.226894
 10
141.338001
 20
-6.23
 10
141.338409
 20
-6.233106
 10
141.339607
 20
-6.236
 10
141.34151500000002
 20
-6.238485
 10
141.344
 20
-6.240392
 10
141.346895
 20
-6.241591
 10
141.35
 20
-6.242
 10
141.353106
 20
-6.241591
 10
141.356001
 20
-6.240392
 10
141.358486
 20
-6.238485
 10
141.36039399999999
 20
-6.236
 10
141.361591
 20
-6.233106
 10
141.362
 20
-6.23
 10
141.361591
 20
-6.226894
 10
141.36039399999999
 20
-6.224
 10
141.358486
 20
-6.221515
 10
141.356001
 20
-6.219608
 10
141.353106
 20
-6.218409
 10
141.35
 20
-6.218
 10
141.346895
 20
-6.218409
  0
LWPOLYLINE
  5
517
330
17
100
AcDbEntity
  8
VISTA
100
AcDbPolyline
 90
13
 70
1
 10
141.110498
 20
-10.905001
 10
141.1145
 20
-10.905001
 10
141.114853
 20
-10.904854
 10
141.115
 20
-10.9045
 10
141.115
 20
-10.899501
 10
141.114853
 20
-10.899147
 10
141.1145
 20
-10.899
 10
141.110498
 20
-10.899
 10
141.110146
 20
-10.899147
 10
141.109999
 20
-10.899501
 10
141.109999
 20
-10.9045
 10
141.110146
 20
-10.904854
 10
141.110498
 20
-10.905001
  0
LWPOLYLINE
  5
518
330
17
100
AcDbEntity
  8
VISTA
100
AcDbPolyline
 90
13
 70
1
 10
141.110498
 20
-11.581
 10
141.1145
 20
-11.581
 10
141.114853
 20
-11.580853
 10
141.115
 20
-11.5805
 10
141.115
 20
-11.5755
 10
141.114853
 20
-11.575147
 10
141.1145
 20
-11.575
 10
141.110498
 20
-11.575
 10
141.110146
 20
-11.575147
 10
141.109999
 20
-11.5755
 10
141.109999
 20
-11.5805
 10
141.110146
 20
-11.580853
 10
141.110498
 20
-11.581
  0
LWPOLYLINE
  5
519
330
17
100
AcDbEntity
  8
VISTA
100
AcDbPolyline
 90
13
 70
1
 10
141.089502
 20
-11.575
 10
141.1085
 20
-11.575
 10
141.110268
 20
-11.574267
 10
141.111
 20
-11.5725
 10
141.111
 20
-10.907499
 10
141.110268
 20
-10.905732
 10
141.1085
 20
-10.905
 10
141.089502
 20
-10.905
 10
141.087734
 20
-10.905732
 10
141.08700199999998
 20
-10.907499
 10
141.08700199999998
 20
-11.5725
 10
141.087734
 20
-11.574267
 10
141.089502
 20
-11.575
  0
LWPOLYLINE
  5
51A
330
17
100
AcDbEntity
  8
VISTA
100
AcDbPolyline
 90
13
 70
1
 10
141.118002
 20
-11.594999
 10
141.782
 20
-11.594999
 10
141.784121
 20
-11.594121
 10
141.785
 20
-11.591999
 10
141.785
 20
-10.888
 10
141.784121
 20
-10.885879
 10
141.782
 20
-10.885
 10
141.118002
 20
-10.885
 10
141.115881
 20
-10.885879
 10
141.115002
 20
-10.888
 10
141.115002
 20
-11.591999
 10
141.115881
 20
-11.594121
 10
141.118002
 20
-11.594999
  0
LWPOLYLINE
  5
51B
330
17
100
AcDbEntity
  8
VISTA
100
AcDbPolyline
 90
13
 70
1
 10
136.000586
 20
-11.915086
 10
136.0
 20
-11.9165
 10
136.0
 20
-11.9575
 10
136.000586
 20
-11.958915
 10
136.002001
 20
-11.9595
 10
136.038
 20
-11.9595
 10
136.039415
 20
-11.958915
 10
136.040001
 20
-11.9575
 10
136.040001
 20
-11.9165
 10
136.039415
 20
-11.915086
 10
136.038
 20
-11.9145
 10
136.002001
 20
-11.9145
 10
136.000586
 20
-11.915086
  0
LWPOLYLINE
  5
51C
330
17
100
AcDbEntity
  8
VISTA
100
AcDbPolyline
 90
13
 70
1
 10
137.275587
 20
-11.915086
 10
137.275002
 20
-11.9165
 10
137.275002
 20
-11.9575
 10
137.275587
 20
-11.958915
 10
137.277002
 20
-11.9595
 10
137.313002
 20
-11.9595
 10
137.314417
 20
-11.958915
 10
137.315002
 20
-11.9575
 10
137.315002
 20
-11.9165
 10
137.314417
 20
-11.915086
 10
137.313002
 20
-11.9145
 10
137.277002
 20
-11.9145
 10
137.275587
 20
-11.915086
  0
LWPOLYLINE
  5
51D
330
17
100
AcDbEntity
  8
VISTA
100
AcDbPolyline
 90
13
 70
1
 10
137.183378
 20
-11.880379
 10
137.182499
 20
-11.882501
 10
137.182499
 20
-11.9015
 10
137.183378
 20
-11.903622
 10
137.185499
 20
-11.9045
 10
137.2045
 20
-11.9045
 10
137.20662099999998
 20
-11.903622
 10
137.2075
 20
-11.9015
 10
137.2075
 20
-11.882501
 10
137.20662099999998
 20
-11.880379
 10
137.2045
 20
-11.8795
 10
137.185499
 20
-11.8795
 10
137.183378
 20
-11.880379
  0
LWPOLYLINE
  5
51E
330
17
100
AcDbEntity
  8
VISTA
100
AcDbPolyline
 90
13
 70
1
 10
139.500586
 20
-11.912086
 10
139.5
 20
-11.9135
 10
139.5
 20
-11.9545
 10
139.500586
 20
-11.955914
 10
139.502001
 20
-11.9565
 10
139.538
 20
-11.9565
 10
139.539415
 20
-11.955914
 10
139.540001
 20
-11.9545
 10
139.540001
 20
-11.9135
 10
139.539415
 20
-11.912086
 10
139.538
 20
-11.9115
 10
139.502001
 20
-11.9115
 10
139.500586
 20
-11.912086
  0
LWPOLYLINE
  5
51F
330
17
100
AcDbEntity
  8
VISTA
100
AcDbPolyline
 90
13
 70
1
 10
141.175585
 20
-11.912086
 10
141.174999
 20
-11.9135
 10
141.174999
 20
-11.9545
 10
141.175585
 20
-11.955914
 10
141.177
 20
-11.9565
 10
141.212999
 20
-11.9565
 10
141.214415
 20
-11.955914
 10
141.215
 20
-11.9545
 10
141.215
 20
-11.9135
 10
141.214415
 20
-11.912086
 10
141.212999
 20
-11.9115
 10
141.177
 20
-11.9115
 10
141.175585
 20
-11.912086
  0
LWPOLYLINE
  5
520
330
17
100
AcDbEntity
  8
VISTA
100
AcDbPolyline
 90
13
 70
1
 10
141.083378
 20
-11.877378
 10
141.08249899999998
 20
-11.8795
 10
141.08249899999998
 20
-11.898499
 10
141.083378
 20
-11.900621
 10
141.085499
 20
-11.9015
 10
141.1045
 20
-11.9015
 10
141.106621
 20
-11.900621
 10
141.10750000000002
 20
-11.898499
 10
141.10750000000002
 20
-11.8795
 10
141.106621
 20
-11.877378
 10
141.1045
 20
-11.8765
 10
141.085499
 20
-11.8765
 10
141.083378
 20
-11.877378
  0
LWPOLYLINE
  5
521
330
17
100
AcDbEntity
  8
VISTA
100
AcDbPolyline
 90
13
 70
1
 10
139.552
 20
-8.73
 10
139.582998
 20
-8.73
 10
139.584414
 20
-8.729415
 10
139.584999
 20
-8.728001
 10
139.584999
 20
-8.552
 10
139.584414
 20
-8.550586
 10
139.582998
 20
-8.55
 10
139.552
 20
-8.55
 10
139.550585
 20
-8.550586
 10
139.549999
 20
-8.552
 10
139.549999
 20
-8.728001
 10
139.550585
 20
-8.729415
 10
139.552
 20
-8.73
  0
LWPOLYLINE
  5
522
330
17
100
AcDbEntity
  8
VISTA
100
AcDbPolyline
 90
13
 70
1
 10
140.487001
 20
-8.73
 10
140.518
 20
-8.73
 10
140.519415
 20
-8.729415
 10
140.52
 20
-8.728001
 10
140.52
 20
-8.552
 10
140.519415
 20
-8.550586
 10
140.518
 20
-8.55
 10
140.487001
 20
-8.55
 10
140.485586
 20
-8.550586
 10
140.485001
 20
-8.552
 10
140.485001
 20
-8.728001
 10
140.485586
 20
-8.729415
 10
140.487001
 20
-8.73
  0
LWPOLYLINE
  5
523
330
17
100
AcDbEntity
  8
VISTA
100
AcDbPolyline
 90
15
 70
1
 10
140.533001
 20
-8.785001
 10
140.5710925603375
 20
-8.785001
 10
141.577
 20
-8.785001
 10
141.579121
 20
-8.784122
 10
141.57999999999998
 20
-8.782001
 10
141.57999999999998
 20
-8.748
 10
141.579121
 20
-8.745879
 10
141.577
 20
-8.745
 10
140.5710925603375
 20
-8.745
 10
140.533001
 20
-8.745
 10
140.53088
 20
-8.745879
 10
140.530001
 20
-8.748
 10
140.530001
 20
-8.782001
 10
140.53088
 20
-8.784122
 10
140.533001
 20
-8.785001
  0
LWPOLYLINE
  5
524
330
17
100
AcDbEntity
  8
VISTA
100
AcDbPolyline
 90
25
 70
1
 10
133.663011
 20
-0.534279
 10
133.670418
 20
-0.521979
 10
133.674388
 20
-0.508181
 10
133.674652
 20
-0.493826
 10
133.671192
 20
-0.479891
 10
133.664243
 20
-0.467327
 10
133.654279
 20
-0.456989
 10
133.641979
 20
-0.449582
 10
133.628181
 20
-0.445612
 10
133.613826
 20
-0.445348
 10
133.599891
 20
-0.448808
 10
133.587326
 20
-0.455757
 10
133.576989
 20
-0.465721
 10
133.569582
 20
-0.478021
 10
133.565612
 20
-0.491819
 10
133.565348
 20
-0.506174
 10
133.568808
 20
-0.520109
 10
133.575757
 20
-0.532673
 10
133.585721
 20
-0.543011
 10
133.598021
 20
-0.5504172956681697
 10
133.611819
 20
-0.554388
 10
133.626174
 20
-0.554652
 10
133.640109
 20
-0.551192
 10
133.652674
 20
-0.544243
 10
133.663011
 20
-0.534279
  0
LWPOLYLINE
  5
525
330
17
100
AcDbEntity
  8
VISTA
100
AcDbPolyline
 90
25
 70
1
 10
141.79423500000001
 20
-12.293126
 10
141.807501
 20
-12.287631
 10
141.818892
 20
-12.278891
 10
141.827633
 20
-12.2675
 10
141.833126
 20
-12.254234
 10
141.835001
 20
-12.24
 10
141.833126
 20
-12.225764
 10
141.827633
 20
-12.2125
 10
141.818892
 20
-12.201109
 10
141.807501
 20
-12.192369
 10
141.79423500000001
 20
-12.186873
 10
141.780001
 20
-12.184999
 10
141.76576599999999
 20
-12.186873
 10
141.752501
 20
-12.192369
 10
141.74111
 20
-12.201109
 10
141.732368
 20
-12.2125
 10
141.726875
 20
-12.225765
 10
141.725
 20
-12.24
 10
141.726875
 20
-12.254235
 10
141.732368
 20
-12.2675
 10
141.74111
 20
-12.278891
 10
141.752501
 20
-12.287631
 10
141.76576599999999
 20
-12.293126
 10
141.780001
 20
-12.295
 10
141.79423500000001
 20
-12.293126
  0
LWPOLYLINE
  5
526
330
17
100
AcDbEntity
  8
VISTA
100
AcDbPolyline
 90
25
 70
1
 10
141.4475
 20
-5.109067
 10
141.425755
 20
-5.125753
 10
141.409067
 20
-5.1475
 10
141.398579
 20
-5.172824
 10
141.395
 20
-5.2
 10
141.398579
 20
-5.227176
 10
141.409067
 20
-5.2525
 10
141.425755
 20
-5.274246
 10
141.4475
 20
-5.290933
 10
141.472824
 20
-5.301422
 10
141.5
 20
-5.305
 10
141.527176
 20
-5.301422
 10
141.5525
 20
-5.290933
 10
141.574245
 20
-5.274246
 10
141.590933
 20
-5.2525
 10
141.601421
 20
-5.227176
 10
141.605
 20
-5.2
 10
141.601421
 20
-5.172824
 10
141.590933
 20
-5.1475
 10
141.574245
 20
-5.125753
 10
141.5525
 20
-5.109067
 10
141.527176
 20
-5.098577
 10
141.5
 20
-5.095
 10
141.472824
 20
-5.098577
 10
141.4475
 20
-5.109067
  0
LWPOLYLINE
  5
527
330
17
100
AcDbEntity
  8
VISTA
100
AcDbPolyline
 90
25
 70
1
 10
141.42000000000002
 20
-5.431436
 10
141.386864
 20
-5.456863
 10
141.361437
 20
-5.49
 10
141.345451
 20
-5.528589
 10
141.34
 20
-5.57
 10
141.345451
 20
-5.611411
 10
141.361437
 20
-5.65
 10
141.386864
 20
-5.683137
 10
141.42000000000002
 20
-5.708564
 10
141.45859000000002
 20
-5.724548
 10
141.5
 20
-5.73
 10
141.54140999999998
 20
-5.724548
 10
141.57999999999998
 20
-5.708564
 10
141.613136
 20
-5.683137
 10
141.638563
 20
-5.65
 10
141.654549
 20
-5.611411
 10
141.66
 20
-5.57
 10
141.654549
 20
-5.528589
 10
141.638563
 20
-5.49
 10
141.613136
 20
-5.456863
 10
141.57999999999998
 20
-5.431436
 10
141.54140999999998
 20
-5.415452
 10
141.5
 20
-5.41
 10
141.45859000000002
 20
-5.415452
 10
141.42000000000002
 20
-5.431436
  0
LWPOLYLINE
  5
528
330
17
100
AcDbEntity
  8
VISTA
100
AcDbPolyline
 90
13
 70
1
 10
141.269501
 20
-5.805
 10
141.290501
 20
-5.805
 10
141.291914
 20
-5.804414
 10
141.29250100000002
 20
-5.803
 10
141.29250100000002
 20
-5.027
 10
141.291914
 20
-5.025586
 10
141.290501
 20
-5.025
 10
141.269501
 20
-5.025
 10
141.268087
 20
-5.025586
 10
141.26749999999998
 20
-5.027
 10
141.26749999999998
 20
-5.803
 10
141.268087
 20
-5.804414
 10
141.269501
 20
-5.805
  0
LWPOLYLINE
  5
529
330
17
100
AcDbEntity
  8
VISTA
100
AcDbPolyline
 90
13
 70
1
 10
141.282
 20
-5.0375
 10
141.788
 20
-5.0375
 10
141.789413
 20
-5.036914
 10
141.789999
 20
-5.0355
 10
141.789999
 20
-5.0145
 10
141.789413
 20
-5.013086
 10
141.788
 20
-5.0125
 10
141.282
 20
-5.0125
 10
141.280586
 20
-5.013086
 10
141.280001
 20
-5.0145
 10
141.280001
 20
-5.0355
 10
141.280586
 20
-5.036914
 10
141.282
 20
-5.0375
  0
LWPOLYLINE
  5
52A
330
17
100
AcDbEntity
  8
VISTA
100
AcDbPolyline
 90
13
 70
1
 10
141.282
 20
-5.8175
 10
141.788
 20
-5.8175
 10
141.789413
 20
-5.816914
 10
141.789999
 20
-5.8155
 10
141.789999
 20
-5.7945
 10
141.789413
 20
-5.793086
 10
141.788
 20
-5.7925
 10
141.282
 20
-5.7925
 10
141.280586
 20
-5.793086
 10
141.280001
 20
-5.7945
 10
141.280001
 20
-5.8155
 10
141.280586
 20
-5.816914
 10
141.282
 20
-5.8175
  0
LWPOLYLINE
  5
52B
330
17
100
AcDbEntity
  8
VISTA
100
AcDbPolyline
 90
5
 70
1
 10
133.7665
 20
-9.072001
 10
133.7665
 20
-9.087001
 10
133.9035
 20
-9.087001
 10
133.9035
 20
-9.072001
 10
133.7665
 20
-9.072001
  0
LWPOLYLINE
  5
52C
330
17
100
AcDbEntity
  8
VISTA
100
AcDbPolyline
 90
5
 70
1
 10
133.7665
 20
-11.612999
 10
133.7665
 20
-11.627999
 10
133.9035
 20
-11.627999
 10
133.9035
 20
-11.612999
 10
133.7665
 20
-11.612999
  0
LWPOLYLINE
  5
52D
330
17
100
AcDbEntity
  8
VISTA
100
AcDbPolyline
 90
5
 70
1
 10
133.8155
 20
-10.375
 10
133.8155
 20
-10.385
 10
133.8175
 20
-10.385
 10
133.8175
 20
-10.375
 10
133.8155
 20
-10.375
  0
LWPOLYLINE
  5
52E
330
17
100
AcDbEntity
  8
VISTA
100
AcDbPolyline
 90
5
 70
1
 10
133.8155
 20
-11.514999
 10
133.8155
 20
-11.525
 10
133.8175
 20
-11.525
 10
133.8175
 20
-11.514999
 10
133.8155
 20
-11.514999
  0
LWPOLYLINE
  5
52F
330
17
100
AcDbEntity
  8
VISTA
100
AcDbPolyline
 90
5
 70
1
 10
133.826501
 20
-10.375
 10
133.826501
 20
-10.385
 10
133.828501
 20
-10.385
 10
133.828501
 20
-10.375
 10
133.826501
 20
-10.375
  0
LWPOLYLINE
  5
530
330
17
100
AcDbEntity
  8
VISTA
100
AcDbPolyline
 90
5
 70
1
 10
133.826501
 20
-11.514999
 10
133.826501
 20
-11.525
 10
133.828501
 20
-11.525
 10
133.828501
 20
-11.514999
 10
133.826501
 20
-11.514999
  0
LWPOLYLINE
  5
531
330
17
100
AcDbEntity
  8
VISTA
100
AcDbPolyline
 90
5
 70
1
 10
133.8415
 20
-10.376725
 10
133.8415
 20
-10.386725
 10
133.8435
 20
-10.386725
 10
133.8435
 20
-10.376725
 10
133.8415
 20
-10.376725
  0
LWPOLYLINE
  5
532
330
17
100
AcDbEntity
  8
VISTA
100
AcDbPolyline
 90
5
 70
1
 10
133.8415
 20
-11.513274
 10
133.8415
 20
-11.523274
 10
133.8435
 20
-11.523274
 10
133.8435
 20
-11.513274
 10
133.8415
 20
-11.513274
  0
LWPOLYLINE
  5
533
330
17
100
AcDbEntity
  8
VISTA
100
AcDbPolyline
 90
5
 70
1
 10
133.852501
 20
-10.376725
 10
133.852501
 20
-10.386725
 10
133.854501
 20
-10.386725
 10
133.854501
 20
-10.376725
 10
133.852501
 20
-10.376725
  0
LWPOLYLINE
  5
534
330
17
100
AcDbEntity
  8
VISTA
100
AcDbPolyline
 90
5
 70
1
 10
133.852501
 20
-11.513274
 10
133.852501
 20
-11.523274
 10
133.854501
 20
-11.523274
 10
133.854501
 20
-11.513274
 10
133.852501
 20
-11.513274
  0
LWPOLYLINE
  5
535
330
17
100
AcDbEntity
  8
VISTA
100
AcDbPolyline
 90
5
 70
1
 10
134.704
 20
-11.873501
 10
134.704
 20
-12.0165
 10
134.719001
 20
-12.0165
 10
134.719001
 20
-11.873501
 10
134.704
 20
-11.873501
  0
LWPOLYLINE
  5
536
330
17
100
AcDbEntity
  8
VISTA
100
AcDbPolyline
 90
5
 70
1
 10
137.321003
 20
-11.873501
 10
137.321003
 20
-12.0165
 10
137.336002
 20
-12.0165
 10
137.336002
 20
-11.873501
 10
137.321003
 20
-11.873501
  0
LWPOLYLINE
  5
537
330
17
100
AcDbEntity
  8
VISTA
100
AcDbPolyline
 90
5
 70
1
 10
136.02
 20
-11.9655
 10
136.02
 20
-11.9675
 10
136.030003
 20
-11.9675
 10
136.030003
 20
-11.9655
 10
136.02
 20
-11.9655
  0
LWPOLYLINE
  5
538
330
17
100
AcDbEntity
  8
VISTA
100
AcDbPolyline
 90
5
 70
1
 10
137.285
 20
-11.9655
 10
137.285
 20
-11.9675
 10
137.295002
 20
-11.9675
 10
137.295002
 20
-11.9655
 10
137.285
 20
-11.9655
  0
LWPOLYLINE
  5
539
330
17
100
AcDbEntity
  8
VISTA
100
AcDbPolyline
 90
5
 70
1
 10
136.02
 20
-11.976501
 10
136.02
 20
-11.9785
 10
136.030003
 20
-11.9785
 10
136.030003
 20
-11.976501
 10
136.02
 20
-11.976501
  0
LWPOLYLINE
  5
53A
330
17
100
AcDbEntity
  8
VISTA
100
AcDbPolyline
 90
5
 70
1
 10
137.285
 20
-11.976501
 10
137.285
 20
-11.9785
 10
137.295002
 20
-11.9785
 10
137.295002
 20
-11.976501
 10
137.285
 20
-11.976501
  0
LWPOLYLINE
  5
53B
330
17
100
AcDbEntity
  8
VISTA
100
AcDbPolyline
 90
5
 70
1
 10
136.021914
 20
-11.9915
 10
136.021914
 20
-11.9935
 10
136.031914
 20
-11.9935
 10
136.031914
 20
-11.9915
 10
136.021914
 20
-11.9915
  0
LWPOLYLINE
  5
53C
330
17
100
AcDbEntity
  8
VISTA
100
AcDbPolyline
 90
5
 70
1
 10
137.283089
 20
-11.9915
 10
137.283089
 20
-11.9935
 10
137.293087
 20
-11.9935
 10
137.293087
 20
-11.9915
 10
137.283089
 20
-11.9915
  0
LWPOLYLINE
  5
53D
330
17
100
AcDbEntity
  8
VISTA
100
AcDbPolyline
 90
5
 70
1
 10
136.021914
 20
-12.002501
 10
136.021914
 20
-12.0045
 10
136.031914
 20
-12.0045
 10
136.031914
 20
-12.002501
 10
136.021914
 20
-12.002501
  0
LWPOLYLINE
  5
53E
330
17
100
AcDbEntity
  8
VISTA
100
AcDbPolyline
 90
5
 70
1
 10
137.283089
 20
-12.002501
 10
137.283089
 20
-12.0045
 10
137.293087
 20
-12.0045
 10
137.293087
 20
-12.002501
 10
137.283089
 20
-12.002501
  0
LWPOLYLINE
  5
53F
330
17
100
AcDbEntity
  8
VISTA
100
AcDbPolyline
 90
5
 70
1
 10
136.018002
 20
-11.9595
 10
136.018002
 20
-11.9655
 10
136.030003
 20
-11.9655
 10
136.030003
 20
-11.9595
 10
136.018002
 20
-11.9595
  0
LWPOLYLINE
  5
540
330
17
100
AcDbEntity
  8
VISTA
100
AcDbPolyline
 90
5
 70
1
 10
137.285
 20
-11.9595
 10
137.285
 20
-11.9655
 10
137.297001
 20
-11.9655
 10
137.297001
 20
-11.9595
 10
137.285
 20
-11.9595
  0
LWPOLYLINE
  5
541
330
17
100
AcDbEntity
  8
VISTA
100
AcDbPolyline
 90
5
 70
1
 10
136.018002
 20
-12.0045
 10
136.018002
 20
-12.010501
 10
136.030003
 20
-12.010501
 10
136.030003
 20
-12.0045
 10
136.018002
 20
-12.0045
  0
LWPOLYLINE
  5
542
330
17
100
AcDbEntity
  8
VISTA
100
AcDbPolyline
 90
5
 70
1
 10
137.285
 20
-12.0045
 10
137.285
 20
-12.010501
 10
137.297001
 20
-12.010501
 10
137.297001
 20
-12.0045
 10
137.285
 20
-12.0045
  0
LWPOLYLINE
  5
543
330
17
100
AcDbEntity
  8
VISTA
100
AcDbPolyline
 90
5
 70
1
 10
136.0
 20
-11.9245
 10
136.0
 20
-12.010501
 10
136.018002
 20
-12.010501
 10
136.018002
 20
-11.9245
 10
136.0
 20
-11.9245
  0
LWPOLYLINE
  5
544
330
17
100
AcDbEntity
  8
VISTA
100
AcDbPolyline
 90
5
 70
1
 10
137.297001
 20
-11.9245
 10
137.297001
 20
-12.010501
 10
137.315002
 20
-12.010501
 10
137.315002
 20
-11.9245
 10
137.297001
 20
-11.9245
  0
LWPOLYLINE
  5
545
330
17
100
AcDbEntity
  8
VISTA
100
AcDbPolyline
 90
5
 70
1
 10
136.018
 20
-12.0145
 10
136.018
 20
-12.0205
 10
136.030001
 20
-12.0205
 10
136.030001
 20
-12.0145
 10
136.018
 20
-12.0145
  0
LWPOLYLINE
  5
546
330
17
100
AcDbEntity
  8
VISTA
100
AcDbPolyline
 90
5
 70
1
 10
137.285002
 20
-12.0145
 10
137.285002
 20
-12.0205
 10
137.297003
 20
-12.0205
 10
137.297003
 20
-12.0145
 10
137.285002
 20
-12.0145
  0
LWPOLYLINE
  5
547
330
17
100
AcDbEntity
  8
VISTA
100
AcDbPolyline
 90
5
 70
1
 10
136.018
 20
-12.059501
 10
136.018
 20
-12.065501
 10
136.030001
 20
-12.065501
 10
136.030001
 20
-12.059501
 10
136.018
 20
-12.059501
  0
LWPOLYLINE
  5
548
330
17
100
AcDbEntity
  8
VISTA
100
AcDbPolyline
 90
5
 70
1
 10
137.285002
 20
-12.059501
 10
137.285002
 20
-12.065501
 10
137.297003
 20
-12.065501
 10
137.297003
 20
-12.059501
 10
137.285002
 20
-12.059501
  0
LWPOLYLINE
  5
549
330
17
100
AcDbEntity
  8
VISTA
100
AcDbPolyline
 90
5
 70
1
 10
136.0
 20
-12.0135
 10
136.0
 20
-12.065501
 10
136.018
 20
-12.065501
 10
136.018
 20
-12.0135
 10
136.0
 20
-12.0135
  0
LWPOLYLINE
  5
54A
330
17
100
AcDbEntity
  8
VISTA
100
AcDbPolyline
 90
5
 70
1
 10
137.297003
 20
-12.0135
 10
137.297003
 20
-12.065501
 10
137.315002
 20
-12.065501
 10
137.315002
 20
-12.0135
 10
137.297003
 20
-12.0135
  0
LWPOLYLINE
  5
54B
330
17
100
AcDbEntity
  8
VISTA
100
AcDbPolyline
 90
5
 70
1
 10
137.804001
 20
-11.870501
 10
137.804001
 20
-12.0135
 10
137.819
 20
-12.0135
 10
137.819
 20
-11.870501
 10
137.804001
 20
-11.870501
  0
LWPOLYLINE
  5
54C
330
17
100
AcDbEntity
  8
VISTA
100
AcDbPolyline
 90
5
 70
1
 10
141.221001
 20
-11.870501
 10
141.221001
 20
-12.0135
 10
141.236
 20
-12.0135
 10
141.236
 20
-11.870501
 10
141.221001
 20
-11.870501
  0
LWPOLYLINE
  5
54D
330
17
100
AcDbEntity
  8
VISTA
100
AcDbPolyline
 90
5
 70
1
 10
139.52
 20
-11.9625
 10
139.52
 20
-11.964499
 10
139.530001
 20
-11.964499
 10
139.530001
 20
-11.9625
 10
139.52
 20
-11.9625
  0
LWPOLYLINE
  5
54E
330
17
100
AcDbEntity
  8
VISTA
100
AcDbPolyline
 90
5
 70
1
 10
141.184999
 20
-11.9625
 10
141.184999
 20
-11.964499
 10
141.195
 20
-11.964499
 10
141.195
 20
-11.9625
 10
141.184999
 20
-11.9625
  0
LWPOLYLINE
  5
54F
330
17
100
AcDbEntity
  8
VISTA
100
AcDbPolyline
 90
5
 70
1
 10
139.52
 20
-11.9735
 10
139.52
 20
-11.9755
 10
139.530001
 20
-11.9755
 10
139.530001
 20
-11.9735
 10
139.52
 20
-11.9735
  0
LWPOLYLINE
  5
550
330
17
100
AcDbEntity
  8
VISTA
100
AcDbPolyline
 90
5
 70
1
 10
141.184999
 20
-11.9735
 10
141.184999
 20
-11.9755
 10
141.195
 20
-11.9755
 10
141.195
 20
-11.9735
 10
141.184999
 20
-11.9735
  0
LWPOLYLINE
  5
551
330
17
100
AcDbEntity
  8
VISTA
100
AcDbPolyline
 90
5
 70
1
 10
139.522512
 20
-11.9885
 10
139.522512
 20
-11.990499
 10
139.532513
 20
-11.990499
 10
139.532513
 20
-11.9885
 10
139.522512
 20
-11.9885
  0
LWPOLYLINE
  5
552
330
17
100
AcDbEntity
  8
VISTA
100
AcDbPolyline
 90
5
 70
1
 10
141.182487
 20
-11.9885
 10
141.182487
 20
-11.990499
 10
141.192488
 20
-11.990499
 10
141.192488
 20
-11.9885
 10
141.182487
 20
-11.9885
  0
LWPOLYLINE
  5
553
330
17
100
AcDbEntity
  8
VISTA
100
AcDbPolyline
 90
5
 70
1
 10
139.522512
 20
-11.9995
 10
139.522512
 20
-12.0015
 10
139.532513
 20
-12.0015
 10
139.532513
 20
-11.9995
 10
139.522512
 20
-11.9995
  0
LWPOLYLINE
  5
554
330
17
100
AcDbEntity
  8
VISTA
100
AcDbPolyline
 90
5
 70
1
 10
141.182487
 20
-11.9995
 10
141.182487
 20
-12.0015
 10
141.192488
 20
-12.0015
 10
141.192488
 20
-11.9995
 10
141.182487
 20
-11.9995
  0
LWPOLYLINE
  5
555
330
17
100
AcDbEntity
  8
VISTA
100
AcDbPolyline
 90
5
 70
1
 10
139.518
 20
-11.9565
 10
139.518
 20
-11.9625
 10
139.530001
 20
-11.9625
 10
139.530001
 20
-11.9565
 10
139.518
 20
-11.9565
  0
LWPOLYLINE
  5
556
330
17
100
AcDbEntity
  8
VISTA
100
AcDbPolyline
 90
5
 70
1
 10
141.184999
 20
-11.9565
 10
141.184999
 20
-11.9625
 10
141.197001
 20
-11.9625
 10
141.197001
 20
-11.9565
 10
141.184999
 20
-11.9565
  0
LWPOLYLINE
  5
557
330
17
100
AcDbEntity
  8
VISTA
100
AcDbPolyline
 90
5
 70
1
 10
139.518
 20
-12.0015
 10
139.518
 20
-12.007501
 10
139.530001
 20
-12.007501
 10
139.530001
 20
-12.0015
 10
139.518
 20
-12.0015
  0
LWPOLYLINE
  5
558
330
17
100
AcDbEntity
  8
VISTA
100
AcDbPolyline
 90
5
 70
1
 10
141.184999
 20
-12.0015
 10
141.184999
 20
-12.007501
 10
141.197001
 20
-12.007501
 10
141.197001
 20
-12.0015
 10
141.184999
 20
-12.0015
  0
LWPOLYLINE
  5
559
330
17
100
AcDbEntity
  8
VISTA
100
AcDbPolyline
 90
5
 70
1
 10
139.5
 20
-11.9215
 10
139.5
 20
-12.007501
 10
139.518
 20
-12.007501
 10
139.518
 20
-11.9215
 10
139.5
 20
-11.9215
  0
LWPOLYLINE
  5
55A
330
17
100
AcDbEntity
  8
VISTA
100
AcDbPolyline
 90
5
 70
1
 10
141.197001
 20
-11.9215
 10
141.197001
 20
-12.007501
 10
141.215
 20
-12.007501
 10
141.215
 20
-11.9215
 10
141.197001
 20
-11.9215
  0
LWPOLYLINE
  5
55B
330
17
100
AcDbEntity
  8
VISTA
100
AcDbPolyline
 90
5
 70
1
 10
139.518
 20
-12.011499
 10
139.518
 20
-12.0175
 10
139.530001
 20
-12.0175
 10
139.530001
 20
-12.011499
 10
139.518
 20
-12.011499
  0
LWPOLYLINE
  5
55C
330
17
100
AcDbEntity
  8
VISTA
100
AcDbPolyline
 90
5
 70
1
 10
141.184999
 20
-12.011499
 10
141.184999
 20
-12.0175
 10
141.197001
 20
-12.0175
 10
141.197001
 20
-12.011499
 10
141.184999
 20
-12.011499
  0
LWPOLYLINE
  5
55D
330
17
100
AcDbEntity
  8
VISTA
100
AcDbPolyline
 90
5
 70
1
 10
139.518
 20
-12.0565
 10
139.518
 20
-12.062501
 10
139.530001
 20
-12.062501
 10
139.530001
 20
-12.0565
 10
139.518
 20
-12.0565
  0
LWPOLYLINE
  5
55E
330
17
100
AcDbEntity
  8
VISTA
100
AcDbPolyline
 90
5
 70
1
 10
141.184999
 20
-12.0565
 10
141.184999
 20
-12.062501
 10
141.197001
 20
-12.062501
 10
141.197001
 20
-12.0565
 10
141.184999
 20
-12.0565
  0
LWPOLYLINE
  5
55F
330
17
100
AcDbEntity
  8
VISTA
100
AcDbPolyline
 90
5
 70
1
 10
139.5
 20
-12.0105
 10
139.5
 20
-12.062501
 10
139.518
 20
-12.062501
 10
139.518
 20
-12.0105
 10
139.5
 20
-12.0105
  0
LWPOLYLINE
  5
560
330
17
100
AcDbEntity
  8
VISTA
100
AcDbPolyline
 90
5
 70
1
 10
141.197001
 20
-12.0105
 10
141.197001
 20
-12.062501
 10
141.215
 20
-12.062501
 10
141.215
 20
-12.0105
 10
141.197001
 20
-12.0105
  0
LWPOLYLINE
  5
561
330
17
100
AcDbEntity
  8
VISTA
100
AcDbPolyline
 90
5
 70
1
 10
133.7725
 20
-9.087001
 10
133.7725
 20
-9.093
 10
133.8975
 20
-9.093
 10
133.8975
 20
-9.087001
 10
133.7725
 20
-9.087001
  0
LWPOLYLINE
  5
562
330
17
100
AcDbEntity
  8
VISTA
100
AcDbPolyline
 90
5
 70
1
 10
133.9625
 20
-10.375
 10
133.9625
 20
-10.385
 10
133.964499
 20
-10.385
 10
133.964499
 20
-10.375
 10
133.9625
 20
-10.375
  0
LWPOLYLINE
  5
563
330
17
100
AcDbEntity
  8
VISTA
100
AcDbPolyline
 90
5
 70
1
 10
133.9625
 20
-11.514999
 10
133.9625
 20
-11.525
 10
133.964499
 20
-11.525
 10
133.964499
 20
-11.514999
 10
133.9625
 20
-11.514999
  0
LWPOLYLINE
  5
564
330
17
100
AcDbEntity
  8
VISTA
100
AcDbPolyline
 90
5
 70
1
 10
133.9735
 20
-10.375
 10
133.9735
 20
-10.385
 10
133.9755
 20
-10.385
 10
133.9755
 20
-10.375
 10
133.9735
 20
-10.375
  0
LWPOLYLINE
  5
565
330
17
100
AcDbEntity
  8
VISTA
100
AcDbPolyline
 90
5
 70
1
 10
133.9735
 20
-11.514999
 10
133.9735
 20
-11.525
 10
133.9755
 20
-11.525
 10
133.9755
 20
-11.514999
 10
133.9735
 20
-11.514999
  0
LWPOLYLINE
  5
566
330
17
100
AcDbEntity
  8
VISTA
100
AcDbPolyline
 90
5
 70
1
 10
133.9885
 20
-10.376725
 10
133.9885
 20
-10.386725
 10
133.990499
 20
-10.386725
 10
133.990499
 20
-10.376725
 10
133.9885
 20
-10.376725
  0
LWPOLYLINE
  5
567
330
17
100
AcDbEntity
  8
VISTA
100
AcDbPolyline
 90
5
 70
1
 10
133.9885
 20
-11.513274
 10
133.9885
 20
-11.523274
 10
133.990499
 20
-11.523274
 10
133.990499
 20
-11.513274
 10
133.9885
 20
-11.513274
  0
LWPOLYLINE
  5
568
330
17
100
AcDbEntity
  8
VISTA
100
AcDbPolyline
 90
5
 70
1
 10
133.9995
 20
-10.376725
 10
133.9995
 20
-10.386725
 10
134.0015
 20
-10.386725
 10
134.0015
 20
-10.376725
 10
133.9995
 20
-10.376725
  0
LWPOLYLINE
  5
569
330
17
100
AcDbEntity
  8
VISTA
100
AcDbPolyline
 90
5
 70
1
 10
133.9995
 20
-11.513274
 10
133.9995
 20
-11.523274
 10
134.0015
 20
-11.523274
 10
134.0015
 20
-11.513274
 10
133.9995
 20
-11.513274
  0
LWPOLYLINE
  5
56A
330
17
100
AcDbEntity
  8
VISTA
100
AcDbPolyline
 90
5
 70
1
 10
133.826501
 20
-10.376725
 10
133.826501
 20
-10.382725
 10
133.8435
 20
-10.382725
 10
133.8435
 20
-10.376725
 10
133.826501
 20
-10.376725
  0
LWPOLYLINE
  5
56B
330
17
100
AcDbEntity
  8
VISTA
100
AcDbPolyline
 90
5
 70
1
 10
133.826501
 20
-11.517275
 10
133.826501
 20
-11.523274
 10
133.8435
 20
-11.523274
 10
133.8435
 20
-11.517275
 10
133.826501
 20
-11.517275
  0
LWPOLYLINE
  5
56C
330
17
100
AcDbEntity
  8
VISTA
100
AcDbPolyline
 90
5
 70
1
 10
133.9735
 20
-10.376725
 10
133.9735
 20
-10.382725
 10
133.990499
 20
-10.382725
 10
133.990499
 20
-10.376725
 10
133.9735
 20
-10.376725
  0
LWPOLYLINE
  5
56D
330
17
100
AcDbEntity
  8
VISTA
100
AcDbPolyline
 90
5
 70
1
 10
133.9735
 20
-11.517275
 10
133.9735
 20
-11.523274
 10
133.990499
 20
-11.523274
 10
133.990499
 20
-11.517275
 10
133.9735
 20
-11.517275
  0
LWPOLYLINE
  5
56E
330
17
100
AcDbEntity
  8
VISTA
100
AcDbPolyline
 90
5
 70
1
 10
133.8725
 20
-10.359
 10
133.8725
 20
-10.391
 10
133.8745
 20
-10.391
 10
133.8745
 20
-10.359
 10
133.8725
 20
-10.359
  0
LWPOLYLINE
  5
56F
330
17
100
AcDbEntity
  8
VISTA
100
AcDbPolyline
 90
5
 70
1
 10
133.8745
 20
-10.359
 10
133.8745
 20
-10.361
 10
133.8975
 20
-10.361
 10
133.8975
 20
-10.359
 10
133.8745
 20
-10.359
  0
LWPOLYLINE
  5
570
330
17
100
AcDbEntity
  8
VISTA
100
AcDbPolyline
 90
5
 70
1
 10
133.8745
 20
-10.389
 10
133.8745
 20
-10.391
 10
133.8975
 20
-10.391
 10
133.8975
 20
-10.389
 10
133.8745
 20
-10.389
  0
LWPOLYLINE
  5
571
330
17
100
AcDbEntity
  8
VISTA
100
AcDbPolyline
 90
25
 70
1
 10
133.8915
 20
-10.378
 10
133.892277
 20
-10.377898
 10
133.893001
 20
-10.377598
 10
133.893621
 20
-10.377121
 10
133.89409799999999
 20
-10.3765
 10
133.894399
 20
-10.375776
 10
133.894501
 20
-10.375
 10
133.894399
 20
-10.374224
 10
133.89409799999999
 20
-10.3735
 10
133.893621
 20
-10.372879
 10
133.893001
 20
-10.372402
 10
133.892277
 20
-10.372102
 10
133.8915
 20
-10.372
 10
133.890724
 20
-10.372102
 10
133.89
 20
-10.372402
 10
133.88938
 20
-10.372879
 10
133.888903
 20
-10.3735
 10
133.888602
 20
-10.374224
 10
133.8885
 20
-10.375
 10
133.888602
 20
-10.375776
 10
133.888903
 20
-10.3765
 10
133.88938
 20
-10.377121
 10
133.89
 20
-10.377598
 10
133.890724
 20
-10.377898
 10
133.8915
 20
-10.378
  0
LWPOLYLINE
  5
572
330
17
100
AcDbEntity
  8
VISTA
100
AcDbPolyline
 90
5
 70
1
 10
134.719001
 20
-11.8795
 10
134.719001
 20
-12.010501
 10
134.725
 20
-12.010501
 10
134.725
 20
-11.8795
 10
134.719001
 20
-11.8795
  0
LWPOLYLINE
  5
573
330
17
100
AcDbEntity
  8
VISTA
100
AcDbPolyline
 90
5
 70
1
 10
136.02
 20
-12.0205
 10
136.02
 20
-12.0225
 10
136.030001
 20
-12.0225
 10
136.030001
 20
-12.0205
 10
136.02
 20
-12.0205
  0
LWPOLYLINE
  5
574
330
17
100
AcDbEntity
  8
VISTA
100
AcDbPolyline
 90
5
 70
1
 10
137.285002
 20
-12.0205
 10
137.285002
 20
-12.0225
 10
137.295002
 20
-12.0225
 10
137.295002
 20
-12.0205
 10
137.285002
 20
-12.0205
  0
LWPOLYLINE
  5
575
330
17
100
AcDbEntity
  8
VISTA
100
AcDbPolyline
 90
5
 70
1
 10
136.02
 20
-12.031501
 10
136.02
 20
-12.033501
 10
136.030001
 20
-12.033501
 10
136.030001
 20
-12.031501
 10
136.02
 20
-12.031501
  0
LWPOLYLINE
  5
576
330
17
100
AcDbEntity
  8
VISTA
100
AcDbPolyline
 90
5
 70
1
 10
137.285002
 20
-12.031501
 10
137.285002
 20
-12.033501
 10
137.295002
 20
-12.033501
 10
137.295002
 20
-12.031501
 10
137.285002
 20
-12.031501
  0
LWPOLYLINE
  5
577
330
17
100
AcDbEntity
  8
VISTA
100
AcDbPolyline
 90
5
 70
1
 10
136.021914
 20
-12.0465
 10
136.021914
 20
-12.0485
 10
136.031914
 20
-12.0485
 10
136.031914
 20
-12.0465
 10
136.021914
 20
-12.0465
  0
LWPOLYLINE
  5
578
330
17
100
AcDbEntity
  8
VISTA
100
AcDbPolyline
 90
5
 70
1
 10
137.283089
 20
-12.0465
 10
137.283089
 20
-12.0485
 10
137.293089
 20
-12.0485
 10
137.293089
 20
-12.0465
 10
137.283089
 20
-12.0465
  0
LWPOLYLINE
  5
579
330
17
100
AcDbEntity
  8
VISTA
100
AcDbPolyline
 90
5
 70
1
 10
136.021914
 20
-12.057501
 10
136.021914
 20
-12.059501
 10
136.031914
 20
-12.059501
 10
136.031914
 20
-12.057501
 10
136.021914
 20
-12.057501
  0
LWPOLYLINE
  5
57A
330
17
100
AcDbEntity
  8
VISTA
100
AcDbPolyline
 90
5
 70
1
 10
137.283089
 20
-12.057501
 10
137.283089
 20
-12.059501
 10
137.293089
 20
-12.059501
 10
137.293089
 20
-12.057501
 10
137.283089
 20
-12.057501
  0
LWPOLYLINE
  5
57B
330
17
100
AcDbEntity
  8
VISTA
100
AcDbPolyline
 90
5
 70
1
 10
136.018
 20
-12.010501
 10
136.018
 20
-12.0145
 10
136.030001
 20
-12.0145
 10
136.030001
 20
-12.010501
 10
136.018
 20
-12.010501
  0
LWPOLYLINE
  5
57C
330
17
100
AcDbEntity
  8
VISTA
100
AcDbPolyline
 90
5
 70
1
 10
136.021914
 20
-11.976501
 10
136.021914
 20
-11.9935
 10
136.02791200000001
 20
-11.9935
 10
136.02791200000001
 20
-11.976501
 10
136.021914
 20
-11.976501
  0
LWPOLYLINE
  5
57D
330
17
100
AcDbEntity
  8
VISTA
100
AcDbPolyline
 90
5
 70
1
 10
137.287086
 20
-11.976501
 10
137.287086
 20
-11.9935
 10
137.293087
 20
-11.9935
 10
137.293087
 20
-11.976501
 10
137.287086
 20
-11.976501
  0
LWPOLYLINE
  5
57E
330
17
100
AcDbEntity
  8
VISTA
100
AcDbPolyline
 90
5
 70
1
 10
136.021914
 20
-12.031501
 10
136.021914
 20
-12.0485
 10
136.027914
 20
-12.0485
 10
136.027914
 20
-12.031501
 10
136.021914
 20
-12.031501
  0
LWPOLYLINE
  5
57F
330
17
100
AcDbEntity
  8
VISTA
100
AcDbPolyline
 90
5
 70
1
 10
137.287088
 20
-12.031501
 10
137.287088
 20
-12.0485
 10
137.293089
 20
-12.0485
 10
137.293089
 20
-12.031501
 10
137.287088
 20
-12.031501
  0
LWPOLYLINE
  5
580
330
17
100
AcDbEntity
  8
VISTA
100
AcDbPolyline
 90
5
 70
1
 10
137.819
 20
-11.8765
 10
137.819
 20
-12.007501
 10
137.825001
 20
-12.007501
 10
137.825001
 20
-11.8765
 10
137.819
 20
-11.8765
  0
LWPOLYLINE
  5
581
330
17
100
AcDbEntity
  8
VISTA
100
AcDbPolyline
 90
5
 70
1
 10
139.52
 20
-12.0175
 10
139.52
 20
-12.0195
 10
139.530001
 20
-12.0195
 10
139.530001
 20
-12.0175
 10
139.52
 20
-12.0175
  0
LWPOLYLINE
  5
582
330
17
100
AcDbEntity
  8
VISTA
100
AcDbPolyline
 90
5
 70
1
 10
141.184999
 20
-12.0175
 10
141.184999
 20
-12.0195
 10
141.195
 20
-12.0195
 10
141.195
 20
-12.0175
 10
141.184999
 20
-12.0175
  0
LWPOLYLINE
  5
583
330
17
100
AcDbEntity
  8
VISTA
100
AcDbPolyline
 90
5
 70
1
 10
139.52
 20
-12.028501
 10
139.52
 20
-12.0305
 10
139.530001
 20
-12.0305
 10
139.530001
 20
-12.028501
 10
139.52
 20
-12.028501
  0
LWPOLYLINE
  5
584
330
17
100
AcDbEntity
  8
VISTA
100
AcDbPolyline
 90
5
 70
1
 10
141.184999
 20
-12.028501
 10
141.184999
 20
-12.0305
 10
141.195
 20
-12.0305
 10
141.195
 20
-12.028501
 10
141.184999
 20
-12.028501
  0
LWPOLYLINE
  5
585
330
17
100
AcDbEntity
  8
VISTA
100
AcDbPolyline
 90
5
 70
1
 10
139.522512
 20
-12.0435
 10
139.522512
 20
-12.0455
 10
139.532513
 20
-12.0455
 10
139.532513
 20
-12.0435
 10
139.522512
 20
-12.0435
  0
LWPOLYLINE
  5
586
330
17
100
AcDbEntity
  8
VISTA
100
AcDbPolyline
 90
5
 70
1
 10
141.182487
 20
-12.0435
 10
141.182487
 20
-12.0455
 10
141.192488
 20
-12.0455
 10
141.192488
 20
-12.0435
 10
141.182487
 20
-12.0435
  0
LWPOLYLINE
  5
587
330
17
100
AcDbEntity
  8
VISTA
100
AcDbPolyline
 90
5
 70
1
 10
139.522512
 20
-12.054501
 10
139.522512
 20
-12.0565
 10
139.532513
 20
-12.0565
 10
139.532513
 20
-12.054501
 10
139.522512
 20
-12.054501
  0
LWPOLYLINE
  5
588
330
17
100
AcDbEntity
  8
VISTA
100
AcDbPolyline
 90
5
 70
1
 10
141.182487
 20
-12.054501
 10
141.182487
 20
-12.0565
 10
141.192488
 20
-12.0565
 10
141.192488
 20
-12.054501
 10
141.182487
 20
-12.054501
  0
LWPOLYLINE
  5
589
330
17
100
AcDbEntity
  8
VISTA
100
AcDbPolyline
 90
5
 70
1
 10
139.518
 20
-12.007501
 10
139.518
 20
-12.011499
 10
139.530001
 20
-12.011499
 10
139.530001
 20
-12.007501
 10
139.518
 20
-12.007501
  0
LWPOLYLINE
  5
58A
330
17
100
AcDbEntity
  8
VISTA
100
AcDbPolyline
 90
5
 70
1
 10
139.522512
 20
-11.9735
 10
139.522512
 20
-11.990499
 10
139.528513
 20
-11.990499
 10
139.528513
 20
-11.9735
 10
139.522512
 20
-11.9735
  0
LWPOLYLINE
  5
58B
330
17
100
AcDbEntity
  8
VISTA
100
AcDbPolyline
 90
5
 70
1
 10
141.186487
 20
-11.9735
 10
141.186487
 20
-11.990499
 10
141.192488
 20
-11.990499
 10
141.192488
 20
-11.9735
 10
141.186487
 20
-11.9735
  0
LWPOLYLINE
  5
58C
330
17
100
AcDbEntity
  8
VISTA
100
AcDbPolyline
 90
5
 70
1
 10
139.522512
 20
-12.028501
 10
139.522512
 20
-12.0455
 10
139.528513
 20
-12.0455
 10
139.528513
 20
-12.028501
 10
139.522512
 20
-12.028501
  0
LWPOLYLINE
  5
58D
330
17
100
AcDbEntity
  8
VISTA
100
AcDbPolyline
 90
5
 70
1
 10
141.186487
 20
-12.028501
 10
141.186487
 20
-12.0455
 10
141.192488
 20
-12.0455
 10
141.192488
 20
-12.028501
 10
141.186487
 20
-12.028501
  0
LWPOLYLINE
  5
58E
330
17
100
AcDbEntity
  8
VISTA
100
AcDbPolyline
 90
5
 70
1
 10
133.9655
 20
-6.7
 10
133.9655
 20
-6.712
 10
133.9675
 20
-6.712
 10
133.9675
 20
-6.7
 10
133.9655
 20
-6.7
  0
LWPOLYLINE
  5
58F
330
17
100
AcDbEntity
  8
VISTA
100
AcDbPolyline
 90
5
 70
1
 10
133.9655
 20
-8.388
 10
133.9655
 20
-8.400001
 10
133.9675
 20
-8.400001
 10
133.9675
 20
-8.388
 10
133.9655
 20
-8.388
  0
LWPOLYLINE
  5
590
330
17
100
AcDbEntity
  8
VISTA
100
AcDbPolyline
 90
5
 70
1
 10
133.976501
 20
-6.7
 10
133.976501
 20
-6.712
 10
133.9785
 20
-6.712
 10
133.9785
 20
-6.7
 10
133.976501
 20
-6.7
  0
LWPOLYLINE
  5
591
330
17
100
AcDbEntity
  8
VISTA
100
AcDbPolyline
 90
5
 70
1
 10
133.976501
 20
-8.388
 10
133.976501
 20
-8.400001
 10
133.9785
 20
-8.400001
 10
133.9785
 20
-8.388
 10
133.976501
 20
-8.388
  0
LWPOLYLINE
  5
592
330
17
100
AcDbEntity
  8
VISTA
100
AcDbPolyline
 90
5
 70
1
 10
133.9915
 20
-6.70255
 10
133.9915
 20
-6.71455
 10
133.9935
 20
-6.71455
 10
133.9935
 20
-6.70255
 10
133.9915
 20
-6.70255
  0
LWPOLYLINE
  5
593
330
17
100
AcDbEntity
  8
VISTA
100
AcDbPolyline
 90
5
 70
1
 10
133.9915
 20
-8.38545
 10
133.9915
 20
-8.39745
 10
133.9935
 20
-8.39745
 10
133.9935
 20
-8.38545
 10
133.9915
 20
-8.38545
  0
LWPOLYLINE
  5
594
330
17
100
AcDbEntity
  8
VISTA
100
AcDbPolyline
 90
5
 70
1
 10
134.002501
 20
-6.70255
 10
134.002501
 20
-6.71455
 10
134.0045
 20
-6.71455
 10
134.0045
 20
-6.70255
 10
134.002501
 20
-6.70255
  0
LWPOLYLINE
  5
595
330
17
100
AcDbEntity
  8
VISTA
100
AcDbPolyline
 90
5
 70
1
 10
134.002501
 20
-8.38545
 10
134.002501
 20
-8.39745
 10
134.0045
 20
-8.39745
 10
134.0045
 20
-8.38545
 10
134.002501
 20
-8.38545
  0
LWPOLYLINE
  5
596
330
17
100
AcDbEntity
  8
VISTA
100
AcDbPolyline
 90
5
 70
1
 10
133.9785
 20
-6.70255
 10
133.9785
 20
-6.70855
 10
133.9915
 20
-6.70855
 10
133.9915
 20
-6.70255
 10
133.9785
 20
-6.70255
  0
LWPOLYLINE
  5
597
330
17
100
AcDbEntity
  8
VISTA
100
AcDbPolyline
 90
5
 70
1
 10
133.9785
 20
-8.391451
 10
133.9785
 20
-8.39745
 10
133.9915
 20
-8.39745
 10
133.9915
 20
-8.391451
 10
133.9785
 20
-8.391451
  0
LWPOLYLINE
  5
598
330
17
100
AcDbEntity
  8
VISTA
100
AcDbPolyline
 90
5
 70
1
 10
133.9655
 20
-1.5
 10
133.9655
 20
-1.512
 10
133.9675
 20
-1.512
 10
133.9675
 20
-1.5
 10
133.9655
 20
-1.5
  0
LWPOLYLINE
  5
599
330
17
100
AcDbEntity
  8
VISTA
100
AcDbPolyline
 90
5
 70
1
 10
133.9655
 20
-4.488
 10
133.9655
 20
-4.5
 10
133.9675
 20
-4.5
 10
133.9675
 20
-4.488
 10
133.9655
 20
-4.488
  0
LWPOLYLINE
  5
59A
330
17
100
AcDbEntity
  8
VISTA
100
AcDbPolyline
 90
5
 70
1
 10
133.976501
 20
-1.5
 10
133.976501
 20
-1.512
 10
133.9785
 20
-1.512
 10
133.9785
 20
-1.5
 10
133.976501
 20
-1.5
  0
LWPOLYLINE
  5
59B
330
17
100
AcDbEntity
  8
VISTA
100
AcDbPolyline
 90
5
 70
1
 10
133.976501
 20
-4.488
 10
133.976501
 20
-4.5
 10
133.9785
 20
-4.5
 10
133.9785
 20
-4.488
 10
133.976501
 20
-4.488
  0
LWPOLYLINE
  5
59C
330
17
100
AcDbEntity
  8
VISTA
100
AcDbPolyline
 90
5
 70
1
 10
133.9915
 20
-1.5045
 10
133.9915
 20
-1.5165
 10
133.9935
 20
-1.5165
 10
133.9935
 20
-1.5045
 10
133.9915
 20
-1.5045
  0
LWPOLYLINE
  5
59D
330
17
100
AcDbEntity
  8
VISTA
100
AcDbPolyline
 90
5
 70
1
 10
133.9915
 20
-4.4835
 10
133.9915
 20
-4.4955
 10
133.9935
 20
-4.4955
 10
133.9935
 20
-4.4835
 10
133.9915
 20
-4.4835
  0
LWPOLYLINE
  5
59E
330
17
100
AcDbEntity
  8
VISTA
100
AcDbPolyline
 90
5
 70
1
 10
134.002501
 20
-1.5045
 10
134.002501
 20
-1.5165
 10
134.0045
 20
-1.5165
 10
134.0045
 20
-1.5045
 10
134.002501
 20
-1.5045
  0
LWPOLYLINE
  5
59F
330
17
100
AcDbEntity
  8
VISTA
100
AcDbPolyline
 90
5
 70
1
 10
134.002501
 20
-4.4835
 10
134.002501
 20
-4.4955
 10
134.0045
 20
-4.4955
 10
134.0045
 20
-4.4835
 10
134.002501
 20
-4.4835
  0
LWPOLYLINE
  5
5A0
330
17
100
AcDbEntity
  8
VISTA
100
AcDbPolyline
 90
5
 70
1
 10
133.9785
 20
-1.5045
 10
133.9785
 20
-1.5105
 10
133.9915
 20
-1.5105
 10
133.9915
 20
-1.5045
 10
133.9785
 20
-1.5045
  0
LWPOLYLINE
  5
5A1
330
17
100
AcDbEntity
  8
VISTA
100
AcDbPolyline
 90
5
 70
1
 10
133.9785
 20
-4.4895
 10
133.9785
 20
-4.4955
 10
133.9915
 20
-4.4955
 10
133.9915
 20
-4.4895
 10
133.9785
 20
-4.4895
  0
DIMENSION
  5
5A2
330
17
100
AcDbEntity
  8
COTAS
100
AcDbDimension
280
0
  2
*D1
  3
Standard
 10
134.0
 20
1.35
 30
0.0
 11
138.0
 21
1.35
 31
0.0
 70
32
 71
5
  1
<>
100
AcDbAlignedDimension
 13
134.0
 23
0.0
 33
0.0
 14
142.0
 24
0.0
 34
0.0
 50
0.0
100
AcDbRotatedDimension
1001
ACAD
1000
DSTYLE
1002
{
1070
140
1040
0.13
1070
41
1040
0.09
1002
}
  0
DIMENSION
  5
5B6
330
17
100
AcDbEntity
  8
COTAS
100
AcDbDimension
280
0
  2
*D2
  3
Standard
 10
134.0
 20
0.7
 30
0.0
 11
134.1
 21
1.39
 31
0.0
 70
32
 71
5
  1
<>
100
AcDbAlignedDimension
 13
134.0
 23
0.0
 33
0.0
 14
134.2
 24
0.0
 34
0.0
 50
0.0
100
AcDbRotatedDimension
1001
ACAD
1000
DSTYLE
1002
{
1070
140
1040
0.13
1070
41
1040
0.09
1002
}
  0
DIMENSION
  5
5C7
330
17
100
AcDbEntity
  8
COTAS
100
AcDbDimension
280
0
  2
*D3
  3
Standard
 10
134.2
 20
0.7
 30
0.0
 11
138.0
 21
0.7
 31
0.0
 70
32
 71
5
  1
<>
100
AcDbAlignedDimension
 13
134.2
 23
0.0
 33
0.0
 14
141.8
 24
0.0
 34
0.0
 50
0.0
100
AcDbRotatedDimension
1001
ACAD
1000
DSTYLE
1002
{
1070
140
1040
0.13
1070
41
1040
0.09
1002
}
  0
DIMENSION
  5
5D7
330
17
100
AcDbEntity
  8
COTAS
100
AcDbDimension
280
0
  2
*D4
  3
Standard
 10
141.8
 20
0.7
 30
0.0
 11
141.9
 21
1.39
 31
0.0
 70
32
 71
5
  1
<>
100
AcDbAlignedDimension
 13
141.8
 23
0.0
 33
0.0
 14
142.0
 24
0.0
 34
0.0
 50
0.0
100
AcDbRotatedDimension
1001
ACAD
1000
DSTYLE
1002
{
1070
140
1040
0.13
1070
41
1040
0.09
1002
}
  0
DIMENSION
  5
5E8
330
17
100
AcDbEntity
  8
COTAS
100
AcDbDimension
280
0
  2
*D5
  3
Standard
 10
143.05
 20
0.0
 30
0.0
 11
143.05
 21
-6.0
 31
0.0
 70
32
 71
5
  1
<>
100
AcDbAlignedDimension
 13
142.0
 23
0.0
 33
0.0
 14
142.0
 24
-12.0
 34
0.0
 50
90.0
100
AcDbRotatedDimension
1001
ACAD
1000
DSTYLE
1002
{
1070
140
1040
0.13
1070
41
1040
0.09
1002
}
  0
DIMENSION
  5
5F8
330
17
100
AcDbEntity
  8
COTAS
100
AcDbDimension
280
0
  2
*D6
  3
Standard
 10
142.55
 20
0.0
 30
0.0
 11
142.55
 21
-3.0
 31
0.0
 70
32
 71
5
  1
<>
100
AcDbAlignedDimension
 13
142.0
 23
0.0
 33
0.0
 14
142.0
 24
-6.0
 34
0.0
 50
90.0
100
AcDbRotatedDimension
1001
ACAD
1000
DSTYLE
1002
{
1070
140
1040
0.13
1070
41
1040
0.09
1002
}
  0
DIMENSION
  5
608
330
17
100
AcDbEntity
  8
COTAS
100
AcDbDimension
280
0
  2
*D7
  3
Standard
 10
142.55
 20
-6.0
 30
0.0
 11
142.55
 21
-9.0
 31
0.0
 70
32
 71
5
  1
<>
100
AcDbAlignedDimension
 13
142.0
 23
-6.0
 33
0.0
 14
142.0
 24
-12.0
 34
0.0
 50
90.0
100
AcDbRotatedDimension
1001
ACAD
1000
DSTYLE
1002
{
1070
140
1040
0.13
1070
41
1040
0.09
1002
}
  0
LINE
  5
618
330
17
100
AcDbEntity
  8
EJES
100
AcDbLine
 10
138.0
 20
0.5
 30
0.0
 11
138.0
 21
-13.7
 31
0.0
  0
TEXT
  5
619
330
17
100
AcDbEntity
  8
TEXTOS
100
AcDbText
 10
138.0
 20
0.65
 30
0.0
 40
0.13
  1
A / A06
100
AcDbText
  0
TEXT
  5
61A
330
17
100
AcDbEntity
  8
TEXTOS
100
AcDbText
 10
138.0
 20
-13.65
 30
0.0
 40
0.13
  1
A
100
AcDbText
  0
LINE
  5
61B
330
17
100
AcDbEntity
  8
EJES
100
AcDbLine
 10
132.5
 20
-3.0
 30
0.0
 11
142.6
 21
-3.0
 31
0.0
  0
TEXT
  5
61C
330
17
100
AcDbEntity
  8
TEXTOS
100
AcDbText
 10
132.35
 20
-3.0
 30
0.0
 40
0.13
  1
B
100
AcDbText
  0
TEXT
  5
61D
330
17
100
AcDbEntity
  8
TEXTOS
100
AcDbText
 10
142.6
 20
-3.0
 30
0.0
 40
0.13
  1
B / A06
100
AcDbText
  0
TEXT
  5
61E
330
17
100
AcDbEntity
  8
TEXTOS
100
AcDbText
 10
137.7
 20
-1.1
 30
0.0
 40
0.15
  1
ESTUDIO
100
AcDbText
  0
TEXT
  5
61F
330
17
100
AcDbEntity
  8
TEXTOS
100
AcDbText
 10
137.7
 20
-1.34
 30
0.0
 40
0.13
  1
Piso +3,25 / cielorraso +6,45
100
AcDbText
  0
TEXT
  5
620
330
17
100
AcDbEntity
  8
TEXTOS
100
AcDbText
 10
135.8
 20
-7.2
 30
0.0
 40
0.15
  1
DORMITORIO
100
AcDbText
  0
TEXT
  5
621
330
17
100
AcDbEntity
  8
TEXTOS
100
AcDbText
 10
135.8
 20
-7.44
 30
0.0
 40
0.13
  1
+3,25
100
AcDbText
  0
TEXT
  5
622
330
17
100
AcDbEntity
  8
TEXTOS
100
AcDbText
 10
138.5
 20
-6.65
 30
0.0
 40
0.15
  1
VESTIDOR
100
AcDbText
  0
TEXT
  5
623
330
17
100
AcDbEntity
  8
TEXTOS
100
AcDbText
 10
138.5
 20
-6.890000000000001
 30
0.0
 40
0.13
  1
+3,25
100
AcDbText
  0
TEXT
  5
624
330
17
100
AcDbEntity
  8
TEXTOS
100
AcDbText
 10
140.65
 20
-6.65
 30
0.0
 40
0.15
  1
BANO 02
100
AcDbText
  0
TEXT
  5
625
330
17
100
AcDbEntity
  8
TEXTOS
100
AcDbText
 10
140.65
 20
-6.890000000000001
 30
0.0
 40
0.13
  1
+3.25
100
AcDbText
  0
TEXT
  5
626
330
17
100
AcDbEntity
  8
TEXTOS
100
AcDbText
 10
138.2
 20
-10.55
 30
0.0
 40
0.15
  1
COCINA / COMEDOR
100
AcDbText
  0
TEXT
  5
627
330
17
100
AcDbEntity
  8
TEXTOS
100
AcDbText
 10
138.2
 20
-10.790000000000001
 30
0.0
 40
0.13
  1
Piso +3,25 / cielorraso +5,85
100
AcDbText
  0
DIMENSION
  5
628
330
17
100
AcDbEntity
  8
COTAS
100
AcDbDimension
280
0
  2
*D8
  3
Standard
 10
134.2
 20
-8.6
 30
0.0
 11
135.875
 21
-8.6
 31
0.0
 70
32
 71
5
  1
<>
100
AcDbAlignedDimension
 13
134.2
 23
-8.6
 33
0.0
 14
137.55
 24
-8.6
 34
0.0
 50
0.0
100
AcDbRotatedDimension
1001
ACAD
1000
DSTYLE
1002
{
1070
140
1040
0.13
1070
41
1040
0.09
1002
}
  0
DIMENSION
  5
638
330
17
100
AcDbEntity
  8
COTAS
100
AcDbDimension
280
0
  2
*D9
  3
Standard
 10
137.69
 20
-8.6
 30
0.0
 11
138.51999999999998
 21
-8.6
 31
0.0
 70
32
 71
5
  1
<>
100
AcDbAlignedDimension
 13
137.69
 23
-8.6
 33
0.0
 14
139.35
 24
-8.6
 34
0.0
 50
0.0
100
AcDbRotatedDimension
1001
ACAD
1000
DSTYLE
1002
{
1070
140
1040
0.13
1070
41
1040
0.09
1002
}
  0
DIMENSION
  5
648
330
17
100
AcDbEntity
  8
COTAS
100
AcDbDimension
280
0
  2
*D10
  3
Standard
 10
139.49
 20
-8.6
 30
0.0
 11
140.645
 21
-8.6
 31
0.0
 70
32
 71
5
  1
<>
100
AcDbAlignedDimension
 13
139.49
 23
-8.6
 33
0.0
 14
141.8
 24
-8.6
 34
0.0
 50
0.0
100
AcDbRotatedDimension
1001
ACAD
1000
DSTYLE
1002
{
1070
140
1040
0.13
1070
41
1040
0.09
1002
}
  0
DIMENSION
  5
658
330
17
100
AcDbEntity
  8
COTAS
100
AcDbDimension
280
0
  2
*D11
  3
Standard
 10
143.55
 20
-6.1
 30
0.0
 11
143.55
 21
-7.515
 31
0.0
 70
32
 71
5
  1
<>
100
AcDbAlignedDimension
 13
142.0
 23
-6.1
 33
0.0
 14
142.0
 24
-8.93
 34
0.0
 50
90.0
100
AcDbRotatedDimension
1001
ACAD
1000
DSTYLE
1002
{
1070
140
1040
0.13
1070
41
1040
0.09
1002
}
  0
DIMENSION
  5
668
330
17
100
AcDbEntity
  8
COTAS
100
AcDbDimension
280
0
  2
*D12
  3
Standard
 10
143.55
 20
-9.07
 30
0.0
 11
143.55
 21
-10.435
 31
0.0
 70
32
 71
5
  1
<>
100
AcDbAlignedDimension
 13
142.0
 23
-9.07
 33
0.0
 14
142.0
 24
-11.8
 34
0.0
 50
90.0
100
AcDbRotatedDimension
1001
ACAD
1000
DSTYLE
1002
{
1070
140
1040
0.13
1070
41
1040
0.09
1002
}
  0
DIMENSION
  5
678
330
17
100
AcDbEntity
  8
COTAS
100
AcDbDimension
280
0
  2
*D13
  3
Standard
 10
133.0
 20
-12.45
 30
0.0
 11
133.5
 21
-12.45
 31
0.0
 70
32
 71
5
  1
<>
100
AcDbAlignedDimension
 13
133.0
 23
-12.0
 33
0.0
 14
134.0
 24
-12.0
 34
0.0
 50
0.0
100
AcDbRotatedDimension
1001
ACAD
1000
DSTYLE
1002
{
1070
140
1040
0.13
1070
41
1040
0.09
1002
}
  0
DIMENSION
  5
688
330
17
100
AcDbEntity
  8
COTAS
100
AcDbDimension
280
0
  2
*D14
  3
Standard
 10
142.65
 20
-12.0
 30
0.0
 11
142.65
 21
-12.5
 31
0.0
 70
32
 71
5
  1
<>
100
AcDbAlignedDimension
 13
142.0
 23
-12.0
 33
0.0
 14
142.0
 24
-13.0
 34
0.0
 50
90.0
100
AcDbRotatedDimension
1001
ACAD
1000
DSTYLE
1002
{
1070
140
1040
0.13
1070
41
1040
0.09
1002
}
  0
DIMENSION
  5
698
330
17
100
AcDbEntity
  8
COTAS
100
AcDbDimension
280
0
  2
*D15
  3
Standard
 10
132.6
 20
-1.5
 30
0.0
 11
132.6
 21
-3.0
 31
0.0
 70
32
 71
5
  1
<>
100
AcDbAlignedDimension
 13
134.0
 23
-1.5
 33
0.0
 14
134.0
 24
-4.5
 34
0.0
 50
90.0
100
AcDbRotatedDimension
1001
ACAD
1000
DSTYLE
1002
{
1070
140
1040
0.13
1070
41
1040
0.09
1002
}
  0
DIMENSION
  5
6A8
330
17
100
AcDbEntity
  8
COTAS
100
AcDbDimension
280
0
  2
*D16
  3
Standard
 10
132.6
 20
-4.84
 30
0.0
 11
132.6
 21
-5.3
 31
0.0
 70
32
 71
5
  1
<>
100
AcDbAlignedDimension
 13
134.0
 23
-4.84
 33
0.0
 14
134.0
 24
-5.76
 34
0.0
 50
90.0
100
AcDbRotatedDimension
1001
ACAD
1000
DSTYLE
1002
{
1070
140
1040
0.13
1070
41
1040
0.09
1002
}
  0
TEXT
  5
6B8
330
17
100
AcDbEntity
  8
TEXTOS
100
AcDbText
 10
133.65
 20
-5.3
 30
0.0
 40
0.125
  1
P04
100
AcDbText
  0
TEXT
  5
6B9
330
17
100
AcDbEntity
  8
TEXTOS
100
AcDbText
 10
134.38
 20
-2.0
 30
0.0
 40
0.125
  1
V01
100
AcDbText
  0
TEXT
  5
6BA
330
17
100
AcDbEntity
  8
TEXTOS
100
AcDbText
 10
134.4
 20
-7.75
 30
0.0
 40
0.125
  1
V02
100
AcDbText
  0
TEXT
  5
6BB
330
17
100
AcDbEntity
  8
TEXTOS
100
AcDbText
 10
134.4
 20
-10.5
 30
0.0
 40
0.125
  1
P08
100
AcDbText
  0
TEXT
  5
6BC
330
17
100
AcDbEntity
  8
TEXTOS
100
AcDbText
 10
135.8
 20
-12.15
 30
0.0
 40
0.125
  1
P09
100
AcDbText
  0
TEXT
  5
6BD
330
17
100
AcDbEntity
  8
TEXTOS
100
AcDbText
 10
139.6
 20
-12.15
 30
0.0
 40
0.125
  1
P10
100
AcDbText
  0
DIMENSION
  5
6BE
330
17
100
AcDbEntity
  8
COTAS
100
AcDbDimension
280
0
  2
*D17
  3
Standard
 10
139.585
 20
-8.45
 30
0.0
 11
140.03500000000003
 21
-8.45
 31
0.0
 70
32
 71
5
  1
<>
100
AcDbAlignedDimension
 13
139.585
 23
-8.45
 33
0.0
 14
140.485
 24
-8.45
 34
0.0
 50
0.0
100
AcDbRotatedDimension
1001
ACAD
1000
DSTYLE
1002
{
1070
140
1040
0.13
1070
41
1040
0.09
1002
}
  0
LINE
  5
6CE
330
17
100
AcDbEntity
  8
VISTA
100
AcDbLine
 10
138.935
 20
-9.0
 30
0.0
 11
138.93145936632487
 21
-9.07658273835454
 31
0.0
  0
LINE
  5
6CF
330
17
100
AcDbEntity
  8
VISTA
100
AcDbLine
 10
138.93145936632487
 20
-9.07658273835454
 30
0.0
 11
138.92086767273764
 21
-9.152512099787753
 31
0.0
  0
LINE
  5
6D0
330
17
100
AcDbEntity
  8
VISTA
100
AcDbLine
 10
138.92086767273764
 20
-9.152512099787753
 30
0.0
 11
138.90331528383345
 21
-9.227140281759828
 31
0.0
  0
LINE
  5
6D1
330
17
100
AcDbEntity
  8
VISTA
100
AcDbLine
 10
138.90331528383345
 20
-9.227140281759828
 30
0.0
 11
138.87895195040562
 21
-9.299830582935337
 31
0.0
  0
LINE
  5
6D2
330
17
100
AcDbEntity
  8
VISTA
100
AcDbLine
 10
138.87895195040562
 20
-9.299830582935337
 30
0.0
 11
138.8479855318247
 21
-9.369962835294526
 31
0.0
  0
LINE
  5
6D3
330
17
100
AcDbEntity
  8
VISTA
100
AcDbLine
 10
138.8479855318247
 20
-9.369962835294526
 30
0.0
 11
138.81068022265558
 21
-9.436938695188205
 31
0.0
  0
LINE
  5
6D4
330
17
100
AcDbEntity
  8
VISTA
100
AcDbLine
 10
138.81068022265558
 20
-9.436938695188205
 30
0.0
 11
138.7673542986426
 21
-9.500186748194782
 31
0.0
  0
LINE
  5
6D5
330
17
100
AcDbEntity
  8
VISTA
100
AcDbLine
 10
138.7673542986426
 20
-9.500186748194782
 30
0.0
 11
138.71837740129314
 21
-9.559167384226642
 31
0.0
  0
LINE
  5
6D6
330
17
100
AcDbEntity
  8
VISTA
100
AcDbLine
 10
138.71837740129314
 20
-9.559167384226642
 30
0.0
 11
138.66416738422663
 21
-9.613377401293146
 31
0.0
  0
LINE
  5
6D7
330
17
100
AcDbEntity
  8
VISTA
100
AcDbLine
 10
138.66416738422663
 20
-9.613377401293146
 30
0.0
 11
138.6051867481948
 21
-9.6623542986426
 31
0.0
  0
LINE
  5
6D8
330
17
100
AcDbEntity
  8
VISTA
100
AcDbLine
 10
138.6051867481948
 20
-9.6623542986426
 30
0.0
 11
138.5419386951882
 21
-9.70568022265558
 31
0.0
  0
LINE
  5
6D9
330
17
100
AcDbEntity
  8
VISTA
100
AcDbLine
 10
138.5419386951882
 20
-9.70568022265558
 30
0.0
 11
138.47496283529452
 21
-9.742985531824703
 31
0.0
  0
LINE
  5
6DA
330
17
100
AcDbEntity
  8
VISTA
100
AcDbLine
 10
138.47496283529452
 20
-9.742985531824703
 30
0.0
 11
138.40483058293535
 21
-9.773951950405616
 31
0.0
  0
LINE
  5
6DB
330
17
100
AcDbEntity
  8
VISTA
100
AcDbLine
 10
138.40483058293535
 20
-9.773951950405616
 30
0.0
 11
138.33214028175982
 21
-9.798315283833439
 31
0.0
  0
LINE
  5
6DC
330
17
100
AcDbEntity
  8
VISTA
100
AcDbLine
 10
138.33214028175982
 20
-9.798315283833439
 30
0.0
 11
138.25751209978776
 21
-9.815867672737639
 31
0.0
  0
LINE
  5
6DD
330
17
100
AcDbEntity
  8
VISTA
100
AcDbLine
 10
138.25751209978776
 20
-9.815867672737639
 30
0.0
 11
138.18158273835454
 21
-9.826459366324878
 31
0.0
  0
LINE
  5
6DE
330
17
100
AcDbEntity
  8
VISTA
100
AcDbLine
 10
138.18158273835454
 20
-9.826459366324878
 30
0.0
 11
138.105
 21
-9.83
 31
0.0
  0
LINE
  5
6DF
330
17
100
AcDbEntity
  8
VISTA
100
AcDbLine
 10
138.105
 20
-9.0
 30
0.0
 11
138.105
 21
-9.83
 31
0.0
  0
TEXT
  5
6E0
330
17
100
AcDbEntity
  8
TEXTOS
100
AcDbText
 10
138.105
 20
-8.84
 30
0.0
 40
0.125
  1
P05
100
AcDbText
  0
LINE
  5
6E1
330
17
100
AcDbEntity
  8
VISTA
100
AcDbLine
 10
137.62
 20
-7.27
 30
0.0
 11
137.6956600547599
 21
-7.2734979754380715
 31
0.0
  0
LINE
  5
6E2
330
17
100
AcDbEntity
  8
VISTA
100
AcDbLine
 10
137.6956600547599
 20
-7.2734979754380715
 30
0.0
 11
137.77067460460958
 21
-7.283962058259201
 31
0.0
  0
LINE
  5
6E3
330
17
100
AcDbEntity
  8
VISTA
100
AcDbLine
 10
137.77067460460958
 20
-7.283962058259201
 30
0.0
 11
137.84440365185912
 21
-7.301302972598288
 31
0.0
  0
LINE
  5
6E4
330
17
100
AcDbEntity
  8
VISTA
100
AcDbLine
 10
137.84440365185912
 20
-7.301302972598288
 30
0.0
 11
137.91621816627347
 21
-7.3253727718884285
 31
0.0
  0
LINE
  5
6E5
330
17
100
AcDbEntity
  8
VISTA
100
AcDbLine
 10
137.91621816627347
 20
-7.3253727718884285
 30
0.0
 11
137.98550545173677
 21
-7.355966101088849
 31
0.0
  0
LINE
  5
6E6
330
17
100
AcDbEntity
  8
VISTA
100
AcDbLine
 10
137.98550545173677
 20
-7.355966101088849
 30
0.0
 11
138.05167437355942
 21
-7.392821948701716
 31
0.0
  0
LINE
  5
6E7
330
17
100
AcDbEntity
  8
VISTA
100
AcDbLine
 10
138.05167437355942
 20
-7.392821948701716
 30
0.0
 11
138.114160401831
 21
-7.435625873630204
 31
0.0
  0
LINE
  5
6E8
330
17
100
AcDbEntity
  8
VISTA
100
AcDbLine
 10
138.114160401831
 20
-7.435625873630204
 30
0.0
 11
138.17243042779018
 21
-7.484012687879059
 31
0.0
  0
LINE
  5
6E9
330
17
100
AcDbEntity
  8
VISTA
100
AcDbLine
 10
138.17243042779018
 20
-7.484012687879059
 30
0.0
 11
138.22598731212094
 21
-7.537569572209823
 31
0.0
  0
LINE
  5
6EA
330
17
100
AcDbEntity
  8
VISTA
100
AcDbLine
 10
138.22598731212094
 20
-7.537569572209823
 30
0.0
 11
138.2743741263698
 21
-7.59583959816901
 31
0.0
  0
LINE
  5
6EB
330
17
100
AcDbEntity
  8
VISTA
100
AcDbLine
 10
138.2743741263698
 20
-7.59583959816901
 30
0.0
 11
138.3171780512983
 21
-7.658325626440568
 31
0.0
  0
LINE
  5
6EC
330
17
100
AcDbEntity
  8
VISTA
100
AcDbLine
 10
138.3171780512983
 20
-7.658325626440568
 30
0.0
 11
138.35403389891115
 21
-7.724494548263238
 31
0.0
  0
LINE
  5
6ED
330
17
100
AcDbEntity
  8
VISTA
100
AcDbLine
 10
138.35403389891115
 20
-7.724494548263238
 30
0.0
 11
138.38462722811158
 21
-7.793781833726534
 31
0.0
  0
LINE
  5
6EE
330
17
100
AcDbEntity
  8
VISTA
100
AcDbLine
 10
138.38462722811158
 20
-7.793781833726534
 30
0.0
 11
138.4086970274017
 21
-7.865596348140892
 31
0.0
  0
LINE
  5
6EF
330
17
100
AcDbEntity
  8
VISTA
100
AcDbLine
 10
138.4086970274017
 20
-7.865596348140892
 30
0.0
 11
138.4260379417408
 21
-7.939325395390412
 31
0.0
  0
LINE
  5
6F0
330
17
100
AcDbEntity
  8
VISTA
100
AcDbLine
 10
138.4260379417408
 20
-7.939325395390412
 30
0.0
 11
138.43650202456192
 21
-8.014339945240092
 31
0.0
  0
LINE
  5
6F1
330
17
100
AcDbEntity
  8
VISTA
100
AcDbLine
 10
138.43650202456192
 20
-8.014339945240092
 30
0.0
 11
138.44
 21
-8.09
 31
0.0
  0
LINE
  5
6F2
330
17
100
AcDbEntity
  8
VISTA
100
AcDbLine
 10
137.62
 20
-8.09
 30
0.0
 11
138.44
 21
-8.09
 31
0.0
  0
TEXT
  5
6F3
330
17
100
AcDbEntity
  8
TEXTOS
100
AcDbText
 10
137.62
 20
-7.93
 30
0.0
 40
0.125
  1
P06
100
AcDbText
  0
LINE
  5
6F4
330
17
100
AcDbEntity
  8
VISTA
100
AcDbLine
 10
139.42000000000002
 20
-7.1499999999999995
 30
0.0
 11
139.3443399452401
 21
-7.153497975438071
 31
0.0
  0
LINE
  5
6F5
330
17
100
AcDbEntity
  8
VISTA
100
AcDbLine
 10
139.3443399452401
 20
-7.153497975438071
 30
0.0
 11
139.2693253953904
 21
-7.1639620582592
 31
0.0
  0
LINE
  5
6F6
330
17
100
AcDbEntity
  8
VISTA
100
AcDbLine
 10
139.2693253953904
 20
-7.1639620582592
 30
0.0
 11
139.1955963481409
 21
-7.181302972598289
 31
0.0
  0
LINE
  5
6F7
330
17
100
AcDbEntity
  8
VISTA
100
AcDbLine
 10
139.1955963481409
 20
-7.181302972598289
 30
0.0
 11
139.12378183372653
 21
-7.205372771888428
 31
0.0
  0
LINE
  5
6F8
330
17
100
AcDbEntity
  8
VISTA
100
AcDbLine
 10
139.12378183372653
 20
-7.205372771888428
 30
0.0
 11
139.05449454826325
 21
-7.235966101088849
 31
0.0
  0
LINE
  5
6F9
330
17
100
AcDbEntity
  8
VISTA
100
AcDbLine
 10
139.05449454826325
 20
-7.235966101088849
 30
0.0
 11
138.98832562644057
 21
-7.272821948701717
 31
0.0
  0
LINE
  5
6FA
330
17
100
AcDbEntity
  8
VISTA
100
AcDbLine
 10
138.98832562644057
 20
-7.272821948701717
 30
0.0
 11
138.925839598169
 21
-7.315625873630204
 31
0.0
  0
LINE
  5
6FB
330
17
100
AcDbEntity
  8
VISTA
100
AcDbLine
 10
138.925839598169
 20
-7.315625873630204
 30
0.0
 11
138.86756957220982
 21
-7.364012687879059
 31
0.0
  0
LINE
  5
6FC
330
17
100
AcDbEntity
  8
VISTA
100
AcDbLine
 10
138.86756957220982
 20
-7.364012687879059
 30
0.0
 11
138.81401268787906
 21
-7.417569572209823
 31
0.0
  0
LINE
  5
6FD
330
17
100
AcDbEntity
  8
VISTA
100
AcDbLine
 10
138.81401268787906
 20
-7.417569572209823
 30
0.0
 11
138.7656258736302
 21
-7.475839598169009
 31
0.0
  0
LINE
  5
6FE
330
17
100
AcDbEntity
  8
VISTA
100
AcDbLine
 10
138.7656258736302
 20
-7.475839598169009
 30
0.0
 11
138.72282194870172
 21
-7.538325626440567
 31
0.0
  0
LINE
  5
6FF
330
17
100
AcDbEntity
  8
VISTA
100
AcDbLine
 10
138.72282194870172
 20
-7.538325626440567
 30
0.0
 11
138.68596610108887
 21
-7.604494548263238
 31
0.0
  0
LINE
  5
700
330
17
100
AcDbEntity
  8
VISTA
100
AcDbLine
 10
138.68596610108887
 20
-7.604494548263238
 30
0.0
 11
138.65537277188844
 21
-7.673781833726534
 31
0.0
  0
LINE
  5
701
330
17
100
AcDbEntity
  8
VISTA
100
AcDbLine
 10
138.65537277188844
 20
-7.673781833726534
 30
0.0
 11
138.6313029725983
 21
-7.745596348140892
 31
0.0
  0
LINE
  5
702
330
17
100
AcDbEntity
  8
VISTA
100
AcDbLine
 10
138.6313029725983
 20
-7.745596348140892
 30
0.0
 11
138.6139620582592
 21
-7.819325395390412
 31
0.0
  0
LINE
  5
703
330
17
100
AcDbEntity
  8
VISTA
100
AcDbLine
 10
138.6139620582592
 20
-7.819325395390412
 30
0.0
 11
138.60349797543807
 21
-7.894339945240092
 31
0.0
  0
LINE
  5
704
330
17
100
AcDbEntity
  8
VISTA
100
AcDbLine
 10
138.60349797543807
 20
-7.894339945240092
 30
0.0
 11
138.6
 21
-7.97
 31
0.0
  0
LINE
  5
705
330
17
100
AcDbEntity
  8
VISTA
100
AcDbLine
 10
139.42000000000002
 20
-7.97
 30
0.0
 11
138.6
 21
-7.97
 31
0.0
  0
TEXT
  5
706
330
17
100
AcDbEntity
  8
TEXTOS
100
AcDbText
 10
139.42000000000002
 20
-7.81
 30
0.0
 40
0.125
  1
P07
100
AcDbText
  0
ENDSEC
  0
SECTION
  2
OBJECTS
  0
DICTIONARY
  5
A
330
0
100
AcDbDictionary
281
1
  3
ACAD_COLOR
350
B
  3
ACAD_GROUP
350
C
  3
ACAD_LAYOUT
350
D
  3
ACAD_MATERIAL
350
E
  3
ACAD_MLEADERSTYLE
350
F
  3
ACAD_MLINESTYLE
350
10
  3
ACAD_PLOTSETTINGS
350
11
  3
ACAD_PLOTSTYLENAME
350
12
  3
ACAD_SCALELIST
350
14
  3
ACAD_TABLESTYLE
350
15
  3
ACAD_VISUALSTYLE
350
16
  3
EZDXF_META
350
2D
  0
DICTIONARY
  5
B
330
A
100
AcDbDictionary
281
1
  0
DICTIONARY
  5
C
330
A
100
AcDbDictionary
281
1
  0
DICTIONARY
  5
D
330
A
100
AcDbDictionary
281
1
  3
Model
350
1A
  3
Layout1
350
1E
  0
DICTIONARY
  5
E
330
A
100
AcDbDictionary
281
1
  3
ByBlock
350
1F
  3
ByLayer
350
20
  3
Global
350
21
  0
DICTIONARY
  5
F
330
A
100
AcDbDictionary
281
1
  3
Standard
350
2C
  0
DICTIONARY
  5
10
330
A
100
AcDbDictionary
281
1
  3
Standard
350
22
  0
DICTIONARY
  5
11
330
A
100
AcDbDictionary
281
1
  0
ACDBDICTIONARYWDFLT
  5
12
330
A
100
AcDbDictionary
281
1
  3
Normal
350
13
100
AcDbDictionaryWithDefault
340
13
  0
ACDBPLACEHOLDER
  5
13
330
12
  0
DICTIONARY
  5
14
330
A
100
AcDbDictionary
281
1
  0
DICTIONARY
  5
15
330
A
100
AcDbDictionary
281
1
  0
DICTIONARY
  5
16
330
A
100
AcDbDictionary
281
1
  0
LAYOUT
  5
1A
330
D
100
AcDbPlotSettings
  1

  4
A3
  6

 40
7.5
 41
20.0
 42
7.5
 43
20.0
 44
420.0
 45
297.0
 46
0.0
 47
0.0
 48
0.0
 49
0.0
140
0.0
141
0.0
142
1.0
143
1.0
 70
1024
 72
1
 73
0
 74
5
  7

 75
16
 76
0
 77
2
 78
300
147
1.0
148
0.0
149
0.0
100
AcDbLayout
  1
Model
 70
1
 71
0
 10
0.0
 20
0.0
 11
420.0
 21
297.0
 12
0.0
 22
0.0
 32
0.0
 14
1e+20
 24
1e+20
 34
1e+20
 15
-1e+20
 25
-1e+20
 35
-1e+20
146
0.0
 13
0.0
 23
0.0
 33
0.0
 16
1.0
 26
0.0
 36
0.0
 17
0.0
 27
1.0
 37
0.0
 76
1
330
17
  0
LAYOUT
  5
1E
330
D
100
AcDbPlotSettings
  1

  4
A3
  6

 40
7.5
 41
20.0
 42
7.5
 43
20.0
 44
420.0
 45
297.0
 46
0.0
 47
0.0
 48
0.0
 49
0.0
140
0.0
141
0.0
142
1.0
143
1.0
 70
0
 72
1
 73
0
 74
5
  7

 75
16
 76
0
 77
2
 78
300
147
1.0
148
0.0
149
0.0
100
AcDbLayout
  1
Layout1
 70
1
 71
1
 10
0.0
 20
0.0
 11
420.0
 21
297.0
 12
0.0
 22
0.0
 32
0.0
 14
1e+20
 24
1e+20
 34
1e+20
 15
-1e+20
 25
-1e+20
 35
-1e+20
146
0.0
 13
0.0
 23
0.0
 33
0.0
 16
1.0
 26
0.0
 36
0.0
 17
0.0
 27
1.0
 37
0.0
 76
1
330
1B
  0
MATERIAL
  5
1F
102
{ACAD_REACTORS
330
E
102
}
330
E
100
AcDbMaterial
  1
ByBlock
  2

 70
0
 40
1.0
 71
1
 41
1.0
 91
-1023410177
 42
1.0
 72
1
  3

 73
1
 74
1
 75
1
 44
0.5
 73
0
 45
1.0
 46
1.0
 77
1
  4

 78
1
 79
1
170
1
 48
1.0
171
1
  6

172
1
173
1
174
1
140
1.0
141
1.0
175
1
  7

176
1
177
1
178
1
143
1.0
179
1
  8

270
1
271
1
272
1
145
1.0
146
1.0
273
1
  9

274
1
275
1
276
1
 42
1.0
 72
1
  3

 73
1
 74
1
 75
1
 94
63
  0
MATERIAL
  5
20
102
{ACAD_REACTORS
330
E
102
}
330
E
100
AcDbMaterial
  1
ByLayer
  2

 70
0
 40
1.0
 71
1
 41
1.0
 91
-1023410177
 42
1.0
 72
1
  3

 73
1
 74
1
 75
1
 44
0.5
 73
0
 45
1.0
 46
1.0
 77
1
  4

 78
1
 79
1
170
1
 48
1.0
171
1
  6

172
1
173
1
174
1
140
1.0
141
1.0
175
1
  7

176
1
177
1
178
1
143
1.0
179
1
  8

270
1
271
1
272
1
145
1.0
146
1.0
273
1
  9

274
1
275
1
276
1
 42
1.0
 72
1
  3

 73
1
 74
1
 75
1
 94
63
  0
MATERIAL
  5
21
102
{ACAD_REACTORS
330
E
102
}
330
E
100
AcDbMaterial
  1
Global
  2

 70
0
 40
1.0
 71
1
 41
1.0
 91
-1023410177
 42
1.0
 72
1
  3

 73
1
 74
1
 75
1
 44
0.5
 73
0
 45
1.0
 46
1.0
 77
1
  4

 78
1
 79
1
170
1
 48
1.0
171
1
  6

172
1
173
1
174
1
140
1.0
141
1.0
175
1
  7

176
1
177
1
178
1
143
1.0
179
1
  8

270
1
271
1
272
1
145
1.0
146
1.0
273
1
  9

274
1
275
1
276
1
 42
1.0
 72
1
  3

 73
1
 74
1
 75
1
 94
63
  0
MLINESTYLE
  5
22
102
{ACAD_REACTORS
330
10
102
}
330
10
100
AcDbMlineStyle
  2
Standard
 70
0
  3

 62
256
 51
90.0
 52
90.0
 71
2
 49
0.5
 62
256
  6
BYLAYER
 49
-0.5
 62
256
  6
BYLAYER
  0
MLEADERSTYLE
  5
2C
102
{ACAD_REACTORS
330
F
102
}
330
F
100
AcDbMLeaderStyle
179
2
170
2
171
1
172
0
 90
2
 40
0.0
 41
0.0
173
1
 91
-1056964608
 92
-2
290
1
 42
2.0
291
1
 43
8.0
  3
Standard
 44
4.0
300

342
29
174
1
175
1
176
0
178
1
 93
-1056964608
 45
4.0
292
0
297
0
 46
4.0
 94
-1056964608
 47
1.0
 49
1.0
140
1.0
294
1
141
0.0
177
0
142
1.0
295
0
296
0
143
3.75
271
0
272
9
273
9
  0
DICTIONARY
  5
2D
330
A
100
AcDbDictionary
280
1
281
1
  3
CREATED_BY_EZDXF
350
2E
  3
WRITTEN_BY_EZDXF
350
709
  0
DICTIONARYVAR
  5
2E
330
2D
100
DictionaryVariables
280
0
  1
1.4.4 @ 2026-09-10T22:45:37.898154+00:00
  0
DICTIONARYVAR
  5
709
330
2D
100
DictionaryVariables
280
0
  1
1.4.4 @ 2026-09-10T22:45:45.696752+00:00
  0
ENDSEC
  0
EOF
