  0
SECTION
  2
HEADER
  9
$ACADVER
  1
AC1024
  9
$ACADMAINTVER
 70
6
  9
$DWGCODEPAGE
  3
ANSI_1252
  9
$LASTSAVEDBY
  1
ezdxf
  9
$INSBASE
 10
0.0
 20
0.0
 30
0.0
  9
$EXTMIN
 10
1e+20
 20
1e+20
 30
1e+20
  9
$EXTMAX
 10
-1e+20
 20
-1e+20
 30
-1e+20
  9
$LIMMIN
 10
0.0
 20
0.0
  9
$LIMMAX
 10
420.0
 20
297.0
  9
$ORTHOMODE
 70
0
  9
$REGENMODE
 70
1
  9
$FILLMODE
 70
1
  9
$QTEXTMODE
 70
0
  9
$MIRRTEXT
 70
1
  9
$LTSCALE
 40
1.0
  9
$ATTMODE
 70
1
  9
$TEXTSIZE
 40
2.5
  9
$TRACEWID
 40
1.0
  9
$TEXTSTYLE
  7
Standard
  9
$CLAYER
  8
0
  9
$CELTYPE
  6
ByLayer
  9
$CECOLOR
 62
256
  9
$CELTSCALE
 40
1.0
  9
$DISPSILH
 70
0
  9
$DIMSCALE
 40
1.0
  9
$DIMASZ
 40
2.5
  9
$DIMEXO
 40
0.625
  9
$DIMDLI
 40
3.75
  9
$DIMRND
 40
0.0
  9
$DIMDLE
 40
0.0
  9
$DIMEXE
 40
1.25
  9
$DIMTP
 40
0.0
  9
$DIMTM
 40
0.0
  9
$DIMTXT
 40
2.5
  9
$DIMCEN
 40
2.5
  9
$DIMTSZ
 40
0.0
  9
$DIMTOL
 70
0
  9
$DIMLIM
 70
0
  9
$DIMTIH
 70
0
  9
$DIMTOH
 70
0
  9
$DIMSE1
 70
0
  9
$DIMSE2
 70
0
  9
$DIMTAD
 70
1
  9
$DIMZIN
 70
8
  9
$DIMBLK
  1

  9
$DIMASO
 70
1
  9
$DIMSHO
 70
1
  9
$DIMPOST
  1

  9
$DIMAPOST
  1

  9
$DIMALT
 70
0
  9
$DIMALTD
 70
3
  9
$DIMALTF
 40
0.03937007874
  9
$DIMLFAC
 40
1.0
  9
$DIMTOFL
 70
1
  9
$DIMTVP
 40
0.0
  9
$DIMTIX
 70
0
  9
$DIMSOXD
 70
0
  9
$DIMSAH
 70
0
  9
$DIMBLK1
  1

  9
$DIMBLK2
  1

  9
$DIMSTYLE
  2
ISO-25
  9
$DIMCLRD
 70
0
  9
$DIMCLRE
 70
0
  9
$DIMCLRT
 70
0
  9
$DIMTFAC
 40
1.0
  9
$DIMGAP
 40
0.625
  9
$DIMJUST
 70
0
  9
$DIMSD1
 70
0
  9
$DIMSD2
 70
0
  9
$DIMTOLJ
 70
0
  9
$DIMTZIN
 70
8
  9
$DIMALTZ
 70
0
  9
$DIMALTTZ
 70
0
  9
$DIMUPT
 70
0
  9
$DIMDEC
 70
2
  9
$DIMTDEC
 70
2
  9
$DIMALTU
 70
2
  9
$DIMALTTD
 70
3
  9
$DIMTXSTY
  7
Standard
  9
$DIMAUNIT
 70
0
  9
$DIMADEC
 70
0
  9
$DIMALTRND
 40
0.0
  9
$DIMAZIN
 70
0
  9
$DIMDSEP
 70
44
  9
$DIMATFIT
 70
3
  9
$DIMFRAC
 70
0
  9
$DIMLDRBLK
  1

  9
$DIMLUNIT
 70
2
  9
$DIMLWD
 70
-2
  9
$DIMLWE
 70
-2
  9
$DIMTMOVE
 70
0
  9
$DIMFXL
 40
1.0
  9
$DIMFXLON
 70
0
  9
$DIMJOGANG
 40
0.785398163397
  9
$DIMTFILL
 70
0
  9
$DIMTFILLCLR
 70
0
  9
$DIMARCSYM
 70
0
  9
$DIMLTYPE
  6

  9
$DIMLTEX1
  6

  9
$DIMLTEX2
  6

  9
$DIMTXTDIRECTION
 70
0
  9
$LUNITS
 70
2
  9
$LUPREC
 70
4
  9
$SKETCHINC
 40
1.0
  9
$FILLETRAD
 40
10.0
  9
$AUNITS
 70
0
  9
$AUPREC
 70
2
  9
$MENU
  1
.
  9
$ELEVATION
 40
0.0
  9
$PELEVATION
 40
0.0
  9
$THICKNESS
 40
0.0
  9
$LIMCHECK
 70
0
  9
$CHAMFERA
 40
0.0
  9
$CHAMFERB
 40
0.0
  9
$CHAMFERC
 40
0.0
  9
$CHAMFERD
 40
0.0
  9
$SKPOLY
 70
0
  9
$TDCREATE
 40
2461294.8234375
  9
$TDUCREATE
 40
2458532.153996898
  9
$TDUPDATE
 40
2461294.8234490743
  9
$TDUUPDATE
 40
2458532.1544311
  9
$TDINDWG
 40
0.0
  9
$TDUSRTIMER
 40
0.0
  9
$USRTIMER
 70
1
  9
$ANGBASE
 50
0.0
  9
$ANGDIR
 70
0
  9
$PDMODE
 70
0
  9
$PDSIZE
 40
0.0
  9
$PLINEWID
 40
0.0
  9
$SPLFRAME
 70
0
  9
$SPLINETYPE
 70
6
  9
$SPLINESEGS
 70
8
  9
$HANDSEED
  5
34B
  9
$SURFTAB1
 70
6
  9
$SURFTAB2
 70
6
  9
$SURFTYPE
 70
6
  9
$SURFU
 70
6
  9
$SURFV
 70
6
  9
$UCSBASE
  2

  9
$UCSNAME
  2

  9
$UCSORG
 10
0.0
 20
0.0
 30
0.0
  9
$UCSXDIR
 10
1.0
 20
0.0
 30
0.0
  9
$UCSYDIR
 10
0.0
 20
1.0
 30
0.0
  9
$UCSORTHOREF
  2

  9
$UCSORTHOVIEW
 70
0
  9
$UCSORGTOP
 10
0.0
 20
0.0
 30
0.0
  9
$UCSORGBOTTOM
 10
0.0
 20
0.0
 30
0.0
  9
$UCSORGLEFT
 10
0.0
 20
0.0
 30
0.0
  9
$UCSORGRIGHT
 10
0.0
 20
0.0
 30
0.0
  9
$UCSORGFRONT
 10
0.0
 20
0.0
 30
0.0
  9
$UCSORGBACK
 10
0.0
 20
0.0
 30
0.0
  9
$PUCSBASE
  2

  9
$PUCSNAME
  2

  9
$PUCSORG
 10
0.0
 20
0.0
 30
0.0
  9
$PUCSXDIR
 10
1.0
 20
0.0
 30
0.0
  9
$PUCSYDIR
 10
0.0
 20
1.0
 30
0.0
  9
$PUCSORTHOREF
  2

  9
$PUCSORTHOVIEW
 70
0
  9
$PUCSORGTOP
 10
0.0
 20
0.0
 30
0.0
  9
$PUCSORGBOTTOM
 10
0.0
 20
0.0
 30
0.0
  9
$PUCSORGLEFT
 10
0.0
 20
0.0
 30
0.0
  9
$PUCSORGRIGHT
 10
0.0
 20
0.0
 30
0.0
  9
$PUCSORGFRONT
 10
0.0
 20
0.0
 30
0.0
  9
$PUCSORGBACK
 10
0.0
 20
0.0
 30
0.0
  9
$USERI1
 70
0
  9
$USERI2
 70
0
  9
$USERI3
 70
0
  9
$USERI4
 70
0
  9
$USERI5
 70
0
  9
$USERR1
 40
0.0
  9
$USERR2
 40
0.0
  9
$USERR3
 40
0.0
  9
$USERR4
 40
0.0
  9
$USERR5
 40
0.0
  9
$WORLDVIEW
 70
1
  9
$SHADEDGE
 70
3
  9
$SHADEDIF
 70
70
  9
$TILEMODE
 70
1
  9
$MAXACTVP
 70
64
  9
$PINSBASE
 10
0.0
 20
0.0
 30
0.0
  9
$PLIMCHECK
 70
0
  9
$PEXTMIN
 10
1e+20
 20
1e+20
 30
1e+20
  9
$PEXTMAX
 10
-1e+20
 20
-1e+20
 30
-1e+20
  9
$PLIMMIN
 10
0.0
 20
0.0
  9
$PLIMMAX
 10
420.0
 20
297.0
  9
$UNITMODE
 70
0
  9
$VISRETAIN
 70
1
  9
$PLINEGEN
 70
0
  9
$PSLTSCALE
 70
1
  9
$TREEDEPTH
 70
3020
  9
$CMLSTYLE
  2
Standard
  9
$CMLJUST
 70
0
  9
$CMLSCALE
 40
20.0
  9
$PROXYGRAPHICS
 70
1
  9
$MEASUREMENT
 70
1
  9
$CELWEIGHT
370
-1
  9
$ENDCAPS
280
0
  9
$JOINSTYLE
280
0
  9
$LWDISPLAY
290
0
  9
$INSUNITS
 70
6
  9
$HYPERLINKBASE
  1

  9
$STYLESHEET
  1

  9
$XEDIT
290
1
  9
$CEPSNTYPE
380
0
  9
$PSTYLEMODE
290
1
  9
$FINGERPRINTGUID
  2
{F9E626DA-605F-41AA-8F33-45DB90A2AB5F}
  9
$VERSIONGUID
  2
{0CD1B4C6-E711-41C5-A849-DAC1F70F789A}
  9
$EXTNAMES
290
1
  9
$PSVPSCALE
 40
0.0
  9
$OLESTARTUP
290
0
  9
$SORTENTS
280
127
  9
$INDEXCTL
280
0
  9
$HIDETEXT
280
1
  9
$XCLIPFRAME
280
1
  9
$HALOGAP
280
0
  9
$OBSCOLOR
 70
257
  9
$OBSLTYPE
280
0
  9
$INTERSECTIONDISPLAY
280
0
  9
$INTERSECTIONCOLOR
 70
257
  9
$DIMASSOC
280
2
  9
$PROJECTNAME
  1

  9
$CAMERADISPLAY
290
0
  9
$LENSLENGTH
 40
50.0
  9
$CAMERAHEIGHT
 40
0.0
  9
$STEPSPERSEC
 40
24.0
  9
$STEPSIZE
 40
100.0
  9
$3DDWFPREC
 40
2.0
  9
$PSOLWIDTH
 40
0.005
  9
$PSOLHEIGHT
 40
0.08
  9
$LOFTANG1
 40
1.570796326795
  9
$LOFTANG2
 40
1.570796326795
  9
$LOFTMAG1
 40
0.0
  9
$LOFTMAG2
 40
0.0
  9
$LOFTPARAM
 70
7
  9
$LOFTNORMALS
280
1
  9
$LATITUDE
 40
37.795
  9
$LONGITUDE
 40
-122.394
  9
$NORTHDIRECTION
 40
0.0
  9
$TIMEZONE
 70
-8000
  9
$LIGHTGLYPHDISPLAY
280
1
  9
$TILEMODELIGHTSYNCH
280
1
  9
$CMATERIAL
347
20
  9
$SOLIDHIST
280
0
  9
$SHOWHIST
280
1
  9
$DWFFRAME
280
2
  9
$DGNFRAME
280
2
  9
$REALWORLDSCALE
290
1
  9
$INTERFERECOLOR
 62
256
  9
$CSHADOW
280
0
  9
$SHADOWPLANELOCATION
 40
0.0
  0
ENDSEC
  0
SECTION
  2
CLASSES
  0
CLASS
  1
ACDBDICTIONARYWDFLT
  2
AcDbDictionaryWithDefault
  3
ObjectDBX Classes
 90
0
 91
0
280
0
281
0
  0
CLASS
  1
SUN
  2
AcDbSun
  3
SCENEOE
 90
1153
 91
0
280
0
281
0
  0
CLASS
  1
VISUALSTYLE
  2
AcDbVisualStyle
  3
ObjectDBX Classes
 90
4095
 91
0
280
0
281
0
  0
CLASS
  1
MATERIAL
  2
AcDbMaterial
  3
ObjectDBX Classes
 90
1153
 91
0
280
0
281
0
  0
CLASS
  1
SCALE
  2
AcDbScale
  3
ObjectDBX Classes
 90
1153
 91
0
280
0
281
0
  0
CLASS
  1
TABLESTYLE
  2
AcDbTableStyle
  3
ObjectDBX Classes
 90
4095
 91
0
280
0
281
0
  0
CLASS
  1
MLEADERSTYLE
  2
AcDbMLeaderStyle
  3
ACDB_MLEADERSTYLE_CLASS
 90
4095
 91
0
280
0
281
0
  0
CLASS
  1
DICTIONARYVAR
  2
AcDbDictionaryVar
  3
ObjectDBX Classes
 90
0
 91
0
280
0
281
0
  0
CLASS
  1
CELLSTYLEMAP
  2
AcDbCellStyleMap
  3
ObjectDBX Classes
 90
1152
 91
0
280
0
281
0
  0
CLASS
  1
MENTALRAYRENDERSETTINGS
  2
AcDbMentalRayRenderSettings
  3
SCENEOE
 90
1024
 91
0
280
0
281
0
  0
CLASS
  1
ACDBDETAILVIEWSTYLE
  2
AcDbDetailViewStyle
  3
ObjectDBX Classes
 90
1025
 91
0
280
0
281
0
  0
CLASS
  1
ACDBSECTIONVIEWSTYLE
  2
AcDbSectionViewStyle
  3
ObjectDBX Classes
 90
1025
 91
0
280
0
281
0
  0
CLASS
  1
RASTERVARIABLES
  2
AcDbRasterVariables
  3
ISM
 90
0
 91
0
280
0
281
0
  0
CLASS
  1
ACDBPLACEHOLDER
  2
AcDbPlaceHolder
  3
ObjectDBX Classes
 90
0
 91
0
280
0
281
0
  0
CLASS
  1
LAYOUT
  2
AcDbLayout
  3
ObjectDBX Classes
 90
0
 91
0
280
0
281
0
  0
ENDSEC
  0
SECTION
  2
TABLES
  0
TABLE
  2
VPORT
  5
8
330
0
100
AcDbSymbolTable
 70
1
  0
VPORT
  5
23
330
8
100
AcDbSymbolTableRecord
100
AcDbViewportTableRecord
  2
*Active
 70
0
 10
0.0
 20
0.0
 11
1.0
 21
1.0
 12
0.0
 22
0.0
 13
0.0
 23
0.0
 14
0.5
 24
0.5
 15
0.5
 25
0.5
 16
0.0
 26
0.0
 36
1.0
 17
0.0
 27
0.0
 37
0.0
 40
1000.0
 41
1.34
 42
50.0
 43
0.0
 44
0.0
 50
0.0
 51
0.0
 71
0
 72
1000
 73
1
 74
3
 75
0
 76
0
 77
0
 78
0
281
0
 65
0
146
0.0
  0
ENDTAB
  0
TABLE
  2
LTYPE
  5
2
330
0
100
AcDbSymbolTable
 70
3
  0
LTYPE
  5
24
330
2
100
AcDbSymbolTableRecord
100
AcDbLinetypeTableRecord
  2
ByBlock
 70
0
  3

 72
65
 73
0
 40
0.0
  0
LTYPE
  5
25
330
2
100
AcDbSymbolTableRecord
100
AcDbLinetypeTableRecord
  2
ByLayer
 70
0
  3

 72
65
 73
0
 40
0.0
  0
LTYPE
  5
26
330
2
100
AcDbSymbolTableRecord
100
AcDbLinetypeTableRecord
  2
Continuous
 70
0
  3

 72
65
 73
0
 40
0.0
  0
ENDTAB
  0
TABLE
  2
LAYER
  5
1
330
0
100
AcDbSymbolTable
 70
8
  0
LAYER
  5
27
330
1
100
AcDbSymbolTableRecord
100
AcDbLayerTableRecord
  2
0
 70
0
 62
7
  6
Continuous
370
-3
390
13
347
21
  0
LAYER
  5
28
330
1
100
AcDbSymbolTableRecord
100
AcDbLayerTableRecord
  2
Defpoints
 70
0
 62
7
  6
Continuous
290
0
370
-3
390
13
347
21
  0
LAYER
  5
2F
330
1
100
AcDbSymbolTableRecord
100
AcDbLayerTableRecord
  2
CORTE
 70
0
 62
7
  6
Continuous
370
-3
390
13
347
21
  0
LAYER
  5
30
330
1
100
AcDbSymbolTableRecord
100
AcDbLayerTableRecord
  2
VISTA
 70
0
 62
8
  6
Continuous
370
-3
390
13
347
21
  0
LAYER
  5
31
330
1
100
AcDbSymbolTableRecord
100
AcDbLayerTableRecord
  2
COTAS
 70
0
 62
4
  6
Continuous
370
-3
390
13
347
21
  0
LAYER
  5
32
330
1
100
AcDbSymbolTableRecord
100
AcDbLayerTableRecord
  2
TEXTOS
 70
0
 62
7
  6
Continuous
370
-3
390
13
347
21
  0
LAYER
  5
33
330
1
100
AcDbSymbolTableRecord
100
AcDbLayerTableRecord
  2
EJES
 70
0
 62
3
  6
Continuous
370
-3
390
13
347
21
  0
LAYER
  5
34
330
1
100
AcDbSymbolTableRecord
100
AcDbLayerTableRecord
  2
SISTEMAS
 70
0
 62
5
  6
Continuous
370
-3
390
13
347
21
  0
ENDTAB
  0
TABLE
  2
STYLE
  5
5
330
0
100
AcDbSymbolTable
 70
1
  0
STYLE
  5
29
330
5
100
AcDbSymbolTableRecord
100
AcDbTextStyleTableRecord
  2
Standard
 70
0
 40
0.0
 41
1.0
 50
0.0
 71
0
 42
2.5
  3
txt
  4

  0
ENDTAB
  0
TABLE
  2
VIEW
  5
7
330
0
100
AcDbSymbolTable
 70
0
  0
ENDTAB
  0
TABLE
  2
UCS
  5
6
330
0
100
AcDbSymbolTable
 70
0
  0
ENDTAB
  0
TABLE
  2
APPID
  5
3
330
0
100
AcDbSymbolTable
 70
3
  0
APPID
  5
2A
330
3
100
AcDbSymbolTableRecord
100
AcDbRegAppTableRecord
  2
ACAD
 70
0
  0
APPID
  5
348
330
3
100
AcDbSymbolTableRecord
100
AcDbRegAppTableRecord
  2
HATCHBACKGROUNDCOLOR
 70
0
  0
APPID
  5
349
330
3
100
AcDbSymbolTableRecord
100
AcDbRegAppTableRecord
  2
EZDXF
 70
0
  0
ENDTAB
  0
TABLE
  2
DIMSTYLE
  5
4
330
0
100
AcDbSymbolTable
 70
1
100
AcDbDimStyleTable
  0
DIMSTYLE
105
2B
330
4
100
AcDbSymbolTableRecord
100
AcDbDimStyleTableRecord
  2
Standard
 70
0
 40
1.0
 41
2.5
 42
0.625
 43
3.75
 44
1.25
 45
0.0
 46
0.0
 47
0.0
 48
0.0
 49
2.5
140
2.5
141
2.5
142
0.0
143
0.03937007874
144
1.0
145
0.0
146
1.0
147
0.625
148
0.0
 69
0
 70
0
 71
0
 72
0
 73
0
 74
0
 75
0
 76
0
 77
1
 78
8
 79
3
170
0
171
3
172
1
173
0
174
0
175
0
176
0
177
0
178
0
179
2
271
2
272
2
273
2
274
3
275
0
276
0
277
2
278
44
279
0
280
0
281
0
282
0
283
0
284
8
285
0
286
0
288
0
289
3
290
0
371
-2
372
-2
  0
ENDTAB
  0
TABLE
  2
BLOCK_RECORD
  5
9
330
0
100
AcDbSymbolTable
 70
8
  0
BLOCK_RECORD
  5
17
330
9
100
AcDbSymbolTableRecord
100
AcDbBlockTableRecord
  2
*Model_Space
340
1A
 70
0
280
1
281
0
  0
BLOCK_RECORD
  5
1B
330
9
100
AcDbSymbolTableRecord
100
AcDbBlockTableRecord
  2
*Paper_Space
340
1E
 70
0
280
1
281
0
  0
BLOCK_RECORD
  5
2EF
330
9
100
AcDbSymbolTableRecord
100
AcDbBlockTableRecord
  2
*D1
340
0
 70
0
280
1
281
0
  0
BLOCK_RECORD
  5
2F4
330
9
100
AcDbSymbolTableRecord
100
AcDbBlockTableRecord
  2
_CLOSEDFILLED
340
0
 70
0
280
1
281
0
  0
BLOCK_RECORD
  5
303
330
9
100
AcDbSymbolTableRecord
100
AcDbBlockTableRecord
  2
*D2
340
0
 70
0
280
1
281
0
  0
BLOCK_RECORD
  5
313
330
9
100
AcDbSymbolTableRecord
100
AcDbBlockTableRecord
  2
*D3
340
0
 70
0
280
1
281
0
  0
BLOCK_RECORD
  5
323
330
9
100
AcDbSymbolTableRecord
100
AcDbBlockTableRecord
  2
*D4
340
0
 70
0
280
1
281
0
  0
BLOCK_RECORD
  5
338
330
9
100
AcDbSymbolTableRecord
100
AcDbBlockTableRecord
  2
*D5
340
0
 70
0
280
1
281
0
  0
ENDTAB
  0
ENDSEC
  0
SECTION
  2
BLOCKS
  0
BLOCK
  5
18
330
17
100
AcDbEntity
  8
0
100
AcDbBlockBegin
  2
*Model_Space
 70
0
 10
0.0
 20
0.0
 30
0.0
  3
*Model_Space
  1

  0
ENDBLK
  5
19
330
17
100
AcDbEntity
  8
0
100
AcDbBlockEnd
  0
BLOCK
  5
1C
330
1B
100
AcDbEntity
  8
0
100
AcDbBlockBegin
  2
*Paper_Space
 70
0
 10
0.0
 20
0.0
 30
0.0
  3
*Paper_Space
  1

  0
ENDBLK
  5
1D
330
1B
100
AcDbEntity
  8
0
100
AcDbBlockEnd
  0
BLOCK
  5
2F0
330
2EF
100
AcDbEntity
  8
0
100
AcDbBlockBegin
  2
*D1
 70
1
 10
0.0
 20
0.0
 30
0.0
  3
*D1
  1

  0
LINE
  5
2F2
330
2EF
100
AcDbEntity
  8
0
100
AcDbLine
 10
178.99165306091308
 20
-10.36
 30
0.0
 11
178.99165306091308
 21
-10.36
 31
0.0
  0
LINE
  5
2F3
330
2EF
100
AcDbEntity
  8
0
100
AcDbLine
 10
179.9669994354248
 20
-10.36
 30
0.0
 11
179.9669994354248
 21
-10.36
 31
0.0
  0
INSERT
  5
2F8
330
2EF
100
AcDbEntity
  8
COTAS
100
AcDbBlockReference
  2
_CLOSEDFILLED
 10
178.99165306091308
 20
-10.36
 30
0.0
 41
0.09
 42
0.09
 50
180.0
  0
INSERT
  5
2FA
330
2EF
100
AcDbEntity
  8
COTAS
100
AcDbBlockReference
  2
_CLOSEDFILLED
 10
179.9669994354248
 20
-10.36
 30
0.0
 41
0.09
 42
0.09
  0
LINE
  5
2FC
330
2EF
100
AcDbEntity
  8
0
100
AcDbLine
 10
179.08165306091308
 20
-10.36
 30
0.0
 11
179.21932624816895
 21
-10.36
 31
0.0
  0
LINE
  5
2FD
330
2EF
100
AcDbEntity
  8
0
100
AcDbLine
 10
179.73932624816894
 20
-10.36
 30
0.0
 11
179.8769994354248
 21
-10.36
 31
0.0
  0
MTEXT
  5
2FE
330
2EF
100
AcDbEntity
  8
COTAS
100
AcDbMText
 10
179.47932624816895
 20
-10.36
 30
0.0
 40
0.13
 71
5
  1
0,98
  0
POINT
  5
2FF
330
2EF
100
AcDbEntity
  8
Defpoints
100
AcDbPoint
 10
178.99165306091308
 20
-10.36
 30
0.0
  0
POINT
  5
300
330
2EF
100
AcDbEntity
  8
Defpoints
100
AcDbPoint
 10
178.99165306091308
 20
-10.36
 30
0.0
  0
POINT
  5
301
330
2EF
100
AcDbEntity
  8
Defpoints
100
AcDbPoint
 10
179.9669994354248
 20
-10.36
 30
0.0
  0
ENDBLK
  5
2F1
330
2EF
100
AcDbEntity
  8
0
100
AcDbBlockEnd
  0
BLOCK
  5
2F5
330
2F4
100
AcDbEntity
  8
0
100
AcDbBlockBegin
  2
_CLOSEDFILLED
 70
0
 10
0.0
 20
0.0
 30
0.0
  3
_CLOSEDFILLED
  1

  0
SOLID
  5
2F7
330
2F4
100
AcDbEntity
  8
0
  6
BYBLOCK
 62
0
100
AcDbTrace
 10
-1.0
 20
0.16439898372402537
 30
0.0
 11
0.0
 21
0.0
 31
0.0
 12
-1.0
 22
-0.16439898372402537
 32
0.0
 13
-1.0
 23
-0.16439898372402537
 33
0.0
  0
ENDBLK
  5
2F6
330
2F4
100
AcDbEntity
  8
0
100
AcDbBlockEnd
  0
BLOCK
  5
304
330
303
100
AcDbEntity
  8
0
100
AcDbBlockBegin
  2
*D2
 70
1
 10
0.0
 20
0.0
 30
0.0
  3
*D2
  1

  0
LINE
  5
306
330
303
100
AcDbEntity
  8
0
100
AcDbLine
 10
178.99165306091308
 20
-11.2
 30
0.0
 11
178.99165306091308
 21
-11.2
 31
0.0
  0
LINE
  5
307
330
303
100
AcDbEntity
  8
0
100
AcDbLine
 10
179.81700172424317
 20
-11.2
 30
0.0
 11
179.81700172424317
 21
-11.2
 31
0.0
  0
INSERT
  5
308
330
303
100
AcDbEntity
  8
COTAS
100
AcDbBlockReference
  2
_CLOSEDFILLED
 10
178.99165306091308
 20
-11.2
 30
0.0
 41
0.09
 42
0.09
 50
180.0
  0
INSERT
  5
30A
330
303
100
AcDbEntity
  8
COTAS
100
AcDbBlockReference
  2
_CLOSEDFILLED
 10
179.81700172424317
 20
-11.2
 30
0.0
 41
0.09
 42
0.09
  0
LINE
  5
30C
330
303
100
AcDbEntity
  8
0
100
AcDbLine
 10
179.08165306091308
 20
-11.2
 30
0.0
 11
179.14432739257813
 21
-11.2
 31
0.0
  0
LINE
  5
30D
330
303
100
AcDbEntity
  8
0
100
AcDbLine
 10
179.66432739257812
 20
-11.2
 30
0.0
 11
179.72700172424317
 21
-11.2
 31
0.0
  0
MTEXT
  5
30E
330
303
100
AcDbEntity
  8
COTAS
100
AcDbMText
 10
179.40432739257812
 20
-11.2
 30
0.0
 40
0.13
 71
5
  1
0,83
  0
POINT
  5
30F
330
303
100
AcDbEntity
  8
Defpoints
100
AcDbPoint
 10
178.99165306091308
 20
-11.2
 30
0.0
  0
POINT
  5
310
330
303
100
AcDbEntity
  8
Defpoints
100
AcDbPoint
 10
178.99165306091308
 20
-11.2
 30
0.0
  0
POINT
  5
311
330
303
100
AcDbEntity
  8
Defpoints
100
AcDbPoint
 10
179.81700172424317
 20
-11.2
 30
0.0
  0
ENDBLK
  5
305
330
303
100
AcDbEntity
  8
0
100
AcDbBlockEnd
  0
BLOCK
  5
314
330
313
100
AcDbEntity
  8
0
100
AcDbBlockBegin
  2
*D3
 70
1
 10
0.0
 20
0.0
 30
0.0
  3
*D3
  1

  0
LINE
  5
316
330
313
100
AcDbEntity
  8
0
100
AcDbLine
 10
175.69999885559082
 20
-10.36
 30
0.0
 11
175.69999885559082
 21
-10.36
 31
0.0
  0
LINE
  5
317
330
313
100
AcDbEntity
  8
0
100
AcDbLine
 10
176.50834693908692
 20
-10.36
 30
0.0
 11
176.50834693908692
 21
-10.36
 31
0.0
  0
INSERT
  5
318
330
313
100
AcDbEntity
  8
COTAS
100
AcDbBlockReference
  2
_CLOSEDFILLED
 10
175.69999885559082
 20
-10.36
 30
0.0
 41
0.09
 42
0.09
 50
180.0
  0
INSERT
  5
31A
330
313
100
AcDbEntity
  8
COTAS
100
AcDbBlockReference
  2
_CLOSEDFILLED
 10
176.50834693908692
 20
-10.36
 30
0.0
 41
0.09
 42
0.09
  0
LINE
  5
31C
330
313
100
AcDbEntity
  8
0
100
AcDbLine
 10
175.78999885559082
 20
-10.36
 30
0.0
 11
175.84417289733886
 21
-10.36
 31
0.0
  0
LINE
  5
31D
330
313
100
AcDbEntity
  8
0
100
AcDbLine
 10
176.36417289733885
 20
-10.36
 30
0.0
 11
176.41834693908692
 21
-10.36
 31
0.0
  0
MTEXT
  5
31E
330
313
100
AcDbEntity
  8
COTAS
100
AcDbMText
 10
176.10417289733886
 20
-10.36
 30
0.0
 40
0.13
 71
5
  1
0,81
  0
POINT
  5
31F
330
313
100
AcDbEntity
  8
Defpoints
100
AcDbPoint
 10
175.69999885559082
 20
-10.36
 30
0.0
  0
POINT
  5
320
330
313
100
AcDbEntity
  8
Defpoints
100
AcDbPoint
 10
175.69999885559082
 20
-10.36
 30
0.0
  0
POINT
  5
321
330
313
100
AcDbEntity
  8
Defpoints
100
AcDbPoint
 10
176.50834693908692
 20
-10.36
 30
0.0
  0
ENDBLK
  5
315
330
313
100
AcDbEntity
  8
0
100
AcDbBlockEnd
  0
BLOCK
  5
324
330
323
100
AcDbEntity
  8
0
100
AcDbBlockBegin
  2
*D4
 70
1
 10
0.0
 20
0.0
 30
0.0
  3
*D4
  1

  0
LINE
  5
326
330
323
100
AcDbEntity
  8
0
100
AcDbLine
 10
178.3
 20
-9.07
 30
0.0
 11
178.3
 21
-9.07
 31
0.0
  0
LINE
  5
327
330
323
100
AcDbEntity
  8
0
100
AcDbLine
 10
178.3
 20
-9.875000953674316
 30
0.0
 11
178.3
 21
-9.875000953674316
 31
0.0
  0
INSERT
  5
328
330
323
100
AcDbEntity
  8
COTAS
100
AcDbBlockReference
  2
_CLOSEDFILLED
 10
178.3
 20
-9.07
 30
0.0
 41
0.09
 42
0.09
 50
270.0
  0
INSERT
  5
32A
330
323
100
AcDbEntity
  8
COTAS
100
AcDbBlockReference
  2
_CLOSEDFILLED
 10
178.3
 20
-9.875000953674316
 30
0.0
 41
0.09
 42
0.09
 50
90.0
  0
LINE
  5
32C
330
323
100
AcDbEntity
  8
0
100
AcDbLine
 10
178.3
 20
-8.98
 30
0.0
 11
178.3
 21
-9.212500476837159
 31
0.0
  0
LINE
  5
32D
330
323
100
AcDbEntity
  8
0
100
AcDbLine
 10
178.3
 20
-9.732500476837158
 30
0.0
 11
178.3
 21
-9.965000953674316
 31
0.0
  0
MTEXT
  5
32E
330
323
100
AcDbEntity
  8
COTAS
100
AcDbMText
 10
178.3
 20
-9.472500476837158
 30
0.0
 40
0.13
 71
5
  1
0,81
 50
90.0
  0
POINT
  5
32F
330
323
100
AcDbEntity
  8
Defpoints
100
AcDbPoint
 10
178.3
 20
-9.07
 30
0.0
  0
POINT
  5
330
330
323
100
AcDbEntity
  8
Defpoints
100
AcDbPoint
 10
178.3
 20
-9.07
 30
0.0
  0
POINT
  5
331
330
323
100
AcDbEntity
  8
Defpoints
100
AcDbPoint
 10
178.3
 20
-9.875000953674316
 30
0.0
  0
ENDBLK
  5
325
330
323
100
AcDbEntity
  8
0
100
AcDbBlockEnd
  0
BLOCK
  5
339
330
338
100
AcDbEntity
  8
0
100
AcDbBlockBegin
  2
*D5
 70
1
 10
0.0
 20
0.0
 30
0.0
  3
*D5
  1

  0
LINE
  5
33B
330
338
100
AcDbEntity
  8
0
100
AcDbLine
 10
179.585
 20
-8.43
 30
0.0
 11
179.585
 21
-8.43
 31
0.0
  0
LINE
  5
33C
330
338
100
AcDbEntity
  8
0
100
AcDbLine
 10
180.485
 20
-8.43
 30
0.0
 11
180.485
 21
-8.43
 31
0.0
  0
INSERT
  5
33D
330
338
100
AcDbEntity
  8
COTAS
100
AcDbBlockReference
  2
_CLOSEDFILLED
 10
179.585
 20
-8.43
 30
0.0
 41
0.09
 42
0.09
 50
180.0
  0
INSERT
  5
33F
330
338
100
AcDbEntity
  8
COTAS
100
AcDbBlockReference
  2
_CLOSEDFILLED
 10
180.485
 20
-8.43
 30
0.0
 41
0.09
 42
0.09
  0
LINE
  5
341
330
338
100
AcDbEntity
  8
0
100
AcDbLine
 10
179.675
 20
-8.43
 30
0.0
 11
179.84000000000003
 21
-8.43
 31
0.0
  0
LINE
  5
342
330
338
100
AcDbEntity
  8
0
100
AcDbLine
 10
180.23000000000002
 20
-8.43
 30
0.0
 11
180.395
 21
-8.43
 31
0.0
  0
MTEXT
  5
343
330
338
100
AcDbEntity
  8
COTAS
100
AcDbMText
 10
180.03500000000003
 20
-8.43
 30
0.0
 40
0.13
 71
5
  1
0,9
  0
POINT
  5
344
330
338
100
AcDbEntity
  8
Defpoints
100
AcDbPoint
 10
179.585
 20
-8.43
 30
0.0
  0
POINT
  5
345
330
338
100
AcDbEntity
  8
Defpoints
100
AcDbPoint
 10
179.585
 20
-8.43
 30
0.0
  0
POINT
  5
346
330
338
100
AcDbEntity
  8
Defpoints
100
AcDbPoint
 10
180.485
 20
-8.43
 30
0.0
  0
ENDBLK
  5
33A
330
338
100
AcDbEntity
  8
0
100
AcDbBlockEnd
  0
ENDSEC
  0
SECTION
  2
ENTITIES
  0
LWPOLYLINE
  5
35
330
17
100
AcDbEntity
  8
VISTA
100
AcDbPolyline
 90
15
 70
1
 10
182.0
 20
-12.0045
 10
181.995501
 20
-12.0
 10
174.1
 20
-12.0
 10
174.1
 20
-12.2
 10
181.71280850908101
 20
-12.2
 10
181.71608700000002
 20
-12.193564
 10
181.733566
 20
-12.176087
 10
181.755589
 20
-12.164866
 10
181.780001
 20
-12.160999
 10
181.804413
 20
-12.164866
 10
181.826435
 20
-12.176087
 10
181.843914
 20
-12.193564
 10
181.84719249091899
 20
-12.2
 10
182.0
 20
-12.2
 10
182.0
 20
-12.0045
  0
LWPOLYLINE
  5
36
330
17
100
AcDbEntity
  8
VISTA
100
AcDbPolyline
 90
5
 70
1
 10
176.02
 20
-11.9785
 10
177.295002
 20
-11.9785
 10
177.295002
 20
-11.9245
 10
176.02
 20
-11.9245
 10
176.02
 20
-11.9785
  0
LWPOLYLINE
  5
37
330
17
100
AcDbEntity
  8
VISTA
100
AcDbPolyline
 90
5
 70
1
 10
176.02
 20
-12.033501
 10
177.295002
 20
-12.033501
 10
177.295002
 20
-12.0135
 10
176.02
 20
-12.0135
 10
176.02
 20
-12.033501
  0
LWPOLYLINE
  5
38
330
17
100
AcDbEntity
  8
VISTA
100
AcDbPolyline
 90
5
 70
1
 10
179.52
 20
-11.9755
 10
181.195
 20
-11.9755
 10
181.195
 20
-11.9215
 10
179.52
 20
-11.9215
 10
179.52
 20
-11.9755
  0
LWPOLYLINE
  5
39
330
17
100
AcDbEntity
  8
VISTA
100
AcDbPolyline
 90
5
 70
1
 10
179.52
 20
-12.0305
 10
181.195
 20
-12.0305
 10
181.195
 20
-12.0105
 10
179.52
 20
-12.0105
 10
179.52
 20
-12.0305
  0
LWPOLYLINE
  5
3A
330
17
100
AcDbEntity
  8
VISTA
100
AcDbPolyline
 90
5
 70
1
 10
176.021914
 20
-12.0045
 10
177.293087
 20
-12.0045
 10
177.293087
 20
-11.9245
 10
176.021914
 20
-11.9245
 10
176.021914
 20
-12.0045
  0
LWPOLYLINE
  5
3B
330
17
100
AcDbEntity
  8
VISTA
100
AcDbPolyline
 90
5
 70
1
 10
176.021914
 20
-12.059501
 10
177.293089
 20
-12.059501
 10
177.293089
 20
-12.0135
 10
176.021914
 20
-12.0135
 10
176.021914
 20
-12.059501
  0
LWPOLYLINE
  5
3C
330
17
100
AcDbEntity
  8
VISTA
100
AcDbPolyline
 90
5
 70
1
 10
179.522512
 20
-12.0015
 10
181.192488
 20
-12.0015
 10
181.192488
 20
-11.9215
 10
179.522512
 20
-11.9215
 10
179.522512
 20
-12.0015
  0
LWPOLYLINE
  5
3D
330
17
100
AcDbEntity
  8
VISTA
100
AcDbPolyline
 90
5
 70
1
 10
179.522512
 20
-12.0565
 10
181.192488
 20
-12.0565
 10
181.192488
 20
-12.0105
 10
179.522512
 20
-12.0105
 10
179.522512
 20
-12.0565
  0
LWPOLYLINE
  5
3E
330
17
100
AcDbEntity
  8
VISTA
100
AcDbPolyline
 90
5
 70
1
 10
176.021914
 20
-11.9935
 10
177.293087
 20
-11.9935
 10
177.293087
 20
-11.976501
 10
176.021914
 20
-11.976501
 10
176.021914
 20
-11.9935
  0
LWPOLYLINE
  5
3F
330
17
100
AcDbEntity
  8
VISTA
100
AcDbPolyline
 90
5
 70
1
 10
176.021914
 20
-12.0485
 10
177.293089
 20
-12.0485
 10
177.293089
 20
-12.031501
 10
176.021914
 20
-12.031501
 10
176.021914
 20
-12.0485
  0
LWPOLYLINE
  5
40
330
17
100
AcDbEntity
  8
VISTA
100
AcDbPolyline
 90
5
 70
1
 10
179.522512
 20
-11.990499
 10
181.192488
 20
-11.990499
 10
181.192488
 20
-11.9735
 10
179.522512
 20
-11.9735
 10
179.522512
 20
-11.990499
  0
LWPOLYLINE
  5
41
330
17
100
AcDbEntity
  8
VISTA
100
AcDbPolyline
 90
5
 70
1
 10
179.522512
 20
-12.0455
 10
181.192488
 20
-12.0455
 10
181.192488
 20
-12.028501
 10
179.522512
 20
-12.028501
 10
179.522512
 20
-12.0455
  0
LWPOLYLINE
  5
42
330
17
100
AcDbEntity
  8
VISTA
100
AcDbPolyline
 90
5
 70
1
 10
179.549999
 20
-8.86
 10
180.52
 20
-8.86
 10
180.52
 20
-8.71
 10
179.549999
 20
-8.71
 10
179.549999
 20
-8.86
  0
LWPOLYLINE
  5
43
330
17
100
AcDbEntity
  8
VISTA
100
AcDbPolyline
 90
5
 70
1
 10
174.1
 20
-9.094999
 10
174.1
 20
-11.635
 10
174.14
 20
-11.635
 10
174.14
 20
-9.094999
 10
174.1
 20
-9.094999
  0
LWPOLYLINE
  5
44
330
17
100
AcDbEntity
  8
VISTA
100
AcDbPolyline
 90
5
 70
1
 10
176.02
 20
-11.9675
 10
177.295002
 20
-11.9675
 10
177.295002
 20
-11.9655
 10
176.02
 20
-11.9655
 10
176.02
 20
-11.9675
  0
LWPOLYLINE
  5
45
330
17
100
AcDbEntity
  8
VISTA
100
AcDbPolyline
 90
5
 70
1
 10
176.02
 20
-11.9785
 10
177.295002
 20
-11.9785
 10
177.295002
 20
-11.976501
 10
176.02
 20
-11.976501
 10
176.02
 20
-11.9785
  0
LWPOLYLINE
  5
46
330
17
100
AcDbEntity
  8
VISTA
100
AcDbPolyline
 90
5
 70
1
 10
176.018002
 20
-11.9655
 10
177.297001
 20
-11.9655
 10
177.297001
 20
-11.9595
 10
176.018002
 20
-11.9595
 10
176.018002
 20
-11.9655
  0
LWPOLYLINE
  5
47
330
17
100
AcDbEntity
  8
VISTA
100
AcDbPolyline
 90
5
 70
1
 10
176.018002
 20
-12.010501
 10
177.297001
 20
-12.010501
 10
177.297001
 20
-12.0045
 10
176.018002
 20
-12.0045
 10
176.018002
 20
-12.010501
  0
LWPOLYLINE
  5
48
330
17
100
AcDbEntity
  8
VISTA
100
AcDbPolyline
 90
5
 70
1
 10
176.018
 20
-12.0205
 10
177.297003
 20
-12.0205
 10
177.297003
 20
-12.0145
 10
176.018
 20
-12.0145
 10
176.018
 20
-12.0205
  0
LWPOLYLINE
  5
49
330
17
100
AcDbEntity
  8
VISTA
100
AcDbPolyline
 90
5
 70
1
 10
176.018
 20
-12.065501
 10
177.297003
 20
-12.065501
 10
177.297003
 20
-12.059501
 10
176.018
 20
-12.059501
 10
176.018
 20
-12.065501
  0
LWPOLYLINE
  5
4A
330
17
100
AcDbEntity
  8
VISTA
100
AcDbPolyline
 90
5
 70
1
 10
179.52
 20
-11.964499
 10
181.195
 20
-11.964499
 10
181.195
 20
-11.9625
 10
179.52
 20
-11.9625
 10
179.52
 20
-11.964499
  0
LWPOLYLINE
  5
4B
330
17
100
AcDbEntity
  8
VISTA
100
AcDbPolyline
 90
5
 70
1
 10
179.52
 20
-11.9755
 10
181.195
 20
-11.9755
 10
181.195
 20
-11.9735
 10
179.52
 20
-11.9735
 10
179.52
 20
-11.9755
  0
LWPOLYLINE
  5
4C
330
17
100
AcDbEntity
  8
VISTA
100
AcDbPolyline
 90
5
 70
1
 10
179.518
 20
-11.9625
 10
181.197001
 20
-11.9625
 10
181.197001
 20
-11.9565
 10
179.518
 20
-11.9565
 10
179.518
 20
-11.9625
  0
LWPOLYLINE
  5
4D
330
17
100
AcDbEntity
  8
VISTA
100
AcDbPolyline
 90
5
 70
1
 10
179.518
 20
-12.007501
 10
181.197001
 20
-12.007501
 10
181.197001
 20
-12.0015
 10
179.518
 20
-12.0015
 10
179.518
 20
-12.007501
  0
LWPOLYLINE
  5
4E
330
17
100
AcDbEntity
  8
VISTA
100
AcDbPolyline
 90
5
 70
1
 10
179.518
 20
-12.0175
 10
181.197001
 20
-12.0175
 10
181.197001
 20
-12.011499
 10
179.518
 20
-12.011499
 10
179.518
 20
-12.0175
  0
LWPOLYLINE
  5
4F
330
17
100
AcDbEntity
  8
VISTA
100
AcDbPolyline
 90
5
 70
1
 10
179.518
 20
-12.062501
 10
181.197001
 20
-12.062501
 10
181.197001
 20
-12.0565
 10
179.518
 20
-12.0565
 10
179.518
 20
-12.062501
  0
LWPOLYLINE
  5
50
330
17
100
AcDbEntity
  8
VISTA
100
AcDbPolyline
 90
5
 70
1
 10
176.02
 20
-12.0225
 10
177.295002
 20
-12.0225
 10
177.295002
 20
-12.0205
 10
176.02
 20
-12.0205
 10
176.02
 20
-12.0225
  0
LWPOLYLINE
  5
51
330
17
100
AcDbEntity
  8
VISTA
100
AcDbPolyline
 90
5
 70
1
 10
176.02
 20
-12.033501
 10
177.295002
 20
-12.033501
 10
177.295002
 20
-12.031501
 10
176.02
 20
-12.031501
 10
176.02
 20
-12.033501
  0
LWPOLYLINE
  5
52
330
17
100
AcDbEntity
  8
VISTA
100
AcDbPolyline
 90
5
 70
1
 10
179.52
 20
-12.0195
 10
181.195
 20
-12.0195
 10
181.195
 20
-12.0175
 10
179.52
 20
-12.0175
 10
179.52
 20
-12.0195
  0
LWPOLYLINE
  5
53
330
17
100
AcDbEntity
  8
VISTA
100
AcDbPolyline
 90
5
 70
1
 10
179.52
 20
-12.0305
 10
181.195
 20
-12.0305
 10
181.195
 20
-12.028501
 10
179.52
 20
-12.028501
 10
179.52
 20
-12.0305
  0
LWPOLYLINE
  5
54
330
17
100
AcDbEntity
  8
VISTA
100
AcDbPolyline
 90
5
 70
1
 10
176.021914
 20
-11.9935
 10
177.293087
 20
-11.9935
 10
177.293087
 20
-11.9915
 10
176.021914
 20
-11.9915
 10
176.021914
 20
-11.9935
  0
LWPOLYLINE
  5
55
330
17
100
AcDbEntity
  8
VISTA
100
AcDbPolyline
 90
5
 70
1
 10
176.021914
 20
-12.0045
 10
177.293087
 20
-12.0045
 10
177.293087
 20
-12.002501
 10
176.021914
 20
-12.002501
 10
176.021914
 20
-12.0045
  0
LWPOLYLINE
  5
56
330
17
100
AcDbEntity
  8
VISTA
100
AcDbPolyline
 90
5
 70
1
 10
179.522512
 20
-11.990499
 10
181.192488
 20
-11.990499
 10
181.192488
 20
-11.9885
 10
179.522512
 20
-11.9885
 10
179.522512
 20
-11.990499
  0
LWPOLYLINE
  5
57
330
17
100
AcDbEntity
  8
VISTA
100
AcDbPolyline
 90
5
 70
1
 10
179.522512
 20
-12.0015
 10
181.192488
 20
-12.0015
 10
181.192488
 20
-11.9995
 10
179.522512
 20
-11.9995
 10
179.522512
 20
-12.0015
  0
LWPOLYLINE
  5
58
330
17
100
AcDbEntity
  8
VISTA
100
AcDbPolyline
 90
5
 70
1
 10
176.021914
 20
-12.0485
 10
177.293089
 20
-12.0485
 10
177.293089
 20
-12.0465
 10
176.021914
 20
-12.0465
 10
176.021914
 20
-12.0485
  0
LWPOLYLINE
  5
59
330
17
100
AcDbEntity
  8
VISTA
100
AcDbPolyline
 90
5
 70
1
 10
176.021914
 20
-12.059501
 10
177.293089
 20
-12.059501
 10
177.293089
 20
-12.057501
 10
176.021914
 20
-12.057501
 10
176.021914
 20
-12.059501
  0
LWPOLYLINE
  5
5A
330
17
100
AcDbEntity
  8
VISTA
100
AcDbPolyline
 90
5
 70
1
 10
179.522512
 20
-12.0455
 10
181.192488
 20
-12.0455
 10
181.192488
 20
-12.0435
 10
179.522512
 20
-12.0435
 10
179.522512
 20
-12.0455
  0
LWPOLYLINE
  5
5B
330
17
100
AcDbEntity
  8
VISTA
100
AcDbPolyline
 90
5
 70
1
 10
179.522512
 20
-12.0565
 10
181.192488
 20
-12.0565
 10
181.192488
 20
-12.054501
 10
179.522512
 20
-12.054501
 10
179.522512
 20
-12.0565
  0
LWPOLYLINE
  5
5C
330
17
100
AcDbEntity
  8
VISTA
100
AcDbPolyline
 90
5
 70
1
 10
174.722
 20
-11.9145
 10
177.318003
 20
-11.9145
 10
177.318003
 20
-11.8765
 10
174.722
 20
-11.8765
 10
174.722
 20
-11.9145
  0
LWPOLYLINE
  5
5D
330
17
100
AcDbEntity
  8
VISTA
100
AcDbPolyline
 90
5
 70
1
 10
174.722
 20
-12.0135
 10
177.318003
 20
-12.0135
 10
177.318003
 20
-12.010501
 10
174.722
 20
-12.010501
 10
174.722
 20
-12.0135
  0
LWPOLYLINE
  5
5E
330
17
100
AcDbEntity
  8
VISTA
100
AcDbPolyline
 90
5
 70
1
 10
177.822001
 20
-11.9115
 10
181.218
 20
-11.9115
 10
181.218
 20
-11.8735
 10
177.822001
 20
-11.8735
 10
177.822001
 20
-11.9115
  0
LWPOLYLINE
  5
5F
330
17
100
AcDbEntity
  8
VISTA
100
AcDbPolyline
 90
5
 70
1
 10
177.822001
 20
-12.0105
 10
181.218
 20
-12.0105
 10
181.218
 20
-12.007501
 10
177.822001
 20
-12.007501
 10
177.822001
 20
-12.0105
  0
LWPOLYLINE
  5
60
330
17
100
AcDbEntity
  8
VISTA
100
AcDbPolyline
 90
9
 70
1
 10
177.293001
 20
-11.9595
 10
177.295002
 20
-11.9575
 10
177.295002
 20
-11.9165
 10
177.293001
 20
-11.9145
 10
176.022001
 20
-11.9145
 10
176.02
 20
-11.9165
 10
176.02
 20
-11.9575
 10
176.022001
 20
-11.9595
 10
177.293001
 20
-11.9595
  0
LWPOLYLINE
  5
61
330
17
100
AcDbEntity
  8
VISTA
100
AcDbPolyline
 90
9
 70
1
 10
181.193001
 20
-11.9565
 10
181.195
 20
-11.9545
 10
181.195
 20
-11.9135
 10
181.193001
 20
-11.9115
 10
179.521999
 20
-11.9115
 10
179.52
 20
-11.9135
 10
179.52
 20
-11.9545
 10
179.521999
 20
-11.9565
 10
181.193001
 20
-11.9565
  0
LWPOLYLINE
  5
62
330
17
100
AcDbEntity
  8
VISTA
100
AcDbPolyline
 90
5
 70
1
 10
182.0
 20
-12.1135
 10
181.9995
 20
-12.102
 10
174.1
 20
-12.102144183897988
 10
174.1
 20
-12.11399279329958
 10
182.0
 20
-12.1135
  0
LWPOLYLINE
  5
63
330
17
100
AcDbEntity
  8
VISTA
100
AcDbPolyline
 90
5
 70
1
 10
174.1
 20
-9.045
 10
174.1
 20
-11.684999
 10
174.15
 20
-11.684999
 10
174.15
 20
-9.045
 10
174.1
 20
-9.045
  0
LWPOLYLINE
  5
64
330
17
100
AcDbEntity
  8
VISTA
100
AcDbPolyline
 90
5
 70
1
 10
174.630001
 20
-11.86
 10
174.630001
 20
-12.099999
 10
177.450001
 20
-12.099999
 10
177.450001
 20
-11.86
 10
174.630001
 20
-11.86
  0
LWPOLYLINE
  5
65
330
17
100
AcDbEntity
  8
VISTA
100
AcDbPolyline
 90
9
 70
1
 10
177.378
 20
-11.921499
 10
177.378
 20
-12.0485
 10
174.662
 20
-12.0485
 10
174.662
 20
-11.921499
 10
174.719001
 20
-11.921499
 10
174.719001
 20
-11.8725
 10
177.321003
 20
-11.8725
 10
177.321003
 20
-11.921499
 10
177.378
 20
-11.921499
  0
LWPOLYLINE
  5
66
330
17
100
AcDbEntity
  8
VISTA
100
AcDbPolyline
 90
13
 70
1
 10
177.819
 20
-11.9185
 10
177.819
 20
-11.8695
 10
181.221001
 20
-11.8695
 10
181.221001
 20
-11.9185
 10
181.278
 20
-11.9185
 10
181.278
 20
-12.045501
 10
177.800001
 20
-12.045501
 10
177.800001
 20
-12.099999
 10
181.4
 20
-12.099999
 10
181.4
 20
-11.86
 10
177.800001
 20
-11.86
 10
177.800001
 20
-11.9185
 10
177.819
 20
-11.9185
  0
LWPOLYLINE
  5
67
330
17
100
AcDbEntity
  8
VISTA
100
AcDbPolyline
 90
14
 70
1
 10
182.0
 20
-12.116
 10
174.1
 20
-12.11501237654707
 10
174.1
 20
-12.2
 10
181.71280934017435
 20
-12.2
 10
181.716089
 20
-12.193564
 10
181.733566
 20
-12.176087
 10
181.755589
 20
-12.164866
 10
181.780001
 20
-12.160999
 10
181.804413
 20
-12.164866
 10
181.826435
 20
-12.176087
 10
181.843912
 20
-12.193564
 10
181.84719165982565
 20
-12.2
 10
182.0
 20
-12.2
 10
182.0
 20
-12.116
  0
LWPOLYLINE
  5
68
330
17
100
AcDbEntity
  8
VISTA
100
AcDbPolyline
 90
7
 70
1
 10
174.205
 20
-11.625
 10
174.21
 20
-11.620001
 10
174.21
 20
-9.08
 10
174.205
 20
-9.075001
 10
174.1
 20
-9.075001
 10
174.1
 20
-11.625
 10
174.205
 20
-11.625
  0
LWPOLYLINE
  5
69
330
17
100
AcDbEntity
  8
VISTA
100
AcDbPolyline
 90
23
 70
1
 10
174.662
 20
-12.009999
 10
174.662
 20
-11.921499
 10
174.719001
 20
-11.921499
 10
174.719001
 20
-11.8725
 10
177.321003
 20
-11.8725
 10
177.321003
 20
-11.921499
 10
177.378
 20
-11.921499
 10
177.378
 20
-12.009999
 10
177.762001
 20
-12.009999
 10
177.762001
 20
-11.9185
 10
177.819
 20
-11.9185
 10
177.819
 20
-11.8695
 10
181.221001
 20
-11.8695
 10
181.221001
 20
-11.9185
 10
181.278
 20
-11.9185
 10
181.278
 20
-12.009999
 10
181.994999
 20
-12.009999
 10
182.0
 20
-12.004999
 10
182.0
 20
-11.795
 10
181.994999
 20
-11.79
 10
174.1
 20
-11.79
 10
174.1
 20
-12.009999
 10
174.662
 20
-12.009999
  0
LWPOLYLINE
  5
6A
330
17
100
AcDbEntity
  8
VISTA
100
AcDbPolyline
 90
5
 70
1
 10
179.549999
 20
-8.7125
 10
180.52
 20
-8.7125
 10
180.52
 20
-8.7075
 10
179.549999
 20
-8.7075
 10
179.549999
 20
-8.7125
  0
LWPOLYLINE
  5
6B
330
17
100
AcDbEntity
  8
VISTA
100
AcDbPolyline
 90
11
 70
1
 10
177.373001
 20
-12.0475
 10
177.37583
 20
-12.046329
 10
177.377001
 20
-12.0435
 10
177.377001
 20
-11.926499
 10
177.37583
 20
-11.923671
 10
177.373001
 20
-11.9225
 10
174.667001
 20
-11.9225
 10
174.664172
 20
-11.923671
 10
174.663
 20
-11.926499
 10
174.664172
 20
-12.046329
 10
177.373001
 20
-12.0475
  0
LWPOLYLINE
  5
6C
330
17
100
AcDbEntity
  8
VISTA
100
AcDbPolyline
 90
4
 70
1
 10
177.0729872766045
 20
-12.00404957158323
 10
177.07298727660452
 20
-12.004049571583232
 10
177.0729872766045
 20
-12.00404957158323
 10
177.0729872766045
 20
-12.00404957158323
  0
LWPOLYLINE
  5
6D
330
17
100
AcDbEntity
  8
VISTA
100
AcDbPolyline
 90
9
 70
1
 10
177.041063
 20
-12.008244
 10
177.034941
 20
-12.008244
 10
177.030611
 20
-12.003739
 10
177.030275
 20
-11.99843
 10
177.034002
 20
-11.993572
 10
177.040073
 20
-11.992773
 10
177.04493
 20
-11.996501
 10
177.045456
 20
-12.003524
 10
177.041063
 20
-12.008244
  0
LWPOLYLINE
  5
6E
330
17
100
AcDbEntity
  8
VISTA
100
AcDbPolyline
 90
9
 70
1
 10
174.99461
 20
-12.003739
 10
174.994273
 20
-11.99843
 10
174.998001
 20
-11.993572
 10
175.004071
 20
-11.992773
 10
175.008929
 20
-11.996501
 10
175.009392
 20
-12.003739
 10
175.005062
 20
-12.008244
 10
174.99884
 20
-12.008185
 10
174.99461
 20
-12.003739
  0
LWPOLYLINE
  5
6F
330
17
100
AcDbEntity
  8
VISTA
100
AcDbPolyline
 90
4
 70
1
 10
174.664473
 20
-12.046027
 10
174.664473
 20
-12.045295
 10
174.664691
 20
-12.045809
 10
174.664473
 20
-12.046027
  0
LWPOLYLINE
  5
70
330
17
100
AcDbEntity
  8
VISTA
100
AcDbPolyline
 90
4
 70
1
 10
174.665206
 20
-11.923972
 10
174.664473
 20
-11.924705
 10
174.664691
 20
-11.924191
 10
174.665206
 20
-11.923972
  0
LWPOLYLINE
  5
71
330
17
100
AcDbEntity
  8
VISTA
100
AcDbPolyline
 90
4
 70
1
 10
177.375528
 20
-11.923972
 10
177.375528
 20
-11.924705
 10
177.37530900000002
 20
-11.924191
 10
177.375528
 20
-11.923972
  0
LWPOLYLINE
  5
72
330
17
100
AcDbEntity
  8
VISTA
100
AcDbPolyline
 90
4
 70
1
 10
177.374796
 20
-12.046027
 10
177.375528
 20
-12.045295
 10
177.37530900000002
 20
-12.045809
 10
177.374796
 20
-12.046027
  0
LWPOLYLINE
  5
73
330
17
100
AcDbEntity
  8
VISTA
100
AcDbPolyline
 90
11
 70
1
 10
181.273001
 20
-12.0445
 10
181.275829
 20
-12.043329
 10
181.277
 20
-12.040501
 10
181.277
 20
-11.9235
 10
181.275829
 20
-11.920671
 10
181.273001
 20
-11.9195
 10
177.767
 20
-11.9195
 10
177.764172
 20
-11.920671
 10
177.763
 20
-11.9235
 10
177.764172
 20
-12.043329
 10
181.273001
 20
-12.0445
  0
LWPOLYLINE
  5
74
330
17
100
AcDbEntity
  8
VISTA
100
AcDbPolyline
 90
9
 70
1
 10
180.93956
 20
-12.005745
 10
180.933556
 20
-12.004457
 10
180.9302032302893
 20
-11.999387539610511
 10
180.931072
 20
-11.993501
 10
180.935928
 20
-11.989773
 10
180.941999
 20
-11.990572
 10
180.945726
 20
-11.99543
 10
180.944651
 20
-12.002162
 10
180.93956
 20
-12.005745
  0
LWPOLYLINE
  5
75
330
17
100
AcDbEntity
  8
VISTA
100
AcDbPolyline
 90
9
 70
1
 10
178.09461
 20
-12.000739
 10
178.094275
 20
-11.99543
 10
178.098001
 20
-11.990572
 10
178.104073
 20
-11.989773
 10
178.108929
 20
-11.993501
 10
178.109392
 20
-12.000739
 10
178.105062
 20
-12.005243
 10
178.098841
 20
-12.005185
 10
178.09461
 20
-12.000739
  0
LWPOLYLINE
  5
76
330
17
100
AcDbEntity
  8
VISTA
100
AcDbPolyline
 90
4
 70
1
 10
177.764473
 20
-12.043028
 10
177.764473
 20
-12.042295
 10
177.76469
 20
-12.042809
 10
177.764473
 20
-12.043028
  0
LWPOLYLINE
  5
77
330
17
100
AcDbEntity
  8
VISTA
100
AcDbPolyline
 90
4
 70
1
 10
177.76469
 20
-11.921191
 10
177.764473
 20
-11.921705
 10
177.764473
 20
-11.920973
 10
177.76469
 20
-11.921191
  0
LWPOLYLINE
  5
78
330
17
100
AcDbEntity
  8
VISTA
100
AcDbPolyline
 90
4
 70
1
 10
181.275528
 20
-11.920973
 10
181.275528
 20
-11.921705
 10
181.275311
 20
-11.921191
 10
181.275528
 20
-11.920973
  0
LWPOLYLINE
  5
79
330
17
100
AcDbEntity
  8
VISTA
100
AcDbPolyline
 90
4
 70
1
 10
181.275311
 20
-12.042809
 10
181.275528
 20
-12.042295
 10
181.275528
 20
-12.043028
 10
181.275311
 20
-12.042809
  0
LWPOLYLINE
  5
7A
330
17
100
AcDbEntity
  8
VISTA
100
AcDbPolyline
 90
5
 70
1
 10
176.921179
 20
-11.559483
 10
179.379482
 20
-11.558821
 10
179.37882
 20
-9.420517
 10
176.920517
 20
-9.421179
 10
176.921179
 20
-11.559483
  0
LWPOLYLINE
  5
7B
330
17
100
AcDbEntity
  8
VISTA
100
AcDbPolyline
 90
5
 70
1
 10
174.722
 20
-11.8765
 10
177.318003
 20
-11.8765
 10
177.318003
 20
-11.873501
 10
174.722
 20
-11.873501
 10
174.722
 20
-11.8765
  0
LWPOLYLINE
  5
7C
330
17
100
AcDbEntity
  8
VISTA
100
AcDbPolyline
 90
5
 70
1
 10
174.722
 20
-12.0165
 10
177.318003
 20
-12.0165
 10
177.318003
 20
-12.0135
 10
174.722
 20
-12.0135
 10
174.722
 20
-12.0165
  0
LWPOLYLINE
  5
7D
330
17
100
AcDbEntity
  8
VISTA
100
AcDbPolyline
 90
5
 70
1
 10
174.719001
 20
-12.0165
 10
174.722
 20
-12.0165
 10
174.722
 20
-11.873501
 10
174.719001
 20
-11.873501
 10
174.719001
 20
-12.0165
  0
LWPOLYLINE
  5
7E
330
17
100
AcDbEntity
  8
VISTA
100
AcDbPolyline
 90
5
 70
1
 10
177.318003
 20
-12.0165
 10
177.321003
 20
-12.0165
 10
177.321003
 20
-11.873501
 10
177.318003
 20
-11.873501
 10
177.318003
 20
-12.0165
  0
LWPOLYLINE
  5
7F
330
17
100
AcDbEntity
  8
VISTA
100
AcDbPolyline
 90
5
 70
1
 10
177.822001
 20
-11.8735
 10
181.218
 20
-11.8735
 10
181.218
 20
-11.870501
 10
177.822001
 20
-11.870501
 10
177.822001
 20
-11.8735
  0
LWPOLYLINE
  5
80
330
17
100
AcDbEntity
  8
VISTA
100
AcDbPolyline
 90
5
 70
1
 10
177.822001
 20
-12.0135
 10
181.218
 20
-12.0135
 10
181.218
 20
-12.0105
 10
177.822001
 20
-12.0105
 10
177.822001
 20
-12.0135
  0
LWPOLYLINE
  5
81
330
17
100
AcDbEntity
  8
VISTA
100
AcDbPolyline
 90
5
 70
1
 10
177.819
 20
-12.0135
 10
177.822001
 20
-12.0135
 10
177.822001
 20
-11.870501
 10
177.819
 20
-11.870501
 10
177.819
 20
-12.0135
  0
LWPOLYLINE
  5
82
330
17
100
AcDbEntity
  8
VISTA
100
AcDbPolyline
 90
5
 70
1
 10
181.218
 20
-12.0135
 10
181.221001
 20
-12.0135
 10
181.221001
 20
-11.870501
 10
181.218
 20
-11.870501
 10
181.218
 20
-12.0135
  0
LWPOLYLINE
  5
83
330
17
100
AcDbEntity
  8
VISTA
100
AcDbPolyline
 90
5
 70
1
 10
181.112501
 20
-11.499599
 10
181.115101
 20
-11.5
 10
181.115499
 20
-10.9804
 10
181.1129
 20
-10.9804
 10
181.112501
 20
-11.499599
  0
LWPOLYLINE
  5
84
330
17
100
AcDbEntity
  8
VISTA
100
AcDbPolyline
 90
5
 70
1
 10
176.359001
 20
-11.785
 10
176.360001
 20
-11.536
 10
174.841
 20
-11.535
 10
174.840293
 20
-11.784707
 10
176.359001
 20
-11.785
  0
LWPOLYLINE
  5
85
330
17
100
AcDbEntity
  8
VISTA
100
AcDbPolyline
 90
5
 70
1
 10
179.324001
 20
-6.7325
 10
179.325001
 20
-6.1485
 10
177.716
 20
-6.1475
 10
177.715294
 20
-6.732207
 10
179.324001
 20
-6.7325
  0
LWPOLYLINE
  5
86
330
17
100
AcDbEntity
  8
VISTA
100
AcDbPolyline
 90
19
 70
1
 10
181.834448
 20
-12.185553
 10
181.818501
 20
-12.173316
 10
181.79993100000002
 20
-12.165624
 10
181.780001
 20
-12.163
 10
181.760071
 20
-12.165624
 10
181.741501
 20
-12.173316
 10
181.725554
 20
-12.185553
 10
181.71446712560356
 20
-12.2
 10
181.72071720600857
 20
-12.2
 10
181.72908999999999
 20
-12.189088
 10
181.744001
 20
-12.177646
 10
181.761366
 20
-12.170453
 10
181.780001
 20
-12.168
 10
181.798635
 20
-12.170453
 10
181.816
 20
-12.177646
 10
181.830912
 20
-12.189088
 10
181.83928479399142
 20
-12.2
 10
181.84553396845803
 20
-12.2
 10
181.834448
 20
-12.185553
  0
LWPOLYLINE
  5
87
330
17
100
AcDbEntity
  8
VISTA
100
AcDbPolyline
 90
5
 70
1
 10
181.112501
 20
-11.499599
 10
181.115101
 20
-11.5
 10
181.115499
 20
-10.9804
 10
181.1129
 20
-10.9804
 10
181.112501
 20
-11.499599
  0
LWPOLYLINE
  5
88
330
17
100
AcDbEntity
  8
VISTA
100
AcDbPolyline
 90
5
 70
1
 10
174.8294
 20
-11.54
 10
176.371
 20
-11.539599
 10
176.3706
 20
-11.481999
 10
174.8294
 20
-11.4824
 10
174.8294
 20
-11.54
  0
LWPOLYLINE
  5
89
330
17
100
AcDbEntity
  8
VISTA
100
AcDbPolyline
 90
5
 70
1
 10
181.112501
 20
-11.499599
 10
181.115101
 20
-11.5
 10
181.115499
 20
-10.9804
 10
181.1129
 20
-10.9804
 10
181.112501
 20
-11.499599
  0
LWPOLYLINE
  5
8A
330
17
100
AcDbEntity
  8
VISTA
100
AcDbPolyline
 90
10
 70
1
 10
177.723501
 20
-6.74
 10
179.318527
 20
-6.739354
 10
179.32
 20
-6.7365
 10
179.319355
 20
-6.181474
 10
179.3165
 20
-6.18
 10
177.721474
 20
-6.180646
 10
177.720646
 20
-6.181474
 10
177.720001
 20
-6.1835
 10
177.720646
 20
-6.738526
 10
177.723501
 20
-6.74
  0
LWPOLYLINE
  5
8B
330
17
100
AcDbEntity
  8
VISTA
100
AcDbPolyline
 90
4
 70
1
 10
177.721746
 20
-6.738254
 10
177.721746
 20
-6.73897
 10
177.721031
 20
-6.738254
 10
177.721746
 20
-6.738254
  0
LWPOLYLINE
  5
8C
330
17
100
AcDbEntity
  8
VISTA
100
AcDbPolyline
 90
4
 70
1
 10
177.721746
 20
-6.18103
 10
177.721746
 20
-6.181746
 10
177.721031
 20
-6.181746
 10
177.721746
 20
-6.18103
  0
LWPOLYLINE
  5
8D
330
17
100
AcDbEntity
  8
VISTA
100
AcDbPolyline
 90
4
 70
1
 10
177.72102781735416
 20
-6.181363552056188
 10
177.721289
 20
-6.181288
 10
177.72102781735416
 20
-6.1813635520561885
 10
177.72102781735416
 20
-6.181363552056188
  0
LWPOLYLINE
  5
8E
330
17
100
AcDbEntity
  8
VISTA
100
AcDbPolyline
 90
4
 70
1
 10
179.31897
 20
-6.738254
 10
179.318254
 20
-6.73897
 10
179.318254
 20
-6.738254
 10
179.31897
 20
-6.738254
  0
LWPOLYLINE
  5
8F
330
17
100
AcDbEntity
  8
VISTA
100
AcDbPolyline
 90
4
 70
1
 10
179.318254
 20
-6.18103
 10
179.31897
 20
-6.181746
 10
179.318254
 20
-6.181746
 10
179.318254
 20
-6.18103
  0
LWPOLYLINE
  5
90
330
17
100
AcDbEntity
  8
VISTA
100
AcDbPolyline
 90
8
 70
1
 10
174.175
 20
-6.144
 10
174.177
 20
-6.146
 10
177.523001
 20
-6.146
 10
177.525
 20
-6.144
 10
177.525
 20
-6.116
 10
177.523001
 20
-6.114
 10
174.175842
 20
-6.114369
 10
174.175
 20
-6.144
  0
LWPOLYLINE
  5
91
330
17
100
AcDbEntity
  8
VISTA
100
AcDbPolyline
 90
5
 70
1
 10
174.829201
 20
-11.484
 10
176.370941
 20
-11.4838
 10
176.3708
 20
-11.481999
 10
174.829201
 20
-11.482059
 10
174.829201
 20
-11.484
  0
LWPOLYLINE
  5
92
330
17
100
AcDbEntity
  8
VISTA
100
AcDbPolyline
 90
5
 70
1
 10
174.829201
 20
-11.504001
 10
176.370941
 20
-11.5038
 10
176.3708
 20
-11.502
 10
174.829201
 20
-11.502059
 10
174.829201
 20
-11.504001
  0
LWPOLYLINE
  5
93
330
17
100
AcDbEntity
  8
VISTA
100
AcDbPolyline
 90
5
 70
1
 10
174.829201
 20
-11.522
 10
176.370941
 20
-11.5218
 10
176.3708
 20
-11.52
 10
174.829201
 20
-11.520059
 10
174.829201
 20
-11.522
  0
LWPOLYLINE
  5
94
330
17
100
AcDbEntity
  8
VISTA
100
AcDbPolyline
 90
5
 70
1
 10
181.109999
 20
-11.5745
 10
181.1145
 20
-11.575
 10
181.115
 20
-10.905499
 10
181.110498
 20
-10.905147
 10
181.109999
 20
-11.5745
  0
LWPOLYLINE
  5
95
330
17
100
AcDbEntity
  8
VISTA
100
AcDbPolyline
 90
5
 70
1
 10
174.630001
 20
-12.089999
 10
174.630001
 20
-12.12
 10
177.450001
 20
-12.12
 10
177.450001
 20
-12.089999
 10
174.630001
 20
-12.089999
  0
LWPOLYLINE
  5
96
330
17
100
AcDbEntity
  8
VISTA
100
AcDbPolyline
 90
5
 70
1
 10
177.800001
 20
-12.089999
 10
177.800001
 20
-12.12
 10
181.4
 20
-12.12
 10
181.4
 20
-12.089999
 10
177.800001
 20
-12.089999
  0
LWPOLYLINE
  5
97
330
17
100
AcDbEntity
  8
VISTA
100
AcDbPolyline
 90
5
 70
1
 10
181.134413
 20
-9.414414
 10
181.134413
 20
-8.925586
 10
180.805586
 20
-8.925586
 10
180.805586
 20
-9.414414
 10
181.134413
 20
-9.414414
  0
LWPOLYLINE
  5
98
330
17
100
AcDbEntity
  8
VISTA
100
AcDbPolyline
 90
5
 70
1
 10
178.054001
 20
-8.935
 10
178.055
 20
-8.916
 10
177.701
 20
-8.915
 10
177.700293
 20
-8.934708
 10
178.054001
 20
-8.935
  0
LWPOLYLINE
  5
99
330
17
100
AcDbEntity
  8
VISTA
100
AcDbPolyline
 90
5
 70
1
 10
179.344002
 20
-8.935
 10
179.345001
 20
-8.916
 10
178.986
 20
-8.915
 10
178.985294
 20
-8.934708
 10
179.344002
 20
-8.935
  0
LWPOLYLINE
  5
9A
330
17
100
AcDbEntity
  8
VISTA
100
AcDbPolyline
 90
5
 70
1
 10
174.22
 20
-6.005
 10
181.780001
 20
-6.005
 10
181.780001
 20
-6.0
 10
174.22
 20
-6.0
 10
174.22
 20
-6.005
  0
LWPOLYLINE
  5
9B
330
17
100
AcDbEntity
  8
VISTA
100
AcDbPolyline
 90
7
 70
1
 10
181.735001
 20
-8.885
 10
181.377047198238
 20
-10.088803538802345
 10
181.03265199999998
 20
-8.885
 10
181.005001
 20
-8.885
 10
181.005001
 20
-11.34
 10
181.735001
 20
-11.34
 10
181.735001
 20
-8.885
  0
LWPOLYLINE
  5
9C
330
17
100
AcDbEntity
  8
VISTA
100
AcDbPolyline
 90
9
 70
1
 10
181.609999
 20
-8.8
 10
181.005001
 20
-8.8
 10
181.005001
 20
-8.870001
 10
181.735001
 20
-8.870001
 10
181.735001
 20
-8.17
 10
181.005001
 20
-8.17
 10
181.005001
 20
-8.734
 10
181.609999
 20
-8.734
 10
181.609999
 20
-8.8
  0
LWPOLYLINE
  5
9D
330
17
100
AcDbEntity
  8
VISTA
100
AcDbPolyline
 90
5
 70
1
 10
177.790001
 20
-6.525
 10
177.790001
 20
-6.575
 10
179.25
 20
-6.575
 10
179.25
 20
-6.525
 10
177.790001
 20
-6.525
  0
LWPOLYLINE
  5
9E
330
17
100
AcDbEntity
  8
VISTA
100
AcDbPolyline
 90
5
 70
1
 10
174.175
 20
-6.055
 10
174.175
 20
-6.105
 10
177.525
 20
-6.105
 10
177.525
 20
-6.055
 10
174.175
 20
-6.055
  0
LWPOLYLINE
  5
9F
330
17
100
AcDbEntity
  8
VISTA
100
AcDbPolyline
 90
5
 70
1
 10
174.155001
 20
-6.19
 10
174.155001
 20
-8.89
 10
174.205
 20
-8.89
 10
174.205
 20
-6.19
 10
174.155001
 20
-6.19
  0
LWPOLYLINE
  5
A0
330
17
100
AcDbEntity
  8
VISTA
100
AcDbPolyline
 90
5
 70
1
 10
179.45499999999998
 20
-8.54
 10
179.504999
 20
-8.54
 10
179.504999
 20
-6.0
 10
179.45499999999998
 20
-6.0
 10
179.45499999999998
 20
-8.54
  0
LWPOLYLINE
  5
A1
330
17
100
AcDbEntity
  8
VISTA
100
AcDbPolyline
 90
7
 70
1
 10
179.48000100000002
 20
-8.754999
 10
179.49
 20
-8.754999
 10
179.49
 20
-8.734
 10
179.549999
 20
-8.734
 10
179.549999
 20
-8.705
 10
179.48000100000002
 20
-8.705
 10
179.48000100000002
 20
-8.754999
  0
LWPOLYLINE
  5
A2
330
17
100
AcDbEntity
  8
VISTA
100
AcDbPolyline
 90
7
 70
1
 10
180.52
 20
-8.734
 10
181.609999
 20
-8.734
 10
181.609999
 20
-8.754999
 10
181.92000000000002
 20
-8.754999
 10
181.92000000000002
 20
-8.705
 10
180.52
 20
-8.705
 10
180.52
 20
-8.734
  0
LWPOLYLINE
  5
A3
330
17
100
AcDbEntity
  8
VISTA
100
AcDbPolyline
 90
8
 70
1
 10
180.98000100000002
 20
-10.7833
 10
180.981701
 20
-10.785001
 10
181.41830099999999
 20
-10.785001
 10
181.42000000000002
 20
-10.7833
 10
181.42000000000002
 20
-8.8367
 10
181.41830099999999
 20
-8.835
 10
180.980717
 20
-8.835314
 10
180.98000100000002
 20
-10.7833
  0
LWPOLYLINE
  5
A4
330
17
100
AcDbEntity
  8
VISTA
100
AcDbPolyline
 90
5
 70
1
 10
181.791
 20
-12.184
 10
181.790001
 20
-11.995
 10
181.769001
 20
-11.996
 10
181.769293
 20
-12.184708
 10
181.791
 20
-12.184
  0
LWPOLYLINE
  5
A5
330
17
100
AcDbEntity
  8
VISTA
100
AcDbPolyline
 90
5
 70
1
 10
181.7225
 20
-12.179999
 10
181.7145
 20
-12.181
 10
181.7145467373174
 20
-12.2
 10
181.72266790614364
 20
-12.2
 10
181.7225
 20
-12.179999
  0
LWPOLYLINE
  5
A6
330
17
100
AcDbEntity
  8
VISTA
100
AcDbPolyline
 90
5
 70
1
 10
181.8445
 20
-12.179999
 10
181.8365
 20
-12.181
 10
181.8365467373174
 20
-12.2
 10
181.84466790614366
 20
-12.2
 10
181.8445
 20
-12.179999
  0
LWPOLYLINE
  5
A7
330
17
100
AcDbEntity
  8
VISTA
100
AcDbPolyline
 90
5
 70
1
 10
181.102499
 20
-10.5796
 10
181.1336
 20
-10.580001
 10
181.134001
 20
-10.040401
 10
181.1029
 20
-10.040401
 10
181.102499
 20
-10.5796
  0
LWPOLYLINE
  5
A8
330
17
100
AcDbEntity
  8
VISTA
100
AcDbPolyline
 90
5
 70
1
 10
181.071001
 20
-10.5735
 10
181.0725
 20
-10.573999
 10
181.073
 20
-10.0665
 10
181.071501
 20
-10.066146
 10
181.071001
 20
-10.5735
  0
LWPOLYLINE
  5
A9
330
17
100
AcDbEntity
  8
VISTA
100
AcDbPolyline
 90
5
 70
1
 10
181.07
 20
-10.529699
 10
181.071699
 20
-10.53
 10
181.071999
 20
-10.1103
 10
181.070299
 20
-10.1103
 10
181.07
 20
-10.529699
  0
LWPOLYLINE
  5
AA
330
17
100
AcDbEntity
  8
VISTA
100
AcDbPolyline
 90
5
 70
1
 10
181.07
 20
-10.529699
 10
181.071699
 20
-10.53
 10
181.071999
 20
-10.1103
 10
181.070299
 20
-10.1103
 10
181.07
 20
-10.529699
  0
LWPOLYLINE
  5
AB
330
17
100
AcDbEntity
  8
VISTA
100
AcDbPolyline
 90
5
 70
1
 10
181.07
 20
-10.529699
 10
181.071699
 20
-10.53
 10
181.071999
 20
-10.1103
 10
181.070299
 20
-10.1103
 10
181.07
 20
-10.529699
  0
LWPOLYLINE
  5
AC
330
17
100
AcDbEntity
  8
VISTA
100
AcDbPolyline
 90
39
 70
1
 10
174.900613
 20
-9.930661
 10
174.961085
 20
-9.9483
 10
175.042722
 20
-9.960478
 10
175.163389
 20
-9.967637
 10
175.600001
 20
-9.97
 10
176.036612
 20
-9.967637
 10
176.15728000000001
 20
-9.960478
 10
176.238914
 20
-9.9483
 10
176.299389
 20
-9.930661
 10
176.34498200000002
 20
-9.906753
 10
176.37862
 20
-9.875041
 10
176.401842
 20
-9.832232
 10
176.415493
 20
-9.768954
 10
176.42000000000002
 20
-9.54
 10
175.600002
 20
-9.539999999995079
 10
176.42000000000002
 20
-9.539999
 10
176.415493
 20
-9.311046
 10
176.401842
 20
-9.247768
 10
176.37862
 20
-9.204959
 10
176.34498200000002
 20
-9.173247
 10
176.299389
 20
-9.149339
 10
176.238914
 20
-9.1317
 10
176.15728000000001
 20
-9.119522
 10
176.036612
 20
-9.112363
 10
175.599998
 20
-9.11
 10
175.163389
 20
-9.112363
 10
175.042722
 20
-9.119522
 10
174.961085
 20
-9.1317
 10
174.900613
 20
-9.149339
 10
174.85502
 20
-9.173247
 10
174.821382
 20
-9.204959
 10
174.798159
 20
-9.247768
 10
174.784507
 20
-9.311046
 10
174.780001
 20
-9.540001
 10
174.784507
 20
-9.768954
 10
174.798159
 20
-9.832232
 10
174.821382
 20
-9.875041
 10
174.85502
 20
-9.906753
 10
174.900613
 20
-9.930661
  0
LWPOLYLINE
  5
AD
330
17
100
AcDbEntity
  8
VISTA
100
AcDbPolyline
 90
5
 70
1
 10
180.084999
 20
-6.9
 10
180.084999
 20
-6.54
 10
180.077
 20
-6.54
 10
180.077536
 20
-6.9
 10
180.084999
 20
-6.9
  0
LWPOLYLINE
  5
AE
330
17
100
AcDbEntity
  8
VISTA
100
AcDbPolyline
 90
34
 70
1
 10
175.020479
 20
-9.745574
 10
175.027184
 20
-9.794008
 10
175.032428
 20
-9.810939
 10
175.047526
 20
-9.835943
 10
175.05795799999999
 20
-9.84482
 10
175.070974
 20
-9.851522
 10
175.087772
 20
-9.856175
 10
175.111918
 20
-9.858905
 10
175.288081
 20
-9.858905
 10
175.312227
 20
-9.856175
 10
175.329025
 20
-9.851522
 10
175.342042
 20
-9.84482
 10
175.352473
 20
-9.835943
 10
175.36087
 20
-9.82474
 10
175.372816
 20
-9.794008
 10
175.37952
 20
-9.745574
 10
175.38115
 20
-9.705949
 10
175.37952
 20
-9.374425
 10
175.372816
 20
-9.325991
 10
175.367572
 20
-9.30906
 10
175.352473
 20
-9.284056
 10
175.342042
 20
-9.275179
 10
175.329025
 20
-9.268476
 10
175.312227
 20
-9.263824
 10
175.288081
 20
-9.261094
 10
175.111918
 20
-9.261094
 10
175.087772
 20
-9.263824
 10
175.070974
 20
-9.268476
 10
175.05795799999999
 20
-9.275179
 10
175.047526
 20
-9.284056
 10
175.032428
 20
-9.30906
 10
175.023236
 20
-9.347067
 10
175.018849
 20
-9.41405
 10
175.020479
 20
-9.745574
  0
LWPOLYLINE
  5
AF
330
17
100
AcDbEntity
  8
VISTA
100
AcDbPolyline
 90
33
 70
1
 10
175.088552
 20
-9.851845
 10
175.072538
 20
-9.847409
 10
175.060392
 20
-9.841155
 10
175.050737
 20
-9.832934
 10
175.03653
 20
-9.809347
 10
175.027595
 20
-9.772329
 10
175.023249
 20
-9.705898
 10
175.023249
 20
-9.414101
 10
175.027595
 20
-9.34767
 10
175.03653
 20
-9.310652
 10
175.050737
 20
-9.287065
 10
175.060392
 20
-9.278844
 10
175.072538
 20
-9.27259
 10
175.088552
 20
-9.268154
 10
175.11205999999999
 20
-9.265491
 10
175.28794
 20
-9.265491
 10
175.311448
 20
-9.268154
 10
175.327461
 20
-9.27259
 10
175.339607
 20
-9.278844
 10
175.349262
 20
-9.287065
 10
175.36347
 20
-9.310652
 10
175.37240500000001
 20
-9.34767
 10
175.37513
 20
-9.374713
 10
175.376751
 20
-9.705898
 10
175.37240500000001
 20
-9.772329
 10
175.36347
 20
-9.809347
 10
175.349262
 20
-9.832934
 10
175.339607
 20
-9.841155
 10
175.327461
 20
-9.847409
 10
175.311448
 20
-9.851845
 10
175.28794
 20
-9.854507
 10
175.11205999999999
 20
-9.854507
 10
175.088552
 20
-9.851845
  0
LWPOLYLINE
  5
B0
330
17
100
AcDbEntity
  8
VISTA
100
AcDbPolyline
 90
4
 70
1
 10
175.04638517510418
 20
-9.29196984659747
 10
175.04638517510415
 20
-9.29196984659748
 10
175.04638517510415
 20
-9.29196984659747
 10
175.04638517510418
 20
-9.29196984659747
  0
LWPOLYLINE
  5
B1
330
17
100
AcDbEntity
  8
VISTA
100
AcDbPolyline
 90
36
 70
1
 10
175.42048
 20
-9.745574
 10
175.427184
 20
-9.794008
 10
175.432428
 20
-9.810939
 10
175.43913
 20
-9.82474
 10
175.447527
 20
-9.835943
 10
175.457958
 20
-9.84482
 10
175.470975
 20
-9.851522
 10
175.487773
 20
-9.856175
 10
175.511919
 20
-9.858905
 10
175.688082
 20
-9.858905
 10
175.712228
 20
-9.856175
 10
175.729026
 20
-9.851522
 10
175.742043
 20
-9.84482
 10
175.752474
 20
-9.835943
 10
175.760871
 20
-9.82474
 10
175.772817
 20
-9.794008
 10
175.779521
 20
-9.745574
 10
175.781151
 20
-9.705949
 10
175.779521
 20
-9.374425
 10
175.772817
 20
-9.325991
 10
175.767572
 20
-9.30906
 10
175.752474
 20
-9.284056
 10
175.742043
 20
-9.275179
 10
175.729026
 20
-9.268476
 10
175.712228
 20
-9.263824
 10
175.688082
 20
-9.261094
 10
175.511919
 20
-9.261094
 10
175.487773
 20
-9.263824
 10
175.470975
 20
-9.268476
 10
175.457958
 20
-9.275179
 10
175.447527
 20
-9.284056
 10
175.43913
 20
-9.295259
 10
175.432428
 20
-9.30906
 10
175.423237
 20
-9.347067
 10
175.41885
 20
-9.41405
 10
175.42048
 20
-9.745574
  0
LWPOLYLINE
  5
B2
330
17
100
AcDbEntity
  8
VISTA
100
AcDbPolyline
 90
33
 70
1
 10
175.488552
 20
-9.851845
 10
175.472539
 20
-9.847409
 10
175.460393
 20
-9.841155
 10
175.450738
 20
-9.832934
 10
175.43653
 20
-9.809347
 10
175.427595
 20
-9.772329
 10
175.423249
 20
-9.705898
 10
175.423249
 20
-9.414101
 10
175.427595
 20
-9.34767
 10
175.43653
 20
-9.310652
 10
175.450738
 20
-9.287065
 10
175.460393
 20
-9.278844
 10
175.472539
 20
-9.27259
 10
175.488552
 20
-9.268154
 10
175.51206
 20
-9.265491
 10
175.687941
 20
-9.265491
 10
175.711449
 20
-9.268154
 10
175.727462
 20
-9.27259
 10
175.739608
 20
-9.278844
 10
175.74926299999998
 20
-9.287065
 10
175.763471
 20
-9.310652
 10
175.772406
 20
-9.34767
 10
175.77513
 20
-9.374713
 10
175.776752
 20
-9.705898
 10
175.772406
 20
-9.772329
 10
175.763471
 20
-9.809347
 10
175.74926299999998
 20
-9.832934
 10
175.739608
 20
-9.841155
 10
175.727462
 20
-9.847409
 10
175.711449
 20
-9.851845
 10
175.687941
 20
-9.854507
 10
175.51206
 20
-9.854507
 10
175.488552
 20
-9.851845
  0
LWPOLYLINE
  5
B3
330
17
100
AcDbEntity
  8
VISTA
100
AcDbPolyline
 90
4
 70
1
 10
175.43627604617467
 20
-9.302398409860123
 10
175.43627604617467
 20
-9.302398409860116
 10
175.43627604617467
 20
-9.302398409860126
 10
175.43627604617467
 20
-9.302398409860123
  0
LWPOLYLINE
  5
B4
330
17
100
AcDbEntity
  8
VISTA
100
AcDbPolyline
 90
4
 70
1
 10
175.43627604617467
 20
-9.817600590139874
 10
175.43627604617467
 20
-9.817600590139884
 10
175.43627604617467
 20
-9.817600590139877
 10
175.43627604617467
 20
-9.817600590139874
  0
LWPOLYLINE
  5
B5
330
17
100
AcDbEntity
  8
VISTA
100
AcDbPolyline
 90
4
 70
1
 10
175.44638617510415
 20
-9.29196984659747
 10
175.44638617510415
 20
-9.29196984659748
 10
175.44638617510415
 20
-9.29196984659747
 10
175.44638617510415
 20
-9.29196984659747
  0
LWPOLYLINE
  5
B6
330
17
100
AcDbEntity
  8
VISTA
100
AcDbPolyline
 90
37
 70
1
 10
175.820479
 20
-9.745574
 10
175.827184
 20
-9.794008
 10
175.832428
 20
-9.810939
 10
175.839129
 20
-9.82474
 10
175.847527
 20
-9.835943
 10
175.857958
 20
-9.84482
 10
175.870975
 20
-9.851522
 10
175.887773
 20
-9.856175
 10
175.911919
 20
-9.858905
 10
176.088081
 20
-9.858905
 10
176.11222800000002
 20
-9.856175
 10
176.129025
 20
-9.851522
 10
176.142042
 20
-9.84482
 10
176.152473
 20
-9.835943
 10
176.16087
 20
-9.82474
 10
176.172815
 20
-9.794008
 10
176.17952
 20
-9.745574
 10
176.18115
 20
-9.705949
 10
176.17952
 20
-9.374425
 10
176.172815
 20
-9.325991
 10
176.167572
 20
-9.30906
 10
176.152473
 20
-9.284056
 10
176.142042
 20
-9.275179
 10
176.129025
 20
-9.268476
 10
176.11222800000002
 20
-9.263824
 10
176.088081
 20
-9.261094
 10
175.911919
 20
-9.261094
 10
175.887773
 20
-9.263824
 10
175.870975
 20
-9.268476
 10
175.857958
 20
-9.275179
 10
175.847527
 20
-9.284056
 10
175.839129
 20
-9.295259
 10
175.832428
 20
-9.30906
 10
175.827184
 20
-9.325991
 10
175.823236
 20
-9.347067
 10
175.81885
 20
-9.41405
 10
175.820479
 20
-9.745574
  0
LWPOLYLINE
  5
B7
330
17
100
AcDbEntity
  8
VISTA
100
AcDbPolyline
 90
33
 70
1
 10
175.888552
 20
-9.851845
 10
175.872539
 20
-9.847409
 10
175.860393
 20
-9.841155
 10
175.850738
 20
-9.832934
 10
175.83653
 20
-9.809347
 10
175.827595
 20
-9.772329
 10
175.823249
 20
-9.705898
 10
175.823249
 20
-9.414101
 10
175.827595
 20
-9.34767
 10
175.83653
 20
-9.310652
 10
175.850738
 20
-9.287065
 10
175.860393
 20
-9.278844
 10
175.872539
 20
-9.27259
 10
175.888552
 20
-9.268154
 10
175.91206
 20
-9.265491
 10
176.08794
 20
-9.265491
 10
176.111448
 20
-9.268154
 10
176.12745999999999
 20
-9.27259
 10
176.139608
 20
-9.278844
 10
176.149261
 20
-9.287065
 10
176.16347100000002
 20
-9.310652
 10
176.172405
 20
-9.34767
 10
176.175131
 20
-9.374713
 10
176.176752
 20
-9.705898
 10
176.172405
 20
-9.772329
 10
176.16347100000002
 20
-9.809347
 10
176.149261
 20
-9.832934
 10
176.139608
 20
-9.841155
 10
176.12745999999999
 20
-9.847409
 10
176.111448
 20
-9.851845
 10
176.08794
 20
-9.854507
 10
175.91206
 20
-9.854507
 10
175.888552
 20
-9.851845
  0
LWPOLYLINE
  5
B8
330
17
100
AcDbEntity
  8
VISTA
100
AcDbPolyline
 90
4
 70
1
 10
175.8257513357807
 20
-9.336631714969577
 10
175.8257513357807
 20
-9.336631714969581
 10
175.8257513357807
 20
-9.336631714969586
 10
175.8257513357807
 20
-9.336631714969577
  0
LWPOLYLINE
  5
B9
330
17
100
AcDbEntity
  8
VISTA
100
AcDbPolyline
 90
4
 70
1
 10
175.83627279914984
 20
-9.302404030985127
 10
175.83627279914984
 20
-9.302404030985123
 10
175.83627279914984
 20
-9.302404030985128
 10
175.83627279914984
 20
-9.302404030985127
  0
LWPOLYLINE
  5
BA
330
17
100
AcDbEntity
  8
VISTA
100
AcDbPolyline
 90
4
 70
1
 10
175.83627279914984
 20
-9.817594969014872
 10
175.83627279914984
 20
-9.817594969014877
 10
175.83627279914984
 20
-9.817594969014873
 10
175.83627279914984
 20
-9.817594969014872
  0
LWPOLYLINE
  5
BB
330
17
100
AcDbEntity
  8
VISTA
100
AcDbPolyline
 90
4
 70
1
 10
175.84508952013107
 20
-9.829012485049889
 10
175.84508952013107
 20
-9.829012485049885
 10
175.84508952013107
 20
-9.829012485049889
 10
175.84508952013107
 20
-9.829012485049889
  0
LWPOLYLINE
  5
BC
330
17
100
AcDbEntity
  8
VISTA
100
AcDbPolyline
 90
10
 70
1
 10
175.181476
 20
-11.156631
 10
175.187999
 20
-11.16
 10
175.69663
 20
-11.158523
 10
175.699999
 20
-11.151999
 10
175.698522
 20
-10.383368
 10
175.691998
 20
-10.379999
 10
175.187999
 20
-10.379999
 10
175.182342
 20
-10.382342
 10
175.179998
 20
-10.388
 10
175.181476
 20
-11.156631
  0
LWPOLYLINE
  5
BD
330
17
100
AcDbEntity
  8
VISTA
100
AcDbPolyline
 90
13
 70
1
 10
174.929999
 20
-8.139
 10
174.931757
 20
-8.143243
 10
174.936
 20
-8.145
 10
176.704
 20
-8.145
 10
176.70824199999998
 20
-8.143243
 10
176.709999
 20
-8.139
 10
176.709999
 20
-6.171
 10
176.70824199999998
 20
-6.166758
 10
176.704
 20
-6.165
 10
174.936
 20
-6.165
 10
174.931757
 20
-6.166758
 10
174.929999
 20
-6.171
 10
174.929999
 20
-8.139
  0
LWPOLYLINE
  5
BE
330
17
100
AcDbEntity
  8
VISTA
100
AcDbPolyline
 90
10
 70
1
 10
177.723501
 20
-6.74
 10
179.318527
 20
-6.739354
 10
179.32
 20
-6.7365
 10
179.319355
 20
-6.181474
 10
179.3165
 20
-6.18
 10
177.721474
 20
-6.180646
 10
177.720646
 20
-6.181474
 10
177.720001
 20
-6.1835
 10
177.720646
 20
-6.738526
 10
177.723501
 20
-6.74
  0
LWPOLYLINE
  5
BF
330
17
100
AcDbEntity
  8
VISTA
100
AcDbPolyline
 90
4
 70
1
 10
177.721746
 20
-6.738254
 10
177.721746
 20
-6.73897
 10
177.721031
 20
-6.738254
 10
177.721746
 20
-6.738254
  0
LWPOLYLINE
  5
C0
330
17
100
AcDbEntity
  8
VISTA
100
AcDbPolyline
 90
4
 70
1
 10
177.721746
 20
-6.18103
 10
177.721746
 20
-6.181746
 10
177.721031
 20
-6.181746
 10
177.721746
 20
-6.18103
  0
LWPOLYLINE
  5
C1
330
17
100
AcDbEntity
  8
VISTA
100
AcDbPolyline
 90
4
 70
1
 10
177.72102781735416
 20
-6.181363552056188
 10
177.721289
 20
-6.181288
 10
177.72102781735416
 20
-6.1813635520561885
 10
177.72102781735416
 20
-6.181363552056188
  0
LWPOLYLINE
  5
C2
330
17
100
AcDbEntity
  8
VISTA
100
AcDbPolyline
 90
4
 70
1
 10
179.31897
 20
-6.738254
 10
179.318254
 20
-6.73897
 10
179.318254
 20
-6.738254
 10
179.31897
 20
-6.738254
  0
LWPOLYLINE
  5
C3
330
17
100
AcDbEntity
  8
VISTA
100
AcDbPolyline
 90
4
 70
1
 10
179.318254
 20
-6.18103
 10
179.31897
 20
-6.181746
 10
179.318254
 20
-6.181746
 10
179.318254
 20
-6.18103
  0
LWPOLYLINE
  5
C4
330
17
100
AcDbEntity
  8
VISTA
100
AcDbPolyline
 90
49
 70
1
 10
180.446098
 20
-8.038073
 10
180.441528
 20
-8.078627
 10
180.440001
 20
-8.13
 10
180.441528
 20
-8.181374
 10
180.446098
 20
-8.221928
 10
180.453667
 20
-8.258178
 10
180.464169
 20
-8.290888
 10
180.477509
 20
-8.320186
 10
180.493584
 20
-8.346004
 10
180.51228
 20
-8.368201
 10
180.533495
 20
-8.386625
 10
180.557182
 20
-8.401126
 10
180.583431
 20
-8.411579
 10
180.612799
 20
-8.41789
 10
180.65
 20
-8.42
 10
180.68720100000002
 20
-8.41789
 10
180.716568
 20
-8.411579
 10
180.742817
 20
-8.401126
 10
180.766504
 20
-8.386625
 10
180.78772
 20
-8.368201
 10
180.806416
 20
-8.346004
 10
180.822491
 20
-8.320186
 10
180.83583099999998
 20
-8.290888
 10
180.84633300000002
 20
-8.258178
 10
180.853901
 20
-8.221928
 10
180.858471
 20
-8.181374
 10
180.859999
 20
-8.13
 10
180.858471
 20
-8.078627
 10
180.853901
 20
-8.038073
 10
180.84633300000002
 20
-8.001822
 10
180.83583099999998
 20
-7.969112
 10
180.822491
 20
-7.939814
 10
180.806416
 20
-7.913997
 10
180.78772
 20
-7.891798
 10
180.766504
 20
-7.873375
 10
180.742817
 20
-7.858874
 10
180.716568
 20
-7.848421
 10
180.68720100000002
 20
-7.84211
 10
180.65
 20
-7.84
 10
180.612799
 20
-7.84211
 10
180.583431
 20
-7.848421
 10
180.557182
 20
-7.858874
 10
180.533495
 20
-7.873375
 10
180.51228
 20
-7.891798
 10
180.493584
 20
-7.913997
 10
180.477509
 20
-7.939814
 10
180.464169
 20
-7.969112
 10
180.453667
 20
-8.001822
 10
180.446098
 20
-8.038073
  0
LWPOLYLINE
  5
C5
330
17
100
AcDbEntity
  8
VISTA
100
AcDbPolyline
 90
8
 70
1
 10
180.056999
 20
-7.056
 10
180.059999
 20
-7.053
 10
180.059999
 20
-6.387
 10
180.056999
 20
-6.384
 10
180.042999
 20
-6.384
 10
180.039999
 20
-6.387
 10
180.040878
 20
-7.055121
 10
180.056999
 20
-7.056
  0
LWPOLYLINE
  5
C6
330
17
100
AcDbEntity
  8
VISTA
100
AcDbPolyline
 90
49
 70
1
 10
181.129642
 20
-7.984143
 10
181.121532
 20
-8.025393
 10
181.116636
 20
-8.07154
 10
181.115
 20
-8.13
 10
181.116636
 20
-8.188459
 10
181.121532
 20
-8.234607
 10
181.129642
 20
-8.275857
 10
181.140894
 20
-8.313079
 10
181.155188
 20
-8.346418
 10
181.172411
 20
-8.375796
 10
181.192442
 20
-8.401057
 10
181.215174
 20
-8.422022
 10
181.240551
 20
-8.438522
 10
181.268677
 20
-8.450418
 10
181.30014
 20
-8.457599
 10
181.34
 20
-8.46
 10
181.379858
 20
-8.457599
 10
181.41132199999998
 20
-8.450418
 10
181.439447
 20
-8.438522
 10
181.464827
 20
-8.422022
 10
181.487558
 20
-8.401057
 10
181.507587
 20
-8.375796
 10
181.524811
 20
-8.346418
 10
181.539104
 20
-8.313079
 10
181.550356
 20
-8.275857
 10
181.558466
 20
-8.234607
 10
181.563362
 20
-8.188459
 10
181.565001
 20
-8.13
 10
181.563362
 20
-8.07154
 10
181.558466
 20
-8.025393
 10
181.550356
 20
-7.984143
 10
181.539104
 20
-7.946921
 10
181.524811
 20
-7.913582
 10
181.507587
 20
-7.884203
 10
181.487558
 20
-7.858943
 10
181.464827
 20
-7.837978
 10
181.439447
 20
-7.821477
 10
181.41132199999998
 20
-7.809583
 10
181.379858
 20
-7.802401
 10
181.34
 20
-7.8
 10
181.30014
 20
-7.802401
 10
181.268677
 20
-7.809583
 10
181.240551
 20
-7.821477
 10
181.215174
 20
-7.837978
 10
181.192442
 20
-7.858943
 10
181.172411
 20
-7.884203
 10
181.155188
 20
-7.913582
 10
181.140894
 20
-7.946921
 10
181.129642
 20
-7.984143
  0
LWPOLYLINE
  5
C7
330
17
100
AcDbEntity
  8
VISTA
100
AcDbPolyline
 90
4
 70
1
 10
181.19202184108096
 20
-7.993933639384464
 10
181.19202184122094
 20
-7.99393363951318
 10
181.19202184113317
 20
-7.993933639432483
 10
181.19202184108096
 20
-7.993933639384464
  0
LWPOLYLINE
  5
C8
330
17
100
AcDbEntity
  8
VISTA
100
AcDbPolyline
 90
4
 70
1
 10
181.1814441674214
 20
-8.054079758129738
 10
181.18144416742047
 20
-8.054079758129289
 10
181.18144416742493
 20
-8.054079758131424
 10
181.1814441674214
 20
-8.054079758129738
  0
LWPOLYLINE
  5
C9
330
17
100
AcDbEntity
  8
VISTA
100
AcDbPolyline
 90
4
 70
1
 10
181.19027880447763
 20
-8.233813307981112
 10
181.1902788045502
 20
-8.233813307930806
 10
181.1902788045184
 20
-8.233813307952824
 10
181.19027880447763
 20
-8.233813307981112
  0
LWPOLYLINE
  5
CA
330
17
100
AcDbEntity
  8
VISTA
100
AcDbPolyline
 90
9
 70
1
 10
178.91617
 20
-8.473829
 10
178.91899899999999
 20
-8.475
 10
179.343315
 20
-8.474262
 10
179.344999
 20
-8.471001
 10
179.344261
 20
-8.226685
 10
179.341
 20
-8.225
 10
178.916683
 20
-8.225739
 10
178.914999
 20
-8.229
 10
178.91617
 20
-8.473829
  0
LWPOLYLINE
  5
CB
330
17
100
AcDbEntity
  8
VISTA
100
AcDbPolyline
 90
4
 70
1
 10
178.916689
 20
-8.47331
 10
178.917204
 20
-8.473528
 10
178.916471
 20
-8.473528
 10
178.916689
 20
-8.47331
  0
LWPOLYLINE
  5
CC
330
17
100
AcDbEntity
  8
VISTA
100
AcDbPolyline
 90
4
 70
1
 10
178.916689
 20
-8.226691
 10
178.916471
 20
-8.227205
 10
178.916471
 20
-8.226473
 10
178.916689
 20
-8.226691
  0
LWPOLYLINE
  5
CD
330
17
100
AcDbEntity
  8
VISTA
100
AcDbPolyline
 90
4
 70
1
 10
179.343309
 20
-8.226691
 10
179.342794
 20
-8.226473
 10
179.343527
 20
-8.226473
 10
179.343309
 20
-8.226691
  0
LWPOLYLINE
  5
CE
330
17
100
AcDbEntity
  8
VISTA
100
AcDbPolyline
 90
4
 70
1
 10
179.343527
 20
-8.473528
 10
179.342794
 20
-8.473528
 10
179.343309
 20
-8.47331
 10
179.343527
 20
-8.473528
  0
LWPOLYLINE
  5
CF
330
17
100
AcDbEntity
  8
VISTA
100
AcDbPolyline
 90
9
 70
1
 10
178.91617
 20
-8.773829
 10
178.91899899999999
 20
-8.775
 10
179.343315
 20
-8.774261
 10
179.344999
 20
-8.771
 10
179.344261
 20
-8.526684
 10
179.341
 20
-8.525
 10
178.916683
 20
-8.525738
 10
178.914999
 20
-8.528999
 10
178.91617
 20
-8.773829
  0
LWPOLYLINE
  5
D0
330
17
100
AcDbEntity
  8
VISTA
100
AcDbPolyline
 90
4
 70
1
 10
178.916689
 20
-8.773309
 10
178.917204
 20
-8.773527
 10
178.916471
 20
-8.773527
 10
178.916689
 20
-8.773309
  0
LWPOLYLINE
  5
D1
330
17
100
AcDbEntity
  8
VISTA
100
AcDbPolyline
 90
4
 70
1
 10
178.916689
 20
-8.52669
 10
178.916471
 20
-8.527205
 10
178.916471
 20
-8.526472
 10
178.916689
 20
-8.52669
  0
LWPOLYLINE
  5
D2
330
17
100
AcDbEntity
  8
VISTA
100
AcDbPolyline
 90
4
 70
1
 10
179.343309
 20
-8.52669
 10
179.342794
 20
-8.526472
 10
179.343527
 20
-8.526472
 10
179.343309
 20
-8.52669
  0
LWPOLYLINE
  5
D3
330
17
100
AcDbEntity
  8
VISTA
100
AcDbPolyline
 90
4
 70
1
 10
179.343527
 20
-8.773527
 10
179.342794
 20
-8.773527
 10
179.343309
 20
-8.773309
 10
179.343527
 20
-8.773527
  0
LWPOLYLINE
  5
D4
330
17
100
AcDbEntity
  8
VISTA
100
AcDbPolyline
 90
37
 70
1
 10
175.050639
 20
-9.834167
 10
175.070889
 20
-9.854386
 10
175.096413
 20
-9.868661
 10
175.130086
 20
-9.877171
 10
175.2
 20
-9.879999
 10
175.269914
 20
-9.877171
 10
175.303587
 20
-9.868661
 10
175.32911000000001
 20
-9.854386
 10
175.34936
 20
-9.834167
 10
175.365357
 20
-9.807644
 10
175.377552
 20
-9.774068
 10
175.386161
 20
-9.73175
 10
175.391294
 20
-9.67592
 10
175.393
 20
-9.559999
 10
175.391294
 20
-9.444079
 10
175.386161
 20
-9.388248
 10
175.377552
 20
-9.345931
 10
175.365357
 20
-9.312355
 10
175.34936
 20
-9.285831
 10
175.32911000000001
 20
-9.265613
 10
175.303587
 20
-9.251338
 10
175.269914
 20
-9.242828
 10
175.2
 20
-9.24
 10
175.130086
 20
-9.242828
 10
175.096413
 20
-9.251338
 10
175.070889
 20
-9.265613
 10
175.050639
 20
-9.285831
 10
175.034642
 20
-9.312355
 10
175.022448
 20
-9.345931
 10
175.013839
 20
-9.388248
 10
175.008706
 20
-9.444079
 10
175.007
 20
-9.559999
 10
175.008706
 20
-9.67592
 10
175.013839
 20
-9.73175
 10
175.022448
 20
-9.774068
 10
175.034642
 20
-9.807644
 10
175.050639
 20
-9.834167
  0
LWPOLYLINE
  5
D5
330
17
100
AcDbEntity
  8
VISTA
100
AcDbPolyline
 90
4
 70
1
 10
175.26615807551948
 20
-9.470919778297974
 10
175.26615807551948
 20
-9.470919778297976
 10
175.26615807551948
 20
-9.470919778297977
 10
175.26615807551948
 20
-9.470919778297974
  0
LWPOLYLINE
  5
D6
330
17
100
AcDbEntity
  8
VISTA
100
AcDbPolyline
 90
4
 70
1
 10
175.3146170274184
 20
-9.857034002182886
 10
175.31461702741842
 20
-9.857034002182884
 10
175.3146170274184
 20
-9.857034002182886
 10
175.3146170274184
 20
-9.857034002182886
  0
LWPOLYLINE
  5
D7
330
17
100
AcDbEntity
  8
VISTA
100
AcDbPolyline
 90
37
 70
1
 10
175.45064
 20
-9.834167
 10
175.47089
 20
-9.854386
 10
175.496413
 20
-9.868661
 10
175.530087
 20
-9.877171
 10
175.6
 20
-9.879999
 10
175.669914
 20
-9.877171
 10
175.703588
 20
-9.868661
 10
175.729111
 20
-9.854386
 10
175.749361
 20
-9.834167
 10
175.765358
 20
-9.807644
 10
175.777553
 20
-9.774068
 10
175.786161
 20
-9.73175
 10
175.791294
 20
-9.67592
 10
175.793
 20
-9.559999
 10
175.791294
 20
-9.444079
 10
175.786161
 20
-9.388248
 10
175.777553
 20
-9.345931
 10
175.765358
 20
-9.312355
 10
175.749361
 20
-9.285831
 10
175.729111
 20
-9.265613
 10
175.703588
 20
-9.251338
 10
175.669914
 20
-9.242828
 10
175.6
 20
-9.24
 10
175.530087
 20
-9.242828
 10
175.496413
 20
-9.251338
 10
175.47089
 20
-9.265613
 10
175.45064
 20
-9.285831
 10
175.434643
 20
-9.312355
 10
175.422448
 20
-9.345931
 10
175.413839
 20
-9.388248
 10
175.408707
 20
-9.444079
 10
175.407001
 20
-9.559999
 10
175.408707
 20
-9.67592
 10
175.413839
 20
-9.73175
 10
175.422448
 20
-9.774068
 10
175.434643
 20
-9.807644
 10
175.45064
 20
-9.834167
  0
LWPOLYLINE
  5
D8
330
17
100
AcDbEntity
  8
VISTA
100
AcDbPolyline
 90
4
 70
1
 10
175.5392814055531
 20
-9.660673363301997
 10
175.5392814055531
 20
-9.660673363302
 10
175.5392814055531
 20
-9.660673363302001
 10
175.5392814055531
 20
-9.660673363301997
  0
LWPOLYLINE
  5
D9
330
17
100
AcDbEntity
  8
VISTA
100
AcDbPolyline
 90
4
 70
1
 10
175.5392814055531
 20
-9.459325636697999
 10
175.5392814055531
 20
-9.459325636698
 10
175.5392814055531
 20
-9.459325636698003
 10
175.5392814055531
 20
-9.459325636697999
  0
LWPOLYLINE
  5
DA
330
17
100
AcDbEntity
  8
VISTA
100
AcDbPolyline
 90
4
 70
1
 10
175.6661590755195
 20
-9.470919778297974
 10
175.6661590755195
 20
-9.470919778297976
 10
175.6661590755195
 20
-9.470919778297977
 10
175.6661590755195
 20
-9.470919778297974
  0
LWPOLYLINE
  5
DB
330
17
100
AcDbEntity
  8
VISTA
100
AcDbPolyline
 90
4
 70
1
 10
175.7648018263157
 20
-9.781897598934131
 10
175.7648018263157
 20
-9.781897598934133
 10
175.76480182631568
 20
-9.781897598934135
 10
175.7648018263157
 20
-9.781897598934131
  0
LWPOLYLINE
  5
DC
330
17
100
AcDbEntity
  8
VISTA
100
AcDbPolyline
 90
37
 70
1
 10
175.850639
 20
-9.834167
 10
175.87089
 20
-9.854386
 10
175.896413
 20
-9.868661
 10
175.930086
 20
-9.877171
 10
176.0
 20
-9.879999
 10
176.069914
 20
-9.877171
 10
176.103588
 20
-9.868661
 10
176.12911
 20
-9.854386
 10
176.149361
 20
-9.834167
 10
176.165358
 20
-9.807644
 10
176.177551
 20
-9.774068
 10
176.186161
 20
-9.73175
 10
176.191294
 20
-9.67592
 10
176.193001
 20
-9.559999
 10
176.191294
 20
-9.444079
 10
176.186161
 20
-9.388248
 10
176.177551
 20
-9.345931
 10
176.165358
 20
-9.312355
 10
176.149361
 20
-9.285831
 10
176.12911
 20
-9.265613
 10
176.103588
 20
-9.251338
 10
176.069914
 20
-9.242828
 10
176.0
 20
-9.24
 10
175.930086
 20
-9.242828
 10
175.896413
 20
-9.251338
 10
175.87089
 20
-9.265613
 10
175.850639
 20
-9.285831
 10
175.834642
 20
-9.312355
 10
175.822448
 20
-9.345931
 10
175.813839
 20
-9.388248
 10
175.808706
 20
-9.444079
 10
175.807
 20
-9.559999
 10
175.808706
 20
-9.67592
 10
175.813839
 20
-9.73175
 10
175.822448
 20
-9.774068
 10
175.834642
 20
-9.807644
 10
175.850639
 20
-9.834167
  0
LWPOLYLINE
  5
DD
330
17
100
AcDbEntity
  8
VISTA
100
AcDbPolyline
 90
4
 70
1
 10
175.83109719116746
 20
-9.787417756677542
 10
175.83109719116746
 20
-9.787417756677549
 10
175.83109719116746
 20
-9.787417756677545
 10
175.83109719116746
 20
-9.787417756677542
  0
LWPOLYLINE
  5
DE
330
17
100
AcDbEntity
  8
VISTA
100
AcDbPolyline
 90
4
 70
1
 10
176.1146170365369
 20
-9.857034002133462
 10
176.1146170365369
 20
-9.85703400213346
 10
176.1146170365369
 20
-9.857034002133462
 10
176.1146170365369
 20
-9.857034002133462
  0
LWPOLYLINE
  5
DF
330
17
100
AcDbEntity
  8
VISTA
100
AcDbPolyline
 90
43
 70
1
 10
181.145536
 20
-7.977551
 10
181.128994
 20
-8.036122
 10
181.123737
 20
-8.066908
 10
181.119499
 20
-8.13
 10
181.123737
 20
-8.193092
 10
181.128994
 20
-8.223878
 10
181.145536
 20
-8.28245
 10
181.15666
 20
-8.309671
 10
181.16955000000002
 20
-8.335163
 10
181.200115
 20
-8.379992
 10
181.236057
 20
-8.415214
 10
181.275991
 20
-8.439474
 10
181.296982
 20
-8.447186
 10
181.318386
 20
-8.451842
 10
181.34
 20
-8.4534
 10
181.361612
 20
-8.451842
 10
181.383017
 20
-8.447186
 10
181.404007
 20
-8.439474
 10
181.443943
 20
-8.415214
 10
181.479883
 20
-8.379992
 10
181.510448
 20
-8.335163
 10
181.534464
 20
-8.28245
 10
181.543715
 20
-8.253759
 10
181.556263
 20
-8.193092
 10
181.559439
 20
-8.161698
 10
181.559439
 20
-8.098301
 10
181.556263
 20
-8.066908
 10
181.543715
 20
-8.00624
 10
181.523338
 20
-7.950328
 10
181.510448
 20
-7.924837
 10
181.479883
 20
-7.880008
 10
181.443943
 20
-7.844787
 10
181.404007
 20
-7.820526
 10
181.383017
 20
-7.812814
 10
181.361612
 20
-7.808157
 10
181.34
 20
-7.8066
 10
181.318386
 20
-7.808157
 10
181.296982
 20
-7.812814
 10
181.255617
 20
-7.831217
 10
181.236057
 20
-7.844787
 10
181.200115
 20
-7.880008
 10
181.16955000000002
 20
-7.924837
 10
181.145536
 20
-7.977551
  0
LWPOLYLINE
  5
E0
330
17
100
AcDbEntity
  8
VISTA
100
AcDbPolyline
 90
37
 70
1
 10
181.223063
 20
-8.301509
 10
181.202496
 20
-8.264753
 10
181.187214
 20
-8.22282
 10
181.181746
 20
-8.200409
 10
181.175421
 20
-8.153774
 10
181.175421
 20
-8.106226
 10
181.181746
 20
-8.059591
 10
181.187214
 20
-8.03718
 10
181.202496
 20
-7.995246
 10
181.212164
 20
-7.976128
 10
181.235086
 20
-7.942506
 10
181.262043
 20
-7.91609
 10
181.276712
 20
-7.905913
 10
181.307737
 20
-7.89211
 10
181.34
 20
-7.88745
 10
181.372263
 20
-7.89211
 10
181.388006
 20
-7.897894
 10
181.417957
 20
-7.91609
 10
181.444912
 20
-7.942506
 10
181.467836
 20
-7.976128
 10
181.485847
 20
-8.015663
 10
181.492786
 20
-8.03718
 10
181.502197
 20
-8.082681
 10
181.50537500000002
 20
-8.13
 10
181.502197
 20
-8.17732
 10
181.492786
 20
-8.22282
 10
181.477505
 20
-8.264753
 10
181.456938
 20
-8.301509
 10
181.431877
 20
-8.331673
 10
181.417957
 20
-8.34391
 10
181.388006
 20
-8.362106
 10
181.356209
 20
-8.371382
 10
181.32379
 20
-8.371382
 10
181.291994
 20
-8.362106
 10
181.276712
 20
-8.354087
 10
181.248121
 20
-8.331673
 10
181.223063
 20
-8.301509
  0
LWPOLYLINE
  5
E1
330
17
100
AcDbEntity
  8
VISTA
100
AcDbPolyline
 90
38
 70
1
 10
178.202358
 20
-10.433501
 10
178.218584
 20
-10.443141
 10
178.240486
 20
-10.449796
 10
178.27286
 20
-10.45371
 10
178.389999
 20
-10.455001
 10
178.389999
 20
-10.421782
 10
178.390001
 20
-10.455001
 10
178.507139
 20
-10.45371
 10
178.539515
 20
-10.449796
 10
178.561417
 20
-10.443141
 10
178.577641
 20
-10.433501
 10
178.589872
 20
-10.420434
 10
178.598898
 20
-10.403104
 10
178.605127
 20
-10.379708
 10
178.608791
 20
-10.345126
 10
178.610001
 20
-10.22
 10
178.608789
 20
-10.094874
 10
178.605127
 20
-10.060292
 10
178.598896
 20
-10.036897
 10
178.589872
 20
-10.019567
 10
178.577641
 20
-10.006499
 10
178.561415
 20
-9.99686
 10
178.539513
 20
-9.990205
 10
178.507139
 20
-9.986291
 10
178.389999
 20
-9.985
 10
178.27286
 20
-9.986291
 10
178.240484
 20
-9.990205
 10
178.218582
 20
-9.99686
 10
178.202358
 20
-10.006499
 10
178.190126
 20
-10.019567
 10
178.181101
 20
-10.036897
 10
178.174871
 20
-10.060292
 10
178.171207
 20
-10.094874
 10
178.171209
 20
-10.345126
 10
178.174871
 20
-10.379708
 10
178.181103
 20
-10.403104
 10
178.190126
 20
-10.420434
 10
178.202358
 20
-10.433501
  0
LWPOLYLINE
  5
E2
330
17
100
AcDbEntity
  8
VISTA
100
AcDbPolyline
 90
4
 70
1
 10
178.5036937327778
 20
-10.11332385738986
 10
178.5036937327778
 20
-10.113323857389862
 10
178.5036937327778
 20
-10.113323857389863
 10
178.5036937327778
 20
-10.11332385738986
  0
LWPOLYLINE
  5
E3
330
17
100
AcDbEntity
  8
VISTA
100
AcDbPolyline
 90
35
 70
1
 10
176.922359
 20
-10.433501
 10
176.938583
 20
-10.443141
 10
176.960485
 20
-10.449796
 10
176.992859
 20
-10.45371
 10
177.227139
 20
-10.45371
 10
177.259514
 20
-10.449796
 10
177.281416
 20
-10.443141
 10
177.29764
 20
-10.433501
 10
177.30987199999998
 20
-10.420434
 10
177.318897
 20
-10.403104
 10
177.325127
 20
-10.379708
 10
177.328791
 20
-10.345126
 10
177.32999999999998
 20
-10.22
 10
177.328791
 20
-10.094874
 10
177.325127
 20
-10.060292
 10
177.318897
 20
-10.036897
 10
177.30987199999998
 20
-10.019567
 10
177.29764
 20
-10.006499
 10
177.281416
 20
-9.99686
 10
177.259514
 20
-9.990205
 10
177.227139
 20
-9.986291
 10
177.109999
 20
-9.985
 10
176.992859
 20
-9.986291
 10
176.960485
 20
-9.990205
 10
176.938583
 20
-9.99686
 10
176.922358
 20
-10.006499
 10
176.910126
 20
-10.019567
 10
176.901102
 20
-10.036897
 10
176.894871
 20
-10.060292
 10
176.891209
 20
-10.094874
 10
176.891209
 20
-10.345126
 10
176.894871
 20
-10.379708
 10
176.901102
 20
-10.403104
 10
176.910126
 20
-10.420434
 10
176.922359
 20
-10.433501
  0
LWPOLYLINE
  5
E4
330
17
100
AcDbEntity
  8
VISTA
100
AcDbPolyline
 90
4
 70
1
 10
176.97862875743505
 20
-10.079673494997385
 10
176.97862875743505
 20
-10.079673494997387
 10
176.97862875743505
 20
-10.079673494997383
 10
176.97862875743505
 20
-10.079673494997385
  0
LWPOLYLINE
  5
E5
330
17
100
AcDbEntity
  8
VISTA
100
AcDbPolyline
 90
4
 70
1
 10
176.99256638881647
 20
-10.01587633019666
 10
176.99256638881647
 20
-10.015876330196662
 10
176.99256638881647
 20
-10.015876330196662
 10
176.99256638881647
 20
-10.01587633019666
  0
LWPOLYLINE
  5
E6
330
17
100
AcDbEntity
  8
VISTA
100
AcDbPolyline
 90
4
 70
1
 10
177.243094606337
 20
-10.45132397905487
 10
177.24309460633702
 20
-10.45132397905487
 10
177.243094606337
 20
-10.451323979054871
 10
177.243094606337
 20
-10.45132397905487
  0
LWPOLYLINE
  5
E7
330
17
100
AcDbEntity
  8
VISTA
100
AcDbPolyline
 90
38
 70
1
 10
178.202358
 20
-11.413501
 10
178.218584
 20
-11.423141
 10
178.240486
 20
-11.429795
 10
178.27286
 20
-11.433709
 10
178.389999
 20
-11.435
 10
178.389999
 20
-11.401782
 10
178.390001
 20
-11.435
 10
178.507139
 20
-11.433709
 10
178.539515
 20
-11.429795
 10
178.561417
 20
-11.423141
 10
178.577641
 20
-11.413501
 10
178.589872
 20
-11.400434
 10
178.598898
 20
-11.383103
 10
178.605127
 20
-11.359708
 10
178.608791
 20
-11.325126
 10
178.610001
 20
-11.2
 10
178.608789
 20
-11.074874
 10
178.605127
 20
-11.040292
 10
178.598896
 20
-11.016896
 10
178.589872
 20
-10.999566
 10
178.577641
 20
-10.986499
 10
178.561415
 20
-10.976859
 10
178.539513
 20
-10.970204
 10
178.507139
 20
-10.96629
 10
178.389999
 20
-10.964999
 10
178.27286
 20
-10.96629
 10
178.240484
 20
-10.970204
 10
178.218582
 20
-10.976859
 10
178.202358
 20
-10.986499
 10
178.190126
 20
-10.999566
 10
178.181101
 20
-11.016896
 10
178.174871
 20
-11.040292
 10
178.171207
 20
-11.074874
 10
178.171209
 20
-11.325126
 10
178.174871
 20
-11.359708
 10
178.181103
 20
-11.383103
 10
178.190126
 20
-11.400434
 10
178.202358
 20
-11.413501
  0
LWPOLYLINE
  5
E8
330
17
100
AcDbEntity
  8
VISTA
100
AcDbPolyline
 90
4
 70
1
 10
178.29013470002036
 20
-11.321442944358308
 10
178.29013470002036
 20
-11.321442944358305
 10
178.29013470002036
 20
-11.321442944358306
 10
178.29013470002036
 20
-11.321442944358308
  0
LWPOLYLINE
  5
E9
330
17
100
AcDbEntity
  8
VISTA
100
AcDbPolyline
 90
4
 70
1
 10
178.49777950982084
 20
-11.084871318574573
 10
178.49777950982084
 20
-11.084871318574569
 10
178.49777950982084
 20
-11.08487131857457
 10
178.49777950982084
 20
-11.084871318574573
  0
LWPOLYLINE
  5
EA
330
17
100
AcDbEntity
  8
VISTA
100
AcDbPolyline
 90
35
 70
1
 10
176.922359
 20
-11.413503
 10
176.938583
 20
-11.423142
 10
176.960485
 20
-11.429797
 10
176.992859
 20
-11.433711
 10
177.227139
 20
-11.433711
 10
177.259514
 20
-11.429797
 10
177.281416
 20
-11.423142
 10
177.29764
 20
-11.413503
 10
177.30987199999998
 20
-11.400435
 10
177.318897
 20
-11.383105
 10
177.325127
 20
-11.35971
 10
177.328791
 20
-11.325128
 10
177.32999999999998
 20
-11.200002
 10
177.328791
 20
-11.074876
 10
177.325127
 20
-11.040294
 10
177.318897
 20
-11.016898
 10
177.30987199999998
 20
-10.999568
 10
177.29764
 20
-10.986501
 10
177.281416
 20
-10.976861
 10
177.259514
 20
-10.970206
 10
177.227139
 20
-10.966292
 10
177.109999
 20
-10.965001
 10
176.992859
 20
-10.966292
 10
176.960485
 20
-10.970206
 10
176.938583
 20
-10.976861
 10
176.922358
 20
-10.986501
 10
176.910126
 20
-10.999568
 10
176.901102
 20
-11.016898
 10
176.894871
 20
-11.040294
 10
176.891209
 20
-11.074876
 10
176.891209
 20
-11.325128
 10
176.894871
 20
-11.35971
 10
176.901102
 20
-11.383105
 10
176.910126
 20
-11.400435
 10
176.922359
 20
-11.413503
  0
LWPOLYLINE
  5
EB
330
17
100
AcDbEntity
  8
VISTA
100
AcDbPolyline
 90
4
 70
1
 10
177.0022200093913
 20
-11.315128724439981
 10
177.0022200093913
 20
-11.315128724439983
 10
177.0022200093913
 20
-11.315128724439985
 10
177.0022200093913
 20
-11.315128724439981
  0
LWPOLYLINE
  5
EC
330
17
100
AcDbEntity
  8
VISTA
100
AcDbPolyline
 90
4
 70
1
 10
176.97862875743505
 20
-11.340328505002615
 10
176.97862875743505
 20
-11.340328505002617
 10
176.97862875743505
 20
-11.340328505002613
 10
176.97862875743505
 20
-11.340328505002615
  0
LWPOLYLINE
  5
ED
330
17
100
AcDbEntity
  8
VISTA
100
AcDbPolyline
 90
4
 70
1
 10
176.9963046786914
 20
-11.093325502531155
 10
176.9963046786914
 20
-11.093325502531151
 10
176.9963046786914
 20
-11.093325502531153
 10
176.9963046786914
 20
-11.093325502531155
  0
LWPOLYLINE
  5
EE
330
17
100
AcDbEntity
  8
VISTA
100
AcDbPolyline
 90
4
 70
1
 10
177.24308574056903
 20
-11.431326304852687
 10
177.24308574056906
 20
-11.431326304852687
 10
177.24308574056903
 20
-11.43132630485269
 10
177.24308574056903
 20
-11.431326304852687
  0
LWPOLYLINE
  5
EF
330
17
100
AcDbEntity
  8
VISTA
100
AcDbPolyline
 90
51
 70
1
 10
175.01734199999999
 20
-7.588434
 10
175.024624
 20
-7.705945
 10
175.03692
 20
-7.786963
 10
175.054482
 20
-7.849225
 10
175.077715
 20
-7.899037
 10
175.107216
 20
-7.939384
 10
175.143888
 20
-7.97188
 10
175.189194
 20
-7.997489
 10
175.245822
 20
-8.016849
 10
175.319482
 20
-8.030396
 10
175.426277
 20
-8.038418
 10
175.820002
 20
-8.041072
 10
176.213722
 20
-8.038418
 10
176.320518
 20
-8.030396
 10
176.39417600000002
 20
-8.016849
 10
176.450806
 20
-7.997489
 10
176.496113
 20
-7.97188
 10
176.532784
 20
-7.939384
 10
176.562284
 20
-7.899037
 10
176.58551599999998
 20
-7.849225
 10
176.603081
 20
-7.786963
 10
176.615376
 20
-7.705945
 10
176.622658
 20
-7.588434
 10
176.625069
 20
-7.155013
 10
176.62259362499995
 20
-7.1549985
 10
176.625069
 20
-7.154985
 10
176.622658
 20
-6.721567
 10
176.615376
 20
-6.604055
 10
176.603081
 20
-6.523037
 10
176.58551599999998
 20
-6.460776
 10
176.562284
 20
-6.410963
 10
176.532784
 20
-6.370616
 10
176.496113
 20
-6.33812
 10
176.450806
 20
-6.312511
 10
176.39417600000002
 20
-6.293152
 10
176.320518
 20
-6.279604
 10
176.213722
 20
-6.271583
 10
175.819997
 20
-6.268928
 10
175.426277
 20
-6.271583
 10
175.319482
 20
-6.279604
 10
175.245822
 20
-6.293152
 10
175.189194
 20
-6.312511
 10
175.143888
 20
-6.33812
 10
175.107216
 20
-6.370616
 10
175.077715
 20
-6.410963
 10
175.054482
 20
-6.460776
 10
175.03692
 20
-6.523037
 10
175.024624
 20
-6.604055
 10
175.01734199999999
 20
-6.721567
 10
175.014931
 20
-7.155003
 10
175.01734199999999
 20
-7.588434
  0
LWPOLYLINE
  5
F0
330
17
100
AcDbEntity
  8
VISTA
100
AcDbPolyline
 90
49
 70
1
 10
175.320004
 20
-8.026028
 10
175.2469
 20
-8.012583
 10
175.190969
 20
-7.993463
 10
175.146431
 20
-7.96829
 10
175.110473
 20
-7.936426
 10
175.081513
 20
-7.896816
 10
175.058618
 20
-7.84772
 10
175.041227
 20
-7.786066
 10
175.029003
 20
-7.705513
 10
175.021741
 20
-7.588356
 10
175.019331
 20
-7.155003
 10
175.021741
 20
-6.721644
 10
175.029003
 20
-6.604487
 10
175.041227
 20
-6.523934
 10
175.058618
 20
-6.462281
 10
175.081513
 20
-6.413184
 10
175.110473
 20
-6.373574
 10
175.146431
 20
-6.341711
 10
175.190969
 20
-6.316537
 10
175.2469
 20
-6.297418
 10
175.320004
 20
-6.283973
 10
175.426371
 20
-6.275982
 10
175.819997
 20
-6.273328
 10
176.213629
 20
-6.275982
 10
176.319996
 20
-6.283973
 10
176.393101
 20
-6.297418
 10
176.44903
 20
-6.316537
 10
176.493568
 20
-6.341711
 10
176.529526
 20
-6.373574
 10
176.558487
 20
-6.413184
 10
176.581383
 20
-6.462281
 10
176.598772
 20
-6.523934
 10
176.610996
 20
-6.604487
 10
176.618258
 20
-6.721644
 10
176.6206679416083
 20
-7.154998500036343
 10
176.618258
 20
-7.588356
 10
176.610996
 20
-7.705513
 10
176.598772
 20
-7.786066
 10
176.581383
 20
-7.84772
 10
176.558487
 20
-7.896816
 10
176.529526
 20
-7.936426
 10
176.493568
 20
-7.96829
 10
176.44903
 20
-7.993463
 10
176.393101
 20
-8.012583
 10
176.319996
 20
-8.026028
 10
176.213629
 20
-8.034019
 10
175.820002
 20
-8.036673
 10
175.426371
 20
-8.034019
 10
175.320004
 20
-8.026028
  0
LWPOLYLINE
  5
F1
330
17
100
AcDbEntity
  8
VISTA
100
AcDbPolyline
 90
4
 70
1
 10
175.28304348563972
 20
-8.0214603717242
 10
175.28304348563972
 20
-8.0214603717242
 10
175.28304348563972
 20
-8.021460371724203
 10
175.28304348563972
 20
-8.0214603717242
  0
LWPOLYLINE
  5
F2
330
17
100
AcDbEntity
  8
VISTA
100
AcDbPolyline
 90
4
 70
1
 10
176.54709489403027
 20
-7.918882294713806
 10
176.5470948940303
 20
-7.918882294713784
 10
176.54709489403027
 20
-7.918882294713804
 10
176.54709489403027
 20
-7.918882294713806
  0
LWPOLYLINE
  5
F3
330
17
100
AcDbEntity
  8
VISTA
100
AcDbPolyline
 90
5
 70
1
 10
177.748001
 20
-6.6999
 10
177.7579
 20
-6.7
 10
177.757999
 20
-6.2501
 10
177.7481
 20
-6.2501
 10
177.748001
 20
-6.6999
  0
LWPOLYLINE
  5
F4
330
17
100
AcDbEntity
  8
VISTA
100
AcDbPolyline
 90
5
 70
1
 10
178.242001
 20
-6.6999
 10
178.2519
 20
-6.7
 10
178.251999
 20
-6.2501
 10
178.2421
 20
-6.2501
 10
178.242001
 20
-6.6999
  0
LWPOLYLINE
  5
F5
330
17
100
AcDbEntity
  8
VISTA
100
AcDbPolyline
 90
5
 70
1
 10
177.754
 20
-6.6999
 10
177.762899
 20
-6.7
 10
177.762999
 20
-6.2501
 10
177.754099
 20
-6.2501
 10
177.754
 20
-6.6999
  0
LWPOLYLINE
  5
F6
330
17
100
AcDbEntity
  8
VISTA
100
AcDbPolyline
 90
5
 70
1
 10
178.237001
 20
-6.6999
 10
178.245901
 20
-6.7
 10
178.246
 20
-6.2501
 10
178.237101
 20
-6.2501
 10
178.237001
 20
-6.6999
  0
LWPOLYLINE
  5
F7
330
17
100
AcDbEntity
  8
VISTA
100
AcDbPolyline
 90
5
 70
1
 10
177.757999
 20
-6.6999
 10
177.7619
 20
-6.7
 10
177.762001
 20
-6.2501
 10
177.758101
 20
-6.2501
 10
177.757999
 20
-6.6999
  0
LWPOLYLINE
  5
F8
330
17
100
AcDbEntity
  8
VISTA
100
AcDbPolyline
 90
5
 70
1
 10
178.237999
 20
-6.6999
 10
178.241899
 20
-6.7
 10
178.242001
 20
-6.2501
 10
178.2381
 20
-6.2501
 10
178.237999
 20
-6.6999
  0
LWPOLYLINE
  5
F9
330
17
100
AcDbEntity
  8
VISTA
100
AcDbPolyline
 90
13
 70
1
 10
176.880001
 20
-6.694
 10
176.881758
 20
-6.698242
 10
176.886
 20
-6.7
 10
177.294001
 20
-6.7
 10
177.298243
 20
-6.698242
 10
177.299999
 20
-6.694
 10
177.299999
 20
-6.286
 10
177.298243
 20
-6.281757
 10
177.294001
 20
-6.28
 10
176.886
 20
-6.28
 10
176.881758
 20
-6.281757
 10
176.880001
 20
-6.286
 10
176.880001
 20
-6.694
  0
LWPOLYLINE
  5
FA
330
17
100
AcDbEntity
  8
VISTA
100
AcDbPolyline
 90
13
 70
1
 10
174.34
 20
-6.693999
 10
174.341758
 20
-6.698242
 10
174.346
 20
-6.7
 10
174.754001
 20
-6.7
 10
174.758243
 20
-6.698242
 10
174.76
 20
-6.693999
 10
174.76
 20
-6.286
 10
174.758243
 20
-6.281757
 10
174.754001
 20
-6.28
 10
174.346
 20
-6.28
 10
174.341758
 20
-6.281757
 10
174.34
 20
-6.286
 10
174.34
 20
-6.693999
  0
LWPOLYLINE
  5
FB
330
17
100
AcDbEntity
  8
VISTA
100
AcDbPolyline
 90
49
 70
1
 10
180.480209
 20
-6.595468
 10
180.466166
 20
-6.636786
 10
180.457787
 20
-6.691659
 10
180.45499999999998
 20
-6.82
 10
180.457787
 20
-6.948341
 10
180.466166
 20
-7.003214
 10
180.480209
 20
-7.044532
 10
180.500042
 20
-7.078028
 10
180.525881
 20
-7.105834
 10
180.558069
 20
-7.128983
 10
180.597172
 20
-7.148038
 10
180.644142
 20
-7.163335
 10
180.700724
 20
-7.175076
 10
180.770515
 20
-7.18339
 10
180.863209
 20
-7.188351
 10
181.07999999999998
 20
-7.19
 10
181.29679099999998
 20
-7.188351
 10
181.389484
 20
-7.18339
 10
181.459276
 20
-7.175076
 10
181.515858
 20
-7.163335
 10
181.562828
 20
-7.148038
 10
181.601931
 20
-7.128983
 10
181.634119
 20
-7.105834
 10
181.659958
 20
-7.078028
 10
181.67979
 20
-7.044532
 10
181.693834
 20
-7.003214
 10
181.702213
 20
-6.948341
 10
181.70499999999998
 20
-6.82
 10
181.702213
 20
-6.691659
 10
181.693834
 20
-6.636786
 10
181.67979
 20
-6.595468
 10
181.659958
 20
-6.561973
 10
181.634119
 20
-6.534166
 10
181.601931
 20
-6.511017
 10
181.562828
 20
-6.491962
 10
181.515858
 20
-6.476665
 10
181.459276
 20
-6.464924
 10
181.389484
 20
-6.45661
 10
181.29679099999998
 20
-6.451649
 10
181.07999999999998
 20
-6.45
 10
180.863209
 20
-6.451649
 10
180.770515
 20
-6.45661
 10
180.700724
 20
-6.464924
 10
180.644142
 20
-6.476665
 10
180.597172
 20
-6.491962
 10
180.558069
 20
-6.511017
 10
180.525881
 20
-6.534166
 10
180.500042
 20
-6.561973
 10
180.480209
 20
-6.595468
  0
LWPOLYLINE
  5
FC
330
17
100
AcDbEntity
  8
VISTA
100
AcDbPolyline
 90
4
 70
1
 10
181.2388428054642
 20
-6.550110372293472
 10
181.23884280543194
 20
-6.550110372348269
 10
181.23884280544698
 20
-6.550110372322738
 10
181.2388428054642
 20
-6.550110372293472
  0
LWPOLYLINE
  5
FD
330
17
100
AcDbEntity
  8
VISTA
100
AcDbPolyline
 90
4
 70
1
 10
180.60042746151365
 20
-6.918918846257867
 10
180.600427461491
 20
-6.9189188462625415
 10
180.6004274614956
 20
-6.91891884626159
 10
180.60042746151365
 20
-6.918918846257867
  0
LWPOLYLINE
  5
FE
330
17
100
AcDbEntity
  8
VISTA
100
AcDbPolyline
 90
4
 70
1
 10
177.764999
 20
-6.6799
 10
177.764999
 20
-6.2701
 10
177.764
 20
-6.2701
 10
177.764999
 20
-6.6799
  0
LWPOLYLINE
  5
FF
330
17
100
AcDbEntity
  8
VISTA
100
AcDbPolyline
 90
4
 70
1
 10
178.236
 20
-6.6799
 10
178.236
 20
-6.2701
 10
178.235001
 20
-6.2701
 10
178.236
 20
-6.6799
  0
LWPOLYLINE
  5
100
330
17
100
AcDbEntity
  8
VISTA
100
AcDbPolyline
 90
25
 70
1
 10
177.09
 20
-6.42
 10
177.071882
 20
-6.422385
 10
177.055
 20
-6.429378
 10
177.040503
 20
-6.440502
 10
177.029379
 20
-6.455
 10
177.02238499999999
 20
-6.471882
 10
177.02
 20
-6.49
 10
177.02238499999999
 20
-6.508117
 10
177.029379
 20
-6.525
 10
177.040503
 20
-6.539497
 10
177.055
 20
-6.550622
 10
177.071882
 20
-6.557615
 10
177.09
 20
-6.56
 10
177.108118
 20
-6.557615
 10
177.125
 20
-6.550622
 10
177.139498
 20
-6.539497
 10
177.150621
 20
-6.525
 10
177.157616
 20
-6.508117
 10
177.16
 20
-6.49
 10
177.157616
 20
-6.471882
 10
177.150621
 20
-6.455
 10
177.139498
 20
-6.440502
 10
177.125
 20
-6.429378
 10
177.108118
 20
-6.422385
 10
177.09
 20
-6.42
  0
LWPOLYLINE
  5
101
330
17
100
AcDbEntity
  8
VISTA
100
AcDbPolyline
 90
25
 70
1
 10
174.55
 20
-6.42
 10
174.531883
 20
-6.422385
 10
174.515
 20
-6.429378
 10
174.500503
 20
-6.440502
 10
174.489378
 20
-6.455
 10
174.482386
 20
-6.471882
 10
174.48
 20
-6.49
 10
174.482386
 20
-6.508117
 10
174.489378
 20
-6.525
 10
174.500503
 20
-6.539497
 10
174.515
 20
-6.550622
 10
174.531883
 20
-6.557615
 10
174.55
 20
-6.56
 10
174.568117
 20
-6.557615
 10
174.585
 20
-6.550622
 10
174.599498
 20
-6.539497
 10
174.610622
 20
-6.525
 10
174.617615
 20
-6.508117
 10
174.62
 20
-6.49
 10
174.617615
 20
-6.471882
 10
174.610622
 20
-6.455
 10
174.599498
 20
-6.440502
 10
174.585
 20
-6.429378
 10
174.568117
 20
-6.422385
 10
174.55
 20
-6.42
  0
LWPOLYLINE
  5
102
330
17
100
AcDbEntity
  8
VISTA
100
AcDbPolyline
 90
5
 70
1
 10
177.762001
 20
-6.6999
 10
177.763901
 20
-6.699971
 10
177.764
 20
-6.2501
 10
177.7621
 20
-6.2501
 10
177.762001
 20
-6.6999
  0
LWPOLYLINE
  5
103
330
17
100
AcDbEntity
  8
VISTA
100
AcDbPolyline
 90
5
 70
1
 10
177.757999
 20
-6.6999
 10
177.7619
 20
-6.7
 10
177.762001
 20
-6.2501
 10
177.758101
 20
-6.2501
 10
177.757999
 20
-6.6999
  0
LWPOLYLINE
  5
104
330
17
100
AcDbEntity
  8
VISTA
100
AcDbPolyline
 90
5
 70
1
 10
178.236
 20
-6.6999
 10
178.2379
 20
-6.699971
 10
178.237999
 20
-6.2501
 10
178.236099
 20
-6.2501
 10
178.236
 20
-6.6999
  0
LWPOLYLINE
  5
105
330
17
100
AcDbEntity
  8
VISTA
100
AcDbPolyline
 90
5
 70
1
 10
178.237999
 20
-6.6999
 10
178.241899
 20
-6.7
 10
178.242001
 20
-6.2501
 10
178.2381
 20
-6.2501
 10
178.237999
 20
-6.6999
  0
LWPOLYLINE
  5
106
330
17
100
AcDbEntity
  8
VISTA
100
AcDbPolyline
 90
5
 70
1
 10
177.752001
 20
-6.6999
 10
177.75390099999998
 20
-6.699971
 10
177.754
 20
-6.2501
 10
177.75209999999998
 20
-6.2501
 10
177.752001
 20
-6.6999
  0
LWPOLYLINE
  5
107
330
17
100
AcDbEntity
  8
VISTA
100
AcDbPolyline
 90
5
 70
1
 10
177.754
 20
-6.6999
 10
177.762899
 20
-6.7
 10
177.762999
 20
-6.2501
 10
177.754099
 20
-6.2501
 10
177.754
 20
-6.6999
  0
LWPOLYLINE
  5
108
330
17
100
AcDbEntity
  8
VISTA
100
AcDbPolyline
 90
5
 70
1
 10
178.246
 20
-6.6999
 10
178.24790000000002
 20
-6.699971
 10
178.247999
 20
-6.2501
 10
178.24609900000002
 20
-6.2501
 10
178.246
 20
-6.6999
  0
LWPOLYLINE
  5
109
330
17
100
AcDbEntity
  8
VISTA
100
AcDbPolyline
 90
5
 70
1
 10
178.237001
 20
-6.6999
 10
178.245901
 20
-6.7
 10
178.246
 20
-6.2501
 10
178.237101
 20
-6.2501
 10
178.237001
 20
-6.6999
  0
LWPOLYLINE
  5
10A
330
17
100
AcDbEntity
  8
VISTA
100
AcDbPolyline
 90
5
 70
1
 10
177.746
 20
-6.6999
 10
177.74790000000002
 20
-6.699971
 10
177.747999
 20
-6.2501
 10
177.74609900000002
 20
-6.2501
 10
177.746
 20
-6.6999
  0
LWPOLYLINE
  5
10B
330
17
100
AcDbEntity
  8
VISTA
100
AcDbPolyline
 90
5
 70
1
 10
177.748001
 20
-6.6999
 10
177.7579
 20
-6.7
 10
177.757999
 20
-6.2501
 10
177.7481
 20
-6.2501
 10
177.748001
 20
-6.6999
  0
LWPOLYLINE
  5
10C
330
17
100
AcDbEntity
  8
VISTA
100
AcDbPolyline
 90
5
 70
1
 10
178.252001
 20
-6.6999
 10
178.25390099999998
 20
-6.699971
 10
178.254
 20
-6.2501
 10
178.25209999999998
 20
-6.2501
 10
178.252001
 20
-6.6999
  0
LWPOLYLINE
  5
10D
330
17
100
AcDbEntity
  8
VISTA
100
AcDbPolyline
 90
5
 70
1
 10
178.242001
 20
-6.6999
 10
178.2519
 20
-6.7
 10
178.251999
 20
-6.2501
 10
178.2421
 20
-6.2501
 10
178.242001
 20
-6.6999
  0
LWPOLYLINE
  5
10E
330
17
100
AcDbEntity
  8
VISTA
100
AcDbPolyline
 90
5
 70
1
 10
177.743
 20
-6.6799
 10
177.745899
 20
-6.679971
 10
177.745998
 20
-6.2701
 10
177.743099
 20
-6.2701
 10
177.743
 20
-6.6799
  0
LWPOLYLINE
  5
10F
330
17
100
AcDbEntity
  8
VISTA
100
AcDbPolyline
 90
5
 70
1
 10
178.254
 20
-6.6799
 10
178.266899
 20
-6.68
 10
178.267
 20
-6.2701
 10
178.254101
 20
-6.2701
 10
178.254
 20
-6.6799
  0
LWPOLYLINE
  5
110
330
17
100
AcDbEntity
  8
VISTA
100
AcDbPolyline
 90
5
 70
1
 10
181.074999
 20
-10.533999
 10
181.07399900000001
 20
-10.105
 10
181.066999
 20
-10.106
 10
181.067293
 20
-10.534707
 10
181.074999
 20
-10.533999
  0
LWPOLYLINE
  5
111
330
17
100
AcDbEntity
  8
VISTA
100
AcDbPolyline
 90
39
 70
1
 10
175.083681
 20
-8.018452
 10
175.147346
 20
-8.057438
 10
175.233294
 20
-8.084354
 10
175.360333
 20
-8.100177
 10
175.820001
 20
-8.1054
 10
176.279667
 20
-8.100177
 10
176.40670599999999
 20
-8.084354
 10
176.492653
 20
-8.057438
 10
176.556318
 20
-8.018452
 10
176.604319
 20
-7.965608
 10
176.639734
 20
-7.895518
 10
176.664183
 20
-7.8009
 10
176.678555
 20
-7.661044
 10
176.6833
 20
-7.155
 10
175.820002
 20
-7.155
 10
176.6833
 20
-7.154998
 10
176.678555
 20
-6.648957
 10
176.664183
 20
-6.5091
 10
176.639734
 20
-6.414482
 10
176.604319
 20
-6.344393
 10
176.556318
 20
-6.291549
 10
176.492653
 20
-6.252562
 10
176.40670599999999
 20
-6.225646
 10
176.279667
 20
-6.209824
 10
175.819998
 20
-6.2046
 10
175.360333
 20
-6.209824
 10
175.233294
 20
-6.225646
 10
175.147346
 20
-6.252562
 10
175.083681
 20
-6.291549
 10
175.03568
 20
-6.344393
 10
175.000266
 20
-6.414482
 10
174.975817
 20
-6.5091
 10
174.961445
 20
-6.648957
 10
174.95669900000001
 20
-7.155002
 10
174.961445
 20
-7.661044
 10
174.975817
 20
-7.8009
 10
175.000266
 20
-7.895518
 10
175.03568
 20
-7.965608
 10
175.083681
 20
-8.018452
  0
LWPOLYLINE
  5
112
330
17
100
AcDbEntity
  8
VISTA
100
AcDbPolyline
 90
4
 70
1
 10
175.82
 20
-7.155
 10
175.820002
 20
-7.154999999995326
 10
175.820002
 20
-7.155
 10
175.82
 20
-7.155
  0
LWPOLYLINE
  5
113
330
17
100
AcDbEntity
  8
VISTA
100
AcDbPolyline
 90
4
 70
1
 10
175.06671937107348
 20
-7.984281525488042
 10
175.06671937107348
 20
-7.984281525488041
 10
175.06671937107348
 20
-7.98428152548804
 10
175.06671937107348
 20
-7.984281525488042
  0
LWPOLYLINE
  5
114
330
17
100
AcDbEntity
  8
VISTA
100
AcDbPolyline
 90
4
 70
1
 10
176.21188158998447
 20
-6.663848338090206
 10
176.21188158998447
 20
-6.663848338090208
 10
176.21188158998447
 20
-6.6638483380902045
 10
176.21188158998447
 20
-6.663848338090206
  0
LWPOLYLINE
  5
115
330
17
100
AcDbEntity
  8
VISTA
100
AcDbPolyline
 90
4
 70
1
 10
175.81999686301927
 20
-7.155004208597676
 10
175.81999686301927
 20
-7.155004208597679
 10
175.81999686301927
 20
-7.155004208597678
 10
175.81999686301927
 20
-7.155004208597676
  0
LWPOLYLINE
  5
116
330
17
100
AcDbEntity
  8
VISTA
100
AcDbPolyline
 90
4
 70
1
 10
175.8199982443598
 20
-7.1550027809640895
 10
175.8199982443598
 20
-7.155002780964086
 10
175.8199982443598
 20
-7.155002780964087
 10
175.8199982443598
 20
-7.1550027809640895
  0
LWPOLYLINE
  5
117
330
17
100
AcDbEntity
  8
VISTA
100
AcDbPolyline
 90
4
 70
1
 10
175.81999305424858
 20
-7.155008145012245
 10
175.81999305424856
 20
-7.1550081450122525
 10
175.81999305424858
 20
-7.15500814501225
 10
175.81999305424858
 20
-7.155008145012245
  0
LWPOLYLINE
  5
118
330
17
100
AcDbEntity
  8
VISTA
100
AcDbPolyline
 90
6
 70
1
 10
181.087
 20
-11.443
 10
181.087
 20
-11.037
 10
181.084999
 20
-11.035
 10
181.082998
 20
-11.037
 10
181.083586
 20
-11.444414
 10
181.087
 20
-11.443
  0
LWPOLYLINE
  5
119
330
17
100
AcDbEntity
  8
VISTA
100
AcDbPolyline
 90
8
 70
1
 10
181.108002
 20
-11.575
 10
181.111
 20
-11.572
 10
181.111
 20
-10.908
 10
181.108002
 20
-10.905
 10
181.09
 20
-10.905
 10
181.08700199999998
 20
-10.908
 10
181.087879
 20
-11.574121
 10
181.108002
 20
-11.575
  0
LWPOLYLINE
  5
11A
330
17
100
AcDbEntity
  8
VISTA
100
AcDbPolyline
 90
35
 70
1
 10
174.79118
 20
-9.930661
 10
174.799293
 20
-9.9483
 10
174.810244
 20
-9.960478
 10
174.82643
 20
-9.967637
 10
174.885
 20
-9.97
 10
174.94357
 20
-9.967637
 10
174.959757
 20
-9.960478
 10
174.970708
 20
-9.9483
 10
174.978821
 20
-9.930661
 10
174.984937
 20
-9.906753
 10
174.992564
 20
-9.832232
 10
174.994395
 20
-9.768954
 10
174.995
 20
-9.54
 10
174.885
 20
-9.54
 10
174.995
 20
-9.539999
 10
174.994395
 20
-9.311046
 10
174.98945
 20
-9.204959
 10
174.984937
 20
-9.173247
 10
174.978821
 20
-9.149339
 10
174.970708
 20
-9.1317
 10
174.959757
 20
-9.119522
 10
174.94357
 20
-9.112363
 10
174.885
 20
-9.11
 10
174.82643
 20
-9.112363
 10
174.810244
 20
-9.119522
 10
174.799293
 20
-9.1317
 10
174.79118
 20
-9.149339
 10
174.785064
 20
-9.173247
 10
174.777436
 20
-9.247768
 10
174.775605
 20
-9.311046
 10
174.775001
 20
-9.540001
 10
174.775605
 20
-9.768954
 10
174.777436
 20
-9.832232
 10
174.785064
 20
-9.906753
 10
174.79118
 20
-9.930661
  0
LWPOLYLINE
  5
11B
330
17
100
AcDbEntity
  8
VISTA
100
AcDbPolyline
 90
35
 70
1
 10
176.22118
 20
-9.930661
 10
176.229292
 20
-9.9483
 10
176.240244
 20
-9.960478
 10
176.256432
 20
-9.967637
 10
176.315001
 20
-9.97
 10
176.373569
 20
-9.967637
 10
176.389757
 20
-9.960478
 10
176.400709
 20
-9.9483
 10
176.408821
 20
-9.930661
 10
176.414938
 20
-9.906753
 10
176.422565
 20
-9.832232
 10
176.424397
 20
-9.768954
 10
176.425001
 20
-9.54
 10
176.315001
 20
-9.54
 10
176.425001
 20
-9.539999
 10
176.424397
 20
-9.311046
 10
176.419449
 20
-9.204959
 10
176.414938
 20
-9.173247
 10
176.408821
 20
-9.149339
 10
176.400709
 20
-9.1317
 10
176.389757
 20
-9.119522
 10
176.373569
 20
-9.112363
 10
176.315001
 20
-9.11
 10
176.256432
 20
-9.112363
 10
176.240244
 20
-9.119522
 10
176.229292
 20
-9.1317
 10
176.22118
 20
-9.149339
 10
176.215063
 20
-9.173247
 10
176.207436
 20
-9.247768
 10
176.205605
 20
-9.311046
 10
176.20499999999998
 20
-9.540001
 10
176.205605
 20
-9.768954
 10
176.207436
 20
-9.832232
 10
176.215063
 20
-9.906753
 10
176.22118
 20
-9.930661
  0
LWPOLYLINE
  5
11C
330
17
100
AcDbEntity
  8
VISTA
100
AcDbPolyline
 90
4
 70
1
 10
176.31500148283578
 20
-9.539997989483895
 10
176.31500148283578
 20
-9.539997989483888
 10
176.315001
 20
-9.54
 10
176.31500148283578
 20
-9.539997989483895
  0
LWPOLYLINE
  5
11D
330
17
100
AcDbEntity
  8
VISTA
100
AcDbPolyline
 90
4
 70
1
 10
176.39449018267547
 20
-9.950553186197514
 10
176.39449018267547
 20
-9.95055318619751
 10
176.39449018267547
 20
-9.950553186197512
 10
176.39449018267547
 20
-9.950553186197514
  0
LWPOLYLINE
  5
11E
330
17
100
AcDbEntity
  8
VISTA
100
AcDbPolyline
 90
4
 70
1
 10
176.40053496643867
 20
-9.920658356558608
 10
176.40053496643867
 20
-9.92065835655861
 10
176.40053496643867
 20
-9.920658356558608
 10
176.40053496643867
 20
-9.920658356558608
  0
LWPOLYLINE
  5
11F
330
17
100
AcDbEntity
  8
VISTA
100
AcDbPolyline
 90
5
 70
1
 10
181.072001
 20
-10.561999
 10
181.071001
 20
-10.077
 10
181.064001
 20
-10.078
 10
181.064293
 20
-10.562707
 10
181.072001
 20
-10.561999
  0
LWPOLYLINE
  5
120
330
17
100
AcDbEntity
  8
VISTA
100
AcDbPolyline
 90
5
 70
1
 10
181.109999
 20
-11.5745
 10
181.1145
 20
-11.575
 10
181.115
 20
-10.905499
 10
181.110498
 20
-10.905147
 10
181.109999
 20
-11.5745
  0
LWPOLYLINE
  5
121
330
17
100
AcDbEntity
  8
VISTA
100
AcDbPolyline
 90
5
 70
1
 10
180.084999
 20
-6.9
 10
180.084999
 20
-6.54
 10
180.077
 20
-6.54
 10
180.077536
 20
-6.9
 10
180.084999
 20
-6.9
  0
LWPOLYLINE
  5
122
330
17
100
AcDbEntity
  8
VISTA
100
AcDbPolyline
 90
6
 70
1
 10
177.766172
 20
-6.723828
 10
177.768999
 20
-6.725
 10
178.233828
 20
-6.723828
 10
178.233828
 20
-6.236172
 10
177.766172
 20
-6.236172
 10
177.766172
 20
-6.723828
  0
LWPOLYLINE
  5
123
330
17
100
AcDbEntity
  8
VISTA
100
AcDbPolyline
 90
4
 70
1
 10
177.766691
 20
-6.72331
 10
177.767206
 20
-6.723528
 10
177.766472
 20
-6.723528
 10
177.766691
 20
-6.72331
  0
LWPOLYLINE
  5
124
330
17
100
AcDbEntity
  8
VISTA
100
AcDbPolyline
 90
4
 70
1
 10
177.766691
 20
-6.236691
 10
177.766472
 20
-6.237206
 10
177.766472
 20
-6.236472
 10
177.766691
 20
-6.236691
  0
LWPOLYLINE
  5
125
330
17
100
AcDbEntity
  8
VISTA
100
AcDbPolyline
 90
4
 70
1
 10
178.233309
 20
-6.236691
 10
178.232794
 20
-6.236472
 10
178.233528
 20
-6.236472
 10
178.233309
 20
-6.236691
  0
LWPOLYLINE
  5
126
330
17
100
AcDbEntity
  8
VISTA
100
AcDbPolyline
 90
4
 70
1
 10
178.233528
 20
-6.723528
 10
178.232794
 20
-6.723528
 10
178.233309
 20
-6.72331
 10
178.233528
 20
-6.723528
  0
LWPOLYLINE
  5
127
330
17
100
AcDbEntity
  8
VISTA
100
AcDbPolyline
 90
8
 70
1
 10
181.032499
 20
-10.5083
 10
181.034201
 20
-10.509999
 10
181.055799
 20
-10.509999
 10
181.057501
 20
-10.5083
 10
181.057501
 20
-10.1317
 10
181.055799
 20
-10.13
 10
181.033216
 20
-10.130314
 10
181.032499
 20
-10.5083
  0
LWPOLYLINE
  5
128
330
17
100
AcDbEntity
  8
VISTA
100
AcDbPolyline
 90
8
 70
1
 10
181.076
 20
-9.3183
 10
181.0777
 20
-9.32
 10
181.098299
 20
-9.32
 10
181.099998
 20
-9.3183
 10
181.099998
 20
-9.0217
 10
181.098299
 20
-9.02
 10
181.076715
 20
-9.020314
 10
181.076
 20
-9.3183
  0
LWPOLYLINE
  5
129
330
17
100
AcDbEntity
  8
VISTA
100
AcDbPolyline
 90
8
 70
1
 10
181.076
 20
-9.8883
 10
181.0777
 20
-9.889999
 10
181.098299
 20
-9.889999
 10
181.099998
 20
-9.8883
 10
181.099998
 20
-9.5917
 10
181.098299
 20
-9.59
 10
181.076715
 20
-9.590314
 10
181.076
 20
-9.8883
  0
LWPOLYLINE
  5
12A
330
17
100
AcDbEntity
  8
VISTA
100
AcDbPolyline
 90
8
 70
1
 10
175.608001
 20
-11.5
 10
175.610001
 20
-11.498
 10
175.610001
 20
-11.488
 10
175.608001
 20
-11.486
 10
174.832001
 20
-11.486
 10
174.830001
 20
-11.488
 10
174.830586
 20
-11.499414
 10
175.608001
 20
-11.5
  0
LWPOLYLINE
  5
12B
330
17
100
AcDbEntity
  8
VISTA
100
AcDbPolyline
 90
8
 70
1
 10
176.367998
 20
-11.519
 10
176.369999
 20
-11.517
 10
176.369999
 20
-11.507
 10
176.367998
 20
-11.505
 10
175.591999
 20
-11.505
 10
175.589999
 20
-11.507
 10
175.590585
 20
-11.518414
 10
176.367998
 20
-11.519
  0
LWPOLYLINE
  5
12C
330
17
100
AcDbEntity
  8
VISTA
100
AcDbPolyline
 90
5
 70
1
 10
174.829201
 20
-11.484
 10
176.370941
 20
-11.4838
 10
176.3708
 20
-11.481999
 10
174.829201
 20
-11.482059
 10
174.829201
 20
-11.484
  0
LWPOLYLINE
  5
12D
330
17
100
AcDbEntity
  8
VISTA
100
AcDbPolyline
 90
5
 70
1
 10
174.829201
 20
-11.504001
 10
176.370941
 20
-11.5038
 10
176.3708
 20
-11.502
 10
174.829201
 20
-11.502059
 10
174.829201
 20
-11.504001
  0
LWPOLYLINE
  5
12E
330
17
100
AcDbEntity
  8
VISTA
100
AcDbPolyline
 90
5
 70
1
 10
174.829201
 20
-11.522
 10
176.370941
 20
-11.5218
 10
176.3708
 20
-11.52
 10
174.829201
 20
-11.520059
 10
174.829201
 20
-11.522
  0
LWPOLYLINE
  5
12F
330
17
100
AcDbEntity
  8
VISTA
100
AcDbPolyline
 90
5
 70
1
 10
174.8294
 20
-11.54
 10
176.371
 20
-11.539599
 10
176.3706
 20
-11.481999
 10
174.8294
 20
-11.4824
 10
174.8294
 20
-11.54
  0
LWPOLYLINE
  5
130
330
17
100
AcDbEntity
  8
VISTA
100
AcDbPolyline
 90
5
 70
1
 10
181.679415
 20
-10.573414
 10
181.679415
 20
-10.066586
 10
181.091585
 20
-10.066586
 10
181.091585
 20
-10.573414
 10
181.679415
 20
-10.573414
  0
LWPOLYLINE
  5
131
330
17
100
AcDbEntity
  8
VISTA
100
AcDbPolyline
 90
5
 70
1
 10
181.071001
 20
-10.5735
 10
181.0725
 20
-10.573999
 10
181.073
 20
-10.0665
 10
181.071501
 20
-10.066146
 10
181.071001
 20
-10.5735
  0
LWPOLYLINE
  5
132
330
17
100
AcDbEntity
  8
VISTA
100
AcDbPolyline
 90
8
 70
1
 10
181.073
 20
-10.5783
 10
181.074701
 20
-10.58
 10
181.0893
 20
-10.58
 10
181.091002
 20
-10.5783
 10
181.091002
 20
-10.0617
 10
181.0893
 20
-10.059999
 10
181.073717
 20
-10.060313
 10
181.073
 20
-10.5783
  0
LWPOLYLINE
  5
133
330
17
100
AcDbEntity
  8
VISTA
100
AcDbPolyline
 90
12
 70
1
 10
174.8135
 20
-11.815
 10
176.386501
 20
-11.815
 10
176.388975
 20
-11.813974
 10
176.390001
 20
-11.8115
 10
176.390001
 20
-11.5085
 10
176.388975
 20
-11.506025
 10
176.386501
 20
-11.505
 10
174.8135
 20
-11.505
 10
174.811026
 20
-11.506025
 10
174.81
 20
-11.5085
 10
174.810646
 20
-11.813526
 10
174.8135
 20
-11.815
  0
LWPOLYLINE
  5
134
330
17
100
AcDbEntity
  8
VISTA
100
AcDbPolyline
 90
4
 70
1
 10
174.811747
 20
-11.813253
 10
174.811747
 20
-11.81397
 10
174.81103
 20
-11.813253
 10
174.811747
 20
-11.813253
  0
LWPOLYLINE
  5
135
330
17
100
AcDbEntity
  8
VISTA
100
AcDbPolyline
 90
4
 70
1
 10
174.811289
 20
-11.506289
 10
174.811747
 20
-11.50603
 10
174.811747
 20
-11.506746
 10
174.811289
 20
-11.506289
  0
LWPOLYLINE
  5
136
330
17
100
AcDbEntity
  8
VISTA
100
AcDbPolyline
 90
4
 70
1
 10
176.388969
 20
-11.506746
 10
176.388254
 20
-11.506746
 10
176.388254
 20
-11.50603
 10
176.388969
 20
-11.506746
  0
LWPOLYLINE
  5
137
330
17
100
AcDbEntity
  8
VISTA
100
AcDbPolyline
 90
4
 70
1
 10
176.388712
 20
-11.813711
 10
176.388254
 20
-11.81397
 10
176.388254
 20
-11.813253
 10
176.388712
 20
-11.813711
  0
LWPOLYLINE
  5
138
330
17
100
AcDbEntity
  8
VISTA
100
AcDbPolyline
 90
8
 70
1
 10
180.056999
 20
-7.056
 10
180.059999
 20
-7.053
 10
180.059999
 20
-6.387
 10
180.056999
 20
-6.384
 10
180.042999
 20
-6.384
 10
180.039999
 20
-6.387
 10
180.040878
 20
-7.055121
 10
180.056999
 20
-7.056
  0
LWPOLYLINE
  5
139
330
17
100
AcDbEntity
  8
VISTA
100
AcDbPolyline
 90
9
 70
1
 10
179.5235
 20
-7.07
 10
180.036501
 20
-7.07
 10
180.039354
 20
-7.068526
 10
180.040001
 20
-6.3735
 10
180.038527
 20
-6.370646
 10
179.5235
 20
-6.37
 10
179.520647
 20
-6.371473
 10
179.520647
 20
-7.068526
 10
179.5235
 20
-7.07
  0
LWPOLYLINE
  5
13A
330
17
100
AcDbEntity
  8
VISTA
100
AcDbPolyline
 90
4
 70
1
 10
179.521748
 20
-7.068254
 10
179.521748
 20
-7.06897
 10
179.52103
 20
-7.068254
 10
179.521748
 20
-7.068254
  0
LWPOLYLINE
  5
13B
330
17
100
AcDbEntity
  8
VISTA
100
AcDbPolyline
 90
4
 70
1
 10
179.521748
 20
-6.37103
 10
179.521748
 20
-6.371746
 10
179.52103
 20
-6.371746
 10
179.521748
 20
-6.37103
  0
LWPOLYLINE
  5
13C
330
17
100
AcDbEntity
  8
VISTA
100
AcDbPolyline
 90
4
 70
1
 10
180.038971
 20
-7.068254
 10
180.038254
 20
-7.06897
 10
180.038254
 20
-7.068254
 10
180.038971
 20
-7.068254
  0
LWPOLYLINE
  5
13D
330
17
100
AcDbEntity
  8
VISTA
100
AcDbPolyline
 90
4
 70
1
 10
180.038254
 20
-6.37103
 10
180.038971
 20
-6.371746
 10
180.038254
 20
-6.371746
 10
180.038254
 20
-6.37103
  0
LWPOLYLINE
  5
13E
330
17
100
AcDbEntity
  8
VISTA
100
AcDbPolyline
 90
8
 70
1
 10
181.047001
 20
-9.488
 10
181.050001
 20
-9.485
 10
181.050001
 20
-9.474999
 10
181.047001
 20
-9.471999
 10
180.833
 20
-9.471999
 10
180.82999999999998
 20
-9.474999
 10
180.830879
 20
-9.487121
 10
181.047001
 20
-9.488
  0
LWPOLYLINE
  5
13F
330
17
100
AcDbEntity
  8
VISTA
100
AcDbPolyline
 90
5
 70
1
 10
181.114
 20
-6.58
 10
181.114
 20
-6.2
 10
181.086
 20
-6.2
 10
181.086
 20
-6.58
 10
181.114
 20
-6.58
  0
LWPOLYLINE
  5
140
330
17
100
AcDbEntity
  8
VISTA
100
AcDbPolyline
 90
10
 70
1
 10
177.296478
 20
-11.541631
 10
177.302999
 20
-11.544999
 10
178.201632
 20
-11.543523
 10
178.20499999999998
 20
-11.537
 10
178.203522
 20
-9.878369
 10
178.197001
 20
-9.875001
 10
177.302999
 20
-9.875001
 10
177.29734200000001
 20
-9.877343
 10
177.29500000000002
 20
-9.883
 10
177.296478
 20
-11.541631
  0
LWPOLYLINE
  5
141
330
17
100
AcDbEntity
  8
VISTA
100
AcDbPolyline
 90
31
 70
1
 10
175.015472
 20
-6.793334
 10
175.019956
 20
-6.816333
 10
175.027711
 20
-6.831666
 10
175.0436
 20
-6.847
 10
175.05211
 20
-6.851026
 10
175.08615
 20
-6.860265
 10
175.14572
 20
-6.864491
 10
175.6393
 20
-6.863986
 10
175.68185
 20
-6.860265
 10
175.71589
 20
-6.851026
 10
175.733706
 20
-6.839334
 10
175.744884
 20
-6.824
 10
175.751602
 20
-6.801
 10
175.75371
 20
-6.770333
 10
175.753119
 20
-6.494333
 10
175.750181
 20
-6.471334
 10
175.744884
 20
-6.456
 10
175.733706
 20
-6.440667
 10
175.71589
 20
-6.428974
 10
175.69887
 20
-6.423254
 10
175.67334
 20
-6.418544
 10
175.61377
 20
-6.415353
 10
175.17976
 20
-6.415109
 10
175.09466
 20
-6.418544
 10
175.06913
 20
-6.423254
 10
175.05211
 20
-6.428974
 10
175.0436
 20
-6.433
 10
175.027711
 20
-6.448333
 10
175.017818
 20
-6.471334
 10
175.014158
 20
-6.517334
 10
175.015472
 20
-6.793334
  0
LWPOLYLINE
  5
142
330
17
100
AcDbEntity
  8
VISTA
100
AcDbPolyline
 90
32
 70
1
 10
175.887472
 20
-6.793334
 10
175.891955
 20
-6.816333
 10
175.899711
 20
-6.831666
 10
175.9156
 20
-6.847
 10
175.92411
 20
-6.851026
 10
175.95815
 20
-6.860265
 10
176.017719
 20
-6.864491
 10
176.511299
 20
-6.863986
 10
176.55385
 20
-6.860265
 10
176.587891
 20
-6.851026
 10
176.605705
 20
-6.839334
 10
176.616884
 20
-6.824
 10
176.623602
 20
-6.801
 10
176.62571
 20
-6.770333
 10
176.625118
 20
-6.494333
 10
176.622181
 20
-6.471334
 10
176.616884
 20
-6.456
 10
176.605705
 20
-6.440667
 10
176.587891
 20
-6.428974
 10
176.570869
 20
-6.423254
 10
176.54534
 20
-6.418544
 10
176.485769
 20
-6.415353
 10
176.05176
 20
-6.415109
 10
175.96666
 20
-6.418544
 10
175.93262
 20
-6.425777
 10
175.9156
 20
-6.433
 10
175.906295
 20
-6.440667
 10
175.899711
 20
-6.448333
 10
175.891955
 20
-6.463666
 10
175.888398
 20
-6.479
 10
175.88629
 20
-6.509666
 10
175.887472
 20
-6.793334
  0
LWPOLYLINE
  5
143
330
17
100
AcDbEntity
  8
VISTA
100
AcDbPolyline
 90
17
 70
1
 10
181.14875
 20
-8.432199
 10
181.154095
 20
-8.452173
 10
181.168777
 20
-8.466856
 10
181.188751
 20
-8.472199
 10
181.491249
 20
-8.472199
 10
181.511223
 20
-8.466856
 10
181.525906
 20
-8.452173
 10
181.53125
 20
-8.432199
 10
181.53125
 20
-8.3822
 10
181.525906
 20
-8.362226
 10
181.511223
 20
-8.347544
 10
181.491249
 20
-8.3422
 10
181.188751
 20
-8.3422
 10
181.168777
 20
-8.347544
 10
181.154095
 20
-8.362226
 10
181.14875
 20
-8.3822
 10
181.14875
 20
-8.432199
  0
LWPOLYLINE
  5
144
330
17
100
AcDbEntity
  8
VISTA
100
AcDbPolyline
 90
5
 70
1
 10
180.064121
 20
-7.08917
 10
180.064121
 20
-6.350797
 10
179.49588
 20
-6.350879
 10
179.49588
 20
-7.089121
 10
180.064121
 20
-7.08917
  0
LWPOLYLINE
  5
145
330
17
100
AcDbEntity
  8
VISTA
100
AcDbPolyline
 90
9
 70
1
 10
179.685152
 20
-6.744849
 10
179.679001
 20
-6.73
 10
179.685152
 20
-6.715151
 10
179.700001
 20
-6.709
 10
179.71484900000002
 20
-6.715151
 10
179.721001
 20
-6.73
 10
179.71484900000002
 20
-6.744849
 10
179.700001
 20
-6.751
 10
179.685152
 20
-6.744849
  0
LWPOLYLINE
  5
146
330
17
100
AcDbEntity
  8
VISTA
100
AcDbPolyline
 90
5
 70
1
 10
177.748001
 20
-6.6999
 10
177.7579
 20
-6.7
 10
177.757999
 20
-6.2501
 10
177.7481
 20
-6.2501
 10
177.748001
 20
-6.6999
  0
LWPOLYLINE
  5
147
330
17
100
AcDbEntity
  8
VISTA
100
AcDbPolyline
 90
5
 70
1
 10
178.242001
 20
-6.6999
 10
178.2519
 20
-6.7
 10
178.251999
 20
-6.2501
 10
178.2421
 20
-6.2501
 10
178.242001
 20
-6.6999
  0
LWPOLYLINE
  5
148
330
17
100
AcDbEntity
  8
VISTA
100
AcDbPolyline
 90
5
 70
1
 10
177.754
 20
-6.6999
 10
177.762899
 20
-6.7
 10
177.762999
 20
-6.2501
 10
177.754099
 20
-6.2501
 10
177.754
 20
-6.6999
  0
LWPOLYLINE
  5
149
330
17
100
AcDbEntity
  8
VISTA
100
AcDbPolyline
 90
5
 70
1
 10
178.237001
 20
-6.6999
 10
178.245901
 20
-6.7
 10
178.246
 20
-6.2501
 10
178.237101
 20
-6.2501
 10
178.237001
 20
-6.6999
  0
LWPOLYLINE
  5
14A
330
17
100
AcDbEntity
  8
VISTA
100
AcDbPolyline
 90
5
 70
1
 10
177.757999
 20
-6.6999
 10
177.7619
 20
-6.7
 10
177.762001
 20
-6.2501
 10
177.758101
 20
-6.2501
 10
177.757999
 20
-6.6999
  0
LWPOLYLINE
  5
14B
330
17
100
AcDbEntity
  8
VISTA
100
AcDbPolyline
 90
5
 70
1
 10
178.237999
 20
-6.6999
 10
178.241899
 20
-6.7
 10
178.242001
 20
-6.2501
 10
178.2381
 20
-6.2501
 10
178.237999
 20
-6.6999
  0
LWPOLYLINE
  5
14C
330
17
100
AcDbEntity
  8
VISTA
100
AcDbPolyline
 90
4
 70
1
 10
177.764999
 20
-6.6799
 10
177.764999
 20
-6.2701
 10
177.764
 20
-6.2701
 10
177.764999
 20
-6.6799
  0
LWPOLYLINE
  5
14D
330
17
100
AcDbEntity
  8
VISTA
100
AcDbPolyline
 90
4
 70
1
 10
178.236
 20
-6.6799
 10
178.236
 20
-6.2701
 10
178.235001
 20
-6.2701
 10
178.236
 20
-6.6799
  0
LWPOLYLINE
  5
14E
330
17
100
AcDbEntity
  8
VISTA
100
AcDbPolyline
 90
5
 70
1
 10
181.102499
 20
-10.5796
 10
181.1336
 20
-10.580001
 10
181.134001
 20
-10.040401
 10
181.1029
 20
-10.040401
 10
181.102499
 20
-10.5796
  0
LWPOLYLINE
  5
14F
330
17
100
AcDbEntity
  8
VISTA
100
AcDbPolyline
 90
12
 70
1
 10
181.102501
 20
-9.437
 10
181.10338000000002
 20
-9.439121
 10
181.105501
 20
-9.440001
 10
181.134501
 20
-9.440001
 10
181.136621
 20
-9.439121
 10
181.137501
 20
-9.437
 10
181.137501
 20
-8.903
 10
181.136621
 20
-8.900879
 10
181.134501
 20
-8.9
 10
181.105501
 20
-8.9
 10
181.10338000000002
 20
-8.900879
 10
181.102501
 20
-9.437
  0
LWPOLYLINE
  5
150
330
17
100
AcDbEntity
  8
VISTA
100
AcDbPolyline
 90
4
 70
1
 10
181.103998
 20
-9.438503
 10
181.103998
 20
-9.439117
 10
181.10338000000002
 20
-9.439121
 10
181.103998
 20
-9.438503
  0
LWPOLYLINE
  5
151
330
17
100
AcDbEntity
  8
VISTA
100
AcDbPolyline
 90
4
 70
1
 10
181.136003
 20
-9.438503
 10
181.136618
 20
-9.438503
 10
181.136621
 20
-9.439121
 10
181.136003
 20
-9.438503
  0
LWPOLYLINE
  5
152
330
17
100
AcDbEntity
  8
VISTA
100
AcDbPolyline
 90
4
 70
1
 10
181.136003
 20
-8.901497
 10
181.136003
 20
-8.900883
 10
181.136621
 20
-8.900879
 10
181.136003
 20
-8.901497
  0
LWPOLYLINE
  5
153
330
17
100
AcDbEntity
  8
VISTA
100
AcDbPolyline
 90
4
 70
1
 10
181.103998
 20
-8.901497
 10
181.103384
 20
-8.901497
 10
181.10338000000002
 20
-8.900879
 10
181.103998
 20
-8.901497
  0
LWPOLYLINE
  5
154
330
17
100
AcDbEntity
  8
VISTA
100
AcDbPolyline
 90
12
 70
1
 10
181.102501
 20
-10.007
 10
181.10338000000002
 20
-10.009121
 10
181.105501
 20
-10.01
 10
181.134501
 20
-10.01
 10
181.136621
 20
-10.009121
 10
181.137501
 20
-10.007
 10
181.137501
 20
-9.473
 10
181.136621
 20
-9.470879
 10
181.134501
 20
-9.469999
 10
181.105501
 20
-9.469999
 10
181.10338000000002
 20
-9.470879
 10
181.102501
 20
-10.007
  0
LWPOLYLINE
  5
155
330
17
100
AcDbEntity
  8
VISTA
100
AcDbPolyline
 90
4
 70
1
 10
181.103998
 20
-10.008503
 10
181.103998
 20
-10.009117
 10
181.10338000000002
 20
-10.009121
 10
181.103998
 20
-10.008503
  0
LWPOLYLINE
  5
156
330
17
100
AcDbEntity
  8
VISTA
100
AcDbPolyline
 90
4
 70
1
 10
181.136003
 20
-10.008503
 10
181.136618
 20
-10.008503
 10
181.136621
 20
-10.009121
 10
181.136003
 20
-10.008503
  0
LWPOLYLINE
  5
157
330
17
100
AcDbEntity
  8
VISTA
100
AcDbPolyline
 90
4
 70
1
 10
181.136003
 20
-9.471497
 10
181.136003
 20
-9.470882
 10
181.136621
 20
-9.470879
 10
181.136003
 20
-9.471497
  0
LWPOLYLINE
  5
158
330
17
100
AcDbEntity
  8
VISTA
100
AcDbPolyline
 90
4
 70
1
 10
181.103998
 20
-9.471497
 10
181.103384
 20
-9.471497
 10
181.10338000000002
 20
-9.470879
 10
181.103998
 20
-9.471497
  0
LWPOLYLINE
  5
159
330
17
100
AcDbEntity
  8
VISTA
100
AcDbPolyline
 90
5
 70
1
 10
177.762001
 20
-6.6999
 10
177.763901
 20
-6.699971
 10
177.764
 20
-6.2501
 10
177.7621
 20
-6.2501
 10
177.762001
 20
-6.6999
  0
LWPOLYLINE
  5
15A
330
17
100
AcDbEntity
  8
VISTA
100
AcDbPolyline
 90
5
 70
1
 10
177.757999
 20
-6.6999
 10
177.7619
 20
-6.7
 10
177.762001
 20
-6.2501
 10
177.758101
 20
-6.2501
 10
177.757999
 20
-6.6999
  0
LWPOLYLINE
  5
15B
330
17
100
AcDbEntity
  8
VISTA
100
AcDbPolyline
 90
5
 70
1
 10
178.236
 20
-6.6999
 10
178.2379
 20
-6.699971
 10
178.237999
 20
-6.2501
 10
178.236099
 20
-6.2501
 10
178.236
 20
-6.6999
  0
LWPOLYLINE
  5
15C
330
17
100
AcDbEntity
  8
VISTA
100
AcDbPolyline
 90
5
 70
1
 10
178.237999
 20
-6.6999
 10
178.241899
 20
-6.7
 10
178.242001
 20
-6.2501
 10
178.2381
 20
-6.2501
 10
178.237999
 20
-6.6999
  0
LWPOLYLINE
  5
15D
330
17
100
AcDbEntity
  8
VISTA
100
AcDbPolyline
 90
5
 70
1
 10
177.754
 20
-6.6999
 10
177.762899
 20
-6.7
 10
177.762999
 20
-6.2501
 10
177.754099
 20
-6.2501
 10
177.754
 20
-6.6999
  0
LWPOLYLINE
  5
15E
330
17
100
AcDbEntity
  8
VISTA
100
AcDbPolyline
 90
5
 70
1
 10
178.237001
 20
-6.6999
 10
178.245901
 20
-6.7
 10
178.246
 20
-6.2501
 10
178.237101
 20
-6.2501
 10
178.237001
 20
-6.6999
  0
LWPOLYLINE
  5
15F
330
17
100
AcDbEntity
  8
VISTA
100
AcDbPolyline
 90
5
 70
1
 10
177.752001
 20
-6.6999
 10
177.75390099999998
 20
-6.699971
 10
177.754
 20
-6.2501
 10
177.75209999999998
 20
-6.2501
 10
177.752001
 20
-6.6999
  0
LWPOLYLINE
  5
160
330
17
100
AcDbEntity
  8
VISTA
100
AcDbPolyline
 90
5
 70
1
 10
178.246
 20
-6.6999
 10
178.24790000000002
 20
-6.699971
 10
178.247999
 20
-6.2501
 10
178.24609900000002
 20
-6.2501
 10
178.246
 20
-6.6999
  0
LWPOLYLINE
  5
161
330
17
100
AcDbEntity
  8
VISTA
100
AcDbPolyline
 90
5
 70
1
 10
177.746
 20
-6.6999
 10
177.74790000000002
 20
-6.699971
 10
177.747999
 20
-6.2501
 10
177.74609900000002
 20
-6.2501
 10
177.746
 20
-6.6999
  0
LWPOLYLINE
  5
162
330
17
100
AcDbEntity
  8
VISTA
100
AcDbPolyline
 90
5
 70
1
 10
177.748001
 20
-6.6999
 10
177.7579
 20
-6.7
 10
177.757999
 20
-6.2501
 10
177.7481
 20
-6.2501
 10
177.748001
 20
-6.6999
  0
LWPOLYLINE
  5
163
330
17
100
AcDbEntity
  8
VISTA
100
AcDbPolyline
 90
5
 70
1
 10
178.252001
 20
-6.6999
 10
178.25390099999998
 20
-6.699971
 10
178.254
 20
-6.2501
 10
178.25209999999998
 20
-6.2501
 10
178.252001
 20
-6.6999
  0
LWPOLYLINE
  5
164
330
17
100
AcDbEntity
  8
VISTA
100
AcDbPolyline
 90
5
 70
1
 10
178.242001
 20
-6.6999
 10
178.2519
 20
-6.7
 10
178.251999
 20
-6.2501
 10
178.2421
 20
-6.2501
 10
178.242001
 20
-6.6999
  0
LWPOLYLINE
  5
165
330
17
100
AcDbEntity
  8
VISTA
100
AcDbPolyline
 90
8
 70
1
 10
181.122
 20
-9.469
 10
181.125
 20
-9.466
 10
181.125
 20
-9.452
 10
181.122
 20
-9.448999
 10
180.76
 20
-9.448999
 10
180.757
 20
-9.452
 10
180.757879
 20
-9.468121
 10
181.122
 20
-9.469
  0
LWPOLYLINE
  5
166
330
17
100
AcDbEntity
  8
VISTA
100
AcDbPolyline
 90
5
 70
1
 10
177.743
 20
-6.6799
 10
177.745899
 20
-6.679971
 10
177.745998
 20
-6.2701
 10
177.743099
 20
-6.2701
 10
177.743
 20
-6.6799
  0
LWPOLYLINE
  5
167
330
17
100
AcDbEntity
  8
VISTA
100
AcDbPolyline
 90
5
 70
1
 10
178.254
 20
-6.6799
 10
178.266899
 20
-6.68
 10
178.267
 20
-6.2701
 10
178.254101
 20
-6.2701
 10
178.254
 20
-6.6799
  0
LWPOLYLINE
  5
168
330
17
100
AcDbEntity
  8
VISTA
100
AcDbPolyline
 90
5
 70
1
 10
181.134123
 20
-9.454122
 10
181.134123
 20
-8.885879
 10
180.765879
 20
-8.885879
 10
180.765879
 20
-9.454122
 10
181.134123
 20
-9.454122
  0
LWPOLYLINE
  5
169
330
17
100
AcDbEntity
  8
VISTA
100
AcDbPolyline
 90
10
 70
1
 10
181.136106
 20
-10.802474
 10
181.140999
 20
-10.805
 10
181.782473
 20
-10.803893
 10
181.785
 20
-10.799001
 10
181.783892
 20
-8.817527
 10
181.778999
 20
-8.815001
 10
181.140999
 20
-8.815001
 10
181.136757
 20
-8.816758
 10
181.134998
 20
-8.821
 10
181.136106
 20
-10.802474
  0
LWPOLYLINE
  5
16A
330
17
100
AcDbEntity
  8
VISTA
100
AcDbPolyline
 90
32
 70
1
 10
174.9146
 20
-9.319021
 10
174.973864
 20
-9.323944
 10
175.172121
 20
-9.329341
 10
176.02788
 20
-9.329341
 10
176.146133
 20
-9.327343
 10
176.2854
 20
-9.319021
 10
176.330082
 20
-9.312349
 10
176.363047
 20
-9.3035
 10
176.385805
 20
-9.291553
 10
176.399183
 20
-9.273894
 10
176.403601
 20
-9.21
 10
176.399183
 20
-9.146106
 10
176.385805
 20
-9.128448
 10
176.363047
 20
-9.1165
 10
176.330082
 20
-9.107651
 10
176.2854
 20
-9.100979
 10
176.226137
 20
-9.096056
 10
176.146133
 20
-9.092657
 10
176.02788
 20
-9.090659
 10
175.172121
 20
-9.090659
 10
175.053867
 20
-9.092657
 10
174.9146
 20
-9.100979
 10
174.869919
 20
-9.107651
 10
174.836954
 20
-9.1165
 10
174.814196
 20
-9.128448
 10
174.800817
 20
-9.146106
 10
174.7964
 20
-9.21
 10
174.800817
 20
-9.273894
 10
174.814196
 20
-9.291553
 10
174.836954
 20
-9.3035
 10
174.869919
 20
-9.312349
 10
174.9146
 20
-9.319021
  0
LWPOLYLINE
  5
16B
330
17
100
AcDbEntity
  8
VISTA
100
AcDbPolyline
 90
4
 70
1
 10
175.59999798944915
 20
-9.210000281858271
 10
175.59999798944918
 20
-9.21000028185827
 10
175.6
 20
-9.21
 10
175.59999798944915
 20
-9.210000281858271
  0
LWPOLYLINE
  5
16C
330
17
100
AcDbEntity
  8
VISTA
100
AcDbPolyline
 90
22
 70
1
 10
176.86961
 20
-10.412082
 10
176.878464
 20
-10.436765
 10
176.887604
 20
-10.442939
 10
176.920218
 20
-10.444999
 10
176.952543
 20
-10.442939
 10
176.961012
 20
-10.436765
 10
176.966705
 20
-10.426482
 10
176.970661
 20
-10.412082
 10
176.97482300000001
 20
-10.363685
 10
176.974833
 20
-10.076312
 10
176.97256099999998
 20
-10.039672
 10
176.96667300000001
 20
-10.013515
 10
176.961514
 20
-10.003232
 10
176.952503
 20
-9.997058
 10
176.919819
 20
-9.994998
 10
176.887487
 20
-9.997058
 10
176.879017
 20
-10.003232
 10
176.870367
 20
-10.022435
 10
176.866268
 20
-10.055264
 10
176.864372
 20
-10.107425
 10
176.864979
 20
-10.363685
 10
176.86961
 20
-10.412082
  0
LWPOLYLINE
  5
16D
330
17
100
AcDbEntity
  8
VISTA
100
AcDbPolyline
 90
24
 70
1
 10
176.864979
 20
-11.343688
 10
176.867615
 20
-11.380328
 10
176.87318199999999
 20
-11.406486
 10
176.878464
 20
-11.416768
 10
176.887604
 20
-11.422942
 10
176.920218
 20
-11.425002
 10
176.952543
 20
-11.422942
 10
176.961012
 20
-11.416768
 10
176.964869
 20
-11.410491
 10
176.972542
 20
-11.380328
 10
176.975657
 20
-11.312575
 10
176.97578
 20
-11.200002
 10
176.974833
 20
-11.056315
 10
176.97256099999998
 20
-11.019675
 10
176.964905
 20
-10.989512
 10
176.961514
 20
-10.983235
 10
176.952503
 20
-10.977061
 10
176.919819
 20
-10.975001
 10
176.887487
 20
-10.977061
 10
176.879017
 20
-10.983235
 10
176.873093
 20
-10.993518
 10
176.867676
 20
-11.019675
 10
176.865009
 20
-11.056315
 10
176.864979
 20
-11.343688
  0
LWPOLYLINE
  5
16E
330
17
100
AcDbEntity
  8
VISTA
100
AcDbPolyline
 90
4
 70
1
 10
176.9178123011253
 20
-11.385822894162153
 10
176.9178123011253
 20
-11.385822894162171
 10
176.9178123011253
 20
-11.385822894162162
 10
176.9178123011253
 20
-11.385822894162153
  0
LWPOLYLINE
  5
16F
330
17
100
AcDbEntity
  8
VISTA
100
AcDbPolyline
 90
4
 70
1
 10
176.956802678844
 20
-11.072439743072925
 10
176.956802678844
 20
-11.072439743072964
 10
176.956802678844
 20
-11.072439743072923
 10
176.956802678844
 20
-11.072439743072925
  0
LWPOLYLINE
  5
170
330
17
100
AcDbEntity
  8
VISTA
100
AcDbPolyline
 90
21
 70
1
 10
178.525167
 20
-10.363685
 10
178.52743900000002
 20
-10.400325
 10
178.530817
 20
-10.417562
 10
178.538486
 20
-10.436765
 10
178.547499
 20
-10.442939
 10
178.580181
 20
-10.444999
 10
178.612513
 20
-10.442939
 10
178.620983
 20
-10.436765
 10
178.629633
 20
-10.417562
 10
178.634991
 20
-10.363685
 10
178.635023
 20
-10.076312
 10
178.63039
 20
-10.027915
 10
178.621536
 20
-10.003232
 10
178.612396
 20
-9.997058
 10
178.579782
 20
-9.994998
 10
178.547457
 20
-9.997058
 10
178.538988
 20
-10.003232
 10
178.533297
 20
-10.013515
 10
178.529341
 20
-10.027915
 10
178.52517699999999
 20
-10.076312
 10
178.525167
 20
-10.363685
  0
LWPOLYLINE
  5
171
330
17
100
AcDbEntity
  8
VISTA
100
AcDbPolyline
 90
21
 70
1
 10
178.525167
 20
-11.343686
 10
178.52743900000002
 20
-11.380326
 10
178.530817
 20
-11.397563
 10
178.538486
 20
-11.416766
 10
178.547499
 20
-11.42294
 10
178.580181
 20
-11.425
 10
178.612513
 20
-11.42294
 10
178.620983
 20
-11.416766
 10
178.629633
 20
-11.397563
 10
178.634991
 20
-11.343686
 10
178.635023
 20
-11.056314
 10
178.63039
 20
-11.007916
 10
178.621536
 20
-10.983233
 10
178.612396
 20
-10.977059
 10
178.579782
 20
-10.974999
 10
178.547457
 20
-10.977059
 10
178.538988
 20
-10.983233
 10
178.53039
 20
-11.002437
 10
178.52746
 20
-11.019673
 10
178.524343
 20
-11.087426
 10
178.525167
 20
-11.343686
  0
LWPOLYLINE
  5
172
330
17
100
AcDbEntity
  8
VISTA
100
AcDbPolyline
 90
4
 70
1
 10
178.58019398323924
 20
-11.424996115963864
 10
178.58019398323924
 20
-11.424996115963864
 10
178.580181
 20
-11.425
 10
178.58019398323924
 20
-11.424996115963864
  0
LWPOLYLINE
  5
173
330
17
100
AcDbEntity
  8
VISTA
100
AcDbPolyline
 90
49
 70
1
 10
179.533701
 20
-6.661117
 10
179.52613300000002
 20
-6.683413
 10
179.52154000000002
 20
-6.706505
 10
179.52
 20
-6.73
 10
179.52154000000002
 20
-6.753495
 10
179.52613300000002
 20
-6.776587
 10
179.533701
 20
-6.798883
 10
179.544115
 20
-6.82
 10
179.557196
 20
-6.839577
 10
179.572721
 20
-6.857279
 10
179.59042399999998
 20
-6.872804
 10
179.610001
 20
-6.885885
 10
179.631117
 20
-6.896298
 10
179.653412
 20
-6.903867
 10
179.676506
 20
-6.90846
 10
179.700001
 20
-6.91
 10
179.723495
 20
-6.90846
 10
179.746588
 20
-6.903867
 10
179.768883
 20
-6.896298
 10
179.790001
 20
-6.885885
 10
179.809578
 20
-6.872804
 10
179.82728
 20
-6.857279
 10
179.842804
 20
-6.839577
 10
179.855885
 20
-6.82
 10
179.866299
 20
-6.798883
 10
179.873867
 20
-6.776587
 10
179.87846
 20
-6.753495
 10
179.879999
 20
-6.73
 10
179.87846
 20
-6.706505
 10
179.873867
 20
-6.683413
 10
179.866299
 20
-6.661117
 10
179.855885
 20
-6.64
 10
179.842804
 20
-6.620423
 10
179.82728
 20
-6.602721
 10
179.809578
 20
-6.587196
 10
179.790001
 20
-6.574115
 10
179.768883
 20
-6.563702
 10
179.746588
 20
-6.556133
 10
179.723495
 20
-6.55154
 10
179.700001
 20
-6.55
 10
179.676506
 20
-6.55154
 10
179.653412
 20
-6.556133
 10
179.631117
 20
-6.563702
 10
179.610001
 20
-6.574115
 10
179.59042399999998
 20
-6.587196
 10
179.572721
 20
-6.602721
 10
179.557196
 20
-6.620423
 10
179.544115
 20
-6.64
 10
179.533701
 20
-6.661117
  0
LWPOLYLINE
  5
174
330
17
100
AcDbEntity
  8
VISTA
100
AcDbPolyline
 90
32
 70
1
 10
176.988577
 20
-6.462824
 10
176.985001
 20
-6.49
 10
176.988577
 20
-6.517176
 10
176.99299200000002
 20
-6.530182
 10
176.999067
 20
-6.5425
 10
177.015755
 20
-6.564246
 10
177.026079
 20
-6.573302
 10
177.049818
 20
-6.587008
 10
177.076294
 20
-6.594102
 10
177.09
 20
-6.595
 10
177.103704
 20
-6.594102
 10
177.130182
 20
-6.587008
 10
177.14249999999998
 20
-6.580933
 10
177.164246
 20
-6.564246
 10
177.180933
 20
-6.5425
 10
177.187008
 20
-6.530182
 10
177.191422
 20
-6.517176
 10
177.195
 20
-6.49
 10
177.191422
 20
-6.462824
 10
177.187008
 20
-6.449818
 10
177.180933
 20
-6.4375
 10
177.164246
 20
-6.415754
 10
177.14249999999998
 20
-6.399067
 10
177.130182
 20
-6.392992
 10
177.103704
 20
-6.385898
 10
177.09
 20
-6.385
 10
177.076294
 20
-6.385898
 10
177.049818
 20
-6.392992
 10
177.026079
 20
-6.406698
 10
177.015755
 20
-6.415754
 10
176.999067
 20
-6.4375
 10
176.988577
 20
-6.462824
  0
LWPOLYLINE
  5
175
330
17
100
AcDbEntity
  8
VISTA
100
AcDbPolyline
 90
17
 70
1
 10
177.037674
 20
-6.542326
 10
177.021633
 20
-6.518319
 10
177.016001
 20
-6.49
 10
177.021633
 20
-6.461681
 10
177.037674
 20
-6.437674
 10
177.061682
 20
-6.421633
 10
177.09
 20
-6.416
 10
177.11831899999999
 20
-6.421633
 10
177.142326
 20
-6.437674
 10
177.158367
 20
-6.461681
 10
177.164
 20
-6.49
 10
177.158367
 20
-6.518319
 10
177.142326
 20
-6.542326
 10
177.11831899999999
 20
-6.558367
 10
177.09
 20
-6.564
 10
177.061682
 20
-6.558367
 10
177.037674
 20
-6.542326
  0
LWPOLYLINE
  5
176
330
17
100
AcDbEntity
  8
VISTA
100
AcDbPolyline
 90
4
 70
1
 10
177.0035379785503
 20
-6.45418600000643
 10
177.00353797852483
 20
-6.454185999995888
 10
177.00353797854797
 20
-6.454186000005472
 10
177.0035379785503
 20
-6.45418600000643
  0
LWPOLYLINE
  5
177
330
17
100
AcDbEntity
  8
VISTA
100
AcDbPolyline
 90
4
 70
1
 10
177.00365522004086
 20
-6.478632220029875
 10
177.00365522004327
 20
-6.478632220030191
 10
177.0036552200332
 20
-6.478632220028866
 10
177.00365522004086
 20
-6.478632220029875
  0
LWPOLYLINE
  5
178
330
17
100
AcDbEntity
  8
VISTA
100
AcDbPolyline
 90
32
 70
1
 10
174.445898
 20
-6.476295
 10
174.445898
 20
-6.503705
 10
174.452992
 20
-6.530182
 10
174.459067
 20
-6.5425
 10
174.466698
 20
-6.55392
 10
174.48608
 20
-6.573302
 10
174.509818
 20
-6.587008
 10
174.522824
 20
-6.591422
 10
174.536295
 20
-6.594102
 10
174.563705
 20
-6.594102
 10
174.590181
 20
-6.587008
 10
174.6025
 20
-6.580933
 10
174.624247
 20
-6.564246
 10
174.63330200000001
 20
-6.55392
 10
174.640933
 20
-6.5425
 10
174.651423
 20
-6.517176
 10
174.655
 20
-6.49
 10
174.654101
 20
-6.476295
 10
174.651423
 20
-6.462824
 10
174.640933
 20
-6.4375
 10
174.624247
 20
-6.415754
 10
174.61392
 20
-6.406698
 10
174.6025
 20
-6.399067
 10
174.577176
 20
-6.388578
 10
174.563705
 20
-6.385898
 10
174.536295
 20
-6.385898
 10
174.509818
 20
-6.392992
 10
174.4975
 20
-6.399067
 10
174.48608
 20
-6.406698
 10
174.466698
 20
-6.42608
 10
174.452992
 20
-6.449818
 10
174.445898
 20
-6.476295
  0
LWPOLYLINE
  5
179
330
17
100
AcDbEntity
  8
VISTA
100
AcDbPolyline
 90
17
 70
1
 10
174.497674
 20
-6.542326
 10
174.481633
 20
-6.518319
 10
174.476
 20
-6.49
 10
174.481633
 20
-6.461681
 10
174.497674
 20
-6.437674
 10
174.521682
 20
-6.421633
 10
174.55
 20
-6.416
 10
174.578319
 20
-6.421633
 10
174.602325
 20
-6.437674
 10
174.618367
 20
-6.461681
 10
174.624
 20
-6.49
 10
174.618367
 20
-6.518319
 10
174.602325
 20
-6.542326
 10
174.578319
 20
-6.558367
 10
174.55
 20
-6.564
 10
174.521682
 20
-6.558367
 10
174.497674
 20
-6.542326
  0
LWPOLYLINE
  5
17A
330
17
100
AcDbEntity
  8
VISTA
100
AcDbPolyline
 90
4
 70
1
 10
174.46309895064306
 20
-6.5014409506628095
 10
174.463098950674
 20
-6.501440950658735
 10
174.46309895066017
 20
-6.50144095066056
 10
174.46309895064306
 20
-6.5014409506628095
  0
LWPOLYLINE
  5
17B
330
17
100
AcDbEntity
  8
VISTA
100
AcDbPolyline
 90
4
 70
1
 10
174.6425191310962
 20
-6.5283228689047075
 10
174.64251913109277
 20
-6.528322868903283
 10
174.64251913110428
 20
-6.528322868908047
 10
174.6425191310962
 20
-6.5283228689047075
  0
LWPOLYLINE
  5
17C
330
17
100
AcDbEntity
  8
VISTA
100
AcDbPolyline
 90
14
 70
1
 10
181.07
 20
-9.48
 10
181.071108
 20
-10.817474
 10
181.076
 20
-10.820001
 10
181.787474
 20
-10.818892
 10
181.790001
 20
-10.814
 10
181.788893
 20
-8.802526
 10
181.784
 20
-8.8
 10
181.076
 20
-8.8
 10
181.071758
 20
-8.801758
 10
181.07
 20
-8.806001
 10
181.07
 20
-8.86
 10
180.74
 20
-8.86
 10
180.74
 20
-9.48
 10
181.07
 20
-9.48
  0
LWPOLYLINE
  5
17D
330
17
100
AcDbEntity
  8
VISTA
100
AcDbPolyline
 90
7
 70
1
 10
181.20499999999998
 20
-9.48
 10
181.300001
 20
-9.48
 10
181.300001
 20
-9.219999
 10
181.635
 20
-9.219999
 10
181.635
 20
-9.58
 10
181.20499999999998
 20
-9.58
 10
181.20499999999998
 20
-9.48
  0
LWPOLYLINE
  5
17E
330
17
100
AcDbEntity
  8
VISTA
100
AcDbPolyline
 90
29
 70
1
 10
177.672001
 20
-10.71
 10
177.673956
 20
-10.727357
 10
177.679724
 20
-10.743843
 10
177.689016
 20
-10.758633
 10
177.701368
 20
-10.770983
 10
177.716158
 20
-10.780275
 10
177.732643
 20
-10.786044
 10
177.75
 20
-10.788
 10
177.767357
 20
-10.786044
 10
177.783842
 20
-10.780275
 10
177.798632
 20
-10.770983
 10
177.810984
 20
-10.758633
 10
177.820276
 20
-10.743843
 10
177.826044
 20
-10.727357
 10
177.827999
 20
-10.71
 10
177.826044
 20
-10.692643
 10
177.820276
 20
-10.676157
 10
177.810984
 20
-10.661367
 10
177.798632
 20
-10.649017
 10
177.783842
 20
-10.639725
 10
177.767357
 20
-10.633956
 10
177.75
 20
-10.632
 10
177.732643
 20
-10.633956
 10
177.716158
 20
-10.639725
 10
177.701368
 20
-10.649017
 10
177.689016
 20
-10.661367
 10
177.679724
 20
-10.676157
 10
177.673956
 20
-10.692643
 10
177.672001
 20
-10.71
  0
LWPOLYLINE
  5
17F
330
17
100
AcDbEntity
  8
VISTA
100
AcDbPolyline
 90
5
 70
1
 10
181.66456
 20
-10.55956
 10
181.66456
 20
-10.08044
 10
181.135439
 20
-10.08044
 10
181.135439
 20
-10.55956
 10
181.66456
 20
-10.55956
  0
LWPOLYLINE
  5
180
330
17
100
AcDbEntity
  8
VISTA
100
AcDbPolyline
 90
44
 70
1
 10
181.195013
 20
-9.282079
 10
181.189438
 20
-9.3049
 10
181.186108
 20
-9.334738
 10
181.186108
 20
-9.465262
 10
181.189438
 20
-9.495099
 10
181.195013
 20
-9.517921
 10
181.202875
 20
-9.536604
 10
181.21309300000001
 20
-9.552221
 10
181.225784
 20
-9.56529
 10
181.24114
 20
-9.576091
 10
181.259491
 20
-9.584787
 10
181.281443
 20
-9.591477
 10
181.308258
 20
-9.596223
 10
181.343317
 20
-9.599057
 10
181.496683
 20
-9.599057
 10
181.531742
 20
-9.596223
 10
181.558558
 20
-9.591477
 10
181.580509
 20
-9.584787
 10
181.59886
 20
-9.576091
 10
181.614216
 20
-9.56529
 10
181.626907
 20
-9.552221
 10
181.637125
 20
-9.536604
 10
181.64498700000001
 20
-9.517921
 10
181.650562
 20
-9.495099
 10
181.653893
 20
-9.465262
 10
181.653893
 20
-9.334738
 10
181.650562
 20
-9.3049
 10
181.64498700000001
 20
-9.282079
 10
181.637125
 20
-9.263396
 10
181.626907
 20
-9.247779
 10
181.614216
 20
-9.23471
 10
181.59886
 20
-9.223909
 10
181.580509
 20
-9.215213
 10
181.558558
 20
-9.208522
 10
181.496683
 20
-9.200943
 10
181.343317
 20
-9.200943
 10
181.308258
 20
-9.203777
 10
181.281443
 20
-9.208522
 10
181.259491
 20
-9.215213
 10
181.24114
 20
-9.223909
 10
181.225784
 20
-9.23471
 10
181.21309300000001
 20
-9.247779
 10
181.202875
 20
-9.263396
 10
181.195013
 20
-9.282079
  0
LWPOLYLINE
  5
181
330
17
100
AcDbEntity
  8
VISTA
100
AcDbPolyline
 90
4
 70
1
 10
181.47917088527927
 20
-9.24640350497776
 10
181.4791708852682
 20
-9.246403505006555
 10
181.4791708852747
 20
-9.246403504989662
 10
181.47917088527927
 20
-9.24640350497776
  0
LWPOLYLINE
  5
182
330
17
100
AcDbEntity
  8
VISTA
100
AcDbPolyline
 90
4
 70
1
 10
181.26588873664554
 20
-9.33643315781366
 10
181.26588873660447
 20
-9.336433157796717
 10
181.26588873664687
 20
-9.336433157814211
 10
181.26588873664554
 20
-9.33643315781366
  0
LWPOLYLINE
  5
183
330
17
100
AcDbEntity
  8
VISTA
100
AcDbPolyline
 90
6
 70
1
 10
177.766172
 20
-6.723828
 10
177.768999
 20
-6.725
 10
178.233828
 20
-6.723828
 10
178.233828
 20
-6.236172
 10
177.766172
 20
-6.236172
 10
177.766172
 20
-6.723828
  0
LWPOLYLINE
  5
184
330
17
100
AcDbEntity
  8
VISTA
100
AcDbPolyline
 90
4
 70
1
 10
177.766691
 20
-6.72331
 10
177.767206
 20
-6.723528
 10
177.766472
 20
-6.723528
 10
177.766691
 20
-6.72331
  0
LWPOLYLINE
  5
185
330
17
100
AcDbEntity
  8
VISTA
100
AcDbPolyline
 90
4
 70
1
 10
177.766691
 20
-6.236691
 10
177.766472
 20
-6.237206
 10
177.766472
 20
-6.236472
 10
177.766691
 20
-6.236691
  0
LWPOLYLINE
  5
186
330
17
100
AcDbEntity
  8
VISTA
100
AcDbPolyline
 90
4
 70
1
 10
178.233309
 20
-6.236691
 10
178.232794
 20
-6.236472
 10
178.233528
 20
-6.236472
 10
178.233309
 20
-6.236691
  0
LWPOLYLINE
  5
187
330
17
100
AcDbEntity
  8
VISTA
100
AcDbPolyline
 90
4
 70
1
 10
178.233528
 20
-6.723528
 10
178.232794
 20
-6.723528
 10
178.233309
 20
-6.72331
 10
178.233528
 20
-6.723528
  0
LWPOLYLINE
  5
188
330
17
100
AcDbEntity
  8
VISTA
100
AcDbPolyline
 90
7
 70
1
 10
174.1955
 20
-8.45
 10
174.200001
 20
-8.4455
 10
174.200001
 20
-6.6545
 10
174.1955
 20
-6.65
 10
174.1
 20
-6.65
 10
174.1
 20
-8.45
 10
174.1955
 20
-8.45
  0
LWPOLYLINE
  5
189
330
17
100
AcDbEntity
  8
VISTA
100
AcDbPolyline
 90
8
 70
1
 10
178.145498
 20
-8.3255
 10
178.147499
 20
-8.327499
 10
178.175499
 20
-8.327499
 10
178.1775
 20
-8.3255
 10
178.1775
 20
-8.1895
 10
178.175499
 20
-8.1875
 10
178.146498
 20
-8.188088
 10
178.145498
 20
-8.3255
  0
LWPOLYLINE
  5
18A
330
17
100
AcDbEntity
  8
VISTA
100
AcDbPolyline
 90
8
 70
1
 10
176.817501
 20
-8.047501
 10
176.8195
 20
-8.0495
 10
176.955502
 20
-8.0495
 10
176.9575
 20
-8.047501
 10
176.9575
 20
-8.019501
 10
176.955502
 20
-8.017501
 10
176.818499
 20
-8.018089
 10
176.817501
 20
-8.047501
  0
LWPOLYLINE
  5
18B
330
17
100
AcDbEntity
  8
VISTA
100
AcDbPolyline
 90
8
 70
1
 10
178.6175
 20
-7.927498
 10
178.619499
 20
-7.929498
 10
178.755501
 20
-7.929498
 10
178.7575
 20
-7.927498
 10
178.7575
 20
-7.899498
 10
178.755501
 20
-7.897498
 10
178.618498
 20
-7.898087
 10
178.6175
 20
-7.927498
  0
LWPOLYLINE
  5
18C
330
17
100
AcDbEntity
  8
VISTA
100
AcDbPolyline
 90
19
 70
1
 10
178.307949
 20
-6.423217
 10
178.311934
 20
-6.452931
 10
178.319277
 20
-6.483024
 10
178.326237
 20
-6.571211
 10
178.325819
 20
-6.620653
 10
178.328749
 20
-6.640563
 10
178.340441
 20
-6.674912
 10
178.343355
 20
-6.676822
 10
178.330496
 20
-6.640139
 10
178.327618
 20
-6.620585
 10
178.328032
 20
-6.571075
 10
178.321053
 20
-6.482728
 10
178.313702
 20
-6.452596
 10
178.309746
 20
-6.423178
 10
178.314629
 20
-6.368477
 10
178.317036
 20
-6.297313
 10
178.319546
 20
-6.28755
 10
178.315964
 20
-6.289845
 10
178.307949
 20
-6.423217
  0
LWPOLYLINE
  5
18D
330
17
100
AcDbEntity
  8
VISTA
100
AcDbPolyline
 90
22
 70
1
 10
178.328768
 20
-6.344355
 10
178.34033399999998
 20
-6.393002
 10
178.345844
 20
-6.450763
 10
178.347214
 20
-6.481129
 10
178.341885
 20
-6.541913
 10
178.349436
 20
-6.595919
 10
178.35027300000002
 20
-6.639045
 10
178.34992
 20
-6.654956
 10
178.343355
 20
-6.676822
 10
178.351704
 20
-6.655189
 10
178.352072
 20
-6.63902
 10
178.351233
 20
-6.595808
 10
178.343683
 20
-6.541815
 10
178.34901
 20
-6.481205
 10
178.34763900000002
 20
-6.450614
 10
178.342119
 20
-6.392787
 10
178.330521
 20
-6.343951
 10
178.325811
 20
-6.296567
 10
178.322899
 20
-6.289366
 10
178.319546
 20
-6.28755
 10
178.324064
 20
-6.296996
 10
178.328768
 20
-6.344355
  0
LWPOLYLINE
  5
18E
330
17
100
AcDbEntity
  8
VISTA
100
AcDbPolyline
 90
21
 70
1
 10
178.969564
 20
-6.394475
 10
178.970745
 20
-6.42274
 10
178.968405
 20
-6.453141
 10
178.971277
 20
-6.483694
 10
179.003355
 20
-6.618383
 10
179.006289
 20
-6.654292
 10
179.014626
 20
-6.672473
 10
179.018335
 20
-6.674871
 10
179.020681
 20
-6.671402
 10
179.022755
 20
-6.635894
 10
179.020702
 20
-6.56615
 10
179.015659
 20
-6.53817
 10
179.006056
 20
-6.509478
 10
179.000788
 20
-6.479546
 10
178.99984
 20
-6.448901
 10
178.986334
 20
-6.342165
 10
178.966885
 20
-6.289489
 10
178.963806
 20
-6.286884
 10
178.958223
 20
-6.297965
 10
178.958097
 20
-6.310015
 10
178.969564
 20
-6.394475
  0
LWPOLYLINE
  5
18F
330
17
100
AcDbEntity
  8
VISTA
100
AcDbPolyline
 90
18
 70
1
 10
178.973051
 20
-6.483377
 10
178.970205
 20
-6.453125
 10
178.972544
 20
-6.422775
 10
178.971355
 20
-6.394279
 10
178.959888
 20
-6.309851
 10
178.960005
 20
-6.298216
 10
178.96403447495214
 20
-6.288882678240071
 10
178.984612
 20
-6.342682
 10
178.998045
 20
-6.449034
 10
178.998995
 20
-6.479731
 10
179.004311
 20
-6.50992
 10
179.013916
 20
-6.538621
 10
179.018911
 20
-6.566325
 10
179.020958
 20
-6.635827
 10
179.01799841830183
 20
-6.672926768396902
 10
179.00803200000001
 20
-6.653849
 10
179.00514
 20
-6.618151
 10
178.973051
 20
-6.483377
  0
LWPOLYLINE
  5
190
330
17
100
AcDbEntity
  8
VISTA
100
AcDbPolyline
 90
4
 70
1
 10
179.01895429508392
 20
-6.6713207323536885
 10
179.018894
 20
-6.671267
 10
179.01895429508392
 20
-6.671320732353688
 10
179.01895429508392
 20
-6.6713207323536885
  0
LWPOLYLINE
  5
191
330
17
100
AcDbEntity
  8
VISTA
100
AcDbPolyline
 90
4
 70
1
 10
179.01836634376764
 20
-6.673514511095787
 10
179.01846942120022
 20
-6.6732654271382135
 10
179.01836634376764
 20
-6.673514511095788
 10
179.01836634376764
 20
-6.673514511095787
  0
LWPOLYLINE
  5
192
330
17
100
AcDbEntity
  8
VISTA
100
AcDbPolyline
 90
4
 70
1
 10
179.0176953681209
 20
-6.673540649377125
 10
179.0176953681209
 20
-6.6735406493771245
 10
179.0178126822219
 20
-6.67365804682738
 10
179.0176953681209
 20
-6.673540649377125
  0
LWPOLYLINE
  5
193
330
17
100
AcDbEntity
  8
VISTA
100
AcDbPolyline
 90
4
 70
1
 10
179.01802005616773
 20
-6.67319949447087
 10
179.0179889812383
 20
-6.673171225715659
 10
179.01806048155186
 20
-6.6731101044798615
 10
179.01802005616773
 20
-6.67319949447087
  0
LWPOLYLINE
  5
194
330
17
100
AcDbEntity
  8
VISTA
100
AcDbPolyline
 90
19
 70
1
 10
178.643679
 20
-6.63436
 10
178.643562
 20
-6.662051
 10
178.647915
 20
-6.672629
 10
178.651861
 20
-6.669984
 10
178.655033
 20
-6.662668
 10
178.665051
 20
-6.566127
 10
178.677303
 20
-6.508543
 10
178.672915
 20
-6.447161
 10
178.672516
 20
-6.362967
 10
178.67842100000001
 20
-6.320055
 10
178.673382
 20
-6.29182
 10
178.668419
 20
-6.281366
 10
178.655054
 20
-6.31875
 10
178.649803
 20
-6.361733
 10
178.647619
 20
-6.387849
 10
178.651083
 20
-6.446056
 10
178.64031
 20
-6.506566
 10
178.636097
 20
-6.590703
 10
178.643679
 20
-6.63436
  0
LWPOLYLINE
  5
195
330
17
100
AcDbEntity
  8
VISTA
100
AcDbPolyline
 90
18
 70
1
 10
178.653267
 20
-6.662328
 10
178.64808998744823
 20
-6.670769279444375
 10
178.645357
 20
-6.661929
 10
178.64547
 20
-6.63416
 10
178.637897
 20
-6.590625
 10
178.642099
 20
-6.506745
 10
178.652878
 20
-6.446198
 10
178.649418
 20
-6.387836
 10
178.651592
 20
-6.361928
 10
178.656826
 20
-6.319062
 10
178.6684205622575
 20
-6.283477256763947
 10
178.674635
 20
-6.30408
 10
178.67662
 20
-6.320018
 10
178.670717
 20
-6.362887
 10
178.671114
 20
-6.447194
 10
178.675505
 20
-6.508457
 10
178.66328
 20
-6.565797
 10
178.653267
 20
-6.662328
  0
LWPOLYLINE
  5
196
330
17
100
AcDbEntity
  8
VISTA
100
AcDbPolyline
 90
4
 70
1
 10
178.66757428014571
 20
-6.284771980025039
 10
178.667744
 20
-6.284897
 10
178.66757428014571
 20
-6.28477198002504
 10
178.66757428014571
 20
-6.284771980025039
  0
LWPOLYLINE
  5
197
330
17
100
AcDbEntity
  8
VISTA
100
AcDbPolyline
 90
4
 70
1
 10
178.64931744986188
 20
-6.378306740549857
 10
178.6493174498625
 20
-6.378306740542288
 10
178.64931744986404
 20
-6.378306740524226
 10
178.64931744986188
 20
-6.378306740549857
  0
LWPOLYLINE
  5
198
330
17
100
AcDbEntity
  8
VISTA
100
AcDbPolyline
 90
4
 70
1
 10
178.648008
 20
-6.670832
 10
178.64821463521
 20
-6.671003788443818
 10
178.64809126862372
 20
-6.671119021437435
 10
178.648008
 20
-6.670832
  0
LWPOLYLINE
  5
199
330
17
100
AcDbEntity
  8
VISTA
100
AcDbPolyline
 90
18
 70
1
 10
178.425558
 20
-6.59632
 10
178.419579
 20
-6.639078
 10
178.420111
 20
-6.655326
 10
178.424883
 20
-6.674757
 10
178.427904
 20
-6.677913
 10
178.441452
 20
-6.640761
 10
178.451868
 20
-6.571933
 10
178.448387
 20
-6.513514
 10
178.458645
 20
-6.453162
 10
178.465944
 20
-6.369254
 10
178.459791
 20
-6.32543
 10
178.459112
 20
-6.2977
 10
178.455235
 20
-6.287067
 10
178.45141999999998
 20
-6.289656
 10
178.447542
 20
-6.296821
 10
178.437544
 20
-6.393377
 10
178.423262
 20
-6.450578
 10
178.425558
 20
-6.59632
  0
LWPOLYLINE
  5
19A
330
17
100
AcDbEntity
  8
VISTA
100
AcDbPolyline
 90
14
 70
1
 10
178.42794876113703
 20
-6.6758311710272
 10
178.4219
 20
-6.655119
 10
178.421371
 20
-6.639239
 10
178.427359
 20
-6.596343
 10
178.425047
 20
-6.450807
 10
178.43932
 20
-6.393675
 10
178.44928
 20
-6.297298
 10
178.45501862132053
 20
-6.28900066354374
 10
178.464148
 20
-6.369213
 10
178.456861
 20
-6.452922
 10
178.446587
 20
-6.513452
 10
178.45006899999998
 20
-6.571849
 10
178.439699
 20
-6.640367
 10
178.42794876113703
 20
-6.6758311710272
  0
LWPOLYLINE
  5
19B
330
17
100
AcDbEntity
  8
VISTA
100
AcDbPolyline
 90
4
 70
1
 10
178.45616125089003
 20
-6.290646391207307
 10
178.456093
 20
-6.290722
 10
178.45616125089003
 20
-6.290646391207306
 10
178.45616125089003
 20
-6.290646391207307
  0
LWPOLYLINE
  5
19C
330
17
100
AcDbEntity
  8
VISTA
100
AcDbPolyline
 90
4
 70
1
 10
178.45495339370086
 20
-6.288745401453721
 10
178.45500795199547
 20
-6.288694692539308
 10
178.45508941140838
 20
-6.288846891589325
 10
178.45495339370086
 20
-6.288745401453721
  0
LWPOLYLINE
  5
19D
330
17
100
AcDbEntity
  8
VISTA
100
AcDbPolyline
 90
4
 70
1
 10
178.45444064510855
 20
-6.287803800457406
 10
178.45390244684194
 20
-6.288303003940998
 10
178.45390244684194
 20
-6.2883030039409995
 10
178.45444064510855
 20
-6.287803800457406
  0
LWPOLYLINE
  5
19E
330
17
100
AcDbEntity
  8
VISTA
100
AcDbPolyline
 90
18
 70
1
 10
178.759981
 20
-6.480266
 10
178.755917
 20
-6.618265
 10
178.768847
 20
-6.673088
 10
178.77154000000002
 20
-6.67606
 10
178.778214
 20
-6.665842
 10
178.780857
 20
-6.653907
 10
178.780531
 20
-6.540443
 10
178.78978
 20
-6.480006
 10
178.783337
 20
-6.391427
 10
178.775105
 20
-6.342187
 10
178.776815
 20
-6.306299
 10
178.7715
 20
-6.287118
 10
178.76812
 20
-6.284275
 10
178.764997
 20
-6.287391
 10
178.759594
 20
-6.322331
 10
178.751675
 20
-6.391715
 10
178.751059
 20
-6.420138
 10
178.759981
 20
-6.480266
  0
LWPOLYLINE
  5
19F
330
17
100
AcDbEntity
  8
VISTA
100
AcDbPolyline
 90
15
 70
1
 10
178.757708
 20
-6.618079
 10
178.761782
 20
-6.480224
 10
178.75285300000002
 20
-6.419987
 10
178.753468
 20
-6.391858
 10
178.758892
 20
-6.342465
 10
178.76816761848627
 20
-6.28613862207068
 10
178.775021
 20
-6.306423
 10
178.773308
 20
-6.342289
 10
178.78154899999998
 20
-6.391624
 10
178.787979
 20
-6.479995
 10
178.778744
 20
-6.540241
 10
178.779062
 20
-6.653757
 10
178.776505
 20
-6.665288
 10
178.7715331810623
 20
-6.674052112613736
 10
178.757708
 20
-6.618079
  0
LWPOLYLINE
  5
1A0
330
17
100
AcDbEntity
  8
VISTA
100
AcDbPolyline
 90
4
 70
1
 10
178.7685048069511
 20
-6.284752071474925
 10
178.7685048069511
 20
-6.284752071474922
 10
178.76913037547214
 20
-6.285527631521631
 10
178.7685048069511
 20
-6.284752071474925
  0
LWPOLYLINE
  5
1A1
330
17
100
AcDbEntity
  8
VISTA
100
AcDbPolyline
 90
4
 70
1
 10
178.768137
 20
-6.286075
 10
178.76802276409396
 20
-6.285985731821933
 10
178.76815719481527
 20
-6.2857956621207105
 10
178.768137
 20
-6.286075
  0
LWPOLYLINE
  5
1A2
330
17
100
AcDbEntity
  8
VISTA
100
AcDbPolyline
 90
4
 70
1
 10
178.76842492183226
 20
-6.285417126666661
 10
178.76842492183226
 20
-6.28541712666666
 10
178.76852065845745
 20
-6.285549650788967
 10
178.76842492183226
 20
-6.285417126666661
  0
LWPOLYLINE
  5
1A3
330
17
100
AcDbEntity
  8
VISTA
100
AcDbPolyline
 90
4
 70
1
 10
178.78032925042677
 20
-6.637852204213232
 10
178.78032925042677
 20
-6.6378522042130665
 10
178.78032925042677
 20
-6.637852204213141
 10
178.78032925042677
 20
-6.637852204213232
  0
LWPOLYLINE
  5
1A4
330
17
100
AcDbEntity
  8
VISTA
100
AcDbPolyline
 90
5
 70
1
 10
177.748001
 20
-6.6999
 10
177.7579
 20
-6.7
 10
177.757999
 20
-6.2501
 10
177.7481
 20
-6.2501
 10
177.748001
 20
-6.6999
  0
LWPOLYLINE
  5
1A5
330
17
100
AcDbEntity
  8
VISTA
100
AcDbPolyline
 90
5
 70
1
 10
178.242001
 20
-6.6999
 10
178.2519
 20
-6.7
 10
178.251999
 20
-6.2501
 10
178.2421
 20
-6.2501
 10
178.242001
 20
-6.6999
  0
LWPOLYLINE
  5
1A6
330
17
100
AcDbEntity
  8
VISTA
100
AcDbPolyline
 90
19
 70
1
 10
178.528425
 20
-6.365409
 10
178.535616
 20
-6.419299
 10
178.530226
 20
-6.480171
 10
178.540924
 20
-6.568264
 10
178.55345499999999
 20
-6.616812
 10
178.555193
 20
-6.652569
 10
178.557922
 20
-6.664275
 10
178.561115
 20
-6.671412
 10
178.564648
 20
-6.674026
 10
178.567869
 20
-6.670722
 10
178.573416
 20
-6.537255
 10
178.559931
 20
-6.477833
 10
178.55369
 20
-6.38959
 10
178.553335
 20
-6.340068
 10
178.536837
 20
-6.286199
 10
178.533907
 20
-6.283433
 10
178.528511
 20
-6.294028
 10
178.525879
 20
-6.306159
 10
178.528425
 20
-6.365409
  0
LWPOLYLINE
  5
1A7
330
17
100
AcDbEntity
  8
VISTA
100
AcDbPolyline
 90
4
 70
1
 10
178.550640962465
 20
-6.601433389183356
 10
178.5506409624671
 20
-6.601433389190685
 10
178.55064096246616
 20
-6.601433389187452
 10
178.550640962465
 20
-6.601433389183356
  0
LWPOLYLINE
  5
1A8
330
17
100
AcDbEntity
  8
VISTA
100
AcDbPolyline
 90
16
 70
1
 10
178.532026
 20
-6.480145
 10
178.537416
 20
-6.41928
 10
178.53021999999999
 20
-6.365245
 10
178.52767599999999
 20
-6.306274
 10
178.53408250943787
 20
-6.285320082127197
 10
178.551546
 20
-6.340268
 10
178.551893
 20
-6.389712
 10
178.55814900000001
 20
-6.478089
 10
178.571625
 20
-6.537435
 10
178.569147
 20
-6.615383
 10
178.564507
 20
-6.672232
 10
178.559641
 20
-6.663746
 10
178.556984
 20
-6.652385
 10
178.555223
 20
-6.616475
 10
178.5427
 20
-6.567974
 10
178.532026
 20
-6.480145
  0
LWPOLYLINE
  5
1A9
330
17
100
AcDbEntity
  8
VISTA
100
AcDbPolyline
 90
4
 70
1
 10
178.56455810933846
 20
-6.67276242703947
 10
178.56434123502788
 20
-6.6725020993957465
 10
178.564507
 20
-6.672232
 10
178.56455810933846
 20
-6.67276242703947
  0
LWPOLYLINE
  5
1AA
330
17
100
AcDbEntity
  8
VISTA
100
AcDbPolyline
 90
4
 70
1
 10
178.52933685982103
 20
-6.36538980251385
 10
178.52933685982103
 20
-6.3653898025138504
 10
178.52933685982103
 20
-6.3653898025138504
 10
178.52933685982103
 20
-6.36538980251385
  0
LWPOLYLINE
  5
1AB
330
17
100
AcDbEntity
  8
VISTA
100
AcDbPolyline
 90
4
 70
1
 10
178.53373858160793
 20
-6.284851752143725
 10
178.53373858160793
 20
-6.284851752143724
 10
178.5338066807879
 20
-6.284672396278774
 10
178.53373858160793
 20
-6.284851752143725
  0
LWPOLYLINE
  5
1AC
330
17
100
AcDbEntity
  8
VISTA
100
AcDbPolyline
 90
4
 70
1
 10
178.53429467549287
 20
-6.284835853650445
 10
178.53429467549287
 20
-6.284835853650447
 10
178.5342011486005
 20
-6.28466818830572
 10
178.53429467549287
 20
-6.284835853650445
  0
LWPOLYLINE
  5
1AD
330
17
100
AcDbEntity
  8
VISTA
100
AcDbPolyline
 90
4
 70
1
 10
178.53438807203267
 20
-6.285003285312484
 10
178.53438807203267
 20
-6.285003285312486
 10
178.53438807203267
 20
-6.2850032853124835
 10
178.53438807203267
 20
-6.285003285312484
  0
LWPOLYLINE
  5
1AE
330
17
100
AcDbEntity
  8
VISTA
100
AcDbPolyline
 90
4
 70
1
 10
178.53526236772382
 20
-6.285497683222831
 10
178.53526236772382
 20
-6.285497683222829
 10
178.53526236772382
 20
-6.28549768322283
 10
178.53526236772382
 20
-6.285497683222831
  0
LWPOLYLINE
  5
1AF
330
17
100
AcDbEntity
  8
VISTA
100
AcDbPolyline
 90
4
 70
1
 10
178.53400179065434
 20
-6.285186483109969
 10
178.53404785742214
 20
-6.285066717799077
 10
178.53410465727225
 20
-6.285159585017822
 10
178.53400179065434
 20
-6.285186483109969
  0
LWPOLYLINE
  5
1B0
330
17
100
AcDbEntity
  8
VISTA
100
AcDbPolyline
 90
4
 70
1
 10
178.53199758952195
 20
-6.462583958548594
 10
178.5319975895216
 20
-6.462583958552803
 10
178.53199758952186
 20
-6.462583958549576
 10
178.53199758952195
 20
-6.462583958548594
  0
LWPOLYLINE
  5
1B1
330
17
100
AcDbEntity
  8
VISTA
100
AcDbPolyline
 90
4
 70
1
 10
178.5664590346683
 20
-6.670637257391525
 10
178.566395
 20
-6.670614
 10
178.5664590346683
 20
-6.670637257391524
 10
178.5664590346683
 20
-6.670637257391525
  0
LWPOLYLINE
  5
1B2
330
17
100
AcDbEntity
  8
VISTA
100
AcDbPolyline
 90
4
 70
1
 10
178.56211512084585
 20
-6.671127635224826
 10
178.561882
 20
-6.67102
 10
178.5619691785745
 20
-6.6709606339931184
 10
178.56211512084585
 20
-6.671127635224826
  0
LWPOLYLINE
  5
1B3
330
17
100
AcDbEntity
  8
VISTA
100
AcDbPolyline
 90
5
 70
1
 10
177.754
 20
-6.6999
 10
177.762899
 20
-6.7
 10
177.762999
 20
-6.2501
 10
177.754099
 20
-6.2501
 10
177.754
 20
-6.6999
  0
LWPOLYLINE
  5
1B4
330
17
100
AcDbEntity
  8
VISTA
100
AcDbPolyline
 90
5
 70
1
 10
178.237001
 20
-6.6999
 10
178.245901
 20
-6.7
 10
178.246
 20
-6.2501
 10
178.237101
 20
-6.2501
 10
178.237001
 20
-6.6999
  0
LWPOLYLINE
  5
1B5
330
17
100
AcDbEntity
  8
VISTA
100
AcDbPolyline
 90
5
 70
1
 10
177.757999
 20
-6.6999
 10
177.7619
 20
-6.7
 10
177.762001
 20
-6.2501
 10
177.758101
 20
-6.2501
 10
177.757999
 20
-6.6999
  0
LWPOLYLINE
  5
1B6
330
17
100
AcDbEntity
  8
VISTA
100
AcDbPolyline
 90
5
 70
1
 10
178.237999
 20
-6.6999
 10
178.241899
 20
-6.7
 10
178.242001
 20
-6.2501
 10
178.2381
 20
-6.2501
 10
178.237999
 20
-6.6999
  0
LWPOLYLINE
  5
1B7
330
17
100
AcDbEntity
  8
VISTA
100
AcDbPolyline
 90
7
 70
1
 10
179.74
 20
-6.743
 10
179.751259
 20
-6.7365
 10
179.751259
 20
-6.7235
 10
179.74
 20
-6.717
 10
179.549999
 20
-6.717
 10
179.549999
 20
-6.743
 10
179.74
 20
-6.743
  0
LWPOLYLINE
  5
1B8
330
17
100
AcDbEntity
  8
VISTA
100
AcDbPolyline
 90
21
 70
1
 10
178.859886
 20
-6.395946
 10
178.857124
 20
-6.424692
 10
178.85907600000002
 20
-6.454569
 10
178.87336
 20
-6.514396
 10
178.884943
 20
-6.597683
 10
178.886238
 20
-6.64104
 10
178.899426
 20
-6.674927
 10
178.902695
 20
-6.677578
 10
178.904528
 20
-6.674385
 10
178.909187
 20
-6.654838
 10
178.910149
 20
-6.638525
 10
178.904987
 20
-6.569302
 10
178.897995
 20
-6.541618
 10
178.894745
 20
-6.512186
 10
178.896273
 20
-6.450622
 10
178.885281
 20
-6.367056
 10
178.871387
 20
-6.325169
 10
178.868034
 20
-6.297642
 10
178.86174
 20
-6.287925
 10
178.858202
 20
-6.291192
 10
178.859886
 20
-6.395946
  0
LWPOLYLINE
  5
1B9
330
17
100
AcDbEntity
  8
VISTA
100
AcDbPolyline
 90
19
 70
1
 10
178.875137
 20
-6.514128
 10
178.860851
 20
-6.454267
 10
178.858927
 20
-6.424716
 10
178.861549
 20
-6.369742
 10
178.858694
 20
-6.298825
 10
178.86191448662197
 20
-6.289722976830233
 10
178.866287
 20
-6.298071
 10
178.869627
 20
-6.325541
 10
178.883535
 20
-6.367487
 10
178.894478
 20
-6.45077
 10
178.892946
 20
-6.512218
 10
178.896221
 20
-6.541935
 10
178.903219
 20
-6.569633
 10
178.908348
 20
-6.638551
 10
178.907406
 20
-6.65459
 10
178.90239776433074
 20
-6.675559417060507
 10
178.888004
 20
-6.640686
 10
178.88674
 20
-6.597557
 10
178.875137
 20
-6.514128
  0
LWPOLYLINE
  5
1BA
330
17
100
AcDbEntity
  8
VISTA
100
AcDbPolyline
 90
4
 70
1
 10
178.86204938484093
 20
-6.289553300235617
 10
178.861929
 20
-6.289714
 10
178.8616594345151
 20
-6.289479249245637
 10
178.86204938484093
 20
-6.289553300235617
  0
LWPOLYLINE
  5
1BB
330
17
100
AcDbEntity
  8
VISTA
100
AcDbPolyline
 90
4
 70
1
 10
178.88628216298872
 20
-6.62217737962822
 10
178.88628216298872
 20
-6.622177379627898
 10
178.886282162989
 20
-6.622177379631619
 10
178.88628216298872
 20
-6.62217737962822
  0
LWPOLYLINE
  5
1BC
330
17
100
AcDbEntity
  8
VISTA
100
AcDbPolyline
 90
4
 70
1
 10
178.904274
 20
-6.674335
 10
178.90423742764628
 20
-6.674378923449129
 10
178.90423742764628
 20
-6.674378923449127
 10
178.904274
 20
-6.674335
  0
LWPOLYLINE
  5
1BD
330
17
100
AcDbEntity
  8
VISTA
100
AcDbPolyline
 90
4
 70
1
 10
177.764999
 20
-6.6799
 10
177.764999
 20
-6.2701
 10
177.764
 20
-6.2701
 10
177.764999
 20
-6.6799
  0
LWPOLYLINE
  5
1BE
330
17
100
AcDbEntity
  8
VISTA
100
AcDbPolyline
 90
4
 70
1
 10
178.236
 20
-6.6799
 10
178.236
 20
-6.2701
 10
178.235001
 20
-6.2701
 10
178.236
 20
-6.6799
  0
LWPOLYLINE
  5
1BF
330
17
100
AcDbEntity
  8
VISTA
100
AcDbPolyline
 90
5
 70
1
 10
177.762001
 20
-6.6999
 10
177.763901
 20
-6.699971
 10
177.764
 20
-6.2501
 10
177.7621
 20
-6.2501
 10
177.762001
 20
-6.6999
  0
LWPOLYLINE
  5
1C0
330
17
100
AcDbEntity
  8
VISTA
100
AcDbPolyline
 90
5
 70
1
 10
177.757999
 20
-6.6999
 10
177.7619
 20
-6.7
 10
177.762001
 20
-6.2501
 10
177.758101
 20
-6.2501
 10
177.757999
 20
-6.6999
  0
LWPOLYLINE
  5
1C1
330
17
100
AcDbEntity
  8
VISTA
100
AcDbPolyline
 90
5
 70
1
 10
178.236
 20
-6.6999
 10
178.2379
 20
-6.699971
 10
178.237999
 20
-6.2501
 10
178.236099
 20
-6.2501
 10
178.236
 20
-6.6999
  0
LWPOLYLINE
  5
1C2
330
17
100
AcDbEntity
  8
VISTA
100
AcDbPolyline
 90
5
 70
1
 10
178.237999
 20
-6.6999
 10
178.241899
 20
-6.7
 10
178.242001
 20
-6.2501
 10
178.2381
 20
-6.2501
 10
178.237999
 20
-6.6999
  0
LWPOLYLINE
  5
1C3
330
17
100
AcDbEntity
  8
VISTA
100
AcDbPolyline
 90
5
 70
1
 10
177.754
 20
-6.6999
 10
177.762899
 20
-6.7
 10
177.762999
 20
-6.2501
 10
177.754099
 20
-6.2501
 10
177.754
 20
-6.6999
  0
LWPOLYLINE
  5
1C4
330
17
100
AcDbEntity
  8
VISTA
100
AcDbPolyline
 90
5
 70
1
 10
178.237001
 20
-6.6999
 10
178.245901
 20
-6.7
 10
178.246
 20
-6.2501
 10
178.237101
 20
-6.2501
 10
178.237001
 20
-6.6999
  0
LWPOLYLINE
  5
1C5
330
17
100
AcDbEntity
  8
VISTA
100
AcDbPolyline
 90
5
 70
1
 10
177.752001
 20
-6.6999
 10
177.75390099999998
 20
-6.699971
 10
177.754
 20
-6.2501
 10
177.75209999999998
 20
-6.2501
 10
177.752001
 20
-6.6999
  0
LWPOLYLINE
  5
1C6
330
17
100
AcDbEntity
  8
VISTA
100
AcDbPolyline
 90
5
 70
1
 10
178.246
 20
-6.6999
 10
178.24790000000002
 20
-6.699971
 10
178.247999
 20
-6.2501
 10
178.24609900000002
 20
-6.2501
 10
178.246
 20
-6.6999
  0
LWPOLYLINE
  5
1C7
330
17
100
AcDbEntity
  8
VISTA
100
AcDbPolyline
 90
5
 70
1
 10
177.746
 20
-6.6999
 10
177.74790000000002
 20
-6.699971
 10
177.747999
 20
-6.2501
 10
177.74609900000002
 20
-6.2501
 10
177.746
 20
-6.6999
  0
LWPOLYLINE
  5
1C8
330
17
100
AcDbEntity
  8
VISTA
100
AcDbPolyline
 90
5
 70
1
 10
177.748001
 20
-6.6999
 10
177.7579
 20
-6.7
 10
177.757999
 20
-6.2501
 10
177.7481
 20
-6.2501
 10
177.748001
 20
-6.6999
  0
LWPOLYLINE
  5
1C9
330
17
100
AcDbEntity
  8
VISTA
100
AcDbPolyline
 90
5
 70
1
 10
178.252001
 20
-6.6999
 10
178.25390099999998
 20
-6.699971
 10
178.254
 20
-6.2501
 10
178.25209999999998
 20
-6.2501
 10
178.252001
 20
-6.6999
  0
LWPOLYLINE
  5
1CA
330
17
100
AcDbEntity
  8
VISTA
100
AcDbPolyline
 90
5
 70
1
 10
178.242001
 20
-6.6999
 10
178.2519
 20
-6.7
 10
178.251999
 20
-6.2501
 10
178.2421
 20
-6.2501
 10
178.242001
 20
-6.6999
  0
LWPOLYLINE
  5
1CB
330
17
100
AcDbEntity
  8
VISTA
100
AcDbPolyline
 90
5
 70
1
 10
177.743
 20
-6.6799
 10
177.745899
 20
-6.679971
 10
177.745998
 20
-6.2701
 10
177.743099
 20
-6.2701
 10
177.743
 20
-6.6799
  0
LWPOLYLINE
  5
1CC
330
17
100
AcDbEntity
  8
VISTA
100
AcDbPolyline
 90
5
 70
1
 10
178.254
 20
-6.6799
 10
178.266899
 20
-6.68
 10
178.267
 20
-6.2701
 10
178.254101
 20
-6.2701
 10
178.254
 20
-6.6799
  0
LWPOLYLINE
  5
1CD
330
17
100
AcDbEntity
  8
VISTA
100
AcDbPolyline
 90
8
 70
1
 10
180.5783
 20
-6.194999
 10
180.579998
 20
-6.1933
 10
180.579998
 20
-6.1667
 10
180.5783
 20
-6.165
 10
180.0217
 20
-6.165
 10
180.01999899999998
 20
-6.1667
 10
180.020313
 20
-6.194284
 10
180.5783
 20
-6.194999
  0
LWPOLYLINE
  5
1CE
330
17
100
AcDbEntity
  8
VISTA
100
AcDbPolyline
 90
9
 70
1
 10
181.66
 20
-9.415
 10
181.672991
 20
-9.4075
 10
181.672991
 20
-9.3925
 10
181.66
 20
-9.385
 10
181.440001
 20
-9.385
 10
181.429607
 20
-9.3925
 10
181.429607
 20
-9.4075
 10
181.440001
 20
-9.415
 10
181.66
 20
-9.415
  0
LWPOLYLINE
  5
1CF
330
17
100
AcDbEntity
  8
VISTA
100
AcDbPolyline
 90
12
 70
1
 10
179.55117
 20
-8.008828
 10
179.553999
 20
-8.01
 10
179.586
 20
-8.01
 10
179.588829
 20
-8.008828
 10
179.59
 20
-8.006001
 10
179.59
 20
-7.294
 10
179.588829
 20
-7.291172
 10
179.586
 20
-7.29
 10
179.553999
 20
-7.29
 10
179.55117
 20
-7.291172
 10
179.549999
 20
-7.294
 10
179.55117
 20
-8.008828
  0
LWPOLYLINE
  5
1D0
330
17
100
AcDbEntity
  8
VISTA
100
AcDbPolyline
 90
4
 70
1
 10
179.551691
 20
-8.008309
 10
179.552204
 20
-8.008528
 10
179.551472
 20
-8.008528
 10
179.551691
 20
-8.008309
  0
LWPOLYLINE
  5
1D1
330
17
100
AcDbEntity
  8
VISTA
100
AcDbPolyline
 90
4
 70
1
 10
179.551691
 20
-7.291691
 10
179.551472
 20
-7.292205
 10
179.551472
 20
-7.291472
 10
179.551691
 20
-7.291691
  0
LWPOLYLINE
  5
1D2
330
17
100
AcDbEntity
  8
VISTA
100
AcDbPolyline
 90
4
 70
1
 10
179.588308
 20
-7.291691
 10
179.587795
 20
-7.291472
 10
179.588528
 20
-7.291472
 10
179.588308
 20
-7.291691
  0
LWPOLYLINE
  5
1D3
330
17
100
AcDbEntity
  8
VISTA
100
AcDbPolyline
 90
4
 70
1
 10
179.588528
 20
-8.008528
 10
179.587795
 20
-8.008528
 10
179.588308
 20
-8.008309
 10
179.588528
 20
-8.008528
  0
LWPOLYLINE
  5
1D4
330
17
100
AcDbEntity
  8
VISTA
100
AcDbPolyline
 90
6
 70
1
 10
177.766172
 20
-6.723828
 10
177.768999
 20
-6.725
 10
178.233828
 20
-6.723828
 10
178.233828
 20
-6.236172
 10
177.766172
 20
-6.236172
 10
177.766172
 20
-6.723828
  0
LWPOLYLINE
  5
1D5
330
17
100
AcDbEntity
  8
VISTA
100
AcDbPolyline
 90
4
 70
1
 10
177.766691
 20
-6.72331
 10
177.767206
 20
-6.723528
 10
177.766472
 20
-6.723528
 10
177.766691
 20
-6.72331
  0
LWPOLYLINE
  5
1D6
330
17
100
AcDbEntity
  8
VISTA
100
AcDbPolyline
 90
4
 70
1
 10
177.766691
 20
-6.236691
 10
177.766472
 20
-6.237206
 10
177.766472
 20
-6.236472
 10
177.766691
 20
-6.236691
  0
LWPOLYLINE
  5
1D7
330
17
100
AcDbEntity
  8
VISTA
100
AcDbPolyline
 90
4
 70
1
 10
178.233309
 20
-6.236691
 10
178.232794
 20
-6.236472
 10
178.233528
 20
-6.236472
 10
178.233309
 20
-6.236691
  0
LWPOLYLINE
  5
1D8
330
17
100
AcDbEntity
  8
VISTA
100
AcDbPolyline
 90
4
 70
1
 10
178.233528
 20
-6.723528
 10
178.232794
 20
-6.723528
 10
178.233309
 20
-6.72331
 10
178.233528
 20
-6.723528
  0
LWPOLYLINE
  5
1D9
330
17
100
AcDbEntity
  8
VISTA
100
AcDbPolyline
 90
41
 70
1
 10
178.31437865211595
 20
-6.290685479356614
 10
178.31330144898834
 20
-6.29793092446845
 10
178.31394591773045
 20
-6.309434886436409
 10
178.31305658495384
 20
-6.32517857380537
 10
178.3101416477263
 20
-6.344906943178921
 10
178.30927223598997
 20
-6.367879109144291
 10
178.30982044100068
 20
-6.393511381147541
 10
178.30919738368553
 20
-6.42137258347979
 10
178.31140092693101
 20
-6.450560088766558
 10
178.3178102424425
 20
-6.480193210102489
 10
178.32150065516944
 20
-6.509928379322209
 10
178.3209080192893
 20
-6.539205029662652
 10
178.3218152496905
 20
-6.566964765848453
 10
178.3242707905621
 20
-6.592462516233352
 10
178.32524074254144
 20
-6.615286071355716
 10
178.3274806462979
 20
-6.634755679659575
 10
178.33247931725228
 20
-6.650238050164368
 10
178.33633021942646
 20
-6.661537742380728
 10
178.3381546414072
 20
-6.668540212712885
 10
178.3403076828596
 20
-6.671024251851851
 10
178.34227609892898
 20
-6.668321661318766
 10
178.3443684624255
 20
-6.661082480473271
 10
178.34738729302762
 20
-6.649306717134196
 10
178.34806140709847
 20
-6.6334473058983745
 10
178.34586617830578
 20
-6.6140099946444515
 10
178.3448655036173
 20
-6.591212184100774
 10
178.34442430835574
 20
-6.565583595790103
 10
178.3419853377347
 20
-6.537941324530567
 10
178.34158239907092
 20
-6.508745386554261
 10
178.3446562775194
 20
-6.4785507927648585
 10
178.3443658748387
 20
-6.448499341075269
 10
178.33924596373302
 20
-6.4195088016461614
 10
178.33519102830792
 20
-6.3919574718415095
 10
178.33237852072517
 20
-6.366456955060005
 10
178.32790359038552
 20
-6.343834942789136
 10
178.32465439431465
 20
-6.32451953951232
 10
178.3242450336436
 20
-6.308825660959782
 10
178.32291008312257
 20
-6.297303964976208
 10
178.31981740774194
 20
-6.290322882150538
 10
178.31687972706916
 20
-6.287956115580053
 10
178.31437865211595
 20
-6.290685479356614
  0
LWPOLYLINE
  5
1DA
330
17
100
AcDbEntity
  8
VISTA
100
AcDbPolyline
 90
25
 70
1
 10
178.33610024081557
 20
-6.679363809828056
 10
178.33324940200623
 20
-6.681542607551812
 10
178.33112031124125
 20
-6.6848330156168165
 10
178.32972277695916
 20
-6.688993002200746
 10
178.32890961676907
 20
-6.693759809416394
 10
178.32861512622526
 20
-6.698837798289448
 10
178.32898537593587
 20
-6.703893839364561
 10
178.33024208840413
 20
-6.7085755051664755
 10
178.33243944667078
 20
-6.712545498024844
 10
178.33534194381386
 20
-6.715533299943247
 10
178.33856329112677
 20
-6.717344767605634
 10
178.34178763127738
 20
-6.717846045839933
 10
178.3448442638465
 20
-6.716974747341655
 10
178.3476687455013
 20
-6.714807535989717
 10
178.3501674335128
 20
-6.711511438441179
 10
178.35208340039063
 20
-6.707311844158793
 10
178.35308676041666
 20
-6.702501125452899
 10
178.3530099079227
 20
-6.697418845979819
 10
178.35196770324742
 20
-6.692408802255537
 10
178.3502570818153
 20
-6.687789337073547
 10
178.348122022914
 20
-6.683844145517619
 10
178.34560762157818
 20
-6.6808321194194376
 10
178.34266373502336
 20
-6.678987388536799
 10
178.33938364076266
 20
-6.678483363945737
 10
178.33610024081557
 20
-6.679363809828056
  0
LWPOLYLINE
  5
1DB
330
17
100
AcDbEntity
  8
VISTA
100
AcDbPolyline
 90
25
 70
1
 10
178.31023270925317
 20
-6.256475540535463
 10
178.30738307281072
 20
-6.25866550404504
 10
178.30525534782194
 20
-6.261964820852178
 10
178.30385966319014
 20
-6.266132051382643
 10
178.303046460789
 20
-6.270903574678441
 10
178.3027513457935
 20
-6.275982814490943
 10
178.30312243103282
 20
-6.281036748896141
 10
178.30437877620437
 20
-6.285714181409367
 10
178.3065763604513
 20
-6.289677384443281
 10
178.30947807885153
 20
-6.292655376188449
 10
178.31269973482037
 20
-6.2944557485794785
 10
178.31592374973206
 20
-6.294944674246307
 10
178.31897904152217
 20
-6.294062020714847
 10
178.32180382695134
 20
-6.291883397979798
 10
178.32430031325302
 20
-6.288578904846659
 10
178.32621676634113
 20
-6.28437265210084
 10
178.327220267029
 20
-6.279557437635869
 10
178.327140847532
 20
-6.274474651857214
 10
178.32609900394004
 20
-6.269466350889905
 10
178.32438942341238
 20
-6.264850193013537
 10
178.3222537542106
 20
-6.260911998585056
 10
178.31973882113334
 20
-6.257909195674137
 10
178.31679548938533
 20
-6.256074162203413
 10
178.31351507881612
 20
-6.255583193987416
 10
178.31023270925317
 20
-6.256475540535463
  0
LWPOLYLINE
  5
1DC
330
17
100
AcDbEntity
  8
VISTA
100
AcDbPolyline
 90
9
 70
1
 10
178.3468818345035
 20
-6.477554444132397
 10
178.34733054154756
 20
-6.477336944235494
 10
178.34749279093325
 20
-6.47686645153202
 10
178.34727276084448
 20
-6.476418958828544
 10
178.34680374736737
 20
-6.476256738140608
 10
178.3463557608445
 20
-6.476474958828544
 10
178.34619379093326
 20
-6.4769454515320195
 10
178.346410821022
 20
-6.477392944235494
 10
178.3468818345035
 20
-6.477554444132397
  0
LWPOLYLINE
  5
1DD
330
17
100
AcDbEntity
  8
VISTA
100
AcDbPolyline
 90
41
 70
1
 10
178.45065854867258
 20
-6.292712283185841
 10
178.4472831250942
 20
-6.299644662263398
 10
178.44552481522655
 20
-6.311151289915409
 10
178.44518708096416
 20
-6.326892484548826
 10
178.44230492826688
 20
-6.346246465034504
 10
178.43776991575444
 20
-6.368867800683072
 10
178.43477866029983
 20
-6.3943774538659905
 10
178.4306212363183
 20
-6.42192722756901
 10
178.42467004423963
 20
-6.450856293350888
 10
178.42316340966192
 20
-6.48088184193591
 10
178.4259623716814
 20
-6.511164407079646
 10
178.4259988106299
 20
-6.540466407376214
 10
178.42368456100803
 20
-6.568161862305682
 10
178.42320113954003
 20
-6.593838200194235
 10
178.42229162174755
 20
-6.6166611184071735
 10
178.41974077304374
 20
-6.636053713972939
 10
178.41971455127197
 20
-6.651867947547863
 10
178.42249749206002
 20
-6.663664277833677
 10
178.42473009892038
 20
-6.6709483871675594
 10
178.4267915639353
 20
-6.673690161810729
 10
178.42900318952167
 20
-6.6712583729811055
 10
178.4306972070127
 20
-6.664274429540317
 10
178.43434952068202
 20
-6.6530014744464125
 10
178.43971390477662
 20
-6.637565674907293
 10
178.44267950793372
 20
-6.618107762779658
 10
178.44399742689495
 20
-6.595241205456058
 10
178.44672475219653
 20
-6.56971187524588
 10
178.44801467363723
 20
-6.541921022836643
 10
178.4471105353287
 20
-6.512557943122971
 10
178.45011973795565
 20
-6.482767068982237
 10
178.45678728884957
 20
-6.453175118938053
 10
178.45995814712532
 20
-6.424026675384548
 10
178.45994874737588
 20
-6.3961457514504625
 10
178.46089163779632
 20
-6.370491931134949
 10
178.46049557390884
 20
-6.347498878598743
 10
178.45754030916098
 20
-6.3276985680504465
 10
178.45620686414895
 20
-6.311893585453274
 10
178.45679574310964
 20
-6.3003883681861925
 10
178.4559642883476
 20
-6.293144429010314
 10
178.45359578185744
 20
-6.290382257812844
 10
178.45065854867258
 20
-6.292712283185841
  0
LWPOLYLINE
  5
1DE
330
17
100
AcDbEntity
  8
VISTA
100
AcDbPolyline
 90
9
 70
1
 10
178.45654095203352
 20
-6.487181284073269
 10
178.45701195586028
 20
-6.487023705510996
 10
178.45723400765928
 20
-6.486578591419552
 10
178.4570760166132
 20
-6.4861059920298105
 10
178.45663102080638
 20
-6.485884412504529
 10
178.4561589716903
 20
-6.486042469568368
 10
178.45593700765926
 20
-6.486487591419552
 10
178.45609499927554
 20
-6.486959705510996
 10
178.45654095203352
 20
-6.487181284073269
  0
LWPOLYLINE
  5
1DF
330
17
100
AcDbEntity
  8
VISTA
100
AcDbPolyline
 90
41
 70
1
 10
178.53444550446005
 20
-6.291931353860086
 10
178.5320260378457
 20
-6.2992147969432315
 10
178.52947894668554
 20
-6.311023127644022
 10
178.53015821547973
 20
-6.3268151019006185
 10
178.53259537897725
 20
-6.346254317721924
 10
178.53324557612268
 20
-6.36919006060606
 10
178.53446219279516
 20
-6.39490057738609
 10
178.53708415053373
 20
-6.422619334720463
 10
178.5363451150167
 20
-6.452033996209728
 10
178.5338697259062
 20
-6.48237619956665
 10
178.53669540928232
 20
-6.512331351913063
 10
178.5428551521561
 20
-6.541235874317686
 10
178.54664827470418
 20
-6.568844274201654
 10
178.55026448316923
 20
-6.594349873826426
 10
178.55529411559237
 20
-6.6169355254989926
 10
178.55770801843653
 20
-6.636333617122256
 10
178.5579851825285
 20
-6.65211126684232
 10
178.56025932240266
 20
-6.663579338278529
 10
178.56374807783243
 20
-6.670477794793124
 10
178.5666665592417
 20
-6.672797213270142
 10
178.56904394621515
 20
-6.6700209789025715
 10
178.56959547139087
 20
-6.662791462294187
 10
178.569073652734
 20
-6.6512808022474985
 10
178.57080240598955
 20
-6.635388049638245
 10
178.57331103185646
 20
-6.615534957524717
 10
178.57304214126665
 20
-6.5925400380543895
 10
178.57237350436046
 20
-6.5668230261627905
 10
178.5721931569807
 20
-6.538895339604722
 10
178.56780589745094
 20
-6.509816305752312
 10
178.56094911256545
 20
-6.480245764397906
 10
178.5587450800471
 20
-6.450333636754651
 10
178.55935306235503
 20
-6.420881609360077
 10
178.5572084922803
 20
-6.393082962223644
 10
178.554634
 20
-6.367505157706749
 10
178.5533848934865
 20
-6.344600694054104
 10
178.54957862007757
 20
-6.325228335797399
 10
178.54385639098837
 20
-6.309897190406977
 10
178.54049266432997
 20
-6.298648823526752
 10
178.53877531486577
 20
-6.291665689284908
 10
178.5364828921188
 20
-6.2892265162047485
 10
178.53444550446005
 20
-6.291931353860086
  0
LWPOLYLINE
  5
1E0
330
17
100
AcDbEntity
  8
VISTA
100
AcDbPolyline
 90
9
 70
1
 10
178.56724748836461
 20
-6.482481374906166
 10
178.56769020388245
 20
-6.48225518993994
 10
178.56784443500644
 20
-6.48178233976834
 10
178.56761876380995
 20
-6.481339230076156
 10
178.56714574868604
 20
-6.481185036361686
 10
178.56670139708248
 20
-6.481411230076156
 10
178.56654743500644
 20
-6.481884705705705
 10
178.56677447361648
 20
-6.48232718993994
 10
178.56724748836461
 20
-6.482481374906166
  0
LWPOLYLINE
  5
1E1
330
17
100
AcDbEntity
  8
VISTA
100
AcDbPolyline
 90
41
 70
1
 10
178.6683548021859
 20
-6.28932230094982
 10
178.6664394705117
 20
-6.296308474848222
 10
178.66240549019693
 20
-6.307597189105769
 10
178.65774074853775
 20
-6.323108668223483
 10
178.65609656594347
 20
-6.342605143984221
 10
178.6552558825701
 20
-6.365445800035158
 10
178.6529738346007
 20
-6.391009881148081
 10
178.65261271439846
 20
-6.418848551560856
 10
178.6530905970045
 20
-6.448147287018034
 10
178.64884648482345
 20
-6.477915558184033
 10
178.64282023809523
 20
-6.507643078844652
 10
178.64151884778178
 20
-6.536898275337179
 10
178.6424518127282
 20
-6.564768023995827
 10
178.64209032405063
 20
-6.590426036708861
 10
178.64347157482248
 20
-6.613429534233365
 10
178.64648908156806
 20
-6.633143753713632
 10
178.64704226520746
 20
-6.648868514152602
 10
178.6464342025605
 20
-6.660388382146615
 10
178.64777630251953
 20
-6.667632650146282
 10
178.65035512384225
 20
-6.670329440883593
 10
178.6533135699974
 20
-6.667935645459276
 10
178.65620814084997
 20
-6.6609144383781445
 10
178.6571776323408
 20
-6.64937383507933
 10
178.6576716530051
 20
-6.6336883263061415
 10
178.66119586290324
 20
-6.6143474274193546
 10
178.66542296207592
 20
-6.59165128897873
 10
178.66797108240672
 20
-6.5660972310904056
 10
178.67208464921742
 20
-6.538502567276075
 10
178.67657452111078
 20
-6.5094278324237
 10
178.67577543442908
 20
-6.4793263150708755
 10
178.67256389461815
 20
-6.449161122555185
 10
178.67336600841247
 20
-6.419963825419539
 10
178.67564488541123
 20
-6.392250656277169
 10
178.6758339330889
 20
-6.366557081401947
 10
178.67695054810432
 20
-6.34371029059829
 10
178.6788963589541
 20
-6.324209362865305
 10
178.67758942908628
 20
-6.308330724871445
 10
178.674381059231
 20
-6.296619448814065
 10
178.6724008546042
 20
-6.289457002139457
 10
178.6704514995869
 20
-6.286806728094969
 10
178.6683548021859
 20
-6.28932230094982
  0
LWPOLYLINE
  5
1E2
330
17
100
AcDbEntity
  8
VISTA
100
AcDbPolyline
 90
25
 70
1
 10
178.6516750889514
 20
-6.669620079202638
 10
178.64872727745666
 20
-6.6714786878612715
 10
178.64609054956506
 20
-6.6744912315266225
 10
178.64384041830252
 20
-6.678445631009958
 10
178.64218433207884
 20
-6.68308975156419
 10
178.64138416632414
 20
-6.6881235309668385
 10
178.6415862226762
 20
-6.69320839181911
 10
178.64273386533216
 20
-6.697992485275762
 10
178.64459134058941
 20
-6.702152231886731
 10
178.6469499834025
 20
-6.705414024896266
 10
178.64971128630802
 20
-6.7075560367120755
 10
178.65281410742423
 20
-6.70840403471128
 10
178.6560919937573
 20
-6.707880890985325
 10
178.65925308887117
 20
-6.706038190264034
 10
178.6619544288347
 20
-6.703016869435781
 10
178.6639461867378
 20
-6.699033408536585
 10
178.66516323970038
 20
-6.69436968164794
 10
178.66569558450226
 20
-6.689344754522589
 10
178.66561706521952
 20
-6.684290501995522
 10
178.6648784225297
 20
-6.679527236200068
 10
178.663358920249
 20
-6.675364823145925
 10
178.66104022091997
 20
-6.67208803717144
 10
178.65810138300373
 20
-6.669937040336793
 10
178.6548683798098
 20
-6.669087542062911
 10
178.6516750889514
 20
-6.669620079202638
  0
LWPOLYLINE
  5
1E3
330
17
100
AcDbEntity
  8
VISTA
100
AcDbPolyline
 90
25
 70
1
 10
178.67387426361478
 20
-6.246059152320449
 10
178.6709286520734
 20
-6.247911726484612
 10
178.66829033540432
 20
-6.250917658478302
 10
178.66604054056234
 20
-6.254865324498601
 10
178.66438307592435
 20
-6.259504020604008
 10
178.66358211097617
 20
-6.264532891312471
 10
178.66378636837217
 20
-6.269611778530969
 10
178.66493297595932
 20
-6.274393072584373
 10
178.66679270025827
 20
-6.278549729821973
 10
178.66914955546335
 20
-6.281811006362378
 10
178.6719096147594
 20
-6.283954029093932
 10
178.67501150083427
 20
-6.284804647246942
 10
178.67829109057868
 20
-6.284286631907558
 10
178.6814519199381
 20
-6.282449368181605
 10
178.68415498312933
 20
-6.279433424412835
 10
178.686145234375
 20
-6.275456483041158
 10
178.6873611097186
 20
-6.270799257418611
 10
178.6878930580923
 20
-6.265781411241172
 10
178.68781429523995
 20
-6.260730525357734
 10
178.68707535728953
 20
-6.255971398357289
 10
178.6855576112636
 20
-6.251811692530144
 10
178.68323689295872
 20
-6.2485357440914
 10
178.680298140186
 20
-6.24638463857073
 10
178.67706735839673
 20
-6.24553126838307
 10
178.67387426361478
 20
-6.246059152320449
  0
LWPOLYLINE
  5
1E4
330
17
100
AcDbEntity
  8
VISTA
100
AcDbPolyline
 90
9
 70
1
 10
178.67714064300733
 20
-6.477774307349095
 10
178.67760964967434
 20
-6.477608425919278
 10
178.67782343589744
 20
-6.4771588205128205
 10
178.677656940721
 20
-6.476690470898928
 10
178.67720746338836
 20
-6.476475570710697
 10
178.67673845484848
 20
-6.476641470898928
 10
178.67652443589742
 20
-6.477090820512821
 10
178.67669041694447
 20
-6.4775601701625725
 10
178.67714064300733
 20
-6.477774307349095
  0
LWPOLYLINE
  5
1E5
330
17
100
AcDbEntity
  8
VISTA
100
AcDbPolyline
 90
49
 70
1
 10
178.77483744965897
 20
-6.3070889474682685
 10
178.77260663456747
 20
-6.295484378030543
 10
178.76947848644238
 20
-6.28837230987576
 10
178.76684205551283
 20
-6.285860129529928
 10
178.7644768095238
 20
-6.288495660674866
 10
178.76445684
 20
-6.288662996666669
 10
178.76362041206548
 20
-6.295668507512895
 10
178.76270006894703
 20
-6.307189710842835
 10
178.75907294552687
 20
-6.322937531370096
 10
178.7555377082214
 20
-6.342556599140247
 10
178.75481871351496
 20
-6.365480710142973
 10
178.75437710657786
 20
-6.376577809325556
 10
178.75378926204777
 20
-6.391163059437243
 10
178.75285168729891
 20
-6.419027861615842
 10
178.75620186488936
 20
-6.448320070638375
 10
178.7598934213717
 20
-6.478279629343105
 10
178.75817875166697
 20
-6.5082712014777435
 10
178.7581191501251
 20
-6.508906926605507
 10
178.75542599717437
 20
-6.537587004036598
 10
178.7561525040465
 20
-6.5654181642745355
 10
178.7569524018232
 20
-6.591081306819197
 10
178.75723745304734
 20
-6.614012126505754
 10
178.76065358891236
 20
-6.633609091048065
 10
178.7625599966555
 20
-6.6403889899665565
 10
178.76507660814778
 20
-6.6493259740752455
 10
178.7668746747927
 20
-6.660831008835923
 10
178.7679683155747
 20
-6.667956811834052
 10
178.77019944692788
 20
-6.670530218079812
 10
178.7726118676219
 20
-6.667936576371993
 10
178.7726792443703
 20
-6.667781084236863
 10
178.7757168936886
 20
-6.660769006190284
 10
178.7784238779179
 20
-6.649120963956713
 10
178.7780402766357
 20
-6.633335808366106
 10
178.77731372417037
 20
-6.613813305790676
 10
178.77888761258993
 20
-6.590929096582734
 10
178.7791939456067
 20
-6.579667588284511
 10
178.7795791197886
 20
-6.56524660761552
 10
178.77974151973535
 20
-6.537447075769248
 10
178.7835427507709
 20
-6.508148165971341
 10
178.78703610918058
 20
-6.478042564454097
 10
178.78445799243073
 20
-6.447984054066231
 10
178.78437314786967
 20
-6.447397714285719
 10
178.78022279033777
 20
-6.418745630870677
 10
178.77887798993783
 20
-6.390953927105228
 10
178.7770704426171
 20
-6.365281659635324
 10
178.77427737492164
 20
-6.342416663770712
 10
178.7742079733813
 20
-6.322880676258992
 10
178.7744825738115
 20
-6.315952769808174
 10
178.77483744965897
 20
-6.3070889474682685
  0
LWPOLYLINE
  5
1E6
330
17
100
AcDbEntity
  8
VISTA
100
AcDbPolyline
 90
9
 70
1
 10
178.78696126880638
 20
-6.4754780056763925
 10
178.78742017886697
 20
-6.475283936028008
 10
178.78760535578658
 20
-6.4748218239100455
 10
178.78741135364623
 20
-6.474364513975073
 10
178.78695117649553
 20
-6.474177534577853
 10
178.78649135364626
 20
-6.474372513975073
 10
178.7863061778933
 20
-6.474833734963402
 10
178.78650135773393
 20
-6.4752919360280075
 10
178.78696126880638
 20
-6.4754780056763925
  0
LWPOLYLINE
  5
1E7
330
17
100
AcDbEntity
  8
VISTA
100
AcDbPolyline
 90
41
 70
1
 10
178.85689307007584
 20
-6.292486549206645
 10
178.8555400287068
 20
-6.2998662734113715
 10
178.85683013948648
 20
-6.3113866961369425
 10
178.85792750992218
 20
-6.327079511119297
 10
178.85659332480043
 20
-6.346891531424902
 10
178.85634477122565
 20
-6.369991953402062
 10
178.8577398625723
 20
-6.395694215643073
 10
178.85744953301995
 20
-6.423740235402553
 10
178.85888570596407
 20
-6.4531342843119095
 10
178.86611937506973
 20
-6.482652953430006
 10
178.8731564685435
 20
-6.5121173975337365
 10
178.87547585126347
 20
-6.54132039794686
 10
178.87778606162388
 20
-6.569083258385381
 10
178.8815244260325
 20
-6.59450855311018
 10
178.88317561592805
 20
-6.617350651573539
 10
178.88483747493586
 20
-6.636901580782625
 10
178.88974223798596
 20
-6.652305630559508
 10
178.89470738600858
 20
-6.6634309383381725
 10
178.8974234817782
 20
-6.670320611252605
 10
178.89978518429004
 20
-6.6727114888217525
 10
178.90143796723754
 20
-6.669934975055845
 10
178.9026819517328
 20
-6.662660850413453
 10
178.905369293606
 20
-6.650724452391968
 10
178.9066884311631
 20
-6.634640859287227
 10
178.90438861283664
 20
-6.615129856035234
 10
178.9020268906608
 20
-6.592328555952708
 10
178.9002081433555
 20
-6.566671547945835
 10
178.89568169668618
 20
-6.5391487476148775
 10
178.8919641580605
 20
-6.510122416662807
 10
178.89324137240865
 20
-6.479801807427721
 10
178.89367496402645
 20
-6.449487961420328
 10
178.88889611446623
 20
-6.420460211372293
 10
178.88379156128258
 20
-6.39297744672188
 10
178.87998691960215
 20
-6.367505731869043
 10
178.87415608483207
 20
-6.345038084281519
 10
178.86858450648398
 20
-6.325961823580625
 10
178.86666470437018
 20
-6.310358977965479
 10
178.8653904125455
 20
-6.298834176199474
 10
178.8625205247291
 20
-6.291905801055849
 10
178.85952254613062
 20
-6.289642208970486
 10
178.85689307007584
 20
-6.292486549206645
  0
LWPOLYLINE
  5
1E8
330
17
100
AcDbEntity
  8
VISTA
100
AcDbPolyline
 90
9
 70
1
 10
178.8972537904502
 20
-6.4815277893587995
 10
178.8976905828422
 20
-6.481290573673871
 10
178.89783171054356
 20
-6.480813015717092
 10
178.89759509097854
 20
-6.480375451236151
 10
178.8971180676782
 20
-6.4802342354546445
 10
178.89667965224035
 20
-6.480471451236151
 10
178.89653852433966
 20
-6.480949015717092
 10
178.89677721218075
 20
-6.481386388343156
 10
178.8972537904502
 20
-6.4815277893587995
  0
LWPOLYLINE
  5
1E9
330
17
100
AcDbEntity
  8
VISTA
100
AcDbPolyline
 90
41
 70
1
 10
178.9623253141961
 20
-6.29472776734765
 10
178.9602400425811
 20
-6.302202383492174
 10
178.95983726853189
 20
-6.313964963877578
 10
178.96274522995844
 20
-6.329460318959108
 10
178.96534700357424
 20
-6.348794620782844
 10
178.9661372473417
 20
-6.371772078859425
 10
178.96849368448366
 20
-6.397345071267947
 10
178.97115581234888
 20
-6.42500056351468
 10
178.9710596093196
 20
-6.4545262833924095
 10
178.97313110591145
 20
-6.484555251290281
 10
178.98100913298777
 20
-6.513757928562094
 10
178.9886450885246
 20
-6.542194750601094
 10
178.9929478218836
 20
-6.569635145496738
 10
178.9978722401487
 20
-6.594843989241198
 10
179.0028134133903
 20
-6.617208393819196
 10
179.00478848214053
 20
-6.636614582222994
 10
179.00679001284325
 20
-6.652236463221621
 10
179.01118440673577
 20
-6.663310603108808
 10
179.01518893494705
 20
-6.6699291059001515
 10
179.01797066445485
 20
-6.672123993277821
 10
179.0198016870209
 20
-6.669259681663763
 10
179.01977487375967
 20
-6.66209365983302
 10
179.0199309201401
 20
-6.650482571978984
 10
179.02192678029473
 20
-6.634330873398347
 10
179.0221802617356
 20
-6.6145117859477836
 10
179.01923397153024
 20
-6.591800096779793
 10
179.0165701078054
 20
-6.566278863913514
 10
179.01304998005267
 20
-6.538693370277622
 10
179.00576450700208
 20
-6.510186856587137
 10
178.99982440660912
 20
-6.480804038770112
 10
178.9990452298445
 20
-6.4506769181149
 10
178.99760088599905
 20
-6.421321347423175
 10
178.99261744632224
 20
-6.393941310157619
 10
178.98827282436807
 20
-6.368661329397359
 10
178.9842061070479
 20
-6.346118321623154
 10
178.97764054083848
 20
-6.327296540968666
 10
178.9717999929949
 20
-6.3122876596903925
 10
178.96921579167565
 20
-6.301057089547084
 10
178.96721671886752
 20
-6.294128699589367
 10
178.96453119442276
 20
-6.2918719541590775
 10
178.9623253141961
 20
-6.29472776734765
  0
LWPOLYLINE
  5
1EA
330
17
100
AcDbEntity
  8
VISTA
100
AcDbPolyline
 90
25
 70
1
 10
179.01071381330704
 20
-6.6695568056402434
 10
179.00787434278027
 20
-6.6719767438565025
 10
179.00561222247686
 20
-6.6754895785027415
 10
179.0042887704452
 20
-6.679821302765123
 10
179.00404576824346
 20
-6.684656753957095
 10
179.0047095260274
 20
-6.689687773972603
 10
179.00597067661943
 20
-6.694623796052632
 10
179.00765179468632
 20
-6.699165586961562
 10
179.00980590213024
 20
-6.703002489769223
 10
179.0125567546673
 20
-6.705830129461557
 10
179.01583220022695
 20
-6.707412239515862
 10
179.01926417560512
 20
-6.707633409871856
 10
179.0223820934855
 20
-6.706497784593438
 10
179.02487520470643
 20
-6.704112019776563
 10
179.02674105175768
 20
-6.7006611470183595
 10
179.0281116906067
 20
-6.696354366660366
 10
179.02896039905087
 20
-6.691452815439552
 10
179.02903989277715
 20
-6.686298912933931
 10
179.0280775550771
 20
-6.681276699124878
 10
179.02605742541462
 20
-6.676751369504295
 10
179.02327571555617
 20
-6.673012495963881
 10
179.02015517568424
 20
-6.67026747018307
 10
179.01697047910562
 20
-6.668686852319344
 10
179.01380364552642
 20
-6.668427762172117
 10
179.01071381330704
 20
-6.6695568056402434
  0
LWPOLYLINE
  5
1EB
330
17
100
AcDbEntity
  8
VISTA
100
AcDbPolyline
 90
25
 70
1
 10
178.95177291469045
 20
-6.250168400502084
 10
178.948933320764
 20
-6.252589328341479
 10
178.9466713998023
 20
-6.256106398364486
 10
178.94535061572466
 20
-6.260445729396905
 10
178.94510837318578
 20
-6.265290489023948
 10
178.94577331652968
 20
-6.270333207214612
 10
178.9470359020934
 20
-6.275281124959743
 10
178.9487189054618
 20
-6.279837696355712
 10
178.95087477019388
 20
-6.283687471431908
 10
178.95362788721664
 20
-6.2865272297055785
 10
178.95690467924527
 20
-6.288118748758689
 10
178.96033569980062
 20
-6.288347612076332
 10
178.96345405350263
 20
-6.287214827792838
 10
178.96594769231135
 20
-6.284828613190053
 10
178.9678146454429
 20
-6.281373659676425
 10
178.969184005387
 20
-6.277058116104338
 10
178.9700304677192
 20
-6.2721464651818435
 10
178.97010719652855
 20
-6.266979709779768
 10
178.96914493240115
 20
-6.26194406667284
 10
178.96712214369717
 20
-6.257406377802279
 10
178.96433955294117
 20
-6.253654298677611
 10
178.9612179662906
 20
-6.250897276108921
 10
178.9580320497138
 20
-6.249308223599405
 10
178.95486509992367
 20
-6.249043475950959
 10
178.95177291469045
 20
-6.250168400502084
  0
LWPOLYLINE
  5
1EC
330
17
100
AcDbEntity
  8
VISTA
100
AcDbPolyline
 90
9
 70
1
 10
179.0077576760923
 20
-6.484201114536546
 10
179.00818638180797
 20
-6.483949113980909
 10
179.00831067582192
 20
-6.483467112313662
 10
179.00805838083323
 20
-6.4830381074236705
 10
179.00757652795505
 20
-6.482914106867501
 10
179.00714752803023
 20
-6.483166107423671
 10
179.00702323442925
 20
-6.483648112313662
 10
179.00727552891635
 20
-6.484077113980909
 10
179.0077576760923
 20
-6.484201114536546
  0
LWPOLYLINE
  5
1ED
330
17
100
AcDbEntity
  8
CORTE
100
AcDbPolyline
 90
41
 70
1
 10
181.80102830899403
 20
-6.001660746317769
 10
181.800831
 20
-6.001895
 10
181.80033678000626
 20
-6.003442407552492
 10
181.799999
 20
-6.0045
 10
181.799999
 20
-9.563240957536824
 10
181.799999
 20
-11.995501
 10
181.80049321999374
 20
-11.997047813538076
 10
181.800831
 20
-11.998105
 10
181.80111969100597
 20
-11.998447746317769
 10
181.801317
 20
-11.998682
 10
181.80166034033218
 20
-11.998971285020371
 10
181.801895
 20
-11.999169
 10
181.8034418135381
 20
-11.999662625979317
 10
181.804499
 20
-12.0
 10
181.91795694139768
 20
-12.0
 10
181.995501
 20
-12.0
 10
181.99704721952367
 20
-11.999506374020683
 10
181.998104
 20
-11.999169
 10
181.99844734033218
 20
-11.99887971497963
 10
181.998682
 20
-11.998682
 10
181.99887930899405
 20
-11.998447746317769
 10
181.999168
 20
-11.998105
 10
181.99950578000627
 20
-11.997047813538076
 10
182.0
 20
-11.995501
 10
182.0
 20
-9.563240957536824
 10
182.0
 20
-6.0045
 10
181.99966221999372
 20
-6.003442407552492
 10
181.999168
 20
-6.001895
 10
181.99897069100595
 20
-6.001660746317769
 10
181.998682
 20
-6.001318
 10
181.99844734033218
 20
-6.00112028502037
 10
181.998104
 20
-6.000831
 10
181.99704721952367
 20
-6.000493625979317
 10
181.995501
 20
-6.0
 10
181.91795694139768
 20
-6.0
 10
181.804499
 20
-6.0
 10
181.8034418135381
 20
-6.000337374020683
 10
181.801895
 20
-6.000831
 10
181.80166034033218
 20
-6.00102871497963
 10
181.801317
 20
-6.001318
 10
181.80102830899403
 20
-6.001660746317769
  0
LWPOLYLINE
  5
1EE
330
17
100
AcDbEntity
  8
VISTA
100
AcDbPolyline
 90
24
 70
1
 10
174.11795675336884
 20
-9.070001
 10
174.1955
 20
-9.070001
 10
174.1970480015669
 20
-9.069506780006268
 10
174.198106
 20
-9.069169
 10
174.19844874631778
 20
-9.068880308994046
 10
174.198683
 20
-9.068683
 10
174.19888030899403
 20
-9.068448746317769
 10
174.199169
 20
-9.068106
 10
174.19950678000626
 20
-9.067048001566906
 10
174.200001
 20
-9.0655
 10
174.200001
 20
-8.81744280789721
 10
174.200001
 20
-8.4545
 10
174.19966321999374
 20
-8.453442407552492
 10
174.199169
 20
-8.451895
 10
174.19897169100597
 20
-8.451660746317769
 10
174.198683
 20
-8.451318
 10
174.19844874631778
 20
-8.451120285020371
 10
174.198106
 20
-8.450831
 10
174.1970480015669
 20
-8.450493625979316
 10
174.1955
 20
-8.45
 10
174.11795704432393
 20
-8.45
 10
174.1
 20
-8.45
 10
174.1
 20
-9.070001
 10
174.11795675336884
 20
-9.070001
  0
LWPOLYLINE
  5
1EF
330
17
100
AcDbEntity
  8
CORTE
100
AcDbPolyline
 90
24
 70
1
 10
174.3793226902225
 20
-12.0
 10
174.6355
 20
-12.0
 10
174.63704681353806
 20
-11.999505780006267
 10
174.638104
 20
-11.999168
 10
174.63844674631775
 20
-11.998879308994045
 10
174.638681
 20
-11.998682
 10
174.6388791209652
 20
-11.998447746317769
 10
174.639169
 20
-11.998105
 10
174.6395059680351
 20
-11.997047407552492
 10
174.639999
 20
-11.9955
 10
174.639999
 20
-11.91795675336885
 10
174.639999
 20
-11.8045
 10
174.6396620319649
 20
-11.803442001566907
 10
174.639169
 20
-11.801894
 10
174.6389708790348
 20
-11.80165974631777
 10
174.638681
 20
-11.801317
 10
174.63844674631775
 20
-11.801119691005955
 10
174.638104
 20
-11.800831
 10
174.63704681353806
 20
-11.800493219993733
 10
174.6355
 20
-11.799999
 10
174.3793226902225
 20
-11.799999
 10
174.1
 20
-11.799999
 10
174.1
 20
-12.0
 10
174.3793226902225
 20
-12.0
  0
LWPOLYLINE
  5
1F0
330
17
100
AcDbEntity
  8
CORTE
100
AcDbPolyline
 90
41
 70
1
 10
177.44102971497963
 20
-11.80165974631777
 10
177.440832
 20
-11.801894
 10
177.44033837402068
 20
-11.803442001566907
 10
177.440001
 20
-11.8045
 10
177.440001
 20
-11.91795675336885
 10
177.440001
 20
-11.9955
 10
177.4404946259793
 20
-11.997047407552492
 10
177.440832
 20
-11.998105
 10
177.44112128502036
 20
-11.998447746317769
 10
177.441319
 20
-11.998682
 10
177.44166174631778
 20
-11.998970691005955
 10
177.44189599999999
 20
-11.999168
 10
177.44344281353807
 20
-11.999662219993732
 10
177.4445
 20
-12.0
 10
177.65300024788468
 20
-12.0
 10
177.795502
 20
-12.0
 10
177.79704821952367
 20
-11.999505780006267
 10
177.798105
 20
-11.999168
 10
177.7984483403322
 20
-11.998879308994045
 10
177.798683
 20
-11.998682
 10
177.79888071497965
 20
-11.998447746317769
 10
177.79917
 20
-11.998105
 10
177.7995073740207
 20
-11.997047407552492
 10
177.800001
 20
-11.9955
 10
177.800001
 20
-11.91795675336885
 10
177.800001
 20
-11.8045
 10
177.79966362597932
 20
-11.803442001566907
 10
177.79917
 20
-11.801894
 10
177.79897228502037
 20
-11.80165974631777
 10
177.798683
 20
-11.801317
 10
177.7984483403322
 20
-11.801119691005955
 10
177.798105
 20
-11.800831
 10
177.79704821952367
 20
-11.800493219993733
 10
177.795502
 20
-11.799999
 10
177.65300024788468
 20
-11.799999
 10
177.4445
 20
-11.799999
 10
177.44344281353807
 20
-11.800336780006267
 10
177.44189599999999
 20
-11.800831
 10
177.44166174631778
 20
-11.801028308994045
 10
177.441319
 20
-11.801317
 10
177.44102971497963
 20
-11.80165974631777
  0
LWPOLYLINE
  5
1F1
330
17
100
AcDbEntity
  8
CORTE
100
AcDbPolyline
 90
41
 70
1
 10
181.4010295269508
 20
-11.80165974631777
 10
181.400831
 20
-11.801894
 10
181.4003385620495
 20
-11.803442001566907
 10
181.400002
 20
-11.8045
 10
181.400002
 20
-11.91795675336885
 10
181.400002
 20
-11.9955
 10
181.4004944379505
 20
-11.997047407552492
 10
181.400831
 20
-11.998105
 10
181.40112147304922
 20
-11.998447746317769
 10
181.40132
 20
-11.998682
 10
181.40166215230335
 20
-11.998970691005955
 10
181.401896
 20
-11.999168
 10
181.4034434075525
 20
-11.999662219993732
 10
181.404501
 20
-12.0
 10
181.75556351958633
 20
-12.0
 10
181.995501
 20
-12.0
 10
181.99704840755248
 20
-11.999505780006267
 10
181.998106
 20
-11.999168
 10
181.99844815230335
 20
-11.998879308994045
 10
181.998682
 20
-11.998682
 10
181.99888012096523
 20
-11.998447746317769
 10
181.99917
 20
-11.998105
 10
181.9995069680351
 20
-11.997047407552492
 10
182.0
 20
-11.9955
 10
182.0
 20
-11.91795675336885
 10
182.0
 20
-11.8045
 10
181.9996630319649
 20
-11.803442001566907
 10
181.99917
 20
-11.801894
 10
181.9989718790348
 20
-11.80165974631777
 10
181.998682
 20
-11.801317
 10
181.99844815230335
 20
-11.801119691005955
 10
181.998106
 20
-11.800831
 10
181.99704840755248
 20
-11.800493219993733
 10
181.995501
 20
-11.799999
 10
181.75556351958633
 20
-11.799999
 10
181.404501
 20
-11.799999
 10
181.4034434075525
 20
-11.800336780006267
 10
181.401896
 20
-11.800831
 10
181.40166215230335
 20
-11.801028308994045
 10
181.40132
 20
-11.801317
 10
181.4010295269508
 20
-11.80165974631777
  0
LWPOLYLINE
  5
1F2
330
17
100
AcDbEntity
  8
VISTA
100
AcDbPolyline
 90
9
 70
1
 10
177.295002
 20
-11.976501
 10
177.295002
 20
-11.971965062992126
 10
177.295002
 20
-11.9675
 10
176.65248130708662
 20
-11.9675
 10
176.02
 20
-11.9675
 10
176.02
 20
-11.972035937007874
 10
176.02
 20
-11.976501
 10
176.66252069291338
 20
-11.976501
 10
177.295002
 20
-11.976501
  0
LWPOLYLINE
  5
1F3
330
17
100
AcDbEntity
  8
VISTA
100
AcDbPolyline
 90
9
 70
1
 10
177.293089
 20
-12.002501
 10
177.293089
 20
-11.99796495636121
 10
177.293089
 20
-11.9935
 10
176.65248181496062
 20
-11.9935
 10
176.021914
 20
-11.9935
 10
176.021914
 20
-11.99803604363879
 10
176.021914
 20
-12.002501
 10
176.66252118503937
 20
-12.002501
 10
177.293089
 20
-12.002501
  0
LWPOLYLINE
  5
1F4
330
17
100
AcDbEntity
  8
VISTA
100
AcDbPolyline
 90
33
 70
1
 10
174.7049572101106
 20
-11.92392547393365
 10
174.704739
 20
-11.924184
 10
174.70437241864138
 20
-11.925332357030015
 10
174.704
 20
-11.926499
 10
174.704
 20
-11.984537410742496
 10
174.704
 20
-12.0435
 10
174.7043665813586
 20
-12.044648357030015
 10
174.704739
 20
-12.045815
 10
174.70495378988943
 20
-12.046069969984202
 10
174.705172
 20
-12.046329
 10
174.70542647393364
 20
-12.046543789889416
 10
174.705685
 20
-12.046762
 10
174.70683335703
 20
-12.047128085308056
 10
174.708
 20
-12.0475
 10
174.74470774091628
 20
-12.0475
 10
174.782
 20
-12.0475
 10
174.78314835703003
 20
-12.047133914691942
 10
174.784315
 20
-12.046762
 10
174.78456947393366
 20
-12.046547210110583
 10
174.784828
 20
-12.046329
 10
174.78504621011058
 20
-12.046069969984202
 10
174.785261
 20
-12.045815
 10
174.7856334186414
 20
-12.044648357030015
 10
174.786
 20
-12.0435
 10
174.786
 20
-12.0135
 10
174.722
 20
-12.0135
 10
174.722
 20
-11.9225
 10
174.708
 20
-11.9225
 10
174.70683335703
 20
-11.922871914691942
 10
174.705685
 20
-11.923238
 10
174.70542647393364
 20
-11.923456210110585
 10
174.705172
 20
-11.923671
 10
174.7049572101106
 20
-11.92392547393365
  0
LWPOLYLINE
  5
1F5
330
17
100
AcDbEntity
  8
VISTA
100
AcDbPolyline
 90
35
 70
1
 10
177.254
 20
-12.0435
 10
177.25436608530805
 20
-12.044648357030015
 10
177.254738
 20
-12.045815
 10
177.25495278988942
 20
-12.046069969984202
 10
177.255171
 20
-12.046329
 10
177.25537500000002
 20
-12.0465
 10
177.29509
 20
-12.0465
 10
177.29509
 20
-12.0475
 10
177.332001
 20
-12.0475
 10
177.33314935703
 20
-12.047133914691942
 10
177.334316
 20
-12.046762
 10
177.33457047393364
 20
-12.046547210110583
 10
177.334829
 20
-12.046329
 10
177.3350472101106
 20
-12.046069969984202
 10
177.335262
 20
-12.045815
 10
177.33563391469195
 20
-12.044648357030015
 10
177.336
 20
-12.0435
 10
177.336
 20
-11.984537410742496
 10
177.336
 20
-11.926499
 10
177.33562808530806
 20
-11.925332357030015
 10
177.335262
 20
-11.924184
 10
177.33504378988943
 20
-11.92392547393365
 10
177.334829
 20
-11.923671
 10
177.33457047393364
 20
-11.923452789889415
 10
177.334316
 20
-11.923238
 10
177.33314935703
 20
-11.922866085308057
 10
177.332001
 20
-11.9225
 10
177.318003
 20
-11.9225
 10
177.318003
 20
-12.0135
 10
177.254
 20
-12.0135
 10
177.254
 20
-12.0205
 10
177.297003
 20
-12.0205
 10
177.297003
 20
-12.033501
 10
177.254
 20
-12.033501
 10
177.254
 20
-12.0435
  0
LWPOLYLINE
  5
1F6
330
17
100
AcDbEntity
  8
VISTA
100
AcDbPolyline
 90
9
 70
1
 10
181.195
 20
-11.9735
 10
181.195
 20
-11.968964062992125
 10
181.195
 20
-11.964499
 10
180.35090551181102
 20
-11.964499
 10
179.52
 20
-11.964499
 10
179.52
 20
-11.969034937007875
 10
179.52
 20
-11.9735
 10
180.36409448818898
 20
-11.9735
 10
181.195
 20
-11.9735
  0
LWPOLYLINE
  5
1F7
330
17
100
AcDbEntity
  8
VISTA
100
AcDbPolyline
 90
9
 70
1
 10
181.192488
 20
-11.9995
 10
181.192488
 20
-11.99496395636121
 10
181.192488
 20
-11.990499
 10
180.35090550786217
 20
-11.990499
 10
179.522512
 20
-11.990499
 10
179.522512
 20
-11.99503504363879
 10
179.522512
 20
-11.9995
 10
180.36409449213784
 20
-11.9995
 10
181.192488
 20
-11.9995
  0
LWPOLYLINE
  5
1F8
330
17
100
AcDbEntity
  8
VISTA
100
AcDbPolyline
 90
33
 70
1
 10
177.8049552101106
 20
-11.920925969984202
 10
177.804737
 20
-11.921185
 10
177.80437091469196
 20
-11.922333357030016
 10
177.803999
 20
-11.9235
 10
177.803999
 20
-11.981538410742496
 10
177.803999
 20
-12.040501
 10
177.80436508530806
 20
-12.041649357030016
 10
177.804737
 20
-12.042816
 10
177.8049517898894
 20
-12.04307047393365
 10
177.80517
 20
-12.043329
 10
177.80542447393364
 20
-12.043543789889416
 10
177.805683
 20
-12.043762
 10
177.80683185308055
 20
-12.044128085308056
 10
177.807999
 20
-12.0445
 10
177.84470723696683
 20
-12.0445
 10
177.882
 20
-12.0445
 10
177.88314835703002
 20
-12.044133914691942
 10
177.88431500000002
 20
-12.043762
 10
177.8845699699842
 20
-12.043547210110583
 10
177.884829
 20
-12.043329
 10
177.8850472101106
 20
-12.04307047393365
 10
177.885262
 20
-12.042816
 10
177.88563391469194
 20
-12.041649357030016
 10
177.886
 20
-12.040501
 10
177.886
 20
-12.0105
 10
177.822001
 20
-12.0105
 10
177.822001
 20
-11.9195
 10
177.807999
 20
-11.9195
 10
177.80683185308055
 20
-11.919871914691942
 10
177.805683
 20
-11.920238
 10
177.80542447393364
 20
-11.920456210110585
 10
177.80517
 20
-11.920671
 10
177.8049552101106
 20
-11.920925969984202
  0
LWPOLYLINE
  5
1F9
330
17
100
AcDbEntity
  8
VISTA
100
AcDbPolyline
 90
36
 70
1
 10
181.153999
 20
-12.040501
 10
181.15436508530806
 20
-12.041649357030016
 10
181.154737
 20
-12.042816
 10
181.15495178988942
 20
-12.04307047393365
 10
181.15517
 20
-12.043329
 10
181.155375
 20
-12.0435
 10
181.194489
 20
-12.0435
 10
181.194489
 20
-12.0445
 10
181.19470790111336
 20
-12.0445
 10
181.232
 20
-12.0445
 10
181.23314885308056
 20
-12.044133914691942
 10
181.234316
 20
-12.043762
 10
181.23457047393364
 20
-12.043547210110583
 10
181.234829
 20
-12.043329
 10
181.2350472101106
 20
-12.04307047393365
 10
181.235262
 20
-12.042816
 10
181.23563391469193
 20
-12.041649357030016
 10
181.236
 20
-12.040501
 10
181.236
 20
-11.981538410742496
 10
181.236
 20
-11.9235
 10
181.23562808530806
 20
-11.922333357030016
 10
181.235262
 20
-11.921185
 10
181.2350437898894
 20
-11.920925969984202
 10
181.234829
 20
-11.920671
 10
181.23457047393364
 20
-11.920452789889415
 10
181.234316
 20
-11.920238
 10
181.23314885308056
 20
-11.919866085308056
 10
181.232
 20
-11.9195
 10
181.218
 20
-11.9195
 10
181.218
 20
-12.0105
 10
181.153999
 20
-12.0105
 10
181.153999
 20
-12.0175
 10
181.197001
 20
-12.0175
 10
181.197001
 20
-12.0305
 10
181.153999
 20
-12.0305
 10
181.153999
 20
-12.040501
  0
LWPOLYLINE
  5
1FA
330
17
100
AcDbEntity
  8
CORTE
100
AcDbPolyline
 90
22
 70
1
 10
179.420832
 20
-8.571896
 10
179.42039171689166
 20
-8.573274001459321
 10
179.42000000000002
 20
-8.5745
 10
179.42000000000002
 20
-8.643823951295149
 10
179.42000000000002
 20
-8.705501
 10
179.42044028310835
 20
-8.70687900145932
 10
179.420832
 20
-8.708105
 10
179.42108918460417
 20
-8.708410340569134
 10
179.42131799999999
 20
-8.708682
 10
179.42162386975556
 20
-8.708939713790587
 10
179.421896
 20
-8.709169
 10
179.42327453064576
 20
-8.709608753921927
 10
179.424501
 20
-8.71
 10
179.549999
 20
-8.71
 10
179.549999
 20
-8.570001
 10
179.424501
 20
-8.570001
 10
179.42327453064576
 20
-8.570391775264502
 10
179.421896
 20
-8.570831
 10
179.42162386975556
 20
-8.571060757022984
 10
179.42131799999999
 20
-8.571319
 10
179.42106081539583
 20
-8.571624340569135
 10
179.420832
 20
-8.571896
  0
LWPOLYLINE
  5
1FB
330
17
100
AcDbEntity
  8
CORTE
100
AcDbPolyline
 90
24
 70
1
 10
181.97841134056912
 20
-8.571089242977017
 10
181.978106
 20
-8.570831
 10
181.97687905983219
 20
-8.570440224735497
 10
181.9755
 20
-8.570001
 10
180.7744549570403
 20
-8.570001
 10
180.52
 20
-8.570001
 10
180.52
 20
-8.71
 10
180.7744549570403
 20
-8.71
 10
181.9755
 20
-8.71
 10
181.97687905983219
 20
-8.709560246078073
 10
181.978106
 20
-8.709169
 10
181.97841134056912
 20
-8.708911286209412
 10
181.978683
 20
-8.708682
 10
181.9789122862094
 20
-8.708410340569134
 10
181.97917
 20
-8.708105
 10
181.97956124607808
 20
-8.70687900145932
 10
181.98000100000002
 20
-8.705501
 10
181.98000100000002
 20
-8.643823951295149
 10
181.98000100000002
 20
-8.5745
 10
181.97960975392192
 20
-8.573274001459321
 10
181.97917
 20
-8.571896
 10
181.9789407137906
 20
-8.571624340569135
 10
181.978683
 20
-8.571319
 10
181.97841134056912
 20
-8.571089242977017
  0
LWPOLYLINE
  5
1FC
330
17
100
AcDbEntity
  8
CORTE
100
AcDbPolyline
 90
41
 70
1
 10
177.55106164720905
 20
-6.101622288033564
 10
177.550831
 20
-6.101895
 10
177.55039328931048
 20
-6.10326877873039
 10
177.550001
 20
-6.1045
 10
177.550001
 20
-6.695673112002918
 10
177.550001
 20
-7.2255
 10
177.55043871068952
 20
-7.226873778730391
 10
177.550831
 20
-7.228105
 10
177.55108835279094
 20
-7.228409288033564
 10
177.551319
 20
-7.228682
 10
177.55162276067128
 20
-7.228938825428676
 10
177.551895
 20
-7.229169
 10
177.55326930609266
 20
-7.229607238051806
 10
177.554501
 20
-7.23
 10
177.62358545822693
 20
-7.23
 10
177.685501
 20
-7.23
 10
177.68687530609267
 20
-7.229561761948194
 10
177.688107
 20
-7.229169
 10
177.68841076067127
 20
-7.228912174571324
 10
177.688683
 20
-7.228682
 10
177.68891364720906
 20
-7.228409288033564
 10
177.689171
 20
-7.228105
 10
177.68956328931046
 20
-7.226873778730391
 10
177.690001
 20
-7.2255
 10
177.690001
 20
-6.695673112002918
 10
177.690001
 20
-6.1045
 10
177.68960871068953
 20
-6.10326877873039
 10
177.689171
 20
-6.101895
 10
177.68894035279095
 20
-6.101622288033564
 10
177.688683
 20
-6.101318
 10
177.68841076067127
 20
-6.101087825428676
 10
177.688107
 20
-6.100831
 10
177.68687530609267
 20
-6.100438238051806
 10
177.685501
 20
-6.1
 10
177.62358545822693
 20
-6.1
 10
177.554501
 20
-6.1
 10
177.55326930609266
 20
-6.100392761948194
 10
177.551895
 20
-6.100831
 10
177.55162276067128
 20
-6.101061174571324
 10
177.551319
 20
-6.101318
 10
177.55106164720905
 20
-6.101622288033564
  0
LWPOLYLINE
  5
1FD
330
17
100
AcDbEntity
  8
CORTE
100
AcDbPolyline
 90
41
 70
1
 10
177.55106164720905
 20
-8.131621288033564
 10
177.550831
 20
-8.131894
 10
177.55039328931048
 20
-8.133268306092667
 10
177.550001
 20
-8.1345
 10
177.550001
 20
-8.588558920102152
 10
177.550001
 20
-8.9955
 10
177.55043871068952
 20
-8.996873778730391
 10
177.550831
 20
-8.998105
 10
177.55108835279094
 20
-8.998409288033566
 10
177.551319
 20
-8.998682
 10
177.55162276067128
 20
-8.998938298066399
 10
177.551895
 20
-8.999168
 10
177.55326930609266
 20
-8.999606765414082
 10
177.554501
 20
-9.0
 10
177.62358545822693
 20
-9.0
 10
177.685501
 20
-9.0
 10
177.68687530609267
 20
-8.999561234585917
 10
177.688107
 20
-8.999168
 10
177.68841076067127
 20
-8.9989117019336
 10
177.688683
 20
-8.998682
 10
177.68891364720906
 20
-8.998409288033566
 10
177.689171
 20
-8.998105
 10
177.68956328931046
 20
-8.996873778730391
 10
177.690001
 20
-8.9955
 10
177.690001
 20
-8.588558920102152
 10
177.690001
 20
-8.1345
 10
177.68960871068953
 20
-8.133268306092667
 10
177.689171
 20
-8.131894
 10
177.68894035279095
 20
-8.131621288033564
 10
177.688683
 20
-8.131317
 10
177.68841076067127
 20
-8.131087298066399
 10
177.688107
 20
-8.130831
 10
177.68687530609267
 20
-8.130437765414083
 10
177.685501
 20
-8.129999
 10
177.62358545822693
 20
-8.129999
 10
177.554501
 20
-8.129999
 10
177.55326930609266
 20
-8.130392234585917
 10
177.551895
 20
-8.130831
 10
177.55162276067128
 20
-8.1310607019336
 10
177.551319
 20
-8.131317
 10
177.55106164720905
 20
-8.131621288033564
  0
LWPOLYLINE
  5
1FE
330
17
100
AcDbEntity
  8
CORTE
100
AcDbPolyline
 90
41
 70
1
 10
179.35106064720904
 20
-6.101622288033564
 10
179.35083
 20
-6.101895
 10
179.35039228931046
 20
-6.10326877873039
 10
179.35
 20
-6.1045
 10
179.35
 20
-6.6323896388179495
 10
179.35
 20
-7.1055
 10
179.35043771068953
 20
-7.106873778730391
 10
179.35083
 20
-7.108105
 10
179.35108735279096
 20
-7.108409288033564
 10
179.351318
 20
-7.108682
 10
179.3516217606713
 20
-7.108938825428676
 10
179.35189400000002
 20
-7.109169
 10
179.35326830609267
 20
-7.109607238051806
 10
179.3545
 20
-7.11
 10
179.4235844582269
 20
-7.11
 10
179.4855
 20
-7.11
 10
179.48687430609266
 20
-7.109561761948194
 10
179.488106
 20
-7.109169
 10
179.4884097606713
 20
-7.108912174571324
 10
179.488682
 20
-7.108682
 10
179.48891264720905
 20
-7.108409288033564
 10
179.48917
 20
-7.108105
 10
179.48956228931047
 20
-7.106873778730391
 10
179.49
 20
-7.1055
 10
179.49
 20
-6.6323896388179495
 10
179.49
 20
-6.1045
 10
179.48960771068954
 20
-6.10326877873039
 10
179.48917
 20
-6.101895
 10
179.48893935279096
 20
-6.101622288033564
 10
179.488682
 20
-6.101318
 10
179.4884097606713
 20
-6.101087825428676
 10
179.488106
 20
-6.100831
 10
179.48687430609266
 20
-6.100438238051806
 10
179.4855
 20
-6.1
 10
179.4235844582269
 20
-6.1
 10
179.3545
 20
-6.1
 10
179.35326830609267
 20
-6.100392761948194
 10
179.35189400000002
 20
-6.100831
 10
179.3516217606713
 20
-6.101061174571324
 10
179.351318
 20
-6.101318
 10
179.35106064720904
 20
-6.101622288033564
  0
LWPOLYLINE
  5
1FF
330
17
100
AcDbEntity
  8
CORTE
100
AcDbPolyline
 90
41
 70
1
 10
179.35106064720904
 20
-8.011621760671288
 10
179.35083
 20
-8.011894
 10
179.35039228931046
 20
-8.013268306092666
 10
179.35
 20
-8.0145
 10
179.35
 20
-8.341991973732215
 10
179.35
 20
-8.6355
 10
179.35043771068953
 20
-8.63687377873039
 10
179.35083
 20
-8.638105
 10
179.35108735279096
 20
-8.638408760671288
 10
179.351318
 20
-8.638681
 10
179.3516217606713
 20
-8.638938352790953
 10
179.35189400000002
 20
-8.639169
 10
179.35326830609267
 20
-8.63960671068953
 10
179.3545
 20
-8.639999
 10
179.4235844582269
 20
-8.639999
 10
179.4855
 20
-8.639999
 10
179.48687430609266
 20
-8.639561289310471
 10
179.488106
 20
-8.639169
 10
179.4884097606713
 20
-8.638911647209047
 10
179.488682
 20
-8.638681
 10
179.48891264720905
 20
-8.638408760671288
 10
179.48917
 20
-8.638105
 10
179.48956228931047
 20
-8.63687377873039
 10
179.49
 20
-8.6355
 10
179.49
 20
-8.341991973732215
 10
179.49
 20
-8.0145
 10
179.48960771068954
 20
-8.013268306092666
 10
179.48917
 20
-8.011894
 10
179.48893935279096
 20
-8.011621760671288
 10
179.488682
 20
-8.011318
 10
179.4884097606713
 20
-8.011087825428675
 10
179.488106
 20
-8.010831
 10
179.48687430609266
 20
-8.010438238051806
 10
179.4855
 20
-8.01
 10
179.4235844582269
 20
-8.01
 10
179.3545
 20
-8.01
 10
179.35326830609267
 20
-8.010392761948193
 10
179.35189400000002
 20
-8.010831
 10
179.3516217606713
 20
-8.011061174571324
 10
179.351318
 20
-8.011318
 10
179.35106064720904
 20
-8.011621760671288
  0
LWPOLYLINE
  5
200
330
17
100
AcDbEntity
  8
VISTA
100
AcDbPolyline
 90
41
 70
1
 10
177.55106164720905
 20
-8.931622288033564
 10
177.550831
 20
-8.931895
 10
177.55039328931048
 20
-8.93326877873039
 10
177.550001
 20
-8.9345
 10
177.550001
 20
-9.003584458226925
 10
177.550001
 20
-9.0655
 10
177.55043871068952
 20
-9.06687377873039
 10
177.550831
 20
-9.068105
 10
177.55108835279094
 20
-9.068409288033564
 10
177.551319
 20
-9.068682
 10
177.55162276067128
 20
-9.068938825428676
 10
177.551895
 20
-9.069169
 10
177.55326930609266
 20
-9.069607238051807
 10
177.554501
 20
-9.07
 10
177.81870897318498
 20
-9.07
 10
178.0555
 20
-9.07
 10
178.0568737787304
 20
-9.069561761948194
 10
178.058105
 20
-9.069169
 10
178.05840876067128
 20
-9.068912174571325
 10
178.058681
 20
-9.068682
 10
178.05891211984678
 20
-9.068409288033564
 10
178.05917
 20
-9.068105
 10
178.05956181667275
 20
-9.06687377873039
 10
178.059999
 20
-9.0655
 10
178.059999
 20
-9.003584458226925
 10
178.059999
 20
-8.9345
 10
178.05960718332724
 20
-8.93326877873039
 10
178.05917
 20
-8.931895
 10
178.05893888015322
 20
-8.931622288033564
 10
178.058681
 20
-8.931318
 10
178.05840876067128
 20
-8.931087825428675
 10
178.058105
 20
-8.930831
 10
178.0568737787304
 20
-8.930438238051806
 10
178.0555
 20
-8.93
 10
177.81870897318498
 20
-8.93
 10
177.554501
 20
-8.93
 10
177.55326930609266
 20
-8.930392761948193
 10
177.551895
 20
-8.930831
 10
177.55162276067128
 20
-8.931061174571324
 10
177.551319
 20
-8.931318
 10
177.55106164720905
 20
-8.931622288033564
  0
LWPOLYLINE
  5
201
330
17
100
AcDbEntity
  8
VISTA
100
AcDbPolyline
 90
41
 70
1
 10
178.98106164720906
 20
-8.931622288033564
 10
178.980831
 20
-8.931895
 10
178.98039328931048
 20
-8.93326877873039
 10
178.98000100000002
 20
-8.9345
 10
178.98000100000002
 20
-9.003584458226925
 10
178.98000100000002
 20
-9.0655
 10
178.98043871068953
 20
-9.06687377873039
 10
178.980831
 20
-9.068105
 10
178.98108835279095
 20
-9.068409288033564
 10
178.98131899999998
 20
-9.068682
 10
178.98162276067129
 20
-9.068938825428676
 10
178.981895
 20
-9.069169
 10
178.98326930609267
 20
-9.069607238051807
 10
178.984501
 20
-9.07
 10
179.24870897318496
 20
-9.07
 10
179.4855
 20
-9.07
 10
179.48687430609266
 20
-9.069561761948194
 10
179.488106
 20
-9.069169
 10
179.4884097606713
 20
-9.068912174571325
 10
179.488682
 20
-9.068682
 10
179.48891264720905
 20
-9.068409288033564
 10
179.48917
 20
-9.068105
 10
179.48956228931047
 20
-9.06687377873039
 10
179.49
 20
-9.0655
 10
179.49
 20
-9.003584458226925
 10
179.49
 20
-8.9345
 10
179.48960771068954
 20
-8.93326877873039
 10
179.48917
 20
-8.931895
 10
179.48893935279096
 20
-8.931622288033564
 10
179.488682
 20
-8.931318
 10
179.4884097606713
 20
-8.931087825428675
 10
179.488106
 20
-8.930831
 10
179.48687430609266
 20
-8.930438238051806
 10
179.4855
 20
-8.93
 10
179.24870897318496
 20
-8.93
 10
178.984501
 20
-8.93
 10
178.98326930609267
 20
-8.930392761948193
 10
178.981895
 20
-8.930831
 10
178.98162276067129
 20
-8.931061174571324
 10
178.98131899999998
 20
-8.931318
 10
178.98106164720906
 20
-8.931622288033564
  0
LWPOLYLINE
  5
202
330
17
100
AcDbEntity
  8
CORTE
100
AcDbPolyline
 90
41
 70
1
 10
174.15106164720905
 20
-8.931622288033564
 10
174.150831
 20
-8.931895
 10
174.15039328931047
 20
-8.93326877873039
 10
174.150001
 20
-8.9345
 10
174.150001
 20
-9.003584458226925
 10
174.150001
 20
-9.0655
 10
174.15043871068954
 20
-9.06687377873039
 10
174.150831
 20
-9.068105
 10
174.15108835279096
 20
-9.068409288033564
 10
174.151319
 20
-9.068682
 10
174.15162328803356
 20
-9.068938825428676
 10
174.151896
 20
-9.069169
 10
174.1532692513681
 20
-9.069607238051807
 10
174.1545
 20
-9.07
 10
175.9427854797519
 20
-9.07
 10
177.5455
 20
-9.07
 10
177.5468737787304
 20
-9.069561761948194
 10
177.548105
 20
-9.069169
 10
177.54840981539584
 20
-9.068912174571325
 10
177.548683
 20
-9.068682
 10
177.54891317457134
 20
-9.068409288033564
 10
177.54917
 20
-9.068105
 10
177.5495627619482
 20
-9.06687377873039
 10
177.550001
 20
-9.0655
 10
177.550001
 20
-9.003584458226925
 10
177.550001
 20
-8.9345
 10
177.5496082380518
 20
-8.93326877873039
 10
177.54917
 20
-8.931895
 10
177.54893982542868
 20
-8.931622288033564
 10
177.548683
 20
-8.931318
 10
177.54840981539584
 20
-8.931087825428675
 10
177.548105
 20
-8.930831
 10
177.5468737787304
 20
-8.930438238051806
 10
177.5455
 20
-8.93
 10
175.9427854797519
 20
-8.93
 10
174.1545
 20
-8.93
 10
174.1532692513681
 20
-8.930392761948193
 10
174.151896
 20
-8.930831
 10
174.15162328803356
 20
-8.931061174571324
 10
174.151319
 20
-8.931318
 10
174.15106164720905
 20
-8.931622288033564
  0
LWPOLYLINE
  5
203
330
17
100
AcDbEntity
  8
VISTA
100
AcDbPolyline
 90
41
 70
1
 10
178.1062150133456
 20
-8.97663659387943
 10
178.106472
 20
-8.976854
 10
178.10733667648412
 20
-8.977129434422457
 10
178.1085
 20
-8.9775
 10
178.12470117211228
 20
-8.9775
 10
178.146498
 20
-8.9775
 10
178.14736225011504
 20
-8.977224139208467
 10
178.148525
 20
-8.976853
 10
178.14871601334562
 20
-8.976691832489646
 10
178.148973
 20
-8.976475
 10
178.1491350202485
 20
-8.976283986654396
 10
178.149353
 20
-8.976027
 10
178.14962800805338
 20
-8.975162749884952
 10
178.149998
 20
-8.974
 10
178.149998
 20
-8.623098251265532
 10
178.149998
 20
-8.151
 10
178.14972299194662
 20
-8.150135749884951
 10
178.149353
 20
-8.148973
 10
178.1491909797515
 20
-8.148781986654395
 10
178.148973
 20
-8.148525
 10
178.14871601334562
 20
-8.14830759387943
 10
178.148525
 20
-8.148146
 10
178.14736225011504
 20
-8.147775434422458
 10
178.146498
 20
-8.1475
 10
178.12470117211228
 20
-8.1475
 10
178.1085
 20
-8.1475
 10
178.10733667648412
 20
-8.147871139208467
 10
178.106472
 20
-8.148147
 10
178.1062150133456
 20
-8.148363832489645
 10
178.106024
 20
-8.148525
 10
178.1058060202485
 20
-8.148781986654395
 10
178.105644
 20
-8.148973
 10
178.1052745816843
 20
-8.150135749884951
 10
178.105
 20
-8.151
 10
178.105
 20
-8.623098251265532
 10
178.105
 20
-8.974
 10
178.1053694183157
 20
-8.975162749884952
 10
178.105644
 20
-8.976027
 10
178.1058619797515
 20
-8.976283986654396
 10
178.106024
 20
-8.976475
 10
178.1062150133456
 20
-8.97663659387943
  0
LWPOLYLINE
  5
204
330
17
100
AcDbEntity
  8
VISTA
100
AcDbPolyline
 90
41
 70
1
 10
178.06041705824236
 20
-8.945593231164848
 10
178.060314
 20
-8.945716
 10
178.0601763953352
 20
-8.946145850762429
 10
178.059999
 20
-8.9467
 10
178.059999
 20
-8.993267165929803
 10
178.059999
 20
-9.0533
 10
178.0601366046648
 20
-9.05372985076243
 10
178.060314
 20
-9.054284
 10
178.06039394175764
 20
-9.054379231164848
 10
178.060497
 20
-9.054502
 10
178.06059310484525
 20
-9.054582815438058
 10
178.060717
 20
-9.054687
 10
178.06114685076244
 20
-9.05482373098439
 10
178.061701
 20
-9.055
 10
178.07768847784897
 20
-9.055
 10
178.098299
 20
-9.055
 10
178.09872885076243
 20
-9.054863269015609
 10
178.099283
 20
-9.054687
 10
178.09937910484527
 20
-9.05460618456194
 10
178.099503
 20
-9.054502
 10
178.09960605824236
 20
-9.054379231164848
 10
178.099686
 20
-9.054284
 10
178.0998628321754
 20
-9.05372985076243
 10
178.1
 20
-9.0533
 10
178.1
 20
-8.993267165929803
 10
178.1
 20
-8.9467
 10
178.09982316782458
 20
-8.946145850762429
 10
178.099686
 20
-8.945716
 10
178.09958294175766
 20
-8.945593231164848
 10
178.099503
 20
-8.945498
 10
178.09937910484527
 20
-8.94539381543806
 10
178.099283
 20
-8.945313
 10
178.09872885076243
 20
-8.945136730984391
 10
178.098299
 20
-8.945
 10
178.07768847784897
 20
-8.945
 10
178.061701
 20
-8.945
 10
178.06114685076244
 20
-8.94517626901561
 10
178.060717
 20
-8.945313
 10
178.06059310484525
 20
-8.945417184561942
 10
178.060497
 20
-8.945498
 10
178.06041705824236
 20
-8.945593231164848
  0
LWPOLYLINE
  5
205
330
17
100
AcDbEntity
  8
VISTA
100
AcDbPolyline
 90
41
 70
1
 10
178.94041605824236
 20
-8.945593231164848
 10
178.940313
 20
-8.945716
 10
178.9401758321754
 20
-8.946145850762429
 10
178.939999
 20
-8.9467
 10
178.939999
 20
-8.993267165929803
 10
178.939999
 20
-9.0533
 10
178.9401361678246
 20
-9.05372985076243
 10
178.940313
 20
-9.054284
 10
178.94039294175764
 20
-9.054379231164848
 10
178.940496
 20
-9.054502
 10
178.94059210484525
 20
-9.054582815438058
 10
178.940716
 20
-9.054687
 10
178.94114585076244
 20
-9.05482373098439
 10
178.9417
 20
-9.055
 10
178.95768747784896
 20
-9.055
 10
178.978298
 20
-9.055
 10
178.97872785076243
 20
-9.054863269015609
 10
178.979282
 20
-9.054687
 10
178.97937810484527
 20
-9.05460618456194
 10
178.979502
 20
-9.054502
 10
178.97960505824236
 20
-9.054379231164848
 10
178.979685
 20
-9.054284
 10
178.9798623953352
 20
-9.05372985076243
 10
178.98
 20
-9.0533
 10
178.98
 20
-8.993267165929803
 10
178.98
 20
-8.9467
 10
178.9798226046648
 20
-8.946145850762429
 10
178.979685
 20
-8.945716
 10
178.97958194175766
 20
-8.945593231164848
 10
178.979502
 20
-8.945498
 10
178.97937810484527
 20
-8.94539381543806
 10
178.979282
 20
-8.945313
 10
178.97872785076243
 20
-8.945136730984391
 10
178.978298
 20
-8.945
 10
178.95768747784896
 20
-8.945
 10
178.9417
 20
-8.945
 10
178.94114585076244
 20
-8.94517626901561
 10
178.940716
 20
-8.945313
 10
178.94059210484525
 20
-8.945417184561942
 10
178.940496
 20
-8.945498
 10
178.94041605824236
 20
-8.945593231164848
  0
LWPOLYLINE
  5
206
330
17
100
AcDbEntity
  8
VISTA
100
AcDbPolyline
 90
41
 70
1
 10
176.77871629245283
 20
-8.08913559387943
 10
176.778975
 20
-8.089353
 10
176.7798383973769
 20
-8.089628434422456
 10
176.781
 20
-8.089999
 10
177.12763805798434
 20
-8.089999
 10
177.594
 20
-8.089999
 10
177.5948633973769
 20
-8.089723565577543
 10
177.596025
 20
-8.089353
 10
177.59621729245282
 20
-8.08919140612057
 10
177.596476
 20
-8.088974
 10
177.59663674114128
 20
-8.088782986654396
 10
177.596853
 20
-8.088526
 10
177.59712886079154
 20
-8.087661749884951
 10
177.5975
 20
-8.086499
 10
177.5975
 20
-8.070296975149562
 10
177.5975
 20
-8.048499
 10
177.59722413920846
 20
-8.047635176254026
 10
177.596853
 20
-8.046473
 10
177.59669225885872
 20
-8.046281560285319
 10
177.596476
 20
-8.046024
 10
177.59621729245282
 20
-8.045807167510354
 10
177.596025
 20
-8.045646
 10
177.5948633973769
 20
-8.045274860791533
 10
177.594
 20
-8.044999
 10
177.12763805798434
 20
-8.044999
 10
176.781
 20
-8.044999
 10
176.7798383973769
 20
-8.045370139208467
 10
176.778975
 20
-8.045646
 10
176.77871629245283
 20
-8.045862832489645
 10
176.778524
 20
-8.046024
 10
176.77830774114128
 20
-8.046281560285319
 10
176.778147
 20
-8.046473
 10
176.77777586079154
 20
-8.047635176254026
 10
176.7775
 20
-8.048499
 10
176.7775
 20
-8.070296975149562
 10
176.7775
 20
-8.086499
 10
176.77787113920846
 20
-8.087661749884951
 10
176.778147
 20
-8.088526
 10
176.77836325885872
 20
-8.088782986654396
 10
176.778524
 20
-8.088974
 10
176.77871629245283
 20
-8.08913559387943
  0
LWPOLYLINE
  5
207
330
17
100
AcDbEntity
  8
VISTA
100
AcDbPolyline
 90
41
 70
1
 10
177.56541805824236
 20
-7.225593231164847
 10
177.565315
 20
-7.225716
 10
177.5651778321754
 20
-7.226145850762429
 10
177.565001
 20
-7.2267
 10
177.565001
 20
-7.242688351529369
 10
177.565001
 20
-7.2633
 10
177.56513816782459
 20
-7.263729850762429
 10
177.565315
 20
-7.264284
 10
177.56539494175763
 20
-7.264379231164847
 10
177.565498
 20
-7.264502
 10
177.56559323116485
 20
-7.2645823785978525
 10
177.565716
 20
-7.264686
 10
177.56614585076244
 20
-7.264823167824596
 10
177.5667
 20
-7.265
 10
177.6132680396102
 20
-7.265
 10
177.673302
 20
-7.265
 10
177.67373185076244
 20
-7.264862832175404
 10
177.674286
 20
-7.264686
 10
177.67438079432463
 20
-7.264605621402148
 10
177.67450300000002
 20
-7.264502
 10
177.67460605824235
 20
-7.264379231164847
 10
177.674686
 20
-7.264284
 10
177.6748633953352
 20
-7.263729850762429
 10
177.675001
 20
-7.2633
 10
177.675001
 20
-7.242688351529369
 10
177.675001
 20
-7.2267
 10
177.6748236046648
 20
-7.226145850762429
 10
177.674686
 20
-7.225716
 10
177.67458294175765
 20
-7.225593231164847
 10
177.67450300000002
 20
-7.225498
 10
177.67438079432463
 20
-7.225394378597852
 10
177.674286
 20
-7.225314
 10
177.67373185076244
 20
-7.225137167824596
 10
177.673302
 20
-7.225
 10
177.6132680396102
 20
-7.225
 10
177.5667
 20
-7.225
 10
177.56614585076244
 20
-7.2251768321754035
 10
177.565716
 20
-7.225314
 10
177.56559323116485
 20
-7.225417621402148
 10
177.565498
 20
-7.225498
 10
177.56541805824236
 20
-7.225593231164847
  0
LWPOLYLINE
  5
208
330
17
100
AcDbEntity
  8
VISTA
100
AcDbPolyline
 90
41
 70
1
 10
177.56541805824236
 20
-8.095593231164846
 10
177.565315
 20
-8.095716
 10
177.5651778321754
 20
-8.09614585076243
 10
177.565001
 20
-8.0967
 10
177.565001
 20
-8.11268835152937
 10
177.565001
 20
-8.1333
 10
177.56513816782459
 20
-8.133729850762428
 10
177.565315
 20
-8.134284
 10
177.56539494175763
 20
-8.134378794324642
 10
177.565498
 20
-8.134501
 10
177.56559323116485
 20
-8.13458181543806
 10
177.565716
 20
-8.134686
 10
177.56614585076244
 20
-8.134823167824596
 10
177.5667
 20
-8.135
 10
177.6132680396102
 20
-8.135
 10
177.673302
 20
-8.135
 10
177.67373185076244
 20
-8.134862832175404
 10
177.674286
 20
-8.134686
 10
177.67438079432463
 20
-8.134605184561941
 10
177.67450300000002
 20
-8.134501
 10
177.67460605824235
 20
-8.134378794324642
 10
177.674686
 20
-8.134284
 10
177.6748633953352
 20
-8.133729850762428
 10
177.675001
 20
-8.1333
 10
177.675001
 20
-8.11268835152937
 10
177.675001
 20
-8.0967
 10
177.6748236046648
 20
-8.09614585076243
 10
177.674686
 20
-8.095716
 10
177.67458294175765
 20
-8.095593231164846
 10
177.67450300000002
 20
-8.095498
 10
177.67438079432463
 20
-8.095394378597852
 10
177.674286
 20
-8.095314
 10
177.67373185076244
 20
-8.095136604664802
 10
177.673302
 20
-8.094999
 10
177.6132680396102
 20
-8.094999
 10
177.5667
 20
-8.094999
 10
177.56614585076244
 20
-8.095176395335198
 10
177.565716
 20
-8.095314
 10
177.56559323116485
 20
-8.095417621402147
 10
177.565498
 20
-8.095498
 10
177.56541805824236
 20
-8.095593231164846
  0
LWPOLYLINE
  5
209
330
17
100
AcDbEntity
  8
VISTA
100
AcDbPolyline
 90
41
 70
1
 10
178.57871586608377
 20
-7.96913459387943
 10
178.578974
 20
-7.969352
 10
178.5798373973769
 20
-7.969627434422457
 10
178.580999
 20
-7.969998
 10
178.92763705798436
 20
-7.969998
 10
179.393999
 20
-7.969998
 10
179.39486282374597
 20
-7.969722565577543
 10
179.396025
 20
-7.969352
 10
179.39621686608376
 20
-7.96919040612057
 10
179.396475
 20
-7.968973
 10
179.39663574114127
 20
-7.96878156028532
 10
179.396852
 20
-7.968524
 10
179.39712786079153
 20
-7.967660176254027
 10
179.397499
 20
-7.966498
 10
179.397499
 20
-7.9502959751495625
 10
179.397499
 20
-7.928498
 10
179.39722313920848
 20
-7.927634176254027
 10
179.396852
 20
-7.926472
 10
179.3966912588587
 20
-7.92628056028532
 10
179.396475
 20
-7.926023
 10
179.39621686608376
 20
-7.92580559387943
 10
179.396025
 20
-7.925644
 10
179.39486282374597
 20
-7.925273434422458
 10
179.393999
 20
-7.924998
 10
178.92763705798436
 20
-7.924998
 10
178.580999
 20
-7.924998
 10
178.5798373973769
 20
-7.925368565577543
 10
178.578974
 20
-7.925644
 10
178.57871586608377
 20
-7.92586140612057
 10
178.57852400000002
 20
-7.926023
 10
178.57830716751036
 20
-7.92628056028532
 10
178.578146
 20
-7.926472
 10
178.57777486079152
 20
-7.927634176254027
 10
178.577499
 20
-7.928498
 10
178.577499
 20
-7.9502959751495625
 10
178.577499
 20
-7.966498
 10
178.57787013920847
 20
-7.967660176254027
 10
178.578146
 20
-7.968524
 10
178.57836283248963
 20
-7.96878156028532
 10
178.57852400000002
 20
-7.968973
 10
178.57871586608377
 20
-7.96913459387943
  0
LWPOLYLINE
  5
20A
330
17
100
AcDbEntity
  8
VISTA
100
AcDbPolyline
 90
41
 70
1
 10
179.36541762140214
 20
-7.105593231164847
 10
179.365314
 20
-7.105716
 10
179.3651768321754
 20
-7.106145850762429
 10
179.365
 20
-7.1067
 10
179.365
 20
-7.122688351529369
 10
179.365
 20
-7.1433
 10
179.3651371678246
 20
-7.143729850762429
 10
179.365314
 20
-7.144284
 10
179.36539437859784
 20
-7.144379231164847
 10
179.365498
 20
-7.144502
 10
179.36559279432464
 20
-7.144582378597852
 10
179.365715
 20
-7.144686
 10
179.36614485076242
 20
-7.144823167824596
 10
179.366699
 20
-7.145
 10
179.41326703961022
 20
-7.145
 10
179.473301
 20
-7.145
 10
179.47373085076242
 20
-7.144862832175404
 10
179.474285
 20
-7.144686
 10
179.47438023116484
 20
-7.144605621402148
 10
179.474503
 20
-7.144502
 10
179.47460605824236
 20
-7.144379231164847
 10
179.474686
 20
-7.144284
 10
179.4748628321754
 20
-7.143729850762429
 10
179.475
 20
-7.1433
 10
179.475
 20
-7.122688351529369
 10
179.475
 20
-7.1067
 10
179.47482316782458
 20
-7.106145850762429
 10
179.474686
 20
-7.105716
 10
179.47458294175766
 20
-7.105593231164847
 10
179.474503
 20
-7.105498
 10
179.47438023116484
 20
-7.105394378597852
 10
179.474285
 20
-7.105314
 10
179.47373085076242
 20
-7.105137167824596
 10
179.473301
 20
-7.105
 10
179.41326703961022
 20
-7.105
 10
179.366699
 20
-7.105
 10
179.36614485076242
 20
-7.105176832175404
 10
179.365715
 20
-7.105314
 10
179.36559279432464
 20
-7.105417621402148
 10
179.365498
 20
-7.105498
 10
179.36541762140214
 20
-7.105593231164847
  0
LWPOLYLINE
  5
20B
330
17
100
AcDbEntity
  8
VISTA
100
AcDbPolyline
 90
41
 70
1
 10
179.36541762140214
 20
-7.975593231164847
 10
179.365314
 20
-7.975716
 10
179.3651768321754
 20
-7.976145850762429
 10
179.365
 20
-7.9767
 10
179.365
 20
-7.992688351529369
 10
179.365
 20
-8.0133
 10
179.3651371678246
 20
-8.013729850762429
 10
179.365314
 20
-8.014284
 10
179.36539437859784
 20
-8.014379231164847
 10
179.365498
 20
-8.014502
 10
179.36559279432464
 20
-8.014582378597852
 10
179.365715
 20
-8.014686
 10
179.36614485076242
 20
-8.014823167824597
 10
179.366699
 20
-8.015
 10
179.41326703961022
 20
-8.015
 10
179.473301
 20
-8.015
 10
179.47373085076242
 20
-8.014862832175403
 10
179.474285
 20
-8.014686
 10
179.47438023116484
 20
-8.014605621402147
 10
179.474503
 20
-8.014502
 10
179.47460605824236
 20
-8.014379231164847
 10
179.474686
 20
-8.014284
 10
179.4748628321754
 20
-8.013729850762429
 10
179.475
 20
-8.0133
 10
179.475
 20
-7.992688351529369
 10
179.475
 20
-7.9767
 10
179.47482316782458
 20
-7.976145850762429
 10
179.474686
 20
-7.975716
 10
179.47458294175766
 20
-7.975593231164847
 10
179.474503
 20
-7.975498
 10
179.47438023116484
 20
-7.975394378597852
 10
179.474285
 20
-7.975314
 10
179.47373085076242
 20
-7.975137167824596
 10
179.473301
 20
-7.975
 10
179.41326703961022
 20
-7.975
 10
179.366699
 20
-7.975
 10
179.36614485076242
 20
-7.9751768321754035
 10
179.365715
 20
-7.975314
 10
179.36559279432464
 20
-7.975417621402148
 10
179.365498
 20
-7.975498
 10
179.36541762140214
 20
-7.975593231164847
  0
LWPOLYLINE
  5
20C
330
17
100
AcDbEntity
  8
VISTA
100
AcDbPolyline
 90
9
 70
1
 10
177.295002
 20
-12.031501
 10
177.295002
 20
-12.026965062992126
 10
177.295002
 20
-12.0225
 10
176.65248130708662
 20
-12.0225
 10
176.02
 20
-12.0225
 10
176.02
 20
-12.027035937007875
 10
176.02
 20
-12.031501
 10
176.66252069291338
 20
-12.031501
 10
177.295002
 20
-12.031501
  0
LWPOLYLINE
  5
20D
330
17
100
AcDbEntity
  8
VISTA
100
AcDbPolyline
 90
9
 70
1
 10
177.293089
 20
-12.057501
 10
177.293089
 20
-12.05296495636121
 10
177.293089
 20
-12.0485
 10
176.65248181496062
 20
-12.0485
 10
176.021914
 20
-12.0485
 10
176.021914
 20
-12.05303604363879
 10
176.021914
 20
-12.057501
 10
176.66252118503937
 20
-12.057501
 10
177.293089
 20
-12.057501
  0
LWPOLYLINE
  5
20E
330
17
100
AcDbEntity
  8
VISTA
100
AcDbPolyline
 90
9
 70
1
 10
181.195
 20
-12.028501
 10
181.195
 20
-12.023965062992126
 10
181.195
 20
-12.0195
 10
180.35090551181102
 20
-12.0195
 10
179.52
 20
-12.0195
 10
179.52
 20
-12.024035937007875
 10
179.52
 20
-12.028501
 10
180.36409448818898
 20
-12.028501
 10
181.195
 20
-12.028501
  0
LWPOLYLINE
  5
20F
330
17
100
AcDbEntity
  8
VISTA
100
AcDbPolyline
 90
9
 70
1
 10
181.192488
 20
-12.054501
 10
181.192488
 20
-12.04996495636121
 10
181.192488
 20
-12.0455
 10
180.35090550786217
 20
-12.0455
 10
179.522512
 20
-12.0455
 10
179.522512
 20
-12.05003604363879
 10
179.522512
 20
-12.054501
 10
180.36409449213784
 20
-12.054501
 10
181.192488
 20
-12.054501
  0
LINE
  5
210
330
17
100
AcDbEntity
  8
CORTE
100
AcDbLine
 10
181.804499
 20
-6.0
 30
0.0
 11
181.91795694139768
 21
-6.0
 31
0.0
  0
LINE
  5
211
330
17
100
AcDbEntity
  8
CORTE
100
AcDbLine
 10
181.91795694139768
 20
-6.0
 30
0.0
 11
181.995501
 21
-6.0
 31
0.0
  0
LWPOLYLINE
  5
212
330
17
100
AcDbEntity
  8
VISTA
100
AcDbPolyline
 90
16
 70
1
 10
178.75126938263867
 20
-6.1
 10
181.44905178996865
 20
-6.1
 10
181.995501
 20
-6.1
 10
181.99704721952367
 20
-6.099506374020683
 10
181.998104
 20
-6.099169
 10
181.99844734033218
 20
-6.09887971497963
 10
181.998682
 20
-6.098682
 10
181.99887930899405
 20
-6.098447746317769
 10
181.999168
 20
-6.098105
 10
181.99950578000627
 20
-6.097047407552492
 10
182.0
 20
-6.0955
 10
182.0
 20
-6.01795675336885
 10
182.0
 20
-6.0
 10
174.1
 20
-6.0
 10
174.1
 20
-6.1
 10
178.75126938263867
 20
-6.1
  0
LINE
  5
213
330
17
100
AcDbEntity
  8
VISTA
100
AcDbLine
 10
174.1
 20
-6.0
 30
0.0
 11
174.11795675336884
 21
-6.0
 31
0.0
  0
LINE
  5
214
330
17
100
AcDbEntity
  8
VISTA
100
AcDbLine
 10
174.11795675336884
 20
-6.0
 30
0.0
 11
174.1955
 21
-6.0
 31
0.0
  0
LWPOLYLINE
  5
215
330
17
100
AcDbEntity
  8
VISTA
100
AcDbPolyline
 90
24
 70
1
 10
174.11795704432393
 20
-6.64
 10
174.1955
 20
-6.64
 10
174.1970480015669
 20
-6.639506374020683
 10
174.198106
 20
-6.639169
 10
174.19844874631778
 20
-6.63887971497963
 10
174.198683
 20
-6.638682
 10
174.19888030899403
 20
-6.638447746317769
 10
174.199169
 20
-6.638105
 10
174.19950678000626
 20
-6.637047407552492
 10
174.200001
 20
-6.6355
 10
174.200001
 20
-6.379323096208085
 10
174.200001
 20
-6.0045
 10
174.19966321999374
 20
-6.003442407552492
 10
174.199169
 20
-6.001895
 10
174.19897169100597
 20
-6.001660746317769
 10
174.198683
 20
-6.001318
 10
174.19844874631778
 20
-6.00112028502037
 10
174.198106
 20
-6.000831
 10
174.1970480015669
 20
-6.000493625979317
 10
174.1955
 20
-6.0
 10
174.11795675336884
 20
-6.0
 10
174.1
 20
-6.0
 10
174.1
 20
-6.64
 10
174.11795704432393
 20
-6.64
  0
LWPOLYLINE
  5
216
330
17
100
AcDbEntity
  8
VISTA
100
AcDbPolyline
 90
57
 70
1
 10
176.031
 20
-11.8745
 10
176.0308494047619
 20
-11.871819404761904
 10
176.030725
 20
-11.869605
 10
176.03027923809523
 20
-11.867058571428572
 10
176.029911
 20
-11.864955
 10
176.02919361904762
 20
-11.86267088095238
 10
176.028601
 20
-11.860784
 10
176.02764704761904
 20
-11.858876095238095
 10
176.026859
 20
-11.8573
 10
176.02571666666665
 20
-11.85586469047619
 10
176.024773
 20
-11.854679
 10
176.02349978571428
 20
-11.853788023809525
 10
176.022448
 20
-11.853052
 10
176.02110742857144
 20
-11.852749714285714
 10
176.02
 20
-11.8525
 10
176.01865997619046
 20
-11.852802285714285
 10
176.017553
 20
-11.853052
 10
176.0162797857143
 20
-11.853942976190476
 10
176.015228
 20
-11.854679
 10
176.01408566666666
 20
-11.85611430952381
 10
176.013142
 20
-11.8573
 10
176.01218804761905
 20
-11.859207904761906
 10
176.0114
 20
-11.860784
 10
176.01068261904763
 20
-11.86306811904762
 10
176.01009
 20
-11.864955
 10
176.0096436904762
 20
-11.867501428571428
 10
176.009275
 20
-11.869605
 10
176.00912495238094
 20
-11.872285595238095
 10
176.009001
 20
-11.8745
 10
176.00915104761904
 20
-11.877180595238094
 10
176.009275
 20
-11.879395
 10
176.0097213095238
 20
-11.881941976190475
 10
176.01009
 20
-11.884046
 10
176.01080738095237
 20
-11.886330119047619
 10
176.0114
 20
-11.888217
 10
176.01235395238095
 20
-11.890124904761905
 10
176.013142
 20
-11.891701
 10
176.01428433333334
 20
-11.89313576190476
 10
176.015228
 20
-11.894321
 10
176.0165012142857
 20
-11.895211976190476
 10
176.017553
 20
-11.895948
 10
176.0188930238095
 20
-11.896250833333333
 10
176.02
 20
-11.896501
 10
176.02134057142857
 20
-11.896198166666668
 10
176.022448
 20
-11.895948
 10
176.02372121428573
 20
-11.895057023809525
 10
176.024773
 20
-11.894321
 10
176.02591533333333
 20
-11.892886238095238
 10
176.026859
 20
-11.891701
 10
176.02781295238094
 20
-11.889793095238094
 10
176.028601
 20
-11.888217
 10
176.0293183809524
 20
-11.88593288095238
 10
176.029911
 20
-11.884046
 10
176.03035676190476
 20
-11.881499023809525
 10
176.030725
 20
-11.879395
 10
176.0308755952381
 20
-11.876714404761906
 10
176.031
 20
-11.8745
  0
LWPOLYLINE
  5
217
330
17
100
AcDbEntity
  8
VISTA
100
AcDbPolyline
 90
57
 70
1
 10
179.531
 20
-11.8715
 10
179.5308494047619
 20
-11.868819404761904
 10
179.530725
 20
-11.866605
 10
179.53027923809523
 20
-11.864058571428572
 10
179.529911
 20
-11.861955
 10
179.52919361904762
 20
-11.859670333333334
 10
179.528601
 20
-11.857783
 10
179.52764704761904
 20
-11.855875642857143
 10
179.526859
 20
-11.8543
 10
179.52571666666665
 20
-11.85286469047619
 10
179.524773
 20
-11.851679
 10
179.52349978571428
 20
-11.850788023809525
 10
179.522448
 20
-11.850052
 10
179.52110742857144
 20
-11.849749714285714
 10
179.52
 20
-11.8495
 10
179.51865997619046
 20
-11.849802285714286
 10
179.517553
 20
-11.850052
 10
179.5162797857143
 20
-11.850942976190476
 10
179.515228
 20
-11.851679
 10
179.51408566666666
 20
-11.85311430952381
 10
179.513142
 20
-11.8543
 10
179.51218804761905
 20
-11.856207357142857
 10
179.5114
 20
-11.857783
 10
179.51068261904763
 20
-11.860067666666666
 10
179.51009
 20
-11.861955
 10
179.5096436904762
 20
-11.864501428571428
 10
179.509275
 20
-11.866605
 10
179.50912495238094
 20
-11.869285595238095
 10
179.509001
 20
-11.8715
 10
179.50915104761904
 20
-11.874180595238094
 10
179.509275
 20
-11.876395
 10
179.5097213095238
 20
-11.878941428571428
 10
179.51009
 20
-11.881045
 10
179.51080738095237
 20
-11.883329666666667
 10
179.5114
 20
-11.885217
 10
179.51235395238095
 20
-11.887124357142858
 10
179.513142
 20
-11.8887
 10
179.51428433333334
 20
-11.89013530952381
 10
179.515228
 20
-11.891321
 10
179.5165012142857
 20
-11.892211976190476
 10
179.517553
 20
-11.892948
 10
179.5188930238095
 20
-11.893250285714286
 10
179.52
 20
-11.8935
 10
179.52134057142857
 20
-11.893197714285714
 10
179.522448
 20
-11.892948
 10
179.52372121428573
 20
-11.892057023809524
 10
179.524773
 20
-11.891321
 10
179.52591533333333
 20
-11.88988569047619
 10
179.526859
 20
-11.8887
 10
179.52781295238094
 20
-11.886792642857143
 10
179.528601
 20
-11.885217
 10
179.5293183809524
 20
-11.882932333333335
 10
179.529911
 20
-11.881045
 10
179.53035676190476
 20
-11.878498571428572
 10
179.530725
 20
-11.876395
 10
179.5308755952381
 20
-11.873714404761905
 10
179.531
 20
-11.8715
  0
LWPOLYLINE
  5
218
330
17
100
AcDbEntity
  8
VISTA
100
AcDbPolyline
 90
41
 70
1
 10
177.71584129140328
 20
-6.148743823640961
 10
177.715647
 20
-6.148974
 10
177.7153316795196
 20
-6.149961386852086
 10
177.715
 20
-6.151
 10
177.715
 20
-6.169519595448799
 10
177.715
 20
-6.189
 10
177.7153153204804
 20
-6.189987386852086
 10
177.715647
 20
-6.191026
 10
177.7158317085967
 20
-6.191244823640961
 10
177.716026
 20
-6.191475
 10
177.71624482364095
 20
-6.191659708596713
 10
177.716475
 20
-6.191854
 10
177.7174618994943
 20
-6.192168833122629
 10
177.7185
 20
-6.1925
 10
178.4997350006321
 20
-6.1925
 10
179.321501
 20
-6.1925
 10
179.32248789949432
 20
-6.192185166877371
 10
179.32352600000002
 20
-6.191854
 10
179.32374482364096
 20
-6.1916692914032865
 10
179.323975
 20
-6.191475
 10
179.32416929140328
 20
-6.191244823640961
 10
179.324354
 20
-6.191026
 10
179.3246856795196
 20
-6.189987386852086
 10
179.325001
 20
-6.189
 10
179.325001
 20
-6.169519595448799
 10
179.325001
 20
-6.151
 10
179.3246693204804
 20
-6.149961386852086
 10
179.324354
 20
-6.148974
 10
179.3241597085967
 20
-6.148743823640961
 10
179.323975
 20
-6.148525
 10
179.32374482364096
 20
-6.148330708596713
 10
179.32352600000002
 20
-6.148146
 10
179.32248789949432
 20
-6.147814833122629
 10
179.321501
 20
-6.1475
 10
178.4997350006321
 20
-6.1475
 10
177.7185
 20
-6.1475
 10
177.7174618994943
 20
-6.147831166877371
 10
177.716475
 20
-6.148146
 10
177.71624482364095
 20
-6.1483402914032865
 10
177.716026
 20
-6.148525
 10
177.71584129140328
 20
-6.148743823640961
  0
LWPOLYLINE
  5
219
330
17
100
AcDbEntity
  8
VISTA
100
AcDbPolyline
 90
41
 70
1
 10
177.7178402914033
 20
-6.181243823640961
 10
177.717646
 20
-6.181474
 10
177.7173306795196
 20
-6.182461386852086
 10
177.716999
 20
-6.1835
 10
177.716999
 20
-6.453008849557523
 10
177.716999
 20
-6.7365
 10
177.7173143204804
 20
-6.737487386852086
 10
177.717646
 20
-6.738526
 10
177.71783070859672
 20
-6.738744823640961
 10
177.718025
 20
-6.738975
 10
177.7182433362832
 20
-6.739159708596713
 10
177.718473
 20
-6.739354
 10
177.7194603868521
 20
-6.7396688331226295
 10
177.720499
 20
-6.74
 10
177.72975928508217
 20
-6.74
 10
177.7395
 20
-6.74
 10
177.7404873868521
 20
-6.73968516687737
 10
177.741526
 20
-6.739354
 10
177.74174433628318
 20
-6.739169291403287
 10
177.741974
 20
-6.738975
 10
177.7421682914033
 20
-6.738744823640961
 10
177.742353
 20
-6.738526
 10
177.74268467951958
 20
-6.737487386852086
 10
177.743
 20
-6.7365
 10
177.743
 20
-6.453008849557523
 10
177.743
 20
-6.1835
 10
177.7426683204804
 20
-6.182461386852086
 10
177.742353
 20
-6.181474
 10
177.74215870859672
 20
-6.181243823640961
 10
177.741974
 20
-6.181025
 10
177.74174433628318
 20
-6.180830708596713
 10
177.741526
 20
-6.180646
 10
177.7404873868521
 20
-6.18031483312263
 10
177.7395
 20
-6.18
 10
177.72975928508217
 20
-6.18
 10
177.720499
 20
-6.18
 10
177.7194603868521
 20
-6.18033116687737
 10
177.718473
 20
-6.180646
 10
177.7182433362832
 20
-6.180840291403287
 10
177.718025
 20
-6.181025
 10
177.7178402914033
 20
-6.181243823640961
  0
LWPOLYLINE
  5
21A
330
17
100
AcDbEntity
  8
VISTA
100
AcDbPolyline
 90
41
 70
1
 10
178.26784129140327
 20
-6.181243823640961
 10
178.267647
 20
-6.181474
 10
178.2673316795196
 20
-6.182461386852086
 10
178.267
 20
-6.1835
 10
178.267
 20
-6.453008849557523
 10
178.267
 20
-6.7365
 10
178.2673153204804
 20
-6.737487386852086
 10
178.267647
 20
-6.738526
 10
178.2678317085967
 20
-6.738744823640961
 10
178.268026
 20
-6.738975
 10
178.26824482364097
 20
-6.739159708596713
 10
178.268475
 20
-6.739354
 10
178.2694618994943
 20
-6.7396688331226295
 10
178.2705
 20
-6.74
 10
178.27976028508218
 20
-6.74
 10
178.289501
 20
-6.74
 10
178.29048838685208
 20
-6.73968516687737
 10
178.291527
 20
-6.739354
 10
178.29174533628318
 20
-6.739169291403287
 10
178.291975
 20
-6.738975
 10
178.2921698040455
 20
-6.738744823640961
 10
178.292355
 20
-6.738526
 10
178.29268616687736
 20
-6.737487386852086
 10
178.293001
 20
-6.7365
 10
178.293001
 20
-6.453008849557523
 10
178.293001
 20
-6.1835
 10
178.29266983312263
 20
-6.182461386852086
 10
178.292355
 20
-6.181474
 10
178.2921601959545
 20
-6.181243823640961
 10
178.291975
 20
-6.181025
 10
178.29174533628318
 20
-6.180830708596713
 10
178.291527
 20
-6.180646
 10
178.29048838685208
 20
-6.18031483312263
 10
178.289501
 20
-6.18
 10
178.27976028508218
 20
-6.18
 10
178.2705
 20
-6.18
 10
178.2694618994943
 20
-6.18033116687737
 10
178.268475
 20
-6.180646
 10
178.26824482364097
 20
-6.180840291403287
 10
178.268026
 20
-6.181025
 10
178.26784129140327
 20
-6.181243823640961
  0
LWPOLYLINE
  5
21B
330
17
100
AcDbEntity
  8
VISTA
100
AcDbPolyline
 90
41
 70
1
 10
178.79784029140328
 20
-6.181243823640961
 10
178.797646
 20
-6.181474
 10
178.7973306795196
 20
-6.182461386852086
 10
178.796999
 20
-6.1835
 10
178.796999
 20
-6.453008849557523
 10
178.796999
 20
-6.7365
 10
178.7973143204804
 20
-6.737487386852086
 10
178.797646
 20
-6.738526
 10
178.7978307085967
 20
-6.738744823640961
 10
178.798025
 20
-6.738975
 10
178.79824333628318
 20
-6.739159708596713
 10
178.798473
 20
-6.739354
 10
178.79946038685208
 20
-6.7396688331226295
 10
178.800499
 20
-6.74
 10
178.80975928508218
 20
-6.74
 10
178.8195
 20
-6.74
 10
178.82048738685208
 20
-6.73968516687737
 10
178.821526
 20
-6.739354
 10
178.8217443362832
 20
-6.739169291403287
 10
178.821974
 20
-6.738975
 10
178.82216829140327
 20
-6.738744823640961
 10
178.822353
 20
-6.738526
 10
178.8226846795196
 20
-6.737487386852086
 10
178.823
 20
-6.7365
 10
178.823
 20
-6.453008849557523
 10
178.823
 20
-6.1835
 10
178.8226683204804
 20
-6.182461386852086
 10
178.822353
 20
-6.181474
 10
178.8221587085967
 20
-6.181243823640961
 10
178.821974
 20
-6.181025
 10
178.8217443362832
 20
-6.180830708596713
 10
178.821526
 20
-6.180646
 10
178.82048738685208
 20
-6.18031483312263
 10
178.8195
 20
-6.18
 10
178.80975928508218
 20
-6.18
 10
178.800499
 20
-6.18
 10
178.79946038685208
 20
-6.18033116687737
 10
178.798473
 20
-6.180646
 10
178.79824333628318
 20
-6.180840291403287
 10
178.798025
 20
-6.181025
 10
178.79784029140328
 20
-6.181243823640961
  0
LWPOLYLINE
  5
21C
330
17
100
AcDbEntity
  8
VISTA
100
AcDbPolyline
 90
41
 70
1
 10
179.29784029140328
 20
-6.181243823640961
 10
179.297646
 20
-6.181474
 10
179.2973306795196
 20
-6.182461386852086
 10
179.296999
 20
-6.1835
 10
179.296999
 20
-6.453008849557523
 10
179.296999
 20
-6.7365
 10
179.2973143204804
 20
-6.737487386852086
 10
179.297646
 20
-6.738526
 10
179.2978307085967
 20
-6.738744823640961
 10
179.298025
 20
-6.738975
 10
179.29824333628318
 20
-6.739159708596713
 10
179.298473
 20
-6.739354
 10
179.29946038685208
 20
-6.7396688331226295
 10
179.300499
 20
-6.74
 10
179.30975928508218
 20
-6.74
 10
179.3195
 20
-6.74
 10
179.32048738685208
 20
-6.73968516687737
 10
179.321526
 20
-6.739354
 10
179.3217443362832
 20
-6.739169291403287
 10
179.321974
 20
-6.738975
 10
179.32216829140327
 20
-6.738744823640961
 10
179.322353
 20
-6.738526
 10
179.3226846795196
 20
-6.737487386852086
 10
179.323
 20
-6.7365
 10
179.323
 20
-6.453008849557523
 10
179.323
 20
-6.1835
 10
179.3226683204804
 20
-6.182461386852086
 10
179.322353
 20
-6.181474
 10
179.3221587085967
 20
-6.181243823640961
 10
179.321974
 20
-6.181025
 10
179.3217443362832
 20
-6.180830708596713
 10
179.321526
 20
-6.180646
 10
179.32048738685208
 20
-6.18031483312263
 10
179.3195
 20
-6.18
 10
179.30975928508218
 20
-6.18
 10
179.300499
 20
-6.18
 10
179.29946038685208
 20
-6.18033116687737
 10
179.298473
 20
-6.180646
 10
179.29824333628318
 20
-6.180840291403287
 10
179.298025
 20
-6.181025
 10
179.29784029140328
 20
-6.181243823640961
  0
LWPOLYLINE
  5
21D
330
17
100
AcDbEntity
  8
VISTA
100
AcDbPolyline
 90
41
 70
1
 10
181.7685011237785
 20
-8.826694209011944
 10
181.768332
 20
-8.826895
 10
181.76778952877308
 20
-8.828593482627578
 10
181.76749999999998
 20
-8.8295
 10
181.76749999999998
 20
-10.147209554831704
 10
181.76749999999998
 20
-10.8505
 10
181.76804247122692
 20
-10.852199134636265
 10
181.768332
 20
-10.853106
 10
181.7686488762215
 20
-10.853482209011943
 10
181.768818
 20
-10.853683
 10
181.76919486102062
 20
-10.854000528230184
 10
181.769396
 20
-10.85417
 10
181.77109448262757
 20
-10.854711167209555
 10
181.772001
 20
-10.855
 10
181.7824324869707
 20
-10.855
 10
181.788
 20
-10.855
 10
181.78969913463627
 20
-10.854458832790446
 10
181.790606
 20
-10.85417
 10
181.79098220901193
 20
-10.853852471769816
 10
181.791183
 20
-10.853683
 10
181.7913524717698
 20
-10.853482209011943
 10
181.79167
 20
-10.853106
 10
181.79195918078176
 20
-10.852199134636265
 10
181.79250100000002
 20
-10.8505
 10
181.79250100000002
 20
-10.147209554831704
 10
181.79250100000002
 20
-8.8295
 10
181.79221181921824
 20
-8.828593482627578
 10
181.79167
 20
-8.826895
 10
181.7915005282302
 20
-8.826694209011944
 10
181.791183
 20
-8.826318
 10
181.79098220901193
 20
-8.82614818023887
 10
181.790606
 20
-8.82583
 10
181.78969913463627
 20
-8.825541167209554
 10
181.788
 20
-8.825
 10
181.7824324869707
 20
-8.825
 10
181.772001
 20
-8.825
 10
181.77109448262757
 20
-8.825288832790445
 10
181.769396
 20
-8.82583
 10
181.76919486102062
 20
-8.82599981976113
 10
181.768818
 20
-8.826318
 10
181.7685011237785
 20
-8.826694209011944
  0
LWPOLYLINE
  5
21E
330
17
100
AcDbEntity
  8
VISTA
100
AcDbPolyline
 90
41
 70
1
 10
181.05392321196283
 20
-10.969585497289973
 10
181.053814
 20
-10.969715
 10
181.05368698780487
 20
-10.970111761904763
 10
181.053499
 20
-10.970699
 10
181.053499
 20
-10.978199170925281
 10
181.053499
 20
-10.9893
 10
181.0536260121951
 20
-10.989696761904762
 10
181.053814
 20
-10.990284
 10
181.05388778803717
 20
-10.990371497289974
 10
181.053997
 20
-10.990501
 10
181.05408530371662
 20
-10.990575191250484
 10
181.054216
 20
-10.990685
 10
181.05461316511807
 20
-10.990811608981804
 10
181.055201
 20
-10.990999
 10
181.06390960123886
 20
-10.990999
 10
181.076799
 20
-10.990999
 10
181.0771961651181
 20
-10.990872391018195
 10
181.077784
 20
-10.990685
 10
181.07787230371662
 20
-10.990610808749516
 10
181.078003
 20
-10.990501
 10
181.07811221196283
 20
-10.990371497289974
 10
181.078186
 20
-10.990284
 10
181.07837398780487
 20
-10.989696761904762
 10
181.078501
 20
-10.9893
 10
181.078501
 20
-10.978199170925281
 10
181.078501
 20
-10.970699
 10
181.0783130121951
 20
-10.970111761904763
 10
181.078186
 20
-10.969715
 10
181.07807678803715
 20
-10.969585497289973
 10
181.078003
 20
-10.969498
 10
181.07787230371662
 20
-10.969388191250484
 10
181.077784
 20
-10.969314
 10
181.0771961651181
 20
-10.969126608981805
 10
181.076799
 20
-10.969
 10
181.06390960123886
 20
-10.969
 10
181.055201
 20
-10.969
 10
181.05461316511807
 20
-10.969187391018195
 10
181.054216
 20
-10.969314
 10
181.05408530371662
 20
-10.969423808749516
 10
181.053997
 20
-10.969498
 10
181.05392321196283
 20
-10.969585497289973
  0
LWPOLYLINE
  5
21F
330
17
100
AcDbEntity
  8
VISTA
100
AcDbPolyline
 90
41
 70
1
 10
175.02618158346334
 20
-11.623980478159126
 10
175.025831
 20
-11.624395
 10
175.02559727925117
 20
-11.625128826833073
 10
175.025001
 20
-11.627001
 10
175.025001
 20
-11.63432209126365
 10
175.025001
 20
-11.653
 10
175.02523472074884
 20
-11.65373354524181
 10
175.025831
 20
-11.655605
 10
175.02596841653667
 20
-11.655767478159126
 10
175.026319
 20
-11.656182
 10
175.02648147815913
 20
-11.656319416536661
 10
175.026896
 20
-11.65667
 10
175.02762926365054
 20
-11.656903720748831
 10
175.0295
 20
-11.6575
 10
175.35079563182526
 20
-11.6575
 10
176.1705
 20
-11.6575
 10
176.17123354524182
 20
-11.65726627925117
 10
176.173105
 20
-11.65667
 10
176.1732677597504
 20
-11.656532583463338
 10
176.173683
 20
-11.656182
 10
176.1740328650546
 20
-11.655767478159126
 10
176.17417
 20
-11.655605
 10
176.1747669976599
 20
-11.65373354524181
 10
176.175001
 20
-11.653
 10
176.175001
 20
-11.63432209126365
 10
176.175001
 20
-11.627001
 10
176.17440400234008
 20
-11.625128826833073
 10
176.17417
 20
-11.624395
 10
176.1738201349454
 20
-11.623980478159126
 10
176.173683
 20
-11.623818
 10
176.1732677597504
 20
-11.623468134945398
 10
176.173105
 20
-11.623331
 10
176.17123354524182
 20
-11.622734002340094
 10
176.1705
 20
-11.6225
 10
175.35079563182526
 20
-11.6225
 10
175.0295
 20
-11.6225
 10
175.02762926365054
 20
-11.623096997659907
 10
175.026896
 20
-11.623331
 10
175.02648147815913
 20
-11.623680865054602
 10
175.026319
 20
-11.623818
 10
175.02618158346334
 20
-11.623980478159126
  0
LWPOLYLINE
  5
220
330
17
100
AcDbEntity
  8
VISTA
100
AcDbPolyline
 90
9
 70
1
 10
174.69
 20
-12.12
 10
174.69
 20
-12.105479515999999
 10
174.69
 20
-12.089999
 10
174.66096
 20
-12.089999
 10
174.63
 20
-12.089999
 10
174.63
 20
-12.104519484
 10
174.63
 20
-12.12
 10
174.65904
 20
-12.12
 10
174.69
 20
-12.12
  0
LWPOLYLINE
  5
221
330
17
100
AcDbEntity
  8
VISTA
100
AcDbPolyline
 90
9
 70
1
 10
177.450001
 20
-12.12
 10
177.450001
 20
-12.105479515999999
 10
177.450001
 20
-12.089999
 10
177.420960032
 20
-12.089999
 10
177.389999
 20
-12.089999
 10
177.389999
 20
-12.104519484
 10
177.389999
 20
-12.12
 10
177.419039968
 20
-12.12
 10
177.450001
 20
-12.12
  0
LWPOLYLINE
  5
222
330
17
100
AcDbEntity
  8
VISTA
100
AcDbPolyline
 90
9
 70
1
 10
176.060001
 20
-12.12
 10
176.060001
 20
-12.105479515999999
 10
176.060001
 20
-12.089999
 10
176.040640516
 20
-12.089999
 10
176.02
 20
-12.089999
 10
176.02
 20
-12.104519484
 10
176.02
 20
-12.12
 10
176.03936048399999
 20
-12.12
 10
176.060001
 20
-12.12
  0
LWPOLYLINE
  5
223
330
17
100
AcDbEntity
  8
VISTA
100
AcDbPolyline
 90
9
 70
1
 10
177.860001
 20
-12.12
 10
177.860001
 20
-12.105479515999999
 10
177.860001
 20
-12.089999
 10
177.830960032
 20
-12.089999
 10
177.799999
 20
-12.089999
 10
177.799999
 20
-12.104519484
 10
177.799999
 20
-12.12
 10
177.829039968
 20
-12.12
 10
177.860001
 20
-12.12
  0
LWPOLYLINE
  5
224
330
17
100
AcDbEntity
  8
VISTA
100
AcDbPolyline
 90
9
 70
1
 10
181.400002
 20
-12.12
 10
181.400002
 20
-12.105479515999999
 10
181.400002
 20
-12.089999
 10
181.370961032
 20
-12.089999
 10
181.34
 20
-12.089999
 10
181.34
 20
-12.104519484
 10
181.34
 20
-12.12
 10
181.369040968
 20
-12.12
 10
181.400002
 20
-12.12
  0
LWPOLYLINE
  5
225
330
17
100
AcDbEntity
  8
VISTA
100
AcDbPolyline
 90
9
 70
1
 10
179.620001
 20
-12.12
 10
179.620001
 20
-12.105479515999999
 10
179.620001
 20
-12.089999
 10
179.600640516
 20
-12.089999
 10
179.57999999999998
 20
-12.089999
 10
179.57999999999998
 20
-12.104519484
 10
179.57999999999998
 20
-12.12
 10
179.599360484
 20
-12.12
 10
179.620001
 20
-12.12
  0
LWPOLYLINE
  5
226
330
17
100
AcDbEntity
  8
VISTA
100
AcDbPolyline
 90
41
 70
1
 10
179.40585903976503
 20
-7.975610829191143
 10
179.405645
 20
-7.975737
 10
179.40536374107546
 20
-7.976179415047446
 10
179.405001
 20
-7.97675
 10
179.405001
 20
-7.997058291911433
 10
179.405001
 20
-8.02325
 10
179.40528225892453
 20
-8.023692415047448
 10
179.405645
 20
-8.024263
 10
179.405810960235
 20
-8.024360829191144
 10
179.406025
 20
-8.024487
 10
179.4062206583823
 20
-8.024569980117489
 10
179.406473
 20
-8.024677
 10
179.4073587035698
 20
-8.02481806619973
 10
179.408501
 20
-8.025
 10
179.41854508811568
 20
-8.025
 10
179.431499
 20
-8.025
 10
179.43238470356982
 20
-8.024858933800271
 10
179.433527
 20
-8.024677
 10
179.4337226583823
 20
-8.024594019882512
 10
179.433975
 20
-8.024487
 10
179.43418903976502
 20
-8.024360829191144
 10
179.434355
 20
-8.024263
 10
179.43471774107547
 20
-8.023692415047448
 10
179.434999
 20
-8.02325
 10
179.434999
 20
-7.997058291911433
 10
179.434999
 20
-7.97675
 10
179.43463625892454
 20
-7.976179415047446
 10
179.434355
 20
-7.975737
 10
179.43414096023497
 20
-7.975610829191143
 10
179.433975
 20
-7.975513
 10
179.4337226583823
 20
-7.975405980117488
 10
179.433527
 20
-7.975323
 10
179.43238470356982
 20
-7.975141066199729
 10
179.431499
 20
-7.975
 10
179.41854508811568
 20
-7.975
 10
179.408501
 20
-7.975
 10
179.4073587035698
 20
-7.975181933800271
 10
179.406473
 20
-7.975323
 10
179.4062206583823
 20
-7.975430019882513
 10
179.406025
 20
-7.975513
 10
179.40585903976503
 20
-7.975610829191143
  0
LWPOLYLINE
  5
227
330
17
100
AcDbEntity
  8
VISTA
100
AcDbPolyline
 90
41
 70
1
 10
179.40585903976503
 20
-7.095610265928603
 10
179.405645
 20
-7.095737
 10
179.40536374107546
 20
-7.096179415047446
 10
179.405001
 20
-7.09675
 10
179.405001
 20
-7.117058291911433
 10
179.405001
 20
-7.14325
 10
179.40528225892453
 20
-7.143692415047447
 10
179.405645
 20
-7.144263
 10
179.405810960235
 20
-7.144360829191143
 10
179.406025
 20
-7.144487
 10
179.4062206583823
 20
-7.144569980117487
 10
179.406473
 20
-7.144677
 10
179.4073587035698
 20
-7.144818066199728
 10
179.408501
 20
-7.145
 10
179.41854508811568
 20
-7.145
 10
179.431499
 20
-7.145
 10
179.43238470356982
 20
-7.144858933800271
 10
179.433527
 20
-7.144677
 10
179.4337226583823
 20
-7.144594019882512
 10
179.433975
 20
-7.144487
 10
179.43418903976502
 20
-7.144360829191143
 10
179.434355
 20
-7.144263
 10
179.43471774107547
 20
-7.143692415047447
 10
179.434999
 20
-7.14325
 10
179.434999
 20
-7.117058291911433
 10
179.434999
 20
-7.09675
 10
179.43463625892454
 20
-7.096179415047446
 10
179.434355
 20
-7.095737
 10
179.43414096023497
 20
-7.095610265928603
 10
179.433975
 20
-7.095512
 10
179.4337226583823
 20
-7.095405543380027
 10
179.433527
 20
-7.095323
 10
179.43238470356982
 20
-7.095141066199728
 10
179.431499
 20
-7.095
 10
179.41854508811568
 20
-7.095
 10
179.408501
 20
-7.095
 10
179.4073587035698
 20
-7.095181933800271
 10
179.406473
 20
-7.095323
 10
179.4062206583823
 20
-7.095429456619973
 10
179.406025
 20
-7.095512
 10
179.40585903976503
 20
-7.095610265928603
  0
LINE
  5
228
330
17
100
AcDbEntity
  8
VISTA
100
AcDbLine
 10
175.5380236640616
 20
-6.165570684940429
 30
0.0
 11
175.820001
 21
-6.165665828189419
 31
0.0
  0
LINE
  5
229
330
17
100
AcDbEntity
  8
VISTA
100
AcDbLine
 10
175.5380236640616
 20
-6.165570684940429
 30
0.0
 11
175.34867370538396
 21
-6.165506189170454
 31
0.0
  0
LINE
  5
22A
330
17
100
AcDbEntity
  8
VISTA
100
AcDbLine
 10
175.2603363682361
 20
-6.164985888984006
 30
0.0
 11
175.34867370538396
 21
-6.165506189170454
 31
0.0
  0
LINE
  5
22B
330
17
100
AcDbEntity
  8
VISTA
100
AcDbLine
 10
175.2603363682361
 20
-6.164985888984006
 30
0.0
 11
175.22314697660818
 21
-6.164759082321188
 31
0.0
  0
LINE
  5
22C
330
17
100
AcDbEntity
  8
VISTA
100
AcDbLine
 10
175.15658896545517
 20
-6.164073152502777
 30
0.0
 11
175.22314697660818
 21
-6.164759082321188
 31
0.0
  0
LINE
  5
22D
330
17
100
AcDbEntity
  8
VISTA
100
AcDbLine
 10
175.15658896545517
 20
-6.164073152502777
 30
0.0
 11
175.13617223545438
 21
-6.163878431212298
 31
0.0
  0
LINE
  5
22E
330
17
100
AcDbEntity
  8
VISTA
100
AcDbLine
 10
175.08925812186231
 20
-6.163171376796645
 30
0.0
 11
175.13617223545438
 21
-6.163878431212298
 31
0.0
  0
LINE
  5
22F
330
17
100
AcDbEntity
  8
VISTA
100
AcDbLine
 10
175.08925812186231
 20
-6.163171376796645
 30
0.0
 11
175.065351520797
 21
-6.162855069489415
 31
0.0
  0
LINE
  5
230
330
17
100
AcDbEntity
  8
VISTA
100
AcDbLine
 10
175.03562790969653
 20
-6.161841855744716
 30
0.0
 11
175.065351520797
 21
-6.162855069489415
 31
0.0
  0
LINE
  5
231
330
17
100
AcDbEntity
  8
VISTA
100
AcDbLine
 10
175.03562790969653
 20
-6.161841855744716
 30
0.0
 11
175.01589255453985
 21
-6.161159601152975
 31
0.0
  0
LINE
  5
232
330
17
100
AcDbEntity
  8
VISTA
100
AcDbLine
 10
174.9948154685742
 20
-6.15941702914646
 30
0.0
 11
175.01589255453985
 21
-6.161159601152975
 31
0.0
  0
LINE
  5
233
330
17
100
AcDbEntity
  8
VISTA
100
AcDbLine
 10
174.9948154685742
 20
-6.15941702914646
 30
0.0
 11
174.98655733475954
 21
-6.158699792092544
 31
0.0
  0
LINE
  5
234
330
17
100
AcDbEntity
  8
VISTA
100
AcDbLine
 10
174.96787602197136
 20
-6.15633506147954
 30
0.0
 11
174.98655733475954
 21
-6.158699792092544
 31
0.0
  0
LINE
  5
235
330
17
100
AcDbEntity
  8
VISTA
100
AcDbLine
 10
174.96787602197136
 20
-6.15633506147954
 30
0.0
 11
174.9622122801303
 21
-6.155659255700326
 31
0.0
  0
LINE
  5
236
330
17
100
AcDbEntity
  8
VISTA
100
AcDbLine
 10
174.94791623528155
 20
-6.152740538335588
 30
0.0
 11
174.9622122801303
 21
-6.155659255700326
 31
0.0
  0
LINE
  5
237
330
17
100
AcDbEntity
  8
VISTA
100
AcDbLine
 10
174.94791623528155
 20
-6.152740538335588
 30
0.0
 11
174.9401460375998
 21
-6.151324614730878
 31
0.0
  0
LINE
  5
238
330
17
100
AcDbEntity
  8
VISTA
100
AcDbLine
 10
174.93677901363617
 20
-6.141588942753409
 30
0.0
 11
174.9401460375998
 21
-6.151324614730878
 31
0.0
  0
LINE
  5
239
330
17
100
AcDbEntity
  8
VISTA
100
AcDbLine
 10
174.93677901363617
 20
-6.141588942753409
 30
0.0
 11
174.93495129911594
 21
-6.135
 31
0.0
  0
LINE
  5
23A
330
17
100
AcDbEntity
  8
VISTA
100
AcDbLine
 10
174.94319433326788
 20
-6.123527169874312
 30
0.0
 11
174.93495129911594
 21
-6.135
 31
0.0
  0
LINE
  5
23B
330
17
100
AcDbEntity
  8
VISTA
100
AcDbLine
 10
174.94319433326788
 20
-6.123527169874312
 30
0.0
 11
174.94709665229465
 21
-6.11880535008528
 31
0.0
  0
LINE
  5
23C
330
17
100
AcDbEntity
  8
VISTA
100
AcDbLine
 10
174.95873472234473
 20
-6.115363720781043
 30
0.0
 11
174.94709665229465
 21
-6.11880535008528
 31
0.0
  0
LINE
  5
23D
330
17
100
AcDbEntity
  8
VISTA
100
AcDbLine
 10
174.95873472234473
 20
-6.115363720781043
 30
0.0
 11
174.96207446607008
 21
-6.1143378877162
 31
0.0
  0
LINE
  5
23E
330
17
100
AcDbEntity
  8
VISTA
100
AcDbLine
 10
174.9742274585008
 20
-6.112198737200768
 30
0.0
 11
174.96207446607008
 21
-6.1143378877162
 31
0.0
  0
LINE
  5
23F
330
17
100
AcDbEntity
  8
VISTA
100
AcDbLine
 10
174.9742274585008
 20
-6.112198737200768
 30
0.0
 11
174.97986381679357
 21
-6.111110835309782
 31
0.0
  0
LINE
  5
240
330
17
100
AcDbEntity
  8
VISTA
100
AcDbLine
 10
175.00076663211235
 20
-6.109754783842083
 30
0.0
 11
174.97986381679357
 21
-6.111110835309782
 31
0.0
  0
LINE
  5
241
330
17
100
AcDbEntity
  8
VISTA
100
AcDbLine
 10
175.00076663211235
 20
-6.109754783842083
 30
0.0
 11
175.01584734096193
 21
-6.108839350220441
 31
0.0
  0
LINE
  5
242
330
17
100
AcDbEntity
  8
VISTA
100
AcDbLine
 10
175.05382804911272
 20
-6.107790528378817
 30
0.0
 11
175.01584734096193
 21
-6.108839350220441
 31
0.0
  0
LINE
  5
243
330
17
100
AcDbEntity
  8
VISTA
100
AcDbLine
 10
175.05382804911272
 20
-6.107790528378817
 30
0.0
 11
175.07096635350726
 21
-6.107352290654838
 31
0.0
  0
LINE
  5
244
330
17
100
AcDbEntity
  8
VISTA
100
AcDbLine
 10
175.12010576681038
 20
-6.106415056727933
 30
0.0
 11
175.07096635350726
 21
-6.107352290654838
 31
0.0
  0
LINE
  5
245
330
17
100
AcDbEntity
  8
VISTA
100
AcDbLine
 10
175.12010576681038
 20
-6.106415056727933
 30
0.0
 11
175.13593464690382
 21
-6.106112348014305
 31
0.0
  0
LINE
  5
246
330
17
100
AcDbEntity
  8
VISTA
100
AcDbLine
 10
175.1904676447286
 20
-6.1053969654286
 30
0.0
 11
175.13593464690382
 21
-6.106112348014305
 31
0.0
  0
LINE
  5
247
330
17
100
AcDbEntity
  8
VISTA
100
AcDbLine
 10
175.1904676447286
 20
-6.1053969654286
 30
0.0
 11
175.21858916141002
 21
-6.105014286410019
 31
0.0
  0
LINE
  5
248
330
17
100
AcDbEntity
  8
VISTA
100
AcDbLine
 10
175.2948106250992
 20
-6.104692645845143
 30
0.0
 11
175.21858916141002
 21
-6.105014286410019
 31
0.0
  0
LINE
  5
249
330
17
100
AcDbEntity
  8
VISTA
100
AcDbLine
 10
175.2948106250992
 20
-6.104692645845143
 30
0.0
 11
175.34864160060195
 21
-6.104492340318806
 31
0.0
  0
LINE
  5
24A
330
17
100
AcDbEntity
  8
VISTA
100
AcDbLine
 10
175.6709839770442
 20
-6.104514400178216
 30
0.0
 11
175.34864160060195
 21
-6.104492340318806
 31
0.0
  0
LINE
  5
24B
330
17
100
AcDbEntity
  8
VISTA
100
AcDbLine
 10
175.6709839770442
 20
-6.104514400178216
 30
0.0
 11
175.819999
 21
-6.104547385650381
 31
0.0
  0
LINE
  5
24C
330
17
100
AcDbEntity
  8
VISTA
100
AcDbLine
 10
176.16727428537777
 20
-6.104677875013184
 30
0.0
 11
175.819999
 21
-6.104547385650381
 31
0.0
  0
LINE
  5
24D
330
17
100
AcDbEntity
  8
VISTA
100
AcDbLine
 10
176.16727428537777
 20
-6.104677875013184
 30
0.0
 11
176.28779883194983
 21
-6.1047220043781305
 31
0.0
  0
LINE
  5
24E
330
17
100
AcDbEntity
  8
VISTA
100
AcDbLine
 10
176.3749074442173
 20
-6.104917053738463
 30
0.0
 11
176.28779883194983
 21
-6.1047220043781305
 31
0.0
  0
LINE
  5
24F
330
17
100
AcDbEntity
  8
VISTA
100
AcDbLine
 10
176.3749074442173
 20
-6.104917053738463
 30
0.0
 11
176.42150259110886
 21
-6.105008713488004
 31
0.0
  0
LINE
  5
250
330
17
100
AcDbEntity
  8
VISTA
100
AcDbLine
 10
176.4736736708637
 20
-6.105502161632596
 30
0.0
 11
176.42150259110886
 21
-6.105008713488004
 31
0.0
  0
LINE
  5
251
330
17
100
AcDbEntity
  8
VISTA
100
AcDbLine
 10
176.4736736708637
 20
-6.105502161632596
 30
0.0
 11
176.50984020921538
 21
-6.105867380388458
 31
0.0
  0
LINE
  5
252
330
17
100
AcDbEntity
  8
VISTA
100
AcDbLine
 10
176.55087879784742
 20
-6.106840855435085
 30
0.0
 11
176.50984020921538
 21
-6.105867380388458
 31
0.0
  0
LINE
  5
253
330
17
100
AcDbEntity
  8
VISTA
100
AcDbLine
 10
176.55087879784742
 20
-6.106840855435085
 30
0.0
 11
176.5698956425177
 21
-6.107319485926024
 31
0.0
  0
LINE
  5
254
330
17
100
AcDbEntity
  8
VISTA
100
AcDbLine
 10
176.60559315640208
 20
-6.108576365329753
 30
0.0
 11
176.5698956425177
 21
-6.107319485926024
 31
0.0
  0
LINE
  5
255
330
17
100
AcDbEntity
  8
VISTA
100
AcDbLine
 10
176.60559315640208
 20
-6.108576365329753
 30
0.0
 11
176.61849672881357
 21
-6.109022254237288
 31
0.0
  0
LINE
  5
256
330
17
100
AcDbEntity
  8
VISTA
100
AcDbLine
 10
176.6455192745004
 20
-6.110388568505071
 30
0.0
 11
176.61849672881357
 21
-6.109022254237288
 31
0.0
  0
LINE
  5
257
330
17
100
AcDbEntity
  8
VISTA
100
AcDbLine
 10
176.6455192745004
 20
-6.110388568505071
 30
0.0
 11
176.66045881262016
 21
-6.111100657926936
 31
0.0
  0
LINE
  5
258
330
17
100
AcDbEntity
  8
VISTA
100
AcDbLine
 10
176.67559006943102
 20
-6.112893789566359
 30
0.0
 11
176.66045881262016
 21
-6.111100657926936
 31
0.0
  0
LINE
  5
259
330
17
100
AcDbEntity
  8
VISTA
100
AcDbLine
 10
176.67559006943102
 20
-6.112893789566359
 30
0.0
 11
176.68578005418314
 21
-6.114147935234496
 31
0.0
  0
LINE
  5
25A
330
17
100
AcDbEntity
  8
VISTA
100
AcDbLine
 10
176.69189995088655
 20
-6.117294167738899
 30
0.0
 11
176.68578005418314
 21
-6.114147935234496
 31
0.0
  0
LINE
  5
25B
330
17
100
AcDbEntity
  8
VISTA
100
AcDbLine
 10
176.69189995088655
 20
-6.117294167738899
 30
0.0
 11
176.69441080200775
 21
-6.11877715962628
 31
0.0
  0
LINE
  5
25C
330
17
100
AcDbEntity
  8
VISTA
100
AcDbLine
 10
176.69745859574684
 20
-6.1307857244523705
 30
0.0
 11
176.69441080200775
 21
-6.11877715962628
 31
0.0
  0
LINE
  5
25D
330
17
100
AcDbEntity
  8
VISTA
100
AcDbLine
 10
176.69745859574684
 20
-6.1307857244523705
 30
0.0
 11
176.69882306236838
 21
-6.134999
 31
0.0
  0
LINE
  5
25E
330
17
100
AcDbEntity
  8
VISTA
100
AcDbLine
 10
176.6992113449157
 20
-6.145713416479036
 30
0.0
 11
176.69882306236838
 21
-6.134999
 31
0.0
  0
LINE
  5
25F
330
17
100
AcDbEntity
  8
VISTA
100
AcDbLine
 10
176.6992113449157
 20
-6.145713416479036
 30
0.0
 11
176.70022065797767
 21
-6.151330361930679
 31
0.0
  0
LINE
  5
260
330
17
100
AcDbEntity
  8
VISTA
100
AcDbLine
 10
176.69166657703929
 20
-6.154016761329305
 30
0.0
 11
176.70022065797767
 21
-6.151330361930679
 31
0.0
  0
LINE
  5
261
330
17
100
AcDbEntity
  8
VISTA
100
AcDbLine
 10
176.69166657703929
 20
-6.154016761329305
 30
0.0
 11
176.6857243986963
 21
-6.155849533233597
 31
0.0
  0
LINE
  5
262
330
17
100
AcDbEntity
  8
VISTA
100
AcDbLine
 10
176.6643631271068
 20
-6.1578403354435585
 30
0.0
 11
176.6857243986963
 21
-6.155849533233597
 31
0.0
  0
LINE
  5
263
330
17
100
AcDbEntity
  8
VISTA
100
AcDbLine
 10
176.6643631271068
 20
-6.1578403354435585
 30
0.0
 11
176.65453052201957
 21
-6.158729708370899
 31
0.0
  0
LINE
  5
264
330
17
100
AcDbEntity
  8
VISTA
100
AcDbLine
 10
176.62677899738156
 20
-6.1603981635115534
 30
0.0
 11
176.65453052201957
 21
-6.158729708370899
 31
0.0
  0
LINE
  5
265
330
17
100
AcDbEntity
  8
VISTA
100
AcDbLine
 10
176.62677899738156
 20
-6.1603981635115534
 30
0.0
 11
176.61799776268506
 21
-6.160959765775479
 31
0.0
  0
LINE
  5
266
330
17
100
AcDbEntity
  8
VISTA
100
AcDbLine
 10
176.58876226129362
 20
-6.162200429543121
 30
0.0
 11
176.61799776268506
 21
-6.160959765775479
 31
0.0
  0
LINE
  5
267
330
17
100
AcDbEntity
  8
VISTA
100
AcDbLine
 10
176.58876226129362
 20
-6.162200429543121
 30
0.0
 11
176.5747902088535
 21
-6.16285988044727
 31
0.0
  0
LINE
  5
268
330
17
100
AcDbEntity
  8
VISTA
100
AcDbLine
 10
176.5358846442143
 20
-6.16361758660473
 30
0.0
 11
176.5747902088535
 21
-6.16285988044727
 31
0.0
  0
LINE
  5
269
330
17
100
AcDbEntity
  8
VISTA
100
AcDbLine
 10
176.5358846442143
 20
-6.16361758660473
 30
0.0
 11
176.5097245397512
 21
-6.1641263420095695
 31
0.0
  0
LINE
  5
26A
330
17
100
AcDbEntity
  8
VISTA
100
AcDbLine
 10
176.44465417614424
 20
-6.1645756679790615
 30
0.0
 11
176.5097245397512
 21
-6.1641263420095695
 31
0.0
  0
LINE
  5
26B
330
17
100
AcDbEntity
  8
VISTA
100
AcDbLine
 10
176.44465417614424
 20
-6.1645756679790615
 30
0.0
 11
176.41688725898314
 21
-6.1647597409050245
 31
0.0
  0
LINE
  5
26C
330
17
100
AcDbEntity
  8
VISTA
100
AcDbLine
 10
176.3173628152112
 20
-6.1651227222454965
 30
0.0
 11
176.41688725898314
 21
-6.1647597409050245
 31
0.0
  0
LINE
  5
26D
330
17
100
AcDbEntity
  8
VISTA
100
AcDbLine
 10
176.3173628152112
 20
-6.1651227222454965
 30
0.0
 11
176.28733074683544
 21
-6.165246455696202
 31
0.0
  0
LINE
  5
26E
330
17
100
AcDbEntity
  8
VISTA
100
AcDbLine
 10
175.97420917537315
 20
-6.165501104477612
 30
0.0
 11
176.28733074683544
 21
-6.165246455696202
 31
0.0
  0
LINE
  5
26F
330
17
100
AcDbEntity
  8
VISTA
100
AcDbLine
 10
175.97420917537315
 20
-6.165501104477612
 30
0.0
 11
175.82000299999999
 21
-6.165660889875666
 31
0.0
  0
LWPOLYLINE
  5
270
330
17
100
AcDbEntity
  8
VISTA
100
AcDbPolyline
 90
41
 70
1
 10
179.4979600085772
 20
-6.361740415237134
 10
179.497829
 20
-6.361895
 10
179.49722209838546
 20
-6.3638020913218964
 10
179.497
 20
-6.3645
 10
179.497
 20
-6.899656912209889
 10
179.497
 20
-7.0955
 10
179.49760690161452
 20
-7.097407091321897
 10
179.497829
 20
-7.098105
 10
179.4981869914228
 20
-7.098527415237134
 10
179.498318
 20
-7.098682
 10
179.49873968314833
 20
-7.099038527245207
 10
179.498894
 20
-7.099169
 10
179.5008010913219
 20
-7.099777365792129
 10
179.501499
 20
-7.1
 10
179.51687286478304
 20
-7.1
 10
179.522499
 20
-7.1
 10
179.5244068234107
 20
-7.099391634207871
 10
179.525105
 20
-7.099169
 10
179.52552668314834
 20
-7.098812472754793
 10
179.525681
 20
-7.098682
 10
179.525811740666
 20
-7.098527415237134
 10
179.526169
 20
-7.098105
 10
179.52639136629668
 20
-7.097407091321897
 10
179.526999
 20
-7.0955
 10
179.526999
 20
-6.899656912209889
 10
179.526999
 20
-6.3645
 10
179.52677663370332
 20
-6.3638020913218964
 10
179.526169
 20
-6.361895
 10
179.526038259334
 20
-6.361740415237134
 10
179.525681
 20
-6.361318
 10
179.52552668314834
 20
-6.361187527245207
 10
179.525105
 20
-6.360831
 10
179.5244068234107
 20
-6.360608365792129
 10
179.522499
 20
-6.36
 10
179.51687286478304
 20
-6.36
 10
179.501499
 20
-6.36
 10
179.5008010913219
 20
-6.360222634207871
 10
179.498894
 20
-6.360831
 10
179.49873968314833
 20
-6.360961472754793
 10
179.498318
 20
-6.361318
 10
179.4979600085772
 20
-6.361740415237134
  0
LWPOLYLINE
  5
271
330
17
100
AcDbEntity
  8
VISTA
100
AcDbPolyline
 90
41
 70
1
 10
180.68109300475984
 20
-6.106584029208135
 10
180.68083000000001
 20
-6.106895
 10
180.6804473236694
 20
-6.108096050411077
 10
180.68
 20
-6.1095
 10
180.68
 20
-6.1330138468195585
 10
180.68
 20
-6.1605
 10
180.6803826763306
 20
-6.161701050411077
 10
180.68083000000001
 20
-6.163105
 10
180.68105499524015
 20
-6.163371029208135
 10
180.681318
 20
-6.163682
 10
180.68158356815232
 20
-6.163906534184336
 10
180.681894
 20
-6.164169
 10
180.6830955114669
 20
-6.164552137386413
 10
180.6845
 20
-6.165
 10
181.18751143855474
 20
-6.165
 10
181.775499
 20
-6.165
 10
181.7767005114669
 20
-6.164616862613587
 10
181.778105
 20
-6.164169
 10
181.77837056815233
 20
-6.163944465815664
 10
181.778681
 20
-6.163682
 10
181.77894400475984
 20
-6.163371029208135
 10
181.779169
 20
-6.163105
 10
181.77961632366942
 20
-6.161701050411077
 10
181.779999
 20
-6.1605
 10
181.779999
 20
-6.1330138468195585
 10
181.779999
 20
-6.1095
 10
181.77955167633058
 20
-6.108096050411077
 10
181.779169
 20
-6.106895
 10
181.77890599524017
 20
-6.106584029208135
 10
181.778681
 20
-6.106318
 10
181.77837056815233
 20
-6.106055534184335
 10
181.778105
 20
-6.105831
 10
181.7767005114669
 20
-6.105383137386413
 10
181.775499
 20
-6.105
 10
181.18751143855474
 20
-6.105
 10
180.6845
 20
-6.105
 10
180.6830955114669
 20
-6.1054478626135875
 10
180.681894
 20
-6.105831
 10
180.68158356815232
 20
-6.106093465815665
 10
180.681318
 20
-6.106318
 10
180.68109300475984
 20
-6.106584029208135
  0
LWPOLYLINE
  5
272
330
17
100
AcDbEntity
  8
VISTA
100
AcDbPolyline
 90
9
 70
1
 10
180.450001
 20
-7.17
 10
180.450001
 20
-6.831290322580645
 10
180.450001
 20
-6.47
 10
180.44419406451613
 20
-6.47
 10
180.438
 20
-6.47
 10
180.438
 20
-6.808709677419355
 10
180.438
 20
-7.17
 10
180.44380693548388
 20
-7.17
 10
180.450001
 20
-7.17
  0
LWPOLYLINE
  5
273
330
17
100
AcDbEntity
  8
VISTA
100
AcDbPolyline
 90
13
 70
1
 10
177.998379
 20
-8.960878
 10
177.997501
 20
-8.963
 10
177.997501
 20
-9.037
 10
177.998379
 20
-9.039122
 10
178.0005
 20
-9.04
 10
178.039501
 20
-9.04
 10
178.041622
 20
-9.039122
 10
178.0425
 20
-9.037
 10
178.0425
 20
-8.963
 10
178.041622
 20
-8.960878
 10
178.039501
 20
-8.96
 10
178.0005
 20
-8.96
 10
177.998379
 20
-8.960878
  0
LWPOLYLINE
  5
274
330
17
100
AcDbEntity
  8
VISTA
100
AcDbPolyline
 90
13
 70
1
 10
178.998379
 20
-8.960878
 10
178.997501
 20
-8.963
 10
178.997501
 20
-9.037
 10
178.998379
 20
-9.039122
 10
179.0005
 20
-9.04
 10
179.039501
 20
-9.04
 10
179.041622
 20
-9.039122
 10
179.0425
 20
-9.037
 10
179.0425
 20
-8.963
 10
179.041622
 20
-8.960878
 10
179.039501
 20
-8.96
 10
179.0005
 20
-8.96
 10
178.998379
 20
-8.960878
  0
LWPOLYLINE
  5
275
330
17
100
AcDbEntity
  8
VISTA
100
AcDbPolyline
 90
13
 70
1
 10
177.580879
 20
-7.170879
 10
177.57999999999998
 20
-7.173
 10
177.57999999999998
 20
-7.207
 10
177.580879
 20
-7.209121
 10
177.583
 20
-7.21
 10
177.657001
 20
-7.21
 10
177.659122
 20
-7.209121
 10
177.660002
 20
-7.207
 10
177.660002
 20
-7.173
 10
177.659122
 20
-7.170879
 10
177.657001
 20
-7.17
 10
177.583
 20
-7.17
 10
177.580879
 20
-7.170879
  0
LWPOLYLINE
  5
276
330
17
100
AcDbEntity
  8
VISTA
100
AcDbPolyline
 90
13
 70
1
 10
177.580879
 20
-8.150879
 10
177.57999999999998
 20
-8.153
 10
177.57999999999998
 20
-8.187
 10
177.580879
 20
-8.189121
 10
177.583
 20
-8.190001
 10
177.657001
 20
-8.190001
 10
177.659122
 20
-8.189121
 10
177.660002
 20
-8.187
 10
177.660002
 20
-8.153
 10
177.659122
 20
-8.150879
 10
177.657001
 20
-8.15
 10
177.583
 20
-8.15
 10
177.580879
 20
-8.150879
  0
LWPOLYLINE
  5
277
330
17
100
AcDbEntity
  8
VISTA
100
AcDbPolyline
 90
25
 70
1
 10
181.346895
 20
-6.218409
 10
181.344
 20
-6.219608
 10
181.34151500000002
 20
-6.221515
 10
181.339607
 20
-6.224
 10
181.338409
 20
-6.226894
 10
181.338001
 20
-6.23
 10
181.338409
 20
-6.233106
 10
181.339607
 20
-6.236
 10
181.34151500000002
 20
-6.238485
 10
181.344
 20
-6.240392
 10
181.346895
 20
-6.241591
 10
181.35
 20
-6.242
 10
181.353106
 20
-6.241591
 10
181.356001
 20
-6.240392
 10
181.358486
 20
-6.238485
 10
181.36039399999999
 20
-6.236
 10
181.361591
 20
-6.233106
 10
181.362
 20
-6.23
 10
181.361591
 20
-6.226894
 10
181.36039399999999
 20
-6.224
 10
181.358486
 20
-6.221515
 10
181.356001
 20
-6.219608
 10
181.353106
 20
-6.218409
 10
181.35
 20
-6.218
 10
181.346895
 20
-6.218409
  0
LWPOLYLINE
  5
278
330
17
100
AcDbEntity
  8
VISTA
100
AcDbPolyline
 90
13
 70
1
 10
181.110498
 20
-10.905001
 10
181.1145
 20
-10.905001
 10
181.114853
 20
-10.904854
 10
181.115
 20
-10.9045
 10
181.115
 20
-10.899501
 10
181.114853
 20
-10.899147
 10
181.1145
 20
-10.899
 10
181.110498
 20
-10.899
 10
181.110146
 20
-10.899147
 10
181.109999
 20
-10.899501
 10
181.109999
 20
-10.9045
 10
181.110146
 20
-10.904854
 10
181.110498
 20
-10.905001
  0
LWPOLYLINE
  5
279
330
17
100
AcDbEntity
  8
VISTA
100
AcDbPolyline
 90
13
 70
1
 10
181.110498
 20
-11.581
 10
181.1145
 20
-11.581
 10
181.114853
 20
-11.580853
 10
181.115
 20
-11.5805
 10
181.115
 20
-11.5755
 10
181.114853
 20
-11.575147
 10
181.1145
 20
-11.575
 10
181.110498
 20
-11.575
 10
181.110146
 20
-11.575147
 10
181.109999
 20
-11.5755
 10
181.109999
 20
-11.5805
 10
181.110146
 20
-11.580853
 10
181.110498
 20
-11.581
  0
LWPOLYLINE
  5
27A
330
17
100
AcDbEntity
  8
VISTA
100
AcDbPolyline
 90
13
 70
1
 10
181.089502
 20
-11.575
 10
181.1085
 20
-11.575
 10
181.110268
 20
-11.574267
 10
181.111
 20
-11.5725
 10
181.111
 20
-10.907499
 10
181.110268
 20
-10.905732
 10
181.1085
 20
-10.905
 10
181.089502
 20
-10.905
 10
181.087734
 20
-10.905732
 10
181.08700199999998
 20
-10.907499
 10
181.08700199999998
 20
-11.5725
 10
181.087734
 20
-11.574267
 10
181.089502
 20
-11.575
  0
LWPOLYLINE
  5
27B
330
17
100
AcDbEntity
  8
VISTA
100
AcDbPolyline
 90
13
 70
1
 10
181.118002
 20
-11.594999
 10
181.782
 20
-11.594999
 10
181.784121
 20
-11.594121
 10
181.785
 20
-11.591999
 10
181.785
 20
-10.888
 10
181.784121
 20
-10.885879
 10
181.782
 20
-10.885
 10
181.118002
 20
-10.885
 10
181.115881
 20
-10.885879
 10
181.115002
 20
-10.888
 10
181.115002
 20
-11.591999
 10
181.115881
 20
-11.594121
 10
181.118002
 20
-11.594999
  0
LWPOLYLINE
  5
27C
330
17
100
AcDbEntity
  8
VISTA
100
AcDbPolyline
 90
13
 70
1
 10
176.000586
 20
-11.915086
 10
176.0
 20
-11.9165
 10
176.0
 20
-11.9575
 10
176.000586
 20
-11.958915
 10
176.002001
 20
-11.9595
 10
176.038
 20
-11.9595
 10
176.039415
 20
-11.958915
 10
176.040001
 20
-11.9575
 10
176.040001
 20
-11.9165
 10
176.039415
 20
-11.915086
 10
176.038
 20
-11.9145
 10
176.002001
 20
-11.9145
 10
176.000586
 20
-11.915086
  0
LWPOLYLINE
  5
27D
330
17
100
AcDbEntity
  8
VISTA
100
AcDbPolyline
 90
13
 70
1
 10
177.275587
 20
-11.915086
 10
177.275002
 20
-11.9165
 10
177.275002
 20
-11.9575
 10
177.275587
 20
-11.958915
 10
177.277002
 20
-11.9595
 10
177.313002
 20
-11.9595
 10
177.314417
 20
-11.958915
 10
177.315002
 20
-11.9575
 10
177.315002
 20
-11.9165
 10
177.314417
 20
-11.915086
 10
177.313002
 20
-11.9145
 10
177.277002
 20
-11.9145
 10
177.275587
 20
-11.915086
  0
LWPOLYLINE
  5
27E
330
17
100
AcDbEntity
  8
VISTA
100
AcDbPolyline
 90
13
 70
1
 10
177.183378
 20
-11.880379
 10
177.182499
 20
-11.882501
 10
177.182499
 20
-11.9015
 10
177.183378
 20
-11.903622
 10
177.185499
 20
-11.9045
 10
177.2045
 20
-11.9045
 10
177.20662099999998
 20
-11.903622
 10
177.2075
 20
-11.9015
 10
177.2075
 20
-11.882501
 10
177.20662099999998
 20
-11.880379
 10
177.2045
 20
-11.8795
 10
177.185499
 20
-11.8795
 10
177.183378
 20
-11.880379
  0
LWPOLYLINE
  5
27F
330
17
100
AcDbEntity
  8
VISTA
100
AcDbPolyline
 90
13
 70
1
 10
179.500586
 20
-11.912086
 10
179.5
 20
-11.9135
 10
179.5
 20
-11.9545
 10
179.500586
 20
-11.955914
 10
179.502001
 20
-11.9565
 10
179.538
 20
-11.9565
 10
179.539415
 20
-11.955914
 10
179.540001
 20
-11.9545
 10
179.540001
 20
-11.9135
 10
179.539415
 20
-11.912086
 10
179.538
 20
-11.9115
 10
179.502001
 20
-11.9115
 10
179.500586
 20
-11.912086
  0
LWPOLYLINE
  5
280
330
17
100
AcDbEntity
  8
VISTA
100
AcDbPolyline
 90
13
 70
1
 10
181.175585
 20
-11.912086
 10
181.174999
 20
-11.9135
 10
181.174999
 20
-11.9545
 10
181.175585
 20
-11.955914
 10
181.177
 20
-11.9565
 10
181.212999
 20
-11.9565
 10
181.214415
 20
-11.955914
 10
181.215
 20
-11.9545
 10
181.215
 20
-11.9135
 10
181.214415
 20
-11.912086
 10
181.212999
 20
-11.9115
 10
181.177
 20
-11.9115
 10
181.175585
 20
-11.912086
  0
LWPOLYLINE
  5
281
330
17
100
AcDbEntity
  8
VISTA
100
AcDbPolyline
 90
13
 70
1
 10
181.083378
 20
-11.877378
 10
181.08249899999998
 20
-11.8795
 10
181.08249899999998
 20
-11.898499
 10
181.083378
 20
-11.900621
 10
181.085499
 20
-11.9015
 10
181.1045
 20
-11.9015
 10
181.106621
 20
-11.900621
 10
181.10750000000002
 20
-11.898499
 10
181.10750000000002
 20
-11.8795
 10
181.106621
 20
-11.877378
 10
181.1045
 20
-11.8765
 10
181.085499
 20
-11.8765
 10
181.083378
 20
-11.877378
  0
LWPOLYLINE
  5
282
330
17
100
AcDbEntity
  8
VISTA
100
AcDbPolyline
 90
13
 70
1
 10
179.552
 20
-8.73
 10
179.582998
 20
-8.73
 10
179.584414
 20
-8.729415
 10
179.584999
 20
-8.728001
 10
179.584999
 20
-8.552
 10
179.584414
 20
-8.550586
 10
179.582998
 20
-8.55
 10
179.552
 20
-8.55
 10
179.550585
 20
-8.550586
 10
179.549999
 20
-8.552
 10
179.549999
 20
-8.728001
 10
179.550585
 20
-8.729415
 10
179.552
 20
-8.73
  0
LWPOLYLINE
  5
283
330
17
100
AcDbEntity
  8
VISTA
100
AcDbPolyline
 90
13
 70
1
 10
180.487001
 20
-8.73
 10
180.518
 20
-8.73
 10
180.519415
 20
-8.729415
 10
180.52
 20
-8.728001
 10
180.52
 20
-8.552
 10
180.519415
 20
-8.550586
 10
180.518
 20
-8.55
 10
180.487001
 20
-8.55
 10
180.485586
 20
-8.550586
 10
180.485001
 20
-8.552
 10
180.485001
 20
-8.728001
 10
180.485586
 20
-8.729415
 10
180.487001
 20
-8.73
  0
LWPOLYLINE
  5
284
330
17
100
AcDbEntity
  8
VISTA
100
AcDbPolyline
 90
15
 70
1
 10
180.533001
 20
-8.785001
 10
180.5710925603375
 20
-8.785001
 10
181.577
 20
-8.785001
 10
181.579121
 20
-8.784122
 10
181.57999999999998
 20
-8.782001
 10
181.57999999999998
 20
-8.748
 10
181.579121
 20
-8.745879
 10
181.577
 20
-8.745
 10
180.5710925603375
 20
-8.745
 10
180.533001
 20
-8.745
 10
180.53088
 20
-8.745879
 10
180.530001
 20
-8.748
 10
180.530001
 20
-8.782001
 10
180.53088
 20
-8.784122
 10
180.533001
 20
-8.785001
  0
LWPOLYLINE
  5
285
330
17
100
AcDbEntity
  8
VISTA
100
AcDbPolyline
 90
8
 70
1
 10
181.807501
 20
-12.192369
 10
181.79423500000001
 20
-12.186873
 10
181.780001
 20
-12.184999
 10
181.76576599999999
 20
-12.186873
 10
181.752501
 20
-12.192369
 10
181.7425553797483
 20
-12.2
 10
181.8174466202517
 20
-12.2
 10
181.807501
 20
-12.192369
  0
LWPOLYLINE
  5
286
330
17
100
AcDbEntity
  8
VISTA
100
AcDbPolyline
 90
5
 70
1
 10
174.704
 20
-11.873501
 10
174.704
 20
-12.0165
 10
174.719001
 20
-12.0165
 10
174.719001
 20
-11.873501
 10
174.704
 20
-11.873501
  0
LWPOLYLINE
  5
287
330
17
100
AcDbEntity
  8
VISTA
100
AcDbPolyline
 90
5
 70
1
 10
177.321003
 20
-11.873501
 10
177.321003
 20
-12.0165
 10
177.336002
 20
-12.0165
 10
177.336002
 20
-11.873501
 10
177.321003
 20
-11.873501
  0
LWPOLYLINE
  5
288
330
17
100
AcDbEntity
  8
VISTA
100
AcDbPolyline
 90
5
 70
1
 10
176.02
 20
-11.9655
 10
176.02
 20
-11.9675
 10
176.030003
 20
-11.9675
 10
176.030003
 20
-11.9655
 10
176.02
 20
-11.9655
  0
LWPOLYLINE
  5
289
330
17
100
AcDbEntity
  8
VISTA
100
AcDbPolyline
 90
5
 70
1
 10
177.285
 20
-11.9655
 10
177.285
 20
-11.9675
 10
177.295002
 20
-11.9675
 10
177.295002
 20
-11.9655
 10
177.285
 20
-11.9655
  0
LWPOLYLINE
  5
28A
330
17
100
AcDbEntity
  8
VISTA
100
AcDbPolyline
 90
5
 70
1
 10
176.02
 20
-11.976501
 10
176.02
 20
-11.9785
 10
176.030003
 20
-11.9785
 10
176.030003
 20
-11.976501
 10
176.02
 20
-11.976501
  0
LWPOLYLINE
  5
28B
330
17
100
AcDbEntity
  8
VISTA
100
AcDbPolyline
 90
5
 70
1
 10
177.285
 20
-11.976501
 10
177.285
 20
-11.9785
 10
177.295002
 20
-11.9785
 10
177.295002
 20
-11.976501
 10
177.285
 20
-11.976501
  0
LWPOLYLINE
  5
28C
330
17
100
AcDbEntity
  8
VISTA
100
AcDbPolyline
 90
5
 70
1
 10
176.021914
 20
-11.9915
 10
176.021914
 20
-11.9935
 10
176.031914
 20
-11.9935
 10
176.031914
 20
-11.9915
 10
176.021914
 20
-11.9915
  0
LWPOLYLINE
  5
28D
330
17
100
AcDbEntity
  8
VISTA
100
AcDbPolyline
 90
5
 70
1
 10
177.283089
 20
-11.9915
 10
177.283089
 20
-11.9935
 10
177.293087
 20
-11.9935
 10
177.293087
 20
-11.9915
 10
177.283089
 20
-11.9915
  0
LWPOLYLINE
  5
28E
330
17
100
AcDbEntity
  8
VISTA
100
AcDbPolyline
 90
5
 70
1
 10
176.021914
 20
-12.002501
 10
176.021914
 20
-12.0045
 10
176.031914
 20
-12.0045
 10
176.031914
 20
-12.002501
 10
176.021914
 20
-12.002501
  0
LWPOLYLINE
  5
28F
330
17
100
AcDbEntity
  8
VISTA
100
AcDbPolyline
 90
5
 70
1
 10
177.283089
 20
-12.002501
 10
177.283089
 20
-12.0045
 10
177.293087
 20
-12.0045
 10
177.293087
 20
-12.002501
 10
177.283089
 20
-12.002501
  0
LWPOLYLINE
  5
290
330
17
100
AcDbEntity
  8
VISTA
100
AcDbPolyline
 90
5
 70
1
 10
176.018002
 20
-11.9595
 10
176.018002
 20
-11.9655
 10
176.030003
 20
-11.9655
 10
176.030003
 20
-11.9595
 10
176.018002
 20
-11.9595
  0
LWPOLYLINE
  5
291
330
17
100
AcDbEntity
  8
VISTA
100
AcDbPolyline
 90
5
 70
1
 10
177.285
 20
-11.9595
 10
177.285
 20
-11.9655
 10
177.297001
 20
-11.9655
 10
177.297001
 20
-11.9595
 10
177.285
 20
-11.9595
  0
LWPOLYLINE
  5
292
330
17
100
AcDbEntity
  8
VISTA
100
AcDbPolyline
 90
5
 70
1
 10
176.018002
 20
-12.0045
 10
176.018002
 20
-12.010501
 10
176.030003
 20
-12.010501
 10
176.030003
 20
-12.0045
 10
176.018002
 20
-12.0045
  0
LWPOLYLINE
  5
293
330
17
100
AcDbEntity
  8
VISTA
100
AcDbPolyline
 90
5
 70
1
 10
177.285
 20
-12.0045
 10
177.285
 20
-12.010501
 10
177.297001
 20
-12.010501
 10
177.297001
 20
-12.0045
 10
177.285
 20
-12.0045
  0
LWPOLYLINE
  5
294
330
17
100
AcDbEntity
  8
VISTA
100
AcDbPolyline
 90
5
 70
1
 10
176.0
 20
-11.9245
 10
176.0
 20
-12.010501
 10
176.018002
 20
-12.010501
 10
176.018002
 20
-11.9245
 10
176.0
 20
-11.9245
  0
LWPOLYLINE
  5
295
330
17
100
AcDbEntity
  8
VISTA
100
AcDbPolyline
 90
5
 70
1
 10
177.297001
 20
-11.9245
 10
177.297001
 20
-12.010501
 10
177.315002
 20
-12.010501
 10
177.315002
 20
-11.9245
 10
177.297001
 20
-11.9245
  0
LWPOLYLINE
  5
296
330
17
100
AcDbEntity
  8
VISTA
100
AcDbPolyline
 90
5
 70
1
 10
176.018
 20
-12.0145
 10
176.018
 20
-12.0205
 10
176.030001
 20
-12.0205
 10
176.030001
 20
-12.0145
 10
176.018
 20
-12.0145
  0
LWPOLYLINE
  5
297
330
17
100
AcDbEntity
  8
VISTA
100
AcDbPolyline
 90
5
 70
1
 10
177.285002
 20
-12.0145
 10
177.285002
 20
-12.0205
 10
177.297003
 20
-12.0205
 10
177.297003
 20
-12.0145
 10
177.285002
 20
-12.0145
  0
LWPOLYLINE
  5
298
330
17
100
AcDbEntity
  8
VISTA
100
AcDbPolyline
 90
5
 70
1
 10
176.018
 20
-12.059501
 10
176.018
 20
-12.065501
 10
176.030001
 20
-12.065501
 10
176.030001
 20
-12.059501
 10
176.018
 20
-12.059501
  0
LWPOLYLINE
  5
299
330
17
100
AcDbEntity
  8
VISTA
100
AcDbPolyline
 90
5
 70
1
 10
177.285002
 20
-12.059501
 10
177.285002
 20
-12.065501
 10
177.297003
 20
-12.065501
 10
177.297003
 20
-12.059501
 10
177.285002
 20
-12.059501
  0
LWPOLYLINE
  5
29A
330
17
100
AcDbEntity
  8
VISTA
100
AcDbPolyline
 90
5
 70
1
 10
176.0
 20
-12.0135
 10
176.0
 20
-12.065501
 10
176.018
 20
-12.065501
 10
176.018
 20
-12.0135
 10
176.0
 20
-12.0135
  0
LWPOLYLINE
  5
29B
330
17
100
AcDbEntity
  8
VISTA
100
AcDbPolyline
 90
5
 70
1
 10
177.297003
 20
-12.0135
 10
177.297003
 20
-12.065501
 10
177.315002
 20
-12.065501
 10
177.315002
 20
-12.0135
 10
177.297003
 20
-12.0135
  0
LWPOLYLINE
  5
29C
330
17
100
AcDbEntity
  8
VISTA
100
AcDbPolyline
 90
5
 70
1
 10
177.804001
 20
-11.870501
 10
177.804001
 20
-12.0135
 10
177.819
 20
-12.0135
 10
177.819
 20
-11.870501
 10
177.804001
 20
-11.870501
  0
LWPOLYLINE
  5
29D
330
17
100
AcDbEntity
  8
VISTA
100
AcDbPolyline
 90
5
 70
1
 10
181.221001
 20
-11.870501
 10
181.221001
 20
-12.0135
 10
181.236
 20
-12.0135
 10
181.236
 20
-11.870501
 10
181.221001
 20
-11.870501
  0
LWPOLYLINE
  5
29E
330
17
100
AcDbEntity
  8
VISTA
100
AcDbPolyline
 90
5
 70
1
 10
179.52
 20
-11.9625
 10
179.52
 20
-11.964499
 10
179.530001
 20
-11.964499
 10
179.530001
 20
-11.9625
 10
179.52
 20
-11.9625
  0
LWPOLYLINE
  5
29F
330
17
100
AcDbEntity
  8
VISTA
100
AcDbPolyline
 90
5
 70
1
 10
181.184999
 20
-11.9625
 10
181.184999
 20
-11.964499
 10
181.195
 20
-11.964499
 10
181.195
 20
-11.9625
 10
181.184999
 20
-11.9625
  0
LWPOLYLINE
  5
2A0
330
17
100
AcDbEntity
  8
VISTA
100
AcDbPolyline
 90
5
 70
1
 10
179.52
 20
-11.9735
 10
179.52
 20
-11.9755
 10
179.530001
 20
-11.9755
 10
179.530001
 20
-11.9735
 10
179.52
 20
-11.9735
  0
LWPOLYLINE
  5
2A1
330
17
100
AcDbEntity
  8
VISTA
100
AcDbPolyline
 90
5
 70
1
 10
181.184999
 20
-11.9735
 10
181.184999
 20
-11.9755
 10
181.195
 20
-11.9755
 10
181.195
 20
-11.9735
 10
181.184999
 20
-11.9735
  0
LWPOLYLINE
  5
2A2
330
17
100
AcDbEntity
  8
VISTA
100
AcDbPolyline
 90
5
 70
1
 10
179.522512
 20
-11.9885
 10
179.522512
 20
-11.990499
 10
179.532513
 20
-11.990499
 10
179.532513
 20
-11.9885
 10
179.522512
 20
-11.9885
  0
LWPOLYLINE
  5
2A3
330
17
100
AcDbEntity
  8
VISTA
100
AcDbPolyline
 90
5
 70
1
 10
181.182487
 20
-11.9885
 10
181.182487
 20
-11.990499
 10
181.192488
 20
-11.990499
 10
181.192488
 20
-11.9885
 10
181.182487
 20
-11.9885
  0
LWPOLYLINE
  5
2A4
330
17
100
AcDbEntity
  8
VISTA
100
AcDbPolyline
 90
5
 70
1
 10
179.522512
 20
-11.9995
 10
179.522512
 20
-12.0015
 10
179.532513
 20
-12.0015
 10
179.532513
 20
-11.9995
 10
179.522512
 20
-11.9995
  0
LWPOLYLINE
  5
2A5
330
17
100
AcDbEntity
  8
VISTA
100
AcDbPolyline
 90
5
 70
1
 10
181.182487
 20
-11.9995
 10
181.182487
 20
-12.0015
 10
181.192488
 20
-12.0015
 10
181.192488
 20
-11.9995
 10
181.182487
 20
-11.9995
  0
LWPOLYLINE
  5
2A6
330
17
100
AcDbEntity
  8
VISTA
100
AcDbPolyline
 90
5
 70
1
 10
179.518
 20
-11.9565
 10
179.518
 20
-11.9625
 10
179.530001
 20
-11.9625
 10
179.530001
 20
-11.9565
 10
179.518
 20
-11.9565
  0
LWPOLYLINE
  5
2A7
330
17
100
AcDbEntity
  8
VISTA
100
AcDbPolyline
 90
5
 70
1
 10
181.184999
 20
-11.9565
 10
181.184999
 20
-11.9625
 10
181.197001
 20
-11.9625
 10
181.197001
 20
-11.9565
 10
181.184999
 20
-11.9565
  0
LWPOLYLINE
  5
2A8
330
17
100
AcDbEntity
  8
VISTA
100
AcDbPolyline
 90
5
 70
1
 10
179.518
 20
-12.0015
 10
179.518
 20
-12.007501
 10
179.530001
 20
-12.007501
 10
179.530001
 20
-12.0015
 10
179.518
 20
-12.0015
  0
LWPOLYLINE
  5
2A9
330
17
100
AcDbEntity
  8
VISTA
100
AcDbPolyline
 90
5
 70
1
 10
181.184999
 20
-12.0015
 10
181.184999
 20
-12.007501
 10
181.197001
 20
-12.007501
 10
181.197001
 20
-12.0015
 10
181.184999
 20
-12.0015
  0
LWPOLYLINE
  5
2AA
330
17
100
AcDbEntity
  8
VISTA
100
AcDbPolyline
 90
5
 70
1
 10
179.5
 20
-11.9215
 10
179.5
 20
-12.007501
 10
179.518
 20
-12.007501
 10
179.518
 20
-11.9215
 10
179.5
 20
-11.9215
  0
LWPOLYLINE
  5
2AB
330
17
100
AcDbEntity
  8
VISTA
100
AcDbPolyline
 90
5
 70
1
 10
181.197001
 20
-11.9215
 10
181.197001
 20
-12.007501
 10
181.215
 20
-12.007501
 10
181.215
 20
-11.9215
 10
181.197001
 20
-11.9215
  0
LWPOLYLINE
  5
2AC
330
17
100
AcDbEntity
  8
VISTA
100
AcDbPolyline
 90
5
 70
1
 10
179.518
 20
-12.011499
 10
179.518
 20
-12.0175
 10
179.530001
 20
-12.0175
 10
179.530001
 20
-12.011499
 10
179.518
 20
-12.011499
  0
LWPOLYLINE
  5
2AD
330
17
100
AcDbEntity
  8
VISTA
100
AcDbPolyline
 90
5
 70
1
 10
181.184999
 20
-12.011499
 10
181.184999
 20
-12.0175
 10
181.197001
 20
-12.0175
 10
181.197001
 20
-12.011499
 10
181.184999
 20
-12.011499
  0
LWPOLYLINE
  5
2AE
330
17
100
AcDbEntity
  8
VISTA
100
AcDbPolyline
 90
5
 70
1
 10
179.518
 20
-12.0565
 10
179.518
 20
-12.062501
 10
179.530001
 20
-12.062501
 10
179.530001
 20
-12.0565
 10
179.518
 20
-12.0565
  0
LWPOLYLINE
  5
2AF
330
17
100
AcDbEntity
  8
VISTA
100
AcDbPolyline
 90
5
 70
1
 10
181.184999
 20
-12.0565
 10
181.184999
 20
-12.062501
 10
181.197001
 20
-12.062501
 10
181.197001
 20
-12.0565
 10
181.184999
 20
-12.0565
  0
LWPOLYLINE
  5
2B0
330
17
100
AcDbEntity
  8
VISTA
100
AcDbPolyline
 90
5
 70
1
 10
179.5
 20
-12.0105
 10
179.5
 20
-12.062501
 10
179.518
 20
-12.062501
 10
179.518
 20
-12.0105
 10
179.5
 20
-12.0105
  0
LWPOLYLINE
  5
2B1
330
17
100
AcDbEntity
  8
VISTA
100
AcDbPolyline
 90
5
 70
1
 10
181.197001
 20
-12.0105
 10
181.197001
 20
-12.062501
 10
181.215
 20
-12.062501
 10
181.215
 20
-12.0105
 10
181.197001
 20
-12.0105
  0
LWPOLYLINE
  5
2B2
330
17
100
AcDbEntity
  8
VISTA
100
AcDbPolyline
 90
5
 70
1
 10
174.719001
 20
-11.8795
 10
174.719001
 20
-12.010501
 10
174.725
 20
-12.010501
 10
174.725
 20
-11.8795
 10
174.719001
 20
-11.8795
  0
LWPOLYLINE
  5
2B3
330
17
100
AcDbEntity
  8
VISTA
100
AcDbPolyline
 90
5
 70
1
 10
176.02
 20
-12.0205
 10
176.02
 20
-12.0225
 10
176.030001
 20
-12.0225
 10
176.030001
 20
-12.0205
 10
176.02
 20
-12.0205
  0
LWPOLYLINE
  5
2B4
330
17
100
AcDbEntity
  8
VISTA
100
AcDbPolyline
 90
5
 70
1
 10
177.285002
 20
-12.0205
 10
177.285002
 20
-12.0225
 10
177.295002
 20
-12.0225
 10
177.295002
 20
-12.0205
 10
177.285002
 20
-12.0205
  0
LWPOLYLINE
  5
2B5
330
17
100
AcDbEntity
  8
VISTA
100
AcDbPolyline
 90
5
 70
1
 10
176.02
 20
-12.031501
 10
176.02
 20
-12.033501
 10
176.030001
 20
-12.033501
 10
176.030001
 20
-12.031501
 10
176.02
 20
-12.031501
  0
LWPOLYLINE
  5
2B6
330
17
100
AcDbEntity
  8
VISTA
100
AcDbPolyline
 90
5
 70
1
 10
177.285002
 20
-12.031501
 10
177.285002
 20
-12.033501
 10
177.295002
 20
-12.033501
 10
177.295002
 20
-12.031501
 10
177.285002
 20
-12.031501
  0
LWPOLYLINE
  5
2B7
330
17
100
AcDbEntity
  8
VISTA
100
AcDbPolyline
 90
5
 70
1
 10
176.021914
 20
-12.0465
 10
176.021914
 20
-12.0485
 10
176.031914
 20
-12.0485
 10
176.031914
 20
-12.0465
 10
176.021914
 20
-12.0465
  0
LWPOLYLINE
  5
2B8
330
17
100
AcDbEntity
  8
VISTA
100
AcDbPolyline
 90
5
 70
1
 10
177.283089
 20
-12.0465
 10
177.283089
 20
-12.0485
 10
177.293089
 20
-12.0485
 10
177.293089
 20
-12.0465
 10
177.283089
 20
-12.0465
  0
LWPOLYLINE
  5
2B9
330
17
100
AcDbEntity
  8
VISTA
100
AcDbPolyline
 90
5
 70
1
 10
176.021914
 20
-12.057501
 10
176.021914
 20
-12.059501
 10
176.031914
 20
-12.059501
 10
176.031914
 20
-12.057501
 10
176.021914
 20
-12.057501
  0
LWPOLYLINE
  5
2BA
330
17
100
AcDbEntity
  8
VISTA
100
AcDbPolyline
 90
5
 70
1
 10
177.283089
 20
-12.057501
 10
177.283089
 20
-12.059501
 10
177.293089
 20
-12.059501
 10
177.293089
 20
-12.057501
 10
177.283089
 20
-12.057501
  0
LWPOLYLINE
  5
2BB
330
17
100
AcDbEntity
  8
VISTA
100
AcDbPolyline
 90
5
 70
1
 10
176.018
 20
-12.010501
 10
176.018
 20
-12.0145
 10
176.030001
 20
-12.0145
 10
176.030001
 20
-12.010501
 10
176.018
 20
-12.010501
  0
LWPOLYLINE
  5
2BC
330
17
100
AcDbEntity
  8
VISTA
100
AcDbPolyline
 90
5
 70
1
 10
176.021914
 20
-11.976501
 10
176.021914
 20
-11.9935
 10
176.02791200000001
 20
-11.9935
 10
176.02791200000001
 20
-11.976501
 10
176.021914
 20
-11.976501
  0
LWPOLYLINE
  5
2BD
330
17
100
AcDbEntity
  8
VISTA
100
AcDbPolyline
 90
5
 70
1
 10
177.287086
 20
-11.976501
 10
177.287086
 20
-11.9935
 10
177.293087
 20
-11.9935
 10
177.293087
 20
-11.976501
 10
177.287086
 20
-11.976501
  0
LWPOLYLINE
  5
2BE
330
17
100
AcDbEntity
  8
VISTA
100
AcDbPolyline
 90
5
 70
1
 10
176.021914
 20
-12.031501
 10
176.021914
 20
-12.0485
 10
176.027914
 20
-12.0485
 10
176.027914
 20
-12.031501
 10
176.021914
 20
-12.031501
  0
LWPOLYLINE
  5
2BF
330
17
100
AcDbEntity
  8
VISTA
100
AcDbPolyline
 90
5
 70
1
 10
177.287088
 20
-12.031501
 10
177.287088
 20
-12.0485
 10
177.293089
 20
-12.0485
 10
177.293089
 20
-12.031501
 10
177.287088
 20
-12.031501
  0
LWPOLYLINE
  5
2C0
330
17
100
AcDbEntity
  8
VISTA
100
AcDbPolyline
 90
5
 70
1
 10
177.819
 20
-11.8765
 10
177.819
 20
-12.007501
 10
177.825001
 20
-12.007501
 10
177.825001
 20
-11.8765
 10
177.819
 20
-11.8765
  0
LWPOLYLINE
  5
2C1
330
17
100
AcDbEntity
  8
VISTA
100
AcDbPolyline
 90
5
 70
1
 10
179.52
 20
-12.0175
 10
179.52
 20
-12.0195
 10
179.530001
 20
-12.0195
 10
179.530001
 20
-12.0175
 10
179.52
 20
-12.0175
  0
LWPOLYLINE
  5
2C2
330
17
100
AcDbEntity
  8
VISTA
100
AcDbPolyline
 90
5
 70
1
 10
181.184999
 20
-12.0175
 10
181.184999
 20
-12.0195
 10
181.195
 20
-12.0195
 10
181.195
 20
-12.0175
 10
181.184999
 20
-12.0175
  0
LWPOLYLINE
  5
2C3
330
17
100
AcDbEntity
  8
VISTA
100
AcDbPolyline
 90
5
 70
1
 10
179.52
 20
-12.028501
 10
179.52
 20
-12.0305
 10
179.530001
 20
-12.0305
 10
179.530001
 20
-12.028501
 10
179.52
 20
-12.028501
  0
LWPOLYLINE
  5
2C4
330
17
100
AcDbEntity
  8
VISTA
100
AcDbPolyline
 90
5
 70
1
 10
181.184999
 20
-12.028501
 10
181.184999
 20
-12.0305
 10
181.195
 20
-12.0305
 10
181.195
 20
-12.028501
 10
181.184999
 20
-12.028501
  0
LWPOLYLINE
  5
2C5
330
17
100
AcDbEntity
  8
VISTA
100
AcDbPolyline
 90
5
 70
1
 10
179.522512
 20
-12.0435
 10
179.522512
 20
-12.0455
 10
179.532513
 20
-12.0455
 10
179.532513
 20
-12.0435
 10
179.522512
 20
-12.0435
  0
LWPOLYLINE
  5
2C6
330
17
100
AcDbEntity
  8
VISTA
100
AcDbPolyline
 90
5
 70
1
 10
181.182487
 20
-12.0435
 10
181.182487
 20
-12.0455
 10
181.192488
 20
-12.0455
 10
181.192488
 20
-12.0435
 10
181.182487
 20
-12.0435
  0
LWPOLYLINE
  5
2C7
330
17
100
AcDbEntity
  8
VISTA
100
AcDbPolyline
 90
5
 70
1
 10
179.522512
 20
-12.054501
 10
179.522512
 20
-12.0565
 10
179.532513
 20
-12.0565
 10
179.532513
 20
-12.054501
 10
179.522512
 20
-12.054501
  0
LWPOLYLINE
  5
2C8
330
17
100
AcDbEntity
  8
VISTA
100
AcDbPolyline
 90
5
 70
1
 10
181.182487
 20
-12.054501
 10
181.182487
 20
-12.0565
 10
181.192488
 20
-12.0565
 10
181.192488
 20
-12.054501
 10
181.182487
 20
-12.054501
  0
LWPOLYLINE
  5
2C9
330
17
100
AcDbEntity
  8
VISTA
100
AcDbPolyline
 90
5
 70
1
 10
179.518
 20
-12.007501
 10
179.518
 20
-12.011499
 10
179.530001
 20
-12.011499
 10
179.530001
 20
-12.007501
 10
179.518
 20
-12.007501
  0
LWPOLYLINE
  5
2CA
330
17
100
AcDbEntity
  8
VISTA
100
AcDbPolyline
 90
5
 70
1
 10
179.522512
 20
-11.9735
 10
179.522512
 20
-11.990499
 10
179.528513
 20
-11.990499
 10
179.528513
 20
-11.9735
 10
179.522512
 20
-11.9735
  0
LWPOLYLINE
  5
2CB
330
17
100
AcDbEntity
  8
VISTA
100
AcDbPolyline
 90
5
 70
1
 10
181.186487
 20
-11.9735
 10
181.186487
 20
-11.990499
 10
181.192488
 20
-11.990499
 10
181.192488
 20
-11.9735
 10
181.186487
 20
-11.9735
  0
LWPOLYLINE
  5
2CC
330
17
100
AcDbEntity
  8
VISTA
100
AcDbPolyline
 90
5
 70
1
 10
179.522512
 20
-12.028501
 10
179.522512
 20
-12.0455
 10
179.528513
 20
-12.0455
 10
179.528513
 20
-12.028501
 10
179.522512
 20
-12.028501
  0
LWPOLYLINE
  5
2CD
330
17
100
AcDbEntity
  8
VISTA
100
AcDbPolyline
 90
5
 70
1
 10
181.186487
 20
-12.028501
 10
181.186487
 20
-12.0455
 10
181.192488
 20
-12.0455
 10
181.192488
 20
-12.028501
 10
181.186487
 20
-12.028501
  0
LINE
  5
2CE
330
17
100
AcDbEntity
  8
SISTEMAS
100
AcDbLine
 10
178.5199981689453
 20
-9.984999656677246
 30
0.0
 11
178.99165306091308
 21
-9.984999656677246
 31
0.0
  0
LINE
  5
2CF
330
17
100
AcDbEntity
  8
SISTEMAS
100
AcDbLine
 10
178.99165306091308
 20
-9.984999656677246
 30
0.0
 11
178.99165306091308
 21
-10.455000877380371
 31
0.0
  0
LINE
  5
2D0
330
17
100
AcDbEntity
  8
SISTEMAS
100
AcDbLine
 10
178.99165306091308
 20
-10.455000877380371
 30
0.0
 11
178.5199981689453
 21
-10.455000877380371
 31
0.0
  0
LINE
  5
2D1
330
17
100
AcDbEntity
  8
SISTEMAS
100
AcDbLine
 10
178.5199981689453
 20
-10.455000877380371
 30
0.0
 11
178.5199981689453
 21
-9.984999656677246
 31
0.0
  0
LINE
  5
2D2
330
17
100
AcDbEntity
  8
SISTEMAS
100
AcDbLine
 10
178.5199981689453
 20
-10.964999198913574
 30
0.0
 11
178.99165306091308
 21
-10.964999198913574
 31
0.0
  0
LINE
  5
2D3
330
17
100
AcDbEntity
  8
SISTEMAS
100
AcDbLine
 10
178.99165306091308
 20
-10.964999198913574
 30
0.0
 11
178.99165306091308
 21
-11.4350004196167
 31
0.0
  0
LINE
  5
2D4
330
17
100
AcDbEntity
  8
SISTEMAS
100
AcDbLine
 10
178.99165306091308
 20
-11.4350004196167
 30
0.0
 11
178.5199981689453
 21
-11.4350004196167
 31
0.0
  0
LINE
  5
2D5
330
17
100
AcDbEntity
  8
SISTEMAS
100
AcDbLine
 10
178.5199981689453
 20
-11.4350004196167
 30
0.0
 11
178.5199981689453
 21
-10.964999198913574
 31
0.0
  0
LINE
  5
2D6
330
17
100
AcDbEntity
  8
SISTEMAS
100
AcDbLine
 10
176.50834693908692
 20
-9.984999656677246
 30
0.0
 11
176.97999992370606
 21
-9.984999656677246
 31
0.0
  0
LINE
  5
2D7
330
17
100
AcDbEntity
  8
SISTEMAS
100
AcDbLine
 10
176.97999992370606
 20
-9.984999656677246
 30
0.0
 11
176.97999992370606
 21
-10.455000877380371
 31
0.0
  0
LINE
  5
2D8
330
17
100
AcDbEntity
  8
SISTEMAS
100
AcDbLine
 10
176.97999992370606
 20
-10.455000877380371
 30
0.0
 11
176.50834693908692
 21
-10.455000877380371
 31
0.0
  0
LINE
  5
2D9
330
17
100
AcDbEntity
  8
SISTEMAS
100
AcDbLine
 10
176.50834693908692
 20
-10.455000877380371
 30
0.0
 11
176.50834693908692
 21
-9.984999656677246
 31
0.0
  0
LINE
  5
2DA
330
17
100
AcDbEntity
  8
SISTEMAS
100
AcDbLine
 10
176.50834693908692
 20
-10.965001106262207
 30
0.0
 11
176.97999992370606
 21
-10.965001106262207
 31
0.0
  0
LINE
  5
2DB
330
17
100
AcDbEntity
  8
SISTEMAS
100
AcDbLine
 10
176.97999992370606
 20
-10.965001106262207
 30
0.0
 11
176.97999992370606
 21
-11.435002326965332
 31
0.0
  0
LINE
  5
2DC
330
17
100
AcDbEntity
  8
SISTEMAS
100
AcDbLine
 10
176.97999992370606
 20
-11.435002326965332
 30
0.0
 11
176.50834693908692
 21
-11.435002326965332
 31
0.0
  0
LINE
  5
2DD
330
17
100
AcDbEntity
  8
SISTEMAS
100
AcDbLine
 10
176.50834693908692
 20
-11.435002326965332
 30
0.0
 11
176.50834693908692
 21
-10.965001106262207
 31
0.0
  0
LINE
  5
2DE
330
17
100
AcDbEntity
  8
SISTEMAS
100
AcDbLine
 10
180.5669994354248
 20
-10.104999542236328
 30
0.0
 11
181.0669994354248
 21
-10.104999542236328
 31
0.0
  0
LINE
  5
2DF
330
17
100
AcDbEntity
  8
SISTEMAS
100
AcDbLine
 10
181.0669994354248
 20
-10.104999542236328
 30
0.0
 11
181.0669994354248
 21
-10.53499984741211
 31
0.0
  0
LINE
  5
2E0
330
17
100
AcDbEntity
  8
SISTEMAS
100
AcDbLine
 10
181.0669994354248
 20
-10.53499984741211
 30
0.0
 11
180.5669994354248
 21
-10.53499984741211
 31
0.0
  0
LINE
  5
2E1
330
17
100
AcDbEntity
  8
SISTEMAS
100
AcDbLine
 10
180.5669994354248
 20
-10.53499984741211
 30
0.0
 11
180.5669994354248
 21
-10.104999542236328
 31
0.0
  0
LINE
  5
2E2
330
17
100
AcDbEntity
  8
SISTEMAS
100
AcDbLine
 10
179.9669994354248
 20
-10.104999542236328
 30
0.0
 11
180.5669994354248
 21
-10.104999542236328
 31
0.0
  0
LINE
  5
2E3
330
17
100
AcDbEntity
  8
SISTEMAS
100
AcDbLine
 10
180.5669994354248
 20
-10.104999542236328
 30
0.0
 11
180.5669994354248
 21
-10.53499984741211
 31
0.0
  0
LINE
  5
2E4
330
17
100
AcDbEntity
  8
SISTEMAS
100
AcDbLine
 10
180.5669994354248
 20
-10.53499984741211
 30
0.0
 11
179.9669994354248
 21
-10.53499984741211
 31
0.0
  0
LINE
  5
2E5
330
17
100
AcDbEntity
  8
SISTEMAS
100
AcDbLine
 10
179.9669994354248
 20
-10.53499984741211
 30
0.0
 11
179.9669994354248
 21
-10.104999542236328
 31
0.0
  0
LINE
  5
2E6
330
17
100
AcDbEntity
  8
SISTEMAS
100
AcDbLine
 10
180.41700172424316
 20
-10.904999732971191
 30
0.0
 11
181.0870018005371
 21
-10.904999732971191
 31
0.0
  0
LINE
  5
2E7
330
17
100
AcDbEntity
  8
SISTEMAS
100
AcDbLine
 10
181.0870018005371
 20
-10.904999732971191
 30
0.0
 11
181.0870018005371
 21
-11.574999809265137
 31
0.0
  0
LINE
  5
2E8
330
17
100
AcDbEntity
  8
SISTEMAS
100
AcDbLine
 10
181.0870018005371
 20
-11.574999809265137
 30
0.0
 11
180.41700172424316
 21
-11.574999809265137
 31
0.0
  0
LINE
  5
2E9
330
17
100
AcDbEntity
  8
SISTEMAS
100
AcDbLine
 10
180.41700172424316
 20
-11.574999809265137
 30
0.0
 11
180.41700172424316
 21
-10.904999732971191
 31
0.0
  0
LINE
  5
2EA
330
17
100
AcDbEntity
  8
SISTEMAS
100
AcDbLine
 10
179.81700172424317
 20
-10.904999732971191
 30
0.0
 11
180.41700172424316
 21
-10.904999732971191
 31
0.0
  0
LINE
  5
2EB
330
17
100
AcDbEntity
  8
SISTEMAS
100
AcDbLine
 10
180.41700172424316
 20
-10.904999732971191
 30
0.0
 11
180.41700172424316
 21
-11.574999809265137
 31
0.0
  0
LINE
  5
2EC
330
17
100
AcDbEntity
  8
SISTEMAS
100
AcDbLine
 10
180.41700172424316
 20
-11.574999809265137
 30
0.0
 11
179.81700172424317
 21
-11.574999809265137
 31
0.0
  0
LINE
  5
2ED
330
17
100
AcDbEntity
  8
SISTEMAS
100
AcDbLine
 10
179.81700172424317
 20
-11.574999809265137
 30
0.0
 11
179.81700172424317
 21
-10.904999732971191
 31
0.0
  0
DIMENSION
  5
2EE
330
17
100
AcDbEntity
  8
COTAS
100
AcDbDimension
280
0
  2
*D1
  3
Standard
 10
178.99165306091308
 20
-10.36
 30
0.0
 11
179.47932624816895
 21
-10.36
 31
0.0
 70
32
 71
5
  1
<>
100
AcDbAlignedDimension
 13
178.99165306091308
 23
-10.36
 33
0.0
 14
179.9669994354248
 24
-10.36
 34
0.0
 50
0.0
100
AcDbRotatedDimension
1001
ACAD
1000
DSTYLE
1002
{
1070
140
1040
0.13
1070
41
1040
0.09
1002
}
  0
DIMENSION
  5
302
330
17
100
AcDbEntity
  8
COTAS
100
AcDbDimension
280
0
  2
*D2
  3
Standard
 10
178.99165306091308
 20
-11.2
 30
0.0
 11
179.40432739257812
 21
-11.2
 31
0.0
 70
32
 71
5
  1
<>
100
AcDbAlignedDimension
 13
178.99165306091308
 23
-11.2
 33
0.0
 14
179.81700172424317
 24
-11.2
 34
0.0
 50
0.0
100
AcDbRotatedDimension
1001
ACAD
1000
DSTYLE
1002
{
1070
140
1040
0.13
1070
41
1040
0.09
1002
}
  0
DIMENSION
  5
312
330
17
100
AcDbEntity
  8
COTAS
100
AcDbDimension
280
0
  2
*D3
  3
Standard
 10
175.69999885559082
 20
-10.36
 30
0.0
 11
176.10417289733886
 21
-10.36
 31
0.0
 70
32
 71
5
  1
<>
100
AcDbAlignedDimension
 13
175.69999885559082
 23
-10.36
 33
0.0
 14
176.50834693908692
 24
-10.36
 34
0.0
 50
0.0
100
AcDbRotatedDimension
1001
ACAD
1000
DSTYLE
1002
{
1070
140
1040
0.13
1070
41
1040
0.09
1002
}
  0
DIMENSION
  5
322
330
17
100
AcDbEntity
  8
COTAS
100
AcDbDimension
280
0
  2
*D4
  3
Standard
 10
178.3
 20
-9.07
 30
0.0
 11
178.3
 21
-9.472500476837158
 31
0.0
 70
32
 71
5
  1
<>
100
AcDbAlignedDimension
 13
178.3
 23
-9.07
 33
0.0
 14
178.3
 24
-9.875000953674316
 34
0.0
 50
90.0
100
AcDbRotatedDimension
1001
ACAD
1000
DSTYLE
1002
{
1070
140
1040
0.13
1070
41
1040
0.09
1002
}
  0
LINE
  5
332
330
17
100
AcDbEntity
  8
SISTEMAS
100
AcDbLine
 10
179.605
 20
-7.2
 30
0.0
 11
180.405
 21
-7.2
 31
0.0
  0
LINE
  5
333
330
17
100
AcDbEntity
  8
SISTEMAS
100
AcDbLine
 10
180.405
 20
-7.2
 30
0.0
 11
180.405
 21
-8.85
 31
0.0
  0
LINE
  5
334
330
17
100
AcDbEntity
  8
SISTEMAS
100
AcDbLine
 10
180.405
 20
-8.85
 30
0.0
 11
179.605
 21
-8.85
 31
0.0
  0
LINE
  5
335
330
17
100
AcDbEntity
  8
SISTEMAS
100
AcDbLine
 10
179.605
 20
-8.85
 30
0.0
 11
179.605
 21
-7.2
 31
0.0
  0
TEXT
  5
336
330
17
100
AcDbEntity
  8
TEXTOS
100
AcDbText
 10
179.99
 20
-7.45
 30
0.0
 40
0.0625
  1
PASO0,80 P
100
AcDbText
  0
DIMENSION
  5
337
330
17
100
AcDbEntity
  8
COTAS
100
AcDbDimension
280
0
  2
*D5
  3
Standard
 10
179.585
 20
-8.43
 30
0.0
 11
180.03500000000003
 21
-8.43
 31
0.0
 70
32
 71
5
  1
<>
100
AcDbAlignedDimension
 13
179.585
 23
-8.43
 33
0.0
 14
180.485
 24
-8.43
 34
0.0
 50
0.0
100
AcDbRotatedDimension
1001
ACAD
1000
DSTYLE
1002
{
1070
140
1040
0.13
1070
41
1040
0.09
1002
}
  0
TEXT
  5
347
330
17
100
AcDbEntity
  8
TEXTOS
100
AcDbText
 10
180.07999999999998
 20
-8.95
 30
0.0
 40
0.0625
  1
CORREDERA
100
AcDbText
  0
ENDSEC
  0
SECTION
  2
OBJECTS
  0
DICTIONARY
  5
A
330
0
100
AcDbDictionary
281
1
  3
ACAD_COLOR
350
B
  3
ACAD_GROUP
350
C
  3
ACAD_LAYOUT
350
D
  3
ACAD_MATERIAL
350
E
  3
ACAD_MLEADERSTYLE
350
F
  3
ACAD_MLINESTYLE
350
10
  3
ACAD_PLOTSETTINGS
350
11
  3
ACAD_PLOTSTYLENAME
350
12
  3
ACAD_SCALELIST
350
14
  3
ACAD_TABLESTYLE
350
15
  3
ACAD_VISUALSTYLE
350
16
  3
EZDXF_META
350
2D
  0
DICTIONARY
  5
B
330
A
100
AcDbDictionary
281
1
  0
DICTIONARY
  5
C
330
A
100
AcDbDictionary
281
1
  0
DICTIONARY
  5
D
330
A
100
AcDbDictionary
281
1
  3
Model
350
1A
  3
Layout1
350
1E
  0
DICTIONARY
  5
E
330
A
100
AcDbDictionary
281
1
  3
ByBlock
350
1F
  3
ByLayer
350
20
  3
Global
350
21
  0
DICTIONARY
  5
F
330
A
100
AcDbDictionary
281
1
  3
Standard
350
2C
  0
DICTIONARY
  5
10
330
A
100
AcDbDictionary
281
1
  3
Standard
350
22
  0
DICTIONARY
  5
11
330
A
100
AcDbDictionary
281
1
  0
ACDBDICTIONARYWDFLT
  5
12
330
A
100
AcDbDictionary
281
1
  3
Normal
350
13
100
AcDbDictionaryWithDefault
340
13
  0
ACDBPLACEHOLDER
  5
13
330
12
  0
DICTIONARY
  5
14
330
A
100
AcDbDictionary
281
1
  0
DICTIONARY
  5
15
330
A
100
AcDbDictionary
281
1
  0
DICTIONARY
  5
16
330
A
100
AcDbDictionary
281
1
  0
LAYOUT
  5
1A
330
D
100
AcDbPlotSettings
  1

  4
A3
  6

 40
7.5
 41
20.0
 42
7.5
 43
20.0
 44
420.0
 45
297.0
 46
0.0
 47
0.0
 48
0.0
 49
0.0
140
0.0
141
0.0
142
1.0
143
1.0
 70
1024
 72
1
 73
0
 74
5
  7

 75
16
 76
0
 77
2
 78
300
147
1.0
148
0.0
149
0.0
100
AcDbLayout
  1
Model
 70
1
 71
0
 10
0.0
 20
0.0
 11
420.0
 21
297.0
 12
0.0
 22
0.0
 32
0.0
 14
1e+20
 24
1e+20
 34
1e+20
 15
-1e+20
 25
-1e+20
 35
-1e+20
146
0.0
 13
0.0
 23
0.0
 33
0.0
 16
1.0
 26
0.0
 36
0.0
 17
0.0
 27
1.0
 37
0.0
 76
1
330
17
  0
LAYOUT
  5
1E
330
D
100
AcDbPlotSettings
  1

  4
A3
  6

 40
7.5
 41
20.0
 42
7.5
 43
20.0
 44
420.0
 45
297.0
 46
0.0
 47
0.0
 48
0.0
 49
0.0
140
0.0
141
0.0
142
1.0
143
1.0
 70
0
 72
1
 73
0
 74
5
  7

 75
16
 76
0
 77
2
 78
300
147
1.0
148
0.0
149
0.0
100
AcDbLayout
  1
Layout1
 70
1
 71
1
 10
0.0
 20
0.0
 11
420.0
 21
297.0
 12
0.0
 22
0.0
 32
0.0
 14
1e+20
 24
1e+20
 34
1e+20
 15
-1e+20
 25
-1e+20
 35
-1e+20
146
0.0
 13
0.0
 23
0.0
 33
0.0
 16
1.0
 26
0.0
 36
0.0
 17
0.0
 27
1.0
 37
0.0
 76
1
330
1B
  0
MATERIAL
  5
1F
102
{ACAD_REACTORS
330
E
102
}
330
E
100
AcDbMaterial
  1
ByBlock
  2

 70
0
 40
1.0
 71
1
 41
1.0
 91
-1023410177
 42
1.0
 72
1
  3

 73
1
 74
1
 75
1
 44
0.5
 73
0
 45
1.0
 46
1.0
 77
1
  4

 78
1
 79
1
170
1
 48
1.0
171
1
  6

172
1
173
1
174
1
140
1.0
141
1.0
175
1
  7

176
1
177
1
178
1
143
1.0
179
1
  8

270
1
271
1
272
1
145
1.0
146
1.0
273
1
  9

274
1
275
1
276
1
 42
1.0
 72
1
  3

 73
1
 74
1
 75
1
 94
63
  0
MATERIAL
  5
20
102
{ACAD_REACTORS
330
E
102
}
330
E
100
AcDbMaterial
  1
ByLayer
  2

 70
0
 40
1.0
 71
1
 41
1.0
 91
-1023410177
 42
1.0
 72
1
  3

 73
1
 74
1
 75
1
 44
0.5
 73
0
 45
1.0
 46
1.0
 77
1
  4

 78
1
 79
1
170
1
 48
1.0
171
1
  6

172
1
173
1
174
1
140
1.0
141
1.0
175
1
  7

176
1
177
1
178
1
143
1.0
179
1
  8

270
1
271
1
272
1
145
1.0
146
1.0
273
1
  9

274
1
275
1
276
1
 42
1.0
 72
1
  3

 73
1
 74
1
 75
1
 94
63
  0
MATERIAL
  5
21
102
{ACAD_REACTORS
330
E
102
}
330
E
100
AcDbMaterial
  1
Global
  2

 70
0
 40
1.0
 71
1
 41
1.0
 91
-1023410177
 42
1.0
 72
1
  3

 73
1
 74
1
 75
1
 44
0.5
 73
0
 45
1.0
 46
1.0
 77
1
  4

 78
1
 79
1
170
1
 48
1.0
171
1
  6

172
1
173
1
174
1
140
1.0
141
1.0
175
1
  7

176
1
177
1
178
1
143
1.0
179
1
  8

270
1
271
1
272
1
145
1.0
146
1.0
273
1
  9

274
1
275
1
276
1
 42
1.0
 72
1
  3

 73
1
 74
1
 75
1
 94
63
  0
MLINESTYLE
  5
22
102
{ACAD_REACTORS
330
10
102
}
330
10
100
AcDbMlineStyle
  2
Standard
 70
0
  3

 62
256
 51
90.0
 52
90.0
 71
2
 49
0.5
 62
256
  6
BYLAYER
 49
-0.5
 62
256
  6
BYLAYER
  0
MLEADERSTYLE
  5
2C
102
{ACAD_REACTORS
330
F
102
}
330
F
100
AcDbMLeaderStyle
179
2
170
2
171
1
172
0
 90
2
 40
0.0
 41
0.0
173
1
 91
-1056964608
 92
-2
290
1
 42
2.0
291
1
 43
8.0
  3
Standard
 44
4.0
300

342
29
174
1
175
1
176
0
178
1
 93
-1056964608
 45
4.0
292
0
297
0
 46
4.0
 94
-1056964608
 47
1.0
 49
1.0
140
1.0
294
1
141
0.0
177
0
142
1.0
295
0
296
0
143
3.75
271
0
272
9
273
9
  0
DICTIONARY
  5
2D
330
A
100
AcDbDictionary
280
1
281
1
  3
CREATED_BY_EZDXF
350
2E
  3
WRITTEN_BY_EZDXF
350
34A
  0
DICTIONARYVAR
  5
2E
330
2D
100
DictionaryVariables
280
0
  1
1.4.4 @ 2026-09-10T22:45:45.819573+00:00
  0
DICTIONARYVAR
  5
34A
330
2D
100
DictionaryVariables
280
0
  1
1.4.4 @ 2026-09-10T22:45:46.320677+00:00
  0
ENDSEC
  0
EOF
