  0
SECTION
  2
HEADER
  9
$ACADVER
  1
AC1024
  9
$ACADMAINTVER
 70
6
  9
$DWGCODEPAGE
  3
ANSI_1252
  9
$LASTSAVEDBY
  1
ezdxf
  9
$INSBASE
 10
0.0
 20
0.0
 30
0.0
  9
$EXTMIN
 10
1e+20
 20
1e+20
 30
1e+20
  9
$EXTMAX
 10
-1e+20
 20
-1e+20
 30
-1e+20
  9
$LIMMIN
 10
0.0
 20
0.0
  9
$LIMMAX
 10
420.0
 20
297.0
  9
$ORTHOMODE
 70
0
  9
$REGENMODE
 70
1
  9
$FILLMODE
 70
1
  9
$QTEXTMODE
 70
0
  9
$MIRRTEXT
 70
1
  9
$LTSCALE
 40
1.0
  9
$ATTMODE
 70
1
  9
$TEXTSIZE
 40
2.5
  9
$TRACEWID
 40
1.0
  9
$TEXTSTYLE
  7
Standard
  9
$CLAYER
  8
0
  9
$CELTYPE
  6
ByLayer
  9
$CECOLOR
 62
256
  9
$CELTSCALE
 40
1.0
  9
$DISPSILH
 70
0
  9
$DIMSCALE
 40
1.0
  9
$DIMASZ
 40
2.5
  9
$DIMEXO
 40
0.625
  9
$DIMDLI
 40
3.75
  9
$DIMRND
 40
0.0
  9
$DIMDLE
 40
0.0
  9
$DIMEXE
 40
1.25
  9
$DIMTP
 40
0.0
  9
$DIMTM
 40
0.0
  9
$DIMTXT
 40
2.5
  9
$DIMCEN
 40
2.5
  9
$DIMTSZ
 40
0.0
  9
$DIMTOL
 70
0
  9
$DIMLIM
 70
0
  9
$DIMTIH
 70
0
  9
$DIMTOH
 70
0
  9
$DIMSE1
 70
0
  9
$DIMSE2
 70
0
  9
$DIMTAD
 70
1
  9
$DIMZIN
 70
8
  9
$DIMBLK
  1

  9
$DIMASO
 70
1
  9
$DIMSHO
 70
1
  9
$DIMPOST
  1

  9
$DIMAPOST
  1

  9
$DIMALT
 70
0
  9
$DIMALTD
 70
3
  9
$DIMALTF
 40
0.03937007874
  9
$DIMLFAC
 40
1.0
  9
$DIMTOFL
 70
1
  9
$DIMTVP
 40
0.0
  9
$DIMTIX
 70
0
  9
$DIMSOXD
 70
0
  9
$DIMSAH
 70
0
  9
$DIMBLK1
  1

  9
$DIMBLK2
  1

  9
$DIMSTYLE
  2
ISO-25
  9
$DIMCLRD
 70
0
  9
$DIMCLRE
 70
0
  9
$DIMCLRT
 70
0
  9
$DIMTFAC
 40
1.0
  9
$DIMGAP
 40
0.625
  9
$DIMJUST
 70
0
  9
$DIMSD1
 70
0
  9
$DIMSD2
 70
0
  9
$DIMTOLJ
 70
0
  9
$DIMTZIN
 70
8
  9
$DIMALTZ
 70
0
  9
$DIMALTTZ
 70
0
  9
$DIMUPT
 70
0
  9
$DIMDEC
 70
2
  9
$DIMTDEC
 70
2
  9
$DIMALTU
 70
2
  9
$DIMALTTD
 70
3
  9
$DIMTXSTY
  7
Standard
  9
$DIMAUNIT
 70
0
  9
$DIMADEC
 70
0
  9
$DIMALTRND
 40
0.0
  9
$DIMAZIN
 70
0
  9
$DIMDSEP
 70
44
  9
$DIMATFIT
 70
3
  9
$DIMFRAC
 70
0
  9
$DIMLDRBLK
  1

  9
$DIMLUNIT
 70
2
  9
$DIMLWD
 70
-2
  9
$DIMLWE
 70
-2
  9
$DIMTMOVE
 70
0
  9
$DIMFXL
 40
1.0
  9
$DIMFXLON
 70
0
  9
$DIMJOGANG
 40
0.785398163397
  9
$DIMTFILL
 70
0
  9
$DIMTFILLCLR
 70
0
  9
$DIMARCSYM
 70
0
  9
$DIMLTYPE
  6

  9
$DIMLTEX1
  6

  9
$DIMLTEX2
  6

  9
$DIMTXTDIRECTION
 70
0
  9
$LUNITS
 70
2
  9
$LUPREC
 70
4
  9
$SKETCHINC
 40
1.0
  9
$FILLETRAD
 40
10.0
  9
$AUNITS
 70
0
  9
$AUPREC
 70
2
  9
$MENU
  1
.
  9
$ELEVATION
 40
0.0
  9
$PELEVATION
 40
0.0
  9
$THICKNESS
 40
0.0
  9
$LIMCHECK
 70
0
  9
$CHAMFERA
 40
0.0
  9
$CHAMFERB
 40
0.0
  9
$CHAMFERC
 40
0.0
  9
$CHAMFERD
 40
0.0
  9
$SKPOLY
 70
0
  9
$TDCREATE
 40
2461294.641979167
  9
$TDUCREATE
 40
2458532.153996898
  9
$TDUPDATE
 40
2461294.6420601853
  9
$TDUUPDATE
 40
2458532.1544311
  9
$TDINDWG
 40
0.0
  9
$TDUSRTIMER
 40
0.0
  9
$USRTIMER
 70
1
  9
$ANGBASE
 50
0.0
  9
$ANGDIR
 70
0
  9
$PDMODE
 70
0
  9
$PDSIZE
 40
0.0
  9
$PLINEWID
 40
0.0
  9
$SPLFRAME
 70
0
  9
$SPLINETYPE
 70
6
  9
$SPLINESEGS
 70
8
  9
$HANDSEED
  5
B1C
  9
$SURFTAB1
 70
6
  9
$SURFTAB2
 70
6
  9
$SURFTYPE
 70
6
  9
$SURFU
 70
6
  9
$SURFV
 70
6
  9
$UCSBASE
  2

  9
$UCSNAME
  2

  9
$UCSORG
 10
0.0
 20
0.0
 30
0.0
  9
$UCSXDIR
 10
1.0
 20
0.0
 30
0.0
  9
$UCSYDIR
 10
0.0
 20
1.0
 30
0.0
  9
$UCSORTHOREF
  2

  9
$UCSORTHOVIEW
 70
0
  9
$UCSORGTOP
 10
0.0
 20
0.0
 30
0.0
  9
$UCSORGBOTTOM
 10
0.0
 20
0.0
 30
0.0
  9
$UCSORGLEFT
 10
0.0
 20
0.0
 30
0.0
  9
$UCSORGRIGHT
 10
0.0
 20
0.0
 30
0.0
  9
$UCSORGFRONT
 10
0.0
 20
0.0
 30
0.0
  9
$UCSORGBACK
 10
0.0
 20
0.0
 30
0.0
  9
$PUCSBASE
  2

  9
$PUCSNAME
  2

  9
$PUCSORG
 10
0.0
 20
0.0
 30
0.0
  9
$PUCSXDIR
 10
1.0
 20
0.0
 30
0.0
  9
$PUCSYDIR
 10
0.0
 20
1.0
 30
0.0
  9
$PUCSORTHOREF
  2

  9
$PUCSORTHOVIEW
 70
0
  9
$PUCSORGTOP
 10
0.0
 20
0.0
 30
0.0
  9
$PUCSORGBOTTOM
 10
0.0
 20
0.0
 30
0.0
  9
$PUCSORGLEFT
 10
0.0
 20
0.0
 30
0.0
  9
$PUCSORGRIGHT
 10
0.0
 20
0.0
 30
0.0
  9
$PUCSORGFRONT
 10
0.0
 20
0.0
 30
0.0
  9
$PUCSORGBACK
 10
0.0
 20
0.0
 30
0.0
  9
$USERI1
 70
0
  9
$USERI2
 70
0
  9
$USERI3
 70
0
  9
$USERI4
 70
0
  9
$USERI5
 70
0
  9
$USERR1
 40
0.0
  9
$USERR2
 40
0.0
  9
$USERR3
 40
0.0
  9
$USERR4
 40
0.0
  9
$USERR5
 40
0.0
  9
$WORLDVIEW
 70
1
  9
$SHADEDGE
 70
3
  9
$SHADEDIF
 70
70
  9
$TILEMODE
 70
1
  9
$MAXACTVP
 70
64
  9
$PINSBASE
 10
0.0
 20
0.0
 30
0.0
  9
$PLIMCHECK
 70
0
  9
$PEXTMIN
 10
1e+20
 20
1e+20
 30
1e+20
  9
$PEXTMAX
 10
-1e+20
 20
-1e+20
 30
-1e+20
  9
$PLIMMIN
 10
0.0
 20
0.0
  9
$PLIMMAX
 10
420.0
 20
297.0
  9
$UNITMODE
 70
0
  9
$VISRETAIN
 70
1
  9
$PLINEGEN
 70
0
  9
$PSLTSCALE
 70
1
  9
$TREEDEPTH
 70
3020
  9
$CMLSTYLE
  2
Standard
  9
$CMLJUST
 70
0
  9
$CMLSCALE
 40
20.0
  9
$PROXYGRAPHICS
 70
1
  9
$MEASUREMENT
 70
1
  9
$CELWEIGHT
370
-1
  9
$ENDCAPS
280
0
  9
$JOINSTYLE
280
0
  9
$LWDISPLAY
290
0
  9
$INSUNITS
 70
6
  9
$HYPERLINKBASE
  1

  9
$STYLESHEET
  1

  9
$XEDIT
290
1
  9
$CEPSNTYPE
380
0
  9
$PSTYLEMODE
290
1
  9
$FINGERPRINTGUID
  2
{0834D72C-8AD4-495A-A4D1-9563C7519D4B}
  9
$VERSIONGUID
  2
{B6329287-38F1-4931-8B4D-3EB9A5C617B2}
  9
$EXTNAMES
290
1
  9
$PSVPSCALE
 40
0.0
  9
$OLESTARTUP
290
0
  9
$SORTENTS
280
127
  9
$INDEXCTL
280
0
  9
$HIDETEXT
280
1
  9
$XCLIPFRAME
280
1
  9
$HALOGAP
280
0
  9
$OBSCOLOR
 70
257
  9
$OBSLTYPE
280
0
  9
$INTERSECTIONDISPLAY
280
0
  9
$INTERSECTIONCOLOR
 70
257
  9
$DIMASSOC
280
2
  9
$PROJECTNAME
  1

  9
$CAMERADISPLAY
290
0
  9
$LENSLENGTH
 40
50.0
  9
$CAMERAHEIGHT
 40
0.0
  9
$STEPSPERSEC
 40
24.0
  9
$STEPSIZE
 40
100.0
  9
$3DDWFPREC
 40
2.0
  9
$PSOLWIDTH
 40
0.005
  9
$PSOLHEIGHT
 40
0.08
  9
$LOFTANG1
 40
1.570796326795
  9
$LOFTANG2
 40
1.570796326795
  9
$LOFTMAG1
 40
0.0
  9
$LOFTMAG2
 40
0.0
  9
$LOFTPARAM
 70
7
  9
$LOFTNORMALS
280
1
  9
$LATITUDE
 40
37.795
  9
$LONGITUDE
 40
-122.394
  9
$NORTHDIRECTION
 40
0.0
  9
$TIMEZONE
 70
-8000
  9
$LIGHTGLYPHDISPLAY
280
1
  9
$TILEMODELIGHTSYNCH
280
1
  9
$CMATERIAL
347
20
  9
$SOLIDHIST
280
0
  9
$SHOWHIST
280
1
  9
$DWFFRAME
280
2
  9
$DGNFRAME
280
2
  9
$REALWORLDSCALE
290
1
  9
$INTERFERECOLOR
 62
256
  9
$CSHADOW
280
0
  9
$SHADOWPLANELOCATION
 40
0.0
  0
ENDSEC
  0
SECTION
  2
CLASSES
  0
CLASS
  1
ACDBDICTIONARYWDFLT
  2
AcDbDictionaryWithDefault
  3
ObjectDBX Classes
 90
0
 91
0
280
0
281
0
  0
CLASS
  1
SUN
  2
AcDbSun
  3
SCENEOE
 90
1153
 91
0
280
0
281
0
  0
CLASS
  1
VISUALSTYLE
  2
AcDbVisualStyle
  3
ObjectDBX Classes
 90
4095
 91
0
280
0
281
0
  0
CLASS
  1
MATERIAL
  2
AcDbMaterial
  3
ObjectDBX Classes
 90
1153
 91
0
280
0
281
0
  0
CLASS
  1
SCALE
  2
AcDbScale
  3
ObjectDBX Classes
 90
1153
 91
0
280
0
281
0
  0
CLASS
  1
TABLESTYLE
  2
AcDbTableStyle
  3
ObjectDBX Classes
 90
4095
 91
0
280
0
281
0
  0
CLASS
  1
MLEADERSTYLE
  2
AcDbMLeaderStyle
  3
ACDB_MLEADERSTYLE_CLASS
 90
4095
 91
0
280
0
281
0
  0
CLASS
  1
DICTIONARYVAR
  2
AcDbDictionaryVar
  3
ObjectDBX Classes
 90
0
 91
0
280
0
281
0
  0
CLASS
  1
CELLSTYLEMAP
  2
AcDbCellStyleMap
  3
ObjectDBX Classes
 90
1152
 91
0
280
0
281
0
  0
CLASS
  1
MENTALRAYRENDERSETTINGS
  2
AcDbMentalRayRenderSettings
  3
SCENEOE
 90
1024
 91
0
280
0
281
0
  0
CLASS
  1
ACDBDETAILVIEWSTYLE
  2
AcDbDetailViewStyle
  3
ObjectDBX Classes
 90
1025
 91
0
280
0
281
0
  0
CLASS
  1
ACDBSECTIONVIEWSTYLE
  2
AcDbSectionViewStyle
  3
ObjectDBX Classes
 90
1025
 91
0
280
0
281
0
  0
CLASS
  1
RASTERVARIABLES
  2
AcDbRasterVariables
  3
ISM
 90
0
 91
0
280
0
281
0
  0
CLASS
  1
ACDBPLACEHOLDER
  2
AcDbPlaceHolder
  3
ObjectDBX Classes
 90
0
 91
0
280
0
281
0
  0
CLASS
  1
LAYOUT
  2
AcDbLayout
  3
ObjectDBX Classes
 90
0
 91
0
280
0
281
0
  0
ENDSEC
  0
SECTION
  2
TABLES
  0
TABLE
  2
VPORT
  5
8
330
0
100
AcDbSymbolTable
 70
1
  0
VPORT
  5
23
330
8
100
AcDbSymbolTableRecord
100
AcDbViewportTableRecord
  2
*Active
 70
0
 10
0.0
 20
0.0
 11
1.0
 21
1.0
 12
0.0
 22
0.0
 13
0.0
 23
0.0
 14
0.5
 24
0.5
 15
0.5
 25
0.5
 16
0.0
 26
0.0
 36
1.0
 17
0.0
 27
0.0
 37
0.0
 40
1000.0
 41
1.34
 42
50.0
 43
0.0
 44
0.0
 50
0.0
 51
0.0
 71
0
 72
1000
 73
1
 74
3
 75
0
 76
0
 77
0
 78
0
281
0
 65
0
146
0.0
  0
ENDTAB
  0
TABLE
  2
LTYPE
  5
2
330
0
100
AcDbSymbolTable
 70
3
  0
LTYPE
  5
24
330
2
100
AcDbSymbolTableRecord
100
AcDbLinetypeTableRecord
  2
ByBlock
 70
0
  3

 72
65
 73
0
 40
0.0
  0
LTYPE
  5
25
330
2
100
AcDbSymbolTableRecord
100
AcDbLinetypeTableRecord
  2
ByLayer
 70
0
  3

 72
65
 73
0
 40
0.0
  0
LTYPE
  5
26
330
2
100
AcDbSymbolTableRecord
100
AcDbLinetypeTableRecord
  2
Continuous
 70
0
  3

 72
65
 73
0
 40
0.0
  0
ENDTAB
  0
TABLE
  2
LAYER
  5
1
330
0
100
AcDbSymbolTable
 70
8
  0
LAYER
  5
27
330
1
100
AcDbSymbolTableRecord
100
AcDbLayerTableRecord
  2
0
 70
0
 62
7
  6
Continuous
370
-3
390
13
347
21
  0
LAYER
  5
28
330
1
100
AcDbSymbolTableRecord
100
AcDbLayerTableRecord
  2
Defpoints
 70
0
 62
7
  6
Continuous
290
0
370
-3
390
13
347
21
  0
LAYER
  5
2F
330
1
100
AcDbSymbolTableRecord
100
AcDbLayerTableRecord
  2
CORTE
 70
0
 62
7
  6
Continuous
370
-3
390
13
347
21
  0
LAYER
  5
30
330
1
100
AcDbSymbolTableRecord
100
AcDbLayerTableRecord
  2
VISTA
 70
0
 62
8
  6
Continuous
370
-3
390
13
347
21
  0
LAYER
  5
31
330
1
100
AcDbSymbolTableRecord
100
AcDbLayerTableRecord
  2
COTAS
 70
0
 62
4
  6
Continuous
370
-3
390
13
347
21
  0
LAYER
  5
32
330
1
100
AcDbSymbolTableRecord
100
AcDbLayerTableRecord
  2
TEXTOS
 70
0
 62
7
  6
Continuous
370
-3
390
13
347
21
  0
LAYER
  5
33
330
1
100
AcDbSymbolTableRecord
100
AcDbLayerTableRecord
  2
EJES
 70
0
 62
3
  6
Continuous
370
-3
390
13
347
21
  0
LAYER
  5
34
330
1
100
AcDbSymbolTableRecord
100
AcDbLayerTableRecord
  2
SISTEMAS
 70
0
 62
5
  6
Continuous
370
-3
390
13
347
21
  0
ENDTAB
  0
TABLE
  2
STYLE
  5
5
330
0
100
AcDbSymbolTable
 70
1
  0
STYLE
  5
29
330
5
100
AcDbSymbolTableRecord
100
AcDbTextStyleTableRecord
  2
Standard
 70
0
 40
0.0
 41
1.0
 50
0.0
 71
0
 42
2.5
  3
txt
  4

  0
ENDTAB
  0
TABLE
  2
VIEW
  5
7
330
0
100
AcDbSymbolTable
 70
0
  0
ENDTAB
  0
TABLE
  2
UCS
  5
6
330
0
100
AcDbSymbolTable
 70
0
  0
ENDTAB
  0
TABLE
  2
APPID
  5
3
330
0
100
AcDbSymbolTable
 70
3
  0
APPID
  5
2A
330
3
100
AcDbSymbolTableRecord
100
AcDbRegAppTableRecord
  2
ACAD
 70
0
  0
APPID
  5
B19
330
3
100
AcDbSymbolTableRecord
100
AcDbRegAppTableRecord
  2
HATCHBACKGROUNDCOLOR
 70
0
  0
APPID
  5
B1A
330
3
100
AcDbSymbolTableRecord
100
AcDbRegAppTableRecord
  2
EZDXF
 70
0
  0
ENDTAB
  0
TABLE
  2
DIMSTYLE
  5
4
330
0
100
AcDbSymbolTable
 70
1
100
AcDbDimStyleTable
  0
DIMSTYLE
105
2B
330
4
100
AcDbSymbolTableRecord
100
AcDbDimStyleTableRecord
  2
Standard
 70
0
 40
1.0
 41
2.5
 42
0.625
 43
3.75
 44
1.25
 45
0.0
 46
0.0
 47
0.0
 48
0.0
 49
2.5
140
2.5
141
2.5
142
0.0
143
0.03937007874
144
1.0
145
0.0
146
1.0
147
0.625
148
0.0
 69
0
 70
0
 71
0
 72
0
 73
0
 74
0
 75
0
 76
0
 77
1
 78
8
 79
3
170
0
171
3
172
1
173
0
174
0
175
0
176
0
177
0
178
0
179
2
271
2
272
2
273
2
274
3
275
0
276
0
277
2
278
44
279
0
280
0
281
0
282
0
283
0
284
8
285
0
286
0
288
0
289
3
290
0
371
-2
372
-2
  0
ENDTAB
  0
TABLE
  2
BLOCK_RECORD
  5
9
330
0
100
AcDbSymbolTable
 70
5
  0
BLOCK_RECORD
  5
17
330
9
100
AcDbSymbolTableRecord
100
AcDbBlockTableRecord
  2
*Model_Space
340
1A
 70
0
280
1
281
0
  0
BLOCK_RECORD
  5
1B
330
9
100
AcDbSymbolTableRecord
100
AcDbBlockTableRecord
  2
*Paper_Space
340
1E
 70
0
280
1
281
0
  0
BLOCK_RECORD
  5
596
330
9
100
AcDbSymbolTableRecord
100
AcDbBlockTableRecord
  2
*D1
340
0
 70
0
280
1
281
0
  0
BLOCK_RECORD
  5
59B
330
9
100
AcDbSymbolTableRecord
100
AcDbBlockTableRecord
  2
_CLOSEDFILLED
340
0
 70
0
280
1
281
0
  0
BLOCK_RECORD
  5
B0A
330
9
100
AcDbSymbolTableRecord
100
AcDbBlockTableRecord
  2
*D2
340
0
 70
0
280
1
281
0
  0
ENDTAB
  0
ENDSEC
  0
SECTION
  2
BLOCKS
  0
BLOCK
  5
18
330
17
100
AcDbEntity
  8
0
100
AcDbBlockBegin
  2
*Model_Space
 70
0
 10
0.0
 20
0.0
 30
0.0
  3
*Model_Space
  1

  0
ENDBLK
  5
19
330
17
100
AcDbEntity
  8
0
100
AcDbBlockEnd
  0
BLOCK
  5
1C
330
1B
100
AcDbEntity
  8
0
100
AcDbBlockBegin
  2
*Paper_Space
 70
0
 10
0.0
 20
0.0
 30
0.0
  3
*Paper_Space
  1

  0
ENDBLK
  5
1D
330
1B
100
AcDbEntity
  8
0
100
AcDbBlockEnd
  0
BLOCK
  5
597
330
596
100
AcDbEntity
  8
0
100
AcDbBlockBegin
  2
*D1
 70
1
 10
0.0
 20
0.0
 30
0.0
  3
*D1
  1

  0
LINE
  5
599
330
596
100
AcDbEntity
  8
0
100
AcDbLine
 10
254.0
 20
0.0
 30
0.0
 11
254.0
 21
-0.9
 31
0.0
  0
LINE
  5
59A
330
596
100
AcDbEntity
  8
0
100
AcDbLine
 10
262.0
 20
0.0
 30
0.0
 11
262.0
 21
-0.9
 31
0.0
  0
INSERT
  5
59F
330
596
100
AcDbEntity
  8
COTAS
100
AcDbBlockReference
  2
_CLOSEDFILLED
 10
254.0
 20
-0.9
 30
0.0
 41
0.09
 42
0.09
 50
180.0
  0
INSERT
  5
5A1
330
596
100
AcDbEntity
  8
COTAS
100
AcDbBlockReference
  2
_CLOSEDFILLED
 10
262.0
 20
-0.9
 30
0.0
 41
0.09
 42
0.09
  0
LINE
  5
5A3
330
596
100
AcDbEntity
  8
0
100
AcDbLine
 10
254.09
 20
-0.9
 30
0.0
 11
257.935
 21
-0.9
 31
0.0
  0
LINE
  5
5A4
330
596
100
AcDbEntity
  8
0
100
AcDbLine
 10
258.065
 20
-0.9
 30
0.0
 11
261.91
 21
-0.9
 31
0.0
  0
MTEXT
  5
5A5
330
596
100
AcDbEntity
  8
COTAS
100
AcDbMText
 10
258.0
 20
-0.9
 30
0.0
 40
0.13
 71
5
  1
8
  0
POINT
  5
5A6
330
596
100
AcDbEntity
  8
Defpoints
100
AcDbPoint
 10
254.0
 20
-0.9
 30
0.0
  0
POINT
  5
5A7
330
596
100
AcDbEntity
  8
Defpoints
100
AcDbPoint
 10
254.0
 20
0.0
 30
0.0
  0
POINT
  5
5A8
330
596
100
AcDbEntity
  8
Defpoints
100
AcDbPoint
 10
262.0
 20
0.0
 30
0.0
  0
ENDBLK
  5
598
330
596
100
AcDbEntity
  8
0
100
AcDbBlockEnd
  0
BLOCK
  5
59C
330
59B
100
AcDbEntity
  8
0
100
AcDbBlockBegin
  2
_CLOSEDFILLED
 70
0
 10
0.0
 20
0.0
 30
0.0
  3
_CLOSEDFILLED
  1

  0
SOLID
  5
59E
330
59B
100
AcDbEntity
  8
0
  6
BYBLOCK
 62
0
100
AcDbTrace
 10
-1.0
 20
0.16439898372402537
 30
0.0
 11
0.0
 21
0.0
 31
0.0
 12
-1.0
 22
-0.16439898372402537
 32
0.0
 13
-1.0
 23
-0.16439898372402537
 33
0.0
  0
ENDBLK
  5
59D
330
59B
100
AcDbEntity
  8
0
100
AcDbBlockEnd
  0
BLOCK
  5
B0B
330
B0A
100
AcDbEntity
  8
0
100
AcDbBlockBegin
  2
*D2
 70
1
 10
0.0
 20
0.0
 30
0.0
  3
*D2
  1

  0
LINE
  5
B0D
330
B0A
100
AcDbEntity
  8
0
100
AcDbLine
 10
294.0
 20
0.0
 30
0.0
 11
294.0
 21
-0.9
 31
0.0
  0
LINE
  5
B0E
330
B0A
100
AcDbEntity
  8
0
100
AcDbLine
 10
302.0
 20
0.0
 30
0.0
 11
302.0
 21
-0.9
 31
0.0
  0
INSERT
  5
B0F
330
B0A
100
AcDbEntity
  8
COTAS
100
AcDbBlockReference
  2
_CLOSEDFILLED
 10
294.0
 20
-0.9
 30
0.0
 41
0.09
 42
0.09
 50
180.0
  0
INSERT
  5
B11
330
B0A
100
AcDbEntity
  8
COTAS
100
AcDbBlockReference
  2
_CLOSEDFILLED
 10
302.0
 20
-0.9
 30
0.0
 41
0.09
 42
0.09
  0
LINE
  5
B13
330
B0A
100
AcDbEntity
  8
0
100
AcDbLine
 10
294.09
 20
-0.9
 30
0.0
 11
297.935
 21
-0.9
 31
0.0
  0
LINE
  5
B14
330
B0A
100
AcDbEntity
  8
0
100
AcDbLine
 10
298.065
 20
-0.9
 30
0.0
 11
301.91
 21
-0.9
 31
0.0
  0
MTEXT
  5
B15
330
B0A
100
AcDbEntity
  8
COTAS
100
AcDbMText
 10
298.0
 20
-0.9
 30
0.0
 40
0.13
 71
5
  1
8
  0
POINT
  5
B16
330
B0A
100
AcDbEntity
  8
Defpoints
100
AcDbPoint
 10
294.0
 20
-0.9
 30
0.0
  0
POINT
  5
B17
330
B0A
100
AcDbEntity
  8
Defpoints
100
AcDbPoint
 10
294.0
 20
0.0
 30
0.0
  0
POINT
  5
B18
330
B0A
100
AcDbEntity
  8
Defpoints
100
AcDbPoint
 10
302.0
 20
0.0
 30
0.0
  0
ENDBLK
  5
B0C
330
B0A
100
AcDbEntity
  8
0
100
AcDbBlockEnd
  0
ENDSEC
  0
SECTION
  2
ENTITIES
  0
LWPOLYLINE
  5
35
330
17
100
AcDbEntity
  8
VISTA
100
AcDbPolyline
 90
9
 70
1
 10
261.9
 20
1.9955
 10
261.904499
 20
2.0
 10
262.0555
 20
2.0
 10
262.059999
 20
1.9955
 10
262.059999
 20
0.0045
 10
262.0555
 20
0.0
 10
261.904499
 20
0.0
 10
261.9
 20
0.0045
 10
261.9
 20
1.9955
  0
LWPOLYLINE
  5
36
330
17
100
AcDbEntity
  8
VISTA
100
AcDbPolyline
 90
5
 70
1
 10
252.975
 20
3.0875
 10
262.025
 20
3.0875
 10
262.025
 20
3.0325
 10
252.975
 20
3.0325
 10
252.975
 20
3.0875
  0
LWPOLYLINE
  5
37
330
17
100
AcDbEntity
  8
VISTA
100
AcDbPolyline
 90
5
 70
1
 10
252.992001
 20
3.283
 10
252.992001
 20
3.265
 10
252.982
 20
3.265
 10
252.982245
 20
3.283
 10
252.992001
 20
3.283
  0
LWPOLYLINE
  5
38
330
17
100
AcDbEntity
  8
VISTA
100
AcDbPolyline
 90
5
 70
1
 10
253.058001
 20
3.283
 10
253.058001
 20
3.265
 10
253.048
 20
3.265
 10
253.048245
 20
3.283
 10
253.058001
 20
3.283
  0
LWPOLYLINE
  5
39
330
17
100
AcDbEntity
  8
VISTA
100
AcDbPolyline
 90
5
 70
1
 10
252.992001
 20
3.283
 10
252.992001
 20
3.265
 10
252.982
 20
3.265
 10
252.982245
 20
3.283
 10
252.992001
 20
3.283
  0
LWPOLYLINE
  5
3A
330
17
100
AcDbEntity
  8
VISTA
100
AcDbPolyline
 90
5
 70
1
 10
253.058001
 20
3.283
 10
253.058001
 20
3.265
 10
253.048
 20
3.265
 10
253.048245
 20
3.283
 10
253.058001
 20
3.283
  0
LWPOLYLINE
  5
3B
330
17
100
AcDbEntity
  8
VISTA
100
AcDbPolyline
 90
5
 70
1
 10
254.112
 20
3.283
 10
254.112
 20
3.265
 10
254.102
 20
3.265
 10
254.102245
 20
3.283
 10
254.112
 20
3.283
  0
LWPOLYLINE
  5
3C
330
17
100
AcDbEntity
  8
VISTA
100
AcDbPolyline
 90
5
 70
1
 10
254.178
 20
3.283
 10
254.178
 20
3.265
 10
254.168
 20
3.265
 10
254.168245
 20
3.283
 10
254.178
 20
3.283
  0
LWPOLYLINE
  5
3D
330
17
100
AcDbEntity
  8
VISTA
100
AcDbPolyline
 90
5
 70
1
 10
255.232
 20
3.283
 10
255.232
 20
3.265
 10
255.222
 20
3.265
 10
255.222245
 20
3.283
 10
255.232
 20
3.283
  0
LWPOLYLINE
  5
3E
330
17
100
AcDbEntity
  8
VISTA
100
AcDbPolyline
 90
5
 70
1
 10
255.298
 20
3.283
 10
255.298
 20
3.265
 10
255.288
 20
3.265
 10
255.288245
 20
3.283
 10
255.298
 20
3.283
  0
LWPOLYLINE
  5
3F
330
17
100
AcDbEntity
  8
VISTA
100
AcDbPolyline
 90
5
 70
1
 10
256.351997
 20
3.283
 10
256.351997
 20
3.265
 10
256.341999
 20
3.265
 10
256.342243
 20
3.283
 10
256.351997
 20
3.283
  0
LWPOLYLINE
  5
40
330
17
100
AcDbEntity
  8
VISTA
100
AcDbPolyline
 90
5
 70
1
 10
256.417999
 20
3.283
 10
256.417999
 20
3.265
 10
256.408001
 20
3.265
 10
256.408245
 20
3.283
 10
256.417999
 20
3.283
  0
LWPOLYLINE
  5
41
330
17
100
AcDbEntity
  8
VISTA
100
AcDbPolyline
 90
5
 70
1
 10
257.471998
 20
3.283
 10
257.471998
 20
3.265
 10
257.462
 20
3.265
 10
257.462244
 20
3.283
 10
257.471998
 20
3.283
  0
LWPOLYLINE
  5
42
330
17
100
AcDbEntity
  8
VISTA
100
AcDbPolyline
 90
5
 70
1
 10
257.538
 20
3.283
 10
257.538
 20
3.265
 10
257.528002
 20
3.265
 10
257.528246
 20
3.283
 10
257.538
 20
3.283
  0
LWPOLYLINE
  5
43
330
17
100
AcDbEntity
  8
VISTA
100
AcDbPolyline
 90
5
 70
1
 10
258.591999
 20
3.283
 10
258.591999
 20
3.265
 10
258.582001
 20
3.265
 10
258.582245
 20
3.283
 10
258.591999
 20
3.283
  0
LWPOLYLINE
  5
44
330
17
100
AcDbEntity
  8
VISTA
100
AcDbPolyline
 90
5
 70
1
 10
258.658001
 20
3.283
 10
258.658001
 20
3.265
 10
258.648003
 20
3.265
 10
258.648247
 20
3.283
 10
258.658001
 20
3.283
  0
LWPOLYLINE
  5
45
330
17
100
AcDbEntity
  8
VISTA
100
AcDbPolyline
 90
5
 70
1
 10
259.711998
 20
3.283
 10
259.711998
 20
3.265
 10
259.702
 20
3.265
 10
259.702244
 20
3.283
 10
259.711998
 20
3.283
  0
LWPOLYLINE
  5
46
330
17
100
AcDbEntity
  8
VISTA
100
AcDbPolyline
 90
5
 70
1
 10
259.778
 20
3.283
 10
259.778
 20
3.265
 10
259.768002
 20
3.265
 10
259.768246
 20
3.283
 10
259.778
 20
3.283
  0
LWPOLYLINE
  5
47
330
17
100
AcDbEntity
  8
VISTA
100
AcDbPolyline
 90
5
 70
1
 10
260.831999
 20
3.283
 10
260.831999
 20
3.265
 10
260.822001
 20
3.265
 10
260.822245
 20
3.283
 10
260.831999
 20
3.283
  0
LWPOLYLINE
  5
48
330
17
100
AcDbEntity
  8
VISTA
100
AcDbPolyline
 90
5
 70
1
 10
260.898001
 20
3.283
 10
260.898001
 20
3.265
 10
260.88800200000003
 20
3.265
 10
260.888247
 20
3.283
 10
260.898001
 20
3.283
  0
LWPOLYLINE
  5
49
330
17
100
AcDbEntity
  8
VISTA
100
AcDbPolyline
 90
5
 70
1
 10
261.951998
 20
3.283
 10
261.951998
 20
3.265
 10
261.941999
 20
3.265
 10
261.942244
 20
3.283
 10
261.951998
 20
3.283
  0
LWPOLYLINE
  5
4A
330
17
100
AcDbEntity
  8
VISTA
100
AcDbPolyline
 90
5
 70
1
 10
262.01800000000003
 20
3.283
 10
262.01800000000003
 20
3.265
 10
262.008001
 20
3.265
 10
262.008245
 20
3.283
 10
262.01800000000003
 20
3.283
  0
LWPOLYLINE
  5
4B
330
17
100
AcDbEntity
  8
VISTA
100
AcDbPolyline
 90
5
 70
1
 10
253.0
 20
3.234
 10
262.0
 20
3.234
 10
262.0
 20
3.199
 10
253.0
 20
3.199
 10
253.0
 20
3.234
  0
LWPOLYLINE
  5
4C
330
17
100
AcDbEntity
  8
VISTA
100
AcDbPolyline
 90
8
 70
1
 10
253.002501
 20
4.2983
 10
253.0042
 20
4.3
 10
253.035801
 20
4.3
 10
253.0375
 20
4.2983
 10
253.0375
 20
3.2517
 10
253.035801
 20
3.25
 10
253.003348
 20
3.2505
 10
253.002501
 20
4.2983
  0
LWPOLYLINE
  5
4D
330
17
100
AcDbEntity
  8
VISTA
100
AcDbPolyline
 90
10
 70
1
 10
253.02
 20
4.3208
 10
253.0217
 20
4.3225
 10
261.9783
 20
4.3225
 10
261.98
 20
4.3208
 10
261.98
 20
4.2792
 10
261.979284
 20
4.2792
 10
261.979284
 20
4.277814
 10
261.9783
 20
4.2775
 10
253.020716
 20
4.277814
 10
253.02
 20
4.3208
  0
LWPOLYLINE
  5
4E
330
17
100
AcDbEntity
  8
VISTA
100
AcDbPolyline
 90
4
 70
1
 10
261.9791512697769
 20
4.2783497281947245
 10
261.979153
 20
4.278348
 10
261.9791512697769
 20
4.278349728194725
 10
261.9791512697769
 20
4.2783497281947245
  0
LWPOLYLINE
  5
4F
330
17
100
AcDbEntity
  8
VISTA
100
AcDbPolyline
 90
8
 70
1
 10
253.02
 20
3.8188
 10
253.0217
 20
3.8205
 10
261.9783
 20
3.8205
 10
261.98
 20
3.8188
 10
261.98
 20
3.7942
 10
261.9783
 20
3.7925
 10
253.020716
 20
3.792814
 10
253.02
 20
3.8188
  0
LWPOLYLINE
  5
50
330
17
100
AcDbEntity
  8
VISTA
100
AcDbPolyline
 90
8
 70
1
 10
253.002501
 20
4.2983
 10
253.0042
 20
4.3
 10
253.035801
 20
4.3
 10
253.0375
 20
4.2983
 10
253.0375
 20
3.2517
 10
253.035801
 20
3.25
 10
253.003348
 20
3.2505
 10
253.002501
 20
4.2983
  0
LWPOLYLINE
  5
51
330
17
100
AcDbEntity
  8
VISTA
100
AcDbPolyline
 90
8
 70
1
 10
254.1225
 20
4.2983
 10
254.124201
 20
4.3
 10
254.1558
 20
4.3
 10
254.1575
 20
4.2983
 10
254.1575
 20
3.2517
 10
254.1558
 20
3.25
 10
254.123348
 20
3.2505
 10
254.1225
 20
4.2983
  0
LWPOLYLINE
  5
52
330
17
100
AcDbEntity
  8
VISTA
100
AcDbPolyline
 90
8
 70
1
 10
255.2425
 20
4.2983
 10
255.2442
 20
4.3
 10
255.275801
 20
4.3
 10
255.2775
 20
4.2983
 10
255.2775
 20
3.2517
 10
255.275801
 20
3.25
 10
255.243348
 20
3.2505
 10
255.2425
 20
4.2983
  0
LWPOLYLINE
  5
53
330
17
100
AcDbEntity
  8
VISTA
100
AcDbPolyline
 90
8
 70
1
 10
256.362499
 20
4.2983
 10
256.364199
 20
4.3
 10
256.3958
 20
4.3
 10
256.397499
 20
4.2983
 10
256.397499
 20
3.2517
 10
256.3958
 20
3.25
 10
256.363348
 20
3.2505
 10
256.362499
 20
4.2983
  0
LWPOLYLINE
  5
54
330
17
100
AcDbEntity
  8
VISTA
100
AcDbPolyline
 90
8
 70
1
 10
257.4825
 20
4.2983
 10
257.4842
 20
4.3
 10
257.5158
 20
4.3
 10
257.5175
 20
4.2983
 10
257.5175
 20
3.2517
 10
257.5158
 20
3.25
 10
257.483349
 20
3.2505
 10
257.4825
 20
4.2983
  0
LWPOLYLINE
  5
55
330
17
100
AcDbEntity
  8
VISTA
100
AcDbPolyline
 90
8
 70
1
 10
258.602501
 20
4.2983
 10
258.6042
 20
4.3
 10
258.635801
 20
4.3
 10
258.637501
 20
4.2983
 10
258.637501
 20
3.2517
 10
258.635801
 20
3.25
 10
258.60335
 20
3.2505
 10
258.602501
 20
4.2983
  0
LWPOLYLINE
  5
56
330
17
100
AcDbEntity
  8
VISTA
100
AcDbPolyline
 90
8
 70
1
 10
259.7225
 20
4.2983
 10
259.724199
 20
4.3
 10
259.7558
 20
4.3
 10
259.7575
 20
4.2983
 10
259.7575
 20
3.2517
 10
259.7558
 20
3.25
 10
259.723349
 20
3.2505
 10
259.7225
 20
4.2983
  0
LWPOLYLINE
  5
57
330
17
100
AcDbEntity
  8
VISTA
100
AcDbPolyline
 90
8
 70
1
 10
260.84250099999997
 20
4.2983
 10
260.8442
 20
4.3
 10
260.875801
 20
4.3
 10
260.877501
 20
4.2983
 10
260.877501
 20
3.2517
 10
260.875801
 20
3.25
 10
260.843349
 20
3.2505
 10
260.84250099999997
 20
4.2983
  0
LWPOLYLINE
  5
58
330
17
100
AcDbEntity
  8
VISTA
100
AcDbPolyline
 90
8
 70
1
 10
261.9625
 20
4.2983
 10
261.964199
 20
4.3
 10
261.9958
 20
4.3
 10
261.997499
 20
4.2983
 10
261.997499
 20
3.2517
 10
261.9958
 20
3.25
 10
261.963348
 20
3.2505
 10
261.9625
 20
4.2983
  0
LWPOLYLINE
  5
59
330
17
100
AcDbEntity
  8
VISTA
100
AcDbPolyline
 90
5
 70
1
 10
253.125556
 20
4.257
 10
253.124557
 20
3.33
 10
253.11355700000001
 20
3.331
 10
253.11385
 20
4.257707
 10
253.125556
 20
4.257
  0
LWPOLYLINE
  5
5A
330
17
100
AcDbEntity
  8
VISTA
100
AcDbPolyline
 90
5
 70
1
 10
253.225111
 20
4.257
 10
253.224112
 20
3.33
 10
253.213112
 20
3.331
 10
253.213405
 20
4.257707
 10
253.225111
 20
4.257
  0
LWPOLYLINE
  5
5B
330
17
100
AcDbEntity
  8
VISTA
100
AcDbPolyline
 90
5
 70
1
 10
253.324667
 20
4.257
 10
253.323668
 20
3.33
 10
253.312668
 20
3.331
 10
253.312961
 20
4.257707
 10
253.324667
 20
4.257
  0
LWPOLYLINE
  5
5C
330
17
100
AcDbEntity
  8
VISTA
100
AcDbPolyline
 90
5
 70
1
 10
253.424222
 20
4.257
 10
253.423223
 20
3.33
 10
253.412223
 20
3.331
 10
253.412516
 20
4.257707
 10
253.424222
 20
4.257
  0
LWPOLYLINE
  5
5D
330
17
100
AcDbEntity
  8
VISTA
100
AcDbPolyline
 90
5
 70
1
 10
253.523778
 20
4.257
 10
253.522779
 20
3.33
 10
253.511779
 20
3.331
 10
253.512072
 20
4.257707
 10
253.523778
 20
4.257
  0
LWPOLYLINE
  5
5E
330
17
100
AcDbEntity
  8
VISTA
100
AcDbPolyline
 90
5
 70
1
 10
253.623333
 20
4.257
 10
253.622334
 20
3.33
 10
253.611334
 20
3.331
 10
253.611627
 20
4.257707
 10
253.623333
 20
4.257
  0
LWPOLYLINE
  5
5F
330
17
100
AcDbEntity
  8
VISTA
100
AcDbPolyline
 90
5
 70
1
 10
253.722889
 20
4.257
 10
253.721889
 20
3.33
 10
253.71089
 20
3.331
 10
253.711183
 20
4.257707
 10
253.722889
 20
4.257
  0
LWPOLYLINE
  5
60
330
17
100
AcDbEntity
  8
VISTA
100
AcDbPolyline
 90
5
 70
1
 10
253.822444
 20
4.257
 10
253.821445
 20
3.33
 10
253.810445
 20
3.331
 10
253.81073800000001
 20
4.257707
 10
253.822444
 20
4.257
  0
LWPOLYLINE
  5
61
330
17
100
AcDbEntity
  8
VISTA
100
AcDbPolyline
 90
5
 70
1
 10
253.922
 20
4.257
 10
253.921
 20
3.33
 10
253.910001
 20
3.331
 10
253.910294
 20
4.257707
 10
253.922
 20
4.257
  0
LWPOLYLINE
  5
62
330
17
100
AcDbEntity
  8
VISTA
100
AcDbPolyline
 90
5
 70
1
 10
254.021556
 20
4.257
 10
254.020556
 20
3.33
 10
254.009557
 20
3.331
 10
254.00985
 20
4.257707
 10
254.021556
 20
4.257
  0
LWPOLYLINE
  5
63
330
17
100
AcDbEntity
  8
VISTA
100
AcDbPolyline
 90
5
 70
1
 10
254.121111
 20
4.257
 10
254.120111
 20
3.33
 10
254.109112
 20
3.331
 10
254.109405
 20
4.257707
 10
254.121111
 20
4.257
  0
LWPOLYLINE
  5
64
330
17
100
AcDbEntity
  8
VISTA
100
AcDbPolyline
 90
5
 70
1
 10
254.220667
 20
4.257
 10
254.219667
 20
3.33
 10
254.208668
 20
3.331
 10
254.208961
 20
4.257707
 10
254.220667
 20
4.257
  0
LWPOLYLINE
  5
65
330
17
100
AcDbEntity
  8
VISTA
100
AcDbPolyline
 90
5
 70
1
 10
254.320222
 20
4.257
 10
254.319222
 20
3.33
 10
254.308223
 20
3.331
 10
254.308516
 20
4.257707
 10
254.320222
 20
4.257
  0
LWPOLYLINE
  5
66
330
17
100
AcDbEntity
  8
VISTA
100
AcDbPolyline
 90
5
 70
1
 10
254.419778
 20
4.257
 10
254.418778
 20
3.33
 10
254.407779
 20
3.331
 10
254.408072
 20
4.257707
 10
254.419778
 20
4.257
  0
LWPOLYLINE
  5
67
330
17
100
AcDbEntity
  8
VISTA
100
AcDbPolyline
 90
5
 70
1
 10
254.51933400000001
 20
4.257
 10
254.518334
 20
3.33
 10
254.507335
 20
3.331
 10
254.507627
 20
4.257707
 10
254.51933400000001
 20
4.257
  0
LWPOLYLINE
  5
68
330
17
100
AcDbEntity
  8
VISTA
100
AcDbPolyline
 90
5
 70
1
 10
254.618889
 20
4.257
 10
254.617889
 20
3.33
 10
254.60689
 20
3.331
 10
254.607183
 20
4.257707
 10
254.618889
 20
4.257
  0
LWPOLYLINE
  5
69
330
17
100
AcDbEntity
  8
VISTA
100
AcDbPolyline
 90
5
 70
1
 10
254.718444
 20
4.257
 10
254.717444
 20
3.33
 10
254.706445
 20
3.331
 10
254.706738
 20
4.257707
 10
254.718444
 20
4.257
  0
LWPOLYLINE
  5
6A
330
17
100
AcDbEntity
  8
VISTA
100
AcDbPolyline
 90
5
 70
1
 10
254.818
 20
4.257
 10
254.817
 20
3.33
 10
254.806001
 20
3.331
 10
254.806293
 20
4.257707
 10
254.818
 20
4.257
  0
LWPOLYLINE
  5
6B
330
17
100
AcDbEntity
  8
VISTA
100
AcDbPolyline
 90
5
 70
1
 10
254.917556
 20
4.257
 10
254.916556
 20
3.33
 10
254.905557
 20
3.331
 10
254.905849
 20
4.257707
 10
254.917556
 20
4.257
  0
LWPOLYLINE
  5
6C
330
17
100
AcDbEntity
  8
VISTA
100
AcDbPolyline
 90
5
 70
1
 10
255.017111
 20
4.257
 10
255.016111
 20
3.33
 10
255.005112
 20
3.331
 10
255.005404
 20
4.257707
 10
255.017111
 20
4.257
  0
LWPOLYLINE
  5
6D
330
17
100
AcDbEntity
  8
VISTA
100
AcDbPolyline
 90
5
 70
1
 10
255.116667
 20
4.257
 10
255.115667
 20
3.33
 10
255.104668
 20
3.331
 10
255.10496
 20
4.257707
 10
255.116667
 20
4.257
  0
LWPOLYLINE
  5
6E
330
17
100
AcDbEntity
  8
VISTA
100
AcDbPolyline
 90
5
 70
1
 10
255.216222
 20
4.257
 10
255.215222
 20
3.33
 10
255.204223
 20
3.331
 10
255.20451500000001
 20
4.257707
 10
255.216222
 20
4.257
  0
LWPOLYLINE
  5
6F
330
17
100
AcDbEntity
  8
VISTA
100
AcDbPolyline
 90
5
 70
1
 10
255.315778
 20
4.257
 10
255.314778
 20
3.33
 10
255.303779
 20
3.331
 10
255.304071
 20
4.257707
 10
255.315778
 20
4.257
  0
LWPOLYLINE
  5
70
330
17
100
AcDbEntity
  8
VISTA
100
AcDbPolyline
 90
5
 70
1
 10
255.415334
 20
4.257
 10
255.414334
 20
3.33
 10
255.403335
 20
3.331
 10
255.403627
 20
4.257707
 10
255.415334
 20
4.257
  0
LWPOLYLINE
  5
71
330
17
100
AcDbEntity
  8
VISTA
100
AcDbPolyline
 90
5
 70
1
 10
255.514889
 20
4.257
 10
255.513889
 20
3.33
 10
255.50289
 20
3.331
 10
255.503182
 20
4.257707
 10
255.514889
 20
4.257
  0
LWPOLYLINE
  5
72
330
17
100
AcDbEntity
  8
VISTA
100
AcDbPolyline
 90
5
 70
1
 10
255.614444
 20
4.257
 10
255.613444
 20
3.33
 10
255.602445
 20
3.331
 10
255.602737
 20
4.257707
 10
255.614444
 20
4.257
  0
LWPOLYLINE
  5
73
330
17
100
AcDbEntity
  8
VISTA
100
AcDbPolyline
 90
5
 70
1
 10
255.714
 20
4.257
 10
255.713
 20
3.33
 10
255.702001
 20
3.331
 10
255.702293
 20
4.257707
 10
255.714
 20
4.257
  0
LWPOLYLINE
  5
74
330
17
100
AcDbEntity
  8
VISTA
100
AcDbPolyline
 90
5
 70
1
 10
255.813556
 20
4.257
 10
255.812556
 20
3.33
 10
255.801557
 20
3.331
 10
255.801849
 20
4.257707
 10
255.813556
 20
4.257
  0
LWPOLYLINE
  5
75
330
17
100
AcDbEntity
  8
VISTA
100
AcDbPolyline
 90
5
 70
1
 10
255.91311100000001
 20
4.257
 10
255.912111
 20
3.33
 10
255.901112
 20
3.331
 10
255.901404
 20
4.257707
 10
255.91311100000001
 20
4.257
  0
LWPOLYLINE
  5
76
330
17
100
AcDbEntity
  8
VISTA
100
AcDbPolyline
 90
5
 70
1
 10
256.012669
 20
4.257
 10
256.011667
 20
3.33
 10
256.000668
 20
3.331
 10
256.000961
 20
4.257707
 10
256.012669
 20
4.257
  0
LWPOLYLINE
  5
77
330
17
100
AcDbEntity
  8
VISTA
100
AcDbPolyline
 90
5
 70
1
 10
256.112223
 20
4.257
 10
256.111221
 20
3.33
 10
256.100222
 20
3.331
 10
256.100515
 20
4.257707
 10
256.112223
 20
4.257
  0
LWPOLYLINE
  5
78
330
17
100
AcDbEntity
  8
VISTA
100
AcDbPolyline
 90
5
 70
1
 10
256.211779
 20
4.257
 10
256.210777
 20
3.33
 10
256.199778
 20
3.331
 10
256.200071
 20
4.257707
 10
256.211779
 20
4.257
  0
LWPOLYLINE
  5
79
330
17
100
AcDbEntity
  8
VISTA
100
AcDbPolyline
 90
5
 70
1
 10
256.311335
 20
4.257
 10
256.310333
 20
3.33
 10
256.299334
 20
3.331
 10
256.299627
 20
4.257707
 10
256.311335
 20
4.257
  0
LWPOLYLINE
  5
7A
330
17
100
AcDbEntity
  8
VISTA
100
AcDbPolyline
 90
5
 70
1
 10
256.410889
 20
4.257
 10
256.409887
 20
3.33
 10
256.398888
 20
3.331
 10
256.399181
 20
4.257707
 10
256.410889
 20
4.257
  0
LWPOLYLINE
  5
7B
330
17
100
AcDbEntity
  8
VISTA
100
AcDbPolyline
 90
5
 70
1
 10
256.510445
 20
4.257
 10
256.509443
 20
3.33
 10
256.498444
 20
3.331
 10
256.498737
 20
4.257707
 10
256.510445
 20
4.257
  0
LWPOLYLINE
  5
7C
330
17
100
AcDbEntity
  8
VISTA
100
AcDbPolyline
 90
5
 70
1
 10
256.610001
 20
4.257
 10
256.608999
 20
3.33
 10
256.598
 20
3.331
 10
256.598293
 20
4.257707
 10
256.610001
 20
4.257
  0
LWPOLYLINE
  5
7D
330
17
100
AcDbEntity
  8
VISTA
100
AcDbPolyline
 90
5
 70
1
 10
256.709557
 20
4.257
 10
256.708555
 20
3.33
 10
256.697556
 20
3.331
 10
256.697849
 20
4.257707
 10
256.709557
 20
4.257
  0
LWPOLYLINE
  5
7E
330
17
100
AcDbEntity
  8
VISTA
100
AcDbPolyline
 90
5
 70
1
 10
256.809113
 20
4.257
 10
256.808111
 20
3.33
 10
256.79711199999997
 20
3.331
 10
256.797405
 20
4.257707
 10
256.809113
 20
4.257
  0
LWPOLYLINE
  5
7F
330
17
100
AcDbEntity
  8
VISTA
100
AcDbPolyline
 90
5
 70
1
 10
256.908667
 20
4.257
 10
256.907665
 20
3.33
 10
256.896666
 20
3.331
 10
256.896959
 20
4.257707
 10
256.908667
 20
4.257
  0
LWPOLYLINE
  5
80
330
17
100
AcDbEntity
  8
VISTA
100
AcDbPolyline
 90
5
 70
1
 10
257.008223
 20
4.257
 10
257.007221
 20
3.33
 10
256.996222
 20
3.331
 10
256.996515
 20
4.257707
 10
257.008223
 20
4.257
  0
LWPOLYLINE
  5
81
330
17
100
AcDbEntity
  8
VISTA
100
AcDbPolyline
 90
5
 70
1
 10
257.107779
 20
4.257
 10
257.106777
 20
3.33
 10
257.095778
 20
3.331
 10
257.096071
 20
4.257707
 10
257.107779
 20
4.257
  0
LWPOLYLINE
  5
82
330
17
100
AcDbEntity
  8
VISTA
100
AcDbPolyline
 90
5
 70
1
 10
257.207335
 20
4.257
 10
257.206333
 20
3.33
 10
257.195333
 20
3.331
 10
257.195627
 20
4.257707
 10
257.207335
 20
4.257
  0
LWPOLYLINE
  5
83
330
17
100
AcDbEntity
  8
VISTA
100
AcDbPolyline
 90
5
 70
1
 10
257.306889
 20
4.257
 10
257.305887
 20
3.33
 10
257.294888
 20
3.331
 10
257.295181
 20
4.257707
 10
257.306889
 20
4.257
  0
LWPOLYLINE
  5
84
330
17
100
AcDbEntity
  8
VISTA
100
AcDbPolyline
 90
5
 70
1
 10
257.406445
 20
4.257
 10
257.405443
 20
3.33
 10
257.394444
 20
3.331
 10
257.394737
 20
4.257707
 10
257.406445
 20
4.257
  0
LWPOLYLINE
  5
85
330
17
100
AcDbEntity
  8
VISTA
100
AcDbPolyline
 90
5
 70
1
 10
257.506001
 20
4.257
 10
257.504999
 20
3.33
 10
257.493999
 20
3.331
 10
257.49429299999997
 20
4.257707
 10
257.506001
 20
4.257
  0
LWPOLYLINE
  5
86
330
17
100
AcDbEntity
  8
VISTA
100
AcDbPolyline
 90
5
 70
1
 10
257.605556
 20
4.257
 10
257.604555
 20
3.33
 10
257.593555
 20
3.331
 10
257.593849
 20
4.257707
 10
257.605556
 20
4.257
  0
LWPOLYLINE
  5
87
330
17
100
AcDbEntity
  8
VISTA
100
AcDbPolyline
 90
5
 70
1
 10
257.705112
 20
4.257
 10
257.704111
 20
3.33
 10
257.693111
 20
3.331
 10
257.693405
 20
4.257707
 10
257.705112
 20
4.257
  0
LWPOLYLINE
  5
88
330
17
100
AcDbEntity
  8
VISTA
100
AcDbPolyline
 90
5
 70
1
 10
257.804668
 20
4.257
 10
257.803667
 20
3.33
 10
257.792667
 20
3.331
 10
257.792961
 20
4.257707
 10
257.804668
 20
4.257
  0
LWPOLYLINE
  5
89
330
17
100
AcDbEntity
  8
VISTA
100
AcDbPolyline
 90
5
 70
1
 10
257.904222
 20
4.257
 10
257.903221
 20
3.33
 10
257.892221
 20
3.331
 10
257.892515
 20
4.257707
 10
257.904222
 20
4.257
  0
LWPOLYLINE
  5
8A
330
17
100
AcDbEntity
  8
VISTA
100
AcDbPolyline
 90
5
 70
1
 10
258.003778
 20
4.257
 10
258.002777
 20
3.33
 10
257.991777
 20
3.331
 10
257.992071
 20
4.257707
 10
258.003778
 20
4.257
  0
LWPOLYLINE
  5
8B
330
17
100
AcDbEntity
  8
VISTA
100
AcDbPolyline
 90
5
 70
1
 10
258.103334
 20
4.257
 10
258.102333
 20
3.33
 10
258.091333
 20
3.331
 10
258.091627
 20
4.257707
 10
258.103334
 20
4.257
  0
LWPOLYLINE
  5
8C
330
17
100
AcDbEntity
  8
VISTA
100
AcDbPolyline
 90
5
 70
1
 10
258.20288800000003
 20
4.257
 10
258.201887
 20
3.33
 10
258.190887
 20
3.331
 10
258.19118100000003
 20
4.257707
 10
258.20288800000003
 20
4.257
  0
LWPOLYLINE
  5
8D
330
17
100
AcDbEntity
  8
VISTA
100
AcDbPolyline
 90
5
 70
1
 10
258.302444
 20
4.257
 10
258.301443
 20
3.33
 10
258.290443
 20
3.331
 10
258.290737
 20
4.257707
 10
258.302444
 20
4.257
  0
LWPOLYLINE
  5
8E
330
17
100
AcDbEntity
  8
VISTA
100
AcDbPolyline
 90
5
 70
1
 10
258.402
 20
4.257
 10
258.400999
 20
3.33
 10
258.389999
 20
3.331
 10
258.390293
 20
4.257707
 10
258.402
 20
4.257
  0
LWPOLYLINE
  5
8F
330
17
100
AcDbEntity
  8
VISTA
100
AcDbPolyline
 90
5
 70
1
 10
258.501556
 20
4.257
 10
258.500555
 20
3.33
 10
258.489555
 20
3.331
 10
258.489849
 20
4.257707
 10
258.501556
 20
4.257
  0
LWPOLYLINE
  5
90
330
17
100
AcDbEntity
  8
VISTA
100
AcDbPolyline
 90
5
 70
1
 10
258.601112
 20
4.257
 10
258.60011099999997
 20
3.33
 10
258.589111
 20
3.331
 10
258.589405
 20
4.257707
 10
258.601112
 20
4.257
  0
LWPOLYLINE
  5
91
330
17
100
AcDbEntity
  8
VISTA
100
AcDbPolyline
 90
5
 70
1
 10
258.700666
 20
4.257
 10
258.699665
 20
3.33
 10
258.688665
 20
3.331
 10
258.688959
 20
4.257707
 10
258.700666
 20
4.257
  0
LWPOLYLINE
  5
92
330
17
100
AcDbEntity
  8
VISTA
100
AcDbPolyline
 90
5
 70
1
 10
258.800222
 20
4.257
 10
258.799221
 20
3.33
 10
258.788221
 20
3.331
 10
258.788515
 20
4.257707
 10
258.800222
 20
4.257
  0
LWPOLYLINE
  5
93
330
17
100
AcDbEntity
  8
VISTA
100
AcDbPolyline
 90
5
 70
1
 10
258.899778
 20
4.257
 10
258.898777
 20
3.33
 10
258.887777
 20
3.331
 10
258.888071
 20
4.257707
 10
258.899778
 20
4.257
  0
LWPOLYLINE
  5
94
330
17
100
AcDbEntity
  8
VISTA
100
AcDbPolyline
 90
5
 70
1
 10
258.999334
 20
4.257
 10
258.998333
 20
3.33
 10
258.987333
 20
3.331
 10
258.987627
 20
4.257707
 10
258.999334
 20
4.257
  0
LWPOLYLINE
  5
95
330
17
100
AcDbEntity
  8
VISTA
100
AcDbPolyline
 90
5
 70
1
 10
259.098888
 20
4.257
 10
259.097887
 20
3.33
 10
259.086887
 20
3.331
 10
259.087181
 20
4.257707
 10
259.098888
 20
4.257
  0
LWPOLYLINE
  5
96
330
17
100
AcDbEntity
  8
VISTA
100
AcDbPolyline
 90
5
 70
1
 10
259.198444
 20
4.257
 10
259.197443
 20
3.33
 10
259.186443
 20
3.331
 10
259.186737
 20
4.257707
 10
259.198444
 20
4.257
  0
LWPOLYLINE
  5
97
330
17
100
AcDbEntity
  8
VISTA
100
AcDbPolyline
 90
5
 70
1
 10
259.298
 20
4.257
 10
259.296999
 20
3.33
 10
259.285999
 20
3.331
 10
259.286293
 20
4.257707
 10
259.298
 20
4.257
  0
LWPOLYLINE
  5
98
330
17
100
AcDbEntity
  8
VISTA
100
AcDbPolyline
 90
5
 70
1
 10
259.397556
 20
4.257
 10
259.396555
 20
3.33
 10
259.385555
 20
3.331
 10
259.385849
 20
4.257707
 10
259.397556
 20
4.257
  0
LWPOLYLINE
  5
99
330
17
100
AcDbEntity
  8
VISTA
100
AcDbPolyline
 90
5
 70
1
 10
259.497112
 20
4.257
 10
259.496111
 20
3.33
 10
259.485111
 20
3.331
 10
259.485405
 20
4.257707
 10
259.497112
 20
4.257
  0
LWPOLYLINE
  5
9A
330
17
100
AcDbEntity
  8
VISTA
100
AcDbPolyline
 90
5
 70
1
 10
259.596666
 20
4.257
 10
259.595665
 20
3.33
 10
259.584665
 20
3.331
 10
259.584959
 20
4.257707
 10
259.596666
 20
4.257
  0
LWPOLYLINE
  5
9B
330
17
100
AcDbEntity
  8
VISTA
100
AcDbPolyline
 90
5
 70
1
 10
259.696222
 20
4.257
 10
259.695221
 20
3.33
 10
259.684221
 20
3.331
 10
259.684515
 20
4.257707
 10
259.696222
 20
4.257
  0
LWPOLYLINE
  5
9C
330
17
100
AcDbEntity
  8
VISTA
100
AcDbPolyline
 90
5
 70
1
 10
259.795778
 20
4.257
 10
259.794777
 20
3.33
 10
259.783777
 20
3.331
 10
259.784071
 20
4.257707
 10
259.795778
 20
4.257
  0
LWPOLYLINE
  5
9D
330
17
100
AcDbEntity
  8
VISTA
100
AcDbPolyline
 90
5
 70
1
 10
259.895334
 20
4.257
 10
259.894333
 20
3.33
 10
259.883333
 20
3.331
 10
259.883627
 20
4.257707
 10
259.895334
 20
4.257
  0
LWPOLYLINE
  5
9E
330
17
100
AcDbEntity
  8
VISTA
100
AcDbPolyline
 90
5
 70
1
 10
259.994888
 20
4.257
 10
259.993887
 20
3.33
 10
259.982887
 20
3.331
 10
259.983181
 20
4.257707
 10
259.994888
 20
4.257
  0
LWPOLYLINE
  5
9F
330
17
100
AcDbEntity
  8
VISTA
100
AcDbPolyline
 90
5
 70
1
 10
260.094444
 20
4.257
 10
260.093443
 20
3.33
 10
260.082443
 20
3.331
 10
260.082737
 20
4.257707
 10
260.094444
 20
4.257
  0
LWPOLYLINE
  5
A0
330
17
100
AcDbEntity
  8
VISTA
100
AcDbPolyline
 90
5
 70
1
 10
260.194
 20
4.257
 10
260.192999
 20
3.33
 10
260.181999
 20
3.331
 10
260.182293
 20
4.257707
 10
260.194
 20
4.257
  0
LWPOLYLINE
  5
A1
330
17
100
AcDbEntity
  8
VISTA
100
AcDbPolyline
 90
5
 70
1
 10
260.293556
 20
4.257
 10
260.292555
 20
3.33
 10
260.281555
 20
3.331
 10
260.281849
 20
4.257707
 10
260.293556
 20
4.257
  0
LWPOLYLINE
  5
A2
330
17
100
AcDbEntity
  8
VISTA
100
AcDbPolyline
 90
5
 70
1
 10
260.393112
 20
4.257
 10
260.392111
 20
3.33
 10
260.381111
 20
3.331
 10
260.381405
 20
4.257707
 10
260.393112
 20
4.257
  0
LWPOLYLINE
  5
A3
330
17
100
AcDbEntity
  8
VISTA
100
AcDbPolyline
 90
5
 70
1
 10
260.492668
 20
4.257
 10
260.491667
 20
3.33
 10
260.480667
 20
3.331
 10
260.480961
 20
4.257707
 10
260.492668
 20
4.257
  0
LWPOLYLINE
  5
A4
330
17
100
AcDbEntity
  8
VISTA
100
AcDbPolyline
 90
5
 70
1
 10
260.592224
 20
4.257
 10
260.591223
 20
3.33
 10
260.580223
 20
3.331
 10
260.580517
 20
4.257707
 10
260.592224
 20
4.257
  0
LWPOLYLINE
  5
A5
330
17
100
AcDbEntity
  8
VISTA
100
AcDbPolyline
 90
5
 70
1
 10
260.691778
 20
4.257
 10
260.690777
 20
3.33
 10
260.679777
 20
3.331
 10
260.680071
 20
4.257707
 10
260.691778
 20
4.257
  0
LWPOLYLINE
  5
A6
330
17
100
AcDbEntity
  8
VISTA
100
AcDbPolyline
 90
5
 70
1
 10
260.791334
 20
4.257
 10
260.790333
 20
3.33
 10
260.779333
 20
3.331
 10
260.779627
 20
4.257707
 10
260.791334
 20
4.257
  0
LWPOLYLINE
  5
A7
330
17
100
AcDbEntity
  8
VISTA
100
AcDbPolyline
 90
5
 70
1
 10
260.890888
 20
4.257
 10
260.889887
 20
3.33
 10
260.878887
 20
3.331
 10
260.879181
 20
4.257707
 10
260.890888
 20
4.257
  0
LWPOLYLINE
  5
A8
330
17
100
AcDbEntity
  8
VISTA
100
AcDbPolyline
 90
5
 70
1
 10
260.990444
 20
4.257
 10
260.989443
 20
3.33
 10
260.97844299999997
 20
3.331
 10
260.978737
 20
4.257707
 10
260.990444
 20
4.257
  0
LWPOLYLINE
  5
A9
330
17
100
AcDbEntity
  8
VISTA
100
AcDbPolyline
 90
5
 70
1
 10
261.09
 20
4.257
 10
261.088999
 20
3.33
 10
261.077999
 20
3.331
 10
261.078293
 20
4.257707
 10
261.09
 20
4.257
  0
LWPOLYLINE
  5
AA
330
17
100
AcDbEntity
  8
VISTA
100
AcDbPolyline
 90
5
 70
1
 10
261.189556
 20
4.257
 10
261.188555
 20
3.33
 10
261.177555
 20
3.331
 10
261.177849
 20
4.257707
 10
261.189556
 20
4.257
  0
LWPOLYLINE
  5
AB
330
17
100
AcDbEntity
  8
VISTA
100
AcDbPolyline
 90
5
 70
1
 10
261.289112
 20
4.257
 10
261.288111
 20
3.33
 10
261.277111
 20
3.331
 10
261.277405
 20
4.257707
 10
261.289112
 20
4.257
  0
LWPOLYLINE
  5
AC
330
17
100
AcDbEntity
  8
VISTA
100
AcDbPolyline
 90
5
 70
1
 10
261.388668
 20
4.257
 10
261.387667
 20
3.33
 10
261.376667
 20
3.331
 10
261.376961
 20
4.257707
 10
261.388668
 20
4.257
  0
LWPOLYLINE
  5
AD
330
17
100
AcDbEntity
  8
VISTA
100
AcDbPolyline
 90
5
 70
1
 10
261.488222
 20
4.257
 10
261.487221
 20
3.33
 10
261.476221
 20
3.331
 10
261.476515
 20
4.257707
 10
261.488222
 20
4.257
  0
LWPOLYLINE
  5
AE
330
17
100
AcDbEntity
  8
VISTA
100
AcDbPolyline
 90
5
 70
1
 10
261.587778
 20
4.257
 10
261.586777
 20
3.33
 10
261.575777
 20
3.331
 10
261.576071
 20
4.257707
 10
261.587778
 20
4.257
  0
LWPOLYLINE
  5
AF
330
17
100
AcDbEntity
  8
VISTA
100
AcDbPolyline
 90
5
 70
1
 10
261.687332
 20
4.257
 10
261.686331
 20
3.33
 10
261.675331
 20
3.331
 10
261.675625
 20
4.257707
 10
261.687332
 20
4.257
  0
LWPOLYLINE
  5
B0
330
17
100
AcDbEntity
  8
VISTA
100
AcDbPolyline
 90
5
 70
1
 10
261.786888
 20
4.257
 10
261.785887
 20
3.33
 10
261.774887
 20
3.331
 10
261.775181
 20
4.257707
 10
261.786888
 20
4.257
  0
LWPOLYLINE
  5
B1
330
17
100
AcDbEntity
  8
VISTA
100
AcDbPolyline
 90
5
 70
1
 10
261.886444
 20
4.257
 10
261.885443
 20
3.33
 10
261.874443
 20
3.331
 10
261.874737
 20
4.257707
 10
261.886444
 20
4.257
  0
LWPOLYLINE
  5
B2
330
17
100
AcDbEntity
  8
VISTA
100
AcDbPolyline
 90
8
 70
1
 10
253.0705
 20
3.266
 10
253.0725
 20
3.264
 10
253.0725
 20
3.256
 10
253.0705
 20
3.254
 10
252.969501
 20
3.254
 10
252.967501
 20
3.256
 10
252.968086
 20
3.265414
 10
253.0705
 20
3.266
  0
LWPOLYLINE
  5
B3
330
17
100
AcDbEntity
  8
VISTA
100
AcDbPolyline
 90
8
 70
1
 10
253.0705
 20
3.266
 10
253.0725
 20
3.264
 10
253.0725
 20
3.256
 10
253.0705
 20
3.254
 10
252.969501
 20
3.254
 10
252.967501
 20
3.256
 10
252.968086
 20
3.265414
 10
253.0705
 20
3.266
  0
LWPOLYLINE
  5
B4
330
17
100
AcDbEntity
  8
VISTA
100
AcDbPolyline
 90
8
 70
1
 10
254.1905
 20
3.266
 10
254.1925
 20
3.264
 10
254.1925
 20
3.256
 10
254.1905
 20
3.254
 10
254.0895
 20
3.254
 10
254.087501
 20
3.256
 10
254.088086
 20
3.265414
 10
254.1905
 20
3.266
  0
LWPOLYLINE
  5
B5
330
17
100
AcDbEntity
  8
VISTA
100
AcDbPolyline
 90
8
 70
1
 10
255.3105
 20
3.266
 10
255.3125
 20
3.264
 10
255.3125
 20
3.256
 10
255.3105
 20
3.254
 10
255.2095
 20
3.254
 10
255.2075
 20
3.256
 10
255.208086
 20
3.265414
 10
255.3105
 20
3.266
  0
LWPOLYLINE
  5
B6
330
17
100
AcDbEntity
  8
VISTA
100
AcDbPolyline
 90
8
 70
1
 10
256.4305
 20
3.266
 10
256.432499
 20
3.264
 10
256.432499
 20
3.256
 10
256.4305
 20
3.254
 10
256.329498
 20
3.254
 10
256.327499
 20
3.256
 10
256.328085
 20
3.265414
 10
256.4305
 20
3.266
  0
LWPOLYLINE
  5
B7
330
17
100
AcDbEntity
  8
VISTA
100
AcDbPolyline
 90
8
 70
1
 10
257.550501
 20
3.266
 10
257.5525
 20
3.264
 10
257.5525
 20
3.256
 10
257.550501
 20
3.254
 10
257.449499
 20
3.254
 10
257.4475
 20
3.256
 10
257.448086
 20
3.265414
 10
257.550501
 20
3.266
  0
LWPOLYLINE
  5
B8
330
17
100
AcDbEntity
  8
VISTA
100
AcDbPolyline
 90
8
 70
1
 10
258.670502
 20
3.266
 10
258.672501
 20
3.264
 10
258.672501
 20
3.256
 10
258.670502
 20
3.254
 10
258.5695
 20
3.254
 10
258.567501
 20
3.256
 10
258.568087
 20
3.265414
 10
258.670502
 20
3.266
  0
LWPOLYLINE
  5
B9
330
17
100
AcDbEntity
  8
VISTA
100
AcDbPolyline
 90
8
 70
1
 10
259.790501
 20
3.266
 10
259.7925
 20
3.264
 10
259.7925
 20
3.256
 10
259.790501
 20
3.254
 10
259.689499
 20
3.254
 10
259.6875
 20
3.256
 10
259.688086
 20
3.265414
 10
259.790501
 20
3.266
  0
LWPOLYLINE
  5
BA
330
17
100
AcDbEntity
  8
VISTA
100
AcDbPolyline
 90
8
 70
1
 10
260.910501
 20
3.266
 10
260.9125
 20
3.264
 10
260.9125
 20
3.256
 10
260.910501
 20
3.254
 10
260.8095
 20
3.254
 10
260.807501
 20
3.256
 10
260.808086
 20
3.265414
 10
260.910501
 20
3.266
  0
LWPOLYLINE
  5
BB
330
17
100
AcDbEntity
  8
VISTA
100
AcDbPolyline
 90
8
 70
1
 10
262.0305
 20
3.266
 10
262.03249900000003
 20
3.264
 10
262.03249900000003
 20
3.256
 10
262.0305
 20
3.254
 10
261.929499
 20
3.254
 10
261.9275
 20
3.256
 10
261.928085
 20
3.265414
 10
262.0305
 20
3.266
  0
LWPOLYLINE
  5
BC
330
17
100
AcDbEntity
  8
VISTA
100
AcDbPolyline
 90
5
 70
1
 10
252.992001
 20
3.283
 10
252.992001
 20
3.265
 10
252.982
 20
3.265
 10
252.982245
 20
3.283
 10
252.992001
 20
3.283
  0
LWPOLYLINE
  5
BD
330
17
100
AcDbEntity
  8
VISTA
100
AcDbPolyline
 90
5
 70
1
 10
253.058001
 20
3.283
 10
253.058001
 20
3.265
 10
253.048
 20
3.265
 10
253.048245
 20
3.283
 10
253.058001
 20
3.283
  0
LWPOLYLINE
  5
BE
330
17
100
AcDbEntity
  8
VISTA
100
AcDbPolyline
 90
5
 70
1
 10
252.992001
 20
3.283
 10
252.992001
 20
3.265
 10
252.982
 20
3.265
 10
252.982245
 20
3.283
 10
252.992001
 20
3.283
  0
LWPOLYLINE
  5
BF
330
17
100
AcDbEntity
  8
VISTA
100
AcDbPolyline
 90
5
 70
1
 10
253.058001
 20
3.283
 10
253.058001
 20
3.265
 10
253.048
 20
3.265
 10
253.048245
 20
3.283
 10
253.058001
 20
3.283
  0
LWPOLYLINE
  5
C0
330
17
100
AcDbEntity
  8
VISTA
100
AcDbPolyline
 90
5
 70
1
 10
254.112
 20
3.283
 10
254.112
 20
3.265
 10
254.102
 20
3.265
 10
254.102245
 20
3.283
 10
254.112
 20
3.283
  0
LWPOLYLINE
  5
C1
330
17
100
AcDbEntity
  8
VISTA
100
AcDbPolyline
 90
5
 70
1
 10
254.178
 20
3.283
 10
254.178
 20
3.265
 10
254.168
 20
3.265
 10
254.168245
 20
3.283
 10
254.178
 20
3.283
  0
LWPOLYLINE
  5
C2
330
17
100
AcDbEntity
  8
VISTA
100
AcDbPolyline
 90
5
 70
1
 10
255.232
 20
3.283
 10
255.232
 20
3.265
 10
255.222
 20
3.265
 10
255.222245
 20
3.283
 10
255.232
 20
3.283
  0
LWPOLYLINE
  5
C3
330
17
100
AcDbEntity
  8
VISTA
100
AcDbPolyline
 90
5
 70
1
 10
255.298
 20
3.283
 10
255.298
 20
3.265
 10
255.288
 20
3.265
 10
255.288245
 20
3.283
 10
255.298
 20
3.283
  0
LWPOLYLINE
  5
C4
330
17
100
AcDbEntity
  8
VISTA
100
AcDbPolyline
 90
5
 70
1
 10
256.351997
 20
3.283
 10
256.351997
 20
3.265
 10
256.341999
 20
3.265
 10
256.342243
 20
3.283
 10
256.351997
 20
3.283
  0
LWPOLYLINE
  5
C5
330
17
100
AcDbEntity
  8
VISTA
100
AcDbPolyline
 90
5
 70
1
 10
256.417999
 20
3.283
 10
256.417999
 20
3.265
 10
256.408001
 20
3.265
 10
256.408245
 20
3.283
 10
256.417999
 20
3.283
  0
LWPOLYLINE
  5
C6
330
17
100
AcDbEntity
  8
VISTA
100
AcDbPolyline
 90
5
 70
1
 10
257.471998
 20
3.283
 10
257.471998
 20
3.265
 10
257.462
 20
3.265
 10
257.462244
 20
3.283
 10
257.471998
 20
3.283
  0
LWPOLYLINE
  5
C7
330
17
100
AcDbEntity
  8
VISTA
100
AcDbPolyline
 90
5
 70
1
 10
257.538
 20
3.283
 10
257.538
 20
3.265
 10
257.528002
 20
3.265
 10
257.528246
 20
3.283
 10
257.538
 20
3.283
  0
LWPOLYLINE
  5
C8
330
17
100
AcDbEntity
  8
VISTA
100
AcDbPolyline
 90
5
 70
1
 10
258.591999
 20
3.283
 10
258.591999
 20
3.265
 10
258.582001
 20
3.265
 10
258.582245
 20
3.283
 10
258.591999
 20
3.283
  0
LWPOLYLINE
  5
C9
330
17
100
AcDbEntity
  8
VISTA
100
AcDbPolyline
 90
5
 70
1
 10
258.658001
 20
3.283
 10
258.658001
 20
3.265
 10
258.648003
 20
3.265
 10
258.648247
 20
3.283
 10
258.658001
 20
3.283
  0
LWPOLYLINE
  5
CA
330
17
100
AcDbEntity
  8
VISTA
100
AcDbPolyline
 90
5
 70
1
 10
259.711998
 20
3.283
 10
259.711998
 20
3.265
 10
259.702
 20
3.265
 10
259.702244
 20
3.283
 10
259.711998
 20
3.283
  0
LWPOLYLINE
  5
CB
330
17
100
AcDbEntity
  8
VISTA
100
AcDbPolyline
 90
5
 70
1
 10
259.778
 20
3.283
 10
259.778
 20
3.265
 10
259.768002
 20
3.265
 10
259.768246
 20
3.283
 10
259.778
 20
3.283
  0
LWPOLYLINE
  5
CC
330
17
100
AcDbEntity
  8
VISTA
100
AcDbPolyline
 90
5
 70
1
 10
260.831999
 20
3.283
 10
260.831999
 20
3.265
 10
260.822001
 20
3.265
 10
260.822245
 20
3.283
 10
260.831999
 20
3.283
  0
LWPOLYLINE
  5
CD
330
17
100
AcDbEntity
  8
VISTA
100
AcDbPolyline
 90
5
 70
1
 10
260.898001
 20
3.283
 10
260.898001
 20
3.265
 10
260.88800200000003
 20
3.265
 10
260.888247
 20
3.283
 10
260.898001
 20
3.283
  0
LWPOLYLINE
  5
CE
330
17
100
AcDbEntity
  8
VISTA
100
AcDbPolyline
 90
5
 70
1
 10
261.951998
 20
3.283
 10
261.951998
 20
3.265
 10
261.941999
 20
3.265
 10
261.942244
 20
3.283
 10
261.951998
 20
3.283
  0
LWPOLYLINE
  5
CF
330
17
100
AcDbEntity
  8
VISTA
100
AcDbPolyline
 90
5
 70
1
 10
262.01800000000003
 20
3.283
 10
262.01800000000003
 20
3.265
 10
262.008001
 20
3.265
 10
262.008245
 20
3.283
 10
262.01800000000003
 20
3.283
  0
LWPOLYLINE
  5
D0
330
17
100
AcDbEntity
  8
VISTA
100
AcDbPolyline
 90
5
 70
1
 10
253.026
 20
4.257
 10
253.025001
 20
3.33
 10
253.014001
 20
3.331
 10
253.014294
 20
4.257707
 10
253.026
 20
4.257
  0
LWPOLYLINE
  5
D1
330
17
100
AcDbEntity
  8
VISTA
100
AcDbPolyline
 90
5
 70
1
 10
253.026
 20
4.257
 10
253.025001
 20
3.33
 10
253.014001
 20
3.331
 10
253.014294
 20
4.257707
 10
253.026
 20
4.257
  0
LWPOLYLINE
  5
D2
330
17
100
AcDbEntity
  8
VISTA
100
AcDbPolyline
 90
17
 70
1
 10
261.627008
 20
-0.300038
 10
261.7222859718303
 20
-0.26339351199966426
 10
261.724789
 20
-0.214736
 10
261.725
 20
6.297
 10
261.835001
 20
6.297
 10
261.834084
 20
-0.239958
 10
261.831303
 20
-0.277235
 10
261.82399399999997
 20
-0.314214
 10
261.81435799999997
 20
-0.33379
 10
261.804861
 20
-0.344172
 10
261.79655159755987
 20
-0.35
 10
261.5958260079537
 20
-0.35
 10
261.59561
 20
-0.344814
 10
261.598719
 20
-0.330834
 10
261.605324
 20
-0.31816
 10
261.614971
 20
-0.307656
 10
261.627008
 20
-0.300038
  0
LWPOLYLINE
  5
D3
330
17
100
AcDbEntity
  8
VISTA
100
AcDbPolyline
 90
8
 70
1
 10
254.650001
 20
3.9483
 10
254.6517
 20
3.95
 10
254.708301
 20
3.95
 10
254.71
 20
3.9483
 10
254.71
 20
3.1717
 10
254.708301
 20
3.17
 10
254.650848
 20
3.1705
 10
254.650001
 20
3.9483
  0
LWPOLYLINE
  5
D4
330
17
100
AcDbEntity
  8
VISTA
100
AcDbPolyline
 90
8
 70
1
 10
255.490001
 20
3.9483
 10
255.4917
 20
3.95
 10
255.548301
 20
3.95
 10
255.55
 20
3.9483
 10
255.55
 20
3.1717
 10
255.548301
 20
3.17
 10
255.490849
 20
3.1705
 10
255.490001
 20
3.9483
  0
LWPOLYLINE
  5
D5
330
17
100
AcDbEntity
  8
VISTA
100
AcDbPolyline
 90
5
 70
1
 10
253.026
 20
4.257
 10
253.025001
 20
3.33
 10
253.014001
 20
3.331
 10
253.014294
 20
4.257707
 10
253.026
 20
4.257
  0
LWPOLYLINE
  5
D6
330
17
100
AcDbEntity
  8
VISTA
100
AcDbPolyline
 90
8
 70
1
 10
254.3475
 20
3.6683
 10
254.3492
 20
3.67
 10
254.3908
 20
3.67
 10
254.3925
 20
3.6683
 10
254.3925
 20
3.1717
 10
254.3908
 20
3.17
 10
254.348349
 20
3.170501
 10
254.3475
 20
3.6683
  0
LWPOLYLINE
  5
D7
330
17
100
AcDbEntity
  8
VISTA
100
AcDbPolyline
 90
8
 70
1
 10
254.7075
 20
3.6683
 10
254.7092
 20
3.67
 10
254.750799
 20
3.67
 10
254.7525
 20
3.6683
 10
254.7525
 20
3.1717
 10
254.750799
 20
3.17
 10
254.708348
 20
3.170501
 10
254.7075
 20
3.6683
  0
LWPOLYLINE
  5
D8
330
17
100
AcDbEntity
  8
VISTA
100
AcDbPolyline
 90
8
 70
1
 10
255.8075
 20
3.6683
 10
255.8092
 20
3.67
 10
255.8508
 20
3.67
 10
255.8525
 20
3.6683
 10
255.8525
 20
3.1717
 10
255.8508
 20
3.17
 10
255.808349
 20
3.170501
 10
255.8075
 20
3.6683
  0
LWPOLYLINE
  5
D9
330
17
100
AcDbEntity
  8
VISTA
100
AcDbPolyline
 90
8
 70
1
 10
255.4475
 20
3.6683
 10
255.449201
 20
3.67
 10
255.4908
 20
3.67
 10
255.4925
 20
3.6683
 10
255.4925
 20
3.1717
 10
255.4908
 20
3.17
 10
255.448349
 20
3.170501
 10
255.4475
 20
3.6683
  0
LWPOLYLINE
  5
DA
330
17
100
AcDbEntity
  8
VISTA
100
AcDbPolyline
 90
5
 70
1
 10
261.703827
 20
1.245414
 10
261.703827
 20
1.214586
 10
261.668743
 20
1.214586
 10
261.668743
 20
1.245414
 10
261.703827
 20
1.245414
  0
LWPOLYLINE
  5
DB
330
17
100
AcDbEntity
  8
VISTA
100
AcDbPolyline
 90
5
 70
1
 10
253.026
 20
4.257
 10
253.025001
 20
3.33
 10
253.014001
 20
3.331
 10
253.014294
 20
4.257707
 10
253.026
 20
4.257
  0
LWPOLYLINE
  5
DC
330
17
100
AcDbEntity
  8
VISTA
100
AcDbPolyline
 90
6
 70
1
 10
254.001134
 20
3.24826
 10
261.999908
 20
3.24826
 10
262.000025
 20
3.210293
 10
261.99966
 20
3.21
 10
254.001
 20
3.21
 10
254.001134
 20
3.24826
  0
LWPOLYLINE
  5
DD
330
17
100
AcDbEntity
  8
VISTA
100
AcDbPolyline
 90
4
 70
1
 10
261.99939227274683
 20
3.210223862335981
 10
261.99939227274683
 20
3.210223862335993
 10
261.99939227274683
 20
3.2102238623359796
 10
261.99939227274683
 20
3.210223862335981
  0
LWPOLYLINE
  5
DE
330
17
100
AcDbEntity
  8
VISTA
100
AcDbPolyline
 90
9
 70
1
 10
253.0
 20
3.2055
 10
253.004499
 20
3.21
 10
261.995501
 20
3.21
 10
262.0
 20
3.2055
 10
262.0
 20
3.0545
 10
261.995501
 20
3.05
 10
253.004499
 20
3.05
 10
253.0
 20
3.0545
 10
253.0
 20
3.2055
  0
LWPOLYLINE
  5
DF
330
17
100
AcDbEntity
  8
VISTA
100
AcDbPolyline
 90
5
 70
1
 10
261.6
 20
3.54
 10
261.6
 20
3.18
 10
261.26
 20
3.18
 10
261.26
 20
3.54
 10
261.6
 20
3.54
  0
LWPOLYLINE
  5
E0
330
17
100
AcDbEntity
  8
VISTA
100
AcDbPolyline
 90
5
 70
1
 10
253.999
 20
3.249985
 10
254.0
 20
3.211
 10
253.001
 20
3.21
 10
253.0
 20
3.234
 10
253.999
 20
3.249985
  0
LWPOLYLINE
  5
E1
330
17
100
AcDbEntity
  8
VISTA
100
AcDbPolyline
 90
5
 70
1
 10
253.026
 20
4.257
 10
253.025001
 20
3.33
 10
253.014001
 20
3.331
 10
253.014294
 20
4.257707
 10
253.026
 20
4.257
  0
LWPOLYLINE
  5
E2
330
17
100
AcDbEntity
  8
VISTA
100
AcDbPolyline
 90
11
 70
1
 10
255.5965
 20
3.995
 10
255.598975
 20
3.993975
 10
255.6
 20
3.9915
 10
255.6
 20
3.9085
 10
255.598975
 20
3.906025
 10
255.5965
 20
3.905
 10
254.6035
 20
3.905
 10
254.601026
 20
3.906025
 10
254.6
 20
3.9085
 10
254.601026
 20
3.993975
 10
255.5965
 20
3.995
  0
LWPOLYLINE
  5
E3
330
17
100
AcDbEntity
  8
VISTA
100
AcDbPolyline
 90
4
 70
1
 10
254.601747
 20
3.993254
 10
254.601747
 20
3.99397
 10
254.60103
 20
3.993254
 10
254.601747
 20
3.993254
  0
LWPOLYLINE
  5
E4
330
17
100
AcDbEntity
  8
VISTA
100
AcDbPolyline
 90
4
 70
1
 10
254.60102787879023
 20
3.993636348060721
 10
254.601289
 20
3.993712
 10
254.60102787879023
 20
3.9936363480607215
 10
254.60102787879023
 20
3.993636348060721
  0
LWPOLYLINE
  5
E5
330
17
100
AcDbEntity
  8
VISTA
100
AcDbPolyline
 90
4
 70
1
 10
254.601289
 20
3.906288
 10
254.601747
 20
3.90603
 10
254.601747
 20
3.906746
 10
254.601289
 20
3.906288
  0
LWPOLYLINE
  5
E6
330
17
100
AcDbEntity
  8
VISTA
100
AcDbPolyline
 90
4
 70
1
 10
255.59897
 20
3.993254
 10
255.598254
 20
3.99397
 10
255.598254
 20
3.993254
 10
255.59897
 20
3.993254
  0
LWPOLYLINE
  5
E7
330
17
100
AcDbEntity
  8
VISTA
100
AcDbPolyline
 90
4
 70
1
 10
255.598254
 20
3.90603
 10
255.59897
 20
3.906746
 10
255.598254
 20
3.906746
 10
255.598254
 20
3.90603
  0
LWPOLYLINE
  5
E8
330
17
100
AcDbEntity
  8
VISTA
100
AcDbPolyline
 90
11
 70
1
 10
254.7765
 20
3.73
 10
254.778975
 20
3.728975
 10
254.78
 20
3.7265
 10
254.78
 20
3.6535
 10
254.778975
 20
3.651025
 10
254.7765
 20
3.65
 10
254.323501
 20
3.65
 10
254.321025
 20
3.651025
 10
254.320001
 20
3.6535
 10
254.321025
 20
3.728975
 10
254.7765
 20
3.73
  0
LWPOLYLINE
  5
E9
330
17
100
AcDbEntity
  8
VISTA
100
AcDbPolyline
 90
4
 70
1
 10
254.321747
 20
3.728254
 10
254.321747
 20
3.72897
 10
254.321031
 20
3.728254
 10
254.321747
 20
3.728254
  0
LWPOLYLINE
  5
EA
330
17
100
AcDbEntity
  8
VISTA
100
AcDbPolyline
 90
4
 70
1
 10
254.321288
 20
3.651288
 10
254.321747
 20
3.65103
 10
254.321747
 20
3.651747
 10
254.321288
 20
3.651288
  0
LWPOLYLINE
  5
EB
330
17
100
AcDbEntity
  8
VISTA
100
AcDbPolyline
 90
4
 70
1
 10
254.77897
 20
3.728254
 10
254.778254
 20
3.72897
 10
254.778254
 20
3.728254
 10
254.77897
 20
3.728254
  0
LWPOLYLINE
  5
EC
330
17
100
AcDbEntity
  8
VISTA
100
AcDbPolyline
 90
4
 70
1
 10
254.778254
 20
3.65103
 10
254.77897
 20
3.651747
 10
254.778254
 20
3.651747
 10
254.778254
 20
3.65103
  0
LWPOLYLINE
  5
ED
330
17
100
AcDbEntity
  8
VISTA
100
AcDbPolyline
 90
8
 70
1
 10
254.5765
 20
4.32
 10
254.579354
 20
4.318526
 10
254.58
 20
3.7035
 10
254.578526
 20
3.700646
 10
254.123501
 20
3.7
 10
254.120646
 20
3.701474
 10
254.121025
 20
4.318975
 10
254.5765
 20
4.32
  0
LWPOLYLINE
  5
EE
330
17
100
AcDbEntity
  8
VISTA
100
AcDbPolyline
 90
4
 70
1
 10
254.121747
 20
4.318254
 10
254.121747
 20
4.31897
 10
254.121031
 20
4.318254
 10
254.121747
 20
4.318254
  0
LWPOLYLINE
  5
EF
330
17
100
AcDbEntity
  8
VISTA
100
AcDbPolyline
 90
4
 70
1
 10
254.12102781592594
 20
4.318636619567325
 10
254.121288
 20
4.318712
 10
254.12102781592594
 20
4.318636619567326
 10
254.12102781592594
 20
4.318636619567325
  0
LWPOLYLINE
  5
F0
330
17
100
AcDbEntity
  8
VISTA
100
AcDbPolyline
 90
4
 70
1
 10
254.121288
 20
3.701288
 10
254.121747
 20
3.70103
 10
254.121747
 20
3.701747
 10
254.121288
 20
3.701288
  0
LWPOLYLINE
  5
F1
330
17
100
AcDbEntity
  8
VISTA
100
AcDbPolyline
 90
4
 70
1
 10
254.57897
 20
4.318254
 10
254.578254
 20
4.31897
 10
254.578254
 20
4.318254
 10
254.57897
 20
4.318254
  0
LWPOLYLINE
  5
F2
330
17
100
AcDbEntity
  8
VISTA
100
AcDbPolyline
 90
4
 70
1
 10
254.578254
 20
3.70103
 10
254.57897
 20
3.701747
 10
254.578254
 20
3.701747
 10
254.578254
 20
3.70103
  0
LWPOLYLINE
  5
F3
330
17
100
AcDbEntity
  8
VISTA
100
AcDbPolyline
 90
11
 70
1
 10
255.876499
 20
3.73
 10
255.878975
 20
3.728975
 10
255.879999
 20
3.7265
 10
255.879999
 20
3.6535
 10
255.878975
 20
3.651025
 10
255.876499
 20
3.65
 10
255.4235
 20
3.65
 10
255.421024
 20
3.651025
 10
255.42
 20
3.6535
 10
255.421024
 20
3.728975
 10
255.876499
 20
3.73
  0
LWPOLYLINE
  5
F4
330
17
100
AcDbEntity
  8
VISTA
100
AcDbPolyline
 90
4
 70
1
 10
255.421746
 20
3.728254
 10
255.421746
 20
3.72897
 10
255.42103
 20
3.728254
 10
255.421746
 20
3.728254
  0
LWPOLYLINE
  5
F5
330
17
100
AcDbEntity
  8
VISTA
100
AcDbPolyline
 90
4
 70
1
 10
255.421288
 20
3.651288
 10
255.421746
 20
3.65103
 10
255.421746
 20
3.651747
 10
255.421288
 20
3.651288
  0
LWPOLYLINE
  5
F6
330
17
100
AcDbEntity
  8
VISTA
100
AcDbPolyline
 90
4
 70
1
 10
255.878969
 20
3.728254
 10
255.878253
 20
3.72897
 10
255.878253
 20
3.728254
 10
255.878969
 20
3.728254
  0
LWPOLYLINE
  5
F7
330
17
100
AcDbEntity
  8
VISTA
100
AcDbPolyline
 90
4
 70
1
 10
255.878253
 20
3.65103
 10
255.878969
 20
3.651747
 10
255.878253
 20
3.651747
 10
255.878253
 20
3.65103
  0
LWPOLYLINE
  5
F8
330
17
100
AcDbEntity
  8
VISTA
100
AcDbPolyline
 90
8
 70
1
 10
256.0765
 20
4.32
 10
256.079353
 20
4.318526
 10
256.08
 20
3.7035
 10
256.078527
 20
3.700646
 10
255.623501
 20
3.7
 10
255.620646
 20
3.701474
 10
255.621025
 20
4.318975
 10
256.0765
 20
4.32
  0
LWPOLYLINE
  5
F9
330
17
100
AcDbEntity
  8
VISTA
100
AcDbPolyline
 90
4
 70
1
 10
255.621747
 20
4.318254
 10
255.621747
 20
4.31897
 10
255.621031
 20
4.318254
 10
255.621747
 20
4.318254
  0
LWPOLYLINE
  5
FA
330
17
100
AcDbEntity
  8
VISTA
100
AcDbPolyline
 90
4
 70
1
 10
255.62102781592594
 20
4.318636619567325
 10
255.621288
 20
4.318712
 10
255.62102781592594
 20
4.318636619567326
 10
255.62102781592594
 20
4.318636619567325
  0
LWPOLYLINE
  5
FB
330
17
100
AcDbEntity
  8
VISTA
100
AcDbPolyline
 90
4
 70
1
 10
255.621288
 20
3.701288
 10
255.621747
 20
3.70103
 10
255.621747
 20
3.701747
 10
255.621288
 20
3.701288
  0
LWPOLYLINE
  5
FC
330
17
100
AcDbEntity
  8
VISTA
100
AcDbPolyline
 90
4
 70
1
 10
256.07897
 20
4.318254
 10
256.078255
 20
4.31897
 10
256.078255
 20
4.318254
 10
256.07897
 20
4.318254
  0
LWPOLYLINE
  5
FD
330
17
100
AcDbEntity
  8
VISTA
100
AcDbPolyline
 90
4
 70
1
 10
256.078255
 20
3.70103
 10
256.07897
 20
3.701747
 10
256.078255
 20
3.701747
 10
256.078255
 20
3.70103
  0
LWPOLYLINE
  5
FE
330
17
100
AcDbEntity
  8
VISTA
100
AcDbPolyline
 90
5
 70
1
 10
253.026
 20
4.257
 10
253.025001
 20
3.33
 10
253.014001
 20
3.331
 10
253.014294
 20
4.257707
 10
253.026
 20
4.257
  0
LWPOLYLINE
  5
FF
330
17
100
AcDbEntity
  8
VISTA
100
AcDbPolyline
 90
10
 70
1
 10
261.611118
 20
2.39
 10
261.674637
 20
2.39
 10
261.678135
 20
2.3865
 10
261.678135
 20
0.2135
 10
261.677111
 20
0.211025
 10
261.674637
 20
0.21
 10
261.611118
 20
0.21
 10
261.60762
 20
0.2135
 10
261.60762
 20
2.3865
 10
261.611118
 20
2.39
  0
LWPOLYLINE
  5
100
330
17
100
AcDbEntity
  8
VISTA
100
AcDbPolyline
 90
4
 70
1
 10
261.67666763357624
 20
0.2114597864354902
 10
261.67714110610024
 20
0.2114679897603317
 10
261.67714110610024
 20
0.21146798976033174
 10
261.67666763357624
 20
0.2114597864354902
  0
LWPOLYLINE
  5
101
330
17
100
AcDbEntity
  8
VISTA
100
AcDbPolyline
 90
5
 70
1
 10
253.026
 20
4.257
 10
253.025001
 20
3.33
 10
253.014001
 20
3.331
 10
253.014294
 20
4.257707
 10
253.026
 20
4.257
  0
LWPOLYLINE
  5
102
330
17
100
AcDbEntity
  8
VISTA
100
AcDbPolyline
 90
8
 70
1
 10
254.3475
 20
3.6683
 10
254.3492
 20
3.67
 10
254.3908
 20
3.67
 10
254.3925
 20
3.6683
 10
254.3925
 20
3.1717
 10
254.3908
 20
3.17
 10
254.348349
 20
3.170501
 10
254.3475
 20
3.6683
  0
LWPOLYLINE
  5
103
330
17
100
AcDbEntity
  8
VISTA
100
AcDbPolyline
 90
8
 70
1
 10
254.7075
 20
3.6683
 10
254.7092
 20
3.67
 10
254.750799
 20
3.67
 10
254.7525
 20
3.6683
 10
254.7525
 20
3.1717
 10
254.750799
 20
3.17
 10
254.708348
 20
3.170501
 10
254.7075
 20
3.6683
  0
LWPOLYLINE
  5
104
330
17
100
AcDbEntity
  8
VISTA
100
AcDbPolyline
 90
8
 70
1
 10
255.8075
 20
3.6683
 10
255.8092
 20
3.67
 10
255.8508
 20
3.67
 10
255.8525
 20
3.6683
 10
255.8525
 20
3.1717
 10
255.8508
 20
3.17
 10
255.808349
 20
3.170501
 10
255.8075
 20
3.6683
  0
LWPOLYLINE
  5
105
330
17
100
AcDbEntity
  8
VISTA
100
AcDbPolyline
 90
8
 70
1
 10
255.4475
 20
3.6683
 10
255.449201
 20
3.67
 10
255.4908
 20
3.67
 10
255.4925
 20
3.6683
 10
255.4925
 20
3.1717
 10
255.4908
 20
3.17
 10
255.448349
 20
3.170501
 10
255.4475
 20
3.6683
  0
LWPOLYLINE
  5
106
330
17
100
AcDbEntity
  8
VISTA
100
AcDbPolyline
 90
5
 70
1
 10
261.85699999999997
 20
3.29
 10
261.85699999999997
 20
3.0
 10
261.703001
 20
3.0
 10
261.703001
 20
3.29
 10
261.85699999999997
 20
3.29
  0
LWPOLYLINE
  5
107
330
17
100
AcDbEntity
  8
VISTA
100
AcDbPolyline
 90
5
 70
1
 10
261.723499
 20
0.561
 10
261.7225
 20
0.538
 10
261.7145
 20
0.539
 10
261.714792
 20
0.561707
 10
261.723499
 20
0.561
  0
LWPOLYLINE
  5
108
330
17
100
AcDbEntity
  8
VISTA
100
AcDbPolyline
 90
5
 70
1
 10
261.845499
 20
0.561
 10
261.8445
 20
0.538
 10
261.8365
 20
0.539
 10
261.836792
 20
0.561707
 10
261.845499
 20
0.561
  0
LWPOLYLINE
  5
109
330
17
100
AcDbEntity
  8
VISTA
100
AcDbPolyline
 90
5
 70
1
 10
261.723499
 20
1.811
 10
261.7225
 20
1.788
 10
261.7145
 20
1.789
 10
261.714792
 20
1.811707
 10
261.723499
 20
1.811
  0
LWPOLYLINE
  5
10A
330
17
100
AcDbEntity
  8
VISTA
100
AcDbPolyline
 90
5
 70
1
 10
261.845499
 20
1.811
 10
261.8445
 20
1.788
 10
261.8365
 20
1.789
 10
261.836792
 20
1.811707
 10
261.845499
 20
1.811
  0
LWPOLYLINE
  5
10B
330
17
100
AcDbEntity
  8
VISTA
100
AcDbPolyline
 90
5
 70
1
 10
261.723499
 20
3.411
 10
261.7225
 20
3.388
 10
261.7145
 20
3.389
 10
261.714792
 20
3.411707
 10
261.723499
 20
3.411
  0
LWPOLYLINE
  5
10C
330
17
100
AcDbEntity
  8
VISTA
100
AcDbPolyline
 90
5
 70
1
 10
261.845499
 20
3.411
 10
261.8445
 20
3.388
 10
261.8365
 20
3.389
 10
261.836792
 20
3.411707
 10
261.845499
 20
3.411
  0
LWPOLYLINE
  5
10D
330
17
100
AcDbEntity
  8
VISTA
100
AcDbPolyline
 90
5
 70
1
 10
261.723499
 20
4.611
 10
261.7225
 20
4.588
 10
261.7145
 20
4.589
 10
261.714792
 20
4.611707
 10
261.723499
 20
4.611
  0
LWPOLYLINE
  5
10E
330
17
100
AcDbEntity
  8
VISTA
100
AcDbPolyline
 90
5
 70
1
 10
261.845499
 20
4.611
 10
261.8445
 20
4.588
 10
261.8365
 20
4.589
 10
261.836792
 20
4.611707
 10
261.845499
 20
4.611
  0
LWPOLYLINE
  5
10F
330
17
100
AcDbEntity
  8
VISTA
100
AcDbPolyline
 90
5
 70
1
 10
261.723499
 20
5.811
 10
261.7225
 20
5.788
 10
261.7145
 20
5.789
 10
261.714792
 20
5.811707
 10
261.723499
 20
5.811
  0
LWPOLYLINE
  5
110
330
17
100
AcDbEntity
  8
VISTA
100
AcDbPolyline
 90
5
 70
1
 10
261.845499
 20
5.811
 10
261.8445
 20
5.788
 10
261.8365
 20
5.789
 10
261.836792
 20
5.811707
 10
261.845499
 20
5.811
  0
LWPOLYLINE
  5
111
330
17
100
AcDbEntity
  8
VISTA
100
AcDbPolyline
 90
8
 70
1
 10
254.650001
 20
3.9483
 10
254.6517
 20
3.95
 10
254.708301
 20
3.95
 10
254.71
 20
3.9483
 10
254.71
 20
3.1717
 10
254.708301
 20
3.17
 10
254.650848
 20
3.1705
 10
254.650001
 20
3.9483
  0
LWPOLYLINE
  5
112
330
17
100
AcDbEntity
  8
VISTA
100
AcDbPolyline
 90
8
 70
1
 10
255.490001
 20
3.9483
 10
255.4917
 20
3.95
 10
255.548301
 20
3.95
 10
255.55
 20
3.9483
 10
255.55
 20
3.1717
 10
255.548301
 20
3.17
 10
255.490849
 20
3.1705
 10
255.490001
 20
3.9483
  0
LWPOLYLINE
  5
113
330
17
100
AcDbEntity
  8
VISTA
100
AcDbPolyline
 90
5
 70
1
 10
253.026
 20
4.257
 10
253.025001
 20
3.33
 10
253.014001
 20
3.331
 10
253.014294
 20
4.257707
 10
253.026
 20
4.257
  0
LWPOLYLINE
  5
114
330
17
100
AcDbEntity
  8
VISTA
100
AcDbPolyline
 90
5
 70
1
 10
254.0005
 20
3.2455
 10
262.0
 20
3.245
 10
261.9995
 20
3.2405
 10
254.000146
 20
3.241
 10
254.0005
 20
3.2455
  0
LWPOLYLINE
  5
115
330
17
100
AcDbEntity
  8
VISTA
100
AcDbPolyline
 90
5
 70
1
 10
254.630001
 20
5.81
 10
257.450001
 20
5.81
 10
257.450001
 20
5.73
 10
254.630001
 20
5.73
 10
254.630001
 20
5.81
  0
LWPOLYLINE
  5
116
330
17
100
AcDbEntity
  8
VISTA
100
AcDbPolyline
 90
5
 70
1
 10
254.630001
 20
3.325
 10
257.450001
 20
3.325
 10
257.450001
 20
3.285
 10
254.630001
 20
3.285
 10
254.630001
 20
3.325
  0
LWPOLYLINE
  5
117
330
17
100
AcDbEntity
  8
VISTA
100
AcDbPolyline
 90
5
 70
1
 10
254.63
 20
5.79
 10
254.69
 20
5.79
 10
254.69
 20
3.29
 10
254.63
 20
3.29
 10
254.63
 20
5.79
  0
LWPOLYLINE
  5
118
330
17
100
AcDbEntity
  8
VISTA
100
AcDbPolyline
 90
5
 70
1
 10
257.389999
 20
5.79
 10
257.450001
 20
5.79
 10
257.450001
 20
3.29
 10
257.389999
 20
3.29
 10
257.389999
 20
5.79
  0
LWPOLYLINE
  5
119
330
17
100
AcDbEntity
  8
VISTA
100
AcDbPolyline
 90
5
 70
1
 10
256.02
 20
5.79
 10
256.060001
 20
5.79
 10
256.060001
 20
3.29
 10
256.02
 20
3.29
 10
256.02
 20
5.79
  0
LWPOLYLINE
  5
11A
330
17
100
AcDbEntity
  8
VISTA
100
AcDbPolyline
 90
5
 70
1
 10
257.800001
 20
5.81
 10
261.4
 20
5.81
 10
261.4
 20
5.73
 10
257.800001
 20
5.73
 10
257.800001
 20
5.81
  0
LWPOLYLINE
  5
11B
330
17
100
AcDbEntity
  8
VISTA
100
AcDbPolyline
 90
5
 70
1
 10
257.800001
 20
3.325
 10
261.4
 20
3.325
 10
261.4
 20
3.285
 10
257.800001
 20
3.285
 10
257.800001
 20
3.325
  0
LWPOLYLINE
  5
11C
330
17
100
AcDbEntity
  8
VISTA
100
AcDbPolyline
 90
5
 70
1
 10
257.799999
 20
5.79
 10
257.860001
 20
5.79
 10
257.860001
 20
3.29
 10
257.799999
 20
3.29
 10
257.799999
 20
5.79
  0
LWPOLYLINE
  5
11D
330
17
100
AcDbEntity
  8
VISTA
100
AcDbPolyline
 90
5
 70
1
 10
261.34
 20
5.79
 10
261.400002
 20
5.79
 10
261.400002
 20
3.29
 10
261.34
 20
3.29
 10
261.34
 20
5.79
  0
LWPOLYLINE
  5
11E
330
17
100
AcDbEntity
  8
VISTA
100
AcDbPolyline
 90
5
 70
1
 10
259.58
 20
5.79
 10
259.620001
 20
5.79
 10
259.620001
 20
3.29
 10
259.58
 20
3.29
 10
259.58
 20
5.79
  0
LWPOLYLINE
  5
11F
330
17
100
AcDbEntity
  8
VISTA
100
AcDbPolyline
 90
5
 70
1
 10
261.790709
 20
0.560707
 10
261.790709
 20
0.539293
 10
261.769293
 20
0.539293
 10
261.769293
 20
0.560707
 10
261.790709
 20
0.560707
  0
LWPOLYLINE
  5
120
330
17
100
AcDbEntity
  8
VISTA
100
AcDbPolyline
 90
5
 70
1
 10
261.790709
 20
1.810707
 10
261.790709
 20
1.789293
 10
261.769293
 20
1.789293
 10
261.769293
 20
1.810707
 10
261.790709
 20
1.810707
  0
LWPOLYLINE
  5
121
330
17
100
AcDbEntity
  8
VISTA
100
AcDbPolyline
 90
5
 70
1
 10
261.790709
 20
3.410707
 10
261.790709
 20
3.389293
 10
261.769293
 20
3.389293
 10
261.769293
 20
3.410707
 10
261.790709
 20
3.410707
  0
LWPOLYLINE
  5
122
330
17
100
AcDbEntity
  8
VISTA
100
AcDbPolyline
 90
5
 70
1
 10
261.790709
 20
4.610707
 10
261.790709
 20
4.589293
 10
261.769293
 20
4.589293
 10
261.769293
 20
4.610707
 10
261.790709
 20
4.610707
  0
LWPOLYLINE
  5
123
330
17
100
AcDbEntity
  8
VISTA
100
AcDbPolyline
 90
5
 70
1
 10
261.790709
 20
5.810707
 10
261.790709
 20
5.789293
 10
261.769293
 20
5.789293
 10
261.769293
 20
5.810707
 10
261.790709
 20
5.810707
  0
LWPOLYLINE
  5
124
330
17
100
AcDbEntity
  8
VISTA
100
AcDbPolyline
 90
5
 70
1
 10
253.026
 20
4.257
 10
253.025001
 20
3.33
 10
253.014001
 20
3.331
 10
253.014294
 20
4.257707
 10
253.026
 20
4.257
  0
LWPOLYLINE
  5
125
330
17
100
AcDbEntity
  8
VISTA
100
AcDbPolyline
 90
7
 70
1
 10
253.675
 20
6.475525
 10
261.78000099999997
 20
6.435
 10
262.325001
 20
6.437725
 10
262.325001
 20
6.297725
 10
261.78000099999997
 20
6.295
 10
253.675
 20
6.335525
 10
253.675
 20
6.475525
  0
LWPOLYLINE
  5
126
330
17
100
AcDbEntity
  8
VISTA
100
AcDbPolyline
 90
5
 70
1
 10
254.011
 20
6.3299
 10
254.012
 20
6.3229
 10
253.989
 20
6.3219
 10
253.988293
 20
6.329607
 10
254.011
 20
6.3299
  0
LWPOLYLINE
  5
127
330
17
100
AcDbEntity
  8
VISTA
100
AcDbPolyline
 90
5
 70
1
 10
255.210999
 20
6.3239
 10
255.212
 20
6.3169
 10
255.189
 20
6.3159
 10
255.188293
 20
6.323607
 10
255.210999
 20
6.3239
  0
LWPOLYLINE
  5
128
330
17
100
AcDbEntity
  8
VISTA
100
AcDbPolyline
 90
5
 70
1
 10
256.410999
 20
6.3179
 10
256.411999
 20
6.3109
 10
256.389
 20
6.3099
 10
256.388292
 20
6.317607
 10
256.410999
 20
6.3179
  0
LWPOLYLINE
  5
129
330
17
100
AcDbEntity
  8
VISTA
100
AcDbPolyline
 90
5
 70
1
 10
257.611
 20
6.3119
 10
257.612
 20
6.3049
 10
257.589001
 20
6.3039
 10
257.588293
 20
6.311607
 10
257.611
 20
6.3119
  0
LWPOLYLINE
  5
12A
330
17
100
AcDbEntity
  8
VISTA
100
AcDbPolyline
 90
5
 70
1
 10
258.810999
 20
6.3059
 10
258.811998
 20
6.2989
 10
258.789
 20
6.2979
 10
258.788292
 20
6.305607
 10
258.810999
 20
6.3059
  0
LWPOLYLINE
  5
12B
330
17
100
AcDbEntity
  8
VISTA
100
AcDbPolyline
 90
5
 70
1
 10
260.011
 20
6.2999
 10
260.011999
 20
6.2929
 10
259.989
 20
6.2919
 10
259.988293
 20
6.299607
 10
260.011
 20
6.2999
  0
LWPOLYLINE
  5
12C
330
17
100
AcDbEntity
  8
VISTA
100
AcDbPolyline
 90
5
 70
1
 10
261.211
 20
6.2939
 10
261.212
 20
6.2869
 10
261.189001
 20
6.2859
 10
261.188293
 20
6.293607
 10
261.211
 20
6.2939
  0
LWPOLYLINE
  5
12D
330
17
100
AcDbEntity
  8
VISTA
100
AcDbPolyline
 90
5
 70
1
 10
262.160999
 20
6.29285
 10
262.161999
 20
6.28585
 10
262.139
 20
6.28485
 10
262.138292
 20
6.292557
 10
262.160999
 20
6.29285
  0
LWPOLYLINE
  5
12E
330
17
100
AcDbEntity
  8
VISTA
100
AcDbPolyline
 90
5
 70
1
 10
256.021914
 20
5.75619
 10
257.293089
 20
5.75619
 10
257.293089
 20
3.22381
 10
256.021914
 20
3.22381
 10
256.021914
 20
5.75619
  0
LWPOLYLINE
  5
12F
330
17
100
AcDbEntity
  8
VISTA
100
AcDbPolyline
 90
5
 70
1
 10
259.522512
 20
5.75619
 10
261.192488
 20
5.75619
 10
261.192488
 20
3.22381
 10
259.522512
 20
3.22381
 10
259.522512
 20
5.75619
  0
LWPOLYLINE
  5
130
330
17
100
AcDbEntity
  8
VISTA
100
AcDbPolyline
 90
12
 70
1
 10
260.743999
 20
0.21
 10
261.69599900000003
 20
0.21
 10
261.698828
 20
0.208828
 10
261.699999
 20
0.206
 10
261.699999
 20
0.094
 10
261.698828
 20
0.091172
 10
261.69599900000003
 20
0.09
 10
260.743999
 20
0.09
 10
260.741171
 20
0.091172
 10
260.74
 20
0.094
 10
260.740738
 20
0.208316
 10
260.743999
 20
0.21
  0
LWPOLYLINE
  5
131
330
17
100
AcDbEntity
  8
VISTA
100
AcDbPolyline
 90
4
 70
1
 10
260.74169
 20
0.208309
 10
260.742205
 20
0.208528
 10
260.741472
 20
0.208528
 10
260.74169
 20
0.208309
  0
LWPOLYLINE
  5
132
330
17
100
AcDbEntity
  8
VISTA
100
AcDbPolyline
 90
4
 70
1
 10
260.74169
 20
0.091691
 10
260.741472
 20
0.092205
 10
260.741472
 20
0.091472
 10
260.74169
 20
0.091691
  0
LWPOLYLINE
  5
133
330
17
100
AcDbEntity
  8
VISTA
100
AcDbPolyline
 90
4
 70
1
 10
261.698309
 20
0.091691
 10
261.697794
 20
0.091472
 10
261.698526
 20
0.091472
 10
261.698309
 20
0.091691
  0
LWPOLYLINE
  5
134
330
17
100
AcDbEntity
  8
VISTA
100
AcDbPolyline
 90
4
 70
1
 10
261.698526
 20
0.208528
 10
261.697794
 20
0.208528
 10
261.698309
 20
0.208309
 10
261.698526
 20
0.208528
  0
LWPOLYLINE
  5
135
330
17
100
AcDbEntity
  8
VISTA
100
AcDbPolyline
 90
5
 70
1
 10
256.02
 20
5.76
 10
257.295002
 20
5.76
 10
257.295002
 20
3.22
 10
256.02
 20
3.22
 10
256.02
 20
5.76
  0
LWPOLYLINE
  5
136
330
17
100
AcDbEntity
  8
VISTA
100
AcDbPolyline
 90
5
 70
1
 10
259.52
 20
5.76
 10
261.195
 20
5.76
 10
261.195
 20
3.22
 10
259.52
 20
3.22
 10
259.52
 20
5.76
  0
LWPOLYLINE
  5
137
330
17
100
AcDbEntity
  8
VISTA
100
AcDbPolyline
 90
5
 70
1
 10
252.992001
 20
3.283
 10
252.992001
 20
3.265
 10
252.982
 20
3.265
 10
252.982245
 20
3.283
 10
252.992001
 20
3.283
  0
LWPOLYLINE
  5
138
330
17
100
AcDbEntity
  8
VISTA
100
AcDbPolyline
 90
5
 70
1
 10
253.058001
 20
3.283
 10
253.058001
 20
3.265
 10
253.048
 20
3.265
 10
253.048245
 20
3.283
 10
253.058001
 20
3.283
  0
LWPOLYLINE
  5
139
330
17
100
AcDbEntity
  8
VISTA
100
AcDbPolyline
 90
5
 70
1
 10
256.021914
 20
5.75619
 10
257.293089
 20
5.75619
 10
257.293089
 20
3.22381
 10
256.021914
 20
3.22381
 10
256.021914
 20
5.75619
  0
LWPOLYLINE
  5
13A
330
17
100
AcDbEntity
  8
VISTA
100
AcDbPolyline
 90
5
 70
1
 10
259.522512
 20
5.75619
 10
261.192488
 20
5.75619
 10
261.192488
 20
3.22381
 10
259.522512
 20
3.22381
 10
259.522512
 20
5.75619
  0
LWPOLYLINE
  5
13B
330
17
100
AcDbEntity
  8
VISTA
100
AcDbPolyline
 90
12
 70
1
 10
254.667001
 20
5.801
 10
257.373001
 20
5.801
 10
257.37583
 20
5.799829
 10
257.377001
 20
5.797
 10
257.377001
 20
5.723
 10
257.37583
 20
5.720172
 10
257.373001
 20
5.719
 10
254.667001
 20
5.719
 10
254.664172
 20
5.720172
 10
254.663
 20
5.723
 10
254.663739
 20
5.799316
 10
254.667001
 20
5.801
  0
LWPOLYLINE
  5
13C
330
17
100
AcDbEntity
  8
VISTA
100
AcDbPolyline
 90
4
 70
1
 10
254.664691
 20
5.79931
 10
254.665206
 20
5.799528
 10
254.664473
 20
5.799528
 10
254.664691
 20
5.79931
  0
LWPOLYLINE
  5
13D
330
17
100
AcDbEntity
  8
VISTA
100
AcDbPolyline
 90
4
 70
1
 10
254.664691
 20
5.720691
 10
254.664473
 20
5.721206
 10
254.664473
 20
5.720472
 10
254.664691
 20
5.720691
  0
LWPOLYLINE
  5
13E
330
17
100
AcDbEntity
  8
VISTA
100
AcDbPolyline
 90
4
 70
1
 10
257.375309
 20
5.720691
 10
257.374796
 20
5.720472
 10
257.375528
 20
5.720472
 10
257.375309
 20
5.720691
  0
LWPOLYLINE
  5
13F
330
17
100
AcDbEntity
  8
VISTA
100
AcDbPolyline
 90
4
 70
1
 10
257.375528
 20
5.799528
 10
257.374796
 20
5.799528
 10
257.375309
 20
5.79931
 10
257.375528
 20
5.799528
  0
LWPOLYLINE
  5
140
330
17
100
AcDbEntity
  8
VISTA
100
AcDbPolyline
 90
12
 70
1
 10
254.667001
 20
3.261
 10
257.373001
 20
3.261
 10
257.37583
 20
3.259829
 10
257.377001
 20
3.257
 10
257.377001
 20
3.183
 10
257.37583
 20
3.180171
 10
257.373001
 20
3.179
 10
254.667001
 20
3.179
 10
254.664172
 20
3.180171
 10
254.663
 20
3.183
 10
254.663739
 20
3.259316
 10
254.667001
 20
3.261
  0
LWPOLYLINE
  5
141
330
17
100
AcDbEntity
  8
VISTA
100
AcDbPolyline
 90
4
 70
1
 10
254.664691
 20
3.25931
 10
254.665206
 20
3.259528
 10
254.664473
 20
3.259528
 10
254.664691
 20
3.25931
  0
LWPOLYLINE
  5
142
330
17
100
AcDbEntity
  8
VISTA
100
AcDbPolyline
 90
4
 70
1
 10
254.664691
 20
3.180691
 10
254.664473
 20
3.181205
 10
254.664473
 20
3.180472
 10
254.664691
 20
3.180691
  0
LWPOLYLINE
  5
143
330
17
100
AcDbEntity
  8
VISTA
100
AcDbPolyline
 90
4
 70
1
 10
257.375309
 20
3.180691
 10
257.374796
 20
3.180472
 10
257.375528
 20
3.180472
 10
257.375309
 20
3.180691
  0
LWPOLYLINE
  5
144
330
17
100
AcDbEntity
  8
VISTA
100
AcDbPolyline
 90
4
 70
1
 10
257.375528
 20
3.259528
 10
257.374796
 20
3.259528
 10
257.375309
 20
3.25931
 10
257.375528
 20
3.259528
  0
LWPOLYLINE
  5
145
330
17
100
AcDbEntity
  8
VISTA
100
AcDbPolyline
 90
12
 70
1
 10
254.708
 20
5.76
 10
254.782
 20
5.76
 10
254.784828
 20
5.758828
 10
254.786
 20
5.756
 10
254.786
 20
3.224
 10
254.784828
 20
3.221171
 10
254.782
 20
3.22
 10
254.708
 20
3.22
 10
254.705172
 20
3.221171
 10
254.704
 20
3.224
 10
254.704739
 20
5.758316
 10
254.708
 20
5.76
  0
LWPOLYLINE
  5
146
330
17
100
AcDbEntity
  8
VISTA
100
AcDbPolyline
 90
4
 70
1
 10
254.70569
 20
5.758309
 10
254.706205
 20
5.758528
 10
254.705472
 20
5.758528
 10
254.70569
 20
5.758309
  0
LWPOLYLINE
  5
147
330
17
100
AcDbEntity
  8
VISTA
100
AcDbPolyline
 90
4
 70
1
 10
254.70569
 20
3.22169
 10
254.705472
 20
3.222205
 10
254.705472
 20
3.221472
 10
254.70569
 20
3.22169
  0
LWPOLYLINE
  5
148
330
17
100
AcDbEntity
  8
VISTA
100
AcDbPolyline
 90
4
 70
1
 10
254.784309
 20
3.22169
 10
254.783794
 20
3.221472
 10
254.784528
 20
3.221472
 10
254.784309
 20
3.22169
  0
LWPOLYLINE
  5
149
330
17
100
AcDbEntity
  8
VISTA
100
AcDbPolyline
 90
4
 70
1
 10
254.784528
 20
5.758528
 10
254.783794
 20
5.758528
 10
254.784309
 20
5.758309
 10
254.784528
 20
5.758528
  0
LWPOLYLINE
  5
14A
330
17
100
AcDbEntity
  8
VISTA
100
AcDbPolyline
 90
12
 70
1
 10
257.257999
 20
5.76
 10
257.332001
 20
5.76
 10
257.334829
 20
5.758828
 10
257.336
 20
5.756
 10
257.336
 20
3.224
 10
257.334829
 20
3.221171
 10
257.332001
 20
3.22
 10
257.257999
 20
3.22
 10
257.255171
 20
3.221171
 10
257.254
 20
3.224
 10
257.254738
 20
5.758316
 10
257.257999
 20
5.76
  0
LWPOLYLINE
  5
14B
330
17
100
AcDbEntity
  8
VISTA
100
AcDbPolyline
 90
4
 70
1
 10
257.255692
 20
5.758309
 10
257.256205
 20
5.758528
 10
257.255472
 20
5.758528
 10
257.255692
 20
5.758309
  0
LWPOLYLINE
  5
14C
330
17
100
AcDbEntity
  8
VISTA
100
AcDbPolyline
 90
4
 70
1
 10
257.255692
 20
3.22169
 10
257.255472
 20
3.222205
 10
257.255472
 20
3.221472
 10
257.255692
 20
3.22169
  0
LWPOLYLINE
  5
14D
330
17
100
AcDbEntity
  8
VISTA
100
AcDbPolyline
 90
4
 70
1
 10
257.334309
 20
3.22169
 10
257.333796
 20
3.221472
 10
257.334528
 20
3.221472
 10
257.334309
 20
3.22169
  0
LWPOLYLINE
  5
14E
330
17
100
AcDbEntity
  8
VISTA
100
AcDbPolyline
 90
4
 70
1
 10
257.334528
 20
5.758528
 10
257.333796
 20
5.758528
 10
257.334309
 20
5.758309
 10
257.334528
 20
5.758528
  0
LWPOLYLINE
  5
14F
330
17
100
AcDbEntity
  8
VISTA
100
AcDbPolyline
 90
8
 70
1
 10
253.002501
 20
4.2983
 10
253.0042
 20
4.3
 10
253.035801
 20
4.3
 10
253.0375
 20
4.2983
 10
253.0375
 20
3.2517
 10
253.035801
 20
3.25
 10
253.003348
 20
3.2505
 10
253.002501
 20
4.2983
  0
LWPOLYLINE
  5
150
330
17
100
AcDbEntity
  8
VISTA
100
AcDbPolyline
 90
5
 70
1
 10
253.026
 20
4.257
 10
253.025001
 20
3.33
 10
253.014001
 20
3.331
 10
253.014294
 20
4.257707
 10
253.026
 20
4.257
  0
LWPOLYLINE
  5
151
330
17
100
AcDbEntity
  8
VISTA
100
AcDbPolyline
 90
8
 70
1
 10
253.0705
 20
3.266
 10
253.0725
 20
3.264
 10
253.0725
 20
3.256
 10
253.0705
 20
3.254
 10
252.969501
 20
3.254
 10
252.967501
 20
3.256
 10
252.968086
 20
3.265414
 10
253.0705
 20
3.266
  0
LWPOLYLINE
  5
152
330
17
100
AcDbEntity
  8
VISTA
100
AcDbPolyline
 90
12
 70
1
 10
257.767
 20
5.801
 10
261.273001
 20
5.801
 10
261.275829
 20
5.799829
 10
261.277
 20
5.797
 10
261.277
 20
5.723
 10
261.275829
 20
5.720172
 10
261.273001
 20
5.719
 10
257.767
 20
5.719
 10
257.764172
 20
5.720172
 10
257.763
 20
5.723
 10
257.763739
 20
5.799316
 10
257.767
 20
5.801
  0
LWPOLYLINE
  5
153
330
17
100
AcDbEntity
  8
VISTA
100
AcDbPolyline
 90
4
 70
1
 10
257.76469
 20
5.79931
 10
257.765205
 20
5.799528
 10
257.764473
 20
5.799528
 10
257.76469
 20
5.79931
  0
LWPOLYLINE
  5
154
330
17
100
AcDbEntity
  8
VISTA
100
AcDbPolyline
 90
4
 70
1
 10
257.76469
 20
5.720691
 10
257.764473
 20
5.721206
 10
257.764473
 20
5.720472
 10
257.76469
 20
5.720691
  0
LWPOLYLINE
  5
155
330
17
100
AcDbEntity
  8
VISTA
100
AcDbPolyline
 90
4
 70
1
 10
261.275311
 20
5.720691
 10
261.274796
 20
5.720472
 10
261.275528
 20
5.720472
 10
261.275311
 20
5.720691
  0
LWPOLYLINE
  5
156
330
17
100
AcDbEntity
  8
VISTA
100
AcDbPolyline
 90
4
 70
1
 10
261.275528
 20
5.799528
 10
261.274796
 20
5.799528
 10
261.275311
 20
5.79931
 10
261.275528
 20
5.799528
  0
LWPOLYLINE
  5
157
330
17
100
AcDbEntity
  8
VISTA
100
AcDbPolyline
 90
12
 70
1
 10
257.767
 20
3.261
 10
261.273001
 20
3.261
 10
261.275829
 20
3.259829
 10
261.277
 20
3.257
 10
261.277
 20
3.183
 10
261.275829
 20
3.180171
 10
261.273001
 20
3.179
 10
257.767
 20
3.179
 10
257.764172
 20
3.180171
 10
257.763
 20
3.183
 10
257.763739
 20
3.259316
 10
257.767
 20
3.261
  0
LWPOLYLINE
  5
158
330
17
100
AcDbEntity
  8
VISTA
100
AcDbPolyline
 90
4
 70
1
 10
257.76469
 20
3.25931
 10
257.765205
 20
3.259528
 10
257.764473
 20
3.259528
 10
257.76469
 20
3.25931
  0
LWPOLYLINE
  5
159
330
17
100
AcDbEntity
  8
VISTA
100
AcDbPolyline
 90
4
 70
1
 10
257.76469
 20
3.180691
 10
257.764473
 20
3.181205
 10
257.764473
 20
3.180472
 10
257.76469
 20
3.180691
  0
LWPOLYLINE
  5
15A
330
17
100
AcDbEntity
  8
VISTA
100
AcDbPolyline
 90
4
 70
1
 10
261.275311
 20
3.180691
 10
261.274796
 20
3.180472
 10
261.275528
 20
3.180472
 10
261.275311
 20
3.180691
  0
LWPOLYLINE
  5
15B
330
17
100
AcDbEntity
  8
VISTA
100
AcDbPolyline
 90
4
 70
1
 10
261.275528
 20
3.259528
 10
261.274796
 20
3.259528
 10
261.275311
 20
3.25931
 10
261.275528
 20
3.259528
  0
LWPOLYLINE
  5
15C
330
17
100
AcDbEntity
  8
VISTA
100
AcDbPolyline
 90
12
 70
1
 10
257.807999
 20
5.76
 10
257.882
 20
5.76
 10
257.884829
 20
5.758828
 10
257.886
 20
5.756
 10
257.886
 20
3.224
 10
257.884829
 20
3.221171
 10
257.882
 20
3.22
 10
257.807999
 20
3.22
 10
257.80517
 20
3.221171
 10
257.803999
 20
3.224
 10
257.804737
 20
5.758316
 10
257.807999
 20
5.76
  0
LWPOLYLINE
  5
15D
330
17
100
AcDbEntity
  8
VISTA
100
AcDbPolyline
 90
4
 70
1
 10
257.805691
 20
5.758309
 10
257.806204
 20
5.758528
 10
257.805471
 20
5.758528
 10
257.805691
 20
5.758309
  0
LWPOLYLINE
  5
15E
330
17
100
AcDbEntity
  8
VISTA
100
AcDbPolyline
 90
4
 70
1
 10
257.805691
 20
3.22169
 10
257.805471
 20
3.222205
 10
257.805471
 20
3.221472
 10
257.805691
 20
3.22169
  0
LWPOLYLINE
  5
15F
330
17
100
AcDbEntity
  8
VISTA
100
AcDbPolyline
 90
4
 70
1
 10
257.884308
 20
3.22169
 10
257.883795
 20
3.221472
 10
257.884527
 20
3.221472
 10
257.884308
 20
3.22169
  0
LWPOLYLINE
  5
160
330
17
100
AcDbEntity
  8
VISTA
100
AcDbPolyline
 90
4
 70
1
 10
257.884527
 20
5.758528
 10
257.883795
 20
5.758528
 10
257.884308
 20
5.758309
 10
257.884527
 20
5.758528
  0
LWPOLYLINE
  5
161
330
17
100
AcDbEntity
  8
VISTA
100
AcDbPolyline
 90
12
 70
1
 10
261.157999
 20
5.76
 10
261.23199999999997
 20
5.76
 10
261.234829
 20
5.758828
 10
261.236
 20
5.756
 10
261.236
 20
3.224
 10
261.234829
 20
3.221171
 10
261.23199999999997
 20
3.22
 10
261.157999
 20
3.22
 10
261.15517
 20
3.221171
 10
261.153999
 20
3.224
 10
261.154737
 20
5.758316
 10
261.157999
 20
5.76
  0
LWPOLYLINE
  5
162
330
17
100
AcDbEntity
  8
VISTA
100
AcDbPolyline
 90
4
 70
1
 10
261.155691
 20
5.758309
 10
261.156204
 20
5.758528
 10
261.155472
 20
5.758528
 10
261.155691
 20
5.758309
  0
LWPOLYLINE
  5
163
330
17
100
AcDbEntity
  8
VISTA
100
AcDbPolyline
 90
4
 70
1
 10
261.155691
 20
3.22169
 10
261.155472
 20
3.222205
 10
261.155472
 20
3.221472
 10
261.155691
 20
3.22169
  0
LWPOLYLINE
  5
164
330
17
100
AcDbEntity
  8
VISTA
100
AcDbPolyline
 90
4
 70
1
 10
261.234308
 20
3.22169
 10
261.233795
 20
3.221472
 10
261.234528
 20
3.221472
 10
261.234308
 20
3.22169
  0
LWPOLYLINE
  5
165
330
17
100
AcDbEntity
  8
VISTA
100
AcDbPolyline
 90
4
 70
1
 10
261.234528
 20
5.758528
 10
261.233795
 20
5.758528
 10
261.234308
 20
5.758309
 10
261.234528
 20
5.758528
  0
LWPOLYLINE
  5
166
330
17
100
AcDbEntity
  8
VISTA
100
AcDbPolyline
 90
5
 70
1
 10
254.630001
 20
3.248
 10
257.450001
 20
3.248
 10
257.450001
 20
3.222
 10
254.630001
 20
3.222
 10
254.630001
 20
3.248
  0
LWPOLYLINE
  5
167
330
17
100
AcDbEntity
  8
VISTA
100
AcDbPolyline
 90
5
 70
1
 10
257.800001
 20
3.248
 10
261.4
 20
3.248
 10
261.4
 20
3.222
 10
257.800001
 20
3.222
 10
257.800001
 20
3.248
  0
LWPOLYLINE
  5
168
330
17
100
AcDbEntity
  8
VISTA
100
AcDbPolyline
 90
5
 70
1
 10
256.02
 20
5.76
 10
257.295002
 20
5.76
 10
257.295002
 20
3.22
 10
256.02
 20
3.22
 10
256.02
 20
5.76
  0
LWPOLYLINE
  5
169
330
17
100
AcDbEntity
  8
VISTA
100
AcDbPolyline
 90
5
 70
1
 10
259.52
 20
5.76
 10
261.195
 20
5.76
 10
261.195
 20
3.22
 10
259.52
 20
3.22
 10
259.52
 20
5.76
  0
LWPOLYLINE
  5
16A
330
17
100
AcDbEntity
  8
VISTA
100
AcDbPolyline
 90
5
 70
1
 10
252.992001
 20
3.283
 10
252.992001
 20
3.265
 10
252.982
 20
3.265
 10
252.982245
 20
3.283
 10
252.992001
 20
3.283
  0
LWPOLYLINE
  5
16B
330
17
100
AcDbEntity
  8
VISTA
100
AcDbPolyline
 90
5
 70
1
 10
253.058001
 20
3.283
 10
253.058001
 20
3.265
 10
253.048
 20
3.265
 10
253.048245
 20
3.283
 10
253.058001
 20
3.283
  0
LWPOLYLINE
  5
16C
330
17
100
AcDbEntity
  8
VISTA
100
AcDbPolyline
 90
8
 70
1
 10
257.293001
 20
5.7825
 10
257.295002
 20
5.7805
 10
257.295002
 20
5.7395
 10
257.293001
 20
5.7375
 10
256.022001
 20
5.7375
 10
256.02
 20
5.7395
 10
256.020588
 20
5.781914
 10
257.293001
 20
5.7825
  0
LWPOLYLINE
  5
16D
330
17
100
AcDbEntity
  8
VISTA
100
AcDbPolyline
 90
8
 70
1
 10
257.293001
 20
3.2425
 10
257.295002
 20
3.2405
 10
257.295002
 20
3.1995
 10
257.293001
 20
3.1975
 10
256.022001
 20
3.1975
 10
256.02
 20
3.1995
 10
256.020588
 20
3.241914
 10
257.293001
 20
3.2425
  0
LWPOLYLINE
  5
16E
330
17
100
AcDbEntity
  8
VISTA
100
AcDbPolyline
 90
8
 70
1
 10
256.038
 20
5.76
 10
256.040001
 20
5.758
 10
256.040001
 20
3.222
 10
256.038
 20
3.22
 10
256.002001
 20
3.22
 10
256.0
 20
3.222
 10
256.000586
 20
5.759414
 10
256.038
 20
5.76
  0
LWPOLYLINE
  5
16F
330
17
100
AcDbEntity
  8
VISTA
100
AcDbPolyline
 90
8
 70
1
 10
257.313002
 20
5.76
 10
257.315002
 20
5.758
 10
257.315002
 20
3.222
 10
257.313002
 20
3.22
 10
257.277002
 20
3.22
 10
257.275002
 20
3.222
 10
257.275587
 20
5.759414
 10
257.313002
 20
5.76
  0
LWPOLYLINE
  5
170
330
17
100
AcDbEntity
  8
VISTA
100
AcDbPolyline
 90
8
 70
1
 10
261.193001
 20
5.7825
 10
261.195
 20
5.7805
 10
261.195
 20
5.7395
 10
261.193001
 20
5.7375
 10
259.521999
 20
5.7375
 10
259.52
 20
5.7395
 10
259.520586
 20
5.781914
 10
261.193001
 20
5.7825
  0
LWPOLYLINE
  5
171
330
17
100
AcDbEntity
  8
VISTA
100
AcDbPolyline
 90
8
 70
1
 10
261.193001
 20
3.2425
 10
261.195
 20
3.2405
 10
261.195
 20
3.1995
 10
261.193001
 20
3.1975
 10
259.521999
 20
3.1975
 10
259.52
 20
3.1995
 10
259.520586
 20
3.241914
 10
261.193001
 20
3.2425
  0
LWPOLYLINE
  5
172
330
17
100
AcDbEntity
  8
VISTA
100
AcDbPolyline
 90
8
 70
1
 10
259.538
 20
5.76
 10
259.540001
 20
5.758
 10
259.540001
 20
3.222
 10
259.538
 20
3.22
 10
259.502001
 20
3.22
 10
259.5
 20
3.222
 10
259.500586
 20
5.759414
 10
259.538
 20
5.76
  0
LWPOLYLINE
  5
173
330
17
100
AcDbEntity
  8
VISTA
100
AcDbPolyline
 90
8
 70
1
 10
261.212999
 20
5.76
 10
261.215
 20
5.758
 10
261.215
 20
3.222
 10
261.212999
 20
3.22
 10
261.177
 20
3.22
 10
261.174999
 20
3.222
 10
261.175585
 20
5.759414
 10
261.212999
 20
5.76
  0
LWPOLYLINE
  5
174
330
17
100
AcDbEntity
  8
VISTA
100
AcDbPolyline
 90
5
 70
1
 10
254.039999
 20
3.189
 10
261.559999
 20
3.189
 10
261.559999
 20
3.171
 10
254.039999
 20
3.171
 10
254.039999
 20
3.189
  0
LWPOLYLINE
  5
175
330
17
100
AcDbEntity
  8
VISTA
100
AcDbPolyline
 90
8
 70
1
 10
260.764999
 20
2.4283
 10
260.766701
 20
2.43
 10
260.803299
 20
2.43
 10
260.805
 20
2.4283
 10
260.805
 20
0.2117
 10
260.803299
 20
0.21
 10
260.765848
 20
0.2105
 10
260.764999
 20
2.4283
  0
LWPOLYLINE
  5
176
330
17
100
AcDbEntity
  8
VISTA
100
AcDbPolyline
 90
8
 70
1
 10
261.635
 20
2.4283
 10
261.636702
 20
2.43
 10
261.6733
 20
2.43
 10
261.675001
 20
2.4283
 10
261.675001
 20
0.2117
 10
261.6733
 20
0.21
 10
261.635849
 20
0.2105
 10
261.635
 20
2.4283
  0
LWPOLYLINE
  5
177
330
17
100
AcDbEntity
  8
VISTA
100
AcDbPolyline
 90
8
 70
1
 10
260.764999
 20
2.4433
 10
260.766699
 20
2.445
 10
261.6733
 20
2.445
 10
261.674999
 20
2.4433
 10
261.674999
 20
2.4067
 10
261.6733
 20
2.405
 10
260.765848
 20
2.4055
 10
260.764999
 20
2.4433
  0
LWPOLYLINE
  5
178
330
17
100
AcDbEntity
  8
VISTA
100
AcDbPolyline
 90
9
 70
1
 10
254.0
 20
6.3955
 10
254.004499
 20
6.4
 10
254.6355
 20
6.4
 10
254.639999
 20
6.3955
 10
254.639999
 20
3.2045
 10
254.6355
 20
3.2
 10
254.004499
 20
3.2
 10
254.0
 20
3.2045
 10
254.0
 20
6.3955
  0
LWPOLYLINE
  5
179
330
17
100
AcDbEntity
  8
VISTA
100
AcDbPolyline
 90
9
 70
1
 10
257.440001
 20
6.3955
 10
257.4445
 20
6.4
 10
257.795502
 20
6.4
 10
257.800001
 20
6.3955
 10
257.800001
 20
3.2045
 10
257.795502
 20
3.2
 10
257.4445
 20
3.2
 10
257.440001
 20
3.2045
 10
257.440001
 20
6.3955
  0
LWPOLYLINE
  5
17A
330
17
100
AcDbEntity
  8
VISTA
100
AcDbPolyline
 90
9
 70
1
 10
261.400002
 20
6.3955
 10
261.404501
 20
6.4
 10
261.995501
 20
6.4
 10
262.0
 20
6.3955
 10
262.0
 20
3.2045
 10
261.995501
 20
3.2
 10
261.404501
 20
3.2
 10
261.400002
 20
3.2045
 10
261.400002
 20
6.3955
  0
LWPOLYLINE
  5
17B
330
17
100
AcDbEntity
  8
VISTA
100
AcDbPolyline
 90
9
 70
1
 10
254.0
 20
6.3955
 10
254.004499
 20
6.4
 10
261.995501
 20
6.4
 10
262.0
 20
6.3955
 10
262.0
 20
5.7645
 10
261.995501
 20
5.76
 10
254.004499
 20
5.76
 10
254.0
 20
5.7645
 10
254.0
 20
6.3955
  0
LWPOLYLINE
  5
17C
330
17
100
AcDbEntity
  8
VISTA
100
AcDbPolyline
 90
9
 70
1
 10
254.0
 20
3.245
 10
254.005
 20
3.25
 10
261.994999
 20
3.25
 10
262.0
 20
3.245
 10
262.0
 20
3.205
 10
261.994999
 20
3.2
 10
254.005
 20
3.2
 10
254.0
 20
3.205
 10
254.0
 20
3.245
  0
LWPOLYLINE
  5
17D
330
17
100
AcDbEntity
  8
VISTA
100
AcDbPolyline
 90
9
 70
1
 10
260.5
 20
2.5955
 10
260.504499
 20
2.6
 10
260.765501
 20
2.6
 10
260.77
 20
2.5955
 10
260.77
 20
0.0045
 10
260.765501
 20
0.0
 10
260.504499
 20
0.0
 10
260.5
 20
0.0045
 10
260.5
 20
2.5955
  0
LWPOLYLINE
  5
17E
330
17
100
AcDbEntity
  8
VISTA
100
AcDbPolyline
 90
9
 70
1
 10
261.669998
 20
2.5955
 10
261.6745
 20
2.6
 10
261.995499
 20
2.6
 10
262.0
 20
2.5955
 10
262.0
 20
0.0045
 10
261.995499
 20
0.0
 10
261.6745
 20
0.0
 10
261.669998
 20
0.0045
 10
261.669998
 20
2.5955
  0
LWPOLYLINE
  5
17F
330
17
100
AcDbEntity
  8
VISTA
100
AcDbPolyline
 90
9
 70
1
 10
260.769999
 20
2.5955
 10
260.7745
 20
2.6
 10
261.665499
 20
2.6
 10
261.67
 20
2.5955
 10
261.67
 20
2.4345
 10
261.665499
 20
2.43
 10
260.7745
 20
2.43
 10
260.769999
 20
2.4345
 10
260.769999
 20
2.5955
  0
LWPOLYLINE
  5
180
330
17
100
AcDbEntity
  8
VISTA
100
AcDbPolyline
 90
8
 70
1
 10
261.808001
 20
6.318334
 10
261.809999
 20
6.316333
 10
261.809999
 20
6.100334
 10
261.808001
 20
6.098333
 10
254.192
 20
6.098333
 10
254.190001
 20
6.100334
 10
254.190586
 20
6.317748
 10
261.808001
 20
6.318334
  0
LWPOLYLINE
  5
181
330
17
100
AcDbEntity
  8
VISTA
100
AcDbPolyline
 90
8
 70
1
 10
257.2045
 20
4.565
 10
257.2075
 20
4.562
 10
257.2075
 20
4.298
 10
257.2045
 20
4.295
 10
257.185499
 20
4.295
 10
257.182499
 20
4.298
 10
257.183378
 20
4.564121
 10
257.2045
 20
4.565
  0
LWPOLYLINE
  5
182
330
17
100
AcDbEntity
  8
VISTA
100
AcDbPolyline
 90
8
 70
1
 10
261.10450000000003
 20
4.565
 10
261.1075
 20
4.562
 10
261.1075
 20
4.298
 10
261.10450000000003
 20
4.295
 10
261.085499
 20
4.295
 10
261.082499
 20
4.298
 10
261.083378
 20
4.564121
 10
261.10450000000003
 20
4.565
  0
LWPOLYLINE
  5
183
330
17
100
AcDbEntity
  8
VISTA
100
AcDbPolyline
 90
5
 70
1
 10
253.026
 20
4.257
 10
253.025001
 20
3.33
 10
253.014001
 20
3.331
 10
253.014294
 20
4.257707
 10
253.026
 20
4.257
  0
LWPOLYLINE
  5
184
330
17
100
AcDbEntity
  8
VISTA
100
AcDbPolyline
 90
9
 70
1
 10
254.0
 20
2.9955
 10
254.004499
 20
3.0
 10
261.995501
 20
3.0
 10
262.0
 20
2.9955
 10
262.0
 20
2.6445
 10
261.995501
 20
2.64
 10
254.004499
 20
2.64
 10
254.0
 20
2.6445
 10
254.0
 20
2.9955
  0
LWPOLYLINE
  5
185
330
17
100
AcDbEntity
  8
VISTA
100
AcDbPolyline
 90
9
 70
1
 10
254.212
 20
6.388
 10
261.788
 20
6.388
 10
261.790001
 20
6.386
 10
261.790001
 20
6.335
 10
261.788
 20
6.333
 10
254.212
 20
6.333
 10
254.21
 20
6.335
 10
254.21
 20
6.386
 10
254.212
 20
6.388
  0
LWPOLYLINE
  5
186
330
17
100
AcDbEntity
  8
VISTA
100
AcDbPolyline
 90
9
 70
1
 10
254.0
 20
2.9955
 10
254.004499
 20
3.0
 10
254.2955
 20
3.0
 10
254.299999
 20
2.9955
 10
254.299999
 20
0.0045
 10
254.2955
 20
0.0
 10
254.004499
 20
0.0
 10
254.0
 20
0.0045
 10
254.0
 20
2.9955
  0
LWPOLYLINE
  5
187
330
17
100
AcDbEntity
  8
VISTA
100
AcDbPolyline
 90
5
 70
1
 10
253.026
 20
4.257
 10
253.025001
 20
3.33
 10
253.014001
 20
3.331
 10
253.014294
 20
4.257707
 10
253.026
 20
4.257
  0
LWPOLYLINE
  5
188
330
17
100
AcDbEntity
  8
VISTA
100
AcDbPolyline
 90
5
 70
1
 10
253.026
 20
4.257
 10
253.025001
 20
3.33
 10
253.014001
 20
3.331
 10
253.014294
 20
4.257707
 10
253.026
 20
4.257
  0
LWPOLYLINE
  5
189
330
17
100
AcDbEntity
  8
VISTA
100
AcDbPolyline
 90
5
 70
1
 10
253.889999
 20
5.79
 10
253.92
 20
5.79
 10
253.92
 20
3.29
 10
253.889999
 20
3.29
 10
253.889999
 20
5.79
  0
LWPOLYLINE
  5
18A
330
17
100
AcDbEntity
  8
VISTA
100
AcDbPolyline
 90
5
 70
1
 10
253.026
 20
4.257
 10
253.025001
 20
3.33
 10
253.014001
 20
3.331
 10
253.014294
 20
4.257707
 10
253.026
 20
4.257
  0
LWPOLYLINE
  5
18B
330
17
100
AcDbEntity
  8
VISTA
100
AcDbPolyline
 90
12
 70
1
 10
253.7765
 20
5.76
 10
253.8935
 20
5.76
 10
253.896329
 20
5.758828
 10
253.8975
 20
5.756
 10
253.8975
 20
3.224
 10
253.896329
 20
3.221171
 10
253.8935
 20
3.22
 10
253.7765
 20
3.22
 10
253.773671
 20
3.221171
 10
253.7725
 20
3.224
 10
253.773238
 20
5.758316
 10
253.7765
 20
5.76
  0
LWPOLYLINE
  5
18C
330
17
100
AcDbEntity
  8
VISTA
100
AcDbPolyline
 90
4
 70
1
 10
253.774191
 20
5.758309
 10
253.774705
 20
5.758528
 10
253.773973
 20
5.758528
 10
253.774191
 20
5.758309
  0
LWPOLYLINE
  5
18D
330
17
100
AcDbEntity
  8
VISTA
100
AcDbPolyline
 90
4
 70
1
 10
253.774191
 20
3.22169
 10
253.773973
 20
3.222205
 10
253.773973
 20
3.221472
 10
253.774191
 20
3.22169
  0
LWPOLYLINE
  5
18E
330
17
100
AcDbEntity
  8
VISTA
100
AcDbPolyline
 90
4
 70
1
 10
253.89580899999999
 20
3.22169
 10
253.895295
 20
3.221472
 10
253.896028
 20
3.221472
 10
253.89580899999999
 20
3.22169
  0
LWPOLYLINE
  5
18F
330
17
100
AcDbEntity
  8
VISTA
100
AcDbPolyline
 90
4
 70
1
 10
253.896028
 20
5.758528
 10
253.895295
 20
5.758528
 10
253.89580899999999
 20
5.758309
 10
253.896028
 20
5.758528
  0
LWPOLYLINE
  5
190
330
17
100
AcDbEntity
  8
VISTA
100
AcDbPolyline
 90
12
 70
1
 10
253.9235
 20
5.76
 10
254.040501
 20
5.76
 10
254.043329
 20
5.758828
 10
254.0445
 20
5.756
 10
254.0445
 20
3.224
 10
254.043329
 20
3.221171
 10
254.040501
 20
3.22
 10
253.9235
 20
3.22
 10
253.920671
 20
3.221171
 10
253.9195
 20
3.224
 10
253.920238
 20
5.758316
 10
253.9235
 20
5.76
  0
LWPOLYLINE
  5
191
330
17
100
AcDbEntity
  8
VISTA
100
AcDbPolyline
 90
4
 70
1
 10
253.921191
 20
5.758309
 10
253.921705
 20
5.758528
 10
253.920973
 20
5.758528
 10
253.921191
 20
5.758309
  0
LWPOLYLINE
  5
192
330
17
100
AcDbEntity
  8
VISTA
100
AcDbPolyline
 90
4
 70
1
 10
253.921191
 20
3.22169
 10
253.920973
 20
3.222205
 10
253.920973
 20
3.221472
 10
253.921191
 20
3.22169
  0
LWPOLYLINE
  5
193
330
17
100
AcDbEntity
  8
VISTA
100
AcDbPolyline
 90
4
 70
1
 10
254.042809
 20
3.22169
 10
254.042295
 20
3.221472
 10
254.043028
 20
3.221472
 10
254.042809
 20
3.22169
  0
LWPOLYLINE
  5
194
330
17
100
AcDbEntity
  8
VISTA
100
AcDbPolyline
 90
4
 70
1
 10
254.043028
 20
5.758528
 10
254.042295
 20
5.758528
 10
254.042809
 20
5.758309
 10
254.043028
 20
5.758528
  0
LWPOLYLINE
  5
195
330
17
100
AcDbEntity
  8
VISTA
100
AcDbPolyline
 90
5
 70
1
 10
253.026
 20
4.257
 10
253.025001
 20
3.33
 10
253.014001
 20
3.331
 10
253.014294
 20
4.257707
 10
253.026
 20
4.257
  0
LWPOLYLINE
  5
196
330
17
100
AcDbEntity
  8
VISTA
100
AcDbPolyline
 90
5
 70
1
 10
253.026
 20
4.257
 10
253.025001
 20
3.33
 10
253.014001
 20
3.331
 10
253.014294
 20
4.257707
 10
253.026
 20
4.257
  0
LWPOLYLINE
  5
197
330
17
100
AcDbEntity
  8
VISTA
100
AcDbPolyline
 90
5
 70
1
 10
253.026
 20
4.257
 10
253.025001
 20
3.33
 10
253.014001
 20
3.331
 10
253.014294
 20
4.257707
 10
253.026
 20
4.257
  0
LWPOLYLINE
  5
198
330
17
100
AcDbEntity
  8
VISTA
100
AcDbPolyline
 90
12
 70
1
 10
261.091002
 20
5.37
 10
261.10699999999997
 20
5.37
 10
261.109829
 20
5.368829
 10
261.111
 20
5.366
 10
261.111
 20
3.894
 10
261.109829
 20
3.891172
 10
261.10699999999997
 20
3.89
 10
261.091002
 20
3.89
 10
261.088173
 20
3.891172
 10
261.087002
 20
3.894
 10
261.08774
 20
5.368316
 10
261.091002
 20
5.37
  0
LWPOLYLINE
  5
199
330
17
100
AcDbEntity
  8
VISTA
100
AcDbPolyline
 90
4
 70
1
 10
261.088692
 20
5.368309
 10
261.089207
 20
5.368528
 10
261.088472
 20
5.368528
 10
261.088692
 20
5.368309
  0
LWPOLYLINE
  5
19A
330
17
100
AcDbEntity
  8
VISTA
100
AcDbPolyline
 90
4
 70
1
 10
261.088692
 20
3.891691
 10
261.088472
 20
3.892205
 10
261.088472
 20
3.891472
 10
261.088692
 20
3.891691
  0
LWPOLYLINE
  5
19B
330
17
100
AcDbEntity
  8
VISTA
100
AcDbPolyline
 90
4
 70
1
 10
261.10931
 20
3.891691
 10
261.108795
 20
3.891472
 10
261.109529
 20
3.891472
 10
261.10931
 20
3.891691
  0
LWPOLYLINE
  5
19C
330
17
100
AcDbEntity
  8
VISTA
100
AcDbPolyline
 90
4
 70
1
 10
261.109529
 20
5.368528
 10
261.108795
 20
5.368528
 10
261.10931
 20
5.368309
 10
261.109529
 20
5.368528
  0
LWPOLYLINE
  5
19D
330
17
100
AcDbEntity
  8
VISTA
100
AcDbPolyline
 90
5
 70
1
 10
253.026
 20
4.257
 10
253.025001
 20
3.33
 10
253.014001
 20
3.331
 10
253.014294
 20
4.257707
 10
253.026
 20
4.257
  0
LWPOLYLINE
  5
19E
330
17
100
AcDbEntity
  8
VISTA
100
AcDbPolyline
 90
5
 70
1
 10
253.026
 20
4.257
 10
253.025001
 20
3.33
 10
253.014001
 20
3.331
 10
253.014294
 20
4.257707
 10
253.026
 20
4.257
  0
LWPOLYLINE
  5
19F
330
17
100
AcDbEntity
  8
VISTA
100
AcDbPolyline
 90
9
 70
1
 10
254.212
 20
6.537286
 10
261.788
 20
6.537286
 10
261.790001
 20
6.535285
 10
261.790001
 20
6.484286
 10
261.788
 20
6.482285
 10
254.212
 20
6.482285
 10
254.21
 20
6.484286
 10
254.21
 20
6.535285
 10
254.212
 20
6.537286
  0
LWPOLYLINE
  5
1A0
330
17
100
AcDbEntity
  8
VISTA
100
AcDbPolyline
 90
5
 70
1
 10
252.992001
 20
3.283
 10
252.992001
 20
3.265
 10
252.982
 20
3.265
 10
252.982245
 20
3.283
 10
252.992001
 20
3.283
  0
LWPOLYLINE
  5
1A1
330
17
100
AcDbEntity
  8
VISTA
100
AcDbPolyline
 90
5
 70
1
 10
253.058001
 20
3.283
 10
253.058001
 20
3.265
 10
253.048
 20
3.265
 10
253.048245
 20
3.283
 10
253.058001
 20
3.283
  0
LWPOLYLINE
  5
1A2
330
17
100
AcDbEntity
  8
VISTA
100
AcDbPolyline
 90
9
 70
1
 10
260.5
 20
2.5955
 10
260.504499
 20
2.6
 10
260.695501
 20
2.6
 10
260.700001
 20
2.5955
 10
260.700001
 20
0.0045
 10
260.695501
 20
0.0
 10
260.504499
 20
0.0
 10
260.5
 20
0.0045
 10
260.5
 20
2.5955
  0
LWPOLYLINE
  5
1A3
330
17
100
AcDbEntity
  8
VISTA
100
AcDbPolyline
 90
5
 70
1
 10
253.026
 20
4.257
 10
253.025001
 20
3.33
 10
253.014001
 20
3.331
 10
253.014294
 20
4.257707
 10
253.026
 20
4.257
  0
LWPOLYLINE
  5
1A4
330
17
100
AcDbEntity
  8
VISTA
100
AcDbPolyline
 90
8
 70
1
 10
253.002501
 20
4.2983
 10
253.0042
 20
4.3
 10
253.035801
 20
4.3
 10
253.0375
 20
4.2983
 10
253.0375
 20
3.2517
 10
253.035801
 20
3.25
 10
253.003348
 20
3.2505
 10
253.002501
 20
4.2983
  0
LWPOLYLINE
  5
1A5
330
17
100
AcDbEntity
  8
VISTA
100
AcDbPolyline
 90
8
 70
1
 10
253.0705
 20
3.266
 10
253.0725
 20
3.264
 10
253.0725
 20
3.256
 10
253.0705
 20
3.254
 10
252.969501
 20
3.254
 10
252.967501
 20
3.256
 10
252.968086
 20
3.265414
 10
253.0705
 20
3.266
  0
LWPOLYLINE
  5
1A6
330
17
100
AcDbEntity
  8
VISTA
100
AcDbPolyline
 90
5
 70
1
 10
252.992001
 20
3.283
 10
252.992001
 20
3.265
 10
252.982
 20
3.265
 10
252.982245
 20
3.283
 10
252.992001
 20
3.283
  0
LWPOLYLINE
  5
1A7
330
17
100
AcDbEntity
  8
VISTA
100
AcDbPolyline
 90
5
 70
1
 10
253.058001
 20
3.283
 10
253.058001
 20
3.265
 10
253.048
 20
3.265
 10
253.048245
 20
3.283
 10
253.058001
 20
3.283
  0
LWPOLYLINE
  5
1A8
330
17
100
AcDbEntity
  8
VISTA
100
AcDbPolyline
 90
5
 70
1
 10
253.8175
 20
5.76
 10
253.826501
 20
5.76
 10
253.826501
 20
3.22
 10
253.8175
 20
3.22
 10
253.8175
 20
5.76
  0
LWPOLYLINE
  5
1A9
330
17
100
AcDbEntity
  8
VISTA
100
AcDbPolyline
 90
5
 70
1
 10
253.8435
 20
5.75619
 10
253.852501
 20
5.75619
 10
253.852501
 20
3.22381
 10
253.8435
 20
3.22381
 10
253.8435
 20
5.75619
  0
LWPOLYLINE
  5
1AA
330
17
100
AcDbEntity
  8
VISTA
100
AcDbPolyline
 90
9
 70
1
 10
253.7765
 20
5.801
 10
253.895816
 20
5.800262
 10
253.8975
 20
5.797
 10
253.896762
 20
5.720685
 10
253.8935
 20
5.719
 10
253.774184
 20
5.719738
 10
253.7725
 20
5.723
 10
253.773238
 20
5.799316
 10
253.7765
 20
5.801
  0
LWPOLYLINE
  5
1AB
330
17
100
AcDbEntity
  8
VISTA
100
AcDbPolyline
 90
4
 70
1
 10
253.774191
 20
5.79931
 10
253.774705
 20
5.799528
 10
253.773973
 20
5.799528
 10
253.774191
 20
5.79931
  0
LWPOLYLINE
  5
1AC
330
17
100
AcDbEntity
  8
VISTA
100
AcDbPolyline
 90
4
 70
1
 10
253.774191
 20
5.720691
 10
253.773973
 20
5.721206
 10
253.773973
 20
5.720472
 10
253.774191
 20
5.720691
  0
LWPOLYLINE
  5
1AD
330
17
100
AcDbEntity
  8
VISTA
100
AcDbPolyline
 90
4
 70
1
 10
253.89580899999999
 20
5.720691
 10
253.895295
 20
5.720472
 10
253.896028
 20
5.720472
 10
253.89580899999999
 20
5.720691
  0
LWPOLYLINE
  5
1AE
330
17
100
AcDbEntity
  8
VISTA
100
AcDbPolyline
 90
4
 70
1
 10
253.896028
 20
5.799528
 10
253.895295
 20
5.799528
 10
253.89580899999999
 20
5.79931
 10
253.896028
 20
5.799528
  0
LWPOLYLINE
  5
1AF
330
17
100
AcDbEntity
  8
VISTA
100
AcDbPolyline
 90
9
 70
1
 10
253.7765
 20
3.261
 10
253.895816
 20
3.260262
 10
253.8975
 20
3.257
 10
253.896762
 20
3.180684
 10
253.8935
 20
3.179
 10
253.774184
 20
3.179739
 10
253.7725
 20
3.183
 10
253.773238
 20
3.259316
 10
253.7765
 20
3.261
  0
LWPOLYLINE
  5
1B0
330
17
100
AcDbEntity
  8
VISTA
100
AcDbPolyline
 90
4
 70
1
 10
253.774191
 20
3.25931
 10
253.774705
 20
3.259528
 10
253.773973
 20
3.259528
 10
253.774191
 20
3.25931
  0
LWPOLYLINE
  5
1B1
330
17
100
AcDbEntity
  8
VISTA
100
AcDbPolyline
 90
4
 70
1
 10
253.774191
 20
3.180691
 10
253.773973
 20
3.181205
 10
253.773973
 20
3.180472
 10
253.774191
 20
3.180691
  0
LWPOLYLINE
  5
1B2
330
17
100
AcDbEntity
  8
VISTA
100
AcDbPolyline
 90
4
 70
1
 10
253.89580899999999
 20
3.180691
 10
253.895295
 20
3.180472
 10
253.896028
 20
3.180472
 10
253.89580899999999
 20
3.180691
  0
LWPOLYLINE
  5
1B3
330
17
100
AcDbEntity
  8
VISTA
100
AcDbPolyline
 90
4
 70
1
 10
253.896028
 20
3.259528
 10
253.895295
 20
3.259528
 10
253.89580899999999
 20
3.25931
 10
253.896028
 20
3.259528
  0
LWPOLYLINE
  5
1B4
330
17
100
AcDbEntity
  8
VISTA
100
AcDbPolyline
 90
5
 70
1
 10
253.964499
 20
5.76
 10
253.9735
 20
5.76
 10
253.9735
 20
3.22
 10
253.964499
 20
3.22
 10
253.964499
 20
5.76
  0
LWPOLYLINE
  5
1B5
330
17
100
AcDbEntity
  8
VISTA
100
AcDbPolyline
 90
5
 70
1
 10
253.990499
 20
5.75619
 10
253.9995
 20
5.75619
 10
253.9995
 20
3.22381
 10
253.990499
 20
3.22381
 10
253.990499
 20
5.75619
  0
LWPOLYLINE
  5
1B6
330
17
100
AcDbEntity
  8
VISTA
100
AcDbPolyline
 90
9
 70
1
 10
253.9235
 20
5.801
 10
254.042816
 20
5.800262
 10
254.0445
 20
5.797
 10
254.043762
 20
5.720685
 10
254.040501
 20
5.719
 10
253.921185
 20
5.719738
 10
253.9195
 20
5.723
 10
253.920238
 20
5.799316
 10
253.9235
 20
5.801
  0
LWPOLYLINE
  5
1B7
330
17
100
AcDbEntity
  8
VISTA
100
AcDbPolyline
 90
4
 70
1
 10
253.921191
 20
5.79931
 10
253.921705
 20
5.799528
 10
253.920973
 20
5.799528
 10
253.921191
 20
5.79931
  0
LWPOLYLINE
  5
1B8
330
17
100
AcDbEntity
  8
VISTA
100
AcDbPolyline
 90
4
 70
1
 10
253.921191
 20
5.720691
 10
253.920973
 20
5.721206
 10
253.920973
 20
5.720472
 10
253.921191
 20
5.720691
  0
LWPOLYLINE
  5
1B9
330
17
100
AcDbEntity
  8
VISTA
100
AcDbPolyline
 90
4
 70
1
 10
254.042809
 20
5.720691
 10
254.042295
 20
5.720472
 10
254.043028
 20
5.720472
 10
254.042809
 20
5.720691
  0
LWPOLYLINE
  5
1BA
330
17
100
AcDbEntity
  8
VISTA
100
AcDbPolyline
 90
4
 70
1
 10
254.043028
 20
5.799528
 10
254.042295
 20
5.799528
 10
254.042809
 20
5.79931
 10
254.043028
 20
5.799528
  0
LWPOLYLINE
  5
1BB
330
17
100
AcDbEntity
  8
VISTA
100
AcDbPolyline
 90
9
 70
1
 10
253.9235
 20
3.261
 10
254.042816
 20
3.260262
 10
254.0445
 20
3.257
 10
254.043762
 20
3.180684
 10
254.040501
 20
3.179
 10
253.921185
 20
3.179739
 10
253.9195
 20
3.183
 10
253.920238
 20
3.259316
 10
253.9235
 20
3.261
  0
LWPOLYLINE
  5
1BC
330
17
100
AcDbEntity
  8
VISTA
100
AcDbPolyline
 90
4
 70
1
 10
253.921191
 20
3.25931
 10
253.921705
 20
3.259528
 10
253.920973
 20
3.259528
 10
253.921191
 20
3.25931
  0
LWPOLYLINE
  5
1BD
330
17
100
AcDbEntity
  8
VISTA
100
AcDbPolyline
 90
4
 70
1
 10
253.921191
 20
3.180691
 10
253.920973
 20
3.181205
 10
253.920973
 20
3.180472
 10
253.921191
 20
3.180691
  0
LWPOLYLINE
  5
1BE
330
17
100
AcDbEntity
  8
VISTA
100
AcDbPolyline
 90
4
 70
1
 10
254.042809
 20
3.180691
 10
254.042295
 20
3.180472
 10
254.043028
 20
3.180472
 10
254.042809
 20
3.180691
  0
LWPOLYLINE
  5
1BF
330
17
100
AcDbEntity
  8
VISTA
100
AcDbPolyline
 90
4
 70
1
 10
254.043028
 20
3.259528
 10
254.042295
 20
3.259528
 10
254.042809
 20
3.25931
 10
254.043028
 20
3.259528
  0
LWPOLYLINE
  5
1C0
330
17
100
AcDbEntity
  8
VISTA
100
AcDbPolyline
 90
5
 70
1
 10
253.026
 20
4.257
 10
253.025001
 20
3.33
 10
253.014001
 20
3.331
 10
253.014294
 20
4.257707
 10
253.026
 20
4.257
  0
LWPOLYLINE
  5
1C1
330
17
100
AcDbEntity
  8
VISTA
100
AcDbPolyline
 90
5
 70
1
 10
253.026
 20
4.257
 10
253.025001
 20
3.33
 10
253.014001
 20
3.331
 10
253.014294
 20
4.257707
 10
253.026
 20
4.257
  0
LWPOLYLINE
  5
1C2
330
17
100
AcDbEntity
  8
VISTA
100
AcDbPolyline
 90
5
 70
1
 10
253.026
 20
4.257
 10
253.025001
 20
3.33
 10
253.014001
 20
3.331
 10
253.014294
 20
4.257707
 10
253.026
 20
4.257
  0
LWPOLYLINE
  5
1C3
330
17
100
AcDbEntity
  8
VISTA
100
AcDbPolyline
 90
5
 70
1
 10
253.026
 20
4.257
 10
253.025001
 20
3.33
 10
253.014001
 20
3.331
 10
253.014294
 20
4.257707
 10
253.026
 20
4.257
  0
LWPOLYLINE
  5
1C4
330
17
100
AcDbEntity
  8
VISTA
100
AcDbPolyline
 90
5
 70
1
 10
261.624022
 20
6.781447
 10
261.625
 20
6.707541
 10
261.296005
 20
6.706557
 10
261.294998
 20
6.780459
 10
261.624022
 20
6.781447
  0
LWPOLYLINE
  5
1C5
330
17
100
AcDbEntity
  8
VISTA
100
AcDbPolyline
 90
9
 70
1
 10
261.405321
 20
6.738341
 10
261.459999
 20
6.735084
 10
261.514677
 20
6.738341
 10
261.5404957399537
 20
6.744
 10
261.514677
 20
6.749659
 10
261.459999
 20
6.752916
 10
261.405321
 20
6.749659
 10
261.37950286303385
 20
6.744
 10
261.405321
 20
6.738341
  0
LWPOLYLINE
  5
1C6
330
17
100
AcDbEntity
  8
VISTA
100
AcDbPolyline
 90
5
 70
1
 10
261.589998
 20
8.015001
 10
261.589998
 20
7.99
 10
261.33
 20
7.99
 10
261.33
 20
8.015001
 10
261.589998
 20
8.015001
  0
LWPOLYLINE
  5
1C7
330
17
100
AcDbEntity
  8
VISTA
100
AcDbPolyline
 90
5
 70
1
 10
253.026
 20
4.257
 10
253.025001
 20
3.33
 10
253.014001
 20
3.331
 10
253.014294
 20
4.257707
 10
253.026
 20
4.257
  0
LWPOLYLINE
  5
1C8
330
17
100
AcDbEntity
  8
VISTA
100
AcDbPolyline
 90
15
 70
1
 10
261.375
 20
7.95
 10
261.544998
 20
7.95
 10
261.544998
 20
5.62
 10
261.52830676375544
 20
5.540461317883567
 10
261.539774
 20
5.429282
 10
261.630009
 20
5.230379
 10
261.6144989306657
 20
5.110890160274281
 10
261.625
 20
5.0
 10
261.455002
 20
5.0
 10
261.47194983693646
 20
5.069953593461305
 10
261.460627
 20
5.169621
 10
261.369976
 20
5.370718
 10
261.38552612282894
 20
5.500280008056406
 10
261.375
 20
5.62
 10
261.375
 20
7.95
  0
LWPOLYLINE
  5
1C9
330
17
100
AcDbEntity
  8
VISTA
100
AcDbPolyline
 90
4
 70
1
 10
261.5286098020636
 20
5.605855505791824
 10
261.5286098020636
 20
5.605855505791819
 10
261.533611
 20
5.62
 10
261.5286098020636
 20
5.605855505791824
  0
LWPOLYLINE
  5
1CA
330
17
100
AcDbEntity
  8
VISTA
100
AcDbPolyline
 90
4
 70
1
 10
261.5258020368834
 20
5.564745619626288
 10
261.5258020368834
 20
5.564745619626286
 10
261.542103
 20
5.62
 10
261.5258020368834
 20
5.564745619626288
  0
LWPOLYLINE
  5
1CB
330
17
100
AcDbEntity
  8
VISTA
100
AcDbPolyline
 90
4
 70
1
 10
261.5226782043989
 20
5.513639566224635
 10
261.5226782043989
 20
5.5136395662246285
 10
261.53839438516286
 20
5.430802811598521
 10
261.5226782043989
 20
5.513639566224635
  0
LWPOLYLINE
  5
1CC
330
17
100
AcDbEntity
  8
VISTA
100
AcDbPolyline
 90
4
 70
1
 10
261.5166986454473
 20
5.483937113941226
 10
261.5166986454473
 20
5.483937113941208
 10
261.5166986454473
 20
5.483937113941219
 10
261.5166986454473
 20
5.483937113941226
  0
LWPOLYLINE
  5
1CD
330
17
100
AcDbEntity
  8
VISTA
100
AcDbPolyline
 90
4
 70
1
 10
261.6147554106226
 20
5.221516732156101
 10
261.619118
 20
5.211119
 10
261.6147554106226
 20
5.221516732156102
 10
261.6147554106226
 20
5.221516732156101
  0
LWPOLYLINE
  5
1CE
330
17
100
AcDbEntity
  8
VISTA
100
AcDbPolyline
 90
4
 70
1
 10
261.613063175713
 20
5.20624718646452
 10
261.613063175713
 20
5.206247186464518
 10
261.619118
 20
5.211119
 10
261.613063175713
 20
5.20624718646452
  0
LWPOLYLINE
  5
1CF
330
17
100
AcDbEntity
  8
VISTA
100
AcDbPolyline
 90
5
 70
1
 10
253.026
 20
4.257
 10
253.025001
 20
3.33
 10
253.014001
 20
3.331
 10
253.014294
 20
4.257707
 10
253.026
 20
4.257
  0
LWPOLYLINE
  5
1D0
330
17
100
AcDbEntity
  8
VISTA
100
AcDbPolyline
 90
12
 70
1
 10
253.7765
 20
5.76
 10
253.8935
 20
5.76
 10
253.896329
 20
5.758828
 10
253.8975
 20
5.756
 10
253.8975
 20
3.224
 10
253.896329
 20
3.221171
 10
253.8935
 20
3.22
 10
253.7765
 20
3.22
 10
253.773671
 20
3.221171
 10
253.7725
 20
3.224
 10
253.773238
 20
5.758316
 10
253.7765
 20
5.76
  0
LWPOLYLINE
  5
1D1
330
17
100
AcDbEntity
  8
VISTA
100
AcDbPolyline
 90
4
 70
1
 10
253.774191
 20
5.758309
 10
253.774705
 20
5.758528
 10
253.773973
 20
5.758528
 10
253.774191
 20
5.758309
  0
LWPOLYLINE
  5
1D2
330
17
100
AcDbEntity
  8
VISTA
100
AcDbPolyline
 90
4
 70
1
 10
253.774191
 20
3.22169
 10
253.773973
 20
3.222205
 10
253.773973
 20
3.221472
 10
253.774191
 20
3.22169
  0
LWPOLYLINE
  5
1D3
330
17
100
AcDbEntity
  8
VISTA
100
AcDbPolyline
 90
4
 70
1
 10
253.89580899999999
 20
3.22169
 10
253.895295
 20
3.221472
 10
253.896028
 20
3.221472
 10
253.89580899999999
 20
3.22169
  0
LWPOLYLINE
  5
1D4
330
17
100
AcDbEntity
  8
VISTA
100
AcDbPolyline
 90
4
 70
1
 10
253.896028
 20
5.758528
 10
253.895295
 20
5.758528
 10
253.89580899999999
 20
5.758309
 10
253.896028
 20
5.758528
  0
LWPOLYLINE
  5
1D5
330
17
100
AcDbEntity
  8
VISTA
100
AcDbPolyline
 90
12
 70
1
 10
253.9235
 20
5.76
 10
254.040501
 20
5.76
 10
254.043329
 20
5.758828
 10
254.0445
 20
5.756
 10
254.0445
 20
3.224
 10
254.043329
 20
3.221171
 10
254.040501
 20
3.22
 10
253.9235
 20
3.22
 10
253.920671
 20
3.221171
 10
253.9195
 20
3.224
 10
253.920238
 20
5.758316
 10
253.9235
 20
5.76
  0
LWPOLYLINE
  5
1D6
330
17
100
AcDbEntity
  8
VISTA
100
AcDbPolyline
 90
4
 70
1
 10
253.921191
 20
5.758309
 10
253.921705
 20
5.758528
 10
253.920973
 20
5.758528
 10
253.921191
 20
5.758309
  0
LWPOLYLINE
  5
1D7
330
17
100
AcDbEntity
  8
VISTA
100
AcDbPolyline
 90
4
 70
1
 10
253.921191
 20
3.22169
 10
253.920973
 20
3.222205
 10
253.920973
 20
3.221472
 10
253.921191
 20
3.22169
  0
LWPOLYLINE
  5
1D8
330
17
100
AcDbEntity
  8
VISTA
100
AcDbPolyline
 90
4
 70
1
 10
254.042809
 20
3.22169
 10
254.042295
 20
3.221472
 10
254.043028
 20
3.221472
 10
254.042809
 20
3.22169
  0
LWPOLYLINE
  5
1D9
330
17
100
AcDbEntity
  8
VISTA
100
AcDbPolyline
 90
4
 70
1
 10
254.043028
 20
5.758528
 10
254.042295
 20
5.758528
 10
254.042809
 20
5.758309
 10
254.043028
 20
5.758528
  0
LWPOLYLINE
  5
1DA
330
17
100
AcDbEntity
  8
VISTA
100
AcDbPolyline
 90
5
 70
1
 10
253.889999
 20
5.81
 10
253.92
 20
5.81
 10
253.92
 20
5.73
 10
253.889999
 20
5.73
 10
253.889999
 20
5.81
  0
LWPOLYLINE
  5
1DB
330
17
100
AcDbEntity
  8
VISTA
100
AcDbPolyline
 90
5
 70
1
 10
253.889999
 20
3.325
 10
253.92
 20
3.325
 10
253.92
 20
3.285
 10
253.889999
 20
3.285
 10
253.889999
 20
3.325
  0
LWPOLYLINE
  5
1DC
330
17
100
AcDbEntity
  8
VISTA
100
AcDbPolyline
 90
5
 70
1
 10
253.889999
 20
5.79
 10
253.92
 20
5.79
 10
253.92
 20
3.29
 10
253.889999
 20
3.29
 10
253.889999
 20
5.79
  0
LWPOLYLINE
  5
1DD
330
17
100
AcDbEntity
  8
VISTA
100
AcDbPolyline
 90
5
 70
1
 10
253.91
 20
3.248
 10
254.15
 20
3.248
 10
254.15
 20
3.222
 10
253.91
 20
3.222
 10
253.91
 20
3.248
  0
LWPOLYLINE
  5
1DE
330
17
100
AcDbEntity
  8
VISTA
100
AcDbPolyline
 90
5
 70
1
 10
254.099999
 20
3.232
 10
254.14
 20
3.232
 10
254.14
 20
3.218
 10
254.099999
 20
3.218
 10
254.099999
 20
3.232
  0
LWPOLYLINE
  5
1DF
330
17
100
AcDbEntity
  8
VISTA
100
AcDbPolyline
 90
5
 70
1
 10
253.7585
 20
3.2445
 10
253.764
 20
3.244
 10
253.763499
 20
3.2395
 10
253.758146
 20
3.24
 10
253.7585
 20
3.2445
  0
LWPOLYLINE
  5
1E0
330
17
100
AcDbEntity
  8
VISTA
100
AcDbPolyline
 90
9
 70
1
 10
254.0
 20
6.3955
 10
254.0045
 20
6.4
 10
254.1955
 20
6.4
 10
254.200001
 20
6.3955
 10
254.200001
 20
5.7645
 10
254.1955
 20
5.76
 10
254.0045
 20
5.76
 10
254.0
 20
5.7645
 10
254.0
 20
6.3955
  0
LWPOLYLINE
  5
1E1
330
17
100
AcDbEntity
  8
VISTA
100
AcDbPolyline
 90
9
 70
1
 10
253.990001
 20
3.245
 10
253.995001
 20
3.25
 10
254.205
 20
3.25
 10
254.21
 20
3.245
 10
254.21
 20
3.205
 10
254.205
 20
3.2
 10
253.995001
 20
3.2
 10
253.990001
 20
3.205
 10
253.990001
 20
3.245
  0
LWPOLYLINE
  5
1E2
330
17
100
AcDbEntity
  8
VISTA
100
AcDbPolyline
 90
5
 70
1
 10
253.78
 20
5.83
 10
254.04
 20
5.83
 10
254.04
 20
5.79
 10
253.78
 20
5.79
 10
253.78
 20
5.83
  0
LWPOLYLINE
  5
1E3
330
17
100
AcDbEntity
  8
VISTA
100
AcDbPolyline
 90
5
 70
1
 10
253.78
 20
3.2225
 10
254.04
 20
3.2225
 10
254.04
 20
3.1975
 10
253.78
 20
3.1975
 10
253.78
 20
3.2225
  0
LWPOLYLINE
  5
1E4
330
17
100
AcDbEntity
  8
VISTA
100
AcDbPolyline
 90
6
 70
1
 10
261.066999
 20
3.8234
 10
261.073399
 20
3.825
 10
261.074999
 20
3.8234
 10
261.074999
 20
3.5366
 10
261.068097059448
 20
3.535295
 10
261.066999
 20
3.8234
  0
LWPOLYLINE
  5
1E5
330
17
100
AcDbEntity
  8
VISTA
100
AcDbPolyline
 90
5
 70
1
 10
253.026
 20
4.257
 10
253.025001
 20
3.33
 10
253.014001
 20
3.331
 10
253.014294
 20
4.257707
 10
253.026
 20
4.257
  0
LWPOLYLINE
  5
1E6
330
17
100
AcDbEntity
  8
VISTA
100
AcDbPolyline
 90
9
 70
1
 10
254.212
 20
6.686572
 10
261.788
 20
6.686572
 10
261.790001
 20
6.684571
 10
261.790001
 20
6.633572
 10
261.788
 20
6.631571
 10
254.212
 20
6.631571
 10
254.21
 20
6.633572
 10
254.21
 20
6.684571
 10
254.212
 20
6.686572
  0
LWPOLYLINE
  5
1E7
330
17
100
AcDbEntity
  8
VISTA
100
AcDbPolyline
 90
5
 70
1
 10
253.026
 20
4.257
 10
253.025001
 20
3.33
 10
253.014001
 20
3.331
 10
253.014294
 20
4.257707
 10
253.026
 20
4.257
  0
LWPOLYLINE
  5
1E8
330
17
100
AcDbEntity
  8
VISTA
100
AcDbPolyline
 90
5
 70
1
 10
253.026
 20
4.257
 10
253.025001
 20
3.33
 10
253.014001
 20
3.331
 10
253.014294
 20
4.257707
 10
253.026
 20
4.257
  0
LWPOLYLINE
  5
1E9
330
17
100
AcDbEntity
  8
VISTA
100
AcDbPolyline
 90
5
 70
1
 10
252.992001
 20
3.283
 10
252.992001
 20
3.265
 10
252.982
 20
3.265
 10
252.982245
 20
3.283
 10
252.992001
 20
3.283
  0
LWPOLYLINE
  5
1EA
330
17
100
AcDbEntity
  8
VISTA
100
AcDbPolyline
 90
5
 70
1
 10
253.058001
 20
3.283
 10
253.058001
 20
3.265
 10
253.048
 20
3.265
 10
253.048245
 20
3.283
 10
253.058001
 20
3.283
  0
LWPOLYLINE
  5
1EB
330
17
100
AcDbEntity
  8
VISTA
100
AcDbPolyline
 90
8
 70
1
 10
253.002501
 20
4.2983
 10
253.0042
 20
4.3
 10
253.035801
 20
4.3
 10
253.0375
 20
4.2983
 10
253.0375
 20
3.2517
 10
253.035801
 20
3.25
 10
253.003348
 20
3.2505
 10
253.002501
 20
4.2983
  0
LWPOLYLINE
  5
1EC
330
17
100
AcDbEntity
  8
VISTA
100
AcDbPolyline
 90
8
 70
1
 10
253.0705
 20
3.266
 10
253.0725
 20
3.264
 10
253.0725
 20
3.256
 10
253.0705
 20
3.254
 10
252.969501
 20
3.254
 10
252.967501
 20
3.256
 10
252.968086
 20
3.265414
 10
253.0705
 20
3.266
  0
LWPOLYLINE
  5
1ED
330
17
100
AcDbEntity
  8
VISTA
100
AcDbPolyline
 90
5
 70
1
 10
253.026
 20
4.257
 10
253.025001
 20
3.33
 10
253.014001
 20
3.331
 10
253.014294
 20
4.257707
 10
253.026
 20
4.257
  0
LWPOLYLINE
  5
1EE
330
17
100
AcDbEntity
  8
VISTA
100
AcDbPolyline
 90
5
 70
1
 10
252.992001
 20
3.283
 10
252.992001
 20
3.265
 10
252.982
 20
3.265
 10
252.982245
 20
3.283
 10
252.992001
 20
3.283
  0
LWPOLYLINE
  5
1EF
330
17
100
AcDbEntity
  8
VISTA
100
AcDbPolyline
 90
5
 70
1
 10
253.058001
 20
3.283
 10
253.058001
 20
3.265
 10
253.048
 20
3.265
 10
253.048245
 20
3.283
 10
253.058001
 20
3.283
  0
LWPOLYLINE
  5
1F0
330
17
100
AcDbEntity
  8
VISTA
100
AcDbPolyline
 90
5
 70
1
 10
253.026
 20
4.257
 10
253.025001
 20
3.33
 10
253.014001
 20
3.331
 10
253.014294
 20
4.257707
 10
253.026
 20
4.257
  0
LWPOLYLINE
  5
1F1
330
17
100
AcDbEntity
  8
VISTA
100
AcDbPolyline
 90
5
 70
1
 10
253.026
 20
4.257
 10
253.025001
 20
3.33
 10
253.014001
 20
3.331
 10
253.014294
 20
4.257707
 10
253.026
 20
4.257
  0
LWPOLYLINE
  5
1F2
330
17
100
AcDbEntity
  8
VISTA
100
AcDbPolyline
 90
5
 70
1
 10
253.026
 20
4.257
 10
253.025001
 20
3.33
 10
253.014001
 20
3.331
 10
253.014294
 20
4.257707
 10
253.026
 20
4.257
  0
LWPOLYLINE
  5
1F3
330
17
100
AcDbEntity
  8
VISTA
100
AcDbPolyline
 90
5
 70
1
 10
253.026
 20
4.257
 10
253.025001
 20
3.33
 10
253.014001
 20
3.331
 10
253.014294
 20
4.257707
 10
253.026
 20
4.257
  0
LWPOLYLINE
  5
1F4
330
17
100
AcDbEntity
  8
VISTA
100
AcDbPolyline
 90
7
 70
1
 10
252.967
 20
3.199
 10
252.965
 20
3.199
 10
252.965
 20
3.231
 10
253.06
 20
3.234
 10
253.06
 20
3.232
 10
252.967
 20
3.229
 10
252.967
 20
3.199
  0
LWPOLYLINE
  5
1F5
330
17
100
AcDbEntity
  8
VISTA
100
AcDbPolyline
 90
5
 70
1
 10
253.026
 20
4.257
 10
253.025001
 20
3.33
 10
253.014001
 20
3.331
 10
253.014294
 20
4.257707
 10
253.026
 20
4.257
  0
LWPOLYLINE
  5
1F6
330
17
100
AcDbEntity
  8
VISTA
100
AcDbPolyline
 90
9
 70
1
 10
254.212
 20
6.835857
 10
261.788
 20
6.835857
 10
261.790001
 20
6.833857
 10
261.790001
 20
6.782857
 10
261.788
 20
6.780857
 10
254.212
 20
6.780857
 10
254.21
 20
6.782857
 10
254.21
 20
6.833857
 10
254.212
 20
6.835857
  0
LWPOLYLINE
  5
1F7
330
17
100
AcDbEntity
  8
VISTA
100
AcDbPolyline
 90
5
 70
1
 10
253.026
 20
4.257
 10
253.025001
 20
3.33
 10
253.014001
 20
3.331
 10
253.014294
 20
4.257707
 10
253.026
 20
4.257
  0
LWPOLYLINE
  5
1F8
330
17
100
AcDbEntity
  8
VISTA
100
AcDbPolyline
 90
5
 70
1
 10
253.026
 20
4.257
 10
253.025001
 20
3.33
 10
253.014001
 20
3.331
 10
253.014294
 20
4.257707
 10
253.026
 20
4.257
  0
LWPOLYLINE
  5
1F9
330
17
100
AcDbEntity
  8
VISTA
100
AcDbPolyline
 90
5
 70
1
 10
253.026
 20
4.257
 10
253.025001
 20
3.33
 10
253.014001
 20
3.331
 10
253.014294
 20
4.257707
 10
253.026
 20
4.257
  0
LWPOLYLINE
  5
1FA
330
17
100
AcDbEntity
  8
VISTA
100
AcDbPolyline
 90
5
 70
1
 10
253.026
 20
4.257
 10
253.025001
 20
3.33
 10
253.014001
 20
3.331
 10
253.014294
 20
4.257707
 10
253.026
 20
4.257
  0
LWPOLYLINE
  5
1FB
330
17
100
AcDbEntity
  8
VISTA
100
AcDbPolyline
 90
5
 70
1
 10
253.889999
 20
5.79
 10
253.92
 20
5.79
 10
253.92
 20
3.29
 10
253.889999
 20
3.29
 10
253.889999
 20
5.79
  0
LWPOLYLINE
  5
1FC
330
17
100
AcDbEntity
  8
VISTA
100
AcDbPolyline
 90
5
 70
1
 10
252.992001
 20
3.283
 10
252.992001
 20
3.265
 10
252.982
 20
3.265
 10
252.982245
 20
3.283
 10
252.992001
 20
3.283
  0
LWPOLYLINE
  5
1FD
330
17
100
AcDbEntity
  8
VISTA
100
AcDbPolyline
 90
5
 70
1
 10
253.058001
 20
3.283
 10
253.058001
 20
3.265
 10
253.048
 20
3.265
 10
253.048245
 20
3.283
 10
253.058001
 20
3.283
  0
LWPOLYLINE
  5
1FE
330
17
100
AcDbEntity
  8
VISTA
100
AcDbPolyline
 90
5
 70
1
 10
253.7
 20
7.570328
 10
262.299999
 20
7.570328
 10
262.299999
 20
6.437082
 10
253.7
 20
6.437082
 10
253.7
 20
7.570328
  0
LWPOLYLINE
  5
1FF
330
17
100
AcDbEntity
  8
VISTA
100
AcDbPolyline
 90
17
 70
1
 10
261.394167
 20
6.748548
 10
261.369389
 20
6.744006
 10
261.353481
 20
6.738281
 10
261.3483511744818
 20
6.732342532035622
 10
261.353481
 20
6.726405
 10
261.369389
 20
6.72068
 10
261.394167
 20
6.716138
 10
261.459999
 20
6.712216
 10
261.525831
 20
6.716138
 10
261.55061
 20
6.72068
 10
261.566517
 20
6.726405
 10
261.5716477614469
 20
6.732342532035622
 10
261.566517
 20
6.738281
 10
261.55061
 20
6.744006
 10
261.525831
 20
6.748548
 10
261.459999
 20
6.75247
 10
261.394167
 20
6.748548
  0
LWPOLYLINE
  5
200
330
17
100
AcDbEntity
  8
VISTA
100
AcDbPolyline
 90
5
 70
1
 10
253.7
 20
7.562328
 10
262.299999
 20
7.562328
 10
262.299999
 20
6.35118
 10
253.7
 20
6.35118
 10
253.7
 20
7.562328
  0
LWPOLYLINE
  5
201
330
17
100
AcDbEntity
  8
VISTA
100
AcDbPolyline
 90
9
 70
1
 10
253.7225
 20
7.580869
 10
253.737499
 20
7.580869
 10
253.739499
 20
7.578902
 10
253.739499
 20
6.441099
 10
253.737499
 20
6.439131
 10
253.7225
 20
6.439131
 10
253.7205
 20
6.441099
 10
253.7205
 20
7.578902
 10
253.7225
 20
7.580869
  0
LWPOLYLINE
  5
202
330
17
100
AcDbEntity
  8
VISTA
100
AcDbPolyline
 90
9
 70
1
 10
253.91649999999998
 20
7.580869
 10
253.931499
 20
7.580869
 10
253.933499
 20
7.578902
 10
253.933499
 20
6.441099
 10
253.931499
 20
6.439131
 10
253.91649999999998
 20
6.439131
 10
253.9145
 20
6.441099
 10
253.9145
 20
7.578902
 10
253.91649999999998
 20
7.580869
  0
LWPOLYLINE
  5
203
330
17
100
AcDbEntity
  8
VISTA
100
AcDbPolyline
 90
9
 70
1
 10
254.1105
 20
7.580869
 10
254.1255
 20
7.580869
 10
254.1275
 20
7.578902
 10
254.1275
 20
6.441099
 10
254.1255
 20
6.439131
 10
254.1105
 20
6.439131
 10
254.1085
 20
6.441099
 10
254.1085
 20
7.578902
 10
254.1105
 20
7.580869
  0
LWPOLYLINE
  5
204
330
17
100
AcDbEntity
  8
VISTA
100
AcDbPolyline
 90
9
 70
1
 10
254.304501
 20
7.580869
 10
254.3195
 20
7.580869
 10
254.32150000000001
 20
7.578902
 10
254.32150000000001
 20
6.441099
 10
254.3195
 20
6.439131
 10
254.304501
 20
6.439131
 10
254.302501
 20
6.441099
 10
254.302501
 20
7.578902
 10
254.304501
 20
7.580869
  0
LWPOLYLINE
  5
205
330
17
100
AcDbEntity
  8
VISTA
100
AcDbPolyline
 90
9
 70
1
 10
254.4985
 20
7.580869
 10
254.513499
 20
7.580869
 10
254.515499
 20
7.578902
 10
254.515499
 20
6.441099
 10
254.513499
 20
6.439131
 10
254.4985
 20
6.439131
 10
254.4965
 20
6.441099
 10
254.4965
 20
7.578902
 10
254.4985
 20
7.580869
  0
LWPOLYLINE
  5
206
330
17
100
AcDbEntity
  8
VISTA
100
AcDbPolyline
 90
9
 70
1
 10
254.6925
 20
7.580869
 10
254.7075
 20
7.580869
 10
254.709499
 20
7.578902
 10
254.709499
 20
6.441099
 10
254.7075
 20
6.439131
 10
254.6925
 20
6.439131
 10
254.6905
 20
6.441099
 10
254.6905
 20
7.578902
 10
254.6925
 20
7.580869
  0
LWPOLYLINE
  5
207
330
17
100
AcDbEntity
  8
VISTA
100
AcDbPolyline
 90
9
 70
1
 10
254.8865
 20
7.580869
 10
254.9015
 20
7.580869
 10
254.9035
 20
7.578902
 10
254.9035
 20
6.441099
 10
254.9015
 20
6.439131
 10
254.8865
 20
6.439131
 10
254.884501
 20
6.441099
 10
254.884501
 20
7.578902
 10
254.8865
 20
7.580869
  0
LWPOLYLINE
  5
208
330
17
100
AcDbEntity
  8
VISTA
100
AcDbPolyline
 90
9
 70
1
 10
255.080501
 20
7.580869
 10
255.0955
 20
7.580869
 10
255.0975
 20
7.578902
 10
255.0975
 20
6.441099
 10
255.0955
 20
6.439131
 10
255.080501
 20
6.439131
 10
255.078501
 20
6.441099
 10
255.078501
 20
7.578902
 10
255.080501
 20
7.580869
  0
LWPOLYLINE
  5
209
330
17
100
AcDbEntity
  8
VISTA
100
AcDbPolyline
 90
9
 70
1
 10
255.2745
 20
7.580869
 10
255.289499
 20
7.580869
 10
255.291499
 20
7.578902
 10
255.291499
 20
6.441099
 10
255.289499
 20
6.439131
 10
255.2745
 20
6.439131
 10
255.2725
 20
6.441099
 10
255.2725
 20
7.578902
 10
255.2745
 20
7.580869
  0
LWPOLYLINE
  5
20A
330
17
100
AcDbEntity
  8
VISTA
100
AcDbPolyline
 90
9
 70
1
 10
255.4685
 20
7.580869
 10
255.4835
 20
7.580869
 10
255.485499
 20
7.578902
 10
255.485499
 20
6.441099
 10
255.4835
 20
6.439131
 10
255.4685
 20
6.439131
 10
255.4665
 20
6.441099
 10
255.4665
 20
7.578902
 10
255.4685
 20
7.580869
  0
LWPOLYLINE
  5
20B
330
17
100
AcDbEntity
  8
VISTA
100
AcDbPolyline
 90
9
 70
1
 10
255.6625
 20
7.580869
 10
255.6775
 20
7.580869
 10
255.6795
 20
7.578902
 10
255.6795
 20
6.441099
 10
255.6775
 20
6.439131
 10
255.6625
 20
6.439131
 10
255.660501
 20
6.441099
 10
255.660501
 20
7.578902
 10
255.6625
 20
7.580869
  0
LWPOLYLINE
  5
20C
330
17
100
AcDbEntity
  8
VISTA
100
AcDbPolyline
 90
9
 70
1
 10
255.856501
 20
7.580869
 10
255.8715
 20
7.580869
 10
255.8735
 20
7.578902
 10
255.8735
 20
6.441099
 10
255.8715
 20
6.439131
 10
255.856501
 20
6.439131
 10
255.854501
 20
6.441099
 10
255.854501
 20
7.578902
 10
255.856501
 20
7.580869
  0
LWPOLYLINE
  5
20D
330
17
100
AcDbEntity
  8
VISTA
100
AcDbPolyline
 90
9
 70
1
 10
256.050501
 20
7.580869
 10
256.0655
 20
7.580869
 10
256.067501
 20
7.578902
 10
256.067501
 20
6.441099
 10
256.0655
 20
6.439131
 10
256.050501
 20
6.439131
 10
256.0485
 20
6.441099
 10
256.0485
 20
7.578902
 10
256.050501
 20
7.580869
  0
LWPOLYLINE
  5
20E
330
17
100
AcDbEntity
  8
VISTA
100
AcDbPolyline
 90
9
 70
1
 10
256.244501
 20
7.580869
 10
256.259501
 20
7.580869
 10
256.261501
 20
7.578902
 10
256.261501
 20
6.441099
 10
256.259501
 20
6.439131
 10
256.244501
 20
6.439131
 10
256.2425
 20
6.441099
 10
256.2425
 20
7.578902
 10
256.244501
 20
7.580869
  0
LWPOLYLINE
  5
20F
330
17
100
AcDbEntity
  8
VISTA
100
AcDbPolyline
 90
9
 70
1
 10
256.438499
 20
7.580869
 10
256.453499
 20
7.580869
 10
256.45550000000003
 20
7.578902
 10
256.45550000000003
 20
6.441099
 10
256.453499
 20
6.439131
 10
256.438499
 20
6.439131
 10
256.436499
 20
6.441099
 10
256.436499
 20
7.578902
 10
256.438499
 20
7.580869
  0
LWPOLYLINE
  5
210
330
17
100
AcDbEntity
  8
VISTA
100
AcDbPolyline
 90
9
 70
1
 10
256.6325
 20
7.580869
 10
256.647499
 20
7.580869
 10
256.6495
 20
7.578902
 10
256.6495
 20
6.441099
 10
256.647499
 20
6.439131
 10
256.6325
 20
6.439131
 10
256.630499
 20
6.441099
 10
256.630499
 20
7.578902
 10
256.6325
 20
7.580869
  0
LWPOLYLINE
  5
211
330
17
100
AcDbEntity
  8
VISTA
100
AcDbPolyline
 90
9
 70
1
 10
256.8265
 20
7.580869
 10
256.841499
 20
7.580869
 10
256.8435
 20
7.578902
 10
256.8435
 20
6.441099
 10
256.841499
 20
6.439131
 10
256.8265
 20
6.439131
 10
256.824499
 20
6.441099
 10
256.824499
 20
7.578902
 10
256.8265
 20
7.580869
  0
LWPOLYLINE
  5
212
330
17
100
AcDbEntity
  8
VISTA
100
AcDbPolyline
 90
9
 70
1
 10
257.02049999999997
 20
7.580869
 10
257.0355
 20
7.580869
 10
257.0375
 20
7.578902
 10
257.0375
 20
6.441099
 10
257.0355
 20
6.439131
 10
257.02049999999997
 20
6.439131
 10
257.018499
 20
6.441099
 10
257.018499
 20
7.578902
 10
257.02049999999997
 20
7.580869
  0
LWPOLYLINE
  5
213
330
17
100
AcDbEntity
  8
VISTA
100
AcDbPolyline
 90
9
 70
1
 10
257.2145
 20
7.580869
 10
257.22950000000003
 20
7.580869
 10
257.231501
 20
7.578902
 10
257.231501
 20
6.441099
 10
257.22950000000003
 20
6.439131
 10
257.2145
 20
6.439131
 10
257.2125
 20
6.441099
 10
257.2125
 20
7.578902
 10
257.2145
 20
7.580869
  0
LWPOLYLINE
  5
214
330
17
100
AcDbEntity
  8
VISTA
100
AcDbPolyline
 90
9
 70
1
 10
257.408501
 20
7.580869
 10
257.4235
 20
7.580869
 10
257.425501
 20
7.578902
 10
257.425501
 20
6.441099
 10
257.4235
 20
6.439131
 10
257.408501
 20
6.439131
 10
257.4065
 20
6.441099
 10
257.4065
 20
7.578902
 10
257.408501
 20
7.580869
  0
LWPOLYLINE
  5
215
330
17
100
AcDbEntity
  8
VISTA
100
AcDbPolyline
 90
9
 70
1
 10
257.602501
 20
7.580869
 10
257.6175
 20
7.580869
 10
257.619501
 20
7.578902
 10
257.619501
 20
6.441099
 10
257.6175
 20
6.439131
 10
257.602501
 20
6.439131
 10
257.6005
 20
6.441099
 10
257.6005
 20
7.578902
 10
257.602501
 20
7.580869
  0
LWPOLYLINE
  5
216
330
17
100
AcDbEntity
  8
VISTA
100
AcDbPolyline
 90
9
 70
1
 10
257.796501
 20
7.580869
 10
257.811501
 20
7.580869
 10
257.813501
 20
7.578902
 10
257.813501
 20
6.441099
 10
257.811501
 20
6.439131
 10
257.796501
 20
6.439131
 10
257.79449999999997
 20
6.441099
 10
257.79449999999997
 20
7.578902
 10
257.796501
 20
7.580869
  0
LWPOLYLINE
  5
217
330
17
100
AcDbEntity
  8
VISTA
100
AcDbPolyline
 90
9
 70
1
 10
257.990499
 20
7.580869
 10
258.005499
 20
7.580869
 10
258.0075
 20
7.578902
 10
258.0075
 20
6.441099
 10
258.005499
 20
6.439131
 10
257.990499
 20
6.439131
 10
257.988499
 20
6.441099
 10
257.988499
 20
7.578902
 10
257.990499
 20
7.580869
  0
LWPOLYLINE
  5
218
330
17
100
AcDbEntity
  8
VISTA
100
AcDbPolyline
 90
9
 70
1
 10
258.1845
 20
7.580869
 10
258.199499
 20
7.580869
 10
258.2015
 20
7.578902
 10
258.2015
 20
6.441099
 10
258.199499
 20
6.439131
 10
258.1845
 20
6.439131
 10
258.182499
 20
6.441099
 10
258.182499
 20
7.578902
 10
258.1845
 20
7.580869
  0
LWPOLYLINE
  5
219
330
17
100
AcDbEntity
  8
VISTA
100
AcDbPolyline
 90
9
 70
1
 10
258.3785
 20
7.580869
 10
258.393499
 20
7.580869
 10
258.39549999999997
 20
7.578902
 10
258.39549999999997
 20
6.441099
 10
258.393499
 20
6.439131
 10
258.3785
 20
6.439131
 10
258.376499
 20
6.441099
 10
258.376499
 20
7.578902
 10
258.3785
 20
7.580869
  0
LWPOLYLINE
  5
21A
330
17
100
AcDbEntity
  8
VISTA
100
AcDbPolyline
 90
9
 70
1
 10
258.5725
 20
7.580869
 10
258.5875
 20
7.580869
 10
258.5895
 20
7.578902
 10
258.5895
 20
6.441099
 10
258.5875
 20
6.439131
 10
258.5725
 20
6.439131
 10
258.570499
 20
6.441099
 10
258.570499
 20
7.578902
 10
258.5725
 20
7.580869
  0
LWPOLYLINE
  5
21B
330
17
100
AcDbEntity
  8
VISTA
100
AcDbPolyline
 90
9
 70
1
 10
258.7665
 20
7.580869
 10
258.7815
 20
7.580869
 10
258.783501
 20
7.578902
 10
258.783501
 20
6.441099
 10
258.7815
 20
6.439131
 10
258.7665
 20
6.439131
 10
258.7645
 20
6.441099
 10
258.7645
 20
7.578902
 10
258.7665
 20
7.580869
  0
LWPOLYLINE
  5
21C
330
17
100
AcDbEntity
  8
VISTA
100
AcDbPolyline
 90
9
 70
1
 10
258.960501
 20
7.580869
 10
258.9755
 20
7.580869
 10
258.977501
 20
7.578902
 10
258.977501
 20
6.441099
 10
258.9755
 20
6.439131
 10
258.960501
 20
6.439131
 10
258.9585
 20
6.441099
 10
258.9585
 20
7.578902
 10
258.960501
 20
7.580869
  0
LWPOLYLINE
  5
21D
330
17
100
AcDbEntity
  8
VISTA
100
AcDbPolyline
 90
9
 70
1
 10
259.154501
 20
7.580869
 10
259.16949999999997
 20
7.580869
 10
259.171501
 20
7.578902
 10
259.171501
 20
6.441099
 10
259.16949999999997
 20
6.439131
 10
259.154501
 20
6.439131
 10
259.1525
 20
6.441099
 10
259.1525
 20
7.578902
 10
259.154501
 20
7.580869
  0
LWPOLYLINE
  5
21E
330
17
100
AcDbEntity
  8
VISTA
100
AcDbPolyline
 90
9
 70
1
 10
259.348501
 20
7.580869
 10
259.363501
 20
7.580869
 10
259.365501
 20
7.578902
 10
259.365501
 20
6.441099
 10
259.363501
 20
6.439131
 10
259.348501
 20
6.439131
 10
259.3465
 20
6.441099
 10
259.3465
 20
7.578902
 10
259.348501
 20
7.580869
  0
LWPOLYLINE
  5
21F
330
17
100
AcDbEntity
  8
VISTA
100
AcDbPolyline
 90
9
 70
1
 10
259.5425
 20
7.580869
 10
259.557499
 20
7.580869
 10
259.5595
 20
7.578902
 10
259.5595
 20
6.441099
 10
259.557499
 20
6.439131
 10
259.5425
 20
6.439131
 10
259.540499
 20
6.441099
 10
259.540499
 20
7.578902
 10
259.5425
 20
7.580869
  0
LWPOLYLINE
  5
220
330
17
100
AcDbEntity
  8
VISTA
100
AcDbPolyline
 90
9
 70
1
 10
259.7365
 20
7.580869
 10
259.751499
 20
7.580869
 10
259.7535
 20
7.578902
 10
259.7535
 20
6.441099
 10
259.751499
 20
6.439131
 10
259.7365
 20
6.439131
 10
259.734499
 20
6.441099
 10
259.734499
 20
7.578902
 10
259.7365
 20
7.580869
  0
LWPOLYLINE
  5
221
330
17
100
AcDbEntity
  8
VISTA
100
AcDbPolyline
 90
9
 70
1
 10
259.9305
 20
7.580869
 10
259.945499
 20
7.580869
 10
259.9475
 20
7.578902
 10
259.9475
 20
6.441099
 10
259.945499
 20
6.439131
 10
259.9305
 20
6.439131
 10
259.928499
 20
6.441099
 10
259.928499
 20
7.578902
 10
259.9305
 20
7.580869
  0
LWPOLYLINE
  5
222
330
17
100
AcDbEntity
  8
VISTA
100
AcDbPolyline
 90
9
 70
1
 10
260.1245
 20
7.580869
 10
260.1395
 20
7.580869
 10
260.1415
 20
7.578902
 10
260.1415
 20
6.441099
 10
260.1395
 20
6.439131
 10
260.1245
 20
6.439131
 10
260.122499
 20
6.441099
 10
260.122499
 20
7.578902
 10
260.1245
 20
7.580869
  0
LWPOLYLINE
  5
223
330
17
100
AcDbEntity
  8
VISTA
100
AcDbPolyline
 90
9
 70
1
 10
260.318501
 20
7.580869
 10
260.3335
 20
7.580869
 10
260.335501
 20
7.578902
 10
260.335501
 20
6.441099
 10
260.3335
 20
6.439131
 10
260.318501
 20
6.439131
 10
260.3165
 20
6.441099
 10
260.3165
 20
7.578902
 10
260.318501
 20
7.580869
  0
LWPOLYLINE
  5
224
330
17
100
AcDbEntity
  8
VISTA
100
AcDbPolyline
 90
9
 70
1
 10
260.512501
 20
7.580869
 10
260.5275
 20
7.580869
 10
260.529501
 20
7.578902
 10
260.529501
 20
6.441099
 10
260.5275
 20
6.439131
 10
260.512501
 20
6.439131
 10
260.5105
 20
6.441099
 10
260.5105
 20
7.578902
 10
260.512501
 20
7.580869
  0
LWPOLYLINE
  5
225
330
17
100
AcDbEntity
  8
VISTA
100
AcDbPolyline
 90
9
 70
1
 10
260.706501
 20
7.580869
 10
260.7215
 20
7.580869
 10
260.723501
 20
7.578902
 10
260.723501
 20
6.441099
 10
260.7215
 20
6.439131
 10
260.706501
 20
6.439131
 10
260.7045
 20
6.441099
 10
260.7045
 20
7.578902
 10
260.706501
 20
7.580869
  0
LWPOLYLINE
  5
226
330
17
100
AcDbEntity
  8
VISTA
100
AcDbPolyline
 90
9
 70
1
 10
260.900501
 20
7.580869
 10
260.915501
 20
7.580869
 10
260.917501
 20
7.578902
 10
260.917501
 20
6.441099
 10
260.915501
 20
6.439131
 10
260.900501
 20
6.439131
 10
260.8985
 20
6.441099
 10
260.8985
 20
7.578902
 10
260.900501
 20
7.580869
  0
LWPOLYLINE
  5
227
330
17
100
AcDbEntity
  8
VISTA
100
AcDbPolyline
 90
9
 70
1
 10
261.0945
 20
7.580869
 10
261.109499
 20
7.580869
 10
261.1115
 20
7.578902
 10
261.1115
 20
6.441099
 10
261.109499
 20
6.439131
 10
261.0945
 20
6.439131
 10
261.092499
 20
6.441099
 10
261.092499
 20
7.578902
 10
261.0945
 20
7.580869
  0
LWPOLYLINE
  5
228
330
17
100
AcDbEntity
  8
VISTA
100
AcDbPolyline
 90
9
 70
1
 10
261.2885
 20
7.580869
 10
261.303499
 20
7.580869
 10
261.3055
 20
7.578902
 10
261.3055
 20
6.441099
 10
261.303499
 20
6.439131
 10
261.2885
 20
6.439131
 10
261.286499
 20
6.441099
 10
261.286499
 20
7.578902
 10
261.2885
 20
7.580869
  0
LWPOLYLINE
  5
229
330
17
100
AcDbEntity
  8
VISTA
100
AcDbPolyline
 90
9
 70
1
 10
261.4825
 20
7.580869
 10
261.497499
 20
7.580869
 10
261.4995
 20
7.578902
 10
261.4995
 20
6.441099
 10
261.497499
 20
6.439131
 10
261.4825
 20
6.439131
 10
261.480499
 20
6.441099
 10
261.480499
 20
7.578902
 10
261.4825
 20
7.580869
  0
LWPOLYLINE
  5
22A
330
17
100
AcDbEntity
  8
VISTA
100
AcDbPolyline
 90
9
 70
1
 10
261.6765
 20
7.580869
 10
261.6915
 20
7.580869
 10
261.693501
 20
7.578902
 10
261.693501
 20
6.441099
 10
261.6915
 20
6.439131
 10
261.6765
 20
6.439131
 10
261.6745
 20
6.441099
 10
261.6745
 20
7.578902
 10
261.6765
 20
7.580869
  0
LWPOLYLINE
  5
22B
330
17
100
AcDbEntity
  8
VISTA
100
AcDbPolyline
 90
9
 70
1
 10
261.870501
 20
7.580869
 10
261.8855
 20
7.580869
 10
261.887501
 20
7.578902
 10
261.887501
 20
6.441099
 10
261.8855
 20
6.439131
 10
261.870501
 20
6.439131
 10
261.8685
 20
6.441099
 10
261.8685
 20
7.578902
 10
261.870501
 20
7.580869
  0
LWPOLYLINE
  5
22C
330
17
100
AcDbEntity
  8
VISTA
100
AcDbPolyline
 90
9
 70
1
 10
262.064501
 20
7.580869
 10
262.0795
 20
7.580869
 10
262.081501
 20
7.578902
 10
262.081501
 20
6.441099
 10
262.0795
 20
6.439131
 10
262.064501
 20
6.439131
 10
262.0625
 20
6.441099
 10
262.0625
 20
7.578902
 10
262.064501
 20
7.580869
  0
LWPOLYLINE
  5
22D
330
17
100
AcDbEntity
  8
VISTA
100
AcDbPolyline
 90
9
 70
1
 10
262.258501
 20
7.580869
 10
262.2735
 20
7.580869
 10
262.275501
 20
7.578902
 10
262.275501
 20
6.441099
 10
262.2735
 20
6.439131
 10
262.258501
 20
6.439131
 10
262.2565
 20
6.441099
 10
262.2565
 20
7.578902
 10
262.258501
 20
7.580869
  0
LWPOLYLINE
  5
22E
330
17
100
AcDbEntity
  8
VISTA
100
AcDbPolyline
 90
9
 70
1
 10
261.799999
 20
6.3955
 10
261.804499
 20
6.4
 10
261.995501
 20
6.4
 10
262.0
 20
6.3955
 10
262.0
 20
3.2045
 10
261.995501
 20
3.2
 10
261.804499
 20
3.2
 10
261.799999
 20
3.2045
 10
261.799999
 20
6.3955
  0
LWPOLYLINE
  5
22F
330
17
100
AcDbEntity
  8
VISTA
100
AcDbPolyline
 90
12
 70
1
 10
253.0
 20
3.197
 10
253.000878
 20
3.199121
 10
253.003
 20
3.2
 10
253.997
 20
3.2
 10
253.999122
 20
3.199121
 10
254.0
 20
3.197
 10
254.0
 20
3.043
 10
253.999122
 20
3.040879
 10
253.997
 20
3.04
 10
253.003
 20
3.04
 10
253.000878
 20
3.040879
 10
253.0
 20
3.197
  0
LWPOLYLINE
  5
230
330
17
100
AcDbEntity
  8
VISTA
100
AcDbPolyline
 90
4
 70
1
 10
253.001497
 20
3.198503
 10
253.001497
 20
3.199117
 10
253.000878
 20
3.199121
 10
253.001497
 20
3.198503
  0
LWPOLYLINE
  5
231
330
17
100
AcDbEntity
  8
VISTA
100
AcDbPolyline
 90
4
 70
1
 10
253.998503
 20
3.198503
 10
253.999117
 20
3.198503
 10
253.999122
 20
3.199121
 10
253.998503
 20
3.198503
  0
LWPOLYLINE
  5
232
330
17
100
AcDbEntity
  8
VISTA
100
AcDbPolyline
 90
4
 70
1
 10
253.998503
 20
3.041497
 10
253.998503
 20
3.040883
 10
253.999122
 20
3.040879
 10
253.998503
 20
3.041497
  0
LWPOLYLINE
  5
233
330
17
100
AcDbEntity
  8
VISTA
100
AcDbPolyline
 90
4
 70
1
 10
253.001497
 20
3.041497
 10
253.000883
 20
3.041497
 10
253.000878
 20
3.040879
 10
253.001497
 20
3.041497
  0
LWPOLYLINE
  5
234
330
17
100
AcDbEntity
  8
VISTA
100
AcDbPolyline
 90
9
 70
1
 10
258.060001
 20
5.9455
 10
258.061895
 20
5.949169
 10
258.9755
 20
5.95
 10
258.97917
 20
5.948105
 10
258.98
 20
5.4345
 10
258.978106
 20
5.430831
 10
258.064501
 20
5.43
 10
258.060001
 20
5.4345
 10
258.060001
 20
5.9455
  0
LWPOLYLINE
  5
235
330
17
100
AcDbEntity
  8
VISTA
100
AcDbPolyline
 90
9
 70
1
 10
254.150001
 20
5.9455
 10
254.151896
 20
5.949169
 10
257.5455
 20
5.95
 10
257.54917
 20
5.948105
 10
257.550001
 20
3.2045
 10
257.548105
 20
3.20083
 10
254.1545
 20
3.2
 10
254.150001
 20
3.2045
 10
254.150001
 20
5.9455
  0
LWPOLYLINE
  5
236
330
17
100
AcDbEntity
  8
VISTA
100
AcDbPolyline
 90
8
 70
1
 10
258.059999
 20
5.4683
 10
258.06170099999997
 20
5.47
 10
258.098299
 20
5.47
 10
258.1
 20
5.4683
 10
258.1
 20
3.2517
 10
258.098299
 20
3.25
 10
258.060848
 20
3.2505
 10
258.059999
 20
5.4683
  0
LWPOLYLINE
  5
237
330
17
100
AcDbEntity
  8
VISTA
100
AcDbPolyline
 90
8
 70
1
 10
258.939999
 20
5.4683
 10
258.9417
 20
5.47
 10
258.978298
 20
5.47
 10
258.98
 20
5.4683
 10
258.98
 20
3.2517
 10
258.978298
 20
3.25
 10
258.940847
 20
3.2505
 10
258.939999
 20
5.4683
  0
LWPOLYLINE
  5
238
330
17
100
AcDbEntity
  8
VISTA
100
AcDbPolyline
 90
8
 70
1
 10
258.060001
 20
5.4833
 10
258.06170099999997
 20
5.485
 10
258.9783
 20
5.485
 10
258.98
 20
5.4833
 10
258.98
 20
5.4467
 10
258.9783
 20
5.445
 10
258.060848
 20
5.4455
 10
258.060001
 20
5.4833
  0
LWPOLYLINE
  5
239
330
17
100
AcDbEntity
  8
VISTA
100
AcDbPolyline
 90
5
 70
1
 10
254.04
 20
3.189
 10
254.080001
 20
3.189
 10
254.080001
 20
3.171
 10
254.04
 20
3.171
 10
254.04
 20
3.189
  0
LWPOLYLINE
  5
23A
330
17
100
AcDbEntity
  8
VISTA
100
AcDbPolyline
 90
7
 70
1
 10
253.000057
 20
3.234713
 10
253.000189
 20
3.235003
 10
253.999811
 20
3.249997
 10
254.000097
 20
3.249709
 10
254.0
 20
3.211
 10
253.001
 20
3.21
 10
253.000057
 20
3.234713
  0
LWPOLYLINE
  5
23B
330
17
100
AcDbEntity
  8
VISTA
100
AcDbPolyline
 90
4
 70
1
 10
253.0000672614276
 20
3.2347062449898667
 10
253.0000672614276
 20
3.234706244989867
 10
253.000057
 20
3.234713
 10
253.0000672614276
 20
3.2347062449898667
  0
LWPOLYLINE
  5
23C
330
17
100
AcDbEntity
  8
VISTA
100
AcDbPolyline
 90
4
 70
1
 10
253.99979345533654
 20
3.249984775593292
 10
253.99979345533654
 20
3.2499847755932914
 10
253.999811
 20
3.249997
 10
253.99979345533654
 20
3.249984775593292
  0
LWPOLYLINE
  5
23D
330
17
100
AcDbEntity
  8
VISTA
100
AcDbPolyline
 90
4
 70
1
 10
253.9999486845706
 20
3.2496524390311547
 10
253.9999486845706
 20
3.2496524390311543
 10
254.000097
 20
3.249709
 10
253.9999486845706
 20
3.2496524390311547
  0
LWPOLYLINE
  5
23E
330
17
100
AcDbEntity
  8
VISTA
100
AcDbPolyline
 90
5
 70
1
 10
253.7
 20
7.459885
 10
262.299999
 20
7.459885
 10
262.299999
 20
6.310114
 10
253.7
 20
6.310114
 10
253.7
 20
7.459885
  0
LWPOLYLINE
  5
23F
330
17
100
AcDbEntity
  8
VISTA
100
AcDbPolyline
 90
9
 70
1
 10
261.394167
 20
6.619498
 10
261.3607117827758
 20
6.611832772731243
 10
261.394167
 20
6.604168
 10
261.459999
 20
6.600246
 10
261.525831
 20
6.604168
 10
261.5592866717617
 20
6.611832772731243
 10
261.525831
 20
6.619498
 10
261.459999
 20
6.62342
 10
261.394167
 20
6.619498
  0
LWPOLYLINE
  5
240
330
17
100
AcDbEntity
  8
VISTA
100
AcDbPolyline
 90
8
 70
1
 10
254.0
 20
2.9983
 10
254.001699
 20
3.0
 10
254.2983
 20
3.0
 10
254.299999
 20
2.9983
 10
254.299999
 20
0.0017
 10
254.2983
 20
0.0
 10
254.000848
 20
0.0005
 10
254.0
 20
2.9983
  0
LWPOLYLINE
  5
241
330
17
100
AcDbEntity
  8
VISTA
100
AcDbPolyline
 90
9
 70
1
 10
254.000831
 20
2.998105
 10
254.004499
 20
3.0
 10
254.298105
 20
2.999169
 10
254.299999
 20
2.9955
 10
254.299169
 20
2.641895
 10
254.2955
 20
2.64
 10
254.004499
 20
2.64
 10
254.0
 20
2.6445
 10
254.000831
 20
2.998105
  0
LWPOLYLINE
  5
242
330
17
100
AcDbEntity
  8
VISTA
100
AcDbPolyline
 90
8
 70
1
 10
258.039501
 20
5.47
 10
258.0425
 20
5.467
 10
258.0425
 20
3.253
 10
258.039501
 20
3.25
 10
258.0005
 20
3.25
 10
257.997501
 20
3.253
 10
257.998379
 20
5.469121
 10
258.039501
 20
5.47
  0
LWPOLYLINE
  5
243
330
17
100
AcDbEntity
  8
VISTA
100
AcDbPolyline
 90
8
 70
1
 10
259.039501
 20
5.47
 10
259.0425
 20
5.467
 10
259.0425
 20
3.253
 10
259.039501
 20
3.25
 10
259.0005
 20
3.25
 10
258.997501
 20
3.253
 10
258.998379
 20
5.469121
 10
259.039501
 20
5.47
  0
LWPOLYLINE
  5
244
330
17
100
AcDbEntity
  8
VISTA
100
AcDbPolyline
 90
8
 70
1
 10
259.037001
 20
5.5125
 10
259.040001
 20
5.5095
 10
259.040001
 20
5.4705
 10
259.037001
 20
5.4675
 10
258.003
 20
5.4675
 10
258.0
 20
5.4705
 10
258.000879
 20
5.511621
 10
259.037001
 20
5.5125
  0
LWPOLYLINE
  5
245
330
17
100
AcDbEntity
  8
VISTA
100
AcDbPolyline
 90
5
 70
1
 10
261.799999
 20
5.868
 10
261.799999
 20
5.85
 10
254.2
 20
5.85
 10
254.2
 20
5.868
 10
261.799999
 20
5.868
  0
LWPOLYLINE
  5
246
330
17
100
AcDbEntity
  8
VISTA
100
AcDbPolyline
 90
9
 70
1
 10
254.28
 20
7.40218
 10
254.282
 20
7.404147
 10
254.358
 20
7.404147
 10
254.36
 20
7.40218
 10
254.36
 20
6.077819
 10
254.358
 20
6.075852
 10
254.282
 20
6.075852
 10
254.28
 20
6.077819
 10
254.28
 20
7.40218
  0
LWPOLYLINE
  5
247
330
17
100
AcDbEntity
  8
VISTA
100
AcDbPolyline
 90
9
 70
1
 10
254.976
 20
7.40218
 10
254.978
 20
7.404147
 10
255.054
 20
7.404147
 10
255.056
 20
7.40218
 10
255.056
 20
6.077819
 10
255.054
 20
6.075852
 10
254.978
 20
6.075852
 10
254.976
 20
6.077819
 10
254.976
 20
7.40218
  0
LWPOLYLINE
  5
248
330
17
100
AcDbEntity
  8
VISTA
100
AcDbPolyline
 90
9
 70
1
 10
255.672
 20
7.40218
 10
255.674
 20
7.404147
 10
255.75
 20
7.404147
 10
255.752
 20
7.40218
 10
255.752
 20
6.077819
 10
255.75
 20
6.075852
 10
255.674
 20
6.075852
 10
255.672
 20
6.077819
 10
255.672
 20
7.40218
  0
LWPOLYLINE
  5
249
330
17
100
AcDbEntity
  8
VISTA
100
AcDbPolyline
 90
9
 70
1
 10
256.368
 20
7.40218
 10
256.370001
 20
7.404147
 10
256.446001
 20
7.404147
 10
256.448002
 20
7.40218
 10
256.448002
 20
6.077819
 10
256.446001
 20
6.075852
 10
256.370001
 20
6.075852
 10
256.368
 20
6.077819
 10
256.368
 20
7.40218
  0
LWPOLYLINE
  5
24A
330
17
100
AcDbEntity
  8
VISTA
100
AcDbPolyline
 90
9
 70
1
 10
257.063999
 20
7.40218
 10
257.066
 20
7.404147
 10
257.142
 20
7.404147
 10
257.144001
 20
7.40218
 10
257.144001
 20
6.077819
 10
257.142
 20
6.075852
 10
257.066
 20
6.075852
 10
257.063999
 20
6.077819
 10
257.063999
 20
7.40218
  0
LWPOLYLINE
  5
24B
330
17
100
AcDbEntity
  8
VISTA
100
AcDbPolyline
 90
9
 70
1
 10
257.759998
 20
7.40218
 10
257.761999
 20
7.404147
 10
257.837999
 20
7.404147
 10
257.84
 20
7.40218
 10
257.84
 20
6.077819
 10
257.837999
 20
6.075852
 10
257.761999
 20
6.075852
 10
257.759998
 20
6.077819
 10
257.759998
 20
7.40218
  0
LWPOLYLINE
  5
24C
330
17
100
AcDbEntity
  8
VISTA
100
AcDbPolyline
 90
9
 70
1
 10
258.455999
 20
7.40218
 10
258.45799999999997
 20
7.404147
 10
258.534
 20
7.404147
 10
258.536001
 20
7.40218
 10
258.536001
 20
6.077819
 10
258.534
 20
6.075852
 10
258.45799999999997
 20
6.075852
 10
258.455999
 20
6.077819
 10
258.455999
 20
7.40218
  0
LWPOLYLINE
  5
24D
330
17
100
AcDbEntity
  8
VISTA
100
AcDbPolyline
 90
9
 70
1
 10
259.151999
 20
7.40218
 10
259.153999
 20
7.404147
 10
259.23
 20
7.404147
 10
259.23199999999997
 20
7.40218
 10
259.23199999999997
 20
6.077819
 10
259.23
 20
6.075852
 10
259.153999
 20
6.075852
 10
259.151999
 20
6.077819
 10
259.151999
 20
7.40218
  0
LWPOLYLINE
  5
24E
330
17
100
AcDbEntity
  8
VISTA
100
AcDbPolyline
 90
9
 70
1
 10
259.848
 20
7.40218
 10
259.85
 20
7.404147
 10
259.926001
 20
7.404147
 10
259.928001
 20
7.40218
 10
259.928001
 20
6.077819
 10
259.926001
 20
6.075852
 10
259.85
 20
6.075852
 10
259.848
 20
6.077819
 10
259.848
 20
7.40218
  0
LWPOLYLINE
  5
24F
330
17
100
AcDbEntity
  8
VISTA
100
AcDbPolyline
 90
9
 70
1
 10
260.543999
 20
7.40218
 10
260.546
 20
7.404147
 10
260.622
 20
7.404147
 10
260.624001
 20
7.40218
 10
260.624001
 20
6.077819
 10
260.622
 20
6.075852
 10
260.546
 20
6.075852
 10
260.543999
 20
6.077819
 10
260.543999
 20
7.40218
  0
LWPOLYLINE
  5
250
330
17
100
AcDbEntity
  8
VISTA
100
AcDbPolyline
 90
9
 70
1
 10
261.24
 20
7.40218
 10
261.242001
 20
7.404147
 10
261.318001
 20
7.404147
 10
261.320002
 20
7.40218
 10
261.320002
 20
6.077819
 10
261.318001
 20
6.075852
 10
261.242001
 20
6.075852
 10
261.24
 20
6.077819
 10
261.24
 20
7.40218
  0
LWPOLYLINE
  5
251
330
17
100
AcDbEntity
  8
VISTA
100
AcDbPolyline
 90
5
 70
1
 10
254.416914
 20
5.999414
 10
254.416914
 20
5.960586
 10
254.383085
 20
5.960586
 10
254.383085
 20
5.999414
 10
254.416914
 20
5.999414
  0
LWPOLYLINE
  5
252
330
17
100
AcDbEntity
  8
VISTA
100
AcDbPolyline
 90
5
 70
1
 10
255.01691399999999
 20
5.999414
 10
255.01691399999999
 20
5.960586
 10
254.98308600000001
 20
5.960586
 10
254.98308600000001
 20
5.999414
 10
255.01691399999999
 20
5.999414
  0
LWPOLYLINE
  5
253
330
17
100
AcDbEntity
  8
VISTA
100
AcDbPolyline
 90
5
 70
1
 10
255.616915
 20
5.999414
 10
255.616915
 20
5.960586
 10
255.583086
 20
5.960586
 10
255.583086
 20
5.999414
 10
255.616915
 20
5.999414
  0
LWPOLYLINE
  5
254
330
17
100
AcDbEntity
  8
VISTA
100
AcDbPolyline
 90
5
 70
1
 10
256.216915
 20
5.999414
 10
256.216915
 20
5.960586
 10
256.183086
 20
5.960586
 10
256.183086
 20
5.999414
 10
256.216915
 20
5.999414
  0
LWPOLYLINE
  5
255
330
17
100
AcDbEntity
  8
VISTA
100
AcDbPolyline
 90
5
 70
1
 10
256.816914
 20
5.999414
 10
256.816914
 20
5.960586
 10
256.783085
 20
5.960586
 10
256.783085
 20
5.999414
 10
256.816914
 20
5.999414
  0
LWPOLYLINE
  5
256
330
17
100
AcDbEntity
  8
VISTA
100
AcDbPolyline
 90
5
 70
1
 10
257.416914
 20
5.999414
 10
257.416914
 20
5.960586
 10
257.383085
 20
5.960586
 10
257.383085
 20
5.999414
 10
257.416914
 20
5.999414
  0
LWPOLYLINE
  5
257
330
17
100
AcDbEntity
  8
VISTA
100
AcDbPolyline
 90
5
 70
1
 10
258.016914
 20
5.999414
 10
258.016914
 20
5.960586
 10
257.983086
 20
5.960586
 10
257.983086
 20
5.999414
 10
258.016914
 20
5.999414
  0
LWPOLYLINE
  5
258
330
17
100
AcDbEntity
  8
VISTA
100
AcDbPolyline
 90
5
 70
1
 10
258.616915
 20
5.999414
 10
258.616915
 20
5.960586
 10
258.583086
 20
5.960586
 10
258.583086
 20
5.999414
 10
258.616915
 20
5.999414
  0
LWPOLYLINE
  5
259
330
17
100
AcDbEntity
  8
VISTA
100
AcDbPolyline
 90
5
 70
1
 10
259.216915
 20
5.999414
 10
259.216915
 20
5.960586
 10
259.183086
 20
5.960586
 10
259.183086
 20
5.999414
 10
259.216915
 20
5.999414
  0
LWPOLYLINE
  5
25A
330
17
100
AcDbEntity
  8
VISTA
100
AcDbPolyline
 90
5
 70
1
 10
259.816914
 20
5.999414
 10
259.816914
 20
5.960586
 10
259.783085
 20
5.960586
 10
259.783085
 20
5.999414
 10
259.816914
 20
5.999414
  0
LWPOLYLINE
  5
25B
330
17
100
AcDbEntity
  8
VISTA
100
AcDbPolyline
 90
5
 70
1
 10
260.416914
 20
5.999414
 10
260.416914
 20
5.960586
 10
260.383085
 20
5.960586
 10
260.383085
 20
5.999414
 10
260.416914
 20
5.999414
  0
LWPOLYLINE
  5
25C
330
17
100
AcDbEntity
  8
VISTA
100
AcDbPolyline
 90
5
 70
1
 10
261.016914
 20
5.999414
 10
261.016914
 20
5.960586
 10
260.983086
 20
5.960586
 10
260.983086
 20
5.999414
 10
261.016914
 20
5.999414
  0
LWPOLYLINE
  5
25D
330
17
100
AcDbEntity
  8
VISTA
100
AcDbPolyline
 90
5
 70
1
 10
261.616915
 20
5.999414
 10
261.616915
 20
5.960586
 10
261.583086
 20
5.960586
 10
261.583086
 20
5.999414
 10
261.616915
 20
5.999414
  0
LWPOLYLINE
  5
25E
330
17
100
AcDbEntity
  8
VISTA
100
AcDbPolyline
 90
13
 70
1
 10
252.999201
 20
4.277814
 10
252.9975
 20
4.2792
 10
252.997814
 20
4.321784
 10
252.998217
 20
4.3208
 10
252.999201
 20
4.3225
 10
253.041784
 20
4.322186
 10
253.0408
 20
4.321784
 10
253.0425
 20
4.3208
 10
253.042187
 20
4.278216
 10
253.041784
 20
4.2792
 10
253.0408
 20
4.2775
 10
252.999201
 20
4.2775
 10
252.999201
 20
4.277814
  0
LWPOLYLINE
  5
25F
330
17
100
AcDbEntity
  8
VISTA
100
AcDbPolyline
 90
13
 70
1
 10
253.007701
 20
3.792814
 10
253.006001
 20
3.7942
 10
253.006314
 20
3.819784
 10
253.006717
 20
3.8188
 10
253.007701
 20
3.8205
 10
253.033284
 20
3.820186
 10
253.0323
 20
3.819784
 10
253.034
 20
3.8188
 10
253.033687
 20
3.793216
 10
253.033284
 20
3.7942
 10
253.0323
 20
3.7925
 10
253.007701
 20
3.7925
 10
253.007701
 20
3.792814
  0
LWPOLYLINE
  5
260
330
17
100
AcDbEntity
  8
VISTA
100
AcDbPolyline
 90
8
 70
1
 10
253.002501
 20
4.2983
 10
253.0042
 20
4.3
 10
253.035801
 20
4.3
 10
253.0375
 20
4.2983
 10
253.0375
 20
3.2517
 10
253.035801
 20
3.25
 10
253.003348
 20
3.2505
 10
253.002501
 20
4.2983
  0
LWPOLYLINE
  5
261
330
17
100
AcDbEntity
  8
VISTA
100
AcDbPolyline
 90
5
 70
1
 10
253.026
 20
4.257
 10
253.025001
 20
3.33
 10
253.014001
 20
3.331
 10
253.014294
 20
4.257707
 10
253.026
 20
4.257
  0
LWPOLYLINE
  5
262
330
17
100
AcDbEntity
  8
VISTA
100
AcDbPolyline
 90
8
 70
1
 10
253.0705
 20
3.266
 10
253.0725
 20
3.264
 10
253.0725
 20
3.256
 10
253.0705
 20
3.254
 10
252.969501
 20
3.254
 10
252.967501
 20
3.256
 10
252.968086
 20
3.265414
 10
253.0705
 20
3.266
  0
LWPOLYLINE
  5
263
330
17
100
AcDbEntity
  8
VISTA
100
AcDbPolyline
 90
5
 70
1
 10
252.992001
 20
3.283
 10
252.992001
 20
3.265
 10
252.982
 20
3.265
 10
252.982245
 20
3.283
 10
252.992001
 20
3.283
  0
LWPOLYLINE
  5
264
330
17
100
AcDbEntity
  8
VISTA
100
AcDbPolyline
 90
5
 70
1
 10
253.058001
 20
3.283
 10
253.058001
 20
3.265
 10
253.048
 20
3.265
 10
253.048245
 20
3.283
 10
253.058001
 20
3.283
  0
LWPOLYLINE
  5
265
330
17
100
AcDbEntity
  8
VISTA
100
AcDbPolyline
 90
5
 70
1
 10
253.026
 20
4.257
 10
253.025001
 20
3.33
 10
253.014001
 20
3.331
 10
253.014294
 20
4.257707
 10
253.026
 20
4.257
  0
LWPOLYLINE
  5
266
330
17
100
AcDbEntity
  8
VISTA
100
AcDbPolyline
 90
5
 70
1
 10
253.026
 20
4.257
 10
253.025001
 20
3.33
 10
253.014001
 20
3.331
 10
253.014294
 20
4.257707
 10
253.026
 20
4.257
  0
LWPOLYLINE
  5
267
330
17
100
AcDbEntity
  8
VISTA
100
AcDbPolyline
 90
5
 70
1
 10
253.026
 20
4.257
 10
253.025001
 20
3.33
 10
253.014001
 20
3.331
 10
253.014294
 20
4.257707
 10
253.026
 20
4.257
  0
LWPOLYLINE
  5
268
330
17
100
AcDbEntity
  8
VISTA
100
AcDbPolyline
 90
6
 70
1
 10
259.421318
 20
5.953682
 10
261.978683
 20
5.953682
 10
261.978683
 20
3.206318
 10
259.424501
 20
3.205
 10
259.42
 20
3.2095
 10
259.421318
 20
5.953682
  0
LWPOLYLINE
  5
269
330
17
100
AcDbEntity
  8
VISTA
100
AcDbPolyline
 90
9
 70
1
 10
254.212
 20
6.985143
 10
261.788
 20
6.985143
 10
261.790001
 20
6.983143
 10
261.790001
 20
6.932143
 10
261.788
 20
6.930143
 10
254.212
 20
6.930143
 10
254.21
 20
6.932143
 10
254.21
 20
6.983143
 10
254.212
 20
6.985143
  0
LWPOLYLINE
  5
26A
330
17
100
AcDbEntity
  8
VISTA
100
AcDbPolyline
 90
5
 70
1
 10
253.026
 20
4.257
 10
253.025001
 20
3.33
 10
253.014001
 20
3.331
 10
253.014294
 20
4.257707
 10
253.026
 20
4.257
  0
LWPOLYLINE
  5
26B
330
17
100
AcDbEntity
  8
VISTA
100
AcDbPolyline
 90
9
 70
1
 10
258.060049
 20
5.43
 10
258.12388
 20
5.43
 10
258.127378
 20
5.4265
 10
258.127378
 20
3.2535
 10
258.12388
 20
3.25
 10
258.060049
 20
3.25
 10
258.056551
 20
3.2535
 10
258.056551
 20
5.4265
 10
258.060049
 20
5.43
  0
LWPOLYLINE
  5
26C
330
17
100
AcDbEntity
  8
VISTA
100
AcDbPolyline
 90
4
 70
1
 10
258.08521702906637
 20
5.4297824428527806
 10
258.08521702906637
 20
5.4297824428527806
 10
258.08521702906637
 20
5.42978244285278
 10
258.08521702906637
 20
5.4297824428527806
  0
LWPOLYLINE
  5
26D
330
17
100
AcDbEntity
  8
VISTA
100
AcDbPolyline
 90
9
 70
1
 10
257.550001
 20
5.9455
 10
257.554501
 20
5.95
 10
257.685501
 20
5.95
 10
257.690001
 20
5.9455
 10
257.690001
 20
3.2045
 10
257.685501
 20
3.2
 10
257.554501
 20
3.2
 10
257.550001
 20
3.2045
 10
257.550001
 20
5.9455
  0
LWPOLYLINE
  5
26E
330
17
100
AcDbEntity
  8
VISTA
100
AcDbPolyline
 90
5
 70
1
 10
261.005001
 20
3.36
 10
261.735001
 20
3.36
 10
261.735001
 20
3.26
 10
261.005001
 20
3.26
 10
261.005001
 20
3.36
  0
LWPOLYLINE
  5
26F
330
17
100
AcDbEntity
  8
VISTA
100
AcDbPolyline
 90
5
 70
1
 10
252.971
 20
3.0875
 10
252.999
 20
3.0875
 10
252.999
 20
3.0325
 10
252.971
 20
3.0325
 10
252.971
 20
3.0875
  0
LWPOLYLINE
  5
270
330
17
100
AcDbEntity
  8
VISTA
100
AcDbPolyline
 90
5
 70
1
 10
253.026
 20
4.257
 10
253.025001
 20
3.33
 10
253.014001
 20
3.331
 10
253.014294
 20
4.257707
 10
253.026
 20
4.257
  0
LWPOLYLINE
  5
271
330
17
100
AcDbEntity
  8
VISTA
100
AcDbPolyline
 90
12
 70
1
 10
253.926499
 20
5.92
 10
254.0435
 20
5.92
 10
254.04632900000001
 20
5.918828
 10
254.0475
 20
5.916
 10
254.0475
 20
3.844
 10
254.04632900000001
 20
3.841172
 10
254.0435
 20
3.84
 10
253.926499
 20
3.84
 10
253.923671
 20
3.841172
 10
253.9225
 20
3.844
 10
253.923238
 20
5.918316
 10
253.926499
 20
5.92
  0
LWPOLYLINE
  5
272
330
17
100
AcDbEntity
  8
VISTA
100
AcDbPolyline
 90
4
 70
1
 10
253.924191
 20
5.918309
 10
253.924705
 20
5.918528
 10
253.923972
 20
5.918528
 10
253.924191
 20
5.918309
  0
LWPOLYLINE
  5
273
330
17
100
AcDbEntity
  8
VISTA
100
AcDbPolyline
 90
4
 70
1
 10
253.924191
 20
3.841691
 10
253.923972
 20
3.842206
 10
253.923972
 20
3.841472
 10
253.924191
 20
3.841691
  0
LWPOLYLINE
  5
274
330
17
100
AcDbEntity
  8
VISTA
100
AcDbPolyline
 90
4
 70
1
 10
254.045809
 20
3.841691
 10
254.045295
 20
3.841472
 10
254.046027
 20
3.841472
 10
254.045809
 20
3.841691
  0
LWPOLYLINE
  5
275
330
17
100
AcDbEntity
  8
VISTA
100
AcDbPolyline
 90
4
 70
1
 10
254.046027
 20
5.918528
 10
254.045295
 20
5.918528
 10
254.045809
 20
5.918309
 10
254.046027
 20
5.918528
  0
LWPOLYLINE
  5
276
330
17
100
AcDbEntity
  8
VISTA
100
AcDbPolyline
 90
5
 70
1
 10
253.026
 20
4.257
 10
253.025001
 20
3.33
 10
253.014001
 20
3.331
 10
253.014294
 20
4.257707
 10
253.026
 20
4.257
  0
LWPOLYLINE
  5
277
330
17
100
AcDbEntity
  8
VISTA
100
AcDbPolyline
 90
5
 70
1
 10
253.889999
 20
5.78
 10
253.92
 20
5.78
 10
253.92
 20
4.02
 10
253.889999
 20
4.02
 10
253.889999
 20
5.78
  0
LWPOLYLINE
  5
278
330
17
100
AcDbEntity
  8
VISTA
100
AcDbPolyline
 90
5
 70
1
 10
253.9675
 20
5.92
 10
254.0025
 20
5.92
 10
254.0025
 20
3.84
 10
253.9675
 20
3.84
 10
253.9675
 20
5.92
  0
LWPOLYLINE
  5
279
330
17
100
AcDbEntity
  8
VISTA
100
AcDbPolyline
 90
9
 70
1
 10
259.35
 20
5.9455
 10
259.35450000000003
 20
5.95
 10
259.4855
 20
5.95
 10
259.49
 20
5.9455
 10
259.49
 20
3.2045
 10
259.4855
 20
3.2
 10
259.35450000000003
 20
3.2
 10
259.35
 20
3.2045
 10
259.35
 20
5.9455
  0
LWPOLYLINE
  5
27A
330
17
100
AcDbEntity
  8
VISTA
100
AcDbPolyline
 90
5
 70
1
 10
253.026
 20
4.257
 10
253.025001
 20
3.33
 10
253.014001
 20
3.331
 10
253.014294
 20
4.257707
 10
253.026
 20
4.257
  0
LWPOLYLINE
  5
27B
330
17
100
AcDbEntity
  8
VISTA
100
AcDbPolyline
 90
7
 70
1
 10
258.133909
 20
4.285414
 10
258.134495
 20
4.284
 10
258.134495
 20
4.256
 10
258.133909
 20
4.254586
 10
258.098825
 20
4.254586
 10
258.098825
 20
4.285414
 10
258.133909
 20
4.285414
  0
LWPOLYLINE
  5
27C
330
17
100
AcDbEntity
  8
VISTA
100
AcDbPolyline
 90
4
 70
1
 10
258.0998199064143
 20
4.254648810367958
 10
258.0998199064143
 20
4.254648810367958
 10
258.098825
 20
4.254586
 10
258.0998199064143
 20
4.254648810367958
  0
LWPOLYLINE
  5
27D
330
17
100
AcDbEntity
  8
VISTA
100
AcDbPolyline
 90
4
 70
1
 10
258.10307376188956
 20
4.285387643720963
 10
258.1043275329627
 20
4.285376172887371
 10
258.1043275329627
 20
4.285376172887371
 10
258.10307376188956
 20
4.285387643720963
  0
LWPOLYLINE
  5
27E
330
17
100
AcDbEntity
  8
VISTA
100
AcDbPolyline
 90
4
 70
1
 10
258.13393050430415
 20
4.255859149748803
 10
258.13395270430414
 20
4.25586468898604
 10
258.13395270430414
 20
4.2558646889860405
 10
258.13393050430415
 20
4.255859149748803
  0
LWPOLYLINE
  5
27F
330
17
100
AcDbEntity
  8
VISTA
100
AcDbPolyline
 90
5
 70
1
 10
253.026
 20
4.257
 10
253.025001
 20
3.33
 10
253.014001
 20
3.331
 10
253.014294
 20
4.257707
 10
253.026
 20
4.257
  0
LWPOLYLINE
  5
280
330
17
100
AcDbEntity
  8
VISTA
100
AcDbPolyline
 90
8
 70
1
 10
257.657001
 20
5.47
 10
257.660002
 20
5.467
 10
257.660002
 20
3.253
 10
257.657001
 20
3.25
 10
257.58299999999997
 20
3.25
 10
257.58
 20
3.253
 10
257.580879
 20
5.469121
 10
257.657001
 20
5.47
  0
LWPOLYLINE
  5
281
330
17
100
AcDbEntity
  8
VISTA
100
AcDbPolyline
 90
8
 70
1
 10
257.565001
 20
5.4683
 10
257.5667
 20
5.47
 10
257.673302
 20
5.47
 10
257.675001
 20
5.4683
 10
257.675001
 20
3.2517
 10
257.673302
 20
3.25
 10
257.565849
 20
3.2505
 10
257.565001
 20
5.4683
  0
LWPOLYLINE
  5
282
330
17
100
AcDbEntity
  8
VISTA
100
AcDbPolyline
 90
5
 70
1
 10
257.619951
 20
5.428526
 10
257.619125
 20
3.250646
 10
256.800455
 20
3.251474
 10
256.800833
 20
5.428975
 10
257.619951
 20
5.428526
  0
LWPOLYLINE
  5
283
330
17
100
AcDbEntity
  8
VISTA
100
AcDbPolyline
 90
5
 70
1
 10
253.026
 20
4.257
 10
253.025001
 20
3.33
 10
253.014001
 20
3.331
 10
253.014294
 20
4.257707
 10
253.026
 20
4.257
  0
LWPOLYLINE
  5
284
330
17
100
AcDbEntity
  8
VISTA
100
AcDbPolyline
 90
12
 70
1
 10
256.839462
 20
4.285414
 10
256.840876
 20
4.286
 10
256.97769
 20
4.286
 10
256.979103
 20
4.285414
 10
256.979689
 20
4.284
 10
256.979689
 20
4.256
 10
256.979103
 20
4.254586
 10
256.97769
 20
4.254
 10
256.840876
 20
4.254
 10
256.839462
 20
4.254586
 10
256.838877
 20
4.256
 10
256.839462
 20
4.285414
  0
LWPOLYLINE
  5
285
330
17
100
AcDbEntity
  8
VISTA
100
AcDbPolyline
 90
4
 70
1
 10
256.8408146440219
 20
4.285411084662133
 10
256.84063696954314
 20
4.285586329949239
 10
256.8398575681818
 20
4.285414
 10
256.8408146440219
 20
4.285411084662133
  0
LWPOLYLINE
  5
286
330
17
100
AcDbEntity
  8
VISTA
100
AcDbPolyline
 90
4
 70
1
 10
256.8408146440219
 20
4.254588915337867
 10
256.8398575681818
 20
4.254586
 10
256.84063696954314
 20
4.254413670050761
 10
256.8408146440219
 20
4.254588915337867
  0
LWPOLYLINE
  5
287
330
17
100
AcDbEntity
  8
VISTA
100
AcDbPolyline
 90
4
 70
1
 10
256.97792806255285
 20
4.2544136322907855
 10
256.97870841818184
 20
4.254586
 10
256.9783045830639
 20
4.254681950066802
 10
256.97792806255285
 20
4.2544136322907855
  0
LWPOLYLINE
  5
288
330
17
100
AcDbEntity
  8
VISTA
100
AcDbPolyline
 90
4
 70
1
 10
256.9783045830639
 20
4.285318049933198
 10
256.97870841818184
 20
4.285414
 10
256.97792806255285
 20
4.2855863677092145
 10
256.9783045830639
 20
4.285318049933198
  0
LWPOLYLINE
  5
289
330
17
100
AcDbEntity
  8
VISTA
100
AcDbPolyline
 90
5
 70
1
 10
252.992001
 20
3.283
 10
252.992001
 20
3.265
 10
252.982
 20
3.265
 10
252.982245
 20
3.283
 10
252.992001
 20
3.283
  0
LWPOLYLINE
  5
28A
330
17
100
AcDbEntity
  8
VISTA
100
AcDbPolyline
 90
5
 70
1
 10
253.058001
 20
3.283
 10
253.058001
 20
3.265
 10
253.048
 20
3.265
 10
253.048245
 20
3.283
 10
253.058001
 20
3.283
  0
LWPOLYLINE
  5
28B
330
17
100
AcDbEntity
  8
VISTA
100
AcDbPolyline
 90
8
 70
1
 10
259.365
 20
5.4683
 10
259.366699
 20
5.47
 10
259.473301
 20
5.47
 10
259.475
 20
5.4683
 10
259.475
 20
3.2517
 10
259.473301
 20
3.25
 10
259.365849
 20
3.2505
 10
259.365
 20
5.4683
  0
LWPOLYLINE
  5
28C
330
17
100
AcDbEntity
  8
VISTA
100
AcDbPolyline
 90
5
 70
1
 10
253.026
 20
4.257
 10
253.025001
 20
3.33
 10
253.014001
 20
3.331
 10
253.014294
 20
4.257707
 10
253.026
 20
4.257
  0
LWPOLYLINE
  5
28D
330
17
100
AcDbEntity
  8
VISTA
100
AcDbPolyline
 90
8
 70
1
 10
253.002501
 20
4.2983
 10
253.0042
 20
4.3
 10
253.035801
 20
4.3
 10
253.0375
 20
4.2983
 10
253.0375
 20
3.2517
 10
253.035801
 20
3.25
 10
253.003348
 20
3.2505
 10
253.002501
 20
4.2983
  0
LWPOLYLINE
  5
28E
330
17
100
AcDbEntity
  8
VISTA
100
AcDbPolyline
 90
8
 70
1
 10
253.0705
 20
3.266
 10
253.0725
 20
3.264
 10
253.0725
 20
3.256
 10
253.0705
 20
3.254
 10
252.969501
 20
3.254
 10
252.967501
 20
3.256
 10
252.968086
 20
3.265414
 10
253.0705
 20
3.266
  0
LWPOLYLINE
  5
28F
330
17
100
AcDbEntity
  8
VISTA
100
AcDbPolyline
 90
7
 70
1
 10
258.603306
 20
5.43
 10
259.417099
 20
5.43
 10
259.41995
 20
5.428526
 10
259.419125
 20
3.250646
 10
258.600454
 20
3.251474
 10
258.599808
 20
5.4265
 10
258.603306
 20
5.43
  0
LWPOLYLINE
  5
290
330
17
100
AcDbEntity
  8
VISTA
100
AcDbPolyline
 90
4
 70
1
 10
259.4177749284032
 20
5.428874195403814
 10
259.4175573918499
 20
5.428910869835561
 10
259.4175573918499
 20
5.42891086983556
 10
259.4177749284032
 20
5.428874195403814
  0
LWPOLYLINE
  5
291
330
17
100
AcDbEntity
  8
VISTA
100
AcDbPolyline
 90
11
 70
1
 10
259.431499
 20
5.47
 10
259.433975
 20
5.468975
 10
259.434999
 20
5.4665
 10
259.434999
 20
3.2535
 10
259.433975
 20
3.251025
 10
259.431499
 20
3.25
 10
259.408501
 20
3.25
 10
259.406025
 20
3.251025
 10
259.40500099999997
 20
3.2535
 10
259.406025
 20
5.468975
 10
259.431499
 20
5.47
  0
LWPOLYLINE
  5
292
330
17
100
AcDbEntity
  8
VISTA
100
AcDbPolyline
 90
4
 70
1
 10
259.406746
 20
5.468254
 10
259.406746
 20
5.46897
 10
259.406031
 20
5.468254
 10
259.406746
 20
5.468254
  0
LWPOLYLINE
  5
293
330
17
100
AcDbEntity
  8
VISTA
100
AcDbPolyline
 90
4
 70
1
 10
259.406288
 20
3.251288
 10
259.406746
 20
3.25103
 10
259.406746
 20
3.251747
 10
259.406288
 20
3.251288
  0
LWPOLYLINE
  5
294
330
17
100
AcDbEntity
  8
VISTA
100
AcDbPolyline
 90
4
 70
1
 10
259.433969
 20
5.468254
 10
259.433254
 20
5.46897
 10
259.433254
 20
5.468254
 10
259.433969
 20
5.468254
  0
LWPOLYLINE
  5
295
330
17
100
AcDbEntity
  8
VISTA
100
AcDbPolyline
 90
4
 70
1
 10
259.433254
 20
3.25103
 10
259.433969
 20
3.251747
 10
259.433254
 20
3.251747
 10
259.433254
 20
3.25103
  0
LWPOLYLINE
  5
296
330
17
100
AcDbEntity
  8
VISTA
100
AcDbPolyline
 90
5
 70
1
 10
252.992001
 20
3.283
 10
252.992001
 20
3.265
 10
252.982
 20
3.265
 10
252.982245
 20
3.283
 10
252.992001
 20
3.283
  0
LWPOLYLINE
  5
297
330
17
100
AcDbEntity
  8
VISTA
100
AcDbPolyline
 90
5
 70
1
 10
253.058001
 20
3.283
 10
253.058001
 20
3.265
 10
253.048
 20
3.265
 10
253.048245
 20
3.283
 10
253.058001
 20
3.283
  0
LWPOLYLINE
  5
298
330
17
100
AcDbEntity
  8
VISTA
100
AcDbPolyline
 90
12
 70
1
 10
258.639463
 20
4.285414
 10
258.640877
 20
4.286
 10
258.777691
 20
4.286
 10
258.779104
 20
4.285414
 10
258.77969
 20
4.284
 10
258.77969
 20
4.256
 10
258.779104
 20
4.254586
 10
258.777691
 20
4.254
 10
258.640877
 20
4.254
 10
258.639463
 20
4.254586
 10
258.638878
 20
4.256
 10
258.639463
 20
4.285414
  0
LWPOLYLINE
  5
299
330
17
100
AcDbEntity
  8
VISTA
100
AcDbPolyline
 90
4
 70
1
 10
258.6408156440219
 20
4.285411084662133
 10
258.6406380955199
 20
4.285586181741335
 10
258.6398585818182
 20
4.285414
 10
258.6408156440219
 20
4.285411084662133
  0
LWPOLYLINE
  5
29A
330
17
100
AcDbEntity
  8
VISTA
100
AcDbPolyline
 90
4
 70
1
 10
258.6408156440219
 20
4.254588915337867
 10
258.6398585818182
 20
4.254586
 10
258.6406380955199
 20
4.254413818258665
 10
258.6408156440219
 20
4.254588915337867
  0
LWPOLYLINE
  5
29B
330
17
100
AcDbEntity
  8
VISTA
100
AcDbPolyline
 90
4
 70
1
 10
258.77792923350256
 20
4.254413670050761
 10
258.7787094181818
 20
4.254586
 10
258.7783055830639
 20
4.254681950066802
 10
258.77792923350256
 20
4.254413670050761
  0
LWPOLYLINE
  5
29C
330
17
100
AcDbEntity
  8
VISTA
100
AcDbPolyline
 90
4
 70
1
 10
258.7783055830639
 20
4.285318049933198
 10
258.7787094181818
 20
4.285414
 10
258.77792923350256
 20
4.285586329949239
 10
258.7783055830639
 20
4.285318049933198
  0
LWPOLYLINE
  5
29D
330
17
100
AcDbEntity
  8
VISTA
100
AcDbPolyline
 90
5
 70
1
 10
253.026
 20
4.257
 10
253.025001
 20
3.33
 10
253.014001
 20
3.331
 10
253.014294
 20
4.257707
 10
253.026
 20
4.257
  0
LWPOLYLINE
  5
29E
330
17
100
AcDbEntity
  8
VISTA
100
AcDbPolyline
 90
5
 70
1
 10
253.026
 20
4.257
 10
253.025001
 20
3.33
 10
253.014001
 20
3.331
 10
253.014294
 20
4.257707
 10
253.026
 20
4.257
  0
LWPOLYLINE
  5
29F
330
17
100
AcDbEntity
  8
VISTA
100
AcDbPolyline
 90
9
 70
1
 10
254.212
 20
7.134429
 10
261.788
 20
7.134429
 10
261.790001
 20
7.132428
 10
261.790001
 20
7.081429
 10
261.788
 20
7.079428
 10
254.212
 20
7.079428
 10
254.21
 20
7.081429
 10
254.21
 20
7.132428
 10
254.212
 20
7.134429
  0
LWPOLYLINE
  5
2A0
330
17
100
AcDbEntity
  8
VISTA
100
AcDbPolyline
 90
5
 70
1
 10
253.026
 20
4.257
 10
253.025001
 20
3.33
 10
253.014001
 20
3.331
 10
253.014294
 20
4.257707
 10
253.026
 20
4.257
  0
LWPOLYLINE
  5
2A1
330
17
100
AcDbEntity
  8
VISTA
100
AcDbPolyline
 90
9
 70
1
 10
257.550001
 20
5.9455
 10
257.554501
 20
5.95
 10
257.685501
 20
5.95
 10
257.690001
 20
5.9455
 10
257.690001
 20
5.4345
 10
257.685501
 20
5.43
 10
257.554501
 20
5.43
 10
257.550001
 20
5.4345
 10
257.550001
 20
5.9455
  0
LWPOLYLINE
  5
2A2
330
17
100
AcDbEntity
  8
VISTA
100
AcDbPolyline
 90
5
 70
1
 10
257.565716
 20
5.484686
 10
257.674686
 20
5.484284
 10
257.674286
 20
5.445314
 10
257.565849
 20
5.4455
 10
257.565716
 20
5.484686
  0
LWPOLYLINE
  5
2A3
330
17
100
AcDbEntity
  8
VISTA
100
AcDbPolyline
 90
5
 70
1
 10
253.026
 20
4.257
 10
253.025001
 20
3.33
 10
253.014001
 20
3.331
 10
253.014294
 20
4.257707
 10
253.026
 20
4.257
  0
LWPOLYLINE
  5
2A4
330
17
100
AcDbEntity
  8
VISTA
100
AcDbPolyline
 90
9
 70
1
 10
259.35
 20
5.9455
 10
259.35450000000003
 20
5.95
 10
259.4855
 20
5.95
 10
259.49
 20
5.9455
 10
259.49
 20
5.4345
 10
259.4855
 20
5.43
 10
259.35450000000003
 20
5.43
 10
259.35
 20
5.4345
 10
259.35
 20
5.9455
  0
LWPOLYLINE
  5
2A5
330
17
100
AcDbEntity
  8
VISTA
100
AcDbPolyline
 90
5
 70
1
 10
259.365715
 20
5.484686
 10
259.474686
 20
5.484284
 10
259.474285
 20
5.445314
 10
259.365849
 20
5.4455
 10
259.365715
 20
5.484686
  0
LWPOLYLINE
  5
2A6
330
17
100
AcDbEntity
  8
VISTA
100
AcDbPolyline
 90
8
 70
1
 10
259.431499
 20
5.495
 10
259.434355
 20
5.493526
 10
259.434999
 20
5.4485
 10
259.433527
 20
5.445646
 10
259.408501
 20
5.445
 10
259.405645
 20
5.446474
 10
259.406025
 20
5.493975
 10
259.431499
 20
5.495
  0
LWPOLYLINE
  5
2A7
330
17
100
AcDbEntity
  8
VISTA
100
AcDbPolyline
 90
4
 70
1
 10
259.406746
 20
5.493253
 10
259.406746
 20
5.493969
 10
259.406031
 20
5.493253
 10
259.406746
 20
5.493253
  0
LWPOLYLINE
  5
2A8
330
17
100
AcDbEntity
  8
VISTA
100
AcDbPolyline
 90
4
 70
1
 10
259.406288
 20
5.446288
 10
259.406746
 20
5.44603
 10
259.406746
 20
5.446746
 10
259.406288
 20
5.446288
  0
LWPOLYLINE
  5
2A9
330
17
100
AcDbEntity
  8
VISTA
100
AcDbPolyline
 90
4
 70
1
 10
259.433969
 20
5.493253
 10
259.433254
 20
5.493969
 10
259.433254
 20
5.493253
 10
259.433969
 20
5.493253
  0
LWPOLYLINE
  5
2AA
330
17
100
AcDbEntity
  8
VISTA
100
AcDbPolyline
 90
4
 70
1
 10
259.433254
 20
5.44603
 10
259.433969
 20
5.446746
 10
259.433254
 20
5.446746
 10
259.433254
 20
5.44603
  0
LWPOLYLINE
  5
2AB
330
17
100
AcDbEntity
  8
VISTA
100
AcDbPolyline
 90
5
 70
1
 10
253.9675
 20
5.92
 10
253.976501
 20
5.92
 10
253.976501
 20
3.84
 10
253.9675
 20
3.84
 10
253.9675
 20
5.92
  0
LWPOLYLINE
  5
2AC
330
17
100
AcDbEntity
  8
VISTA
100
AcDbPolyline
 90
5
 70
1
 10
253.9675
 20
5.89856
 10
254.0025
 20
5.89856
 10
254.0025
 20
5.87256
 10
253.9675
 20
5.87256
 10
253.9675
 20
5.89856
  0
LWPOLYLINE
  5
2AD
330
17
100
AcDbEntity
  8
VISTA
100
AcDbPolyline
 90
5
 70
1
 10
253.9675
 20
3.88744
 10
254.0025
 20
3.88744
 10
254.0025
 20
3.86144
 10
253.9675
 20
3.86144
 10
253.9675
 20
3.88744
  0
LWPOLYLINE
  5
2AE
330
17
100
AcDbEntity
  8
VISTA
100
AcDbPolyline
 90
5
 70
1
 10
253.9935
 20
5.91688
 10
254.002501
 20
5.91688
 10
254.002501
 20
3.84312
 10
253.9935
 20
3.84312
 10
253.9935
 20
5.91688
  0
LWPOLYLINE
  5
2AF
330
17
100
AcDbEntity
  8
VISTA
100
AcDbPolyline
 90
9
 70
1
 10
253.926499
 20
5.961
 10
254.045815
 20
5.960262
 10
254.0475
 20
5.957
 10
254.046762
 20
5.880684
 10
254.0435
 20
5.879
 10
253.924184
 20
5.879738
 10
253.9225
 20
5.883
 10
253.923238
 20
5.959316
 10
253.926499
 20
5.961
  0
LWPOLYLINE
  5
2B0
330
17
100
AcDbEntity
  8
VISTA
100
AcDbPolyline
 90
4
 70
1
 10
253.924191
 20
5.95931
 10
253.924705
 20
5.959528
 10
253.923972
 20
5.959528
 10
253.924191
 20
5.95931
  0
LWPOLYLINE
  5
2B1
330
17
100
AcDbEntity
  8
VISTA
100
AcDbPolyline
 90
4
 70
1
 10
253.924191
 20
5.880691
 10
253.923972
 20
5.881206
 10
253.923972
 20
5.880472
 10
253.924191
 20
5.880691
  0
LWPOLYLINE
  5
2B2
330
17
100
AcDbEntity
  8
VISTA
100
AcDbPolyline
 90
4
 70
1
 10
254.045809
 20
5.880691
 10
254.045295
 20
5.880472
 10
254.046027
 20
5.880472
 10
254.045809
 20
5.880691
  0
LWPOLYLINE
  5
2B3
330
17
100
AcDbEntity
  8
VISTA
100
AcDbPolyline
 90
4
 70
1
 10
254.046027
 20
5.959528
 10
254.045295
 20
5.959528
 10
254.045809
 20
5.95931
 10
254.046027
 20
5.959528
  0
LWPOLYLINE
  5
2B4
330
17
100
AcDbEntity
  8
VISTA
100
AcDbPolyline
 90
9
 70
1
 10
253.926499
 20
3.881
 10
254.045815
 20
3.880261
 10
254.0475
 20
3.877
 10
254.046762
 20
3.800684
 10
254.0435
 20
3.799
 10
253.924184
 20
3.799738
 10
253.9225
 20
3.803
 10
253.923238
 20
3.879316
 10
253.926499
 20
3.881
  0
LWPOLYLINE
  5
2B5
330
17
100
AcDbEntity
  8
VISTA
100
AcDbPolyline
 90
4
 70
1
 10
253.924191
 20
3.879309
 10
253.924705
 20
3.879528
 10
253.923972
 20
3.879528
 10
253.924191
 20
3.879309
  0
LWPOLYLINE
  5
2B6
330
17
100
AcDbEntity
  8
VISTA
100
AcDbPolyline
 90
4
 70
1
 10
253.924191
 20
3.80069
 10
253.923972
 20
3.801205
 10
253.923972
 20
3.800472
 10
253.924191
 20
3.80069
  0
LWPOLYLINE
  5
2B7
330
17
100
AcDbEntity
  8
VISTA
100
AcDbPolyline
 90
4
 70
1
 10
254.045809
 20
3.80069
 10
254.045295
 20
3.800472
 10
254.046027
 20
3.800472
 10
254.045809
 20
3.80069
  0
LWPOLYLINE
  5
2B8
330
17
100
AcDbEntity
  8
VISTA
100
AcDbPolyline
 90
4
 70
1
 10
254.046027
 20
3.879528
 10
254.045295
 20
3.879528
 10
254.045809
 20
3.879309
 10
254.046027
 20
3.879528
  0
LWPOLYLINE
  5
2B9
330
17
100
AcDbEntity
  8
VISTA
100
AcDbPolyline
 90
13
 70
1
 10
253.913
 20
3.8015
 10
253.914758
 20
3.805743
 10
253.919001
 20
3.8075
 10
254.087
 20
3.8075
 10
254.091243
 20
3.805743
 10
254.093
 20
3.8015
 10
254.093
 20
3.7685
 10
254.091243
 20
3.764257
 10
254.087
 20
3.7625
 10
253.919001
 20
3.7625
 10
253.914758
 20
3.764257
 10
253.913
 20
3.7685
 10
253.913
 20
3.8015
  0
LWPOLYLINE
  5
2BA
330
17
100
AcDbEntity
  8
VISTA
100
AcDbPolyline
 90
5
 70
1
 10
253.889999
 20
5.82
 10
253.92
 20
5.82
 10
253.92
 20
5.72
 10
253.889999
 20
5.72
 10
253.889999
 20
5.82
  0
LWPOLYLINE
  5
2BB
330
17
100
AcDbEntity
  8
VISTA
100
AcDbPolyline
 90
5
 70
1
 10
253.889999
 20
4.07
 10
253.92
 20
4.07
 10
253.92
 20
3.99
 10
253.889999
 20
3.99
 10
253.889999
 20
4.07
  0
LWPOLYLINE
  5
2BC
330
17
100
AcDbEntity
  8
VISTA
100
AcDbPolyline
 90
9
 70
1
 10
254.0
 20
4.2355
 10
254.0045
 20
4.24
 10
254.1955
 20
4.24
 10
254.200001
 20
4.2355
 10
254.200001
 20
3.2045
 10
254.1955
 20
3.2
 10
254.0045
 20
3.2
 10
254.0
 20
3.2045
 10
254.0
 20
4.2355
  0
LWPOLYLINE
  5
2BD
330
17
100
AcDbEntity
  8
VISTA
100
AcDbPolyline
 90
9
 70
1
 10
254.0
 20
6.3955
 10
254.0045
 20
6.4
 10
254.1955
 20
6.4
 10
254.200001
 20
6.3955
 10
254.200001
 20
5.6445
 10
254.1955
 20
5.64
 10
254.0045
 20
5.64
 10
254.0
 20
5.6445
 10
254.0
 20
6.3955
  0
LWPOLYLINE
  5
2BE
330
17
100
AcDbEntity
  8
VISTA
100
AcDbPolyline
 90
5
 70
1
 10
253.026
 20
4.257
 10
253.025001
 20
3.33
 10
253.014001
 20
3.331
 10
253.014294
 20
4.257707
 10
253.026
 20
4.257
  0
LWPOLYLINE
  5
2BF
330
17
100
AcDbEntity
  8
VISTA
100
AcDbPolyline
 90
31
 70
1
 10
261.3449
 20
2.814746
 10
261.360312
 20
2.847124
 10
261.38761728040055
 20
2.87647590895134
 10
261.345451
 20
2.937584
 10
261.34
 20
2.95
 10
261.34
 20
8.7
 10
261.66
 20
8.7
 10
261.66
 20
2.95
 10
261.654549
 20
2.937584
 10
261.638563
 20
2.926014
 10
261.61302859563506
 20
2.913483699340804
 10
261.611433
 20
2.874928
 10
261.637337
 20
2.847124
 10
261.653883
 20
2.814746
 10
261.659941
 20
2.78
 10
261.649974005503
 20
2.707927239306188
 10
261.65
 20
2.65
 10
261.644548
 20
2.608589
 10
261.628563
 20
2.57
 10
261.603136
 20
2.536863
 10
261.57
 20
2.511436
 10
261.53141
 20
2.495452
 10
261.49
 20
2.49
 10
261.44858899999997
 20
2.495452
 10
261.41
 20
2.511436
 10
261.376863
 20
2.536863
 10
261.351437
 20
2.57
 10
261.335451
 20
2.608589
 10
261.33
 20
2.65
 10
261.330029
 20
2.71
 10
261.3449
 20
2.814746
  0
LWPOLYLINE
  5
2C0
330
17
100
AcDbEntity
  8
VISTA
100
AcDbPolyline
 90
4
 70
1
 10
261.3354521187138
 20
2.608589299719012
 10
261.3354521187138
 20
2.6085892997190125
 10
261.335451
 20
2.608589
 10
261.3354521187138
 20
2.608589299719012
  0
LWPOLYLINE
  5
2C1
330
17
100
AcDbEntity
  8
VISTA
100
AcDbPolyline
 90
4
 70
1
 10
261.57853101930436
 20
2.721794688679242
 10
261.57853101930436
 20
2.721794688679271
 10
261.57853101930436
 20
2.7217946886792523
 10
261.57853101930436
 20
2.721794688679242
  0
LWPOLYLINE
  5
2C2
330
17
100
AcDbEntity
  8
VISTA
100
AcDbPolyline
 90
11
 70
1
 10
261.41700000000003
 20
2.77643
 10
261.386763
 20
2.75323
 10
261.36893241409933
 20
2.72999560079705
 10
261.37468
 20
2.718749
 10
261.398317
 20
2.693378
 10
261.428885
 20
2.673911
 10
261.464298
 20
2.661673
 10
261.502146
 20
2.657498
 10
261.53612183859815
 20
2.661260576290378
 10
261.4478381421051
 20
2.7892028114640692
 10
261.41700000000003
 20
2.77643
  0
LWPOLYLINE
  5
2C3
330
17
100
AcDbEntity
  8
VISTA
100
AcDbPolyline
 90
4
 70
1
 10
261.37247276572054
 20
2.702346710079727
 10
261.37247276572054
 20
2.7023467100797256
 10
261.37468
 20
2.718749
 10
261.37247276572054
 20
2.702346710079727
  0
LWPOLYLINE
  5
2C4
330
17
100
AcDbEntity
  8
VISTA
100
AcDbPolyline
 90
4
 70
1
 10
261.3482512196617
 20
2.6177030380829094
 10
261.34825171437296
 20
2.61770184407287
 10
261.34825171437296
 20
2.617701844072874
 10
261.3482512196617
 20
2.6177030380829094
  0
LWPOLYLINE
  5
2C5
330
17
100
AcDbEntity
  8
VISTA
100
AcDbPolyline
 90
5
 70
1
 10
253.026
 20
4.257
 10
253.025001
 20
3.33
 10
253.014001
 20
3.331
 10
253.014294
 20
4.257707
 10
253.026
 20
4.257
  0
LWPOLYLINE
  5
2C6
330
17
100
AcDbEntity
  8
VISTA
100
AcDbPolyline
 90
9
 70
1
 10
257.66
 20
5.9505
 10
257.664501
 20
5.955
 10
259.3755
 20
5.955
 10
259.380001
 20
5.9505
 10
259.380001
 20
5.9295
 10
259.3755
 20
5.925
 10
257.664501
 20
5.925
 10
257.66
 20
5.9295
 10
257.66
 20
5.9505
  0
LWPOLYLINE
  5
2C7
330
17
100
AcDbEntity
  8
VISTA
100
AcDbPolyline
 90
5
 70
1
 10
261.775
 20
5.918
 10
261.775
 20
5.9
 10
259.525
 20
5.9
 10
259.525
 20
5.918
 10
261.775
 20
5.918
  0
LWPOLYLINE
  5
2C8
330
17
100
AcDbEntity
  8
VISTA
100
AcDbPolyline
 90
5
 70
1
 10
253.026
 20
4.257
 10
253.025001
 20
3.33
 10
253.014001
 20
3.331
 10
253.014294
 20
4.257707
 10
253.026
 20
4.257
  0
LWPOLYLINE
  5
2C9
330
17
100
AcDbEntity
  8
VISTA
100
AcDbPolyline
 90
8
 70
1
 10
257.565001
 20
5.4683
 10
257.5667
 20
5.47
 10
257.673302
 20
5.47
 10
257.675001
 20
5.4683
 10
257.675001
 20
3.2517
 10
257.673302
 20
3.25
 10
257.565849
 20
3.2505
 10
257.565001
 20
5.4683
  0
LWPOLYLINE
  5
2CA
330
17
100
AcDbEntity
  8
VISTA
100
AcDbPolyline
 90
5
 70
1
 10
253.026
 20
4.257
 10
253.025001
 20
3.33
 10
253.014001
 20
3.331
 10
253.014294
 20
4.257707
 10
253.026
 20
4.257
  0
LWPOLYLINE
  5
2CB
330
17
100
AcDbEntity
  8
VISTA
100
AcDbPolyline
 90
8
 70
1
 10
257.657001
 20
5.47
 10
257.660002
 20
5.467
 10
257.660002
 20
3.253
 10
257.657001
 20
3.25
 10
257.58299999999997
 20
3.25
 10
257.58
 20
3.253
 10
257.580879
 20
5.469121
 10
257.657001
 20
5.47
  0
LWPOLYLINE
  5
2CC
330
17
100
AcDbEntity
  8
VISTA
100
AcDbPolyline
 90
11
 70
1
 10
259.431499
 20
5.47
 10
259.433975
 20
5.468975
 10
259.434999
 20
5.4665
 10
259.434999
 20
3.2535
 10
259.433975
 20
3.251025
 10
259.431499
 20
3.25
 10
259.408501
 20
3.25
 10
259.406025
 20
3.251025
 10
259.40500099999997
 20
3.2535
 10
259.406025
 20
5.468975
 10
259.431499
 20
5.47
  0
LWPOLYLINE
  5
2CD
330
17
100
AcDbEntity
  8
VISTA
100
AcDbPolyline
 90
4
 70
1
 10
259.406746
 20
5.468254
 10
259.406746
 20
5.46897
 10
259.406031
 20
5.468254
 10
259.406746
 20
5.468254
  0
LWPOLYLINE
  5
2CE
330
17
100
AcDbEntity
  8
VISTA
100
AcDbPolyline
 90
4
 70
1
 10
259.406288
 20
3.251288
 10
259.406746
 20
3.25103
 10
259.406746
 20
3.251747
 10
259.406288
 20
3.251288
  0
LWPOLYLINE
  5
2CF
330
17
100
AcDbEntity
  8
VISTA
100
AcDbPolyline
 90
4
 70
1
 10
259.433969
 20
5.468254
 10
259.433254
 20
5.46897
 10
259.433254
 20
5.468254
 10
259.433969
 20
5.468254
  0
LWPOLYLINE
  5
2D0
330
17
100
AcDbEntity
  8
VISTA
100
AcDbPolyline
 90
4
 70
1
 10
259.433254
 20
3.25103
 10
259.433969
 20
3.251747
 10
259.433254
 20
3.251747
 10
259.433254
 20
3.25103
  0
LWPOLYLINE
  5
2D1
330
17
100
AcDbEntity
  8
VISTA
100
AcDbPolyline
 90
8
 70
1
 10
259.365
 20
5.4683
 10
259.366699
 20
5.47
 10
259.473301
 20
5.47
 10
259.475
 20
5.4683
 10
259.475
 20
3.2517
 10
259.473301
 20
3.25
 10
259.365849
 20
3.2505
 10
259.365
 20
5.4683
  0
LWPOLYLINE
  5
2D2
330
17
100
AcDbEntity
  8
VISTA
100
AcDbPolyline
 90
5
 70
1
 10
253.026
 20
4.257
 10
253.025001
 20
3.33
 10
253.014001
 20
3.331
 10
253.014294
 20
4.257707
 10
253.026
 20
4.257
  0
LWPOLYLINE
  5
2D3
330
17
100
AcDbEntity
  8
VISTA
100
AcDbPolyline
 90
5
 70
1
 10
252.992001
 20
3.283
 10
252.992001
 20
3.265
 10
252.982
 20
3.265
 10
252.982245
 20
3.283
 10
252.992001
 20
3.283
  0
LWPOLYLINE
  5
2D4
330
17
100
AcDbEntity
  8
VISTA
100
AcDbPolyline
 90
5
 70
1
 10
253.058001
 20
3.283
 10
253.058001
 20
3.265
 10
253.048
 20
3.265
 10
253.048245
 20
3.283
 10
253.058001
 20
3.283
  0
LWPOLYLINE
  5
2D5
330
17
100
AcDbEntity
  8
VISTA
100
AcDbPolyline
 90
8
 70
1
 10
253.002501
 20
4.2983
 10
253.0042
 20
4.3
 10
253.035801
 20
4.3
 10
253.0375
 20
4.2983
 10
253.0375
 20
3.2517
 10
253.035801
 20
3.25
 10
253.003348
 20
3.2505
 10
253.002501
 20
4.2983
  0
LWPOLYLINE
  5
2D6
330
17
100
AcDbEntity
  8
VISTA
100
AcDbPolyline
 90
5
 70
1
 10
253.026
 20
4.257
 10
253.025001
 20
3.33
 10
253.014001
 20
3.331
 10
253.014294
 20
4.257707
 10
253.026
 20
4.257
  0
LWPOLYLINE
  5
2D7
330
17
100
AcDbEntity
  8
VISTA
100
AcDbPolyline
 90
8
 70
1
 10
253.0705
 20
3.266
 10
253.0725
 20
3.264
 10
253.0725
 20
3.256
 10
253.0705
 20
3.254
 10
252.969501
 20
3.254
 10
252.967501
 20
3.256
 10
252.968086
 20
3.265414
 10
253.0705
 20
3.266
  0
LWPOLYLINE
  5
2D8
330
17
100
AcDbEntity
  8
VISTA
100
AcDbPolyline
 90
9
 70
1
 10
254.212
 20
7.283714
 10
261.788
 20
7.283714
 10
261.790001
 20
7.281714
 10
261.790001
 20
7.230714
 10
261.788
 20
7.228714
 10
254.212
 20
7.228714
 10
254.21
 20
7.230714
 10
254.21
 20
7.281714
 10
254.212
 20
7.283714
  0
LWPOLYLINE
  5
2D9
330
17
100
AcDbEntity
  8
VISTA
100
AcDbPolyline
 90
5
 70
1
 10
252.992001
 20
3.283
 10
252.992001
 20
3.265
 10
252.982
 20
3.265
 10
252.982245
 20
3.283
 10
252.992001
 20
3.283
  0
LWPOLYLINE
  5
2DA
330
17
100
AcDbEntity
  8
VISTA
100
AcDbPolyline
 90
5
 70
1
 10
253.058001
 20
3.283
 10
253.058001
 20
3.265
 10
253.048
 20
3.265
 10
253.048245
 20
3.283
 10
253.058001
 20
3.283
  0
LWPOLYLINE
  5
2DB
330
17
100
AcDbEntity
  8
VISTA
100
AcDbPolyline
 90
5
 70
1
 10
253.026
 20
4.257
 10
253.025001
 20
3.33
 10
253.014001
 20
3.331
 10
253.014294
 20
4.257707
 10
253.026
 20
4.257
  0
LWPOLYLINE
  5
2DC
330
17
100
AcDbEntity
  8
VISTA
100
AcDbPolyline
 90
4
 70
1
 10
261.649557
 20
-0.320001
 10
261.6497229340429
 20
-0.35
 10
256.28625955911025
 20
-0.35
 10
261.649557
 20
-0.320001
  0
LWPOLYLINE
  5
2DD
330
17
100
AcDbEntity
  8
VISTA
100
AcDbPolyline
 90
5
 70
1
 10
253.026
 20
4.257
 10
253.025001
 20
3.33
 10
253.014001
 20
3.331
 10
253.014294
 20
4.257707
 10
253.026
 20
4.257
  0
LWPOLYLINE
  5
2DE
330
17
100
AcDbEntity
  8
VISTA
100
AcDbPolyline
 90
5
 70
1
 10
253.9675
 20
5.92
 10
254.0025
 20
5.92
 10
254.0025
 20
3.84
 10
253.9675
 20
3.84
 10
253.9675
 20
5.92
  0
LWPOLYLINE
  5
2DF
330
17
100
AcDbEntity
  8
VISTA
100
AcDbPolyline
 90
5
 70
1
 10
253.889999
 20
5.78
 10
253.92
 20
5.78
 10
253.92
 20
4.02
 10
253.889999
 20
4.02
 10
253.889999
 20
5.78
  0
LWPOLYLINE
  5
2E0
330
17
100
AcDbEntity
  8
VISTA
100
AcDbPolyline
 90
12
 70
1
 10
253.926499
 20
5.92
 10
254.0435
 20
5.92
 10
254.04632900000001
 20
5.918828
 10
254.0475
 20
5.916
 10
254.0475
 20
3.844
 10
254.04632900000001
 20
3.841172
 10
254.0435
 20
3.84
 10
253.926499
 20
3.84
 10
253.923671
 20
3.841172
 10
253.9225
 20
3.844
 10
253.923238
 20
5.918316
 10
253.926499
 20
5.92
  0
LWPOLYLINE
  5
2E1
330
17
100
AcDbEntity
  8
VISTA
100
AcDbPolyline
 90
4
 70
1
 10
253.924191
 20
5.918309
 10
253.924705
 20
5.918528
 10
253.923972
 20
5.918528
 10
253.924191
 20
5.918309
  0
LWPOLYLINE
  5
2E2
330
17
100
AcDbEntity
  8
VISTA
100
AcDbPolyline
 90
4
 70
1
 10
253.924191
 20
3.841691
 10
253.923972
 20
3.842206
 10
253.923972
 20
3.841472
 10
253.924191
 20
3.841691
  0
LWPOLYLINE
  5
2E3
330
17
100
AcDbEntity
  8
VISTA
100
AcDbPolyline
 90
4
 70
1
 10
254.045809
 20
3.841691
 10
254.045295
 20
3.841472
 10
254.046027
 20
3.841472
 10
254.045809
 20
3.841691
  0
LWPOLYLINE
  5
2E4
330
17
100
AcDbEntity
  8
VISTA
100
AcDbPolyline
 90
4
 70
1
 10
254.046027
 20
5.918528
 10
254.045295
 20
5.918528
 10
254.045809
 20
5.918309
 10
254.046027
 20
5.918528
  0
LWPOLYLINE
  5
2E5
330
17
100
AcDbEntity
  8
VISTA
100
AcDbPolyline
 90
5
 70
1
 10
253.026
 20
4.257
 10
253.025001
 20
3.33
 10
253.014001
 20
3.331
 10
253.014294
 20
4.257707
 10
253.026
 20
4.257
  0
LWPOLYLINE
  5
2E6
330
17
100
AcDbEntity
  8
VISTA
100
AcDbPolyline
 90
9
 70
1
 10
257.550001
 20
5.9455
 10
257.554501
 20
5.95
 10
257.685501
 20
5.95
 10
257.690001
 20
5.9455
 10
257.690001
 20
3.2045
 10
257.685501
 20
3.2
 10
257.554501
 20
3.2
 10
257.550001
 20
3.2045
 10
257.550001
 20
5.9455
  0
LWPOLYLINE
  5
2E7
330
17
100
AcDbEntity
  8
VISTA
100
AcDbPolyline
 90
9
 70
1
 10
259.35
 20
5.9455
 10
259.35450000000003
 20
5.95
 10
259.4855
 20
5.95
 10
259.49
 20
5.9455
 10
259.49
 20
3.2045
 10
259.4855
 20
3.2
 10
259.35450000000003
 20
3.2
 10
259.35
 20
3.2045
 10
259.35
 20
5.9455
  0
LWPOLYLINE
  5
2E8
330
17
100
AcDbEntity
  8
VISTA
100
AcDbPolyline
 90
5
 70
1
 10
253.026
 20
4.257
 10
253.025001
 20
3.33
 10
253.014001
 20
3.331
 10
253.014294
 20
4.257707
 10
253.026
 20
4.257
  0
LWPOLYLINE
  5
2E9
330
17
100
AcDbEntity
  8
VISTA
100
AcDbPolyline
 90
5
 70
1
 10
253.026
 20
4.257
 10
253.025001
 20
3.33
 10
253.014001
 20
3.331
 10
253.014294
 20
4.257707
 10
253.026
 20
4.257
  0
LWPOLYLINE
  5
2EA
330
17
100
AcDbEntity
  8
VISTA
100
AcDbPolyline
 90
5
 70
1
 10
253.026
 20
4.257
 10
253.025001
 20
3.33
 10
253.014001
 20
3.331
 10
253.014294
 20
4.257707
 10
253.026
 20
4.257
  0
LWPOLYLINE
  5
2EB
330
17
100
AcDbEntity
  8
VISTA
100
AcDbPolyline
 90
5
 70
1
 10
253.026
 20
4.257
 10
253.025001
 20
3.33
 10
253.014001
 20
3.331
 10
253.014294
 20
4.257707
 10
253.026
 20
4.257
  0
LWPOLYLINE
  5
2EC
330
17
100
AcDbEntity
  8
VISTA
100
AcDbPolyline
 90
5
 70
1
 10
256.031708
 20
2.56655
 10
257.168289
 20
2.56655
 10
257.168289
 20
0.27345
 10
256.031708
 20
0.27345
 10
256.031708
 20
2.56655
  0
LWPOLYLINE
  5
2ED
330
17
100
AcDbEntity
  8
VISTA
100
AcDbPolyline
 90
5
 70
1
 10
258.831711
 20
2.56655
 10
259.968292
 20
2.56655
 10
259.968292
 20
0.27345
 10
258.831711
 20
0.27345
 10
258.831711
 20
2.56655
  0
LWPOLYLINE
  5
2EE
330
17
100
AcDbEntity
  8
VISTA
100
AcDbPolyline
 90
12
 70
1
 10
255.951999
 20
2.611
 10
257.247999
 20
2.611
 10
257.250828
 20
2.609828
 10
257.251999
 20
2.607
 10
257.251999
 20
2.533
 10
257.250828
 20
2.530171
 10
257.247999
 20
2.529
 10
255.951999
 20
2.529
 10
255.94917
 20
2.530171
 10
255.947998
 20
2.533
 10
255.948737
 20
2.609316
 10
255.951999
 20
2.611
  0
LWPOLYLINE
  5
2EF
330
17
100
AcDbEntity
  8
VISTA
100
AcDbPolyline
 90
4
 70
1
 10
255.949689
 20
2.609309
 10
255.95020399999999
 20
2.609528
 10
255.949471
 20
2.609528
 10
255.949689
 20
2.609309
  0
LWPOLYLINE
  5
2F0
330
17
100
AcDbEntity
  8
VISTA
100
AcDbPolyline
 90
4
 70
1
 10
255.949689
 20
2.53069
 10
255.949471
 20
2.531205
 10
255.949471
 20
2.530472
 10
255.949689
 20
2.53069
  0
LWPOLYLINE
  5
2F1
330
17
100
AcDbEntity
  8
VISTA
100
AcDbPolyline
 90
4
 70
1
 10
255.94917319375332
 20
2.608066713606537
 10
255.94917319375332
 20
2.6080667136065347
 10
255.94917319375332
 20
2.6080667136065325
 10
255.94917319375332
 20
2.608066713606537
  0
LWPOLYLINE
  5
2F2
330
17
100
AcDbEntity
  8
VISTA
100
AcDbPolyline
 90
4
 70
1
 10
257.250307
 20
2.53069
 10
257.249794
 20
2.530472
 10
257.250526
 20
2.530472
 10
257.250307
 20
2.53069
  0
LWPOLYLINE
  5
2F3
330
17
100
AcDbEntity
  8
VISTA
100
AcDbPolyline
 90
4
 70
1
 10
257.250526
 20
2.609528
 10
257.249794
 20
2.609528
 10
257.250307
 20
2.609309
 10
257.250526
 20
2.609528
  0
LWPOLYLINE
  5
2F4
330
17
100
AcDbEntity
  8
VISTA
100
AcDbPolyline
 90
12
 70
1
 10
255.951999
 20
0.311
 10
257.247999
 20
0.311
 10
257.250828
 20
0.309828
 10
257.251999
 20
0.307
 10
257.251999
 20
0.233
 10
257.250828
 20
0.230172
 10
257.247999
 20
0.229
 10
255.951999
 20
0.229
 10
255.94917
 20
0.230172
 10
255.947998
 20
0.233
 10
255.948737
 20
0.309316
 10
255.951999
 20
0.311
  0
LWPOLYLINE
  5
2F5
330
17
100
AcDbEntity
  8
VISTA
100
AcDbPolyline
 90
4
 70
1
 10
255.949689
 20
0.309309
 10
255.95020399999999
 20
0.309528
 10
255.949471
 20
0.309528
 10
255.949689
 20
0.309309
  0
LWPOLYLINE
  5
2F6
330
17
100
AcDbEntity
  8
VISTA
100
AcDbPolyline
 90
4
 70
1
 10
255.949689
 20
0.230691
 10
255.949471
 20
0.231205
 10
255.949471
 20
0.230472
 10
255.949689
 20
0.230691
  0
LWPOLYLINE
  5
2F7
330
17
100
AcDbEntity
  8
VISTA
100
AcDbPolyline
 90
4
 70
1
 10
257.250307
 20
0.230691
 10
257.249794
 20
0.230472
 10
257.250526
 20
0.230472
 10
257.250307
 20
0.230691
  0
LWPOLYLINE
  5
2F8
330
17
100
AcDbEntity
  8
VISTA
100
AcDbPolyline
 90
4
 70
1
 10
257.250526
 20
0.309528
 10
257.249794
 20
0.309528
 10
257.250307
 20
0.309309
 10
257.250526
 20
0.309528
  0
LWPOLYLINE
  5
2F9
330
17
100
AcDbEntity
  8
VISTA
100
AcDbPolyline
 90
12
 70
1
 10
255.992999
 20
2.57
 10
256.066999
 20
2.57
 10
256.06982800000003
 20
2.568828
 10
256.07099900000003
 20
2.566
 10
256.07099900000003
 20
0.274
 10
256.06982800000003
 20
0.271172
 10
256.066999
 20
0.27
 10
255.992999
 20
0.27
 10
255.99017
 20
0.271172
 10
255.988998
 20
0.274
 10
255.989738
 20
2.568316
 10
255.992999
 20
2.57
  0
LWPOLYLINE
  5
2FA
330
17
100
AcDbEntity
  8
VISTA
100
AcDbPolyline
 90
4
 70
1
 10
255.990689
 20
2.568309
 10
255.991204
 20
2.568528
 10
255.990471
 20
2.568528
 10
255.990689
 20
2.568309
  0
LWPOLYLINE
  5
2FB
330
17
100
AcDbEntity
  8
VISTA
100
AcDbPolyline
 90
4
 70
1
 10
255.990689
 20
0.271691
 10
255.990471
 20
0.272205
 10
255.990471
 20
0.271472
 10
255.990689
 20
0.271691
  0
LWPOLYLINE
  5
2FC
330
17
100
AcDbEntity
  8
VISTA
100
AcDbPolyline
 90
4
 70
1
 10
256.069307
 20
0.271691
 10
256.068794
 20
0.271472
 10
256.069527
 20
0.271472
 10
256.069307
 20
0.271691
  0
LWPOLYLINE
  5
2FD
330
17
100
AcDbEntity
  8
VISTA
100
AcDbPolyline
 90
4
 70
1
 10
256.069527
 20
2.568528
 10
256.068794
 20
2.568528
 10
256.069307
 20
2.568309
 10
256.069527
 20
2.568528
  0
LWPOLYLINE
  5
2FE
330
17
100
AcDbEntity
  8
VISTA
100
AcDbPolyline
 90
12
 70
1
 10
257.132999
 20
2.57
 10
257.207001
 20
2.57
 10
257.209829
 20
2.568828
 10
257.211
 20
2.566
 10
257.211
 20
0.274
 10
257.209829
 20
0.271172
 10
257.207001
 20
0.27
 10
257.132999
 20
0.27
 10
257.130171
 20
0.271172
 10
257.129
 20
0.274
 10
257.129738
 20
2.568316
 10
257.132999
 20
2.57
  0
LWPOLYLINE
  5
2FF
330
17
100
AcDbEntity
  8
VISTA
100
AcDbPolyline
 90
4
 70
1
 10
257.130692
 20
2.568309
 10
257.131205
 20
2.568528
 10
257.130472
 20
2.568528
 10
257.130692
 20
2.568309
  0
LWPOLYLINE
  5
300
330
17
100
AcDbEntity
  8
VISTA
100
AcDbPolyline
 90
4
 70
1
 10
257.130692
 20
0.271691
 10
257.130472
 20
0.272205
 10
257.130472
 20
0.271472
 10
257.130692
 20
0.271691
  0
LWPOLYLINE
  5
301
330
17
100
AcDbEntity
  8
VISTA
100
AcDbPolyline
 90
4
 70
1
 10
257.209309
 20
0.271691
 10
257.208796
 20
0.271472
 10
257.209528
 20
0.271472
 10
257.209309
 20
0.271691
  0
LWPOLYLINE
  5
302
330
17
100
AcDbEntity
  8
VISTA
100
AcDbPolyline
 90
4
 70
1
 10
257.209528
 20
2.568528
 10
257.208796
 20
2.568528
 10
257.209309
 20
2.568309
 10
257.209528
 20
2.568528
  0
LWPOLYLINE
  5
303
330
17
100
AcDbEntity
  8
VISTA
100
AcDbPolyline
 90
5
 70
1
 10
256.029999
 20
2.54856
 10
257.169998
 20
2.54856
 10
257.169998
 20
2.52256
 10
256.029999
 20
2.52256
 10
256.029999
 20
2.54856
  0
LWPOLYLINE
  5
304
330
17
100
AcDbEntity
  8
VISTA
100
AcDbPolyline
 90
5
 70
1
 10
256.029999
 20
0.31744
 10
257.169998
 20
0.31744
 10
257.169998
 20
0.29144
 10
256.029999
 20
0.29144
 10
256.029999
 20
0.31744
  0
LWPOLYLINE
  5
305
330
17
100
AcDbEntity
  8
VISTA
100
AcDbPolyline
 90
5
 70
1
 10
256.051439
 20
2.57
 10
256.07744
 20
2.57
 10
256.07744
 20
0.27
 10
256.051439
 20
0.27
 10
256.051439
 20
2.57
  0
LWPOLYLINE
  5
306
330
17
100
AcDbEntity
  8
VISTA
100
AcDbPolyline
 90
5
 70
1
 10
257.122559
 20
2.57
 10
257.14856
 20
2.57
 10
257.14856
 20
0.27
 10
257.122559
 20
0.27
 10
257.122559
 20
2.57
  0
LWPOLYLINE
  5
307
330
17
100
AcDbEntity
  8
VISTA
100
AcDbPolyline
 90
12
 70
1
 10
258.752001
 20
2.611
 10
260.048002
 20
2.611
 10
260.050831
 20
2.609828
 10
260.052002
 20
2.607
 10
260.052002
 20
2.533
 10
260.050831
 20
2.530171
 10
260.048002
 20
2.529
 10
258.752001
 20
2.529
 10
258.749172
 20
2.530171
 10
258.748001
 20
2.533
 10
258.748739
 20
2.609316
 10
258.752001
 20
2.611
  0
LWPOLYLINE
  5
308
330
17
100
AcDbEntity
  8
VISTA
100
AcDbPolyline
 90
4
 70
1
 10
258.749693
 20
2.609309
 10
258.750206
 20
2.609528
 10
258.749474
 20
2.609528
 10
258.749693
 20
2.609309
  0
LWPOLYLINE
  5
309
330
17
100
AcDbEntity
  8
VISTA
100
AcDbPolyline
 90
4
 70
1
 10
258.749693
 20
2.53069
 10
258.749474
 20
2.531205
 10
258.749474
 20
2.530472
 10
258.749693
 20
2.53069
  0
LWPOLYLINE
  5
30A
330
17
100
AcDbEntity
  8
VISTA
100
AcDbPolyline
 90
4
 70
1
 10
260.05031
 20
2.53069
 10
260.049797
 20
2.530472
 10
260.050529
 20
2.530472
 10
260.05031
 20
2.53069
  0
LWPOLYLINE
  5
30B
330
17
100
AcDbEntity
  8
VISTA
100
AcDbPolyline
 90
4
 70
1
 10
260.050529
 20
2.609528
 10
260.049797
 20
2.609528
 10
260.05031
 20
2.609309
 10
260.050529
 20
2.609528
  0
LWPOLYLINE
  5
30C
330
17
100
AcDbEntity
  8
VISTA
100
AcDbPolyline
 90
12
 70
1
 10
258.752001
 20
0.311
 10
260.048002
 20
0.311
 10
260.050831
 20
0.309828
 10
260.052002
 20
0.307
 10
260.052002
 20
0.233
 10
260.050831
 20
0.230172
 10
260.048002
 20
0.229
 10
258.752001
 20
0.229
 10
258.749172
 20
0.230172
 10
258.748001
 20
0.233
 10
258.748739
 20
0.309316
 10
258.752001
 20
0.311
  0
LWPOLYLINE
  5
30D
330
17
100
AcDbEntity
  8
VISTA
100
AcDbPolyline
 90
4
 70
1
 10
258.749693
 20
0.309309
 10
258.750206
 20
0.309528
 10
258.749474
 20
0.309528
 10
258.749693
 20
0.309309
  0
LWPOLYLINE
  5
30E
330
17
100
AcDbEntity
  8
VISTA
100
AcDbPolyline
 90
4
 70
1
 10
258.749693
 20
0.230691
 10
258.749474
 20
0.231205
 10
258.749474
 20
0.230472
 10
258.749693
 20
0.230691
  0
LWPOLYLINE
  5
30F
330
17
100
AcDbEntity
  8
VISTA
100
AcDbPolyline
 90
4
 70
1
 10
260.05031
 20
0.230691
 10
260.049797
 20
0.230472
 10
260.050529
 20
0.230472
 10
260.05031
 20
0.230691
  0
LWPOLYLINE
  5
310
330
17
100
AcDbEntity
  8
VISTA
100
AcDbPolyline
 90
4
 70
1
 10
260.050529
 20
0.309528
 10
260.049797
 20
0.309528
 10
260.05031
 20
0.309309
 10
260.050529
 20
0.309528
  0
LWPOLYLINE
  5
311
330
17
100
AcDbEntity
  8
VISTA
100
AcDbPolyline
 90
12
 70
1
 10
258.792999
 20
2.57
 10
258.867001
 20
2.57
 10
258.869829
 20
2.568828
 10
258.871
 20
2.566
 10
258.871
 20
0.274
 10
258.869829
 20
0.271172
 10
258.867001
 20
0.27
 10
258.792999
 20
0.27
 10
258.790171
 20
0.271172
 10
258.789
 20
0.274
 10
258.789738
 20
2.568316
 10
258.792999
 20
2.57
  0
LWPOLYLINE
  5
312
330
17
100
AcDbEntity
  8
VISTA
100
AcDbPolyline
 90
4
 70
1
 10
258.790691
 20
2.568309
 10
258.791204
 20
2.568528
 10
258.790472
 20
2.568528
 10
258.790691
 20
2.568309
  0
LWPOLYLINE
  5
313
330
17
100
AcDbEntity
  8
VISTA
100
AcDbPolyline
 90
4
 70
1
 10
258.790691
 20
0.271691
 10
258.790472
 20
0.272205
 10
258.790472
 20
0.271472
 10
258.790691
 20
0.271691
  0
LWPOLYLINE
  5
314
330
17
100
AcDbEntity
  8
VISTA
100
AcDbPolyline
 90
4
 70
1
 10
258.869308
 20
0.271691
 10
258.868795
 20
0.271472
 10
258.869528
 20
0.271472
 10
258.869308
 20
0.271691
  0
LWPOLYLINE
  5
315
330
17
100
AcDbEntity
  8
VISTA
100
AcDbPolyline
 90
4
 70
1
 10
258.869528
 20
2.568528
 10
258.868795
 20
2.568528
 10
258.869308
 20
2.568309
 10
258.869528
 20
2.568528
  0
LWPOLYLINE
  5
316
330
17
100
AcDbEntity
  8
VISTA
100
AcDbPolyline
 90
12
 70
1
 10
259.933001
 20
2.57
 10
260.007002
 20
2.57
 10
260.00983
 20
2.568828
 10
260.011002
 20
2.566
 10
260.011002
 20
0.274
 10
260.00983
 20
0.271172
 10
260.007002
 20
0.27
 10
259.933001
 20
0.27
 10
259.93017199999997
 20
0.271172
 10
259.92900099999997
 20
0.274
 10
259.929739
 20
2.568316
 10
259.933001
 20
2.57
  0
LWPOLYLINE
  5
317
330
17
100
AcDbEntity
  8
VISTA
100
AcDbPolyline
 90
4
 70
1
 10
259.930693
 20
2.568309
 10
259.931206
 20
2.568528
 10
259.930473
 20
2.568528
 10
259.930693
 20
2.568309
  0
LWPOLYLINE
  5
318
330
17
100
AcDbEntity
  8
VISTA
100
AcDbPolyline
 90
4
 70
1
 10
259.930693
 20
0.271691
 10
259.930473
 20
0.272205
 10
259.930473
 20
0.271472
 10
259.930693
 20
0.271691
  0
LWPOLYLINE
  5
319
330
17
100
AcDbEntity
  8
VISTA
100
AcDbPolyline
 90
4
 70
1
 10
260.00931
 20
0.271691
 10
260.008797
 20
0.271472
 10
260.009529
 20
0.271472
 10
260.00931
 20
0.271691
  0
LWPOLYLINE
  5
31A
330
17
100
AcDbEntity
  8
VISTA
100
AcDbPolyline
 90
4
 70
1
 10
260.009529
 20
2.568528
 10
260.008797
 20
2.568528
 10
260.00931
 20
2.568309
 10
260.009529
 20
2.568528
  0
LWPOLYLINE
  5
31B
330
17
100
AcDbEntity
  8
VISTA
100
AcDbPolyline
 90
5
 70
1
 10
258.830002
 20
2.54856
 10
259.970001
 20
2.54856
 10
259.970001
 20
2.52256
 10
258.830002
 20
2.52256
 10
258.830002
 20
2.54856
  0
LWPOLYLINE
  5
31C
330
17
100
AcDbEntity
  8
VISTA
100
AcDbPolyline
 90
5
 70
1
 10
258.830002
 20
0.31744
 10
259.970001
 20
0.31744
 10
259.970001
 20
0.29144
 10
258.830002
 20
0.29144
 10
258.830002
 20
0.31744
  0
LWPOLYLINE
  5
31D
330
17
100
AcDbEntity
  8
VISTA
100
AcDbPolyline
 90
5
 70
1
 10
258.85144
 20
2.57
 10
258.877441
 20
2.57
 10
258.877441
 20
0.27
 10
258.85144
 20
0.27
 10
258.85144
 20
2.57
  0
LWPOLYLINE
  5
31E
330
17
100
AcDbEntity
  8
VISTA
100
AcDbPolyline
 90
5
 70
1
 10
259.92256
 20
2.57
 10
259.948561
 20
2.57
 10
259.948561
 20
0.27
 10
259.92256
 20
0.27
 10
259.92256
 20
2.57
  0
LWPOLYLINE
  5
31F
330
17
100
AcDbEntity
  8
VISTA
100
AcDbPolyline
 90
5
 70
1
 10
255.88
 20
2.6625
 10
260.119999
 20
2.6625
 10
260.119999
 20
2.6175
 10
255.88
 20
2.6175
 10
255.88
 20
2.6625
  0
LWPOLYLINE
  5
320
330
17
100
AcDbEntity
  8
VISTA
100
AcDbPolyline
 90
5
 70
1
 10
256.029999
 20
2.57
 10
257.169998
 20
2.57
 10
257.169998
 20
0.27
 10
256.029999
 20
0.27
 10
256.029999
 20
2.57
  0
LWPOLYLINE
  5
321
330
17
100
AcDbEntity
  8
VISTA
100
AcDbPolyline
 90
5
 70
1
 10
258.830002
 20
2.57
 10
259.970001
 20
2.57
 10
259.970001
 20
0.27
 10
258.830002
 20
0.27
 10
258.830002
 20
2.57
  0
LWPOLYLINE
  5
322
330
17
100
AcDbEntity
  8
VISTA
100
AcDbPolyline
 90
5
 70
1
 10
253.026
 20
4.257
 10
253.025001
 20
3.33
 10
253.014001
 20
3.331
 10
253.014294
 20
4.257707
 10
253.026
 20
4.257
  0
LWPOLYLINE
  5
323
330
17
100
AcDbEntity
  8
VISTA
100
AcDbPolyline
 90
8
 70
1
 10
262.308001
 20
7.5475
 10
262.309999
 20
7.5455
 10
262.309999
 20
7.5245
 10
262.308001
 20
7.5225
 10
253.691999
 20
7.5225
 10
253.690001
 20
7.5245
 10
253.690585
 20
7.546914
 10
262.308001
 20
7.5475
  0
LWPOLYLINE
  5
324
330
17
100
AcDbEntity
  8
VISTA
100
AcDbPolyline
 90
5
 70
1
 10
256.521914
 20
2.711914
 10
256.521914
 20
2.668086
 10
256.478086
 20
2.668086
 10
256.478086
 20
2.711914
 10
256.521914
 20
2.711914
  0
LWPOLYLINE
  5
325
330
17
100
AcDbEntity
  8
VISTA
100
AcDbPolyline
 90
5
 70
1
 10
257.271914
 20
2.711914
 10
257.271914
 20
2.668086
 10
257.228086
 20
2.668086
 10
257.228086
 20
2.711914
 10
257.271914
 20
2.711914
  0
LWPOLYLINE
  5
326
330
17
100
AcDbEntity
  8
VISTA
100
AcDbPolyline
 90
5
 70
1
 10
258.021914
 20
2.711914
 10
258.021914
 20
2.668086
 10
257.978086
 20
2.668086
 10
257.978086
 20
2.711914
 10
258.021914
 20
2.711914
  0
LWPOLYLINE
  5
327
330
17
100
AcDbEntity
  8
VISTA
100
AcDbPolyline
 90
5
 70
1
 10
258.771914
 20
2.711914
 10
258.771914
 20
2.668086
 10
258.728086
 20
2.668086
 10
258.728086
 20
2.711914
 10
258.771914
 20
2.711914
  0
LWPOLYLINE
  5
328
330
17
100
AcDbEntity
  8
VISTA
100
AcDbPolyline
 90
5
 70
1
 10
259.521914
 20
2.711914
 10
259.521914
 20
2.668086
 10
259.478086
 20
2.668086
 10
259.478086
 20
2.711914
 10
259.521914
 20
2.711914
  0
LWPOLYLINE
  5
329
330
17
100
AcDbEntity
  8
VISTA
100
AcDbPolyline
 90
9
 70
1
 10
254.0
 20
2.9955
 10
254.004499
 20
3.0
 10
254.2955
 20
3.0
 10
254.299999
 20
2.9955
 10
254.299999
 20
0.0045
 10
254.2955
 20
0.0
 10
254.004499
 20
0.0
 10
254.0
 20
0.0045
 10
254.0
 20
2.9955
  0
LWPOLYLINE
  5
32A
330
17
100
AcDbEntity
  8
VISTA
100
AcDbPolyline
 90
9
 70
1
 10
254.212
 20
7.433
 10
261.788
 20
7.433
 10
261.790001
 20
7.431
 10
261.790001
 20
7.38
 10
261.788
 20
7.378
 10
254.212
 20
7.378
 10
254.21
 20
7.38
 10
254.21
 20
7.431
 10
254.212
 20
7.433
  0
LWPOLYLINE
  5
32B
330
17
100
AcDbEntity
  8
VISTA
100
AcDbPolyline
 90
8
 70
1
 10
262.308001
 20
8.165
 10
262.309999
 20
8.163
 10
262.309999
 20
7.487
 10
262.308001
 20
7.485
 10
253.691999
 20
7.485
 10
253.690001
 20
7.487
 10
253.690585
 20
8.164414
 10
262.308001
 20
8.165
  0
LWPOLYLINE
  5
32C
330
17
100
AcDbEntity
  8
VISTA
100
AcDbPolyline
 90
8
 70
1
 10
261.808001
 20
7.381667
 10
261.809999
 20
7.379666
 10
261.809999
 20
7.163667
 10
261.808001
 20
7.161666
 10
254.192
 20
7.161666
 10
254.190001
 20
7.163667
 10
254.190586
 20
7.381081
 10
261.808001
 20
7.381667
  0
LWPOLYLINE
  5
32D
330
17
100
AcDbEntity
  8
VISTA
100
AcDbPolyline
 90
5
 70
1
 10
253.026
 20
4.257
 10
253.025001
 20
3.33
 10
253.014001
 20
3.331
 10
253.014294
 20
4.257707
 10
253.026
 20
4.257
  0
LWPOLYLINE
  5
32E
330
17
100
AcDbEntity
  8
VISTA
100
AcDbPolyline
 90
5
 70
1
 10
252.992001
 20
3.283
 10
252.992001
 20
3.265
 10
252.982
 20
3.265
 10
252.982245
 20
3.283
 10
252.992001
 20
3.283
  0
LWPOLYLINE
  5
32F
330
17
100
AcDbEntity
  8
VISTA
100
AcDbPolyline
 90
5
 70
1
 10
253.058001
 20
3.283
 10
253.058001
 20
3.265
 10
253.048
 20
3.265
 10
253.048245
 20
3.283
 10
253.058001
 20
3.283
  0
LWPOLYLINE
  5
330
330
17
100
AcDbEntity
  8
VISTA
100
AcDbPolyline
 90
9
 70
1
 10
254.0
 20
0.1555
 10
254.004499
 20
0.16
 10
261.995501
 20
0.16
 10
262.0
 20
0.1555
 10
262.0
 20
0.0045
 10
261.995501
 20
0.0
 10
254.004499
 20
0.0
 10
254.0
 20
0.0045
 10
254.0
 20
0.1555
  0
LWPOLYLINE
  5
331
330
17
100
AcDbEntity
  8
VISTA
100
AcDbPolyline
 90
9
 70
1
 10
261.799999
 20
2.9955
 10
261.804499
 20
3.0
 10
261.995501
 20
3.0
 10
262.0
 20
2.9955
 10
262.0
 20
0.0045
 10
261.995501
 20
0.0
 10
261.804499
 20
0.0
 10
261.799999
 20
0.0045
 10
261.799999
 20
2.9955
  0
LWPOLYLINE
  5
332
330
17
100
AcDbEntity
  8
VISTA
100
AcDbPolyline
 90
9
 70
1
 10
256.75
 20
2.9955
 10
256.754499
 20
3.0
 10
259.245501
 20
3.0
 10
259.25
 20
2.9955
 10
259.25
 20
2.3645
 10
259.245501
 20
2.36
 10
256.754499
 20
2.36
 10
256.75
 20
2.3645
 10
256.75
 20
2.9955
  0
LWPOLYLINE
  5
333
330
17
100
AcDbEntity
  8
VISTA
100
AcDbPolyline
 90
5
 70
1
 10
262.0
 20
3.2
 10
262.0
 20
3.0
 10
254.0
 20
3.0
 10
254.0
 20
3.2
 10
262.0
 20
3.2
  0
LWPOLYLINE
  5
334
330
17
100
AcDbEntity
  8
VISTA
100
AcDbPolyline
 90
8
 70
1
 10
253.639999
 20
8.2083
 10
253.64170000000001
 20
8.21
 10
262.358299
 20
8.21
 10
262.360001
 20
8.2083
 10
262.360001
 20
8.1017
 10
262.358299
 20
8.099999
 10
253.640848
 20
8.1005
 10
253.639999
 20
8.2083
  0
LWPOLYLINE
  5
335
330
17
100
AcDbEntity
  8
VISTA
100
AcDbPolyline
 90
5
 70
1
 10
253.99
 20
8.1
 10
254.17
 20
8.1
 10
254.17
 20
6.4
 10
253.99
 20
6.4
 10
253.99
 20
8.1
  0
LWPOLYLINE
  5
336
330
17
100
AcDbEntity
  8
VISTA
100
AcDbPolyline
 90
5
 70
1
 10
261.83
 20
8.1
 10
262.01
 20
8.1
 10
262.01
 20
6.4
 10
261.83
 20
6.4
 10
261.83
 20
8.1
  0
LWPOLYLINE
  5
337
330
17
100
AcDbEntity
  8
VISTA
100
AcDbPolyline
 90
8
 70
1
 10
261.818001
 20
8.08
 10
261.82
 20
8.078
 10
261.82
 20
6.402
 10
261.818001
 20
6.4
 10
254.182
 20
6.4
 10
254.18
 20
6.402
 10
254.180586
 20
8.079414
 10
261.818001
 20
8.08
  0
LWPOLYLINE
  5
338
330
17
100
AcDbEntity
  8
VISTA
100
AcDbPolyline
 90
6
 70
1
 10
254.001318
 20
2.998682
 10
256.748682
 20
2.998682
 10
256.748682
 20
0.001318
 10
254.0045
 20
0.0
 10
254.0
 20
0.0045
 10
254.001318
 20
2.998682
  0
LWPOLYLINE
  5
339
330
17
100
AcDbEntity
  8
VISTA
100
AcDbPolyline
 90
5
 70
1
 10
259.25
 20
0.0
 10
259.25
 20
3.0
 10
262.0
 20
3.0
 10
262.0
 20
0.0
 10
259.25
 20
0.0
  0
LWPOLYLINE
  5
33A
330
17
100
AcDbEntity
  8
VISTA
100
AcDbPolyline
 90
39
 70
1
 10
261.328196
 20
2.592443
 10
261.372442
 20
2.548197
 10
261.428196
 20
2.519789
 10
261.49
 20
2.51
 10
261.551804
 20
2.519789
 10
261.607557
 20
2.548197
 10
261.65180399999997
 20
2.592443
 10
261.68021
 20
2.648197
 10
261.690001
 20
2.71
 10
261.68021
 20
2.771803
 10
261.65180399999997
 20
2.827557
 10
261.607557
 20
2.871803
 10
261.551804
 20
2.900211
 10
261.49
 20
2.91
 10
261.428196
 20
2.900211
 10
261.372442
 20
2.871803
 10
261.328196
 20
2.827557
 10
261.299789
 20
2.771803
 10
261.297892
 20
2.759829
 10
261.277308
 20
2.800229
 10
261.245228
 20
2.832307
 10
261.204807
 20
2.852903
 10
261.16
 20
2.86
 10
261.115192
 20
2.852903
 10
261.074772
 20
2.832307
 10
261.042692
 20
2.800229
 10
261.022097
 20
2.759807
 10
261.014999
 20
2.715
 10
261.022097
 20
2.670192
 10
261.042692
 20
2.629771
 10
261.074772
 20
2.597692
 10
261.115192
 20
2.577097
 10
261.16
 20
2.57
 10
261.204807
 20
2.577097
 10
261.245228
 20
2.597692
 10
261.277308
 20
2.629771
 10
261.296684
 20
2.667799
 10
261.299789
 20
2.648197
 10
261.328196
 20
2.592443
  0
LWPOLYLINE
  5
33B
330
17
100
AcDbEntity
  8
VISTA
100
AcDbPolyline
 90
8
 70
1
 10
253.002501
 20
4.2983
 10
253.0042
 20
4.3
 10
253.035801
 20
4.3
 10
253.0375
 20
4.2983
 10
253.0375
 20
3.2517
 10
253.035801
 20
3.25
 10
253.003348
 20
3.2505
 10
253.002501
 20
4.2983
  0
LWPOLYLINE
  5
33C
330
17
100
AcDbEntity
  8
VISTA
100
AcDbPolyline
 90
5
 70
1
 10
253.026
 20
4.257
 10
253.025001
 20
3.33
 10
253.014001
 20
3.331
 10
253.014294
 20
4.257707
 10
253.026
 20
4.257
  0
LWPOLYLINE
  5
33D
330
17
100
AcDbEntity
  8
VISTA
100
AcDbPolyline
 90
8
 70
1
 10
253.0705
 20
3.266
 10
253.0725
 20
3.264
 10
253.0725
 20
3.256
 10
253.0705
 20
3.254
 10
252.969501
 20
3.254
 10
252.967501
 20
3.256
 10
252.968086
 20
3.265414
 10
253.0705
 20
3.266
  0
LWPOLYLINE
  5
33E
330
17
100
AcDbEntity
  8
VISTA
100
AcDbPolyline
 90
34
 70
1
 10
261.055258
 20
2.7
 10
261.055246
 20
2.73
 10
261.058702
 20
2.757126
 10
261.069061
 20
2.782403
 10
261.085619
 20
2.804109
 10
261.107244
 20
2.820764
 10
261.1667932731475
 20
2.851743279686576
 10
261.207163
 20
2.875862
 10
261.421543
 20
2.947996
 10
261.4357475347789
 20
2.9423888542835694
 10
261.4687619826662
 20
2.972248087864587
 10
261.395
 20
3.08
 10
261.395
 20
8.7
 10
261.605
 20
8.7
 10
261.605
 20
3.08
 10
261.591
 20
3.08
 10
261.4791525089732
 20
2.9807621273678477
 10
261.5232147984254
 20
2.9053202800480373
 10
261.581112
 20
2.814322
 10
261.578457
 20
2.812005
 10
261.3459055120155
 20
2.7081035577772172
 10
261.344893
 20
2.68
 10
261.336662
 20
2.655459
 10
261.3317279242782
 20
2.6474772940028064
 10
261.355
 20
2.6
 10
261.2839170072334
 20
2.6
 10
261.255911
 20
2.588411
 10
261.230692
 20
2.58518
 10
261.132614
 20
2.598655
 10
261.10738
 20
2.609136
 10
261.085733
 20
2.62581
 10
261.069147
 20
2.64754
 10
261.058754
 20
2.672845
 10
261.055258
 20
2.7
  0
LWPOLYLINE
  5
33F
330
17
100
AcDbEntity
  8
VISTA
100
AcDbPolyline
 90
4
 70
1
 10
261.5778723890959
 20
2.812859002841244
 10
261.57694844311027
 20
2.81244175200718
 10
261.578457
 20
2.812005
 10
261.5778723890959
 20
2.812859002841244
  0
LWPOLYLINE
  5
340
330
17
100
AcDbEntity
  8
VISTA
100
AcDbPolyline
 90
5
 70
1
 10
261.46906225749694
 20
2.9718094447315337
 10
261.4358450455773
 20
2.9423371211647478
 10
261.478605
 20
2.913998
 10
261.5462016168849
 20
2.8565622978182397
 10
261.46906225749694
 20
2.9718094447315337
  0
LWPOLYLINE
  5
341
330
17
100
AcDbEntity
  8
VISTA
100
AcDbPolyline
 90
4
 70
1
 10
261.421192
 20
3.08
 10
261.4788148726477
 20
2.981340215988209
 10
261.5879
 20
3.08
 10
261.421192
 20
3.08
  0
LWPOLYLINE
  5
342
330
17
100
AcDbEntity
  8
VISTA
100
AcDbPolyline
 90
5
 70
1
 10
252.992001
 20
3.283
 10
252.992001
 20
3.265
 10
252.982
 20
3.265
 10
252.982245
 20
3.283
 10
252.992001
 20
3.283
  0
LWPOLYLINE
  5
343
330
17
100
AcDbEntity
  8
VISTA
100
AcDbPolyline
 90
5
 70
1
 10
253.058001
 20
3.283
 10
253.058001
 20
3.265
 10
253.048
 20
3.265
 10
253.048245
 20
3.283
 10
253.058001
 20
3.283
  0
LWPOLYLINE
  5
344
330
17
100
AcDbEntity
  8
VISTA
100
AcDbPolyline
 90
8
 70
1
 10
261.808001
 20
7.981667
 10
261.809999
 20
7.979666
 10
261.809999
 20
7.763667
 10
261.808001
 20
7.761666
 10
254.192
 20
7.761666
 10
254.190001
 20
7.763667
 10
254.190586
 20
7.981081
 10
261.808001
 20
7.981667
  0
LWPOLYLINE
  5
345
330
17
100
AcDbEntity
  8
VISTA
100
AcDbPolyline
 90
13
 70
1
 10
256.7731
 20
0.2315
 10
256.774857
 20
0.235743
 10
256.779099
 20
0.2375
 10
257.9809
 20
0.2375
 10
257.985142
 20
0.235743
 10
257.986898
 20
0.2315
 10
257.986898
 20
0.1985
 10
257.985142
 20
0.194257
 10
257.9809
 20
0.1925
 10
256.779099
 20
0.1925
 10
256.774857
 20
0.194257
 10
256.7731
 20
0.1985
 10
256.7731
 20
0.2315
  0
LWPOLYLINE
  5
346
330
17
100
AcDbEntity
  8
VISTA
100
AcDbPolyline
 90
13
 70
1
 10
258.013102
 20
0.2315
 10
258.014858
 20
0.235743
 10
258.0191
 20
0.2375
 10
259.220901
 20
0.2375
 10
259.225143
 20
0.235743
 10
259.2269
 20
0.2315
 10
259.2269
 20
0.1985
 10
259.225143
 20
0.194257
 10
259.220901
 20
0.1925
 10
258.0191
 20
0.1925
 10
258.014858
 20
0.194257
 10
258.013102
 20
0.1985
 10
258.013102
 20
0.2315
  0
LWPOLYLINE
  5
347
330
17
100
AcDbEntity
  8
VISTA
100
AcDbPolyline
 90
5
 70
1
 10
253.026
 20
4.257
 10
253.025001
 20
3.33
 10
253.014001
 20
3.331
 10
253.014294
 20
4.257707
 10
253.026
 20
4.257
  0
LWPOLYLINE
  5
348
330
17
100
AcDbEntity
  8
VISTA
100
AcDbPolyline
 90
5
 70
1
 10
254.77663
 20
4.72
 10
254.77663
 20
4.44
 10
254.712757
 20
4.44
 10
254.713111
 20
4.72
 10
254.77663
 20
4.72
  0
LWPOLYLINE
  5
349
330
17
100
AcDbEntity
  8
VISTA
100
AcDbPolyline
 90
9
 70
1
 10
254.212
 20
8.033
 10
261.788
 20
8.033
 10
261.790001
 20
8.031
 10
261.790001
 20
7.98
 10
261.788
 20
7.978
 10
254.212
 20
7.978
 10
254.21
 20
7.98
 10
254.21
 20
8.031
 10
254.212
 20
8.033
  0
LWPOLYLINE
  5
34A
330
17
100
AcDbEntity
  8
VISTA
100
AcDbPolyline
 90
5
 70
1
 10
261.798706
 20
8.249707
 10
261.798706
 20
7.930293
 10
261.259293
 20
7.930293
 10
261.259293
 20
8.249707
 10
261.798706
 20
8.249707
  0
LWPOLYLINE
  5
34B
330
17
100
AcDbEntity
  8
VISTA
100
AcDbPolyline
 90
8
 70
1
 10
261.788
 20
8.23
 10
261.789999
 20
8.228
 10
261.789999
 20
3.132
 10
261.788
 20
3.13
 10
261.282
 20
3.13
 10
261.28000099999997
 20
3.132
 10
261.28058599999997
 20
8.229414
 10
261.788
 20
8.23
  0
LWPOLYLINE
  5
34C
330
17
100
AcDbEntity
  8
VISTA
100
AcDbPolyline
 90
5
 70
1
 10
253.026
 20
4.257
 10
253.025001
 20
3.33
 10
253.014001
 20
3.331
 10
253.014294
 20
4.257707
 10
253.026
 20
4.257
  0
LWPOLYLINE
  5
34D
330
17
100
AcDbEntity
  8
VISTA
100
AcDbPolyline
 90
5
 70
1
 10
254.8694
 20
5.828526
 10
254.868574
 20
3.290646
 10
253.988785
 20
3.291474
 10
253.988785
 20
5.828526
 10
254.8694
 20
5.828526
  0
LWPOLYLINE
  5
34E
330
17
100
AcDbEntity
  8
VISTA
100
AcDbPolyline
 90
5
 70
1
 10
254.185
 20
3.242
 10
254.185
 20
3.202
 10
253.835
 20
3.202
 10
253.835
 20
3.242
 10
254.185
 20
3.242
  0
LWPOLYLINE
  5
34F
330
17
100
AcDbEntity
  8
VISTA
100
AcDbPolyline
 90
8
 70
1
 10
253.875
 20
5.8683
 10
253.8767
 20
5.87
 10
253.98329999999999
 20
5.87
 10
253.985001
 20
5.8683
 10
253.985001
 20
3.2717
 10
253.98329999999999
 20
3.27
 10
253.875849
 20
3.270501
 10
253.875
 20
5.8683
  0
LWPOLYLINE
  5
350
330
17
100
AcDbEntity
  8
VISTA
100
AcDbPolyline
 90
5
 70
1
 10
253.9965
 20
3.25
 10
253.9975
 20
3.245
 10
253.943501
 20
3.244
 10
253.942793
 20
3.249707
 10
253.9965
 20
3.25
  0
LWPOLYLINE
  5
351
330
17
100
AcDbEntity
  8
VISTA
100
AcDbPolyline
 90
5
 70
1
 10
254.784165
 20
4.72
 10
254.784165
 20
4.44
 10
254.720292
 20
4.44
 10
254.720646
 20
4.72
 10
254.784165
 20
4.72
  0
LWPOLYLINE
  5
352
330
17
100
AcDbEntity
  8
VISTA
100
AcDbPolyline
 90
5
 70
1
 10
253.026
 20
4.257
 10
253.025001
 20
3.33
 10
253.014001
 20
3.331
 10
253.014294
 20
4.257707
 10
253.026
 20
4.257
  0
LWPOLYLINE
  5
353
330
17
100
AcDbEntity
  8
VISTA
100
AcDbPolyline
 90
5
 70
1
 10
261.446001
 20
8.85
 10
261.446001
 20
8.65
 10
261.434
 20
8.65
 10
261.434294
 20
8.85
 10
261.446001
 20
8.85
  0
LWPOLYLINE
  5
354
330
17
100
AcDbEntity
  8
VISTA
100
AcDbPolyline
 90
5
 70
1
 10
253.026
 20
4.257
 10
253.025001
 20
3.33
 10
253.014001
 20
3.331
 10
253.014294
 20
4.257707
 10
253.026
 20
4.257
  0
LWPOLYLINE
  5
355
330
17
100
AcDbEntity
  8
VISTA
100
AcDbPolyline
 90
5
 70
1
 10
261.72893
 20
8.112338
 10
261.73
 20
8.014986
 10
261.270994
 20
8.014002
 10
261.27
 20
8.111347
 10
261.72893
 20
8.112338
  0
LWPOLYLINE
  5
356
330
17
100
AcDbEntity
  8
VISTA
100
AcDbPolyline
 90
18
 70
1
 10
261.3399248980971
 20
8.061486320410571
 10
261.36326
 20
8.05309
 10
261.400648
 20
8.046235
 10
261.447765
 20
8.041834
 10
261.499998
 20
8.040318
 10
261.552231
 20
8.041834
 10
261.599348
 20
8.046235
 10
261.636736
 20
8.05309
 10
261.66152288703586
 20
8.0631665
 10
261.636736
 20
8.073243
 10
261.599348
 20
8.080098
 10
261.552231
 20
8.084499
 10
261.499998
 20
8.086016
 10
261.447765
 20
8.084499
 10
261.400648
 20
8.080098
 10
261.36326
 20
8.073243
 10
261.3394147261874
 20
8.064256247568645
 10
261.3399248980971
 20
8.061486320410571
  0
LWPOLYLINE
  5
357
330
17
100
AcDbEntity
  8
VISTA
100
AcDbPolyline
 90
5
 70
1
 10
261.626001
 20
8.85
 10
261.626001
 20
8.65
 10
261.614
 20
8.65
 10
261.614294
 20
8.85
 10
261.626001
 20
8.85
  0
LWPOLYLINE
  5
358
330
17
100
AcDbEntity
  8
VISTA
100
AcDbPolyline
 90
5
 70
1
 10
261.525
 20
8.9
 10
261.715
 20
8.83
 10
261.285
 20
8.83
 10
261.476904
 20
8.9
 10
261.525
 20
8.9
  0
LWPOLYLINE
  5
359
330
17
100
AcDbEntity
  8
VISTA
100
AcDbPolyline
 90
12
 70
1
 10
253.0
 20
3.197
 10
253.000878
 20
3.199121
 10
253.003
 20
3.2
 10
253.997
 20
3.2
 10
253.999122
 20
3.199121
 10
254.0
 20
3.197
 10
254.0
 20
3.043
 10
253.999122
 20
3.040879
 10
253.997
 20
3.04
 10
253.003
 20
3.04
 10
253.000878
 20
3.040879
 10
253.0
 20
3.197
  0
LWPOLYLINE
  5
35A
330
17
100
AcDbEntity
  8
VISTA
100
AcDbPolyline
 90
4
 70
1
 10
253.001497
 20
3.198503
 10
253.001497
 20
3.199117
 10
253.000878
 20
3.199121
 10
253.001497
 20
3.198503
  0
LWPOLYLINE
  5
35B
330
17
100
AcDbEntity
  8
VISTA
100
AcDbPolyline
 90
4
 70
1
 10
253.998503
 20
3.198503
 10
253.999117
 20
3.198503
 10
253.999122
 20
3.199121
 10
253.998503
 20
3.198503
  0
LWPOLYLINE
  5
35C
330
17
100
AcDbEntity
  8
VISTA
100
AcDbPolyline
 90
4
 70
1
 10
253.998503
 20
3.041497
 10
253.998503
 20
3.040883
 10
253.999122
 20
3.040879
 10
253.998503
 20
3.041497
  0
LWPOLYLINE
  5
35D
330
17
100
AcDbEntity
  8
VISTA
100
AcDbPolyline
 90
4
 70
1
 10
253.001497
 20
3.041497
 10
253.000883
 20
3.041497
 10
253.000878
 20
3.040879
 10
253.001497
 20
3.041497
  0
LWPOLYLINE
  5
35E
330
17
100
AcDbEntity
  8
VISTA
100
AcDbPolyline
 90
5
 70
1
 10
253.001
 20
3.249985
 10
253.999001
 20
3.249985
 10
254.0
 20
3.201
 10
253.001
 20
3.2
 10
253.001
 20
3.249985
  0
LWPOLYLINE
  5
35F
330
17
100
AcDbEntity
  8
VISTA
100
AcDbPolyline
 90
5
 70
1
 10
253.026
 20
4.257
 10
253.025001
 20
3.33
 10
253.014001
 20
3.331
 10
253.014294
 20
4.257707
 10
253.026
 20
4.257
  0
LWPOLYLINE
  5
360
330
17
100
AcDbEntity
  8
VISTA
100
AcDbPolyline
 90
5
 70
1
 10
261.446001
 20
8.85
 10
261.446001
 20
8.65
 10
261.434
 20
8.65
 10
261.434294
 20
8.85
 10
261.446001
 20
8.85
  0
LWPOLYLINE
  5
361
330
17
100
AcDbEntity
  8
VISTA
100
AcDbPolyline
 90
9
 70
1
 10
254.0075
 20
4.9355
 10
254.012
 20
4.94
 10
254.058
 20
4.94
 10
254.0625
 20
4.9355
 10
254.0625
 20
4.5645
 10
254.058
 20
4.56
 10
254.012
 20
4.56
 10
254.0075
 20
4.5645
 10
254.0075
 20
4.9355
  0
LWPOLYLINE
  5
362
330
17
100
AcDbEntity
  8
VISTA
100
AcDbPolyline
 90
5
 70
1
 10
254.0
 20
4.6725
 10
254.0
 20
4.6275
 10
253.992001
 20
4.6275
 10
253.992001
 20
4.6725
 10
254.0
 20
4.6725
  0
LWPOLYLINE
  5
363
330
17
100
AcDbEntity
  8
VISTA
100
AcDbPolyline
 90
5
 70
1
 10
254.0
 20
4.886
 10
254.0
 20
4.854
 10
253.992001
 20
4.854
 10
253.992001
 20
4.886
 10
254.0
 20
4.886
  0
LWPOLYLINE
  5
364
330
17
100
AcDbEntity
  8
VISTA
100
AcDbPolyline
 90
8
 70
1
 10
261.290501
 20
8.23
 10
261.292501
 20
8.228
 10
261.292501
 20
3.132
 10
261.290501
 20
3.13
 10
261.269501
 20
3.13
 10
261.2675
 20
3.132
 10
261.268087
 20
8.229414
 10
261.290501
 20
8.23
  0
LWPOLYLINE
  5
365
330
17
100
AcDbEntity
  8
VISTA
100
AcDbPolyline
 90
5
 70
1
 10
261.26800000000003
 20
8.249001
 10
261.266998
 20
7.93
 10
261.255999
 20
7.931
 10
261.256292
 20
8.249707
 10
261.26800000000003
 20
8.249001
  0
LWPOLYLINE
  5
366
330
17
100
AcDbEntity
  8
VISTA
100
AcDbPolyline
 90
8
 70
1
 10
261.264
 20
4.13
 10
261.266001
 20
4.128
 10
261.266001
 20
3.512
 10
261.264
 20
3.51
 10
261.256001
 20
3.51
 10
261.254
 20
3.512
 10
261.254585
 20
4.129414
 10
261.264
 20
4.13
  0
LWPOLYLINE
  5
367
330
17
100
AcDbEntity
  8
VISTA
100
AcDbPolyline
 90
5
 70
1
 10
253.026
 20
4.257
 10
253.025001
 20
3.33
 10
253.014001
 20
3.331
 10
253.014294
 20
4.257707
 10
253.026
 20
4.257
  0
LWPOLYLINE
  5
368
330
17
100
AcDbEntity
  8
VISTA
100
AcDbPolyline
 90
5
 70
1
 10
261.15691400000003
 20
6.644414
 10
261.15691400000003
 20
6.605586
 10
261.123085
 20
6.605586
 10
261.123085
 20
6.644414
 10
261.15691400000003
 20
6.644414
  0
LWPOLYLINE
  5
369
330
17
100
AcDbEntity
  8
VISTA
100
AcDbPolyline
 90
9
 70
1
 10
254.0
 20
6.3955
 10
254.0045
 20
6.4
 10
254.1955
 20
6.4
 10
254.200001
 20
6.3955
 10
254.200001
 20
5.6445
 10
254.1955
 20
5.64
 10
254.0045
 20
5.64
 10
254.0
 20
5.6445
 10
254.0
 20
6.3955
  0
LWPOLYLINE
  5
36A
330
17
100
AcDbEntity
  8
VISTA
100
AcDbPolyline
 90
5
 70
1
 10
253.875716
 20
5.909686
 10
253.984687
 20
5.909284
 10
253.984284
 20
5.830314
 10
253.875849
 20
5.8305
 10
253.875716
 20
5.909686
  0
LWPOLYLINE
  5
36B
330
17
100
AcDbEntity
  8
VISTA
100
AcDbPolyline
 90
9
 70
1
 10
253.794
 20
5.92
 10
253.968316
 20
5.919261
 10
253.97
 20
5.916
 10
253.96926200000001
 20
5.841684
 10
253.966001
 20
5.84
 10
253.791684
 20
5.840739
 10
253.79
 20
5.844
 10
253.790738
 20
5.918316
 10
253.794
 20
5.92
  0
LWPOLYLINE
  5
36C
330
17
100
AcDbEntity
  8
VISTA
100
AcDbPolyline
 90
4
 70
1
 10
253.79169100000001
 20
5.91831
 10
253.792206
 20
5.918528
 10
253.791472
 20
5.918528
 10
253.79169100000001
 20
5.91831
  0
LWPOLYLINE
  5
36D
330
17
100
AcDbEntity
  8
VISTA
100
AcDbPolyline
 90
4
 70
1
 10
253.79169100000001
 20
5.841691
 10
253.791472
 20
5.842206
 10
253.791472
 20
5.841472
 10
253.79169100000001
 20
5.841691
  0
LWPOLYLINE
  5
36E
330
17
100
AcDbEntity
  8
VISTA
100
AcDbPolyline
 90
4
 70
1
 10
253.968309
 20
5.841691
 10
253.967794
 20
5.841472
 10
253.968528
 20
5.841472
 10
253.968309
 20
5.841691
  0
LWPOLYLINE
  5
36F
330
17
100
AcDbEntity
  8
VISTA
100
AcDbPolyline
 90
4
 70
1
 10
253.968528
 20
5.918528
 10
253.967794
 20
5.918528
 10
253.968309
 20
5.91831
 10
253.968528
 20
5.918528
  0
LWPOLYLINE
  5
370
330
17
100
AcDbEntity
  8
VISTA
100
AcDbPolyline
 90
12
 70
1
 10
253.894
 20
3.25
 10
254.206
 20
3.25
 10
254.208829
 20
3.248828
 10
254.21
 20
3.246
 10
254.21
 20
3.204
 10
254.208829
 20
3.201171
 10
254.206
 20
3.2
 10
253.894
 20
3.2
 10
253.89117099999999
 20
3.201171
 10
253.89
 20
3.204
 10
253.890738
 20
3.248316
 10
253.894
 20
3.25
  0
LWPOLYLINE
  5
371
330
17
100
AcDbEntity
  8
VISTA
100
AcDbPolyline
 90
4
 70
1
 10
253.891691
 20
3.248309
 10
253.892205
 20
3.248528
 10
253.891473
 20
3.248528
 10
253.891691
 20
3.248309
  0
LWPOLYLINE
  5
372
330
17
100
AcDbEntity
  8
VISTA
100
AcDbPolyline
 90
4
 70
1
 10
253.891691
 20
3.20169
 10
253.891473
 20
3.202205
 10
253.891473
 20
3.201472
 10
253.891691
 20
3.20169
  0
LWPOLYLINE
  5
373
330
17
100
AcDbEntity
  8
VISTA
100
AcDbPolyline
 90
4
 70
1
 10
254.20830899999999
 20
3.20169
 10
254.207795
 20
3.201472
 10
254.208528
 20
3.201472
 10
254.20830899999999
 20
3.20169
  0
LWPOLYLINE
  5
374
330
17
100
AcDbEntity
  8
VISTA
100
AcDbPolyline
 90
4
 70
1
 10
254.208528
 20
3.248528
 10
254.207795
 20
3.248528
 10
254.20830899999999
 20
3.248309
 10
254.208528
 20
3.248528
  0
LWPOLYLINE
  5
375
330
17
100
AcDbEntity
  8
VISTA
100
AcDbPolyline
 90
5
 70
1
 10
254.185
 20
3.204
 10
254.185
 20
3.202
 10
253.835
 20
3.202
 10
253.835
 20
3.204
 10
254.185
 20
3.204
  0
LWPOLYLINE
  5
376
330
17
100
AcDbEntity
  8
VISTA
100
AcDbPolyline
 90
5
 70
1
 10
253.026
 20
4.257
 10
253.025001
 20
3.33
 10
253.014001
 20
3.331
 10
253.014294
 20
4.257707
 10
253.026
 20
4.257
  0
LWPOLYLINE
  5
377
330
17
100
AcDbEntity
  8
VISTA
100
AcDbPolyline
 90
5
 70
1
 10
261.466625
 20
8.85
 10
261.466625
 20
8.65
 10
261.454624
 20
8.65
 10
261.454918
 20
8.85
 10
261.466625
 20
8.85
  0
LWPOLYLINE
  5
378
330
17
100
AcDbEntity
  8
VISTA
100
AcDbPolyline
 90
5
 70
1
 10
261.673944
 20
8.034585
 10
261.674999
 20
7.957071
 10
261.325996
 20
7.956087
 10
261.325001
 20
8.033595
 10
261.673944
 20
8.034585
  0
LWPOLYLINE
  5
379
330
17
100
AcDbEntity
  8
VISTA
100
AcDbPolyline
 90
10
 70
1
 10
261.464762
 20
7.98359
 10
261.499998
 20
7.982567
 10
261.567019
 20
7.986559
 10
261.60377352660487
 20
7.9953330000000005
 10
261.567019
 20
8.004107
 10
261.499998
 20
8.0081
 10
261.432978
 20
8.004107
 10
261.39622247339514
 20
7.9953330000000005
 10
261.407755
 20
7.991183
 10
261.464762
 20
7.98359
  0
LWPOLYLINE
  5
37A
330
17
100
AcDbEntity
  8
VISTA
100
AcDbPolyline
 90
5
 70
1
 10
261.584751
 20
8.85
 10
261.584751
 20
8.65
 10
261.57275
 20
8.65
 10
261.573044
 20
8.85
 10
261.584751
 20
8.85
  0
LWPOLYLINE
  5
37B
330
17
100
AcDbEntity
  8
VISTA
100
AcDbPolyline
 90
5
 70
1
 10
261.525
 20
8.9
 10
261.66
 20
8.83
 10
261.34
 20
8.83
 10
261.476904
 20
8.9
 10
261.525
 20
8.9
  0
LWPOLYLINE
  5
37C
330
17
100
AcDbEntity
  8
VISTA
100
AcDbPolyline
 90
5
 70
1
 10
253.026
 20
4.257
 10
253.025001
 20
3.33
 10
253.014001
 20
3.331
 10
253.014294
 20
4.257707
 10
253.026
 20
4.257
  0
LWPOLYLINE
  5
37D
330
17
100
AcDbEntity
  8
VISTA
100
AcDbPolyline
 90
5
 70
1
 10
261.466625
 20
8.85
 10
261.466625
 20
8.65
 10
261.454624
 20
8.65
 10
261.454918
 20
8.85
 10
261.466625
 20
8.85
  0
LWPOLYLINE
  5
37E
330
17
100
AcDbEntity
  8
VISTA
100
AcDbPolyline
 90
5
 70
1
 10
253.9965
 20
3.25
 10
253.9975
 20
3.245
 10
253.943501
 20
3.244
 10
253.942793
 20
3.249707
 10
253.9965
 20
3.25
  0
LWPOLYLINE
  5
37F
330
17
100
AcDbEntity
  8
VISTA
100
AcDbPolyline
 90
5
 70
1
 10
253.026
 20
4.257
 10
253.025001
 20
3.33
 10
253.014001
 20
3.331
 10
253.014294
 20
4.257707
 10
253.026
 20
4.257
  0
LWPOLYLINE
  5
380
330
17
100
AcDbEntity
  8
VISTA
100
AcDbPolyline
 90
13
 70
1
 10
252.937699
 20
3.047314
 10
252.936
 20
3.0487
 10
252.936314
 20
3.072284
 10
252.936715
 20
3.0713
 10
252.937699
 20
3.073
 10
252.957284
 20
3.072686
 10
252.9563
 20
3.072284
 10
252.957999
 20
3.0713
 10
252.957685
 20
3.047716
 10
252.957284
 20
3.0487
 10
252.9563
 20
3.047
 10
252.937699
 20
3.047
 10
252.937699
 20
3.047314
  0
LWPOLYLINE
  5
381
330
17
100
AcDbEntity
  8
VISTA
100
AcDbPolyline
 90
13
 70
1
 10
252.937699
 20
3.137314
 10
252.936
 20
3.1387
 10
252.936314
 20
3.162284
 10
252.936715
 20
3.1613
 10
252.937699
 20
3.163
 10
252.957284
 20
3.162686
 10
252.9563
 20
3.162284
 10
252.957999
 20
3.1613
 10
252.957685
 20
3.137716
 10
252.957284
 20
3.1387
 10
252.9563
 20
3.137
 10
252.937699
 20
3.137
 10
252.937699
 20
3.137314
  0
LWPOLYLINE
  5
382
330
17
100
AcDbEntity
  8
VISTA
100
AcDbPolyline
 90
13
 70
1
 10
254.003699
 20
3.047314
 10
254.002
 20
3.0487
 10
254.002314
 20
3.072284
 10
254.002715
 20
3.0713
 10
254.003699
 20
3.073
 10
254.023284
 20
3.072686
 10
254.0223
 20
3.072284
 10
254.023999
 20
3.0713
 10
254.023685
 20
3.047716
 10
254.023284
 20
3.0487
 10
254.0223
 20
3.047
 10
254.003699
 20
3.047
 10
254.003699
 20
3.047314
  0
LWPOLYLINE
  5
383
330
17
100
AcDbEntity
  8
VISTA
100
AcDbPolyline
 90
13
 70
1
 10
254.003699
 20
3.137314
 10
254.002
 20
3.1387
 10
254.002314
 20
3.162284
 10
254.002715
 20
3.1613
 10
254.003699
 20
3.163
 10
254.023284
 20
3.162686
 10
254.0223
 20
3.162284
 10
254.023999
 20
3.1613
 10
254.023685
 20
3.137716
 10
254.023284
 20
3.1387
 10
254.0223
 20
3.137
 10
254.003699
 20
3.137
 10
254.003699
 20
3.137314
  0
LWPOLYLINE
  5
384
330
17
100
AcDbEntity
  8
VISTA
100
AcDbPolyline
 90
9
 70
1
 10
254.212
 20
7.883715
 10
261.788
 20
7.883715
 10
261.790001
 20
7.881714
 10
261.790001
 20
7.830715
 10
261.788
 20
7.828714
 10
254.212
 20
7.828714
 10
254.21
 20
7.830715
 10
254.21
 20
7.881714
 10
254.212
 20
7.883715
  0
LWPOLYLINE
  5
385
330
17
100
AcDbEntity
  8
VISTA
100
AcDbPolyline
 90
5
 70
1
 10
252.992001
 20
3.283
 10
252.992001
 20
3.265
 10
252.982
 20
3.265
 10
252.982245
 20
3.283
 10
252.992001
 20
3.283
  0
LWPOLYLINE
  5
386
330
17
100
AcDbEntity
  8
VISTA
100
AcDbPolyline
 90
5
 70
1
 10
253.058001
 20
3.283
 10
253.058001
 20
3.265
 10
253.048
 20
3.265
 10
253.048245
 20
3.283
 10
253.058001
 20
3.283
  0
LWPOLYLINE
  5
387
330
17
100
AcDbEntity
  8
VISTA
100
AcDbPolyline
 90
8
 70
1
 10
261.788
 20
8.23
 10
261.789999
 20
8.228
 10
261.789999
 20
3.132
 10
261.788
 20
3.13
 10
261.282
 20
3.13
 10
261.28000099999997
 20
3.132
 10
261.28058599999997
 20
8.229414
 10
261.788
 20
8.23
  0
LWPOLYLINE
  5
388
330
17
100
AcDbEntity
  8
VISTA
100
AcDbPolyline
 90
5
 70
1
 10
253.084447
 20
3.238737
 10
253.08373699999999
 20
3.009343
 10
252.955554
 20
3.010053
 10
252.955554
 20
3.238737
 10
253.084447
 20
3.238737
  0
LWPOLYLINE
  5
389
330
17
100
AcDbEntity
  8
VISTA
100
AcDbPolyline
 90
4
 70
1
 10
252.95591907361236
 20
3.0115226269553994
 10
252.95591907361236
 20
3.011522626955399
 10
252.95598068888592
 20
3.0111545783881564
 10
252.95591907361236
 20
3.0115226269553994
  0
LWPOLYLINE
  5
38A
330
17
100
AcDbEntity
  8
VISTA
100
AcDbPolyline
 90
4
 70
1
 10
252.95640207712162
 20
3.2378906863253736
 10
252.95629266864637
 20
3.2371849312252943
 10
252.95629266864637
 20
3.2371849312252947
 10
252.95640207712162
 20
3.2378906863253736
  0
LWPOLYLINE
  5
38B
330
17
100
AcDbEntity
  8
VISTA
100
AcDbPolyline
 90
5
 70
1
 10
254.004446
 20
3.238737
 10
254.003736
 20
3.009343
 10
253.875553
 20
3.010053
 10
253.875553
 20
3.238737
 10
254.004446
 20
3.238737
  0
LWPOLYLINE
  5
38C
330
17
100
AcDbEntity
  8
VISTA
100
AcDbPolyline
 90
4
 70
1
 10
253.87591807361238
 20
3.0115226269553994
 10
253.87591807361238
 20
3.011522626955399
 10
253.8759796888859
 20
3.0111545783881564
 10
253.87591807361238
 20
3.0115226269553994
  0
LWPOLYLINE
  5
38D
330
17
100
AcDbEntity
  8
VISTA
100
AcDbPolyline
 90
5
 70
1
 10
253.0
 20
3.25
 10
253.959999
 20
3.25
 10
253.959999
 20
3.229928
 10
253.0
 20
3.23
 10
253.0
 20
3.25
  0
LWPOLYLINE
  5
38E
330
17
100
AcDbEntity
  8
VISTA
100
AcDbPolyline
 90
5
 70
1
 10
261.798706
 20
8.249707
 10
261.798706
 20
7.930293
 10
261.259293
 20
7.930293
 10
261.259293
 20
8.249707
 10
261.798706
 20
8.249707
  0
LWPOLYLINE
  5
38F
330
17
100
AcDbEntity
  8
VISTA
100
AcDbPolyline
 90
9
 70
1
 10
259.25
 20
2.5955
 10
259.254499
 20
2.6
 10
259.3855
 20
2.6
 10
259.389999
 20
2.5955
 10
259.389999
 20
0.0045
 10
259.3855
 20
0.0
 10
259.254499
 20
0.0
 10
259.25
 20
0.0045
 10
259.25
 20
2.5955
  0
LWPOLYLINE
  5
390
330
17
100
AcDbEntity
  8
VISTA
100
AcDbPolyline
 90
8
 70
1
 10
253.002501
 20
4.2983
 10
253.0042
 20
4.3
 10
253.035801
 20
4.3
 10
253.0375
 20
4.2983
 10
253.0375
 20
3.2517
 10
253.035801
 20
3.25
 10
253.003348
 20
3.2505
 10
253.002501
 20
4.2983
  0
LWPOLYLINE
  5
391
330
17
100
AcDbEntity
  8
VISTA
100
AcDbPolyline
 90
8
 70
1
 10
253.0705
 20
3.266
 10
253.0725
 20
3.264
 10
253.0725
 20
3.256
 10
253.0705
 20
3.254
 10
252.969501
 20
3.254
 10
252.967501
 20
3.256
 10
252.968086
 20
3.265414
 10
253.0705
 20
3.266
  0
LWPOLYLINE
  5
392
330
17
100
AcDbEntity
  8
VISTA
100
AcDbPolyline
 90
10
 70
1
 10
252.9775
 20
4.2983
 10
252.9792
 20
4.3
 10
253.010799
 20
4.3
 10
253.0125
 20
4.2983
 10
253.0125
 20
3.251492
 10
253.010799
 20
3.249792
 10
252.9792
 20
3.249792
 10
252.978216
 20
3.250106
 10
252.978216
 20
3.250314
 10
252.9775
 20
4.2983
  0
LWPOLYLINE
  5
393
330
17
100
AcDbEntity
  8
VISTA
100
AcDbPolyline
 90
4
 70
1
 10
252.9788959734219
 20
3.2500970166112957
 10
252.9788959734219
 20
3.2500970166112957
 10
252.978216
 20
3.250314
 10
252.9788959734219
 20
3.2500970166112957
  0
LWPOLYLINE
  5
394
330
17
100
AcDbEntity
  8
VISTA
100
AcDbPolyline
 90
4
 70
1
 10
252.97821621119766
 20
4.298075366384902
 10
252.978216
 20
4.2983
 10
252.97821621119766
 20
4.298075366384899
 10
252.97821621119766
 20
4.298075366384902
  0
LWPOLYLINE
  5
395
330
17
100
AcDbEntity
  8
VISTA
100
AcDbPolyline
 90
4
 70
1
 10
253.01218596117775
 20
4.298079177295243
 10
253.01218596114646
 20
4.298078999366519
 10
253.01218596117775
 20
4.29807917729524
 10
253.01218596117775
 20
4.298079177295243
  0
LWPOLYLINE
  5
396
330
17
100
AcDbEntity
  8
VISTA
100
AcDbPolyline
 90
8
 70
1
 10
253.9475
 20
4.2983
 10
253.9492
 20
4.3
 10
253.98080099999999
 20
4.3
 10
253.9825
 20
4.2983
 10
253.9825
 20
3.251492
 10
253.98080099999999
 20
3.249792
 10
253.948348
 20
3.2505
 10
253.9475
 20
4.2983
  0
LWPOLYLINE
  5
397
330
17
100
AcDbEntity
  8
VISTA
100
AcDbPolyline
 90
4
 70
1
 10
253.94821621119766
 20
4.298075366384902
 10
253.948216
 20
4.2983
 10
253.94821621119766
 20
4.298075366384899
 10
253.94821621119766
 20
4.298075366384902
  0
LWPOLYLINE
  5
398
330
17
100
AcDbEntity
  8
VISTA
100
AcDbPolyline
 90
4
 70
1
 10
253.98218596117775
 20
4.298079177295243
 10
253.98218596114646
 20
4.298078999366519
 10
253.98218596117775
 20
4.29807917729524
 10
253.98218596117775
 20
4.298079177295243
  0
LWPOLYLINE
  5
399
330
17
100
AcDbEntity
  8
VISTA
100
AcDbPolyline
 90
5
 70
1
 10
252.992001
 20
3.283
 10
252.992001
 20
3.265
 10
252.982
 20
3.265
 10
252.982245
 20
3.283
 10
252.992001
 20
3.283
  0
LWPOLYLINE
  5
39A
330
17
100
AcDbEntity
  8
VISTA
100
AcDbPolyline
 90
5
 70
1
 10
253.058001
 20
3.283
 10
253.058001
 20
3.265
 10
253.048
 20
3.265
 10
253.048245
 20
3.283
 10
253.058001
 20
3.283
  0
LWPOLYLINE
  5
39B
330
17
100
AcDbEntity
  8
VISTA
100
AcDbPolyline
 90
8
 70
1
 10
261.618
 20
6.645
 10
261.620001
 20
6.643
 10
261.620001
 20
6.607
 10
261.618
 20
6.605
 10
261.122002
 20
6.605
 10
261.120001
 20
6.607
 10
261.120586
 20
6.644414
 10
261.618
 20
6.645
  0
LWPOLYLINE
  5
39C
330
17
100
AcDbEntity
  8
VISTA
100
AcDbPolyline
 90
5
 70
1
 10
253.014001
 20
4.205118
 10
253.025
 20
4.206118
 10
253.026
 20
3.266987
 10
253.014001
 20
3.266987
 10
253.014001
 20
4.205118
  0
LWPOLYLINE
  5
39D
330
17
100
AcDbEntity
  8
VISTA
100
AcDbPolyline
 90
5
 70
1
 10
253.974
 20
4.205118
 10
253.984999
 20
4.206118
 10
253.985999
 20
3.266987
 10
253.974
 20
3.266987
 10
253.974
 20
4.205118
  0
LWPOLYLINE
  5
39E
330
17
100
AcDbEntity
  8
VISTA
100
AcDbPolyline
 90
11
 70
1
 10
253.9765
 20
3.25
 10
253.978974
 20
3.248975
 10
253.98
 20
3.2465
 10
253.98
 20
3.1785
 10
253.978974
 20
3.176025
 10
253.9765
 20
3.175
 10
252.9835
 20
3.175
 10
252.981025
 20
3.176025
 10
252.98
 20
3.1785
 10
252.981025
 20
3.248975
 10
253.9765
 20
3.25
  0
LWPOLYLINE
  5
39F
330
17
100
AcDbEntity
  8
VISTA
100
AcDbPolyline
 90
4
 70
1
 10
252.981746
 20
3.248253
 10
252.981746
 20
3.24897
 10
252.98103
 20
3.248253
 10
252.981746
 20
3.248253
  0
LWPOLYLINE
  5
3A0
330
17
100
AcDbEntity
  8
VISTA
100
AcDbPolyline
 90
4
 70
1
 10
252.981288
 20
3.176288
 10
252.981746
 20
3.17603
 10
252.981746
 20
3.176746
 10
252.981288
 20
3.176288
  0
LWPOLYLINE
  5
3A1
330
17
100
AcDbEntity
  8
VISTA
100
AcDbPolyline
 90
4
 70
1
 10
253.97897
 20
3.248253
 10
253.978253
 20
3.24897
 10
253.978253
 20
3.248253
 10
253.97897
 20
3.248253
  0
LWPOLYLINE
  5
3A2
330
17
100
AcDbEntity
  8
VISTA
100
AcDbPolyline
 90
4
 70
1
 10
253.978253
 20
3.17603
 10
253.97897
 20
3.176746
 10
253.978253
 20
3.176746
 10
253.978253
 20
3.17603
  0
LWPOLYLINE
  5
3A3
330
17
100
AcDbEntity
  8
VISTA
100
AcDbPolyline
 90
5
 70
1
 10
253.035
 20
3.1355
 10
253.924999
 20
3.1355
 10
253.924999
 20
3.1005
 10
253.035
 20
3.1005
 10
253.035
 20
3.1355
  0
LWPOLYLINE
  5
3A4
330
17
100
AcDbEntity
  8
VISTA
100
AcDbPolyline
 90
8
 70
1
 10
253.875
 20
5.8683
 10
253.8767
 20
5.87
 10
253.98329999999999
 20
5.87
 10
253.985001
 20
5.8683
 10
253.985001
 20
3.2717
 10
253.98329999999999
 20
3.27
 10
253.875849
 20
3.270501
 10
253.875
 20
5.8683
  0
LWPOLYLINE
  5
3A5
330
17
100
AcDbEntity
  8
VISTA
100
AcDbPolyline
 90
5
 70
1
 10
254.185
 20
3.242
 10
254.185
 20
3.202
 10
253.835
 20
3.202
 10
253.835
 20
3.242
 10
254.185
 20
3.242
  0
LWPOLYLINE
  5
3A6
330
17
100
AcDbEntity
  8
VISTA
100
AcDbPolyline
 90
5
 70
1
 10
253.0307
 20
3.255
 10
253.929999
 20
3.2543
 10
253.92929900000001
 20
3.25
 10
253.030205
 20
3.2507
 10
253.0307
 20
3.255
  0
LWPOLYLINE
  5
3A7
330
17
100
AcDbEntity
  8
VISTA
100
AcDbPolyline
 90
5
 70
1
 10
253.014001
 20
4.121171
 10
253.025
 20
4.12217
 10
253.026
 20
3.183039
 10
253.014001
 20
3.183039
 10
253.014001
 20
4.121171
  0
LWPOLYLINE
  5
3A8
330
17
100
AcDbEntity
  8
VISTA
100
AcDbPolyline
 90
4
 70
1
 10
253.01405640974212
 20
4.1211727020057305
 10
253.01405640974212
 20
4.121172702005731
 10
253.014001
 20
4.121171
 10
253.01405640974212
 20
4.1211727020057305
  0
LWPOLYLINE
  5
3A9
330
17
100
AcDbEntity
  8
VISTA
100
AcDbPolyline
 90
5
 70
1
 10
253.974
 20
4.121171
 10
253.984999
 20
4.12217
 10
253.985999
 20
3.183039
 10
253.974
 20
3.183039
 10
253.974
 20
4.121171
  0
LWPOLYLINE
  5
3AA
330
17
100
AcDbEntity
  8
VISTA
100
AcDbPolyline
 90
4
 70
1
 10
253.9740554097421
 20
4.1211727020057305
 10
253.9740554097421
 20
4.121172702005731
 10
253.974
 20
4.121171
 10
253.9740554097421
 20
4.1211727020057305
  0
LWPOLYLINE
  5
3AB
330
17
100
AcDbEntity
  8
VISTA
100
AcDbPolyline
 90
5
 70
1
 10
253.025
 20
3.205
 10
253.934999
 20
3.205
 10
253.934999
 20
3.199
 10
253.025
 20
3.199
 10
253.025
 20
3.205
  0
LWPOLYLINE
  5
3AC
330
17
100
AcDbEntity
  8
VISTA
100
AcDbPolyline
 90
5
 70
1
 10
253.014001
 20
4.037223
 10
253.025
 20
4.038223
 10
253.026
 20
3.099092
 10
253.014001
 20
3.099092
 10
253.014001
 20
4.037223
  0
LWPOLYLINE
  5
3AD
330
17
100
AcDbEntity
  8
VISTA
100
AcDbPolyline
 90
5
 70
1
 10
253.974
 20
4.037223
 10
253.984999
 20
4.038223
 10
253.985999
 20
3.099092
 10
253.974
 20
3.099092
 10
253.974
 20
4.037223
  0
LWPOLYLINE
  5
3AE
330
17
100
AcDbEntity
  8
VISTA
100
AcDbPolyline
 90
11
 70
1
 10
253.9765
 20
3.072778
 10
253.978974
 20
3.071753
 10
253.98
 20
3.069278
 10
253.98
 20
3.001278
 10
253.978974
 20
2.998803
 10
253.9765
 20
2.997778
 10
252.9835
 20
2.997778
 10
252.981025
 20
2.998803
 10
252.98
 20
3.001278
 10
252.981025
 20
3.071753
 10
253.9765
 20
3.072778
  0
LWPOLYLINE
  5
3AF
330
17
100
AcDbEntity
  8
VISTA
100
AcDbPolyline
 90
4
 70
1
 10
252.981746
 20
3.071031
 10
252.981746
 20
3.071747
 10
252.98103
 20
3.071031
 10
252.981746
 20
3.071031
  0
LWPOLYLINE
  5
3B0
330
17
100
AcDbEntity
  8
VISTA
100
AcDbPolyline
 90
4
 70
1
 10
252.9810273484064
 20
3.071413890117107
 10
252.981288
 20
3.071489
 10
252.9810273484064
 20
3.0714138901171073
 10
252.9810273484064
 20
3.071413890117107
  0
LWPOLYLINE
  5
3B1
330
17
100
AcDbEntity
  8
VISTA
100
AcDbPolyline
 90
4
 70
1
 10
252.981288
 20
2.999066
 10
252.981746
 20
2.998808
 10
252.981746
 20
2.999524
 10
252.981288
 20
2.999066
  0
LWPOLYLINE
  5
3B2
330
17
100
AcDbEntity
  8
VISTA
100
AcDbPolyline
 90
4
 70
1
 10
253.97897
 20
3.071031
 10
253.978253
 20
3.071747
 10
253.978253
 20
3.071031
 10
253.97897
 20
3.071031
  0
LWPOLYLINE
  5
3B3
330
17
100
AcDbEntity
  8
VISTA
100
AcDbPolyline
 90
4
 70
1
 10
253.978253
 20
2.998808
 10
253.97897
 20
2.999524
 10
253.978253
 20
2.999524
 10
253.978253
 20
2.998808
  0
LWPOLYLINE
  5
3B4
330
17
100
AcDbEntity
  8
VISTA
100
AcDbPolyline
 90
5
 70
1
 10
253.035
 20
2.961056
 10
253.924999
 20
2.961056
 10
253.924999
 20
2.926056
 10
253.035
 20
2.926056
 10
253.035
 20
2.961056
  0
LWPOLYLINE
  5
3B5
330
17
100
AcDbEntity
  8
VISTA
100
AcDbPolyline
 90
9
 70
1
 10
254.0
 20
6.3955
 10
254.0045
 20
6.4
 10
254.1955
 20
6.4
 10
254.200001
 20
6.3955
 10
254.200001
 20
3.2045
 10
254.1955
 20
3.2
 10
254.0045
 20
3.2
 10
254.0
 20
3.2045
 10
254.0
 20
6.3955
  0
LWPOLYLINE
  5
3B6
330
17
100
AcDbEntity
  8
VISTA
100
AcDbPolyline
 90
5
 70
1
 10
253.014001
 20
3.953276
 10
253.025
 20
3.954276
 10
253.026
 20
3.015145
 10
253.014001
 20
3.015145
 10
253.014001
 20
3.953276
  0
LWPOLYLINE
  5
3B7
330
17
100
AcDbEntity
  8
VISTA
100
AcDbPolyline
 90
5
 70
1
 10
253.974
 20
3.953276
 10
253.984999
 20
3.954276
 10
253.985999
 20
3.015145
 10
253.974
 20
3.015145
 10
253.974
 20
3.953276
  0
LWPOLYLINE
  5
3B8
330
17
100
AcDbEntity
  8
VISTA
100
AcDbPolyline
 90
5
 70
1
 10
253.0307
 20
3.077778
 10
253.929999
 20
3.077078
 10
253.92929900000001
 20
3.072778
 10
253.030205
 20
3.073478
 10
253.0307
 20
3.077778
  0
LWPOLYLINE
  5
3B9
330
17
100
AcDbEntity
  8
VISTA
100
AcDbPolyline
 90
5
 70
1
 10
253.025
 20
3.030555
 10
253.934999
 20
3.030555
 10
253.934999
 20
3.024555
 10
253.025
 20
3.024555
 10
253.025
 20
3.030555
  0
LWPOLYLINE
  5
3BA
330
17
100
AcDbEntity
  8
VISTA
100
AcDbPolyline
 90
5
 70
1
 10
253.014001
 20
3.869329
 10
253.025
 20
3.870329
 10
253.026
 20
2.931197
 10
253.014001
 20
2.931197
 10
253.014001
 20
3.869329
  0
LWPOLYLINE
  5
3BB
330
17
100
AcDbEntity
  8
VISTA
100
AcDbPolyline
 90
5
 70
1
 10
253.974
 20
3.869329
 10
253.984999
 20
3.870329
 10
253.985999
 20
2.931197
 10
253.974
 20
2.931197
 10
253.974
 20
3.869329
  0
LWPOLYLINE
  5
3BC
330
17
100
AcDbEntity
  8
VISTA
100
AcDbPolyline
 90
12
 70
1
 10
253.926499
 20
5.78
 10
254.0435
 20
5.78
 10
254.04632900000001
 20
5.778829
 10
254.0475
 20
5.776
 10
254.0475
 20
4.064
 10
254.04632900000001
 20
4.061172
 10
254.0435
 20
4.06
 10
253.926499
 20
4.06
 10
253.923671
 20
4.061172
 10
253.9225
 20
4.064
 10
253.923238
 20
5.778316
 10
253.926499
 20
5.78
  0
LWPOLYLINE
  5
3BD
330
17
100
AcDbEntity
  8
VISTA
100
AcDbPolyline
 90
4
 70
1
 10
253.924191
 20
5.778309
 10
253.924705
 20
5.778528
 10
253.923972
 20
5.778528
 10
253.924191
 20
5.778309
  0
LWPOLYLINE
  5
3BE
330
17
100
AcDbEntity
  8
VISTA
100
AcDbPolyline
 90
4
 70
1
 10
253.924191
 20
4.061691
 10
253.923972
 20
4.062205
 10
253.923972
 20
4.061472
 10
253.924191
 20
4.061691
  0
LWPOLYLINE
  5
3BF
330
17
100
AcDbEntity
  8
VISTA
100
AcDbPolyline
 90
4
 70
1
 10
254.045809
 20
4.061691
 10
254.045295
 20
4.061472
 10
254.046027
 20
4.061472
 10
254.045809
 20
4.061691
  0
LWPOLYLINE
  5
3C0
330
17
100
AcDbEntity
  8
VISTA
100
AcDbPolyline
 90
4
 70
1
 10
254.046027
 20
5.778528
 10
254.045295
 20
5.778528
 10
254.045809
 20
5.778309
 10
254.046027
 20
5.778528
  0
LWPOLYLINE
  5
3C1
330
17
100
AcDbEntity
  8
VISTA
100
AcDbPolyline
 90
5
 70
1
 10
253.889999
 20
5.78
 10
253.92
 20
5.78
 10
253.92
 20
4.02
 10
253.889999
 20
4.02
 10
253.889999
 20
5.78
  0
LWPOLYLINE
  5
3C2
330
17
100
AcDbEntity
  8
VISTA
100
AcDbPolyline
 90
11
 70
1
 10
253.9765
 20
2.895555
 10
253.978974
 20
2.894531
 10
253.98
 20
2.892056
 10
253.98
 20
2.824056
 10
253.978974
 20
2.821581
 10
253.9765
 20
2.820556
 10
252.9835
 20
2.820556
 10
252.981025
 20
2.821581
 10
252.98
 20
2.824056
 10
252.981025
 20
2.894531
 10
253.9765
 20
2.895555
  0
LWPOLYLINE
  5
3C3
330
17
100
AcDbEntity
  8
VISTA
100
AcDbPolyline
 90
4
 70
1
 10
252.981746
 20
2.893809
 10
252.981746
 20
2.894526
 10
252.98103
 20
2.893809
 10
252.981746
 20
2.893809
  0
LWPOLYLINE
  5
3C4
330
17
100
AcDbEntity
  8
VISTA
100
AcDbPolyline
 90
4
 70
1
 10
252.9810273484064
 20
2.894191890117107
 10
252.981288
 20
2.894267
 10
252.9810273484064
 20
2.8941918901171073
 10
252.9810273484064
 20
2.894191890117107
  0
LWPOLYLINE
  5
3C5
330
17
100
AcDbEntity
  8
VISTA
100
AcDbPolyline
 90
4
 70
1
 10
252.981288
 20
2.821844
 10
252.981746
 20
2.821586
 10
252.981746
 20
2.822302
 10
252.981288
 20
2.821844
  0
LWPOLYLINE
  5
3C6
330
17
100
AcDbEntity
  8
VISTA
100
AcDbPolyline
 90
4
 70
1
 10
253.97897
 20
2.893809
 10
253.978253
 20
2.894526
 10
253.978253
 20
2.893809
 10
253.97897
 20
2.893809
  0
LWPOLYLINE
  5
3C7
330
17
100
AcDbEntity
  8
VISTA
100
AcDbPolyline
 90
4
 70
1
 10
253.978253
 20
2.821586
 10
253.97897
 20
2.822302
 10
253.978253
 20
2.822302
 10
253.978253
 20
2.821586
  0
LWPOLYLINE
  5
3C8
330
17
100
AcDbEntity
  8
VISTA
100
AcDbPolyline
 90
5
 70
1
 10
253.035
 20
2.786611
 10
253.924999
 20
2.786611
 10
253.924999
 20
2.751611
 10
253.035
 20
2.751611
 10
253.035
 20
2.786611
  0
LWPOLYLINE
  5
3C9
330
17
100
AcDbEntity
  8
VISTA
100
AcDbPolyline
 90
5
 70
1
 10
253.9675
 20
5.78
 10
254.0025
 20
5.78
 10
254.0025
 20
4.06
 10
253.9675
 20
4.06
 10
253.9675
 20
5.78
  0
LWPOLYLINE
  5
3CA
330
17
100
AcDbEntity
  8
VISTA
100
AcDbPolyline
 90
5
 70
1
 10
253.014001
 20
3.785381
 10
253.025
 20
3.786381
 10
253.026
 20
2.84725
 10
253.014001
 20
2.84725
 10
253.014001
 20
3.785381
  0
LWPOLYLINE
  5
3CB
330
17
100
AcDbEntity
  8
VISTA
100
AcDbPolyline
 90
5
 70
1
 10
253.974
 20
3.785381
 10
253.984999
 20
3.786381
 10
253.985999
 20
2.84725
 10
253.974
 20
2.84725
 10
253.974
 20
3.785381
  0
LWPOLYLINE
  5
3CC
330
17
100
AcDbEntity
  8
VISTA
100
AcDbPolyline
 90
5
 70
1
 10
253.0307
 20
2.900556
 10
253.929999
 20
2.899856
 10
253.92929900000001
 20
2.895555
 10
253.030205
 20
2.896255
 10
253.0307
 20
2.900556
  0
LWPOLYLINE
  5
3CD
330
17
100
AcDbEntity
  8
VISTA
100
AcDbPolyline
 90
5
 70
1
 10
253.025
 20
2.856111
 10
253.934999
 20
2.856111
 10
253.934999
 20
2.850111
 10
253.025
 20
2.850111
 10
253.025
 20
2.856111
  0
LWPOLYLINE
  5
3CE
330
17
100
AcDbEntity
  8
VISTA
100
AcDbPolyline
 90
8
 70
1
 10
252.9775
 20
3.766841
 10
252.9792
 20
3.768541
 10
253.010799
 20
3.768541
 10
253.0125
 20
3.766841
 10
253.0125
 20
2.719826
 10
253.010799
 20
2.718126
 10
252.978216
 20
2.718855
 10
252.9775
 20
3.766841
  0
LWPOLYLINE
  5
3CF
330
17
100
AcDbEntity
  8
VISTA
100
AcDbPolyline
 90
4
 70
1
 10
252.97821642239694
 20
3.766409732780181
 10
252.978216
 20
3.766859
 10
252.97821642239694
 20
3.7664097327801787
 10
252.97821642239694
 20
3.766409732780181
  0
LWPOLYLINE
  5
3D0
330
17
100
AcDbEntity
  8
VISTA
100
AcDbPolyline
 90
8
 70
1
 10
253.9475
 20
3.766841
 10
253.9492
 20
3.768541
 10
253.98080099999999
 20
3.768541
 10
253.9825
 20
3.766841
 10
253.9825
 20
2.719826
 10
253.98080099999999
 20
2.718126
 10
253.948216
 20
2.718855
 10
253.9475
 20
3.766841
  0
LWPOLYLINE
  5
3D1
330
17
100
AcDbEntity
  8
VISTA
100
AcDbPolyline
 90
4
 70
1
 10
253.94821642239694
 20
3.766409732780181
 10
253.948216
 20
3.766859
 10
253.94821642239694
 20
3.7664097327801787
 10
253.94821642239694
 20
3.766409732780181
  0
LWPOLYLINE
  5
3D2
330
17
100
AcDbEntity
  8
VISTA
100
AcDbPolyline
 90
5
 70
1
 10
253.014001
 20
3.701434
 10
253.025
 20
3.702434
 10
253.026
 20
2.763303
 10
253.014001
 20
2.763303
 10
253.014001
 20
3.701434
  0
LWPOLYLINE
  5
3D3
330
17
100
AcDbEntity
  8
VISTA
100
AcDbPolyline
 90
5
 70
1
 10
253.974
 20
3.701434
 10
253.984999
 20
3.702434
 10
253.985999
 20
2.763303
 10
253.974
 20
2.763303
 10
253.974
 20
3.701434
  0
LWPOLYLINE
  5
3D4
330
17
100
AcDbEntity
  8
VISTA
100
AcDbPolyline
 90
8
 70
1
 10
260.197001
 20
2.6
 10
260.199999
 20
2.597
 10
260.199999
 20
2.383
 10
260.197001
 20
2.38
 10
259.442999
 20
2.38
 10
259.440001
 20
2.383
 10
259.440878
 20
2.599121
 10
260.197001
 20
2.6
  0
LWPOLYLINE
  5
3D5
330
17
100
AcDbEntity
  8
VISTA
100
AcDbPolyline
 90
11
 70
1
 10
253.9765
 20
2.718333
 10
253.978974
 20
2.717308
 10
253.98
 20
2.714833
 10
253.98
 20
2.646833
 10
253.978974
 20
2.644358
 10
253.9765
 20
2.643333
 10
252.9835
 20
2.643333
 10
252.981025
 20
2.644358
 10
252.98
 20
2.646833
 10
252.981025
 20
2.717308
 10
253.9765
 20
2.718333
  0
LWPOLYLINE
  5
3D6
330
17
100
AcDbEntity
  8
VISTA
100
AcDbPolyline
 90
4
 70
1
 10
252.981746
 20
2.716587
 10
252.981746
 20
2.717303
 10
252.98103
 20
2.716587
 10
252.981746
 20
2.716587
  0
LWPOLYLINE
  5
3D7
330
17
100
AcDbEntity
  8
VISTA
100
AcDbPolyline
 90
4
 70
1
 10
252.981288
 20
2.644622
 10
252.981746
 20
2.644363
 10
252.981746
 20
2.64508
 10
252.981288
 20
2.644622
  0
LWPOLYLINE
  5
3D8
330
17
100
AcDbEntity
  8
VISTA
100
AcDbPolyline
 90
4
 70
1
 10
253.97897
 20
2.716587
 10
253.978253
 20
2.717303
 10
253.978253
 20
2.716587
 10
253.97897
 20
2.716587
  0
LWPOLYLINE
  5
3D9
330
17
100
AcDbEntity
  8
VISTA
100
AcDbPolyline
 90
4
 70
1
 10
253.978253
 20
2.644363
 10
253.97897
 20
2.64508
 10
253.978253
 20
2.64508
 10
253.978253
 20
2.644363
  0
LWPOLYLINE
  5
3DA
330
17
100
AcDbEntity
  8
VISTA
100
AcDbPolyline
 90
5
 70
1
 10
253.035
 20
2.612167
 10
253.924999
 20
2.612167
 10
253.924999
 20
2.577167
 10
253.035
 20
2.577167
 10
253.035
 20
2.612167
  0
LWPOLYLINE
  5
3DB
330
17
100
AcDbEntity
  8
VISTA
100
AcDbPolyline
 90
9
 70
1
 10
254.212
 20
7.734429
 10
261.788
 20
7.734429
 10
261.790001
 20
7.732429
 10
261.790001
 20
7.681429
 10
261.788
 20
7.679429
 10
254.212
 20
7.679429
 10
254.21
 20
7.681429
 10
254.21
 20
7.732429
 10
254.212
 20
7.734429
  0
LWPOLYLINE
  5
3DC
330
17
100
AcDbEntity
  8
VISTA
100
AcDbPolyline
 90
5
 70
1
 10
253.014001
 20
3.617487
 10
253.025
 20
3.618487
 10
253.026
 20
2.679355
 10
253.014001
 20
2.679355
 10
253.014001
 20
3.617487
  0
LWPOLYLINE
  5
3DD
330
17
100
AcDbEntity
  8
VISTA
100
AcDbPolyline
 90
5
 70
1
 10
253.974
 20
3.617487
 10
253.984999
 20
3.618487
 10
253.985999
 20
2.679355
 10
253.974
 20
2.679355
 10
253.974
 20
3.617487
  0
LWPOLYLINE
  5
3DE
330
17
100
AcDbEntity
  8
VISTA
100
AcDbPolyline
 90
5
 70
1
 10
253.0307
 20
2.723333
 10
253.929999
 20
2.722633
 10
253.92929900000001
 20
2.718333
 10
253.030205
 20
2.719033
 10
253.0307
 20
2.723333
  0
LWPOLYLINE
  5
3DF
330
17
100
AcDbEntity
  8
VISTA
100
AcDbPolyline
 90
5
 70
1
 10
253.025
 20
2.681667
 10
253.934999
 20
2.681667
 10
253.934999
 20
2.675667
 10
253.025
 20
2.675667
 10
253.025
 20
2.681667
  0
LWPOLYLINE
  5
3E0
330
17
100
AcDbEntity
  8
VISTA
100
AcDbPolyline
 90
5
 70
1
 10
253.014001
 20
3.533539
 10
253.025
 20
3.534539
 10
253.026
 20
2.595408
 10
253.014001
 20
2.595408
 10
253.014001
 20
3.533539
  0
LWPOLYLINE
  5
3E1
330
17
100
AcDbEntity
  8
VISTA
100
AcDbPolyline
 90
5
 70
1
 10
253.974
 20
3.533539
 10
253.984999
 20
3.534539
 10
253.985999
 20
2.595408
 10
253.974
 20
2.595408
 10
253.974
 20
3.533539
  0
LWPOLYLINE
  5
3E2
330
17
100
AcDbEntity
  8
VISTA
100
AcDbPolyline
 90
11
 70
1
 10
253.9765
 20
2.541111
 10
253.978974
 20
2.540086
 10
253.98
 20
2.537611
 10
253.98
 20
2.469611
 10
253.978974
 20
2.467136
 10
253.9765
 20
2.466111
 10
252.9835
 20
2.466111
 10
252.981025
 20
2.467136
 10
252.98
 20
2.469611
 10
252.981025
 20
2.540086
 10
253.9765
 20
2.541111
  0
LWPOLYLINE
  5
3E3
330
17
100
AcDbEntity
  8
VISTA
100
AcDbPolyline
 90
4
 70
1
 10
252.981746
 20
2.539365
 10
252.981746
 20
2.540081
 10
252.98103
 20
2.539365
 10
252.981746
 20
2.539365
  0
LWPOLYLINE
  5
3E4
330
17
100
AcDbEntity
  8
VISTA
100
AcDbPolyline
 90
4
 70
1
 10
252.981027347546
 20
2.539747483868464
 10
252.981288
 20
2.539823
 10
252.981027347546
 20
2.5397474838684646
 10
252.981027347546
 20
2.539747483868464
  0
LWPOLYLINE
  5
3E5
330
17
100
AcDbEntity
  8
VISTA
100
AcDbPolyline
 90
4
 70
1
 10
252.981288
 20
2.467399
 10
252.981746
 20
2.467141
 10
252.981746
 20
2.467858
 10
252.981288
 20
2.467399
  0
LWPOLYLINE
  5
3E6
330
17
100
AcDbEntity
  8
VISTA
100
AcDbPolyline
 90
4
 70
1
 10
253.97897
 20
2.539365
 10
253.978253
 20
2.540081
 10
253.978253
 20
2.539365
 10
253.97897
 20
2.539365
  0
LWPOLYLINE
  5
3E7
330
17
100
AcDbEntity
  8
VISTA
100
AcDbPolyline
 90
4
 70
1
 10
253.978253
 20
2.467141
 10
253.97897
 20
2.467858
 10
253.978253
 20
2.467858
 10
253.978253
 20
2.467141
  0
LWPOLYLINE
  5
3E8
330
17
100
AcDbEntity
  8
VISTA
100
AcDbPolyline
 90
5
 70
1
 10
253.035
 20
2.437722
 10
253.924999
 20
2.437722
 10
253.924999
 20
2.402722
 10
253.035
 20
2.402722
 10
253.035
 20
2.437722
  0
LWPOLYLINE
  5
3E9
330
17
100
AcDbEntity
  8
VISTA
100
AcDbPolyline
 90
5
 70
1
 10
253.014001
 20
3.449592
 10
253.025
 20
3.450592
 10
253.026
 20
2.511461
 10
253.014001
 20
2.511461
 10
253.014001
 20
3.449592
  0
LWPOLYLINE
  5
3EA
330
17
100
AcDbEntity
  8
VISTA
100
AcDbPolyline
 90
5
 70
1
 10
253.974
 20
3.449592
 10
253.984999
 20
3.450592
 10
253.985999
 20
2.511461
 10
253.974
 20
2.511461
 10
253.974
 20
3.449592
  0
LWPOLYLINE
  5
3EB
330
17
100
AcDbEntity
  8
VISTA
100
AcDbPolyline
 90
5
 70
1
 10
253.0307
 20
2.546111
 10
253.929999
 20
2.545411
 10
253.92929900000001
 20
2.541111
 10
253.030205
 20
2.541811
 10
253.0307
 20
2.546111
  0
LWPOLYLINE
  5
3EC
330
17
100
AcDbEntity
  8
VISTA
100
AcDbPolyline
 90
5
 70
1
 10
253.025
 20
2.507222
 10
253.934999
 20
2.507222
 10
253.934999
 20
2.501222
 10
253.025
 20
2.501222
 10
253.025
 20
2.507222
  0
LWPOLYLINE
  5
3ED
330
17
100
AcDbEntity
  8
VISTA
100
AcDbPolyline
 90
5
 70
1
 10
253.014001
 20
3.365644
 10
253.025
 20
3.366645
 10
253.026
 20
2.427513
 10
253.014001
 20
2.427513
 10
253.014001
 20
3.365644
  0
LWPOLYLINE
  5
3EE
330
17
100
AcDbEntity
  8
VISTA
100
AcDbPolyline
 90
5
 70
1
 10
253.974
 20
3.365644
 10
253.984999
 20
3.366645
 10
253.985999
 20
2.427513
 10
253.974
 20
2.427513
 10
253.974
 20
3.365644
  0
LWPOLYLINE
  5
3EF
330
17
100
AcDbEntity
  8
VISTA
100
AcDbPolyline
 90
9
 70
1
 10
259.468477
 20
2.36
 10
259.538851
 20
2.36
 10
259.542349
 20
2.3565
 10
259.542349
 20
0.2135
 10
259.538851
 20
0.21
 10
259.468477
 20
0.21
 10
259.46497899999997
 20
0.2135
 10
259.46497899999997
 20
2.3565
 10
259.468477
 20
2.36
  0
LWPOLYLINE
  5
3F0
330
17
100
AcDbEntity
  8
VISTA
100
AcDbPolyline
 90
11
 70
1
 10
253.9765
 20
2.363889
 10
253.978974
 20
2.362864
 10
253.98
 20
2.360389
 10
253.98
 20
2.292389
 10
253.978974
 20
2.289914
 10
253.9765
 20
2.288889
 10
252.9835
 20
2.288889
 10
252.981025
 20
2.289914
 10
252.98
 20
2.292389
 10
252.981025
 20
2.362864
 10
253.9765
 20
2.363889
  0
LWPOLYLINE
  5
3F1
330
17
100
AcDbEntity
  8
VISTA
100
AcDbPolyline
 90
4
 70
1
 10
252.981746
 20
2.362142
 10
252.981746
 20
2.362859
 10
252.98103
 20
2.362142
 10
252.981746
 20
2.362142
  0
LWPOLYLINE
  5
3F2
330
17
100
AcDbEntity
  8
VISTA
100
AcDbPolyline
 90
4
 70
1
 10
252.981288
 20
2.290177
 10
252.981746
 20
2.289919
 10
252.981746
 20
2.290635
 10
252.981288
 20
2.290177
  0
LWPOLYLINE
  5
3F3
330
17
100
AcDbEntity
  8
VISTA
100
AcDbPolyline
 90
4
 70
1
 10
253.97897
 20
2.362142
 10
253.978253
 20
2.362859
 10
253.978253
 20
2.362142
 10
253.97897
 20
2.362142
  0
LWPOLYLINE
  5
3F4
330
17
100
AcDbEntity
  8
VISTA
100
AcDbPolyline
 90
4
 70
1
 10
253.978253
 20
2.289919
 10
253.97897
 20
2.290635
 10
253.978253
 20
2.290635
 10
253.978253
 20
2.289919
  0
LWPOLYLINE
  5
3F5
330
17
100
AcDbEntity
  8
VISTA
100
AcDbPolyline
 90
5
 70
1
 10
253.035
 20
2.263278
 10
253.924999
 20
2.263278
 10
253.924999
 20
2.228278
 10
253.035
 20
2.228278
 10
253.035
 20
2.263278
  0
LWPOLYLINE
  5
3F6
330
17
100
AcDbEntity
  8
VISTA
100
AcDbPolyline
 90
5
 70
1
 10
253.014001
 20
3.281697
 10
253.025
 20
3.282697
 10
253.026
 20
2.343566
 10
253.014001
 20
2.343566
 10
253.014001
 20
3.281697
  0
LWPOLYLINE
  5
3F7
330
17
100
AcDbEntity
  8
VISTA
100
AcDbPolyline
 90
5
 70
1
 10
253.974
 20
3.281697
 10
253.984999
 20
3.282697
 10
253.985999
 20
2.343566
 10
253.974
 20
2.343566
 10
253.974
 20
3.281697
  0
LWPOLYLINE
  5
3F8
330
17
100
AcDbEntity
  8
VISTA
100
AcDbPolyline
 90
5
 70
1
 10
253.0307
 20
2.368889
 10
253.929999
 20
2.368189
 10
253.92929900000001
 20
2.363889
 10
253.030205
 20
2.364589
 10
253.0307
 20
2.368889
  0
LWPOLYLINE
  5
3F9
330
17
100
AcDbEntity
  8
VISTA
100
AcDbPolyline
 90
5
 70
1
 10
253.025
 20
2.332778
 10
253.934999
 20
2.332778
 10
253.934999
 20
2.326778
 10
253.025
 20
2.326778
 10
253.025
 20
2.332778
  0
LWPOLYLINE
  5
3FA
330
17
100
AcDbEntity
  8
VISTA
100
AcDbPolyline
 90
8
 70
1
 10
252.9775
 20
3.235174
 10
252.9792
 20
3.236875
 10
253.010799
 20
3.236875
 10
253.0125
 20
3.235174
 10
253.0125
 20
2.188159
 10
253.010799
 20
2.186459
 10
252.978216
 20
2.187188
 10
252.9775
 20
3.235174
  0
LWPOLYLINE
  5
3FB
330
17
100
AcDbEntity
  8
VISTA
100
AcDbPolyline
 90
4
 70
1
 10
253.01218592253085
 20
3.2347463533753156
 10
253.01218592253085
 20
3.234746353375316
 10
253.0121859224685
 20
3.2347459987358995
 10
253.01218592253085
 20
3.2347463533753156
  0
LWPOLYLINE
  5
3FC
330
17
100
AcDbEntity
  8
VISTA
100
AcDbPolyline
 90
8
 70
1
 10
253.9475
 20
3.235174
 10
253.9492
 20
3.236875
 10
253.98080099999999
 20
3.236875
 10
253.9825
 20
3.235174
 10
253.9825
 20
2.188159
 10
253.98080099999999
 20
2.186459
 10
253.948216
 20
2.187188
 10
253.9475
 20
3.235174
  0
LWPOLYLINE
  5
3FD
330
17
100
AcDbEntity
  8
VISTA
100
AcDbPolyline
 90
4
 70
1
 10
253.98218592253085
 20
3.2347463533753156
 10
253.98218592253085
 20
3.234746353375316
 10
253.9821859224685
 20
3.2347459987358995
 10
253.98218592253085
 20
3.2347463533753156
  0
LWPOLYLINE
  5
3FE
330
17
100
AcDbEntity
  8
VISTA
100
AcDbPolyline
 90
5
 70
1
 10
253.014001
 20
3.19775
 10
253.025
 20
3.19875
 10
253.026
 20
2.259619
 10
253.014001
 20
2.259619
 10
253.014001
 20
3.19775
  0
LWPOLYLINE
  5
3FF
330
17
100
AcDbEntity
  8
VISTA
100
AcDbPolyline
 90
5
 70
1
 10
253.974
 20
3.19775
 10
253.984999
 20
3.19875
 10
253.985999
 20
2.259619
 10
253.974
 20
2.259619
 10
253.974
 20
3.19775
  0
LWPOLYLINE
  5
400
330
17
100
AcDbEntity
  8
VISTA
100
AcDbPolyline
 90
11
 70
1
 10
253.9765
 20
2.186666
 10
253.978974
 20
2.185642
 10
253.98
 20
2.183167
 10
253.98
 20
2.115167
 10
253.978974
 20
2.112692
 10
253.9765
 20
2.111667
 10
252.9835
 20
2.111667
 10
252.981025
 20
2.112692
 10
252.98
 20
2.115167
 10
252.981025
 20
2.185642
 10
253.9765
 20
2.186666
  0
LWPOLYLINE
  5
401
330
17
100
AcDbEntity
  8
VISTA
100
AcDbPolyline
 90
4
 70
1
 10
252.981746
 20
2.18492
 10
252.981746
 20
2.185637
 10
252.98103
 20
2.18492
 10
252.981746
 20
2.18492
  0
LWPOLYLINE
  5
402
330
17
100
AcDbEntity
  8
VISTA
100
AcDbPolyline
 90
4
 70
1
 10
252.9810273484064
 20
2.1853028901171068
 10
252.981288
 20
2.185378
 10
252.9810273484064
 20
2.185302890117107
 10
252.9810273484064
 20
2.1853028901171068
  0
LWPOLYLINE
  5
403
330
17
100
AcDbEntity
  8
VISTA
100
AcDbPolyline
 90
4
 70
1
 10
252.981288
 20
2.112955
 10
252.981746
 20
2.112697
 10
252.981746
 20
2.113413
 10
252.981288
 20
2.112955
  0
LWPOLYLINE
  5
404
330
17
100
AcDbEntity
  8
VISTA
100
AcDbPolyline
 90
4
 70
1
 10
253.97897
 20
2.18492
 10
253.978253
 20
2.185637
 10
253.978253
 20
2.18492
 10
253.97897
 20
2.18492
  0
LWPOLYLINE
  5
405
330
17
100
AcDbEntity
  8
VISTA
100
AcDbPolyline
 90
4
 70
1
 10
253.978253
 20
2.112697
 10
253.97897
 20
2.113413
 10
253.978253
 20
2.113413
 10
253.978253
 20
2.112697
  0
LWPOLYLINE
  5
406
330
17
100
AcDbEntity
  8
VISTA
100
AcDbPolyline
 90
5
 70
1
 10
253.035
 20
2.088833
 10
253.924999
 20
2.088833
 10
253.924999
 20
2.053833
 10
253.035
 20
2.053833
 10
253.035
 20
2.088833
  0
LWPOLYLINE
  5
407
330
17
100
AcDbEntity
  8
VISTA
100
AcDbPolyline
 90
5
 70
1
 10
259.473059
 20
1.231414
 10
259.473059
 20
1.208586
 10
259.438601
 20
1.208586
 10
259.438601
 20
1.231414
 10
259.473059
 20
1.231414
  0
LWPOLYLINE
  5
408
330
17
100
AcDbEntity
  8
VISTA
100
AcDbPolyline
 90
5
 70
1
 10
253.014001
 20
3.113803
 10
253.025
 20
3.114803
 10
253.026
 20
2.175671
 10
253.014001
 20
2.175671
 10
253.014001
 20
3.113803
  0
LWPOLYLINE
  5
409
330
17
100
AcDbEntity
  8
VISTA
100
AcDbPolyline
 90
5
 70
1
 10
253.974
 20
3.113803
 10
253.984999
 20
3.114803
 10
253.985999
 20
2.175671
 10
253.974
 20
2.175671
 10
253.974
 20
3.113803
  0
LWPOLYLINE
  5
40A
330
17
100
AcDbEntity
  8
VISTA
100
AcDbPolyline
 90
5
 70
1
 10
253.0307
 20
2.191667
 10
253.929999
 20
2.190967
 10
253.92929900000001
 20
2.186666
 10
253.030205
 20
2.187366
 10
253.0307
 20
2.191667
  0
LWPOLYLINE
  5
40B
330
17
100
AcDbEntity
  8
VISTA
100
AcDbPolyline
 90
5
 70
1
 10
253.025
 20
2.158333
 10
253.934999
 20
2.158333
 10
253.934999
 20
2.152333
 10
253.025
 20
2.152333
 10
253.025
 20
2.158333
  0
LWPOLYLINE
  5
40C
330
17
100
AcDbEntity
  8
VISTA
100
AcDbPolyline
 90
5
 70
1
 10
253.014001
 20
3.029855
 10
253.025
 20
3.030855
 10
253.026
 20
2.091724
 10
253.014001
 20
2.091724
 10
253.014001
 20
3.029855
  0
LWPOLYLINE
  5
40D
330
17
100
AcDbEntity
  8
VISTA
100
AcDbPolyline
 90
5
 70
1
 10
253.974
 20
3.029855
 10
253.984999
 20
3.030855
 10
253.985999
 20
2.091724
 10
253.974
 20
2.091724
 10
253.974
 20
3.029855
  0
LWPOLYLINE
  5
40E
330
17
100
AcDbEntity
  8
VISTA
100
AcDbPolyline
 90
11
 70
1
 10
253.9765
 20
2.009444
 10
253.978974
 20
2.008419
 10
253.98
 20
2.005944
 10
253.98
 20
1.937944
 10
253.978974
 20
1.93547
 10
253.9765
 20
1.934444
 10
252.9835
 20
1.934444
 10
252.981025
 20
1.93547
 10
252.98
 20
1.937944
 10
252.981025
 20
2.008419
 10
253.9765
 20
2.009444
  0
LWPOLYLINE
  5
40F
330
17
100
AcDbEntity
  8
VISTA
100
AcDbPolyline
 90
4
 70
1
 10
252.981746
 20
2.007698
 10
252.981746
 20
2.008414
 10
252.98103
 20
2.007698
 10
252.981746
 20
2.007698
  0
LWPOLYLINE
  5
410
330
17
100
AcDbEntity
  8
VISTA
100
AcDbPolyline
 90
4
 70
1
 10
252.981288
 20
1.935733
 10
252.981746
 20
1.935475
 10
252.981746
 20
1.936191
 10
252.981288
 20
1.935733
  0
LWPOLYLINE
  5
411
330
17
100
AcDbEntity
  8
VISTA
100
AcDbPolyline
 90
4
 70
1
 10
252.98102734473608
 20
1.935808110940542
 10
252.98102734473608
 20
1.9358081109405418
 10
252.981288
 20
1.935733
 10
252.98102734473608
 20
1.935808110940542
  0
LWPOLYLINE
  5
412
330
17
100
AcDbEntity
  8
VISTA
100
AcDbPolyline
 90
4
 70
1
 10
253.97897
 20
2.007698
 10
253.978253
 20
2.008414
 10
253.978253
 20
2.007698
 10
253.97897
 20
2.007698
  0
LWPOLYLINE
  5
413
330
17
100
AcDbEntity
  8
VISTA
100
AcDbPolyline
 90
4
 70
1
 10
253.978253
 20
1.935475
 10
253.97897
 20
1.936191
 10
253.978253
 20
1.936191
 10
253.978253
 20
1.935475
  0
LWPOLYLINE
  5
414
330
17
100
AcDbEntity
  8
VISTA
100
AcDbPolyline
 90
5
 70
1
 10
253.035
 20
1.914389
 10
253.924999
 20
1.914389
 10
253.924999
 20
1.879389
 10
253.035
 20
1.879389
 10
253.035
 20
1.914389
  0
LWPOLYLINE
  5
415
330
17
100
AcDbEntity
  8
VISTA
100
AcDbPolyline
 90
9
 70
1
 10
254.212
 20
7.585143
 10
261.788
 20
7.585143
 10
261.790001
 20
7.583143
 10
261.790001
 20
7.532143
 10
261.788
 20
7.530143
 10
254.212
 20
7.530143
 10
254.21
 20
7.532143
 10
254.21
 20
7.583143
 10
254.212
 20
7.585143
  0
LWPOLYLINE
  5
416
330
17
100
AcDbEntity
  8
VISTA
100
AcDbPolyline
 90
5
 70
1
 10
253.014001
 20
2.945908
 10
253.025
 20
2.946908
 10
253.026
 20
2.007776
 10
253.014001
 20
2.007776
 10
253.014001
 20
2.945908
  0
LWPOLYLINE
  5
417
330
17
100
AcDbEntity
  8
VISTA
100
AcDbPolyline
 90
5
 70
1
 10
253.974
 20
2.945908
 10
253.984999
 20
2.946908
 10
253.985999
 20
2.007776
 10
253.974
 20
2.007776
 10
253.974
 20
2.945908
  0
LWPOLYLINE
  5
418
330
17
100
AcDbEntity
  8
VISTA
100
AcDbPolyline
 90
5
 70
1
 10
253.0307
 20
2.014445
 10
253.929999
 20
2.013745
 10
253.92929900000001
 20
2.009444
 10
253.030205
 20
2.010144
 10
253.0307
 20
2.014445
  0
LWPOLYLINE
  5
419
330
17
100
AcDbEntity
  8
VISTA
100
AcDbPolyline
 90
5
 70
1
 10
253.025
 20
1.983889
 10
253.934999
 20
1.983889
 10
253.934999
 20
1.977889
 10
253.025
 20
1.977889
 10
253.025
 20
1.983889
  0
LWPOLYLINE
  5
41A
330
17
100
AcDbEntity
  8
VISTA
100
AcDbPolyline
 90
5
 70
1
 10
253.014001
 20
2.86196
 10
253.025
 20
2.862961
 10
253.026
 20
1.923829
 10
253.014001
 20
1.923829
 10
253.014001
 20
2.86196
  0
LWPOLYLINE
  5
41B
330
17
100
AcDbEntity
  8
VISTA
100
AcDbPolyline
 90
5
 70
1
 10
253.974
 20
2.86196
 10
253.984999
 20
2.862961
 10
253.985999
 20
1.923829
 10
253.974
 20
1.923829
 10
253.974
 20
2.86196
  0
LWPOLYLINE
  5
41C
330
17
100
AcDbEntity
  8
VISTA
100
AcDbPolyline
 90
11
 70
1
 10
253.9765
 20
1.832222
 10
253.978974
 20
1.831197
 10
253.98
 20
1.828722
 10
253.98
 20
1.760722
 10
253.978974
 20
1.758247
 10
253.9765
 20
1.757222
 10
252.9835
 20
1.757222
 10
252.981025
 20
1.758247
 10
252.98
 20
1.760722
 10
252.981025
 20
1.831197
 10
253.9765
 20
1.832222
  0
LWPOLYLINE
  5
41D
330
17
100
AcDbEntity
  8
VISTA
100
AcDbPolyline
 90
4
 70
1
 10
252.981746
 20
1.830476
 10
252.981746
 20
1.831192
 10
252.98103
 20
1.830476
 10
252.981746
 20
1.830476
  0
LWPOLYLINE
  5
41E
330
17
100
AcDbEntity
  8
VISTA
100
AcDbPolyline
 90
4
 70
1
 10
252.981288
 20
1.75851
 10
252.981746
 20
1.758252
 10
252.981746
 20
1.758969
 10
252.981288
 20
1.75851
  0
LWPOLYLINE
  5
41F
330
17
100
AcDbEntity
  8
VISTA
100
AcDbPolyline
 90
4
 70
1
 10
253.97897
 20
1.830476
 10
253.978253
 20
1.831192
 10
253.978253
 20
1.830476
 10
253.97897
 20
1.830476
  0
LWPOLYLINE
  5
420
330
17
100
AcDbEntity
  8
VISTA
100
AcDbPolyline
 90
4
 70
1
 10
253.978253
 20
1.758252
 10
253.97897
 20
1.758969
 10
253.978253
 20
1.758969
 10
253.978253
 20
1.758252
  0
LWPOLYLINE
  5
421
330
17
100
AcDbEntity
  8
VISTA
100
AcDbPolyline
 90
5
 70
1
 10
253.035
 20
1.739944
 10
253.924999
 20
1.739944
 10
253.924999
 20
1.704944
 10
253.035
 20
1.704944
 10
253.035
 20
1.739944
  0
LWPOLYLINE
  5
422
330
17
100
AcDbEntity
  8
VISTA
100
AcDbPolyline
 90
5
 70
1
 10
253.014001
 20
2.778013
 10
253.025
 20
2.779013
 10
253.026
 20
1.839882
 10
253.014001
 20
1.839882
 10
253.014001
 20
2.778013
  0
LWPOLYLINE
  5
423
330
17
100
AcDbEntity
  8
VISTA
100
AcDbPolyline
 90
5
 70
1
 10
253.974
 20
2.778013
 10
253.984999
 20
2.779013
 10
253.985999
 20
1.839882
 10
253.974
 20
1.839882
 10
253.974
 20
2.778013
  0
LWPOLYLINE
  5
424
330
17
100
AcDbEntity
  8
VISTA
100
AcDbPolyline
 90
5
 70
1
 10
253.0307
 20
1.837222
 10
253.929999
 20
1.836522
 10
253.92929900000001
 20
1.832222
 10
253.030205
 20
1.832922
 10
253.0307
 20
1.837222
  0
LWPOLYLINE
  5
425
330
17
100
AcDbEntity
  8
VISTA
100
AcDbPolyline
 90
5
 70
1
 10
253.025
 20
1.809444
 10
253.934999
 20
1.809444
 10
253.934999
 20
1.803444
 10
253.025
 20
1.803444
 10
253.025
 20
1.809444
  0
LWPOLYLINE
  5
426
330
17
100
AcDbEntity
  8
VISTA
100
AcDbPolyline
 90
9
 70
1
 10
252.9725
 20
4.31476
 10
252.9742
 20
4.316454
 10
253.0158
 20
4.316454
 10
253.0175
 20
4.31476
 10
253.0175
 20
1.09524
 10
253.0158
 20
1.093546
 10
252.9742
 20
1.093546
 10
252.973216
 20
1.094183
 10
252.9725
 20
4.31476
  0
LWPOLYLINE
  5
427
330
17
100
AcDbEntity
  8
VISTA
100
AcDbPolyline
 90
4
 70
1
 10
252.97408066574965
 20
1.0936241306740029
 10
252.9742
 20
1.093547
 10
252.97408066574965
 20
1.0936241306740027
 10
252.97408066574965
 20
1.0936241306740029
  0
LWPOLYLINE
  5
428
330
17
100
AcDbEntity
  8
VISTA
100
AcDbPolyline
 90
8
 70
1
 10
252.9775
 20
2.703508
 10
252.9792
 20
2.705208
 10
253.010799
 20
2.705208
 10
253.0125
 20
2.703508
 10
253.0125
 20
1.656492
 10
253.010799
 20
1.654792
 10
252.978216
 20
1.655522
 10
252.9775
 20
2.703508
  0
LWPOLYLINE
  5
429
330
17
100
AcDbEntity
  8
VISTA
100
AcDbPolyline
 90
4
 70
1
 10
252.97821642239694
 20
2.703076732780181
 10
252.978216
 20
2.703526
 10
252.97821642239694
 20
2.7030767327801786
 10
252.97821642239694
 20
2.703076732780181
  0
LWPOLYLINE
  5
42A
330
17
100
AcDbEntity
  8
VISTA
100
AcDbPolyline
 90
9
 70
1
 10
253.9425
 20
4.31476
 10
253.944201
 20
4.316454
 10
253.9858
 20
4.316454
 10
253.9875
 20
4.31476
 10
253.9875
 20
1.09524
 10
253.9858
 20
1.093546
 10
253.944201
 20
1.093546
 10
253.943216
 20
1.094183
 10
253.9425
 20
4.31476
  0
LWPOLYLINE
  5
42B
330
17
100
AcDbEntity
  8
VISTA
100
AcDbPolyline
 90
4
 70
1
 10
253.94325892668542
 20
1.0941725842864836
 10
253.94325892668542
 20
1.0941725842864838
 10
253.943216
 20
1.094183
 10
253.94325892668542
 20
1.0941725842864836
  0
LWPOLYLINE
  5
42C
330
17
100
AcDbEntity
  8
VISTA
100
AcDbPolyline
 90
8
 70
1
 10
253.9475
 20
2.703508
 10
253.9492
 20
2.705208
 10
253.98080099999999
 20
2.705208
 10
253.9825
 20
2.703508
 10
253.9825
 20
1.656492
 10
253.98080099999999
 20
1.654792
 10
253.948216
 20
1.655522
 10
253.9475
 20
2.703508
  0
LWPOLYLINE
  5
42D
330
17
100
AcDbEntity
  8
VISTA
100
AcDbPolyline
 90
4
 70
1
 10
253.94821642239694
 20
2.703076732780181
 10
253.948216
 20
2.703526
 10
253.94821642239694
 20
2.7030767327801786
 10
253.94821642239694
 20
2.703076732780181
  0
LWPOLYLINE
  5
42E
330
17
100
AcDbEntity
  8
VISTA
100
AcDbPolyline
 90
6
 70
1
 10
253.014001
 20
2.694066
 10
253.025
 20
2.695066
 10
253.026
 20
1.755934
 10
253.025
 20
1.754934
 10
253.014001
 20
1.755934
 10
253.014001
 20
2.694066
  0
LWPOLYLINE
  5
42F
330
17
100
AcDbEntity
  8
VISTA
100
AcDbPolyline
 90
4
 70
1
 10
253.0259445902579
 20
1.7559322979942695
 10
253.0259445902579
 20
1.7559322979942693
 10
253.026
 20
1.755934
 10
253.0259445902579
 20
1.7559322979942695
  0
LWPOLYLINE
  5
430
330
17
100
AcDbEntity
  8
VISTA
100
AcDbPolyline
 90
6
 70
1
 10
253.974
 20
2.694066
 10
253.984999
 20
2.695066
 10
253.985999
 20
1.755934
 10
253.984999
 20
1.754934
 10
253.974
 20
1.755934
 10
253.974
 20
2.694066
  0
LWPOLYLINE
  5
431
330
17
100
AcDbEntity
  8
VISTA
100
AcDbPolyline
 90
4
 70
1
 10
253.98594359025788
 20
1.7559322979942695
 10
253.98594359025788
 20
1.7559322979942693
 10
253.985999
 20
1.755934
 10
253.98594359025788
 20
1.7559322979942695
  0
LWPOLYLINE
  5
432
330
17
100
AcDbEntity
  8
VISTA
100
AcDbPolyline
 90
10
 70
1
 10
252.977501
 20
3.208603
 10
252.9792
 20
3.210297
 10
253.060801
 20
3.210297
 10
253.0625
 20
3.208603
 10
253.0625
 20
-0.098603
 10
253.061652
 20
-0.100069
 10
253.060801
 20
-0.100298
 10
252.9792
 20
-0.100298
 10
252.978216
 20
-0.09966
 10
252.977501
 20
3.208603
  0
LWPOLYLINE
  5
433
330
17
100
AcDbEntity
  8
VISTA
100
AcDbPolyline
 90
4
 70
1
 10
253.06156494117647
 20
-0.10005171099744244
 10
253.06156494117647
 20
-0.10005171099744246
 10
253.061652
 20
-0.100069
 10
253.06156494117647
 20
-0.10005171099744244
  0
LWPOLYLINE
  5
434
330
17
100
AcDbEntity
  8
VISTA
100
AcDbPolyline
 90
4
 70
1
 10
252.97826404680885
 20
-0.09969110347280379
 10
252.97826404680885
 20
-0.09969110347280313
 10
252.978216
 20
-0.09966
 10
252.97826404680885
 20
-0.09969110347280379
  0
LWPOLYLINE
  5
435
330
17
100
AcDbEntity
  8
VISTA
100
AcDbPolyline
 90
4
 70
1
 10
252.97825885475712
 20
-0.0996704523797827
 10
252.97825885475712
 20
-0.09967045237978268
 10
252.978216
 20
-0.09966
 10
252.97825885475712
 20
-0.0996704523797827
  0
LWPOLYLINE
  5
436
330
17
100
AcDbEntity
  8
VISTA
100
AcDbPolyline
 90
4
 70
1
 10
252.97908097953584
 20
-0.10021995118326285
 10
252.9792
 20
-0.100297
 10
252.97908097953584
 20
-0.10021995118326316
 10
252.97908097953584
 20
-0.10021995118326285
  0
LWPOLYLINE
  5
437
330
17
100
AcDbEntity
  8
VISTA
100
AcDbPolyline
 90
4
 70
1
 10
252.97782201655107
 20
3.08782333158836
 10
252.9778220183258
 20
3.0877925919633915
 10
252.97782201655107
 20
3.0878233315883614
 10
252.97782201655107
 20
3.08782333158836
  0
LWPOLYLINE
  5
438
330
17
100
AcDbEntity
  8
VISTA
100
AcDbPolyline
 90
10
 70
1
 10
253.8975
 20
3.208603
 10
253.899199
 20
3.210297
 10
253.9808
 20
3.210297
 10
253.982499
 20
3.208603
 10
253.982499
 20
-0.098603
 10
253.981651
 20
-0.100069
 10
253.9808
 20
-0.100298
 10
253.899199
 20
-0.100298
 10
253.898215
 20
-0.09966
 10
253.8975
 20
3.208603
  0
LWPOLYLINE
  5
439
330
17
100
AcDbEntity
  8
VISTA
100
AcDbPolyline
 90
4
 70
1
 10
253.98156394117646
 20
-0.10005171099744241
 10
253.98156394117646
 20
-0.10005171099744246
 10
253.981651
 20
-0.100069
 10
253.98156394117646
 20
-0.10005171099744241
  0
LWPOLYLINE
  5
43A
330
17
100
AcDbEntity
  8
VISTA
100
AcDbPolyline
 90
4
 70
1
 10
253.89826304680886
 20
-0.09969110347280384
 10
253.89826304680886
 20
-0.09969110347280319
 10
253.898215
 20
-0.09966
 10
253.89826304680886
 20
-0.09969110347280384
  0
LWPOLYLINE
  5
43B
330
17
100
AcDbEntity
  8
VISTA
100
AcDbPolyline
 90
4
 70
1
 10
253.89782101655106
 20
3.08782333158836
 10
253.8978210183258
 20
3.087792591963391
 10
253.89782101655106
 20
3.0878233315883614
 10
253.89782101655106
 20
3.08782333158836
  0
LWPOLYLINE
  5
43C
330
17
100
AcDbEntity
  8
VISTA
100
AcDbPolyline
 90
4
 70
1
 10
253.98217798344893
 20
0.02217666841163981
 10
253.9821779816742
 20
0.0222074080366087
 10
253.98217798344893
 20
0.022176668411638338
 10
253.98217798344893
 20
0.02217666841163981
  0
LWPOLYLINE
  5
43D
330
17
100
AcDbEntity
  8
VISTA
100
AcDbPolyline
 90
13
 70
1
 10
254.69
 20
6.561
 10
254.692636
 20
6.567364
 10
254.69899900000001
 20
6.57
 10
255.601
 20
6.57
 10
255.607364
 20
6.567364
 10
255.61
 20
6.561
 10
255.61
 20
6.459
 10
255.607364
 20
6.452636
 10
255.601
 20
6.45
 10
254.69899900000001
 20
6.45
 10
254.692636
 20
6.452636
 10
254.69
 20
6.459
 10
254.69
 20
6.561
  0
LWPOLYLINE
  5
43E
330
17
100
AcDbEntity
  8
VISTA
100
AcDbPolyline
 90
13
 70
1
 10
256.070002
 20
6.561
 10
256.072638
 20
6.567364
 10
256.079
 20
6.57
 10
256.981001
 20
6.57
 10
256.987364
 20
6.567364
 10
256.99
 20
6.561
 10
256.99
 20
6.459
 10
256.987364
 20
6.452636
 10
256.981001
 20
6.45
 10
256.079
 20
6.45
 10
256.072638
 20
6.452636
 10
256.070002
 20
6.459
 10
256.070002
 20
6.561
  0
LWPOLYLINE
  5
43F
330
17
100
AcDbEntity
  8
VISTA
100
AcDbPolyline
 90
13
 70
1
 10
257.450001
 20
6.561
 10
257.452637
 20
6.567364
 10
257.459
 20
6.57
 10
258.361
 20
6.57
 10
258.367363
 20
6.567364
 10
258.369999
 20
6.561
 10
258.369999
 20
6.459
 10
258.367363
 20
6.452636
 10
258.361
 20
6.45
 10
257.459
 20
6.45
 10
257.452637
 20
6.452636
 10
257.450001
 20
6.459
 10
257.450001
 20
6.561
  0
LWPOLYLINE
  5
440
330
17
100
AcDbEntity
  8
VISTA
100
AcDbPolyline
 90
13
 70
1
 10
258.830002
 20
6.561
 10
258.832638
 20
6.567364
 10
258.839001
 20
6.57
 10
259.741001
 20
6.57
 10
259.747364
 20
6.567364
 10
259.75
 20
6.561
 10
259.75
 20
6.459
 10
259.747364
 20
6.452636
 10
259.741001
 20
6.45
 10
258.839001
 20
6.45
 10
258.832638
 20
6.452636
 10
258.830002
 20
6.459
 10
258.830002
 20
6.561
  0
LWPOLYLINE
  5
441
330
17
100
AcDbEntity
  8
VISTA
100
AcDbPolyline
 90
13
 70
1
 10
260.210001
 20
6.561
 10
260.212637
 20
6.567364
 10
260.219
 20
6.57
 10
261.121
 20
6.57
 10
261.127363
 20
6.567364
 10
261.129999
 20
6.561
 10
261.129999
 20
6.459
 10
261.127363
 20
6.452636
 10
261.121
 20
6.45
 10
260.219
 20
6.45
 10
260.212637
 20
6.452636
 10
260.210001
 20
6.459
 10
260.210001
 20
6.561
  0
LWPOLYLINE
  5
442
330
17
100
AcDbEntity
  8
VISTA
100
AcDbPolyline
 90
5
 70
1
 10
254.416914
 20
6.644414
 10
254.416914
 20
6.605586
 10
254.383085
 20
6.605586
 10
254.383085
 20
6.644414
 10
254.416914
 20
6.644414
  0
LWPOLYLINE
  5
443
330
17
100
AcDbEntity
  8
VISTA
100
AcDbPolyline
 90
5
 70
1
 10
255.01691399999999
 20
6.644414
 10
255.01691399999999
 20
6.605586
 10
254.98308600000001
 20
6.605586
 10
254.98308600000001
 20
6.644414
 10
255.01691399999999
 20
6.644414
  0
LWPOLYLINE
  5
444
330
17
100
AcDbEntity
  8
VISTA
100
AcDbPolyline
 90
5
 70
1
 10
255.616915
 20
6.644414
 10
255.616915
 20
6.605586
 10
255.583086
 20
6.605586
 10
255.583086
 20
6.644414
 10
255.616915
 20
6.644414
  0
LWPOLYLINE
  5
445
330
17
100
AcDbEntity
  8
VISTA
100
AcDbPolyline
 90
5
 70
1
 10
256.216915
 20
6.644414
 10
256.216915
 20
6.605586
 10
256.183086
 20
6.605586
 10
256.183086
 20
6.644414
 10
256.216915
 20
6.644414
  0
LWPOLYLINE
  5
446
330
17
100
AcDbEntity
  8
VISTA
100
AcDbPolyline
 90
5
 70
1
 10
256.816914
 20
6.644414
 10
256.816914
 20
6.605586
 10
256.783085
 20
6.605586
 10
256.783085
 20
6.644414
 10
256.816914
 20
6.644414
  0
LWPOLYLINE
  5
447
330
17
100
AcDbEntity
  8
VISTA
100
AcDbPolyline
 90
5
 70
1
 10
257.416914
 20
6.644414
 10
257.416914
 20
6.605586
 10
257.383085
 20
6.605586
 10
257.383085
 20
6.644414
 10
257.416914
 20
6.644414
  0
LWPOLYLINE
  5
448
330
17
100
AcDbEntity
  8
VISTA
100
AcDbPolyline
 90
5
 70
1
 10
258.016914
 20
6.644414
 10
258.016914
 20
6.605586
 10
257.983086
 20
6.605586
 10
257.983086
 20
6.644414
 10
258.016914
 20
6.644414
  0
LWPOLYLINE
  5
449
330
17
100
AcDbEntity
  8
VISTA
100
AcDbPolyline
 90
5
 70
1
 10
258.616915
 20
6.644414
 10
258.616915
 20
6.605586
 10
258.583086
 20
6.605586
 10
258.583086
 20
6.644414
 10
258.616915
 20
6.644414
  0
LWPOLYLINE
  5
44A
330
17
100
AcDbEntity
  8
VISTA
100
AcDbPolyline
 90
5
 70
1
 10
259.216915
 20
6.644414
 10
259.216915
 20
6.605586
 10
259.183086
 20
6.605586
 10
259.183086
 20
6.644414
 10
259.216915
 20
6.644414
  0
LWPOLYLINE
  5
44B
330
17
100
AcDbEntity
  8
VISTA
100
AcDbPolyline
 90
5
 70
1
 10
259.816914
 20
6.644414
 10
259.816914
 20
6.605586
 10
259.783085
 20
6.605586
 10
259.783085
 20
6.644414
 10
259.816914
 20
6.644414
  0
LWPOLYLINE
  5
44C
330
17
100
AcDbEntity
  8
VISTA
100
AcDbPolyline
 90
5
 70
1
 10
260.416914
 20
6.644414
 10
260.416914
 20
6.605586
 10
260.383085
 20
6.605586
 10
260.383085
 20
6.644414
 10
260.416914
 20
6.644414
  0
LWPOLYLINE
  5
44D
330
17
100
AcDbEntity
  8
VISTA
100
AcDbPolyline
 90
5
 70
1
 10
261.016914
 20
6.644414
 10
261.016914
 20
6.605586
 10
260.983086
 20
6.605586
 10
260.983086
 20
6.644414
 10
261.016914
 20
6.644414
  0
LWPOLYLINE
  5
44E
330
17
100
AcDbEntity
  8
VISTA
100
AcDbPolyline
 90
5
 70
1
 10
253.9935
 20
5.77742
 10
254.002501
 20
5.77742
 10
254.002501
 20
4.06258
 10
253.9935
 20
4.06258
 10
253.9935
 20
5.77742
  0
LWPOLYLINE
  5
44F
330
17
100
AcDbEntity
  8
VISTA
100
AcDbPolyline
 90
9
 70
1
 10
254.0
 20
2.9955
 10
254.0045
 20
3.0
 10
254.1955
 20
3.0
 10
254.200001
 20
2.9955
 10
254.200001
 20
0.0045
 10
254.1955
 20
0.0
 10
254.0045
 20
0.0
 10
254.0
 20
0.0045
 10
254.0
 20
2.9955
  0
LWPOLYLINE
  5
450
330
17
100
AcDbEntity
  8
VISTA
100
AcDbPolyline
 90
5
 70
1
 10
253.014001
 20
2.610118
 10
253.025
 20
2.611119
 10
253.026
 20
1.671987
 10
253.014001
 20
1.671987
 10
253.014001
 20
2.610118
  0
LWPOLYLINE
  5
451
330
17
100
AcDbEntity
  8
VISTA
100
AcDbPolyline
 90
5
 70
1
 10
253.974
 20
2.610118
 10
253.984999
 20
2.611119
 10
253.985999
 20
1.671987
 10
253.974
 20
1.671987
 10
253.974
 20
2.610118
  0
LWPOLYLINE
  5
452
330
17
100
AcDbEntity
  8
VISTA
100
AcDbPolyline
 90
9
 70
1
 10
261.799999
 20
6.3955
 10
261.804499
 20
6.4
 10
261.995501
 20
6.4
 10
262.0
 20
6.3955
 10
262.0
 20
3.2045
 10
261.995501
 20
3.2
 10
261.804499
 20
3.2
 10
261.799999
 20
3.2045
 10
261.799999
 20
6.3955
  0
LWPOLYLINE
  5
453
330
17
100
AcDbEntity
  8
VISTA
100
AcDbPolyline
 90
9
 70
1
 10
254.0
 20
4.0355
 10
254.0045
 20
4.04
 10
254.1955
 20
4.04
 10
254.200001
 20
4.0355
 10
254.200001
 20
3.2045
 10
254.1955
 20
3.2
 10
254.0045
 20
3.2
 10
254.0
 20
3.2045
 10
254.0
 20
4.0355
  0
LWPOLYLINE
  5
454
330
17
100
AcDbEntity
  8
VISTA
100
AcDbPolyline
 90
9
 70
1
 10
254.0
 20
6.3955
 10
254.0045
 20
6.4
 10
254.1955
 20
6.4
 10
254.200001
 20
6.3955
 10
254.200001
 20
5.7645
 10
254.1955
 20
5.76
 10
254.0045
 20
5.76
 10
254.0
 20
5.7645
 10
254.0
 20
6.3955
  0
LWPOLYLINE
  5
455
330
17
100
AcDbEntity
  8
VISTA
100
AcDbPolyline
 90
5
 70
1
 10
253.9675
 20
5.78
 10
253.976501
 20
5.78
 10
253.976501
 20
4.06
 10
253.9675
 20
4.06
 10
253.9675
 20
5.78
  0
LWPOLYLINE
  5
456
330
17
100
AcDbEntity
  8
VISTA
100
AcDbPolyline
 90
5
 70
1
 10
253.9675
 20
5.75856
 10
254.0025
 20
5.75856
 10
254.0025
 20
5.73256
 10
253.9675
 20
5.73256
 10
253.9675
 20
5.75856
  0
LWPOLYLINE
  5
457
330
17
100
AcDbEntity
  8
VISTA
100
AcDbPolyline
 90
5
 70
1
 10
253.9675
 20
4.10744
 10
254.0025
 20
4.10744
 10
254.0025
 20
4.08144
 10
253.9675
 20
4.08144
 10
253.9675
 20
4.10744
  0
LWPOLYLINE
  5
458
330
17
100
AcDbEntity
  8
VISTA
100
AcDbPolyline
 90
13
 70
1
 10
253.913
 20
4.0215
 10
253.914758
 20
4.025743
 10
253.919001
 20
4.0275
 10
254.087
 20
4.0275
 10
254.091243
 20
4.025743
 10
254.093
 20
4.0215
 10
254.093
 20
3.9885
 10
254.091243
 20
3.984257
 10
254.087
 20
3.9825
 10
253.919001
 20
3.9825
 10
253.914758
 20
3.984257
 10
253.913
 20
3.9885
 10
253.913
 20
4.0215
  0
LWPOLYLINE
  5
459
330
17
100
AcDbEntity
  8
VISTA
100
AcDbPolyline
 90
5
 70
1
 10
253.889999
 20
5.82
 10
253.92
 20
5.82
 10
253.92
 20
5.72
 10
253.889999
 20
5.72
 10
253.889999
 20
5.82
  0
LWPOLYLINE
  5
45A
330
17
100
AcDbEntity
  8
VISTA
100
AcDbPolyline
 90
5
 70
1
 10
253.889999
 20
4.07
 10
253.92
 20
4.07
 10
253.92
 20
3.99
 10
253.889999
 20
3.99
 10
253.889999
 20
4.07
  0
LWPOLYLINE
  5
45B
330
17
100
AcDbEntity
  8
VISTA
100
AcDbPolyline
 90
5
 70
1
 10
261.790001
 20
6.468
 10
261.790001
 20
6.45
 10
254.21
 20
6.45
 10
254.21
 20
6.468
 10
261.790001
 20
6.468
  0
LWPOLYLINE
  5
45C
330
17
100
AcDbEntity
  8
VISTA
100
AcDbPolyline
 90
7
 70
1
 10
253.721086
 20
8.180293
 10
253.738914
 20
8.180293
 10
253.739499
 20
7.041099
 10
253.737499
 20
7.039131
 10
253.7225
 20
7.039131
 10
253.7205
 20
7.041099
 10
253.721086
 20
8.180293
  0
LWPOLYLINE
  5
45D
330
17
100
AcDbEntity
  8
VISTA
100
AcDbPolyline
 90
7
 70
1
 10
253.915086
 20
8.180293
 10
253.932914
 20
8.180293
 10
253.933499
 20
7.041099
 10
253.931499
 20
7.039131
 10
253.91649999999998
 20
7.039131
 10
253.9145
 20
7.041099
 10
253.915086
 20
8.180293
  0
LWPOLYLINE
  5
45E
330
17
100
AcDbEntity
  8
VISTA
100
AcDbPolyline
 90
7
 70
1
 10
254.109086
 20
8.180293
 10
254.126914
 20
8.180293
 10
254.1275
 20
7.041099
 10
254.1255
 20
7.039131
 10
254.1105
 20
7.039131
 10
254.1085
 20
7.041099
 10
254.109086
 20
8.180293
  0
LWPOLYLINE
  5
45F
330
17
100
AcDbEntity
  8
VISTA
100
AcDbPolyline
 90
7
 70
1
 10
254.303086
 20
8.180293
 10
254.320914
 20
8.180293
 10
254.32150000000001
 20
7.041099
 10
254.3195
 20
7.039131
 10
254.304501
 20
7.039131
 10
254.302501
 20
7.041099
 10
254.303086
 20
8.180293
  0
LWPOLYLINE
  5
460
330
17
100
AcDbEntity
  8
VISTA
100
AcDbPolyline
 90
7
 70
1
 10
254.497086
 20
8.180293
 10
254.514914
 20
8.180293
 10
254.515499
 20
7.041099
 10
254.513499
 20
7.039131
 10
254.4985
 20
7.039131
 10
254.4965
 20
7.041099
 10
254.497086
 20
8.180293
  0
LWPOLYLINE
  5
461
330
17
100
AcDbEntity
  8
VISTA
100
AcDbPolyline
 90
7
 70
1
 10
254.691086
 20
8.180293
 10
254.708914
 20
8.180293
 10
254.709499
 20
7.041099
 10
254.7075
 20
7.039131
 10
254.6925
 20
7.039131
 10
254.6905
 20
7.041099
 10
254.691086
 20
8.180293
  0
LWPOLYLINE
  5
462
330
17
100
AcDbEntity
  8
VISTA
100
AcDbPolyline
 90
7
 70
1
 10
254.885086
 20
8.180293
 10
254.902914
 20
8.180293
 10
254.9035
 20
7.041099
 10
254.9015
 20
7.039131
 10
254.8865
 20
7.039131
 10
254.884501
 20
7.041099
 10
254.885086
 20
8.180293
  0
LWPOLYLINE
  5
463
330
17
100
AcDbEntity
  8
VISTA
100
AcDbPolyline
 90
7
 70
1
 10
255.079086
 20
8.180293
 10
255.096914
 20
8.180293
 10
255.0975
 20
7.041099
 10
255.0955
 20
7.039131
 10
255.080501
 20
7.039131
 10
255.078501
 20
7.041099
 10
255.079086
 20
8.180293
  0
LWPOLYLINE
  5
464
330
17
100
AcDbEntity
  8
VISTA
100
AcDbPolyline
 90
7
 70
1
 10
255.273086
 20
8.180293
 10
255.290914
 20
8.180293
 10
255.291499
 20
7.041099
 10
255.289499
 20
7.039131
 10
255.2745
 20
7.039131
 10
255.2725
 20
7.041099
 10
255.273086
 20
8.180293
  0
LWPOLYLINE
  5
465
330
17
100
AcDbEntity
  8
VISTA
100
AcDbPolyline
 90
7
 70
1
 10
255.467086
 20
8.180293
 10
255.484914
 20
8.180293
 10
255.485499
 20
7.041099
 10
255.4835
 20
7.039131
 10
255.4685
 20
7.039131
 10
255.4665
 20
7.041099
 10
255.467086
 20
8.180293
  0
LWPOLYLINE
  5
466
330
17
100
AcDbEntity
  8
VISTA
100
AcDbPolyline
 90
7
 70
1
 10
255.661086
 20
8.180293
 10
255.678914
 20
8.180293
 10
255.6795
 20
7.041099
 10
255.6775
 20
7.039131
 10
255.6625
 20
7.039131
 10
255.660501
 20
7.041099
 10
255.661086
 20
8.180293
  0
LWPOLYLINE
  5
467
330
17
100
AcDbEntity
  8
VISTA
100
AcDbPolyline
 90
7
 70
1
 10
255.855086
 20
8.180293
 10
255.872914
 20
8.180293
 10
255.8735
 20
7.041099
 10
255.8715
 20
7.039131
 10
255.856501
 20
7.039131
 10
255.854501
 20
7.041099
 10
255.855086
 20
8.180293
  0
LWPOLYLINE
  5
468
330
17
100
AcDbEntity
  8
VISTA
100
AcDbPolyline
 90
7
 70
1
 10
256.049086
 20
8.180293
 10
256.066916
 20
8.180293
 10
256.067501
 20
7.041099
 10
256.0655
 20
7.039131
 10
256.050501
 20
7.039131
 10
256.0485
 20
7.041099
 10
256.049086
 20
8.180293
  0
LWPOLYLINE
  5
469
330
17
100
AcDbEntity
  8
VISTA
100
AcDbPolyline
 90
7
 70
1
 10
256.243086
 20
8.180293
 10
256.260916
 20
8.180293
 10
256.261501
 20
7.041099
 10
256.259501
 20
7.039131
 10
256.244501
 20
7.039131
 10
256.2425
 20
7.041099
 10
256.243086
 20
8.180293
  0
LWPOLYLINE
  5
46A
330
17
100
AcDbEntity
  8
VISTA
100
AcDbPolyline
 90
7
 70
1
 10
256.437084
 20
8.180293
 10
256.454914
 20
8.180293
 10
256.45550000000003
 20
7.041099
 10
256.453499
 20
7.039131
 10
256.438499
 20
7.039131
 10
256.436499
 20
7.041099
 10
256.437084
 20
8.180293
  0
LWPOLYLINE
  5
46B
330
17
100
AcDbEntity
  8
VISTA
100
AcDbPolyline
 90
7
 70
1
 10
256.631084
 20
8.180293
 10
256.648914
 20
8.180293
 10
256.6495
 20
7.041099
 10
256.647499
 20
7.039131
 10
256.6325
 20
7.039131
 10
256.630499
 20
7.041099
 10
256.631084
 20
8.180293
  0
LWPOLYLINE
  5
46C
330
17
100
AcDbEntity
  8
VISTA
100
AcDbPolyline
 90
7
 70
1
 10
256.825085
 20
8.180293
 10
256.842915
 20
8.180293
 10
256.8435
 20
7.041099
 10
256.841499
 20
7.039131
 10
256.8265
 20
7.039131
 10
256.824499
 20
7.041099
 10
256.825085
 20
8.180293
  0
LWPOLYLINE
  5
46D
330
17
100
AcDbEntity
  8
VISTA
100
AcDbPolyline
 90
7
 70
1
 10
257.019085
 20
8.180293
 10
257.036915
 20
8.180293
 10
257.0375
 20
7.041099
 10
257.0355
 20
7.039131
 10
257.02049999999997
 20
7.039131
 10
257.018499
 20
7.041099
 10
257.019085
 20
8.180293
  0
LWPOLYLINE
  5
46E
330
17
100
AcDbEntity
  8
VISTA
100
AcDbPolyline
 90
7
 70
1
 10
257.213085
 20
8.180293
 10
257.230915
 20
8.180293
 10
257.231501
 20
7.041099
 10
257.22950000000003
 20
7.039131
 10
257.2145
 20
7.039131
 10
257.2125
 20
7.041099
 10
257.213085
 20
8.180293
  0
LWPOLYLINE
  5
46F
330
17
100
AcDbEntity
  8
VISTA
100
AcDbPolyline
 90
7
 70
1
 10
257.407085
 20
8.180293
 10
257.424915
 20
8.180293
 10
257.425501
 20
7.041099
 10
257.4235
 20
7.039131
 10
257.408501
 20
7.039131
 10
257.4065
 20
7.041099
 10
257.407085
 20
8.180293
  0
LWPOLYLINE
  5
470
330
17
100
AcDbEntity
  8
VISTA
100
AcDbPolyline
 90
7
 70
1
 10
257.601086
 20
8.180293
 10
257.618916
 20
8.180293
 10
257.619501
 20
7.041099
 10
257.6175
 20
7.039131
 10
257.602501
 20
7.039131
 10
257.6005
 20
7.041099
 10
257.601086
 20
8.180293
  0
LWPOLYLINE
  5
471
330
17
100
AcDbEntity
  8
VISTA
100
AcDbPolyline
 90
7
 70
1
 10
257.795086
 20
8.180293
 10
257.812916
 20
8.180293
 10
257.813501
 20
7.041099
 10
257.811501
 20
7.039131
 10
257.796501
 20
7.039131
 10
257.79449999999997
 20
7.041099
 10
257.795086
 20
8.180293
  0
LWPOLYLINE
  5
472
330
17
100
AcDbEntity
  8
VISTA
100
AcDbPolyline
 90
7
 70
1
 10
257.989084
 20
8.180293
 10
258.006914
 20
8.180293
 10
258.0075
 20
7.041099
 10
258.005499
 20
7.039131
 10
257.990499
 20
7.039131
 10
257.988499
 20
7.041099
 10
257.989084
 20
8.180293
  0
LWPOLYLINE
  5
473
330
17
100
AcDbEntity
  8
VISTA
100
AcDbPolyline
 90
7
 70
1
 10
258.183084
 20
8.180293
 10
258.200914
 20
8.180293
 10
258.2015
 20
7.041099
 10
258.199499
 20
7.039131
 10
258.1845
 20
7.039131
 10
258.182499
 20
7.041099
 10
258.183084
 20
8.180293
  0
LWPOLYLINE
  5
474
330
17
100
AcDbEntity
  8
VISTA
100
AcDbPolyline
 90
7
 70
1
 10
258.377085
 20
8.180293
 10
258.394915
 20
8.180293
 10
258.39549999999997
 20
7.041099
 10
258.393499
 20
7.039131
 10
258.3785
 20
7.039131
 10
258.376499
 20
7.041099
 10
258.377085
 20
8.180293
  0
LWPOLYLINE
  5
475
330
17
100
AcDbEntity
  8
VISTA
100
AcDbPolyline
 90
7
 70
1
 10
258.571085
 20
8.180293
 10
258.588915
 20
8.180293
 10
258.5895
 20
7.041099
 10
258.5875
 20
7.039131
 10
258.5725
 20
7.039131
 10
258.570499
 20
7.041099
 10
258.571085
 20
8.180293
  0
LWPOLYLINE
  5
476
330
17
100
AcDbEntity
  8
VISTA
100
AcDbPolyline
 90
7
 70
1
 10
258.765085
 20
8.180293
 10
258.782915
 20
8.180293
 10
258.783501
 20
7.041099
 10
258.7815
 20
7.039131
 10
258.7665
 20
7.039131
 10
258.7645
 20
7.041099
 10
258.765085
 20
8.180293
  0
LWPOLYLINE
  5
477
330
17
100
AcDbEntity
  8
VISTA
100
AcDbPolyline
 90
7
 70
1
 10
258.959085
 20
8.180293
 10
258.976915
 20
8.180293
 10
258.977501
 20
7.041099
 10
258.9755
 20
7.039131
 10
258.960501
 20
7.039131
 10
258.9585
 20
7.041099
 10
258.959085
 20
8.180293
  0
LWPOLYLINE
  5
478
330
17
100
AcDbEntity
  8
VISTA
100
AcDbPolyline
 90
7
 70
1
 10
259.153086
 20
8.180293
 10
259.170916
 20
8.180293
 10
259.171501
 20
7.041099
 10
259.16949999999997
 20
7.039131
 10
259.154501
 20
7.039131
 10
259.1525
 20
7.041099
 10
259.153086
 20
8.180293
  0
LWPOLYLINE
  5
479
330
17
100
AcDbEntity
  8
VISTA
100
AcDbPolyline
 90
7
 70
1
 10
259.347086
 20
8.180293
 10
259.364916
 20
8.180293
 10
259.365501
 20
7.041099
 10
259.363501
 20
7.039131
 10
259.348501
 20
7.039131
 10
259.3465
 20
7.041099
 10
259.347086
 20
8.180293
  0
LWPOLYLINE
  5
47A
330
17
100
AcDbEntity
  8
VISTA
100
AcDbPolyline
 90
7
 70
1
 10
259.541084
 20
8.180293
 10
259.558914
 20
8.180293
 10
259.5595
 20
7.041099
 10
259.557499
 20
7.039131
 10
259.5425
 20
7.039131
 10
259.540499
 20
7.041099
 10
259.541084
 20
8.180293
  0
LWPOLYLINE
  5
47B
330
17
100
AcDbEntity
  8
VISTA
100
AcDbPolyline
 90
7
 70
1
 10
259.735085
 20
8.180293
 10
259.752914
 20
8.180293
 10
259.7535
 20
7.041099
 10
259.751499
 20
7.039131
 10
259.7365
 20
7.039131
 10
259.734499
 20
7.041099
 10
259.735085
 20
8.180293
  0
LWPOLYLINE
  5
47C
330
17
100
AcDbEntity
  8
VISTA
100
AcDbPolyline
 90
7
 70
1
 10
259.929085
 20
8.180293
 10
259.946915
 20
8.180293
 10
259.9475
 20
7.041099
 10
259.945499
 20
7.039131
 10
259.9305
 20
7.039131
 10
259.928499
 20
7.041099
 10
259.929085
 20
8.180293
  0
LWPOLYLINE
  5
47D
330
17
100
AcDbEntity
  8
VISTA
100
AcDbPolyline
 90
7
 70
1
 10
260.123085
 20
8.180293
 10
260.140915
 20
8.180293
 10
260.1415
 20
7.041099
 10
260.1395
 20
7.039131
 10
260.1245
 20
7.039131
 10
260.122499
 20
7.041099
 10
260.123085
 20
8.180293
  0
LWPOLYLINE
  5
47E
330
17
100
AcDbEntity
  8
VISTA
100
AcDbPolyline
 90
7
 70
1
 10
260.317085
 20
8.180293
 10
260.334915
 20
8.180293
 10
260.335501
 20
7.041099
 10
260.3335
 20
7.039131
 10
260.318501
 20
7.039131
 10
260.3165
 20
7.041099
 10
260.317085
 20
8.180293
  0
LWPOLYLINE
  5
47F
330
17
100
AcDbEntity
  8
VISTA
100
AcDbPolyline
 90
7
 70
1
 10
260.511086
 20
8.180293
 10
260.528915
 20
8.180293
 10
260.529501
 20
7.041099
 10
260.5275
 20
7.039131
 10
260.512501
 20
7.039131
 10
260.5105
 20
7.041099
 10
260.511086
 20
8.180293
  0
LWPOLYLINE
  5
480
330
17
100
AcDbEntity
  8
VISTA
100
AcDbPolyline
 90
7
 70
1
 10
260.705086
 20
8.180293
 10
260.722916
 20
8.180293
 10
260.723501
 20
7.041099
 10
260.7215
 20
7.039131
 10
260.706501
 20
7.039131
 10
260.7045
 20
7.041099
 10
260.705086
 20
8.180293
  0
LWPOLYLINE
  5
481
330
17
100
AcDbEntity
  8
VISTA
100
AcDbPolyline
 90
7
 70
1
 10
260.899086
 20
8.180293
 10
260.916916
 20
8.180293
 10
260.917501
 20
7.041099
 10
260.915501
 20
7.039131
 10
260.900501
 20
7.039131
 10
260.8985
 20
7.041099
 10
260.899086
 20
8.180293
  0
LWPOLYLINE
  5
482
330
17
100
AcDbEntity
  8
VISTA
100
AcDbPolyline
 90
7
 70
1
 10
261.093084
 20
8.180293
 10
261.110914
 20
8.180293
 10
261.1115
 20
7.041099
 10
261.109499
 20
7.039131
 10
261.0945
 20
7.039131
 10
261.092499
 20
7.041099
 10
261.093084
 20
8.180293
  0
LWPOLYLINE
  5
483
330
17
100
AcDbEntity
  8
VISTA
100
AcDbPolyline
 90
7
 70
1
 10
261.287085
 20
8.180293
 10
261.304914
 20
8.180293
 10
261.3055
 20
7.041099
 10
261.303499
 20
7.039131
 10
261.2885
 20
7.039131
 10
261.286499
 20
7.041099
 10
261.287085
 20
8.180293
  0
LWPOLYLINE
  5
484
330
17
100
AcDbEntity
  8
VISTA
100
AcDbPolyline
 90
7
 70
1
 10
261.481085
 20
8.180293
 10
261.498915
 20
8.180293
 10
261.4995
 20
7.041099
 10
261.497499
 20
7.039131
 10
261.4825
 20
7.039131
 10
261.480499
 20
7.041099
 10
261.481085
 20
8.180293
  0
LWPOLYLINE
  5
485
330
17
100
AcDbEntity
  8
VISTA
100
AcDbPolyline
 90
7
 70
1
 10
261.675085
 20
8.180293
 10
261.69291499999997
 20
8.180293
 10
261.693501
 20
7.041099
 10
261.6915
 20
7.039131
 10
261.6765
 20
7.039131
 10
261.6745
 20
7.041099
 10
261.675085
 20
8.180293
  0
LWPOLYLINE
  5
486
330
17
100
AcDbEntity
  8
VISTA
100
AcDbPolyline
 90
7
 70
1
 10
261.869085
 20
8.180293
 10
261.886915
 20
8.180293
 10
261.887501
 20
7.041099
 10
261.8855
 20
7.039131
 10
261.870501
 20
7.039131
 10
261.8685
 20
7.041099
 10
261.869085
 20
8.180293
  0
LWPOLYLINE
  5
487
330
17
100
AcDbEntity
  8
VISTA
100
AcDbPolyline
 90
7
 70
1
 10
262.063086
 20
8.180293
 10
262.080915
 20
8.180293
 10
262.081501
 20
7.041099
 10
262.0795
 20
7.039131
 10
262.064501
 20
7.039131
 10
262.0625
 20
7.041099
 10
262.063086
 20
8.180293
  0
LWPOLYLINE
  5
488
330
17
100
AcDbEntity
  8
VISTA
100
AcDbPolyline
 90
7
 70
1
 10
262.257086
 20
8.180293
 10
262.274916
 20
8.180293
 10
262.275501
 20
7.041099
 10
262.2735
 20
7.039131
 10
262.258501
 20
7.039131
 10
262.2565
 20
7.041099
 10
262.257086
 20
8.180293
  0
LWPOLYLINE
  5
489
330
17
100
AcDbEntity
  8
VISTA
100
AcDbPolyline
 90
9
 70
1
 10
254.282
 20
8.004148
 10
254.358
 20
8.004148
 10
254.36
 20
8.00218
 10
254.36
 20
6.67782
 10
254.358
 20
6.675853
 10
254.282
 20
6.675853
 10
254.28
 20
6.67782
 10
254.28
 20
8.00218
 10
254.282
 20
8.004148
  0
LWPOLYLINE
  5
48A
330
17
100
AcDbEntity
  8
VISTA
100
AcDbPolyline
 90
9
 70
1
 10
254.978
 20
8.004148
 10
255.054
 20
8.004148
 10
255.056
 20
8.00218
 10
255.056
 20
6.67782
 10
255.054
 20
6.675853
 10
254.978
 20
6.675853
 10
254.976
 20
6.67782
 10
254.976
 20
8.00218
 10
254.978
 20
8.004148
  0
LWPOLYLINE
  5
48B
330
17
100
AcDbEntity
  8
VISTA
100
AcDbPolyline
 90
9
 70
1
 10
255.674
 20
8.004148
 10
255.75
 20
8.004148
 10
255.752
 20
8.00218
 10
255.752
 20
6.67782
 10
255.75
 20
6.675853
 10
255.674
 20
6.675853
 10
255.672
 20
6.67782
 10
255.672
 20
8.00218
 10
255.674
 20
8.004148
  0
LWPOLYLINE
  5
48C
330
17
100
AcDbEntity
  8
VISTA
100
AcDbPolyline
 90
9
 70
1
 10
256.370001
 20
8.004148
 10
256.446001
 20
8.004148
 10
256.448002
 20
8.00218
 10
256.448002
 20
6.67782
 10
256.446001
 20
6.675853
 10
256.370001
 20
6.675853
 10
256.368
 20
6.67782
 10
256.368
 20
8.00218
 10
256.370001
 20
8.004148
  0
LWPOLYLINE
  5
48D
330
17
100
AcDbEntity
  8
VISTA
100
AcDbPolyline
 90
9
 70
1
 10
257.066
 20
8.004148
 10
257.142
 20
8.004148
 10
257.144001
 20
8.00218
 10
257.144001
 20
6.67782
 10
257.142
 20
6.675853
 10
257.066
 20
6.675853
 10
257.063999
 20
6.67782
 10
257.063999
 20
8.00218
 10
257.066
 20
8.004148
  0
LWPOLYLINE
  5
48E
330
17
100
AcDbEntity
  8
VISTA
100
AcDbPolyline
 90
9
 70
1
 10
257.761999
 20
8.004148
 10
257.837999
 20
8.004148
 10
257.84
 20
8.00218
 10
257.84
 20
6.67782
 10
257.837999
 20
6.675853
 10
257.761999
 20
6.675853
 10
257.759998
 20
6.67782
 10
257.759998
 20
8.00218
 10
257.761999
 20
8.004148
  0
LWPOLYLINE
  5
48F
330
17
100
AcDbEntity
  8
VISTA
100
AcDbPolyline
 90
9
 70
1
 10
258.45799999999997
 20
8.004148
 10
258.534
 20
8.004148
 10
258.536001
 20
8.00218
 10
258.536001
 20
6.67782
 10
258.534
 20
6.675853
 10
258.45799999999997
 20
6.675853
 10
258.455999
 20
6.67782
 10
258.455999
 20
8.00218
 10
258.45799999999997
 20
8.004148
  0
LWPOLYLINE
  5
490
330
17
100
AcDbEntity
  8
VISTA
100
AcDbPolyline
 90
9
 70
1
 10
259.153999
 20
8.004148
 10
259.23
 20
8.004148
 10
259.23199999999997
 20
8.00218
 10
259.23199999999997
 20
6.67782
 10
259.23
 20
6.675853
 10
259.153999
 20
6.675853
 10
259.151999
 20
6.67782
 10
259.151999
 20
8.00218
 10
259.153999
 20
8.004148
  0
LWPOLYLINE
  5
491
330
17
100
AcDbEntity
  8
VISTA
100
AcDbPolyline
 90
9
 70
1
 10
259.85
 20
8.004148
 10
259.926001
 20
8.004148
 10
259.928001
 20
8.00218
 10
259.928001
 20
6.67782
 10
259.926001
 20
6.675853
 10
259.85
 20
6.675853
 10
259.848
 20
6.67782
 10
259.848
 20
8.00218
 10
259.85
 20
8.004148
  0
LWPOLYLINE
  5
492
330
17
100
AcDbEntity
  8
VISTA
100
AcDbPolyline
 90
9
 70
1
 10
260.546
 20
8.004148
 10
260.622
 20
8.004148
 10
260.624001
 20
8.00218
 10
260.624001
 20
6.67782
 10
260.622
 20
6.675853
 10
260.546
 20
6.675853
 10
260.543999
 20
6.67782
 10
260.543999
 20
8.00218
 10
260.546
 20
8.004148
  0
LWPOLYLINE
  5
493
330
17
100
AcDbEntity
  8
VISTA
100
AcDbPolyline
 90
9
 70
1
 10
261.242001
 20
8.004148
 10
261.318001
 20
8.004148
 10
261.320002
 20
8.00218
 10
261.320002
 20
6.67782
 10
261.318001
 20
6.675853
 10
261.242001
 20
6.675853
 10
261.24
 20
6.67782
 10
261.24
 20
8.00218
 10
261.242001
 20
8.004148
  0
LWPOLYLINE
  5
494
330
17
100
AcDbEntity
  8
VISTA
100
AcDbPolyline
 90
9
 70
1
 10
253.926499
 20
5.821
 10
254.045815
 20
5.820262
 10
254.0475
 20
5.817
 10
254.046762
 20
5.740685
 10
254.0435
 20
5.739
 10
253.924184
 20
5.739738
 10
253.9225
 20
5.743
 10
253.923238
 20
5.819316
 10
253.926499
 20
5.821
  0
LWPOLYLINE
  5
495
330
17
100
AcDbEntity
  8
VISTA
100
AcDbPolyline
 90
4
 70
1
 10
253.924191
 20
5.81931
 10
253.924705
 20
5.819528
 10
253.923972
 20
5.819528
 10
253.924191
 20
5.81931
  0
LWPOLYLINE
  5
496
330
17
100
AcDbEntity
  8
VISTA
100
AcDbPolyline
 90
4
 70
1
 10
253.924191
 20
5.740691
 10
253.923972
 20
5.741206
 10
253.923972
 20
5.740472
 10
253.924191
 20
5.740691
  0
LWPOLYLINE
  5
497
330
17
100
AcDbEntity
  8
VISTA
100
AcDbPolyline
 90
4
 70
1
 10
254.045809
 20
5.740691
 10
254.045295
 20
5.740472
 10
254.046027
 20
5.740472
 10
254.045809
 20
5.740691
  0
LWPOLYLINE
  5
498
330
17
100
AcDbEntity
  8
VISTA
100
AcDbPolyline
 90
4
 70
1
 10
254.046027
 20
5.819528
 10
254.045295
 20
5.819528
 10
254.045809
 20
5.81931
 10
254.046027
 20
5.819528
  0
LWPOLYLINE
  5
499
330
17
100
AcDbEntity
  8
VISTA
100
AcDbPolyline
 90
9
 70
1
 10
253.926499
 20
4.101
 10
254.045815
 20
4.100262
 10
254.0475
 20
4.097
 10
254.046762
 20
4.020684
 10
254.0435
 20
4.019
 10
253.924184
 20
4.019738
 10
253.9225
 20
4.023
 10
253.923238
 20
4.099316
 10
253.926499
 20
4.101
  0
LWPOLYLINE
  5
49A
330
17
100
AcDbEntity
  8
VISTA
100
AcDbPolyline
 90
4
 70
1
 10
253.924191
 20
4.099309
 10
253.924705
 20
4.099528
 10
253.923972
 20
4.099528
 10
253.924191
 20
4.099309
  0
LWPOLYLINE
  5
49B
330
17
100
AcDbEntity
  8
VISTA
100
AcDbPolyline
 90
4
 70
1
 10
253.924191
 20
4.02069
 10
253.923972
 20
4.021205
 10
253.923972
 20
4.020472
 10
253.924191
 20
4.02069
  0
LWPOLYLINE
  5
49C
330
17
100
AcDbEntity
  8
VISTA
100
AcDbPolyline
 90
4
 70
1
 10
254.045809
 20
4.02069
 10
254.045295
 20
4.020472
 10
254.046027
 20
4.020472
 10
254.045809
 20
4.02069
  0
LWPOLYLINE
  5
49D
330
17
100
AcDbEntity
  8
VISTA
100
AcDbPolyline
 90
4
 70
1
 10
254.046027
 20
4.099528
 10
254.045295
 20
4.099528
 10
254.045809
 20
4.099309
 10
254.046027
 20
4.099528
  0
LWPOLYLINE
  5
49E
330
17
100
AcDbEntity
  8
VISTA
100
AcDbPolyline
 90
5
 70
1
 10
262.299999
 20
6.95118
 10
253.7
 20
6.95118
 10
253.7
 20
8.162328
 10
262.299999
 20
8.162328
 10
262.299999
 20
6.95118
  0
LWPOLYLINE
  5
49F
330
17
100
AcDbEntity
  8
VISTA
100
AcDbPolyline
 90
11
 70
1
 10
253.9765
 20
1.655
 10
253.978974
 20
1.653975
 10
253.98
 20
1.6515
 10
253.98
 20
1.5835
 10
253.978974
 20
1.581025
 10
253.9765
 20
1.58
 10
252.9835
 20
1.58
 10
252.981025
 20
1.581025
 10
252.98
 20
1.5835
 10
252.981025
 20
1.653975
 10
253.9765
 20
1.655
  0
LWPOLYLINE
  5
4A0
330
17
100
AcDbEntity
  8
VISTA
100
AcDbPolyline
 90
4
 70
1
 10
252.981746
 20
1.653254
 10
252.981746
 20
1.65397
 10
252.98103
 20
1.653254
 10
252.981746
 20
1.653254
  0
LWPOLYLINE
  5
4A1
330
17
100
AcDbEntity
  8
VISTA
100
AcDbPolyline
 90
4
 70
1
 10
252.981288
 20
1.581288
 10
252.981746
 20
1.58103
 10
252.981746
 20
1.581746
 10
252.981288
 20
1.581288
  0
LWPOLYLINE
  5
4A2
330
17
100
AcDbEntity
  8
VISTA
100
AcDbPolyline
 90
4
 70
1
 10
253.97897
 20
1.653254
 10
253.978253
 20
1.65397
 10
253.978253
 20
1.653254
 10
253.97897
 20
1.653254
  0
LWPOLYLINE
  5
4A3
330
17
100
AcDbEntity
  8
VISTA
100
AcDbPolyline
 90
4
 70
1
 10
253.978253
 20
1.58103
 10
253.97897
 20
1.581746
 10
253.978253
 20
1.581746
 10
253.978253
 20
1.58103
  0
LWPOLYLINE
  5
4A4
330
17
100
AcDbEntity
  8
VISTA
100
AcDbPolyline
 90
5
 70
1
 10
253.035
 20
1.5655
 10
253.924999
 20
1.5655
 10
253.924999
 20
1.5305
 10
253.035
 20
1.5305
 10
253.035
 20
1.5655
  0
LWPOLYLINE
  5
4A5
330
17
100
AcDbEntity
  8
VISTA
100
AcDbPolyline
 90
5
 70
1
 10
262.299999
 20
7.037082
 10
253.7
 20
7.037082
 10
253.7
 20
8.170327
 10
262.299999
 20
8.16954
 10
262.299999
 20
7.037082
  0
LWPOLYLINE
  5
4A6
330
17
100
AcDbEntity
  8
VISTA
100
AcDbPolyline
 90
17
 70
1
 10
261.5
 20
8.032637
 10
261.422413
 20
8.028014
 10
261.393209
 20
8.022661
 10
261.37446
 20
8.015915
 10
261.3683515705021
 20
8.008843027211338
 10
261.37446
 20
8.001772
 10
261.393209
 20
7.995025
 10
261.422413
 20
7.989672
 10
261.5
 20
7.98505
 10
261.577587
 20
7.989672
 10
261.606791
 20
7.995025
 10
261.62554
 20
8.001772
 10
261.6316484294979
 20
8.00884302721134
 10
261.62554
 20
8.015915
 10
261.606791
 20
8.022661
 10
261.540791
 20
8.031452
 10
261.5
 20
8.032637
  0
LWPOLYLINE
  5
4A7
330
17
100
AcDbEntity
  8
VISTA
100
AcDbPolyline
 90
21
 70
1
 10
261.651287
 20
8.056931
 10
261.677847
 20
8.066489
 10
261.6866487922881
 20
8.0766765
 10
261.677847
 20
8.086864
 10
261.651287
 20
8.096421
 10
261.609917
 20
8.104006
 10
261.557787
 20
8.108875
 10
261.5
 20
8.110553
 10
261.442213
 20
8.108875
 10
261.390083
 20
8.104006
 10
261.348713
 20
8.096421
 10
261.322153
 20
8.086864
 10
261.3133512077119
 20
8.0766765
 10
261.322153
 20
8.066489
 10
261.348713
 20
8.056931
 10
261.390083
 20
8.049347
 10
261.442213
 20
8.044477
 10
261.5
 20
8.0428
 10
261.557787
 20
8.044477
 10
261.609917
 20
8.049347
 10
261.651287
 20
8.056931
  0
LWPOLYLINE
  5
4A8
330
17
100
AcDbEntity
  8
VISTA
100
AcDbPolyline
 90
5
 70
1
 10
253.0307
 20
1.66
 10
253.929999
 20
1.6593
 10
253.92929900000001
 20
1.655
 10
253.030205
 20
1.6557
 10
253.0307
 20
1.66
  0
LWPOLYLINE
  5
4A9
330
17
100
AcDbEntity
  8
VISTA
100
AcDbPolyline
 90
7
 70
1
 10
253.014001
 20
2.526171
 10
253.025
 20
2.527171
 10
253.026
 20
1.58804
 10
253.025
 20
1.587039
 10
253.015001
 20
1.587039
 10
253.014294
 20
1.587332
 10
253.014001
 20
2.526171
  0
LWPOLYLINE
  5
4AA
330
17
100
AcDbEntity
  8
VISTA
100
AcDbPolyline
 90
4
 70
1
 10
253.01439049718655
 20
1.587424008945318
 10
253.01439049718655
 20
1.5874240089453182
 10
253.014294
 20
1.587332
 10
253.01439049718655
 20
1.587424008945318
  0
LWPOLYLINE
  5
4AB
330
17
100
AcDbEntity
  8
VISTA
100
AcDbPolyline
 90
7
 70
1
 10
253.974
 20
2.526171
 10
253.984999
 20
2.527171
 10
253.985999
 20
1.58804
 10
253.984999
 20
1.587039
 10
253.975
 20
1.587039
 10
253.974293
 20
1.587332
 10
253.974
 20
2.526171
  0
LWPOLYLINE
  5
4AC
330
17
100
AcDbEntity
  8
VISTA
100
AcDbPolyline
 90
4
 70
1
 10
253.97438949718656
 20
1.587424008945318
 10
253.97438949718656
 20
1.5874240089453182
 10
253.974293
 20
1.587332
 10
253.97438949718656
 20
1.587424008945318
  0
LWPOLYLINE
  5
4AD
330
17
100
AcDbEntity
  8
VISTA
100
AcDbPolyline
 90
5
 70
1
 10
253.025
 20
1.635
 10
253.934999
 20
1.635
 10
253.934999
 20
1.629
 10
253.025
 20
1.629
 10
253.025
 20
1.635
  0
LWPOLYLINE
  5
4AE
330
17
100
AcDbEntity
  8
VISTA
100
AcDbPolyline
 90
5
 70
1
 10
253.014001
 20
2.442224
 10
253.025
 20
2.443224
 10
253.026
 20
1.504092
 10
253.014001
 20
1.504092
 10
253.014001
 20
2.442224
  0
LWPOLYLINE
  5
4AF
330
17
100
AcDbEntity
  8
VISTA
100
AcDbPolyline
 90
5
 70
1
 10
253.974
 20
2.442224
 10
253.984999
 20
2.443224
 10
253.985999
 20
1.504092
 10
253.974
 20
1.504092
 10
253.974
 20
2.442224
  0
LWPOLYLINE
  5
4B0
330
17
100
AcDbEntity
  8
VISTA
100
AcDbPolyline
 90
11
 70
1
 10
253.9765
 20
1.477778
 10
253.978974
 20
1.476753
 10
253.98
 20
1.474278
 10
253.98
 20
1.406278
 10
253.978974
 20
1.403803
 10
253.9765
 20
1.402778
 10
252.9835
 20
1.402778
 10
252.981025
 20
1.403803
 10
252.98
 20
1.406278
 10
252.981025
 20
1.476753
 10
253.9765
 20
1.477778
  0
LWPOLYLINE
  5
4B1
330
17
100
AcDbEntity
  8
VISTA
100
AcDbPolyline
 90
4
 70
1
 10
252.981746
 20
1.476031
 10
252.981746
 20
1.476748
 10
252.98103
 20
1.476031
 10
252.981746
 20
1.476031
  0
LWPOLYLINE
  5
4B2
330
17
100
AcDbEntity
  8
VISTA
100
AcDbPolyline
 90
4
 70
1
 10
252.981288
 20
1.404066
 10
252.981746
 20
1.403808
 10
252.981746
 20
1.404524
 10
252.981288
 20
1.404066
  0
LWPOLYLINE
  5
4B3
330
17
100
AcDbEntity
  8
VISTA
100
AcDbPolyline
 90
4
 70
1
 10
253.97897
 20
1.476031
 10
253.978253
 20
1.476748
 10
253.978253
 20
1.476031
 10
253.97897
 20
1.476031
  0
LWPOLYLINE
  5
4B4
330
17
100
AcDbEntity
  8
VISTA
100
AcDbPolyline
 90
4
 70
1
 10
253.978253
 20
1.403808
 10
253.97897
 20
1.404524
 10
253.978253
 20
1.404524
 10
253.978253
 20
1.403808
  0
LWPOLYLINE
  5
4B5
330
17
100
AcDbEntity
  8
VISTA
100
AcDbPolyline
 90
5
 70
1
 10
253.035
 20
1.391056
 10
253.924999
 20
1.391056
 10
253.924999
 20
1.356055
 10
253.035
 20
1.356055
 10
253.035
 20
1.391056
  0
LWPOLYLINE
  5
4B6
330
17
100
AcDbEntity
  8
VISTA
100
AcDbPolyline
 90
5
 70
1
 10
253.014001
 20
2.358276
 10
253.025
 20
2.359276
 10
253.026
 20
1.420145
 10
253.014001
 20
1.420145
 10
253.014001
 20
2.358276
  0
LWPOLYLINE
  5
4B7
330
17
100
AcDbEntity
  8
VISTA
100
AcDbPolyline
 90
5
 70
1
 10
253.974
 20
2.358276
 10
253.984999
 20
2.359276
 10
253.985999
 20
1.420145
 10
253.974
 20
1.420145
 10
253.974
 20
2.358276
  0
LWPOLYLINE
  5
4B8
330
17
100
AcDbEntity
  8
VISTA
100
AcDbPolyline
 90
5
 70
1
 10
253.0307
 20
1.482778
 10
253.929999
 20
1.482078
 10
253.92929900000001
 20
1.477778
 10
253.030205
 20
1.478478
 10
253.0307
 20
1.482778
  0
LWPOLYLINE
  5
4B9
330
17
100
AcDbEntity
  8
VISTA
100
AcDbPolyline
 90
5
 70
1
 10
253.025
 20
1.460556
 10
253.934999
 20
1.460556
 10
253.934999
 20
1.454556
 10
253.025
 20
1.454556
 10
253.025
 20
1.460556
  0
LWPOLYLINE
  5
4BA
330
17
100
AcDbEntity
  8
VISTA
100
AcDbPolyline
 90
7
 70
1
 10
253.014001
 20
2.274329
 10
253.025
 20
2.275329
 10
253.026
 20
1.336197
 10
253.025
 20
1.335197
 10
253.015001
 20
1.335197
 10
253.014294
 20
1.33549
 10
253.014001
 20
2.274329
  0
LWPOLYLINE
  5
4BB
330
17
100
AcDbEntity
  8
VISTA
100
AcDbPolyline
 90
4
 70
1
 10
253.01439049718655
 20
1.3355820089453179
 10
253.01439049718655
 20
1.335582008945318
 10
253.014294
 20
1.33549
 10
253.01439049718655
 20
1.3355820089453179
  0
LWPOLYLINE
  5
4BC
330
17
100
AcDbEntity
  8
VISTA
100
AcDbPolyline
 90
7
 70
1
 10
253.974
 20
2.274329
 10
253.984999
 20
2.275329
 10
253.985999
 20
1.336197
 10
253.984999
 20
1.335197
 10
253.975
 20
1.335197
 10
253.974293
 20
1.33549
 10
253.974
 20
2.274329
  0
LWPOLYLINE
  5
4BD
330
17
100
AcDbEntity
  8
VISTA
100
AcDbPolyline
 90
4
 70
1
 10
253.97438949718656
 20
1.3355820089453179
 10
253.97438949718656
 20
1.335582008945318
 10
253.974293
 20
1.33549
 10
253.97438949718656
 20
1.3355820089453179
  0
LWPOLYLINE
  5
4BE
330
17
100
AcDbEntity
  8
VISTA
100
AcDbPolyline
 90
9
 70
1
 10
254.212
 20
7.435857
 10
261.788
 20
7.435857
 10
261.790001
 20
7.433857
 10
261.790001
 20
7.382857
 10
261.788
 20
7.380857
 10
254.212
 20
7.380857
 10
254.21
 20
7.382857
 10
254.21
 20
7.433857
 10
254.212
 20
7.435857
  0
LWPOLYLINE
  5
4BF
330
17
100
AcDbEntity
  8
VISTA
100
AcDbPolyline
 90
5
 70
1
 10
261.616915
 20
6.644414
 10
261.616915
 20
6.605586
 10
261.583086
 20
6.605586
 10
261.583086
 20
6.644414
 10
261.616915
 20
6.644414
  0
LWPOLYLINE
  5
4C0
330
17
100
AcDbEntity
  8
VISTA
100
AcDbPolyline
 90
11
 70
1
 10
253.9765
 20
1.300556
 10
253.978974
 20
1.29953
 10
253.98
 20
1.297056
 10
253.98
 20
1.229056
 10
253.978974
 20
1.226581
 10
253.9765
 20
1.225556
 10
252.9835
 20
1.225556
 10
252.981025
 20
1.226581
 10
252.98
 20
1.229056
 10
252.981025
 20
1.29953
 10
253.9765
 20
1.300556
  0
LWPOLYLINE
  5
4C1
330
17
100
AcDbEntity
  8
VISTA
100
AcDbPolyline
 90
4
 70
1
 10
252.981746
 20
1.298809
 10
252.981746
 20
1.299525
 10
252.98103
 20
1.298809
 10
252.981746
 20
1.298809
  0
LWPOLYLINE
  5
4C2
330
17
100
AcDbEntity
  8
VISTA
100
AcDbPolyline
 90
4
 70
1
 10
252.981288
 20
1.226844
 10
252.981746
 20
1.226586
 10
252.981746
 20
1.227302
 10
252.981288
 20
1.226844
  0
LWPOLYLINE
  5
4C3
330
17
100
AcDbEntity
  8
VISTA
100
AcDbPolyline
 90
4
 70
1
 10
252.98102734473608
 20
1.226919110940542
 10
252.98102734473608
 20
1.2269191109405417
 10
252.981288
 20
1.226844
 10
252.98102734473608
 20
1.226919110940542
  0
LWPOLYLINE
  5
4C4
330
17
100
AcDbEntity
  8
VISTA
100
AcDbPolyline
 90
4
 70
1
 10
253.97897
 20
1.298809
 10
253.978253
 20
1.299525
 10
253.978253
 20
1.298809
 10
253.97897
 20
1.298809
  0
LWPOLYLINE
  5
4C5
330
17
100
AcDbEntity
  8
VISTA
100
AcDbPolyline
 90
4
 70
1
 10
253.978253
 20
1.226586
 10
253.97897
 20
1.227302
 10
253.978253
 20
1.227302
 10
253.978253
 20
1.226586
  0
LWPOLYLINE
  5
4C6
330
17
100
AcDbEntity
  8
VISTA
100
AcDbPolyline
 90
5
 70
1
 10
253.035
 20
1.216611
 10
253.924999
 20
1.216611
 10
253.924999
 20
1.181611
 10
253.035
 20
1.181611
 10
253.035
 20
1.216611
  0
LWPOLYLINE
  5
4C7
330
17
100
AcDbEntity
  8
VISTA
100
AcDbPolyline
 90
5
 70
1
 10
253.014001
 20
2.190382
 10
253.025
 20
2.191382
 10
253.026
 20
1.25225
 10
253.014001
 20
1.25225
 10
253.014001
 20
2.190382
  0
LWPOLYLINE
  5
4C8
330
17
100
AcDbEntity
  8
VISTA
100
AcDbPolyline
 90
5
 70
1
 10
253.974
 20
2.190382
 10
253.984999
 20
2.191382
 10
253.985999
 20
1.25225
 10
253.974
 20
1.25225
 10
253.974
 20
2.190382
  0
LWPOLYLINE
  5
4C9
330
17
100
AcDbEntity
  8
VISTA
100
AcDbPolyline
 90
5
 70
1
 10
253.0307
 20
1.305556
 10
253.929999
 20
1.304856
 10
253.92929900000001
 20
1.300556
 10
253.030205
 20
1.301256
 10
253.0307
 20
1.305556
  0
LWPOLYLINE
  5
4CA
330
17
100
AcDbEntity
  8
VISTA
100
AcDbPolyline
 90
5
 70
1
 10
253.025
 20
1.286111
 10
253.934999
 20
1.286111
 10
253.934999
 20
1.280111
 10
253.025
 20
1.280111
 10
253.025
 20
1.286111
  0
LWPOLYLINE
  5
4CB
330
17
100
AcDbEntity
  8
VISTA
100
AcDbPolyline
 90
8
 70
1
 10
252.9775
 20
2.171841
 10
252.9792
 20
2.173541
 10
253.010799
 20
2.173541
 10
253.0125
 20
2.171841
 10
253.0125
 20
1.124825
 10
253.010799
 20
1.123125
 10
252.978216
 20
1.123855
 10
252.9775
 20
2.171841
  0
LWPOLYLINE
  5
4CC
330
17
100
AcDbEntity
  8
VISTA
100
AcDbPolyline
 90
4
 70
1
 10
253.01170119542473
 20
2.1719427205097137
 10
253.011784
 20
2.17186
 10
253.01170119542473
 20
2.1719427205097146
 10
253.01170119542473
 20
2.1719427205097137
  0
LWPOLYLINE
  5
4CD
330
17
100
AcDbEntity
  8
VISTA
100
AcDbPolyline
 90
8
 70
1
 10
253.9475
 20
2.171841
 10
253.9492
 20
2.173541
 10
253.98080099999999
 20
2.173541
 10
253.9825
 20
2.171841
 10
253.9825
 20
1.124825
 10
253.98080099999999
 20
1.123125
 10
253.948216
 20
1.123855
 10
253.9475
 20
2.171841
  0
LWPOLYLINE
  5
4CE
330
17
100
AcDbEntity
  8
VISTA
100
AcDbPolyline
 90
5
 70
1
 10
253.014001
 20
2.106434
 10
253.025
 20
2.107434
 10
253.026
 20
1.168303
 10
253.014001
 20
1.168303
 10
253.014001
 20
2.106434
  0
LWPOLYLINE
  5
4CF
330
17
100
AcDbEntity
  8
VISTA
100
AcDbPolyline
 90
5
 70
1
 10
253.974
 20
2.106434
 10
253.984999
 20
2.107434
 10
253.985999
 20
1.168303
 10
253.974
 20
1.168303
 10
253.974
 20
2.106434
  0
LWPOLYLINE
  5
4D0
330
17
100
AcDbEntity
  8
VISTA
100
AcDbPolyline
 90
11
 70
1
 10
253.9765
 20
1.123333
 10
253.978974
 20
1.122308
 10
253.98
 20
1.119833
 10
253.98
 20
1.051833
 10
253.978974
 20
1.049358
 10
253.9765
 20
1.048333
 10
252.9835
 20
1.048333
 10
252.981025
 20
1.049358
 10
252.98
 20
1.051833
 10
252.981025
 20
1.122308
 10
253.9765
 20
1.123333
  0
LWPOLYLINE
  5
4D1
330
17
100
AcDbEntity
  8
VISTA
100
AcDbPolyline
 90
4
 70
1
 10
252.981746
 20
1.121587
 10
252.981746
 20
1.122303
 10
252.98103
 20
1.121587
 10
252.981746
 20
1.121587
  0
LWPOLYLINE
  5
4D2
330
17
100
AcDbEntity
  8
VISTA
100
AcDbPolyline
 90
4
 70
1
 10
252.981288
 20
1.049622
 10
252.981746
 20
1.049363
 10
252.981746
 20
1.05008
 10
252.981288
 20
1.049622
  0
LWPOLYLINE
  5
4D3
330
17
100
AcDbEntity
  8
VISTA
100
AcDbPolyline
 90
4
 70
1
 10
253.97897
 20
1.121587
 10
253.978253
 20
1.122303
 10
253.978253
 20
1.121587
 10
253.97897
 20
1.121587
  0
LWPOLYLINE
  5
4D4
330
17
100
AcDbEntity
  8
VISTA
100
AcDbPolyline
 90
4
 70
1
 10
253.978253
 20
1.049363
 10
253.97897
 20
1.05008
 10
253.978253
 20
1.05008
 10
253.978253
 20
1.049363
  0
LWPOLYLINE
  5
4D5
330
17
100
AcDbEntity
  8
VISTA
100
AcDbPolyline
 90
5
 70
1
 10
253.035
 20
1.042167
 10
253.924999
 20
1.042167
 10
253.924999
 20
1.007167
 10
253.035
 20
1.007167
 10
253.035
 20
1.042167
  0
LWPOLYLINE
  5
4D6
330
17
100
AcDbEntity
  8
VISTA
100
AcDbPolyline
 90
5
 70
1
 10
253.014001
 20
2.022487
 10
253.025
 20
2.023487
 10
253.026
 20
1.084355
 10
253.014001
 20
1.084355
 10
253.014001
 20
2.022487
  0
LWPOLYLINE
  5
4D7
330
17
100
AcDbEntity
  8
VISTA
100
AcDbPolyline
 90
5
 70
1
 10
253.974
 20
2.022487
 10
253.984999
 20
2.023487
 10
253.985999
 20
1.084355
 10
253.974
 20
1.084355
 10
253.974
 20
2.022487
  0
LWPOLYLINE
  5
4D8
330
17
100
AcDbEntity
  8
VISTA
100
AcDbPolyline
 90
5
 70
1
 10
253.0307
 20
1.128333
 10
253.929999
 20
1.127633
 10
253.92929900000001
 20
1.123333
 10
253.030205
 20
1.124033
 10
253.0307
 20
1.128333
  0
LWPOLYLINE
  5
4D9
330
17
100
AcDbEntity
  8
VISTA
100
AcDbPolyline
 90
5
 70
1
 10
253.025
 20
1.111667
 10
253.934999
 20
1.111667
 10
253.934999
 20
1.105667
 10
253.025
 20
1.105667
 10
253.025
 20
1.111667
  0
LWPOLYLINE
  5
4DA
330
17
100
AcDbEntity
  8
VISTA
100
AcDbPolyline
 90
9
 70
1
 10
253.014001
 20
1.938539
 10
253.014294
 20
1.939247
 10
253.015001
 20
1.939539
 10
253.025
 20
1.939539
 10
253.025707
 20
1.939247
 10
253.026
 20
1.938539
 10
253.026
 20
1.000408
 10
253.014001
 20
1.000408
 10
253.014001
 20
1.938539
  0
LWPOLYLINE
  5
4DB
330
17
100
AcDbEntity
  8
VISTA
100
AcDbPolyline
 90
4
 70
1
 10
253.01439049718655
 20
1.939154991054682
 10
253.01439049718655
 20
1.9391549910546821
 10
253.014294
 20
1.939247
 10
253.01439049718655
 20
1.939154991054682
  0
LWPOLYLINE
  5
4DC
330
17
100
AcDbEntity
  8
VISTA
100
AcDbPolyline
 90
4
 70
1
 10
253.02561050281344
 20
1.9391549910546821
 10
253.02561050281344
 20
1.939154991054682
 10
253.025707
 20
1.939247
 10
253.02561050281344
 20
1.9391549910546821
  0
LWPOLYLINE
  5
4DD
330
17
100
AcDbEntity
  8
VISTA
100
AcDbPolyline
 90
9
 70
1
 10
253.974
 20
1.938539
 10
253.974293
 20
1.939247
 10
253.975
 20
1.939539
 10
253.984999
 20
1.939539
 10
253.985706
 20
1.939247
 10
253.985999
 20
1.938539
 10
253.985999
 20
1.000408
 10
253.974
 20
1.000408
 10
253.974
 20
1.938539
  0
LWPOLYLINE
  5
4DE
330
17
100
AcDbEntity
  8
VISTA
100
AcDbPolyline
 90
4
 70
1
 10
253.97438949718656
 20
1.939154991054682
 10
253.97438949718656
 20
1.9391549910546821
 10
253.974293
 20
1.939247
 10
253.97438949718656
 20
1.939154991054682
  0
LWPOLYLINE
  5
4DF
330
17
100
AcDbEntity
  8
VISTA
100
AcDbPolyline
 90
4
 70
1
 10
253.98560950281345
 20
1.9391549910546821
 10
253.98560950281345
 20
1.939154991054682
 10
253.985706
 20
1.939247
 10
253.98560950281345
 20
1.9391549910546821
  0
LWPOLYLINE
  5
4E0
330
17
100
AcDbEntity
  8
VISTA
100
AcDbPolyline
 90
11
 70
1
 10
253.9765
 20
0.946111
 10
253.978974
 20
0.945086
 10
253.98
 20
0.942611
 10
253.98
 20
0.874611
 10
253.978974
 20
0.872136
 10
253.9765
 20
0.871111
 10
252.9835
 20
0.871111
 10
252.981025
 20
0.872136
 10
252.98
 20
0.874611
 10
252.981025
 20
0.945086
 10
253.9765
 20
0.946111
  0
LWPOLYLINE
  5
4E1
330
17
100
AcDbEntity
  8
VISTA
100
AcDbPolyline
 90
4
 70
1
 10
252.981746
 20
0.944365
 10
252.981746
 20
0.945081
 10
252.98103
 20
0.944365
 10
252.981746
 20
0.944365
  0
LWPOLYLINE
  5
4E2
330
17
100
AcDbEntity
  8
VISTA
100
AcDbPolyline
 90
4
 70
1
 10
252.981027347546
 20
0.9447474838684642
 10
252.981288
 20
0.944823
 10
252.981027347546
 20
0.9447474838684643
 10
252.981027347546
 20
0.9447474838684642
  0
LWPOLYLINE
  5
4E3
330
17
100
AcDbEntity
  8
VISTA
100
AcDbPolyline
 90
4
 70
1
 10
252.981288
 20
0.872399
 10
252.981746
 20
0.872141
 10
252.981746
 20
0.872858
 10
252.981288
 20
0.872399
  0
LWPOLYLINE
  5
4E4
330
17
100
AcDbEntity
  8
VISTA
100
AcDbPolyline
 90
4
 70
1
 10
253.97897
 20
0.944365
 10
253.978253
 20
0.945081
 10
253.978253
 20
0.944365
 10
253.97897
 20
0.944365
  0
LWPOLYLINE
  5
4E5
330
17
100
AcDbEntity
  8
VISTA
100
AcDbPolyline
 90
4
 70
1
 10
253.978253
 20
0.872141
 10
253.97897
 20
0.872858
 10
253.978253
 20
0.872858
 10
253.978253
 20
0.872141
  0
LWPOLYLINE
  5
4E6
330
17
100
AcDbEntity
  8
VISTA
100
AcDbPolyline
 90
4
 70
1
 10
253.9789721238078
 20
0.8724746526919795
 10
253.978711
 20
0.872399
 10
253.9789721238078
 20
0.8724746526919794
 10
253.9789721238078
 20
0.8724746526919795
  0
LWPOLYLINE
  5
4E7
330
17
100
AcDbEntity
  8
VISTA
100
AcDbPolyline
 90
5
 70
1
 10
253.035
 20
0.867722
 10
253.924999
 20
0.867722
 10
253.924999
 20
0.832722
 10
253.035
 20
0.832722
 10
253.035
 20
0.867722
  0
LWPOLYLINE
  5
4E8
330
17
100
AcDbEntity
  8
VISTA
100
AcDbPolyline
 90
7
 70
1
 10
253.014001
 20
1.854592
 10
253.025
 20
1.855592
 10
253.026
 20
0.916461
 10
253.025
 20
0.91546
 10
253.015001
 20
0.91546
 10
253.014294
 20
0.915753
 10
253.014001
 20
1.854592
  0
LWPOLYLINE
  5
4E9
330
17
100
AcDbEntity
  8
VISTA
100
AcDbPolyline
 90
4
 70
1
 10
253.01439049718655
 20
0.9158450089453178
 10
253.01439049718655
 20
0.915845008945318
 10
253.014294
 20
0.915753
 10
253.01439049718655
 20
0.9158450089453178
  0
LWPOLYLINE
  5
4EA
330
17
100
AcDbEntity
  8
VISTA
100
AcDbPolyline
 90
7
 70
1
 10
253.974
 20
1.854592
 10
253.984999
 20
1.855592
 10
253.985999
 20
0.916461
 10
253.984999
 20
0.91546
 10
253.975
 20
0.91546
 10
253.974293
 20
0.915753
 10
253.974
 20
1.854592
  0
LWPOLYLINE
  5
4EB
330
17
100
AcDbEntity
  8
VISTA
100
AcDbPolyline
 90
4
 70
1
 10
253.97438949718656
 20
0.9158450089453178
 10
253.97438949718656
 20
0.915845008945318
 10
253.974293
 20
0.915753
 10
253.97438949718656
 20
0.9158450089453178
  0
LWPOLYLINE
  5
4EC
330
17
100
AcDbEntity
  8
VISTA
100
AcDbPolyline
 90
5
 70
1
 10
253.0307
 20
0.951111
 10
253.929999
 20
0.950411
 10
253.92929900000001
 20
0.946111
 10
253.030205
 20
0.946811
 10
253.0307
 20
0.951111
  0
LWPOLYLINE
  5
4ED
330
17
100
AcDbEntity
  8
VISTA
100
AcDbPolyline
 90
5
 70
1
 10
253.025
 20
0.937222
 10
253.934999
 20
0.937222
 10
253.934999
 20
0.931222
 10
253.025
 20
0.931222
 10
253.025
 20
0.937222
  0
LWPOLYLINE
  5
4EE
330
17
100
AcDbEntity
  8
VISTA
100
AcDbPolyline
 90
5
 70
1
 10
253.014001
 20
1.770645
 10
253.025
 20
1.771645
 10
253.026
 20
0.832513
 10
253.014001
 20
0.832513
 10
253.014001
 20
1.770645
  0
LWPOLYLINE
  5
4EF
330
17
100
AcDbEntity
  8
VISTA
100
AcDbPolyline
 90
5
 70
1
 10
253.974
 20
1.770645
 10
253.984999
 20
1.771645
 10
253.985999
 20
0.832513
 10
253.974
 20
0.832513
 10
253.974
 20
1.770645
  0
LWPOLYLINE
  5
4F0
330
17
100
AcDbEntity
  8
VISTA
100
AcDbPolyline
 90
5
 70
1
 10
253.035
 20
0.693278
 10
253.924999
 20
0.693278
 10
253.924999
 20
0.658278
 10
253.035
 20
0.658278
 10
253.035
 20
0.693278
  0
LWPOLYLINE
  5
4F1
330
17
100
AcDbEntity
  8
VISTA
100
AcDbPolyline
 90
11
 70
1
 10
253.9765
 20
0.768889
 10
253.978974
 20
0.767864
 10
253.98
 20
0.765389
 10
253.98
 20
0.697389
 10
253.978974
 20
0.694914
 10
253.9765
 20
0.693889
 10
252.9835
 20
0.693889
 10
252.981025
 20
0.694914
 10
252.98
 20
0.697389
 10
252.981025
 20
0.767864
 10
253.9765
 20
0.768889
  0
LWPOLYLINE
  5
4F2
330
17
100
AcDbEntity
  8
VISTA
100
AcDbPolyline
 90
4
 70
1
 10
252.981746
 20
0.767142
 10
252.981746
 20
0.767859
 10
252.98103
 20
0.767142
 10
252.981746
 20
0.767142
  0
LWPOLYLINE
  5
4F3
330
17
100
AcDbEntity
  8
VISTA
100
AcDbPolyline
 90
4
 70
1
 10
252.981288
 20
0.695177
 10
252.981746
 20
0.694919
 10
252.981746
 20
0.695635
 10
252.981288
 20
0.695177
  0
LWPOLYLINE
  5
4F4
330
17
100
AcDbEntity
  8
VISTA
100
AcDbPolyline
 90
4
 70
1
 10
253.97897
 20
0.767142
 10
253.978253
 20
0.767859
 10
253.978253
 20
0.767142
 10
253.97897
 20
0.767142
  0
LWPOLYLINE
  5
4F5
330
17
100
AcDbEntity
  8
VISTA
100
AcDbPolyline
 90
4
 70
1
 10
253.9789721238078
 20
0.7675253473080206
 10
253.978711
 20
0.767601
 10
253.9789721238078
 20
0.7675253473080205
 10
253.9789721238078
 20
0.7675253473080206
  0
LWPOLYLINE
  5
4F6
330
17
100
AcDbEntity
  8
VISTA
100
AcDbPolyline
 90
4
 70
1
 10
253.978253
 20
0.694919
 10
253.97897
 20
0.695635
 10
253.978253
 20
0.695635
 10
253.978253
 20
0.694919
  0
LWPOLYLINE
  5
4F7
330
17
100
AcDbEntity
  8
VISTA
100
AcDbPolyline
 90
9
 70
1
 10
253.014001
 20
1.686697
 10
253.014294
 20
1.687405
 10
253.015001
 20
1.687697
 10
253.025
 20
1.687697
 10
253.025707
 20
1.687405
 10
253.026
 20
1.686697
 10
253.026
 20
0.748566
 10
253.014001
 20
0.748566
 10
253.014001
 20
1.686697
  0
LWPOLYLINE
  5
4F8
330
17
100
AcDbEntity
  8
VISTA
100
AcDbPolyline
 90
4
 70
1
 10
253.01439049718655
 20
1.6873129910546818
 10
253.01439049718655
 20
1.687312991054682
 10
253.014294
 20
1.687405
 10
253.01439049718655
 20
1.6873129910546818
  0
LWPOLYLINE
  5
4F9
330
17
100
AcDbEntity
  8
VISTA
100
AcDbPolyline
 90
4
 70
1
 10
253.02561050281344
 20
1.687312991054682
 10
253.02561050281344
 20
1.6873129910546818
 10
253.025707
 20
1.687405
 10
253.02561050281344
 20
1.687312991054682
  0
LWPOLYLINE
  5
4FA
330
17
100
AcDbEntity
  8
VISTA
100
AcDbPolyline
 90
9
 70
1
 10
253.974
 20
1.686697
 10
253.974293
 20
1.687405
 10
253.975
 20
1.687697
 10
253.984999
 20
1.687697
 10
253.985706
 20
1.687405
 10
253.985999
 20
1.686697
 10
253.985999
 20
0.748566
 10
253.974
 20
0.748566
 10
253.974
 20
1.686697
  0
LWPOLYLINE
  5
4FB
330
17
100
AcDbEntity
  8
VISTA
100
AcDbPolyline
 90
4
 70
1
 10
253.97438949718656
 20
1.6873129910546818
 10
253.97438949718656
 20
1.687312991054682
 10
253.974293
 20
1.687405
 10
253.97438949718656
 20
1.6873129910546818
  0
LWPOLYLINE
  5
4FC
330
17
100
AcDbEntity
  8
VISTA
100
AcDbPolyline
 90
4
 70
1
 10
253.98560950281345
 20
1.687312991054682
 10
253.98560950281345
 20
1.6873129910546818
 10
253.985706
 20
1.687405
 10
253.98560950281345
 20
1.687312991054682
  0
LWPOLYLINE
  5
4FD
330
17
100
AcDbEntity
  8
VISTA
100
AcDbPolyline
 90
5
 70
1
 10
253.0307
 20
0.773889
 10
253.929999
 20
0.773189
 10
253.92929900000001
 20
0.768889
 10
253.030205
 20
0.769589
 10
253.0307
 20
0.773889
  0
LWPOLYLINE
  5
4FE
330
17
100
AcDbEntity
  8
VISTA
100
AcDbPolyline
 90
5
 70
1
 10
253.025
 20
0.762778
 10
253.934999
 20
0.762778
 10
253.934999
 20
0.756778
 10
253.025
 20
0.756778
 10
253.025
 20
0.762778
  0
LWPOLYLINE
  5
4FF
330
17
100
AcDbEntity
  8
VISTA
100
AcDbPolyline
 90
8
 70
1
 10
252.9775
 20
1.640175
 10
252.9792
 20
1.641875
 10
253.010799
 20
1.641875
 10
253.0125
 20
1.640175
 10
253.0125
 20
0.593159
 10
253.010799
 20
0.591459
 10
252.978216
 20
0.592188
 10
252.9775
 20
1.640175
  0
LWPOLYLINE
  5
500
330
17
100
AcDbEntity
  8
VISTA
100
AcDbPolyline
 90
4
 70
1
 10
253.01218599999999
 20
1.6402854670658675
 10
253.011999
 20
1.640599
 10
253.01218599999999
 20
1.6402854670658669
 10
253.01218599999999
 20
1.6402854670658675
  0
LWPOLYLINE
  5
501
330
17
100
AcDbEntity
  8
VISTA
100
AcDbPolyline
 90
4
 70
1
 10
253.01218592229276
 20
1.6397459987330343
 10
253.01218592235526
 20
1.639746354176278
 10
253.01218592235526
 20
1.6397463541762825
 10
253.01218592229276
 20
1.6397459987330343
  0
LWPOLYLINE
  5
502
330
17
100
AcDbEntity
  8
VISTA
100
AcDbPolyline
 90
8
 70
1
 10
253.9475
 20
1.640175
 10
253.9492
 20
1.641875
 10
253.98080099999999
 20
1.641875
 10
253.9825
 20
1.640175
 10
253.9825
 20
0.593159
 10
253.98080099999999
 20
0.591459
 10
253.948216
 20
0.592188
 10
253.9475
 20
1.640175
  0
LWPOLYLINE
  5
503
330
17
100
AcDbEntity
  8
VISTA
100
AcDbPolyline
 90
4
 70
1
 10
253.982186
 20
1.6402854670658675
 10
253.981999
 20
1.640599
 10
253.982186
 20
1.6402854670658669
 10
253.982186
 20
1.6402854670658675
  0
LWPOLYLINE
  5
504
330
17
100
AcDbEntity
  8
VISTA
100
AcDbPolyline
 90
4
 70
1
 10
253.98218592229276
 20
1.6397459987330343
 10
253.98218592235526
 20
1.639746354176278
 10
253.98218592235526
 20
1.6397463541762825
 10
253.98218592229276
 20
1.6397459987330343
  0
LWPOLYLINE
  5
505
330
17
100
AcDbEntity
  8
VISTA
100
AcDbPolyline
 90
7
 70
1
 10
253.014001
 20
1.60275
 10
253.025
 20
1.60375
 10
253.026
 20
0.664618
 10
253.025
 20
0.663618
 10
253.015001
 20
0.663618
 10
253.014294
 20
0.663911
 10
253.014001
 20
1.60275
  0
LWPOLYLINE
  5
506
330
17
100
AcDbEntity
  8
VISTA
100
AcDbPolyline
 90
4
 70
1
 10
253.01439049718655
 20
0.6640030089453179
 10
253.01439049718655
 20
0.664003008945318
 10
253.014294
 20
0.663911
 10
253.01439049718655
 20
0.6640030089453179
  0
LWPOLYLINE
  5
507
330
17
100
AcDbEntity
  8
VISTA
100
AcDbPolyline
 90
7
 70
1
 10
253.974
 20
1.60275
 10
253.984999
 20
1.60375
 10
253.985999
 20
0.664618
 10
253.984999
 20
0.663618
 10
253.975
 20
0.663618
 10
253.974293
 20
0.663911
 10
253.974
 20
1.60275
  0
LWPOLYLINE
  5
508
330
17
100
AcDbEntity
  8
VISTA
100
AcDbPolyline
 90
4
 70
1
 10
253.97438949718656
 20
0.6640030089453179
 10
253.97438949718656
 20
0.664003008945318
 10
253.974293
 20
0.663911
 10
253.97438949718656
 20
0.6640030089453179
  0
LWPOLYLINE
  5
509
330
17
100
AcDbEntity
  8
VISTA
100
AcDbPolyline
 90
9
 70
1
 10
254.212
 20
7.286572
 10
261.788
 20
7.286572
 10
261.790001
 20
7.284571
 10
261.790001
 20
7.233572
 10
261.788
 20
7.231571
 10
254.212
 20
7.231571
 10
254.21
 20
7.233572
 10
254.21
 20
7.284571
 10
254.212
 20
7.286572
  0
LWPOLYLINE
  5
50A
330
17
100
AcDbEntity
  8
VISTA
100
AcDbPolyline
 90
11
 70
1
 10
253.9765
 20
0.591667
 10
253.978974
 20
0.590642
 10
253.98
 20
0.588167
 10
253.98
 20
0.520167
 10
253.978974
 20
0.517692
 10
253.9765
 20
0.516667
 10
252.9835
 20
0.516667
 10
252.981025
 20
0.517692
 10
252.98
 20
0.520167
 10
252.981025
 20
0.590642
 10
253.9765
 20
0.591667
  0
LWPOLYLINE
  5
50B
330
17
100
AcDbEntity
  8
VISTA
100
AcDbPolyline
 90
4
 70
1
 10
252.981746
 20
0.58992
 10
252.981746
 20
0.590636
 10
252.98103
 20
0.58992
 10
252.981746
 20
0.58992
  0
LWPOLYLINE
  5
50C
330
17
100
AcDbEntity
  8
VISTA
100
AcDbPolyline
 90
4
 70
1
 10
252.9810273484064
 20
0.5903028901171068
 10
252.981288
 20
0.590378
 10
252.9810273484064
 20
0.590302890117107
 10
252.9810273484064
 20
0.5903028901171068
  0
LWPOLYLINE
  5
50D
330
17
100
AcDbEntity
  8
VISTA
100
AcDbPolyline
 90
4
 70
1
 10
252.981288
 20
0.517955
 10
252.981746
 20
0.517697
 10
252.981746
 20
0.518413
 10
252.981288
 20
0.517955
  0
LWPOLYLINE
  5
50E
330
17
100
AcDbEntity
  8
VISTA
100
AcDbPolyline
 90
4
 70
1
 10
252.98102734473608
 20
0.5180301109405421
 10
252.98102734473608
 20
0.5180301109405419
 10
252.981288
 20
0.517955
 10
252.98102734473608
 20
0.5180301109405421
  0
LWPOLYLINE
  5
50F
330
17
100
AcDbEntity
  8
VISTA
100
AcDbPolyline
 90
4
 70
1
 10
253.97897
 20
0.58992
 10
253.978253
 20
0.590636
 10
253.978253
 20
0.58992
 10
253.97897
 20
0.58992
  0
LWPOLYLINE
  5
510
330
17
100
AcDbEntity
  8
VISTA
100
AcDbPolyline
 90
4
 70
1
 10
253.978253
 20
0.517697
 10
253.97897
 20
0.518413
 10
253.978253
 20
0.518413
 10
253.978253
 20
0.517697
  0
LWPOLYLINE
  5
511
330
17
100
AcDbEntity
  8
VISTA
100
AcDbPolyline
 90
5
 70
1
 10
253.035
 20
0.518833
 10
253.924999
 20
0.518833
 10
253.924999
 20
0.483833
 10
253.035
 20
0.483833
 10
253.035
 20
0.518833
  0
LWPOLYLINE
  5
512
330
17
100
AcDbEntity
  8
VISTA
100
AcDbPolyline
 90
9
 70
1
 10
253.014001
 20
1.518803
 10
253.014294
 20
1.51951
 10
253.015001
 20
1.519803
 10
253.025
 20
1.519803
 10
253.025707
 20
1.51951
 10
253.026
 20
1.518803
 10
253.026
 20
0.580671
 10
253.014001
 20
0.580671
 10
253.014001
 20
1.518803
  0
LWPOLYLINE
  5
513
330
17
100
AcDbEntity
  8
VISTA
100
AcDbPolyline
 90
4
 70
1
 10
253.01405640974212
 20
1.5188047020057305
 10
253.01405640974212
 20
1.5188047020057307
 10
253.014001
 20
1.518803
 10
253.01405640974212
 20
1.5188047020057305
  0
LWPOLYLINE
  5
514
330
17
100
AcDbEntity
  8
VISTA
100
AcDbPolyline
 90
4
 70
1
 10
253.01439049718655
 20
1.519417991054682
 10
253.01439049718655
 20
1.5194179910546821
 10
253.014294
 20
1.51951
 10
253.01439049718655
 20
1.519417991054682
  0
LWPOLYLINE
  5
515
330
17
100
AcDbEntity
  8
VISTA
100
AcDbPolyline
 90
4
 70
1
 10
253.02561050281344
 20
1.5194179910546821
 10
253.02561050281344
 20
1.519417991054682
 10
253.025707
 20
1.51951
 10
253.02561050281344
 20
1.5194179910546821
  0
LWPOLYLINE
  5
516
330
17
100
AcDbEntity
  8
VISTA
100
AcDbPolyline
 90
9
 70
1
 10
253.974
 20
1.518803
 10
253.974293
 20
1.51951
 10
253.975
 20
1.519803
 10
253.984999
 20
1.519803
 10
253.985706
 20
1.51951
 10
253.985999
 20
1.518803
 10
253.985999
 20
0.580671
 10
253.974
 20
0.580671
 10
253.974
 20
1.518803
  0
LWPOLYLINE
  5
517
330
17
100
AcDbEntity
  8
VISTA
100
AcDbPolyline
 90
4
 70
1
 10
253.9740554097421
 20
1.5188047020057305
 10
253.9740554097421
 20
1.5188047020057307
 10
253.974
 20
1.518803
 10
253.9740554097421
 20
1.5188047020057305
  0
LWPOLYLINE
  5
518
330
17
100
AcDbEntity
  8
VISTA
100
AcDbPolyline
 90
4
 70
1
 10
253.97438949718656
 20
1.519417991054682
 10
253.97438949718656
 20
1.5194179910546821
 10
253.974293
 20
1.51951
 10
253.97438949718656
 20
1.519417991054682
  0
LWPOLYLINE
  5
519
330
17
100
AcDbEntity
  8
VISTA
100
AcDbPolyline
 90
4
 70
1
 10
253.98560950281345
 20
1.5194179910546821
 10
253.98560950281345
 20
1.519417991054682
 10
253.985706
 20
1.51951
 10
253.98560950281345
 20
1.5194179910546821
  0
LWPOLYLINE
  5
51A
330
17
100
AcDbEntity
  8
VISTA
100
AcDbPolyline
 90
5
 70
1
 10
253.0307
 20
0.596667
 10
253.929999
 20
0.595967
 10
253.92929900000001
 20
0.591667
 10
253.030205
 20
0.592367
 10
253.0307
 20
0.596667
  0
LWPOLYLINE
  5
51B
330
17
100
AcDbEntity
  8
VISTA
100
AcDbPolyline
 90
5
 70
1
 10
253.025
 20
0.588333
 10
253.934999
 20
0.588333
 10
253.934999
 20
0.582333
 10
253.025
 20
0.582333
 10
253.025
 20
0.588333
  0
LWPOLYLINE
  5
51C
330
17
100
AcDbEntity
  8
VISTA
100
AcDbPolyline
 90
5
 70
1
 10
253.014001
 20
1.434855
 10
253.025
 20
1.435855
 10
253.026
 20
0.496724
 10
253.014001
 20
0.496724
 10
253.014001
 20
1.434855
  0
LWPOLYLINE
  5
51D
330
17
100
AcDbEntity
  8
VISTA
100
AcDbPolyline
 90
5
 70
1
 10
253.974
 20
1.434855
 10
253.984999
 20
1.435855
 10
253.985999
 20
0.496724
 10
253.974
 20
0.496724
 10
253.974
 20
1.434855
  0
LWPOLYLINE
  5
51E
330
17
100
AcDbEntity
  8
VISTA
100
AcDbPolyline
 90
5
 70
1
 10
253.9675
 20
5.78
 10
254.0025
 20
5.78
 10
254.0025
 20
4.06
 10
253.9675
 20
4.06
 10
253.9675
 20
5.78
  0
LWPOLYLINE
  5
51F
330
17
100
AcDbEntity
  8
VISTA
100
AcDbPolyline
 90
11
 70
1
 10
253.9765
 20
0.414444
 10
253.978974
 20
0.413419
 10
253.98
 20
0.410944
 10
253.98
 20
0.342944
 10
253.978974
 20
0.34047
 10
253.9765
 20
0.339444
 10
252.9835
 20
0.339444
 10
252.981025
 20
0.34047
 10
252.98
 20
0.342944
 10
252.981025
 20
0.413419
 10
253.9765
 20
0.414444
  0
LWPOLYLINE
  5
520
330
17
100
AcDbEntity
  8
VISTA
100
AcDbPolyline
 90
4
 70
1
 10
252.981746
 20
0.412698
 10
252.981746
 20
0.413414
 10
252.98103
 20
0.412698
 10
252.981746
 20
0.412698
  0
LWPOLYLINE
  5
521
330
17
100
AcDbEntity
  8
VISTA
100
AcDbPolyline
 90
4
 70
1
 10
252.981288
 20
0.340733
 10
252.981746
 20
0.340475
 10
252.981746
 20
0.341191
 10
252.981288
 20
0.340733
  0
LWPOLYLINE
  5
522
330
17
100
AcDbEntity
  8
VISTA
100
AcDbPolyline
 90
4
 70
1
 10
252.98102734473608
 20
0.34080811094054203
 10
252.98102734473608
 20
0.3408081109405418
 10
252.981288
 20
0.340733
 10
252.98102734473608
 20
0.34080811094054203
  0
LWPOLYLINE
  5
523
330
17
100
AcDbEntity
  8
VISTA
100
AcDbPolyline
 90
4
 70
1
 10
253.97897
 20
0.412698
 10
253.978253
 20
0.413414
 10
253.978253
 20
0.412698
 10
253.97897
 20
0.412698
  0
LWPOLYLINE
  5
524
330
17
100
AcDbEntity
  8
VISTA
100
AcDbPolyline
 90
4
 70
1
 10
253.978253
 20
0.340475
 10
253.97897
 20
0.341191
 10
253.978253
 20
0.341191
 10
253.978253
 20
0.340475
  0
LWPOLYLINE
  5
525
330
17
100
AcDbEntity
  8
VISTA
100
AcDbPolyline
 90
5
 70
1
 10
253.035
 20
0.344389
 10
253.924999
 20
0.344389
 10
253.924999
 20
0.309389
 10
253.035
 20
0.309389
 10
253.035
 20
0.344389
  0
LWPOLYLINE
  5
526
330
17
100
AcDbEntity
  8
VISTA
100
AcDbPolyline
 90
6
 70
1
 10
253.014001
 20
1.350908
 10
253.025
 20
1.351908
 10
253.026
 20
0.412776
 10
253.025
 20
0.411776
 10
253.014001
 20
0.412776
 10
253.014001
 20
1.350908
  0
LWPOLYLINE
  5
527
330
17
100
AcDbEntity
  8
VISTA
100
AcDbPolyline
 90
4
 70
1
 10
253.0259445902579
 20
0.41277429799426935
 10
253.0259445902579
 20
0.4127742979942693
 10
253.026
 20
0.412776
 10
253.0259445902579
 20
0.41277429799426935
  0
LWPOLYLINE
  5
528
330
17
100
AcDbEntity
  8
VISTA
100
AcDbPolyline
 90
6
 70
1
 10
253.974
 20
1.350908
 10
253.984999
 20
1.351908
 10
253.985999
 20
0.412776
 10
253.984999
 20
0.411776
 10
253.974
 20
0.412776
 10
253.974
 20
1.350908
  0
LWPOLYLINE
  5
529
330
17
100
AcDbEntity
  8
VISTA
100
AcDbPolyline
 90
4
 70
1
 10
253.98594359025788
 20
0.41277429799426935
 10
253.98594359025788
 20
0.4127742979942693
 10
253.985999
 20
0.412776
 10
253.98594359025788
 20
0.41277429799426935
  0
LWPOLYLINE
  5
52A
330
17
100
AcDbEntity
  8
VISTA
100
AcDbPolyline
 90
12
 70
1
 10
253.926499
 20
5.78
 10
254.0435
 20
5.78
 10
254.04632900000001
 20
5.778829
 10
254.0475
 20
5.776
 10
254.0475
 20
4.064
 10
254.04632900000001
 20
4.061172
 10
254.0435
 20
4.06
 10
253.926499
 20
4.06
 10
253.923671
 20
4.061172
 10
253.9225
 20
4.064
 10
253.923238
 20
5.778316
 10
253.926499
 20
5.78
  0
LWPOLYLINE
  5
52B
330
17
100
AcDbEntity
  8
VISTA
100
AcDbPolyline
 90
4
 70
1
 10
253.924191
 20
5.778309
 10
253.924705
 20
5.778528
 10
253.923972
 20
5.778528
 10
253.924191
 20
5.778309
  0
LWPOLYLINE
  5
52C
330
17
100
AcDbEntity
  8
VISTA
100
AcDbPolyline
 90
4
 70
1
 10
253.924191
 20
4.061691
 10
253.923972
 20
4.062205
 10
253.923972
 20
4.061472
 10
253.924191
 20
4.061691
  0
LWPOLYLINE
  5
52D
330
17
100
AcDbEntity
  8
VISTA
100
AcDbPolyline
 90
4
 70
1
 10
254.045809
 20
4.061691
 10
254.045295
 20
4.061472
 10
254.046027
 20
4.061472
 10
254.045809
 20
4.061691
  0
LWPOLYLINE
  5
52E
330
17
100
AcDbEntity
  8
VISTA
100
AcDbPolyline
 90
4
 70
1
 10
254.046027
 20
5.778528
 10
254.045295
 20
5.778528
 10
254.045809
 20
5.778309
 10
254.046027
 20
5.778528
  0
LWPOLYLINE
  5
52F
330
17
100
AcDbEntity
  8
VISTA
100
AcDbPolyline
 90
5
 70
1
 10
253.889999
 20
5.78
 10
253.92
 20
5.78
 10
253.92
 20
4.02
 10
253.889999
 20
4.02
 10
253.889999
 20
5.78
  0
LWPOLYLINE
  5
530
330
17
100
AcDbEntity
  8
VISTA
100
AcDbPolyline
 90
5
 70
1
 10
253.0307
 20
0.419444
 10
253.929999
 20
0.418744
 10
253.92929900000001
 20
0.414444
 10
253.030205
 20
0.415144
 10
253.0307
 20
0.419444
  0
LWPOLYLINE
  5
531
330
17
100
AcDbEntity
  8
VISTA
100
AcDbPolyline
 90
5
 70
1
 10
253.025
 20
0.413889
 10
253.934999
 20
0.413889
 10
253.934999
 20
0.407889
 10
253.025
 20
0.407889
 10
253.025
 20
0.413889
  0
LWPOLYLINE
  5
532
330
17
100
AcDbEntity
  8
VISTA
100
AcDbPolyline
 90
9
 70
1
 10
253.014001
 20
1.266961
 10
253.014294
 20
1.267668
 10
253.015001
 20
1.267961
 10
253.025
 20
1.267961
 10
253.025707
 20
1.267668
 10
253.026
 20
1.266961
 10
253.026
 20
0.328829
 10
253.014001
 20
0.328829
 10
253.014001
 20
1.266961
  0
LWPOLYLINE
  5
533
330
17
100
AcDbEntity
  8
VISTA
100
AcDbPolyline
 90
4
 70
1
 10
253.01439049718655
 20
1.2675759910546818
 10
253.01439049718655
 20
1.267575991054682
 10
253.014294
 20
1.267668
 10
253.01439049718655
 20
1.2675759910546818
  0
LWPOLYLINE
  5
534
330
17
100
AcDbEntity
  8
VISTA
100
AcDbPolyline
 90
4
 70
1
 10
253.02561050281344
 20
1.267575991054682
 10
253.02561050281344
 20
1.2675759910546818
 10
253.025707
 20
1.267668
 10
253.02561050281344
 20
1.267575991054682
  0
LWPOLYLINE
  5
535
330
17
100
AcDbEntity
  8
VISTA
100
AcDbPolyline
 90
9
 70
1
 10
253.974
 20
1.266961
 10
253.974293
 20
1.267668
 10
253.975
 20
1.267961
 10
253.984999
 20
1.267961
 10
253.985706
 20
1.267668
 10
253.985999
 20
1.266961
 10
253.985999
 20
0.328829
 10
253.974
 20
0.328829
 10
253.974
 20
1.266961
  0
LWPOLYLINE
  5
536
330
17
100
AcDbEntity
  8
VISTA
100
AcDbPolyline
 90
4
 70
1
 10
253.97438949718656
 20
1.2675759910546818
 10
253.97438949718656
 20
1.267575991054682
 10
253.974293
 20
1.267668
 10
253.97438949718656
 20
1.2675759910546818
  0
LWPOLYLINE
  5
537
330
17
100
AcDbEntity
  8
VISTA
100
AcDbPolyline
 90
4
 70
1
 10
253.98560950281345
 20
1.267575991054682
 10
253.98560950281345
 20
1.2675759910546818
 10
253.985706
 20
1.267668
 10
253.98560950281345
 20
1.267575991054682
  0
LWPOLYLINE
  5
538
330
17
100
AcDbEntity
  8
VISTA
100
AcDbPolyline
 90
11
 70
1
 10
253.9765
 20
0.237222
 10
253.978974
 20
0.236197
 10
253.98
 20
0.233722
 10
253.98
 20
0.165722
 10
253.978974
 20
0.163247
 10
253.9765
 20
0.162222
 10
252.9835
 20
0.162222
 10
252.981025
 20
0.163247
 10
252.98
 20
0.165722
 10
252.981025
 20
0.236197
 10
253.9765
 20
0.237222
  0
LWPOLYLINE
  5
539
330
17
100
AcDbEntity
  8
VISTA
100
AcDbPolyline
 90
4
 70
1
 10
252.981746
 20
0.235476
 10
252.981746
 20
0.236192
 10
252.98103
 20
0.235476
 10
252.981746
 20
0.235476
  0
LWPOLYLINE
  5
53A
330
17
100
AcDbEntity
  8
VISTA
100
AcDbPolyline
 90
4
 70
1
 10
252.981027347546
 20
0.23585848386846425
 10
252.981288
 20
0.235934
 10
252.981027347546
 20
0.23585848386846434
 10
252.981027347546
 20
0.23585848386846425
  0
LWPOLYLINE
  5
53B
330
17
100
AcDbEntity
  8
VISTA
100
AcDbPolyline
 90
4
 70
1
 10
252.981288
 20
0.16351
 10
252.981746
 20
0.163252
 10
252.981746
 20
0.163969
 10
252.981288
 20
0.16351
  0
LWPOLYLINE
  5
53C
330
17
100
AcDbEntity
  8
VISTA
100
AcDbPolyline
 90
4
 70
1
 10
253.97897
 20
0.235476
 10
253.978253
 20
0.236192
 10
253.978253
 20
0.235476
 10
253.97897
 20
0.235476
  0
LWPOLYLINE
  5
53D
330
17
100
AcDbEntity
  8
VISTA
100
AcDbPolyline
 90
4
 70
1
 10
253.978253
 20
0.163252
 10
253.97897
 20
0.163969
 10
253.978253
 20
0.163969
 10
253.978253
 20
0.163252
  0
LWPOLYLINE
  5
53E
330
17
100
AcDbEntity
  8
VISTA
100
AcDbPolyline
 90
4
 70
1
 10
253.9789721238078
 20
0.16358565269197947
 10
253.978711
 20
0.16351
 10
253.9789721238078
 20
0.16358565269197944
 10
253.9789721238078
 20
0.16358565269197947
  0
LWPOLYLINE
  5
53F
330
17
100
AcDbEntity
  8
VISTA
100
AcDbPolyline
 90
5
 70
1
 10
253.035
 20
0.169944
 10
253.924999
 20
0.169944
 10
253.924999
 20
0.134944
 10
253.035
 20
0.134944
 10
253.035
 20
0.169944
  0
LWPOLYLINE
  5
540
330
17
100
AcDbEntity
  8
VISTA
100
AcDbPolyline
 90
5
 70
1
 10
253.014001
 20
1.183013
 10
253.025
 20
1.184013
 10
253.026
 20
0.244882
 10
253.014001
 20
0.244882
 10
253.014001
 20
1.183013
  0
LWPOLYLINE
  5
541
330
17
100
AcDbEntity
  8
VISTA
100
AcDbPolyline
 90
5
 70
1
 10
253.974
 20
1.183013
 10
253.984999
 20
1.184013
 10
253.985999
 20
0.244882
 10
253.974
 20
0.244882
 10
253.974
 20
1.183013
  0
LWPOLYLINE
  5
542
330
17
100
AcDbEntity
  8
VISTA
100
AcDbPolyline
 90
5
 70
1
 10
253.0307
 20
0.242222
 10
253.929999
 20
0.241522
 10
253.92929900000001
 20
0.237222
 10
253.030205
 20
0.237922
 10
253.0307
 20
0.242222
  0
LWPOLYLINE
  5
543
330
17
100
AcDbEntity
  8
VISTA
100
AcDbPolyline
 90
5
 70
1
 10
253.025
 20
0.239444
 10
253.934999
 20
0.239444
 10
253.934999
 20
0.233444
 10
253.025
 20
0.233444
 10
253.025
 20
0.239444
  0
LWPOLYLINE
  5
544
330
17
100
AcDbEntity
  8
VISTA
100
AcDbPolyline
 90
8
 70
1
 10
252.9775
 20
1.108508
 10
252.9792
 20
1.110208
 10
253.010799
 20
1.110208
 10
253.0125
 20
1.108508
 10
253.0125
 20
0.0617
 10
253.010799
 20
0.06
 10
252.978348
 20
0.060719
 10
252.9775
 20
1.108508
  0
LWPOLYLINE
  5
545
330
17
100
AcDbEntity
  8
VISTA
100
AcDbPolyline
 90
10
 70
1
 10
253.9475
 20
1.108508
 10
253.9492
 20
1.110208
 10
253.98080099999999
 20
1.110208
 10
253.9825
 20
1.108508
 10
253.9825
 20
0.0617
 10
253.981784
 20
0.0617
 10
253.981784
 20
0.060314
 10
253.98080099999999
 20
0.06
 10
253.948348
 20
0.060719
 10
253.9475
 20
1.108508
  0
LWPOLYLINE
  5
546
330
17
100
AcDbEntity
  8
VISTA
100
AcDbPolyline
 90
4
 70
1
 10
253.98145788187372
 20
0.061042346232179225
 10
253.981652
 20
0.060848
 10
253.98145788187372
 20
0.0610423462321793
 10
253.98145788187372
 20
0.061042346232179225
  0
LWPOLYLINE
  5
547
330
17
100
AcDbEntity
  8
VISTA
100
AcDbPolyline
 90
9
 70
1
 10
254.212
 20
7.137286
 10
261.788
 20
7.137286
 10
261.790001
 20
7.135285
 10
261.790001
 20
7.084286
 10
261.788
 20
7.082285
 10
254.212
 20
7.082285
 10
254.21
 20
7.084286
 10
254.21
 20
7.135285
 10
254.212
 20
7.137286
  0
LWPOLYLINE
  5
548
330
17
100
AcDbEntity
  8
VISTA
100
AcDbPolyline
 90
5
 70
1
 10
253.824414
 20
0.059414
 10
253.824414
 20
-0.35
 10
253.415586
 20
-0.35
 10
253.415586
 20
0.059414
 10
253.824414
 20
0.059414
  0
LWPOLYLINE
  5
549
330
17
100
AcDbEntity
  8
VISTA
100
AcDbPolyline
 90
5
 70
1
 10
253.849
 20
0.06
 10
253.849999
 20
0.037
 10
253.391
 20
0.036
 10
253.39029299999999
 20
0.059707
 10
253.849
 20
0.06
  0
LWPOLYLINE
  5
54A
330
17
100
AcDbEntity
  8
VISTA
100
AcDbPolyline
 90
5
 70
1
 10
253.579553
 20
0.059707
 10
253.579553
 20
0.052293
 10
253.568139
 20
0.052293
 10
253.568139
 20
0.059707
 10
253.579553
 20
0.059707
  0
LWPOLYLINE
  5
54B
330
17
100
AcDbEntity
  8
VISTA
100
AcDbPolyline
 90
5
 70
1
 10
253.610322
 20
0.059707
 10
253.610322
 20
0.052293
 10
253.598908
 20
0.052293
 10
253.598908
 20
0.059707
 10
253.610322
 20
0.059707
  0
LWPOLYLINE
  5
54C
330
17
100
AcDbEntity
  8
VISTA
100
AcDbPolyline
 90
5
 70
1
 10
253.641091
 20
0.059707
 10
253.641091
 20
0.052293
 10
253.629678
 20
0.052293
 10
253.629678
 20
0.059707
 10
253.641091
 20
0.059707
  0
LWPOLYLINE
  5
54D
330
17
100
AcDbEntity
  8
VISTA
100
AcDbPolyline
 90
5
 70
1
 10
253.671861
 20
0.059707
 10
253.671861
 20
0.052293
 10
253.660447
 20
0.052293
 10
253.660447
 20
0.059707
 10
253.671861
 20
0.059707
  0
LWPOLYLINE
  5
54E
330
17
100
AcDbEntity
  8
VISTA
100
AcDbPolyline
 90
7
 70
1
 10
253.38
 20
0.058
 10
253.382
 20
0.06
 10
253.413
 20
0.06
 10
253.415
 20
0.058
 10
253.415
 20
-0.35
 10
253.38040254376642
 20
-0.35
 10
253.38
 20
0.058
  0
LWPOLYLINE
  5
54F
330
17
100
AcDbEntity
  8
VISTA
100
AcDbPolyline
 90
6
 70
1
 10
253.858
 20
0.06
 10
253.86
 20
0.058
 10
253.86
 20
-0.35
 10
253.82517020716506
 20
-0.35
 10
253.825585
 20
0.059414
 10
253.858
 20
0.06
  0
LWPOLYLINE
  5
550
330
17
100
AcDbEntity
  8
VISTA
100
AcDbPolyline
 90
5
 70
1
 10
253.412207
 20
0.059707
 10
253.412207
 20
0.036293
 10
253.387793
 20
0.036293
 10
253.387793
 20
0.059707
 10
253.412207
 20
0.059707
  0
LWPOLYLINE
  5
551
330
17
100
AcDbEntity
  8
VISTA
100
AcDbPolyline
 90
5
 70
1
 10
253.852207
 20
0.059707
 10
253.852207
 20
0.036293
 10
253.82779299999999
 20
0.036293
 10
253.82779299999999
 20
0.059707
 10
253.852207
 20
0.059707
  0
LWPOLYLINE
  5
552
330
17
100
AcDbEntity
  8
VISTA
100
AcDbPolyline
 90
5
 70
1
 10
253.425707
 20
0.059707
 10
253.425707
 20
0.052293
 10
253.414293
 20
0.052293
 10
253.414293
 20
0.059707
 10
253.425707
 20
0.059707
  0
LWPOLYLINE
  5
553
330
17
100
AcDbEntity
  8
VISTA
100
AcDbPolyline
 90
5
 70
1
 10
253.456476
 20
0.059707
 10
253.456476
 20
0.052293
 10
253.445063
 20
0.052293
 10
253.445063
 20
0.059707
 10
253.456476
 20
0.059707
  0
LWPOLYLINE
  5
554
330
17
100
AcDbEntity
  8
VISTA
100
AcDbPolyline
 90
5
 70
1
 10
253.487246
 20
0.059707
 10
253.487246
 20
0.052293
 10
253.475832
 20
0.052293
 10
253.475832
 20
0.059707
 10
253.487246
 20
0.059707
  0
LWPOLYLINE
  5
555
330
17
100
AcDbEntity
  8
VISTA
100
AcDbPolyline
 90
5
 70
1
 10
253.518015
 20
0.059707
 10
253.518015
 20
0.052293
 10
253.506601
 20
0.052293
 10
253.506601
 20
0.059707
 10
253.518015
 20
0.059707
  0
LWPOLYLINE
  5
556
330
17
100
AcDbEntity
  8
VISTA
100
AcDbPolyline
 90
5
 70
1
 10
253.54878300000001
 20
0.059707
 10
253.54878300000001
 20
0.052293
 10
253.53737
 20
0.052293
 10
253.53737
 20
0.059707
 10
253.54878300000001
 20
0.059707
  0
LWPOLYLINE
  5
557
330
17
100
AcDbEntity
  8
VISTA
100
AcDbPolyline
 90
5
 70
1
 10
253.70263
 20
0.059707
 10
253.70263
 20
0.052293
 10
253.691216
 20
0.052293
 10
253.691216
 20
0.059707
 10
253.70263
 20
0.059707
  0
LWPOLYLINE
  5
558
330
17
100
AcDbEntity
  8
VISTA
100
AcDbPolyline
 90
5
 70
1
 10
253.733399
 20
0.059707
 10
253.733399
 20
0.052293
 10
253.721986
 20
0.052293
 10
253.721986
 20
0.059707
 10
253.733399
 20
0.059707
  0
LWPOLYLINE
  5
559
330
17
100
AcDbEntity
  8
VISTA
100
AcDbPolyline
 90
5
 70
1
 10
253.764169
 20
0.059707
 10
253.764169
 20
0.052293
 10
253.752755
 20
0.052293
 10
253.752755
 20
0.059707
 10
253.764169
 20
0.059707
  0
LWPOLYLINE
  5
55A
330
17
100
AcDbEntity
  8
VISTA
100
AcDbPolyline
 90
5
 70
1
 10
253.794937
 20
0.059707
 10
253.794937
 20
0.052293
 10
253.783524
 20
0.052293
 10
253.783524
 20
0.059707
 10
253.794937
 20
0.059707
  0
LWPOLYLINE
  5
55B
330
17
100
AcDbEntity
  8
VISTA
100
AcDbPolyline
 90
5
 70
1
 10
253.825706
 20
0.059707
 10
253.825706
 20
0.052293
 10
253.814293
 20
0.052293
 10
253.814293
 20
0.059707
 10
253.825706
 20
0.059707
  0
LWPOLYLINE
  5
55C
330
17
100
AcDbEntity
  8
VISTA
100
AcDbPolyline
 90
4
 70
1
 10
253.609927
 20
-0.325785
 10
253.61372545355448
 20
-0.35
 10
253.4555570947628
 20
-0.35
 10
253.609927
 20
-0.325785
  0
LWPOLYLINE
  5
55D
330
17
100
AcDbEntity
  8
VISTA
100
AcDbPolyline
 90
13
 70
1
 10
252.938
 20
0.06
 10
254.062
 20
0.06
 10
254.067657
 20
0.057657
 10
254.07
 20
0.052
 10
254.07
 20
-0.052
 10
254.067657
 20
-0.057657
 10
254.062
 20
-0.06
 10
252.938
 20
-0.06
 10
252.932343
 20
-0.057657
 10
252.93
 20
-0.052
 10
252.93
 20
0.052
 10
252.932343
 20
0.057657
 10
252.938
 20
0.06
  0
LWPOLYLINE
  5
55E
330
17
100
AcDbEntity
  8
VISTA
100
AcDbPolyline
 90
5
 70
1
 10
253.579553
 20
0.059707
 10
253.579553
 20
0.052293
 10
253.568139
 20
0.052293
 10
253.568139
 20
0.059707
 10
253.579553
 20
0.059707
  0
LWPOLYLINE
  5
55F
330
17
100
AcDbEntity
  8
VISTA
100
AcDbPolyline
 90
5
 70
1
 10
253.610322
 20
0.059707
 10
253.610322
 20
0.052293
 10
253.598908
 20
0.052293
 10
253.598908
 20
0.059707
 10
253.610322
 20
0.059707
  0
LWPOLYLINE
  5
560
330
17
100
AcDbEntity
  8
VISTA
100
AcDbPolyline
 90
5
 70
1
 10
253.641091
 20
0.059707
 10
253.641091
 20
0.052293
 10
253.629678
 20
0.052293
 10
253.629678
 20
0.059707
 10
253.641091
 20
0.059707
  0
LWPOLYLINE
  5
561
330
17
100
AcDbEntity
  8
VISTA
100
AcDbPolyline
 90
5
 70
1
 10
253.671861
 20
0.059707
 10
253.671861
 20
0.052293
 10
253.660447
 20
0.052293
 10
253.660447
 20
0.059707
 10
253.671861
 20
0.059707
  0
LWPOLYLINE
  5
562
330
17
100
AcDbEntity
  8
VISTA
100
AcDbPolyline
 90
5
 70
1
 10
253.5635
 20
0.561
 10
253.5625
 20
0.538
 10
253.5545
 20
0.539
 10
253.554793
 20
0.561707
 10
253.5635
 20
0.561
  0
LWPOLYLINE
  5
563
330
17
100
AcDbEntity
  8
VISTA
100
AcDbPolyline
 90
5
 70
1
 10
253.6855
 20
0.561
 10
253.6845
 20
0.538
 10
253.676499
 20
0.539
 10
253.676793
 20
0.561707
 10
253.6855
 20
0.561
  0
LWPOLYLINE
  5
564
330
17
100
AcDbEntity
  8
VISTA
100
AcDbPolyline
 90
5
 70
1
 10
253.97899999999998
 20
0.56
 10
253.98
 20
0.541
 10
253.681999
 20
0.54
 10
253.681293
 20
0.559707
 10
253.97899999999998
 20
0.56
  0
LWPOLYLINE
  5
565
330
17
100
AcDbEntity
  8
VISTA
100
AcDbPolyline
 90
5
 70
1
 10
253.5635
 20
1.811
 10
253.5625
 20
1.788
 10
253.5545
 20
1.789
 10
253.554793
 20
1.811707
 10
253.5635
 20
1.811
  0
LWPOLYLINE
  5
566
330
17
100
AcDbEntity
  8
VISTA
100
AcDbPolyline
 90
5
 70
1
 10
253.6855
 20
1.811
 10
253.6845
 20
1.788
 10
253.676499
 20
1.789
 10
253.676793
 20
1.811707
 10
253.6855
 20
1.811
  0
LWPOLYLINE
  5
567
330
17
100
AcDbEntity
  8
VISTA
100
AcDbPolyline
 90
5
 70
1
 10
253.97899999999998
 20
1.81
 10
253.98
 20
1.791
 10
253.681999
 20
1.79
 10
253.681293
 20
1.809707
 10
253.97899999999998
 20
1.81
  0
LWPOLYLINE
  5
568
330
17
100
AcDbEntity
  8
VISTA
100
AcDbPolyline
 90
5
 70
1
 10
253.5635
 20
3.311
 10
253.5625
 20
3.288
 10
253.5545
 20
3.289
 10
253.554793
 20
3.311707
 10
253.5635
 20
3.311
  0
LWPOLYLINE
  5
569
330
17
100
AcDbEntity
  8
VISTA
100
AcDbPolyline
 90
5
 70
1
 10
253.6855
 20
3.311
 10
253.6845
 20
3.288
 10
253.676499
 20
3.289
 10
253.676793
 20
3.311707
 10
253.6855
 20
3.311
  0
LWPOLYLINE
  5
56A
330
17
100
AcDbEntity
  8
VISTA
100
AcDbPolyline
 90
5
 70
1
 10
253.97899999999998
 20
3.31
 10
253.98
 20
3.291
 10
253.681999
 20
3.29
 10
253.681293
 20
3.309707
 10
253.97899999999998
 20
3.31
  0
LWPOLYLINE
  5
56B
330
17
100
AcDbEntity
  8
VISTA
100
AcDbPolyline
 90
5
 70
1
 10
253.5635
 20
4.711
 10
253.5625
 20
4.688
 10
253.5545
 20
4.689
 10
253.554793
 20
4.711707
 10
253.5635
 20
4.711
  0
LWPOLYLINE
  5
56C
330
17
100
AcDbEntity
  8
VISTA
100
AcDbPolyline
 90
5
 70
1
 10
253.6855
 20
4.711
 10
253.6845
 20
4.688
 10
253.676499
 20
4.689
 10
253.676793
 20
4.711707
 10
253.6855
 20
4.711
  0
LWPOLYLINE
  5
56D
330
17
100
AcDbEntity
  8
VISTA
100
AcDbPolyline
 90
5
 70
1
 10
253.97899999999998
 20
4.71
 10
253.98
 20
4.691
 10
253.681999
 20
4.69
 10
253.681293
 20
4.709707
 10
253.97899999999998
 20
4.71
  0
LWPOLYLINE
  5
56E
330
17
100
AcDbEntity
  8
VISTA
100
AcDbPolyline
 90
5
 70
1
 10
253.5635
 20
6.011
 10
253.5625
 20
5.988
 10
253.5545
 20
5.989
 10
253.554793
 20
6.011707
 10
253.5635
 20
6.011
  0
LWPOLYLINE
  5
56F
330
17
100
AcDbEntity
  8
VISTA
100
AcDbPolyline
 90
5
 70
1
 10
253.6855
 20
6.011
 10
253.6845
 20
5.988
 10
253.676499
 20
5.989
 10
253.676793
 20
6.011707
 10
253.6855
 20
6.011
  0
LWPOLYLINE
  5
570
330
17
100
AcDbEntity
  8
VISTA
100
AcDbPolyline
 90
5
 70
1
 10
253.97899999999998
 20
6.01
 10
253.98
 20
5.991
 10
253.681999
 20
5.99
 10
253.681293
 20
6.009707
 10
253.97899999999998
 20
6.01
  0
LWPOLYLINE
  5
571
330
17
100
AcDbEntity
  8
VISTA
100
AcDbPolyline
 90
5
 70
1
 10
253.849
 20
0.06
 10
253.849999
 20
0.037
 10
253.391
 20
0.036
 10
253.39029299999999
 20
0.059707
 10
253.849
 20
0.06
  0
LWPOLYLINE
  5
572
330
17
100
AcDbEntity
  8
VISTA
100
AcDbPolyline
 90
5
 70
1
 10
253.824414
 20
0.059414
 10
253.824414
 20
-0.35
 10
253.415586
 20
-0.35
 10
253.415586
 20
0.059414
 10
253.824414
 20
0.059414
  0
LWPOLYLINE
  5
573
330
17
100
AcDbEntity
  8
VISTA
100
AcDbPolyline
 90
5
 70
1
 10
255.15
 20
5.8375
 10
260.65
 20
5.8375
 10
260.65
 20
5.8025
 10
255.15
 20
5.8025
 10
255.15
 20
5.8375
  0
LWPOLYLINE
  5
574
330
17
100
AcDbEntity
  8
VISTA
100
AcDbPolyline
 90
22
 70
1
 10
253.565114
 20
6.565797
 10
253.571557
 20
6.592788
 10
253.595096
 20
6.629217
 10
253.742097
 20
6.772556
 10
253.745001
 20
6.785463
 10
253.745
 20
6.897
 10
253.855
 20
6.897
 10
253.854355
 20
6.771453
 10
253.848944
 20
6.744143
 10
253.837865
 20
6.718441
 10
253.812215
 20
6.685884
 10
253.701013
 20
6.58086
 10
253.67488600000001
 20
6.552939438264979
 10
253.674612
 20
-0.202917
 10
253.671062
 20
-0.209139
 10
253.664034
 20
-0.214738
 10
253.641657
 20
-0.22261
 10
253.627833
 20
-0.224346
 10
253.599565
 20
-0.222836
 10
253.576771
 20
-0.215207
 10
253.56556
 20
-0.203503
 10
253.565114
 20
6.565797
  0
LWPOLYLINE
  5
575
330
17
100
AcDbEntity
  8
VISTA
100
AcDbPolyline
 90
4
 70
1
 10
253.6810567101154
 20
6.563026389082207
 10
253.6810567101154
 20
6.563026389082205
 10
253.6810567101154
 20
6.563026389082206
 10
253.6810567101154
 20
6.563026389082207
  0
LWPOLYLINE
  5
576
330
17
100
AcDbEntity
  8
VISTA
100
AcDbPolyline
 90
4
 70
1
 10
253.76318917811622
 20
6.77063074564551
 10
253.76318917811486
 20
6.770630745645935
 10
253.76318917811057
 20
6.770630745647256
 10
253.76318917811622
 20
6.77063074564551
  0
LWPOLYLINE
  5
577
330
17
100
AcDbEntity
  8
VISTA
100
AcDbPolyline
 90
4
 70
1
 10
253.79314253311597
 20
6.720801995786607
 10
253.79314253313774
 20
6.720801995767519
 10
253.7931425331255
 20
6.72080199577826
 10
253.79314253311597
 20
6.720801995786607
  0
LWPOLYLINE
  5
578
330
17
100
AcDbEntity
  8
VISTA
100
AcDbPolyline
 90
5
 70
1
 10
254.131914
 20
1.959414
 10
254.131914
 20
1.840586
 10
254.068087
 20
1.840586
 10
254.068087
 20
1.959414
 10
254.131914
 20
1.959414
  0
LWPOLYLINE
  5
579
330
17
100
AcDbEntity
  8
VISTA
100
AcDbPolyline
 90
7
 70
1
 10
254.273
 20
0.082
 10
254.275
 20
0.08
 10
254.275
 20
0.066
 10
254.273
 20
0.064
 10
252.5
 20
0.064
 10
252.5
 20
0.0818437019267944
 10
254.273
 20
0.082
  0
LWPOLYLINE
  5
57A
330
17
100
AcDbEntity
  8
VISTA
100
AcDbPolyline
 90
9
 70
1
 10
254.212
 20
6.988
 10
261.788
 20
6.988
 10
261.790001
 20
6.986
 10
261.790001
 20
6.935
 10
261.788
 20
6.933
 10
254.212
 20
6.933
 10
254.21
 20
6.935
 10
254.21
 20
6.986
 10
254.212
 20
6.988
  0
LWPOLYLINE
  5
57B
330
17
100
AcDbEntity
  8
VISTA
100
AcDbPolyline
 90
9
 70
1
 10
254.0
 20
2.9955
 10
254.0045
 20
3.0
 10
254.2555
 20
3.0
 10
254.26
 20
2.9955
 10
254.26
 20
0.0045
 10
254.2555
 20
0.0
 10
254.0045
 20
0.0
 10
254.0
 20
0.0045
 10
254.0
 20
2.9955
  0
LWPOLYLINE
  5
57C
330
17
100
AcDbEntity
  8
VISTA
100
AcDbPolyline
 90
9
 70
1
 10
261.740002
 20
2.9955
 10
261.744501
 20
3.0
 10
261.995501
 20
3.0
 10
262.0
 20
2.9955
 10
262.0
 20
0.0045
 10
261.995501
 20
0.0
 10
261.744501
 20
0.0
 10
261.740002
 20
0.0045
 10
261.740002
 20
2.9955
  0
LWPOLYLINE
  5
57D
330
17
100
AcDbEntity
  8
VISTA
100
AcDbPolyline
 90
9
 70
1
 10
254.0
 20
2.9955
 10
254.001895
 20
2.999169
 10
261.995501
 20
3.0
 10
261.999168
 20
2.998105
 10
262.0
 20
0.0045
 10
261.998104
 20
0.000831
 10
254.004499
 20
0.0
 10
254.0
 20
0.0045
 10
254.0
 20
2.9955
  0
LWPOLYLINE
  5
57E
330
17
100
AcDbEntity
  8
VISTA
100
AcDbPolyline
 90
9
 70
1
 10
254.0
 20
6.3955
 10
254.001895
 20
6.399169
 10
261.995501
 20
6.4
 10
261.999168
 20
6.398106
 10
262.0
 20
3.2045
 10
261.998104
 20
3.200831
 10
254.004499
 20
3.2
 10
254.0
 20
3.2045
 10
254.0
 20
6.3955
  0
LWPOLYLINE
  5
57F
330
17
100
AcDbEntity
  8
VISTA
100
AcDbPolyline
 90
8
 70
1
 10
261.997999
 20
7.0
 10
262.0
 20
6.998
 10
262.0
 20
6.402
 10
261.997999
 20
6.4
 10
254.002
 20
6.4
 10
254.0
 20
6.402
 10
254.000586
 20
6.999414
 10
261.997999
 20
7.0
  0
LWPOLYLINE
  5
580
330
17
100
AcDbEntity
  8
VISTA
100
AcDbPolyline
 90
8
 70
1
 10
261.808001
 20
6.918334
 10
261.809999
 20
6.916333
 10
261.809999
 20
6.700334
 10
261.808001
 20
6.698333
 10
254.192
 20
6.698333
 10
254.190001
 20
6.700334
 10
254.190586
 20
6.917747
 10
261.808001
 20
6.918334
  0
LWPOLYLINE
  5
581
330
17
100
AcDbEntity
  8
VISTA
100
AcDbPolyline
 90
9
 70
1
 10
253.875
 20
2.0455
 10
253.8795
 20
2.05
 10
254.1205
 20
2.05
 10
254.125
 20
2.0455
 10
254.125
 20
-0.0455
 10
254.1205
 20
-0.05
 10
253.8795
 20
-0.05
 10
253.875
 20
-0.0455
 10
253.875
 20
2.0455
  0
LWPOLYLINE
  5
582
330
17
100
AcDbEntity
  8
VISTA
100
AcDbPolyline
 90
9
 70
1
 10
258.875
 20
6.4355
 10
258.879499
 20
6.44
 10
259.620501
 20
6.44
 10
259.625
 20
6.4355
 10
259.625
 20
3.1645
 10
259.620501
 20
3.16
 10
258.879499
 20
3.16
 10
258.875
 20
3.1645
 10
258.875
 20
6.4355
  0
LWPOLYLINE
  5
583
330
17
100
AcDbEntity
  8
VISTA
100
AcDbPolyline
 90
9
 70
1
 10
253.940001
 20
2.9955
 10
253.9445
 20
3.0
 10
262.0555
 20
3.0
 10
262.059999
 20
2.9955
 10
262.059999
 20
2.7245
 10
262.0555
 20
2.72
 10
253.9445
 20
2.72
 10
253.940001
 20
2.7245
 10
253.940001
 20
2.9955
  0
LWPOLYLINE
  5
584
330
17
100
AcDbEntity
  8
VISTA
100
AcDbPolyline
 90
8
 70
1
 10
256.077501
 20
6.2983
 10
256.079201
 20
6.3
 10
256.1208
 20
6.3
 10
256.122499
 20
6.2983
 10
256.122499
 20
3.3017
 10
256.1208
 20
3.3
 10
256.078348
 20
3.300501
 10
256.077501
 20
6.2983
  0
LWPOLYLINE
  5
585
330
17
100
AcDbEntity
  8
VISTA
100
AcDbPolyline
 90
5
 70
1
 10
253.675
 20
7.035625
 10
262.325001
 20
7.077625
 10
262.325001
 20
6.937625
 10
253.675
 20
6.895625
 10
253.675
 20
7.035625
  0
LWPOLYLINE
  5
586
330
17
100
AcDbEntity
  8
VISTA
100
AcDbPolyline
 90
5
 70
1
 10
254.011
 20
6.892
 10
254.012
 20
6.885
 10
253.989
 20
6.884
 10
253.988293
 20
6.891707
 10
254.011
 20
6.892
  0
LWPOLYLINE
  5
587
330
17
100
AcDbEntity
  8
VISTA
100
AcDbPolyline
 90
5
 70
1
 10
255.210999
 20
6.898
 10
255.212
 20
6.891
 10
255.189
 20
6.89
 10
255.188293
 20
6.897707
 10
255.210999
 20
6.898
  0
LWPOLYLINE
  5
588
330
17
100
AcDbEntity
  8
VISTA
100
AcDbPolyline
 90
5
 70
1
 10
256.410999
 20
6.904
 10
256.411999
 20
6.897
 10
256.389
 20
6.896
 10
256.388292
 20
6.903707
 10
256.410999
 20
6.904
  0
LWPOLYLINE
  5
589
330
17
100
AcDbEntity
  8
VISTA
100
AcDbPolyline
 90
5
 70
1
 10
257.611
 20
6.91
 10
257.612
 20
6.903
 10
257.589001
 20
6.902
 10
257.588293
 20
6.909707
 10
257.611
 20
6.91
  0
LWPOLYLINE
  5
58A
330
17
100
AcDbEntity
  8
VISTA
100
AcDbPolyline
 90
5
 70
1
 10
258.810999
 20
6.916
 10
258.811998
 20
6.909
 10
258.789
 20
6.908
 10
258.788292
 20
6.915707
 10
258.810999
 20
6.916
  0
LWPOLYLINE
  5
58B
330
17
100
AcDbEntity
  8
VISTA
100
AcDbPolyline
 90
5
 70
1
 10
260.011
 20
6.922
 10
260.011999
 20
6.915
 10
259.989
 20
6.914
 10
259.988293
 20
6.921707
 10
260.011
 20
6.922
  0
LWPOLYLINE
  5
58C
330
17
100
AcDbEntity
  8
VISTA
100
AcDbPolyline
 90
5
 70
1
 10
261.211
 20
6.928
 10
261.212
 20
6.921
 10
261.189001
 20
6.92
 10
261.188293
 20
6.927707
 10
261.211
 20
6.928
  0
LWPOLYLINE
  5
58D
330
17
100
AcDbEntity
  8
VISTA
100
AcDbPolyline
 90
5
 70
1
 10
262.160999
 20
6.93275
 10
262.161999
 20
6.92575
 10
262.139
 20
6.92475
 10
262.138292
 20
6.932457
 10
262.160999
 20
6.93275
  0
LWPOLYLINE
  5
58E
330
17
100
AcDbEntity
  8
VISTA
100
AcDbPolyline
 90
5
 70
1
 10
253.925
 20
3.0325
 10
262.075001
 20
3.0325
 10
262.075001
 20
2.9975
 10
253.925
 20
2.9975
 10
253.925
 20
3.0325
  0
LINE
  5
58F
330
17
100
AcDbEntity
  8
VISTA
100
AcDbLine
 10
252.5
 20
0.0
 30
0.0
 11
262.7
 21
0.0
 31
0.0
  0
TEXT
  5
590
330
17
100
AcDbEntity
  8
TEXTOS
100
AcDbText
 10
252.7
 20
0.1
 30
0.0
 40
0.13
  1
+0,00 modelo
100
AcDbText
  0
TEXT
  5
591
330
17
100
AcDbEntity
  8
TEXTOS
100
AcDbText
 10
252.7
 20
3.3000000000000003
 30
0.0
 40
0.13
  1
+3,20 losa
100
AcDbText
  0
TEXT
  5
592
330
17
100
AcDbEntity
  8
TEXTOS
100
AcDbText
 10
252.7
 20
6.5
 30
0.0
 40
0.13
  1
+6,40 base fuente
100
AcDbText
  0
TEXT
  5
593
330
17
100
AcDbEntity
  8
TEXTOS
100
AcDbText
 10
252.7
 20
7.1
 30
0.0
 40
0.13
  1
+7,00 estudio
100
AcDbText
  0
TEXT
  5
594
330
17
100
AcDbEntity
  8
TEXTOS
100
AcDbText
 10
252.7
 20
8.2
 30
0.0
 40
0.13
  1
+8,10 cumbrera
100
AcDbText
  0
DIMENSION
  5
595
330
17
100
AcDbEntity
  8
COTAS
100
AcDbDimension
280
0
  2
*D1
  3
Standard
 10
254.0
 20
-0.9
 30
0.0
 11
258.0
 21
-0.9
 31
0.0
 70
32
 71
5
  1
<>
100
AcDbAlignedDimension
 13
254.0
 23
0.0
 33
0.0
 14
262.0
 24
0.0
 34
0.0
 50
0.0
100
AcDbRotatedDimension
1001
ACAD
1000
DSTYLE
1002
{
1070
140
1040
0.13
1070
41
1040
0.09
1002
}
  0
LWPOLYLINE
  5
5A9
330
17
100
AcDbEntity
  8
VISTA
100
AcDbPolyline
 90
5
 70
1
 10
293.925
 20
3.0325
 10
302.075001
 20
3.0325
 10
302.075001
 20
2.9975
 10
293.925
 20
2.9975
 10
293.925
 20
3.0325
  0
LWPOLYLINE
  5
5AA
330
17
100
AcDbEntity
  8
VISTA
100
AcDbPolyline
 90
5
 70
1
 10
293.675
 20
7.035625
 10
302.325001
 20
7.077625
 10
302.325001
 20
6.937625
 10
293.675
 20
6.895625
 10
293.675
 20
7.035625
  0
LWPOLYLINE
  5
5AB
330
17
100
AcDbEntity
  8
VISTA
100
AcDbPolyline
 90
5
 70
1
 10
294.011
 20
6.892
 10
294.012
 20
6.885
 10
293.989
 20
6.884
 10
293.988293
 20
6.891707
 10
294.011
 20
6.892
  0
LWPOLYLINE
  5
5AC
330
17
100
AcDbEntity
  8
VISTA
100
AcDbPolyline
 90
5
 70
1
 10
295.210999
 20
6.898
 10
295.212
 20
6.891
 10
295.189
 20
6.89
 10
295.188293
 20
6.897707
 10
295.210999
 20
6.898
  0
LWPOLYLINE
  5
5AD
330
17
100
AcDbEntity
  8
VISTA
100
AcDbPolyline
 90
5
 70
1
 10
296.410999
 20
6.904
 10
296.411999
 20
6.897
 10
296.389
 20
6.896
 10
296.388292
 20
6.903707
 10
296.410999
 20
6.904
  0
LWPOLYLINE
  5
5AE
330
17
100
AcDbEntity
  8
VISTA
100
AcDbPolyline
 90
5
 70
1
 10
297.611
 20
6.91
 10
297.612
 20
6.903
 10
297.589001
 20
6.902
 10
297.588293
 20
6.909707
 10
297.611
 20
6.91
  0
LWPOLYLINE
  5
5AF
330
17
100
AcDbEntity
  8
VISTA
100
AcDbPolyline
 90
5
 70
1
 10
298.810999
 20
6.916
 10
298.811998
 20
6.909
 10
298.789
 20
6.908
 10
298.788292
 20
6.915707
 10
298.810999
 20
6.916
  0
LWPOLYLINE
  5
5B0
330
17
100
AcDbEntity
  8
VISTA
100
AcDbPolyline
 90
5
 70
1
 10
300.011
 20
6.922
 10
300.011999
 20
6.915
 10
299.989
 20
6.914
 10
299.988293
 20
6.921707
 10
300.011
 20
6.922
  0
LWPOLYLINE
  5
5B1
330
17
100
AcDbEntity
  8
VISTA
100
AcDbPolyline
 90
5
 70
1
 10
301.211
 20
6.928
 10
301.212
 20
6.921
 10
301.189001
 20
6.92
 10
301.188293
 20
6.927707
 10
301.211
 20
6.928
  0
LWPOLYLINE
  5
5B2
330
17
100
AcDbEntity
  8
VISTA
100
AcDbPolyline
 90
5
 70
1
 10
302.160999
 20
6.93275
 10
302.161999
 20
6.92575
 10
302.139
 20
6.92475
 10
302.138292
 20
6.932457
 10
302.160999
 20
6.93275
  0
LWPOLYLINE
  5
5B3
330
17
100
AcDbEntity
  8
VISTA
100
AcDbPolyline
 90
8
 70
1
 10
296.077501
 20
6.2983
 10
296.079201
 20
6.3
 10
296.1208
 20
6.3
 10
296.122499
 20
6.2983
 10
296.122499
 20
3.3017
 10
296.1208
 20
3.3
 10
296.078348
 20
3.300501
 10
296.077501
 20
6.2983
  0
LWPOLYLINE
  5
5B4
330
17
100
AcDbEntity
  8
VISTA
100
AcDbPolyline
 90
9
 70
1
 10
293.940001
 20
2.9955
 10
293.9445
 20
3.0
 10
302.0555
 20
3.0
 10
302.059999
 20
2.9955
 10
302.059999
 20
2.7245
 10
302.0555
 20
2.72
 10
293.9445
 20
2.72
 10
293.940001
 20
2.7245
 10
293.940001
 20
2.9955
  0
LWPOLYLINE
  5
5B5
330
17
100
AcDbEntity
  8
VISTA
100
AcDbPolyline
 90
9
 70
1
 10
298.875
 20
6.4355
 10
298.879499
 20
6.44
 10
299.620501
 20
6.44
 10
299.625
 20
6.4355
 10
299.625
 20
3.1645
 10
299.620501
 20
3.16
 10
298.879499
 20
3.16
 10
298.875
 20
3.1645
 10
298.875
 20
6.4355
  0
LWPOLYLINE
  5
5B6
330
17
100
AcDbEntity
  8
VISTA
100
AcDbPolyline
 90
9
 70
1
 10
293.875
 20
2.0455
 10
293.8795
 20
2.05
 10
294.1205
 20
2.05
 10
294.125
 20
2.0455
 10
294.125
 20
-0.0455
 10
294.1205
 20
-0.05
 10
293.8795
 20
-0.05
 10
293.875
 20
-0.0455
 10
293.875
 20
2.0455
  0
LWPOLYLINE
  5
5B7
330
17
100
AcDbEntity
  8
VISTA
100
AcDbPolyline
 90
9
 70
1
 10
294.0
 20
2.9955
 10
294.001895
 20
2.999169
 10
301.995501
 20
3.0
 10
301.999168
 20
2.998105
 10
302.0
 20
0.0045
 10
301.998104
 20
0.000831
 10
294.004499
 20
0.0
 10
294.0
 20
0.0045
 10
294.0
 20
2.9955
  0
LWPOLYLINE
  5
5B8
330
17
100
AcDbEntity
  8
VISTA
100
AcDbPolyline
 90
9
 70
1
 10
294.0
 20
6.3955
 10
294.001895
 20
6.399169
 10
301.995501
 20
6.4
 10
301.999168
 20
6.398106
 10
302.0
 20
3.2045
 10
301.998104
 20
3.200831
 10
294.004499
 20
3.2
 10
294.0
 20
3.2045
 10
294.0
 20
6.3955
  0
LWPOLYLINE
  5
5B9
330
17
100
AcDbEntity
  8
VISTA
100
AcDbPolyline
 90
8
 70
1
 10
301.997999
 20
7.0
 10
302.0
 20
6.998
 10
302.0
 20
6.402
 10
301.997999
 20
6.4
 10
294.002
 20
6.4
 10
294.0
 20
6.402
 10
294.000586
 20
6.999414
 10
301.997999
 20
7.0
  0
LWPOLYLINE
  5
5BA
330
17
100
AcDbEntity
  8
VISTA
100
AcDbPolyline
 90
8
 70
1
 10
301.808001
 20
6.918334
 10
301.809999
 20
6.916333
 10
301.809999
 20
6.700334
 10
301.808001
 20
6.698333
 10
294.192
 20
6.698333
 10
294.190001
 20
6.700334
 10
294.190586
 20
6.917747
 10
301.808001
 20
6.918334
  0
LWPOLYLINE
  5
5BB
330
17
100
AcDbEntity
  8
VISTA
100
AcDbPolyline
 90
9
 70
1
 10
294.0
 20
2.9955
 10
294.0045
 20
3.0
 10
294.2555
 20
3.0
 10
294.26
 20
2.9955
 10
294.26
 20
0.0045
 10
294.2555
 20
0.0
 10
294.0045
 20
0.0
 10
294.0
 20
0.0045
 10
294.0
 20
2.9955
  0
LWPOLYLINE
  5
5BC
330
17
100
AcDbEntity
  8
VISTA
100
AcDbPolyline
 90
9
 70
1
 10
301.740002
 20
2.9955
 10
301.744501
 20
3.0
 10
301.995501
 20
3.0
 10
302.0
 20
2.9955
 10
302.0
 20
0.0045
 10
301.995501
 20
0.0
 10
301.744501
 20
0.0
 10
301.740002
 20
0.0045
 10
301.740002
 20
2.9955
  0
LWPOLYLINE
  5
5BD
330
17
100
AcDbEntity
  8
VISTA
100
AcDbPolyline
 90
9
 70
1
 10
294.212
 20
6.988
 10
301.788
 20
6.988
 10
301.790001
 20
6.986
 10
301.790001
 20
6.935
 10
301.788
 20
6.933
 10
294.212
 20
6.933
 10
294.21
 20
6.935
 10
294.21
 20
6.986
 10
294.212
 20
6.988
  0
LWPOLYLINE
  5
5BE
330
17
100
AcDbEntity
  8
VISTA
100
AcDbPolyline
 90
7
 70
1
 10
294.273
 20
0.082
 10
294.275
 20
0.08
 10
294.275
 20
0.066
 10
294.273
 20
0.064
 10
292.5
 20
0.064
 10
292.5
 20
0.0818437019267944
 10
294.273
 20
0.082
  0
LWPOLYLINE
  5
5BF
330
17
100
AcDbEntity
  8
VISTA
100
AcDbPolyline
 90
5
 70
1
 10
294.131914
 20
1.959414
 10
294.131914
 20
1.840586
 10
294.068087
 20
1.840586
 10
294.068087
 20
1.959414
 10
294.131914
 20
1.959414
  0
LWPOLYLINE
  5
5C0
330
17
100
AcDbEntity
  8
VISTA
100
AcDbPolyline
 90
22
 70
1
 10
293.565114
 20
6.565797
 10
293.571557
 20
6.592788
 10
293.595096
 20
6.629217
 10
293.742097
 20
6.772556
 10
293.745001
 20
6.785463
 10
293.745
 20
6.897
 10
293.855
 20
6.897
 10
293.854355
 20
6.771453
 10
293.848944
 20
6.744143
 10
293.837865
 20
6.718441
 10
293.812215
 20
6.685884
 10
293.701013
 20
6.58086
 10
293.674886
 20
6.552939438264979
 10
293.674612
 20
-0.202917
 10
293.671062
 20
-0.209139
 10
293.664034
 20
-0.214738
 10
293.641657
 20
-0.22261
 10
293.627833
 20
-0.224346
 10
293.599565
 20
-0.222836
 10
293.576771
 20
-0.215207
 10
293.56556
 20
-0.203503
 10
293.565114
 20
6.565797
  0
LWPOLYLINE
  5
5C1
330
17
100
AcDbEntity
  8
VISTA
100
AcDbPolyline
 90
4
 70
1
 10
293.6810567101154
 20
6.563026389082207
 10
293.6810567101154
 20
6.563026389082205
 10
293.6810567101154
 20
6.563026389082206
 10
293.6810567101154
 20
6.563026389082207
  0
LWPOLYLINE
  5
5C2
330
17
100
AcDbEntity
  8
VISTA
100
AcDbPolyline
 90
4
 70
1
 10
293.76318917811625
 20
6.77063074564551
 10
293.7631891781148
 20
6.770630745645935
 10
293.76318917811057
 20
6.770630745647256
 10
293.76318917811625
 20
6.77063074564551
  0
LWPOLYLINE
  5
5C3
330
17
100
AcDbEntity
  8
VISTA
100
AcDbPolyline
 90
4
 70
1
 10
293.79314253311594
 20
6.720801995786607
 10
293.7931425331377
 20
6.720801995767519
 10
293.7931425331255
 20
6.72080199577826
 10
293.79314253311594
 20
6.720801995786607
  0
LWPOLYLINE
  5
5C4
330
17
100
AcDbEntity
  8
VISTA
100
AcDbPolyline
 90
5
 70
1
 10
295.15
 20
5.8375
 10
300.65
 20
5.8375
 10
300.65
 20
5.8025
 10
295.15
 20
5.8025
 10
295.15
 20
5.8375
  0
LWPOLYLINE
  5
5C5
330
17
100
AcDbEntity
  8
VISTA
100
AcDbPolyline
 90
5
 70
1
 10
293.824414
 20
0.059414
 10
293.824414
 20
-0.35
 10
293.415586
 20
-0.35
 10
293.415586
 20
0.059414
 10
293.824414
 20
0.059414
  0
LWPOLYLINE
  5
5C6
330
17
100
AcDbEntity
  8
VISTA
100
AcDbPolyline
 90
5
 70
1
 10
293.849
 20
0.06
 10
293.849999
 20
0.037
 10
293.391
 20
0.036
 10
293.390293
 20
0.059707
 10
293.849
 20
0.06
  0
LWPOLYLINE
  5
5C7
330
17
100
AcDbEntity
  8
VISTA
100
AcDbPolyline
 90
5
 70
1
 10
293.5635
 20
0.561
 10
293.5625
 20
0.538
 10
293.5545
 20
0.539
 10
293.554793
 20
0.561707
 10
293.5635
 20
0.561
  0
LWPOLYLINE
  5
5C8
330
17
100
AcDbEntity
  8
VISTA
100
AcDbPolyline
 90
5
 70
1
 10
293.6855
 20
0.561
 10
293.6845
 20
0.538
 10
293.676499
 20
0.539
 10
293.676793
 20
0.561707
 10
293.6855
 20
0.561
  0
LWPOLYLINE
  5
5C9
330
17
100
AcDbEntity
  8
VISTA
100
AcDbPolyline
 90
5
 70
1
 10
293.979
 20
0.56
 10
293.98
 20
0.541
 10
293.681999
 20
0.54
 10
293.681293
 20
0.559707
 10
293.979
 20
0.56
  0
LWPOLYLINE
  5
5CA
330
17
100
AcDbEntity
  8
VISTA
100
AcDbPolyline
 90
5
 70
1
 10
293.5635
 20
1.811
 10
293.5625
 20
1.788
 10
293.5545
 20
1.789
 10
293.554793
 20
1.811707
 10
293.5635
 20
1.811
  0
LWPOLYLINE
  5
5CB
330
17
100
AcDbEntity
  8
VISTA
100
AcDbPolyline
 90
5
 70
1
 10
293.6855
 20
1.811
 10
293.6845
 20
1.788
 10
293.676499
 20
1.789
 10
293.676793
 20
1.811707
 10
293.6855
 20
1.811
  0
LWPOLYLINE
  5
5CC
330
17
100
AcDbEntity
  8
VISTA
100
AcDbPolyline
 90
5
 70
1
 10
293.979
 20
1.81
 10
293.98
 20
1.791
 10
293.681999
 20
1.79
 10
293.681293
 20
1.809707
 10
293.979
 20
1.81
  0
LWPOLYLINE
  5
5CD
330
17
100
AcDbEntity
  8
VISTA
100
AcDbPolyline
 90
5
 70
1
 10
293.5635
 20
3.311
 10
293.5625
 20
3.288
 10
293.5545
 20
3.289
 10
293.554793
 20
3.311707
 10
293.5635
 20
3.311
  0
LWPOLYLINE
  5
5CE
330
17
100
AcDbEntity
  8
VISTA
100
AcDbPolyline
 90
5
 70
1
 10
293.6855
 20
3.311
 10
293.6845
 20
3.288
 10
293.676499
 20
3.289
 10
293.676793
 20
3.311707
 10
293.6855
 20
3.311
  0
LWPOLYLINE
  5
5CF
330
17
100
AcDbEntity
  8
VISTA
100
AcDbPolyline
 90
5
 70
1
 10
293.979
 20
3.31
 10
293.98
 20
3.291
 10
293.681999
 20
3.29
 10
293.681293
 20
3.309707
 10
293.979
 20
3.31
  0
LWPOLYLINE
  5
5D0
330
17
100
AcDbEntity
  8
VISTA
100
AcDbPolyline
 90
5
 70
1
 10
293.5635
 20
4.711
 10
293.5625
 20
4.688
 10
293.5545
 20
4.689
 10
293.554793
 20
4.711707
 10
293.5635
 20
4.711
  0
LWPOLYLINE
  5
5D1
330
17
100
AcDbEntity
  8
VISTA
100
AcDbPolyline
 90
5
 70
1
 10
293.6855
 20
4.711
 10
293.6845
 20
4.688
 10
293.676499
 20
4.689
 10
293.676793
 20
4.711707
 10
293.6855
 20
4.711
  0
LWPOLYLINE
  5
5D2
330
17
100
AcDbEntity
  8
VISTA
100
AcDbPolyline
 90
5
 70
1
 10
293.979
 20
4.71
 10
293.98
 20
4.691
 10
293.681999
 20
4.69
 10
293.681293
 20
4.709707
 10
293.979
 20
4.71
  0
LWPOLYLINE
  5
5D3
330
17
100
AcDbEntity
  8
VISTA
100
AcDbPolyline
 90
5
 70
1
 10
293.5635
 20
6.011
 10
293.5625
 20
5.988
 10
293.5545
 20
5.989
 10
293.554793
 20
6.011707
 10
293.5635
 20
6.011
  0
LWPOLYLINE
  5
5D4
330
17
100
AcDbEntity
  8
VISTA
100
AcDbPolyline
 90
5
 70
1
 10
293.6855
 20
6.011
 10
293.6845
 20
5.988
 10
293.676499
 20
5.989
 10
293.676793
 20
6.011707
 10
293.6855
 20
6.011
  0
LWPOLYLINE
  5
5D5
330
17
100
AcDbEntity
  8
VISTA
100
AcDbPolyline
 90
5
 70
1
 10
293.979
 20
6.01
 10
293.98
 20
5.991
 10
293.681999
 20
5.99
 10
293.681293
 20
6.009707
 10
293.979
 20
6.01
  0
LWPOLYLINE
  5
5D6
330
17
100
AcDbEntity
  8
VISTA
100
AcDbPolyline
 90
5
 70
1
 10
293.579553
 20
0.059707
 10
293.579553
 20
0.052293
 10
293.568139
 20
0.052293
 10
293.568139
 20
0.059707
 10
293.579553
 20
0.059707
  0
LWPOLYLINE
  5
5D7
330
17
100
AcDbEntity
  8
VISTA
100
AcDbPolyline
 90
5
 70
1
 10
293.610322
 20
0.059707
 10
293.610322
 20
0.052293
 10
293.598908
 20
0.052293
 10
293.598908
 20
0.059707
 10
293.610322
 20
0.059707
  0
LWPOLYLINE
  5
5D8
330
17
100
AcDbEntity
  8
VISTA
100
AcDbPolyline
 90
5
 70
1
 10
293.641091
 20
0.059707
 10
293.641091
 20
0.052293
 10
293.629678
 20
0.052293
 10
293.629678
 20
0.059707
 10
293.641091
 20
0.059707
  0
LWPOLYLINE
  5
5D9
330
17
100
AcDbEntity
  8
VISTA
100
AcDbPolyline
 90
5
 70
1
 10
293.671861
 20
0.059707
 10
293.671861
 20
0.052293
 10
293.660447
 20
0.052293
 10
293.660447
 20
0.059707
 10
293.671861
 20
0.059707
  0
LWPOLYLINE
  5
5DA
330
17
100
AcDbEntity
  8
VISTA
100
AcDbPolyline
 90
13
 70
1
 10
292.938
 20
0.06
 10
294.062
 20
0.06
 10
294.067657
 20
0.057657
 10
294.07
 20
0.052
 10
294.07
 20
-0.052
 10
294.067657
 20
-0.057657
 10
294.062
 20
-0.06
 10
292.938
 20
-0.06
 10
292.932343
 20
-0.057657
 10
292.93
 20
-0.052
 10
292.93
 20
0.052
 10
292.932343
 20
0.057657
 10
292.938
 20
0.06
  0
LWPOLYLINE
  5
5DB
330
17
100
AcDbEntity
  8
VISTA
100
AcDbPolyline
 90
7
 70
1
 10
293.38
 20
0.058
 10
293.382
 20
0.06
 10
293.413
 20
0.06
 10
293.415
 20
0.058
 10
293.415
 20
-0.35
 10
293.3804025437664
 20
-0.35
 10
293.38
 20
0.058
  0
LWPOLYLINE
  5
5DC
330
17
100
AcDbEntity
  8
VISTA
100
AcDbPolyline
 90
6
 70
1
 10
293.858
 20
0.06
 10
293.86
 20
0.058
 10
293.86
 20
-0.35
 10
293.82517020716506
 20
-0.35
 10
293.825585
 20
0.059414
 10
293.858
 20
0.06
  0
LWPOLYLINE
  5
5DD
330
17
100
AcDbEntity
  8
VISTA
100
AcDbPolyline
 90
5
 70
1
 10
293.412207
 20
0.059707
 10
293.412207
 20
0.036293
 10
293.387793
 20
0.036293
 10
293.387793
 20
0.059707
 10
293.412207
 20
0.059707
  0
LWPOLYLINE
  5
5DE
330
17
100
AcDbEntity
  8
VISTA
100
AcDbPolyline
 90
5
 70
1
 10
293.852207
 20
0.059707
 10
293.852207
 20
0.036293
 10
293.827793
 20
0.036293
 10
293.827793
 20
0.059707
 10
293.852207
 20
0.059707
  0
LWPOLYLINE
  5
5DF
330
17
100
AcDbEntity
  8
VISTA
100
AcDbPolyline
 90
5
 70
1
 10
293.425707
 20
0.059707
 10
293.425707
 20
0.052293
 10
293.414293
 20
0.052293
 10
293.414293
 20
0.059707
 10
293.425707
 20
0.059707
  0
LWPOLYLINE
  5
5E0
330
17
100
AcDbEntity
  8
VISTA
100
AcDbPolyline
 90
5
 70
1
 10
293.456476
 20
0.059707
 10
293.456476
 20
0.052293
 10
293.445063
 20
0.052293
 10
293.445063
 20
0.059707
 10
293.456476
 20
0.059707
  0
LWPOLYLINE
  5
5E1
330
17
100
AcDbEntity
  8
VISTA
100
AcDbPolyline
 90
5
 70
1
 10
293.487246
 20
0.059707
 10
293.487246
 20
0.052293
 10
293.475832
 20
0.052293
 10
293.475832
 20
0.059707
 10
293.487246
 20
0.059707
  0
LWPOLYLINE
  5
5E2
330
17
100
AcDbEntity
  8
VISTA
100
AcDbPolyline
 90
5
 70
1
 10
293.518015
 20
0.059707
 10
293.518015
 20
0.052293
 10
293.506601
 20
0.052293
 10
293.506601
 20
0.059707
 10
293.518015
 20
0.059707
  0
LWPOLYLINE
  5
5E3
330
17
100
AcDbEntity
  8
VISTA
100
AcDbPolyline
 90
5
 70
1
 10
293.548783
 20
0.059707
 10
293.548783
 20
0.052293
 10
293.53737
 20
0.052293
 10
293.53737
 20
0.059707
 10
293.548783
 20
0.059707
  0
LWPOLYLINE
  5
5E4
330
17
100
AcDbEntity
  8
VISTA
100
AcDbPolyline
 90
5
 70
1
 10
293.70263
 20
0.059707
 10
293.70263
 20
0.052293
 10
293.691216
 20
0.052293
 10
293.691216
 20
0.059707
 10
293.70263
 20
0.059707
  0
LWPOLYLINE
  5
5E5
330
17
100
AcDbEntity
  8
VISTA
100
AcDbPolyline
 90
5
 70
1
 10
293.733399
 20
0.059707
 10
293.733399
 20
0.052293
 10
293.721986
 20
0.052293
 10
293.721986
 20
0.059707
 10
293.733399
 20
0.059707
  0
LWPOLYLINE
  5
5E6
330
17
100
AcDbEntity
  8
VISTA
100
AcDbPolyline
 90
5
 70
1
 10
293.764169
 20
0.059707
 10
293.764169
 20
0.052293
 10
293.752755
 20
0.052293
 10
293.752755
 20
0.059707
 10
293.764169
 20
0.059707
  0
LWPOLYLINE
  5
5E7
330
17
100
AcDbEntity
  8
VISTA
100
AcDbPolyline
 90
5
 70
1
 10
293.794937
 20
0.059707
 10
293.794937
 20
0.052293
 10
293.783524
 20
0.052293
 10
293.783524
 20
0.059707
 10
293.794937
 20
0.059707
  0
LWPOLYLINE
  5
5E8
330
17
100
AcDbEntity
  8
VISTA
100
AcDbPolyline
 90
5
 70
1
 10
293.825706
 20
0.059707
 10
293.825706
 20
0.052293
 10
293.814293
 20
0.052293
 10
293.814293
 20
0.059707
 10
293.825706
 20
0.059707
  0
LWPOLYLINE
  5
5E9
330
17
100
AcDbEntity
  8
VISTA
100
AcDbPolyline
 90
4
 70
1
 10
293.609927
 20
-0.325785
 10
293.6137254535545
 20
-0.35
 10
293.4555570947628
 20
-0.35
 10
293.609927
 20
-0.325785
  0
LWPOLYLINE
  5
5EA
330
17
100
AcDbEntity
  8
VISTA
100
AcDbPolyline
 90
5
 70
1
 10
293.579553
 20
0.059707
 10
293.579553
 20
0.052293
 10
293.568139
 20
0.052293
 10
293.568139
 20
0.059707
 10
293.579553
 20
0.059707
  0
LWPOLYLINE
  5
5EB
330
17
100
AcDbEntity
  8
VISTA
100
AcDbPolyline
 90
5
 70
1
 10
293.610322
 20
0.059707
 10
293.610322
 20
0.052293
 10
293.598908
 20
0.052293
 10
293.598908
 20
0.059707
 10
293.610322
 20
0.059707
  0
LWPOLYLINE
  5
5EC
330
17
100
AcDbEntity
  8
VISTA
100
AcDbPolyline
 90
5
 70
1
 10
293.641091
 20
0.059707
 10
293.641091
 20
0.052293
 10
293.629678
 20
0.052293
 10
293.629678
 20
0.059707
 10
293.641091
 20
0.059707
  0
LWPOLYLINE
  5
5ED
330
17
100
AcDbEntity
  8
VISTA
100
AcDbPolyline
 90
5
 70
1
 10
293.671861
 20
0.059707
 10
293.671861
 20
0.052293
 10
293.660447
 20
0.052293
 10
293.660447
 20
0.059707
 10
293.671861
 20
0.059707
  0
LWPOLYLINE
  5
5EE
330
17
100
AcDbEntity
  8
VISTA
100
AcDbPolyline
 90
5
 70
1
 10
293.849
 20
0.06
 10
293.849999
 20
0.037
 10
293.391
 20
0.036
 10
293.390293
 20
0.059707
 10
293.849
 20
0.06
  0
LWPOLYLINE
  5
5EF
330
17
100
AcDbEntity
  8
VISTA
100
AcDbPolyline
 90
5
 70
1
 10
293.824414
 20
0.059414
 10
293.824414
 20
-0.35
 10
293.415586
 20
-0.35
 10
293.415586
 20
0.059414
 10
293.824414
 20
0.059414
  0
LWPOLYLINE
  5
5F0
330
17
100
AcDbEntity
  8
VISTA
100
AcDbPolyline
 90
9
 70
1
 10
294.212
 20
7.137286
 10
301.788
 20
7.137286
 10
301.790001
 20
7.135285
 10
301.790001
 20
7.084286
 10
301.788
 20
7.082285
 10
294.212
 20
7.082285
 10
294.21
 20
7.084286
 10
294.21
 20
7.135285
 10
294.212
 20
7.137286
  0
LWPOLYLINE
  5
5F1
330
17
100
AcDbEntity
  8
VISTA
100
AcDbPolyline
 90
8
 70
1
 10
292.9775
 20
1.108508
 10
292.9792
 20
1.110208
 10
293.010799
 20
1.110208
 10
293.0125
 20
1.108508
 10
293.0125
 20
0.0617
 10
293.010799
 20
0.06
 10
292.978348
 20
0.060719
 10
292.9775
 20
1.108508
  0
LWPOLYLINE
  5
5F2
330
17
100
AcDbEntity
  8
VISTA
100
AcDbPolyline
 90
10
 70
1
 10
293.9475
 20
1.108508
 10
293.9492
 20
1.110208
 10
293.980801
 20
1.110208
 10
293.9825
 20
1.108508
 10
293.9825
 20
0.0617
 10
293.981784
 20
0.0617
 10
293.981784
 20
0.060314
 10
293.980801
 20
0.06
 10
293.948348
 20
0.060719
 10
293.9475
 20
1.108508
  0
LWPOLYLINE
  5
5F3
330
17
100
AcDbEntity
  8
VISTA
100
AcDbPolyline
 90
4
 70
1
 10
293.9814578818737
 20
0.061042346232179225
 10
293.981652
 20
0.060848
 10
293.9814578818737
 20
0.0610423462321793
 10
293.9814578818737
 20
0.061042346232179225
  0
LWPOLYLINE
  5
5F4
330
17
100
AcDbEntity
  8
VISTA
100
AcDbPolyline
 90
5
 70
1
 10
293.025
 20
0.239444
 10
293.934999
 20
0.239444
 10
293.934999
 20
0.233444
 10
293.025
 20
0.233444
 10
293.025
 20
0.239444
  0
LWPOLYLINE
  5
5F5
330
17
100
AcDbEntity
  8
VISTA
100
AcDbPolyline
 90
5
 70
1
 10
293.0307
 20
0.242222
 10
293.929999
 20
0.241522
 10
293.929299
 20
0.237222
 10
293.030205
 20
0.237922
 10
293.0307
 20
0.242222
  0
LWPOLYLINE
  5
5F6
330
17
100
AcDbEntity
  8
VISTA
100
AcDbPolyline
 90
5
 70
1
 10
293.014001
 20
1.183013
 10
293.025
 20
1.184013
 10
293.026
 20
0.244882
 10
293.014001
 20
0.244882
 10
293.014001
 20
1.183013
  0
LWPOLYLINE
  5
5F7
330
17
100
AcDbEntity
  8
VISTA
100
AcDbPolyline
 90
5
 70
1
 10
293.974
 20
1.183013
 10
293.984999
 20
1.184013
 10
293.985999
 20
0.244882
 10
293.974
 20
0.244882
 10
293.974
 20
1.183013
  0
LWPOLYLINE
  5
5F8
330
17
100
AcDbEntity
  8
VISTA
100
AcDbPolyline
 90
11
 70
1
 10
293.9765
 20
0.237222
 10
293.978974
 20
0.236197
 10
293.98
 20
0.233722
 10
293.98
 20
0.165722
 10
293.978974
 20
0.163247
 10
293.9765
 20
0.162222
 10
292.9835
 20
0.162222
 10
292.981025
 20
0.163247
 10
292.98
 20
0.165722
 10
292.981025
 20
0.236197
 10
293.9765
 20
0.237222
  0
LWPOLYLINE
  5
5F9
330
17
100
AcDbEntity
  8
VISTA
100
AcDbPolyline
 90
4
 70
1
 10
292.981746
 20
0.235476
 10
292.981746
 20
0.236192
 10
292.98103
 20
0.235476
 10
292.981746
 20
0.235476
  0
LWPOLYLINE
  5
5FA
330
17
100
AcDbEntity
  8
VISTA
100
AcDbPolyline
 90
4
 70
1
 10
292.981027347546
 20
0.23585848386846425
 10
292.981288
 20
0.235934
 10
292.981027347546
 20
0.23585848386846434
 10
292.981027347546
 20
0.23585848386846425
  0
LWPOLYLINE
  5
5FB
330
17
100
AcDbEntity
  8
VISTA
100
AcDbPolyline
 90
4
 70
1
 10
292.981288
 20
0.16351
 10
292.981746
 20
0.163252
 10
292.981746
 20
0.163969
 10
292.981288
 20
0.16351
  0
LWPOLYLINE
  5
5FC
330
17
100
AcDbEntity
  8
VISTA
100
AcDbPolyline
 90
4
 70
1
 10
293.97897
 20
0.235476
 10
293.978253
 20
0.236192
 10
293.978253
 20
0.235476
 10
293.97897
 20
0.235476
  0
LWPOLYLINE
  5
5FD
330
17
100
AcDbEntity
  8
VISTA
100
AcDbPolyline
 90
4
 70
1
 10
293.978253
 20
0.163252
 10
293.97897
 20
0.163969
 10
293.978253
 20
0.163969
 10
293.978253
 20
0.163252
  0
LWPOLYLINE
  5
5FE
330
17
100
AcDbEntity
  8
VISTA
100
AcDbPolyline
 90
4
 70
1
 10
293.9789721238078
 20
0.16358565269197947
 10
293.978711
 20
0.16351
 10
293.9789721238078
 20
0.16358565269197944
 10
293.9789721238078
 20
0.16358565269197947
  0
LWPOLYLINE
  5
5FF
330
17
100
AcDbEntity
  8
VISTA
100
AcDbPolyline
 90
5
 70
1
 10
293.035
 20
0.169944
 10
293.924999
 20
0.169944
 10
293.924999
 20
0.134944
 10
293.035
 20
0.134944
 10
293.035
 20
0.169944
  0
LWPOLYLINE
  5
600
330
17
100
AcDbEntity
  8
VISTA
100
AcDbPolyline
 90
9
 70
1
 10
293.014001
 20
1.266961
 10
293.014294
 20
1.267668
 10
293.015001
 20
1.267961
 10
293.025
 20
1.267961
 10
293.025707
 20
1.267668
 10
293.026
 20
1.266961
 10
293.026
 20
0.328829
 10
293.014001
 20
0.328829
 10
293.014001
 20
1.266961
  0
LWPOLYLINE
  5
601
330
17
100
AcDbEntity
  8
VISTA
100
AcDbPolyline
 90
4
 70
1
 10
293.0143904971866
 20
1.2675759910546818
 10
293.0143904971866
 20
1.267575991054682
 10
293.014294
 20
1.267668
 10
293.0143904971866
 20
1.2675759910546818
  0
LWPOLYLINE
  5
602
330
17
100
AcDbEntity
  8
VISTA
100
AcDbPolyline
 90
4
 70
1
 10
293.02561050281344
 20
1.267575991054682
 10
293.02561050281344
 20
1.2675759910546818
 10
293.025707
 20
1.267668
 10
293.02561050281344
 20
1.267575991054682
  0
LWPOLYLINE
  5
603
330
17
100
AcDbEntity
  8
VISTA
100
AcDbPolyline
 90
9
 70
1
 10
293.974
 20
1.266961
 10
293.974293
 20
1.267668
 10
293.975
 20
1.267961
 10
293.984999
 20
1.267961
 10
293.985706
 20
1.267668
 10
293.985999
 20
1.266961
 10
293.985999
 20
0.328829
 10
293.974
 20
0.328829
 10
293.974
 20
1.266961
  0
LWPOLYLINE
  5
604
330
17
100
AcDbEntity
  8
VISTA
100
AcDbPolyline
 90
4
 70
1
 10
293.97438949718656
 20
1.2675759910546818
 10
293.97438949718656
 20
1.267575991054682
 10
293.974293
 20
1.267668
 10
293.97438949718656
 20
1.2675759910546818
  0
LWPOLYLINE
  5
605
330
17
100
AcDbEntity
  8
VISTA
100
AcDbPolyline
 90
4
 70
1
 10
293.9856095028134
 20
1.267575991054682
 10
293.9856095028134
 20
1.2675759910546818
 10
293.985706
 20
1.267668
 10
293.9856095028134
 20
1.267575991054682
  0
LWPOLYLINE
  5
606
330
17
100
AcDbEntity
  8
VISTA
100
AcDbPolyline
 90
5
 70
1
 10
293.025
 20
0.413889
 10
293.934999
 20
0.413889
 10
293.934999
 20
0.407889
 10
293.025
 20
0.407889
 10
293.025
 20
0.413889
  0
LWPOLYLINE
  5
607
330
17
100
AcDbEntity
  8
VISTA
100
AcDbPolyline
 90
5
 70
1
 10
293.0307
 20
0.419444
 10
293.929999
 20
0.418744
 10
293.929299
 20
0.414444
 10
293.030205
 20
0.415144
 10
293.0307
 20
0.419444
  0
LWPOLYLINE
  5
608
330
17
100
AcDbEntity
  8
VISTA
100
AcDbPolyline
 90
6
 70
1
 10
293.014001
 20
1.350908
 10
293.025
 20
1.351908
 10
293.026
 20
0.412776
 10
293.025
 20
0.411776
 10
293.014001
 20
0.412776
 10
293.014001
 20
1.350908
  0
LWPOLYLINE
  5
609
330
17
100
AcDbEntity
  8
VISTA
100
AcDbPolyline
 90
4
 70
1
 10
293.0259445902579
 20
0.41277429799426935
 10
293.0259445902579
 20
0.4127742979942693
 10
293.026
 20
0.412776
 10
293.0259445902579
 20
0.41277429799426935
  0
LWPOLYLINE
  5
60A
330
17
100
AcDbEntity
  8
VISTA
100
AcDbPolyline
 90
6
 70
1
 10
293.974
 20
1.350908
 10
293.984999
 20
1.351908
 10
293.985999
 20
0.412776
 10
293.984999
 20
0.411776
 10
293.974
 20
0.412776
 10
293.974
 20
1.350908
  0
LWPOLYLINE
  5
60B
330
17
100
AcDbEntity
  8
VISTA
100
AcDbPolyline
 90
4
 70
1
 10
293.9859435902579
 20
0.41277429799426935
 10
293.9859435902579
 20
0.4127742979942693
 10
293.985999
 20
0.412776
 10
293.9859435902579
 20
0.41277429799426935
  0
LWPOLYLINE
  5
60C
330
17
100
AcDbEntity
  8
VISTA
100
AcDbPolyline
 90
12
 70
1
 10
293.926499
 20
5.78
 10
294.0435
 20
5.78
 10
294.046329
 20
5.778829
 10
294.0475
 20
5.776
 10
294.0475
 20
4.064
 10
294.046329
 20
4.061172
 10
294.0435
 20
4.06
 10
293.926499
 20
4.06
 10
293.923671
 20
4.061172
 10
293.9225
 20
4.064
 10
293.923238
 20
5.778316
 10
293.926499
 20
5.78
  0
LWPOLYLINE
  5
60D
330
17
100
AcDbEntity
  8
VISTA
100
AcDbPolyline
 90
4
 70
1
 10
293.924191
 20
5.778309
 10
293.924705
 20
5.778528
 10
293.923972
 20
5.778528
 10
293.924191
 20
5.778309
  0
LWPOLYLINE
  5
60E
330
17
100
AcDbEntity
  8
VISTA
100
AcDbPolyline
 90
4
 70
1
 10
293.924191
 20
4.061691
 10
293.923972
 20
4.062205
 10
293.923972
 20
4.061472
 10
293.924191
 20
4.061691
  0
LWPOLYLINE
  5
60F
330
17
100
AcDbEntity
  8
VISTA
100
AcDbPolyline
 90
4
 70
1
 10
294.045809
 20
4.061691
 10
294.045295
 20
4.061472
 10
294.046027
 20
4.061472
 10
294.045809
 20
4.061691
  0
LWPOLYLINE
  5
610
330
17
100
AcDbEntity
  8
VISTA
100
AcDbPolyline
 90
4
 70
1
 10
294.046027
 20
5.778528
 10
294.045295
 20
5.778528
 10
294.045809
 20
5.778309
 10
294.046027
 20
5.778528
  0
LWPOLYLINE
  5
611
330
17
100
AcDbEntity
  8
VISTA
100
AcDbPolyline
 90
5
 70
1
 10
293.889999
 20
5.78
 10
293.92
 20
5.78
 10
293.92
 20
4.02
 10
293.889999
 20
4.02
 10
293.889999
 20
5.78
  0
LWPOLYLINE
  5
612
330
17
100
AcDbEntity
  8
VISTA
100
AcDbPolyline
 90
11
 70
1
 10
293.9765
 20
0.414444
 10
293.978974
 20
0.413419
 10
293.98
 20
0.410944
 10
293.98
 20
0.342944
 10
293.978974
 20
0.34047
 10
293.9765
 20
0.339444
 10
292.9835
 20
0.339444
 10
292.981025
 20
0.34047
 10
292.98
 20
0.342944
 10
292.981025
 20
0.413419
 10
293.9765
 20
0.414444
  0
LWPOLYLINE
  5
613
330
17
100
AcDbEntity
  8
VISTA
100
AcDbPolyline
 90
4
 70
1
 10
292.981746
 20
0.412698
 10
292.981746
 20
0.413414
 10
292.98103
 20
0.412698
 10
292.981746
 20
0.412698
  0
LWPOLYLINE
  5
614
330
17
100
AcDbEntity
  8
VISTA
100
AcDbPolyline
 90
4
 70
1
 10
292.981288
 20
0.340733
 10
292.981746
 20
0.340475
 10
292.981746
 20
0.341191
 10
292.981288
 20
0.340733
  0
LWPOLYLINE
  5
615
330
17
100
AcDbEntity
  8
VISTA
100
AcDbPolyline
 90
4
 70
1
 10
292.98102734473605
 20
0.34080811094054203
 10
292.98102734473605
 20
0.3408081109405418
 10
292.981288
 20
0.340733
 10
292.98102734473605
 20
0.34080811094054203
  0
LWPOLYLINE
  5
616
330
17
100
AcDbEntity
  8
VISTA
100
AcDbPolyline
 90
4
 70
1
 10
293.97897
 20
0.412698
 10
293.978253
 20
0.413414
 10
293.978253
 20
0.412698
 10
293.97897
 20
0.412698
  0
LWPOLYLINE
  5
617
330
17
100
AcDbEntity
  8
VISTA
100
AcDbPolyline
 90
4
 70
1
 10
293.978253
 20
0.340475
 10
293.97897
 20
0.341191
 10
293.978253
 20
0.341191
 10
293.978253
 20
0.340475
  0
LWPOLYLINE
  5
618
330
17
100
AcDbEntity
  8
VISTA
100
AcDbPolyline
 90
5
 70
1
 10
293.035
 20
0.344389
 10
293.924999
 20
0.344389
 10
293.924999
 20
0.309389
 10
293.035
 20
0.309389
 10
293.035
 20
0.344389
  0
LWPOLYLINE
  5
619
330
17
100
AcDbEntity
  8
VISTA
100
AcDbPolyline
 90
5
 70
1
 10
293.9675
 20
5.78
 10
294.0025
 20
5.78
 10
294.0025
 20
4.06
 10
293.9675
 20
4.06
 10
293.9675
 20
5.78
  0
LWPOLYLINE
  5
61A
330
17
100
AcDbEntity
  8
VISTA
100
AcDbPolyline
 90
5
 70
1
 10
293.014001
 20
1.434855
 10
293.025
 20
1.435855
 10
293.026
 20
0.496724
 10
293.014001
 20
0.496724
 10
293.014001
 20
1.434855
  0
LWPOLYLINE
  5
61B
330
17
100
AcDbEntity
  8
VISTA
100
AcDbPolyline
 90
5
 70
1
 10
293.974
 20
1.434855
 10
293.984999
 20
1.435855
 10
293.985999
 20
0.496724
 10
293.974
 20
0.496724
 10
293.974
 20
1.434855
  0
LWPOLYLINE
  5
61C
330
17
100
AcDbEntity
  8
VISTA
100
AcDbPolyline
 90
5
 70
1
 10
293.025
 20
0.588333
 10
293.934999
 20
0.588333
 10
293.934999
 20
0.582333
 10
293.025
 20
0.582333
 10
293.025
 20
0.588333
  0
LWPOLYLINE
  5
61D
330
17
100
AcDbEntity
  8
VISTA
100
AcDbPolyline
 90
5
 70
1
 10
293.0307
 20
0.596667
 10
293.929999
 20
0.595967
 10
293.929299
 20
0.591667
 10
293.030205
 20
0.592367
 10
293.0307
 20
0.596667
  0
LWPOLYLINE
  5
61E
330
17
100
AcDbEntity
  8
VISTA
100
AcDbPolyline
 90
9
 70
1
 10
293.014001
 20
1.518803
 10
293.014294
 20
1.51951
 10
293.015001
 20
1.519803
 10
293.025
 20
1.519803
 10
293.025707
 20
1.51951
 10
293.026
 20
1.518803
 10
293.026
 20
0.580671
 10
293.014001
 20
0.580671
 10
293.014001
 20
1.518803
  0
LWPOLYLINE
  5
61F
330
17
100
AcDbEntity
  8
VISTA
100
AcDbPolyline
 90
4
 70
1
 10
293.0140564097421
 20
1.5188047020057305
 10
293.0140564097421
 20
1.5188047020057307
 10
293.014001
 20
1.518803
 10
293.0140564097421
 20
1.5188047020057305
  0
LWPOLYLINE
  5
620
330
17
100
AcDbEntity
  8
VISTA
100
AcDbPolyline
 90
4
 70
1
 10
293.0143904971866
 20
1.519417991054682
 10
293.0143904971866
 20
1.5194179910546821
 10
293.014294
 20
1.51951
 10
293.0143904971866
 20
1.519417991054682
  0
LWPOLYLINE
  5
621
330
17
100
AcDbEntity
  8
VISTA
100
AcDbPolyline
 90
4
 70
1
 10
293.02561050281344
 20
1.5194179910546821
 10
293.02561050281344
 20
1.519417991054682
 10
293.025707
 20
1.51951
 10
293.02561050281344
 20
1.5194179910546821
  0
LWPOLYLINE
  5
622
330
17
100
AcDbEntity
  8
VISTA
100
AcDbPolyline
 90
9
 70
1
 10
293.974
 20
1.518803
 10
293.974293
 20
1.51951
 10
293.975
 20
1.519803
 10
293.984999
 20
1.519803
 10
293.985706
 20
1.51951
 10
293.985999
 20
1.518803
 10
293.985999
 20
0.580671
 10
293.974
 20
0.580671
 10
293.974
 20
1.518803
  0
LWPOLYLINE
  5
623
330
17
100
AcDbEntity
  8
VISTA
100
AcDbPolyline
 90
4
 70
1
 10
293.9740554097421
 20
1.5188047020057305
 10
293.9740554097421
 20
1.5188047020057307
 10
293.974
 20
1.518803
 10
293.9740554097421
 20
1.5188047020057305
  0
LWPOLYLINE
  5
624
330
17
100
AcDbEntity
  8
VISTA
100
AcDbPolyline
 90
4
 70
1
 10
293.97438949718656
 20
1.519417991054682
 10
293.97438949718656
 20
1.5194179910546821
 10
293.974293
 20
1.51951
 10
293.97438949718656
 20
1.519417991054682
  0
LWPOLYLINE
  5
625
330
17
100
AcDbEntity
  8
VISTA
100
AcDbPolyline
 90
4
 70
1
 10
293.9856095028134
 20
1.5194179910546821
 10
293.9856095028134
 20
1.519417991054682
 10
293.985706
 20
1.51951
 10
293.9856095028134
 20
1.5194179910546821
  0
LWPOLYLINE
  5
626
330
17
100
AcDbEntity
  8
VISTA
100
AcDbPolyline
 90
11
 70
1
 10
293.9765
 20
0.591667
 10
293.978974
 20
0.590642
 10
293.98
 20
0.588167
 10
293.98
 20
0.520167
 10
293.978974
 20
0.517692
 10
293.9765
 20
0.516667
 10
292.9835
 20
0.516667
 10
292.981025
 20
0.517692
 10
292.98
 20
0.520167
 10
292.981025
 20
0.590642
 10
293.9765
 20
0.591667
  0
LWPOLYLINE
  5
627
330
17
100
AcDbEntity
  8
VISTA
100
AcDbPolyline
 90
4
 70
1
 10
292.981746
 20
0.58992
 10
292.981746
 20
0.590636
 10
292.98103
 20
0.58992
 10
292.981746
 20
0.58992
  0
LWPOLYLINE
  5
628
330
17
100
AcDbEntity
  8
VISTA
100
AcDbPolyline
 90
4
 70
1
 10
292.98102734840637
 20
0.5903028901171068
 10
292.981288
 20
0.590378
 10
292.98102734840637
 20
0.590302890117107
 10
292.98102734840637
 20
0.5903028901171068
  0
LWPOLYLINE
  5
629
330
17
100
AcDbEntity
  8
VISTA
100
AcDbPolyline
 90
4
 70
1
 10
292.981288
 20
0.517955
 10
292.981746
 20
0.517697
 10
292.981746
 20
0.518413
 10
292.981288
 20
0.517955
  0
LWPOLYLINE
  5
62A
330
17
100
AcDbEntity
  8
VISTA
100
AcDbPolyline
 90
4
 70
1
 10
292.98102734473605
 20
0.5180301109405421
 10
292.98102734473605
 20
0.5180301109405419
 10
292.981288
 20
0.517955
 10
292.98102734473605
 20
0.5180301109405421
  0
LWPOLYLINE
  5
62B
330
17
100
AcDbEntity
  8
VISTA
100
AcDbPolyline
 90
4
 70
1
 10
293.97897
 20
0.58992
 10
293.978253
 20
0.590636
 10
293.978253
 20
0.58992
 10
293.97897
 20
0.58992
  0
LWPOLYLINE
  5
62C
330
17
100
AcDbEntity
  8
VISTA
100
AcDbPolyline
 90
4
 70
1
 10
293.978253
 20
0.517697
 10
293.97897
 20
0.518413
 10
293.978253
 20
0.518413
 10
293.978253
 20
0.517697
  0
LWPOLYLINE
  5
62D
330
17
100
AcDbEntity
  8
VISTA
100
AcDbPolyline
 90
5
 70
1
 10
293.035
 20
0.518833
 10
293.924999
 20
0.518833
 10
293.924999
 20
0.483833
 10
293.035
 20
0.483833
 10
293.035
 20
0.518833
  0
LWPOLYLINE
  5
62E
330
17
100
AcDbEntity
  8
VISTA
100
AcDbPolyline
 90
9
 70
1
 10
294.212
 20
7.286572
 10
301.788
 20
7.286572
 10
301.790001
 20
7.284571
 10
301.790001
 20
7.233572
 10
301.788
 20
7.231571
 10
294.212
 20
7.231571
 10
294.21
 20
7.233572
 10
294.21
 20
7.284571
 10
294.212
 20
7.286572
  0
LWPOLYLINE
  5
62F
330
17
100
AcDbEntity
  8
VISTA
100
AcDbPolyline
 90
7
 70
1
 10
293.014001
 20
1.60275
 10
293.025
 20
1.60375
 10
293.026
 20
0.664618
 10
293.025
 20
0.663618
 10
293.015001
 20
0.663618
 10
293.014294
 20
0.663911
 10
293.014001
 20
1.60275
  0
LWPOLYLINE
  5
630
330
17
100
AcDbEntity
  8
VISTA
100
AcDbPolyline
 90
4
 70
1
 10
293.0143904971866
 20
0.6640030089453179
 10
293.0143904971866
 20
0.664003008945318
 10
293.014294
 20
0.663911
 10
293.0143904971866
 20
0.6640030089453179
  0
LWPOLYLINE
  5
631
330
17
100
AcDbEntity
  8
VISTA
100
AcDbPolyline
 90
7
 70
1
 10
293.974
 20
1.60275
 10
293.984999
 20
1.60375
 10
293.985999
 20
0.664618
 10
293.984999
 20
0.663618
 10
293.975
 20
0.663618
 10
293.974293
 20
0.663911
 10
293.974
 20
1.60275
  0
LWPOLYLINE
  5
632
330
17
100
AcDbEntity
  8
VISTA
100
AcDbPolyline
 90
4
 70
1
 10
293.97438949718656
 20
0.6640030089453179
 10
293.97438949718656
 20
0.664003008945318
 10
293.974293
 20
0.663911
 10
293.97438949718656
 20
0.6640030089453179
  0
LWPOLYLINE
  5
633
330
17
100
AcDbEntity
  8
VISTA
100
AcDbPolyline
 90
8
 70
1
 10
292.9775
 20
1.640175
 10
292.9792
 20
1.641875
 10
293.010799
 20
1.641875
 10
293.0125
 20
1.640175
 10
293.0125
 20
0.593159
 10
293.010799
 20
0.591459
 10
292.978216
 20
0.592188
 10
292.9775
 20
1.640175
  0
LWPOLYLINE
  5
634
330
17
100
AcDbEntity
  8
VISTA
100
AcDbPolyline
 90
4
 70
1
 10
293.012186
 20
1.6402854670658675
 10
293.011999
 20
1.640599
 10
293.012186
 20
1.6402854670658669
 10
293.012186
 20
1.6402854670658675
  0
LWPOLYLINE
  5
635
330
17
100
AcDbEntity
  8
VISTA
100
AcDbPolyline
 90
4
 70
1
 10
293.01218592229276
 20
1.6397459987330343
 10
293.0121859223553
 20
1.639746354176278
 10
293.01218592235523
 20
1.6397463541762825
 10
293.01218592229276
 20
1.6397459987330343
  0
LWPOLYLINE
  5
636
330
17
100
AcDbEntity
  8
VISTA
100
AcDbPolyline
 90
8
 70
1
 10
293.9475
 20
1.640175
 10
293.9492
 20
1.641875
 10
293.980801
 20
1.641875
 10
293.9825
 20
1.640175
 10
293.9825
 20
0.593159
 10
293.980801
 20
0.591459
 10
293.948216
 20
0.592188
 10
293.9475
 20
1.640175
  0
LWPOLYLINE
  5
637
330
17
100
AcDbEntity
  8
VISTA
100
AcDbPolyline
 90
4
 70
1
 10
293.982186
 20
1.6402854670658675
 10
293.981999
 20
1.640599
 10
293.982186
 20
1.6402854670658669
 10
293.982186
 20
1.6402854670658675
  0
LWPOLYLINE
  5
638
330
17
100
AcDbEntity
  8
VISTA
100
AcDbPolyline
 90
4
 70
1
 10
293.9821859222928
 20
1.6397459987330343
 10
293.98218592235526
 20
1.639746354176278
 10
293.98218592235526
 20
1.6397463541762825
 10
293.9821859222928
 20
1.6397459987330343
  0
LWPOLYLINE
  5
639
330
17
100
AcDbEntity
  8
VISTA
100
AcDbPolyline
 90
5
 70
1
 10
293.025
 20
0.762778
 10
293.934999
 20
0.762778
 10
293.934999
 20
0.756778
 10
293.025
 20
0.756778
 10
293.025
 20
0.762778
  0
LWPOLYLINE
  5
63A
330
17
100
AcDbEntity
  8
VISTA
100
AcDbPolyline
 90
5
 70
1
 10
293.0307
 20
0.773889
 10
293.929999
 20
0.773189
 10
293.929299
 20
0.768889
 10
293.030205
 20
0.769589
 10
293.0307
 20
0.773889
  0
LWPOLYLINE
  5
63B
330
17
100
AcDbEntity
  8
VISTA
100
AcDbPolyline
 90
9
 70
1
 10
293.014001
 20
1.686697
 10
293.014294
 20
1.687405
 10
293.015001
 20
1.687697
 10
293.025
 20
1.687697
 10
293.025707
 20
1.687405
 10
293.026
 20
1.686697
 10
293.026
 20
0.748566
 10
293.014001
 20
0.748566
 10
293.014001
 20
1.686697
  0
LWPOLYLINE
  5
63C
330
17
100
AcDbEntity
  8
VISTA
100
AcDbPolyline
 90
4
 70
1
 10
293.0143904971866
 20
1.6873129910546818
 10
293.0143904971866
 20
1.687312991054682
 10
293.014294
 20
1.687405
 10
293.0143904971866
 20
1.6873129910546818
  0
LWPOLYLINE
  5
63D
330
17
100
AcDbEntity
  8
VISTA
100
AcDbPolyline
 90
4
 70
1
 10
293.02561050281344
 20
1.687312991054682
 10
293.02561050281344
 20
1.6873129910546818
 10
293.025707
 20
1.687405
 10
293.02561050281344
 20
1.687312991054682
  0
LWPOLYLINE
  5
63E
330
17
100
AcDbEntity
  8
VISTA
100
AcDbPolyline
 90
9
 70
1
 10
293.974
 20
1.686697
 10
293.974293
 20
1.687405
 10
293.975
 20
1.687697
 10
293.984999
 20
1.687697
 10
293.985706
 20
1.687405
 10
293.985999
 20
1.686697
 10
293.985999
 20
0.748566
 10
293.974
 20
0.748566
 10
293.974
 20
1.686697
  0
LWPOLYLINE
  5
63F
330
17
100
AcDbEntity
  8
VISTA
100
AcDbPolyline
 90
4
 70
1
 10
293.97438949718656
 20
1.6873129910546818
 10
293.97438949718656
 20
1.687312991054682
 10
293.974293
 20
1.687405
 10
293.97438949718656
 20
1.6873129910546818
  0
LWPOLYLINE
  5
640
330
17
100
AcDbEntity
  8
VISTA
100
AcDbPolyline
 90
4
 70
1
 10
293.9856095028134
 20
1.687312991054682
 10
293.9856095028134
 20
1.6873129910546818
 10
293.985706
 20
1.687405
 10
293.9856095028134
 20
1.687312991054682
  0
LWPOLYLINE
  5
641
330
17
100
AcDbEntity
  8
VISTA
100
AcDbPolyline
 90
11
 70
1
 10
293.9765
 20
0.768889
 10
293.978974
 20
0.767864
 10
293.98
 20
0.765389
 10
293.98
 20
0.697389
 10
293.978974
 20
0.694914
 10
293.9765
 20
0.693889
 10
292.9835
 20
0.693889
 10
292.981025
 20
0.694914
 10
292.98
 20
0.697389
 10
292.981025
 20
0.767864
 10
293.9765
 20
0.768889
  0
LWPOLYLINE
  5
642
330
17
100
AcDbEntity
  8
VISTA
100
AcDbPolyline
 90
4
 70
1
 10
292.981746
 20
0.767142
 10
292.981746
 20
0.767859
 10
292.98103
 20
0.767142
 10
292.981746
 20
0.767142
  0
LWPOLYLINE
  5
643
330
17
100
AcDbEntity
  8
VISTA
100
AcDbPolyline
 90
4
 70
1
 10
292.981288
 20
0.695177
 10
292.981746
 20
0.694919
 10
292.981746
 20
0.695635
 10
292.981288
 20
0.695177
  0
LWPOLYLINE
  5
644
330
17
100
AcDbEntity
  8
VISTA
100
AcDbPolyline
 90
4
 70
1
 10
293.97897
 20
0.767142
 10
293.978253
 20
0.767859
 10
293.978253
 20
0.767142
 10
293.97897
 20
0.767142
  0
LWPOLYLINE
  5
645
330
17
100
AcDbEntity
  8
VISTA
100
AcDbPolyline
 90
4
 70
1
 10
293.9789721238078
 20
0.7675253473080206
 10
293.978711
 20
0.767601
 10
293.9789721238078
 20
0.7675253473080205
 10
293.9789721238078
 20
0.7675253473080206
  0
LWPOLYLINE
  5
646
330
17
100
AcDbEntity
  8
VISTA
100
AcDbPolyline
 90
4
 70
1
 10
293.978253
 20
0.694919
 10
293.97897
 20
0.695635
 10
293.978253
 20
0.695635
 10
293.978253
 20
0.694919
  0
LWPOLYLINE
  5
647
330
17
100
AcDbEntity
  8
VISTA
100
AcDbPolyline
 90
5
 70
1
 10
293.035
 20
0.693278
 10
293.924999
 20
0.693278
 10
293.924999
 20
0.658278
 10
293.035
 20
0.658278
 10
293.035
 20
0.693278
  0
LWPOLYLINE
  5
648
330
17
100
AcDbEntity
  8
VISTA
100
AcDbPolyline
 90
5
 70
1
 10
293.014001
 20
1.770645
 10
293.025
 20
1.771645
 10
293.026
 20
0.832513
 10
293.014001
 20
0.832513
 10
293.014001
 20
1.770645
  0
LWPOLYLINE
  5
649
330
17
100
AcDbEntity
  8
VISTA
100
AcDbPolyline
 90
5
 70
1
 10
293.974
 20
1.770645
 10
293.984999
 20
1.771645
 10
293.985999
 20
0.832513
 10
293.974
 20
0.832513
 10
293.974
 20
1.770645
  0
LWPOLYLINE
  5
64A
330
17
100
AcDbEntity
  8
VISTA
100
AcDbPolyline
 90
5
 70
1
 10
293.025
 20
0.937222
 10
293.934999
 20
0.937222
 10
293.934999
 20
0.931222
 10
293.025
 20
0.931222
 10
293.025
 20
0.937222
  0
LWPOLYLINE
  5
64B
330
17
100
AcDbEntity
  8
VISTA
100
AcDbPolyline
 90
5
 70
1
 10
293.0307
 20
0.951111
 10
293.929999
 20
0.950411
 10
293.929299
 20
0.946111
 10
293.030205
 20
0.946811
 10
293.0307
 20
0.951111
  0
LWPOLYLINE
  5
64C
330
17
100
AcDbEntity
  8
VISTA
100
AcDbPolyline
 90
7
 70
1
 10
293.014001
 20
1.854592
 10
293.025
 20
1.855592
 10
293.026
 20
0.916461
 10
293.025
 20
0.91546
 10
293.015001
 20
0.91546
 10
293.014294
 20
0.915753
 10
293.014001
 20
1.854592
  0
LWPOLYLINE
  5
64D
330
17
100
AcDbEntity
  8
VISTA
100
AcDbPolyline
 90
4
 70
1
 10
293.0143904971866
 20
0.9158450089453178
 10
293.0143904971866
 20
0.915845008945318
 10
293.014294
 20
0.915753
 10
293.0143904971866
 20
0.9158450089453178
  0
LWPOLYLINE
  5
64E
330
17
100
AcDbEntity
  8
VISTA
100
AcDbPolyline
 90
7
 70
1
 10
293.974
 20
1.854592
 10
293.984999
 20
1.855592
 10
293.985999
 20
0.916461
 10
293.984999
 20
0.91546
 10
293.975
 20
0.91546
 10
293.974293
 20
0.915753
 10
293.974
 20
1.854592
  0
LWPOLYLINE
  5
64F
330
17
100
AcDbEntity
  8
VISTA
100
AcDbPolyline
 90
4
 70
1
 10
293.97438949718656
 20
0.9158450089453178
 10
293.97438949718656
 20
0.915845008945318
 10
293.974293
 20
0.915753
 10
293.97438949718656
 20
0.9158450089453178
  0
LWPOLYLINE
  5
650
330
17
100
AcDbEntity
  8
VISTA
100
AcDbPolyline
 90
11
 70
1
 10
293.9765
 20
0.946111
 10
293.978974
 20
0.945086
 10
293.98
 20
0.942611
 10
293.98
 20
0.874611
 10
293.978974
 20
0.872136
 10
293.9765
 20
0.871111
 10
292.9835
 20
0.871111
 10
292.981025
 20
0.872136
 10
292.98
 20
0.874611
 10
292.981025
 20
0.945086
 10
293.9765
 20
0.946111
  0
LWPOLYLINE
  5
651
330
17
100
AcDbEntity
  8
VISTA
100
AcDbPolyline
 90
4
 70
1
 10
292.981746
 20
0.944365
 10
292.981746
 20
0.945081
 10
292.98103
 20
0.944365
 10
292.981746
 20
0.944365
  0
LWPOLYLINE
  5
652
330
17
100
AcDbEntity
  8
VISTA
100
AcDbPolyline
 90
4
 70
1
 10
292.981027347546
 20
0.9447474838684642
 10
292.981288
 20
0.944823
 10
292.981027347546
 20
0.9447474838684643
 10
292.981027347546
 20
0.9447474838684642
  0
LWPOLYLINE
  5
653
330
17
100
AcDbEntity
  8
VISTA
100
AcDbPolyline
 90
4
 70
1
 10
292.981288
 20
0.872399
 10
292.981746
 20
0.872141
 10
292.981746
 20
0.872858
 10
292.981288
 20
0.872399
  0
LWPOLYLINE
  5
654
330
17
100
AcDbEntity
  8
VISTA
100
AcDbPolyline
 90
4
 70
1
 10
293.97897
 20
0.944365
 10
293.978253
 20
0.945081
 10
293.978253
 20
0.944365
 10
293.97897
 20
0.944365
  0
LWPOLYLINE
  5
655
330
17
100
AcDbEntity
  8
VISTA
100
AcDbPolyline
 90
4
 70
1
 10
293.978253
 20
0.872141
 10
293.97897
 20
0.872858
 10
293.978253
 20
0.872858
 10
293.978253
 20
0.872141
  0
LWPOLYLINE
  5
656
330
17
100
AcDbEntity
  8
VISTA
100
AcDbPolyline
 90
4
 70
1
 10
293.9789721238078
 20
0.8724746526919795
 10
293.978711
 20
0.872399
 10
293.9789721238078
 20
0.8724746526919794
 10
293.9789721238078
 20
0.8724746526919795
  0
LWPOLYLINE
  5
657
330
17
100
AcDbEntity
  8
VISTA
100
AcDbPolyline
 90
5
 70
1
 10
293.035
 20
0.867722
 10
293.924999
 20
0.867722
 10
293.924999
 20
0.832722
 10
293.035
 20
0.832722
 10
293.035
 20
0.867722
  0
LWPOLYLINE
  5
658
330
17
100
AcDbEntity
  8
VISTA
100
AcDbPolyline
 90
9
 70
1
 10
293.014001
 20
1.938539
 10
293.014294
 20
1.939247
 10
293.015001
 20
1.939539
 10
293.025
 20
1.939539
 10
293.025707
 20
1.939247
 10
293.026
 20
1.938539
 10
293.026
 20
1.000408
 10
293.014001
 20
1.000408
 10
293.014001
 20
1.938539
  0
LWPOLYLINE
  5
659
330
17
100
AcDbEntity
  8
VISTA
100
AcDbPolyline
 90
4
 70
1
 10
293.0143904971866
 20
1.939154991054682
 10
293.0143904971866
 20
1.9391549910546821
 10
293.014294
 20
1.939247
 10
293.0143904971866
 20
1.939154991054682
  0
LWPOLYLINE
  5
65A
330
17
100
AcDbEntity
  8
VISTA
100
AcDbPolyline
 90
4
 70
1
 10
293.02561050281344
 20
1.9391549910546821
 10
293.02561050281344
 20
1.939154991054682
 10
293.025707
 20
1.939247
 10
293.02561050281344
 20
1.9391549910546821
  0
LWPOLYLINE
  5
65B
330
17
100
AcDbEntity
  8
VISTA
100
AcDbPolyline
 90
9
 70
1
 10
293.974
 20
1.938539
 10
293.974293
 20
1.939247
 10
293.975
 20
1.939539
 10
293.984999
 20
1.939539
 10
293.985706
 20
1.939247
 10
293.985999
 20
1.938539
 10
293.985999
 20
1.000408
 10
293.974
 20
1.000408
 10
293.974
 20
1.938539
  0
LWPOLYLINE
  5
65C
330
17
100
AcDbEntity
  8
VISTA
100
AcDbPolyline
 90
4
 70
1
 10
293.97438949718656
 20
1.939154991054682
 10
293.97438949718656
 20
1.9391549910546821
 10
293.974293
 20
1.939247
 10
293.97438949718656
 20
1.939154991054682
  0
LWPOLYLINE
  5
65D
330
17
100
AcDbEntity
  8
VISTA
100
AcDbPolyline
 90
4
 70
1
 10
293.9856095028134
 20
1.9391549910546821
 10
293.9856095028134
 20
1.939154991054682
 10
293.985706
 20
1.939247
 10
293.9856095028134
 20
1.9391549910546821
  0
LWPOLYLINE
  5
65E
330
17
100
AcDbEntity
  8
VISTA
100
AcDbPolyline
 90
5
 70
1
 10
293.025
 20
1.111667
 10
293.934999
 20
1.111667
 10
293.934999
 20
1.105667
 10
293.025
 20
1.105667
 10
293.025
 20
1.111667
  0
LWPOLYLINE
  5
65F
330
17
100
AcDbEntity
  8
VISTA
100
AcDbPolyline
 90
5
 70
1
 10
293.0307
 20
1.128333
 10
293.929999
 20
1.127633
 10
293.929299
 20
1.123333
 10
293.030205
 20
1.124033
 10
293.0307
 20
1.128333
  0
LWPOLYLINE
  5
660
330
17
100
AcDbEntity
  8
VISTA
100
AcDbPolyline
 90
5
 70
1
 10
293.014001
 20
2.022487
 10
293.025
 20
2.023487
 10
293.026
 20
1.084355
 10
293.014001
 20
1.084355
 10
293.014001
 20
2.022487
  0
LWPOLYLINE
  5
661
330
17
100
AcDbEntity
  8
VISTA
100
AcDbPolyline
 90
5
 70
1
 10
293.974
 20
2.022487
 10
293.984999
 20
2.023487
 10
293.985999
 20
1.084355
 10
293.974
 20
1.084355
 10
293.974
 20
2.022487
  0
LWPOLYLINE
  5
662
330
17
100
AcDbEntity
  8
VISTA
100
AcDbPolyline
 90
11
 70
1
 10
293.9765
 20
1.123333
 10
293.978974
 20
1.122308
 10
293.98
 20
1.119833
 10
293.98
 20
1.051833
 10
293.978974
 20
1.049358
 10
293.9765
 20
1.048333
 10
292.9835
 20
1.048333
 10
292.981025
 20
1.049358
 10
292.98
 20
1.051833
 10
292.981025
 20
1.122308
 10
293.9765
 20
1.123333
  0
LWPOLYLINE
  5
663
330
17
100
AcDbEntity
  8
VISTA
100
AcDbPolyline
 90
4
 70
1
 10
292.981746
 20
1.121587
 10
292.981746
 20
1.122303
 10
292.98103
 20
1.121587
 10
292.981746
 20
1.121587
  0
LWPOLYLINE
  5
664
330
17
100
AcDbEntity
  8
VISTA
100
AcDbPolyline
 90
4
 70
1
 10
292.981288
 20
1.049622
 10
292.981746
 20
1.049363
 10
292.981746
 20
1.05008
 10
292.981288
 20
1.049622
  0
LWPOLYLINE
  5
665
330
17
100
AcDbEntity
  8
VISTA
100
AcDbPolyline
 90
4
 70
1
 10
293.97897
 20
1.121587
 10
293.978253
 20
1.122303
 10
293.978253
 20
1.121587
 10
293.97897
 20
1.121587
  0
LWPOLYLINE
  5
666
330
17
100
AcDbEntity
  8
VISTA
100
AcDbPolyline
 90
4
 70
1
 10
293.978253
 20
1.049363
 10
293.97897
 20
1.05008
 10
293.978253
 20
1.05008
 10
293.978253
 20
1.049363
  0
LWPOLYLINE
  5
667
330
17
100
AcDbEntity
  8
VISTA
100
AcDbPolyline
 90
5
 70
1
 10
293.035
 20
1.042167
 10
293.924999
 20
1.042167
 10
293.924999
 20
1.007167
 10
293.035
 20
1.007167
 10
293.035
 20
1.042167
  0
LWPOLYLINE
  5
668
330
17
100
AcDbEntity
  8
VISTA
100
AcDbPolyline
 90
5
 70
1
 10
293.014001
 20
2.106434
 10
293.025
 20
2.107434
 10
293.026
 20
1.168303
 10
293.014001
 20
1.168303
 10
293.014001
 20
2.106434
  0
LWPOLYLINE
  5
669
330
17
100
AcDbEntity
  8
VISTA
100
AcDbPolyline
 90
5
 70
1
 10
293.974
 20
2.106434
 10
293.984999
 20
2.107434
 10
293.985999
 20
1.168303
 10
293.974
 20
1.168303
 10
293.974
 20
2.106434
  0
LWPOLYLINE
  5
66A
330
17
100
AcDbEntity
  8
VISTA
100
AcDbPolyline
 90
8
 70
1
 10
292.9775
 20
2.171841
 10
292.9792
 20
2.173541
 10
293.010799
 20
2.173541
 10
293.0125
 20
2.171841
 10
293.0125
 20
1.124825
 10
293.010799
 20
1.123125
 10
292.978216
 20
1.123855
 10
292.9775
 20
2.171841
  0
LWPOLYLINE
  5
66B
330
17
100
AcDbEntity
  8
VISTA
100
AcDbPolyline
 90
4
 70
1
 10
293.01170119542473
 20
2.1719427205097137
 10
293.011784
 20
2.17186
 10
293.01170119542473
 20
2.1719427205097146
 10
293.01170119542473
 20
2.1719427205097137
  0
LWPOLYLINE
  5
66C
330
17
100
AcDbEntity
  8
VISTA
100
AcDbPolyline
 90
8
 70
1
 10
293.9475
 20
2.171841
 10
293.9492
 20
2.173541
 10
293.980801
 20
2.173541
 10
293.9825
 20
2.171841
 10
293.9825
 20
1.124825
 10
293.980801
 20
1.123125
 10
293.948216
 20
1.123855
 10
293.9475
 20
2.171841
  0
LWPOLYLINE
  5
66D
330
17
100
AcDbEntity
  8
VISTA
100
AcDbPolyline
 90
5
 70
1
 10
293.025
 20
1.286111
 10
293.934999
 20
1.286111
 10
293.934999
 20
1.280111
 10
293.025
 20
1.280111
 10
293.025
 20
1.286111
  0
LWPOLYLINE
  5
66E
330
17
100
AcDbEntity
  8
VISTA
100
AcDbPolyline
 90
5
 70
1
 10
293.0307
 20
1.305556
 10
293.929999
 20
1.304856
 10
293.929299
 20
1.300556
 10
293.030205
 20
1.301256
 10
293.0307
 20
1.305556
  0
LWPOLYLINE
  5
66F
330
17
100
AcDbEntity
  8
VISTA
100
AcDbPolyline
 90
5
 70
1
 10
293.014001
 20
2.190382
 10
293.025
 20
2.191382
 10
293.026
 20
1.25225
 10
293.014001
 20
1.25225
 10
293.014001
 20
2.190382
  0
LWPOLYLINE
  5
670
330
17
100
AcDbEntity
  8
VISTA
100
AcDbPolyline
 90
5
 70
1
 10
293.974
 20
2.190382
 10
293.984999
 20
2.191382
 10
293.985999
 20
1.25225
 10
293.974
 20
1.25225
 10
293.974
 20
2.190382
  0
LWPOLYLINE
  5
671
330
17
100
AcDbEntity
  8
VISTA
100
AcDbPolyline
 90
11
 70
1
 10
293.9765
 20
1.300556
 10
293.978974
 20
1.29953
 10
293.98
 20
1.297056
 10
293.98
 20
1.229056
 10
293.978974
 20
1.226581
 10
293.9765
 20
1.225556
 10
292.9835
 20
1.225556
 10
292.981025
 20
1.226581
 10
292.98
 20
1.229056
 10
292.981025
 20
1.29953
 10
293.9765
 20
1.300556
  0
LWPOLYLINE
  5
672
330
17
100
AcDbEntity
  8
VISTA
100
AcDbPolyline
 90
4
 70
1
 10
292.981746
 20
1.298809
 10
292.981746
 20
1.299525
 10
292.98103
 20
1.298809
 10
292.981746
 20
1.298809
  0
LWPOLYLINE
  5
673
330
17
100
AcDbEntity
  8
VISTA
100
AcDbPolyline
 90
4
 70
1
 10
292.981288
 20
1.226844
 10
292.981746
 20
1.226586
 10
292.981746
 20
1.227302
 10
292.981288
 20
1.226844
  0
LWPOLYLINE
  5
674
330
17
100
AcDbEntity
  8
VISTA
100
AcDbPolyline
 90
4
 70
1
 10
292.98102734473605
 20
1.226919110940542
 10
292.98102734473605
 20
1.2269191109405417
 10
292.981288
 20
1.226844
 10
292.98102734473605
 20
1.226919110940542
  0
LWPOLYLINE
  5
675
330
17
100
AcDbEntity
  8
VISTA
100
AcDbPolyline
 90
4
 70
1
 10
293.97897
 20
1.298809
 10
293.978253
 20
1.299525
 10
293.978253
 20
1.298809
 10
293.97897
 20
1.298809
  0
LWPOLYLINE
  5
676
330
17
100
AcDbEntity
  8
VISTA
100
AcDbPolyline
 90
4
 70
1
 10
293.978253
 20
1.226586
 10
293.97897
 20
1.227302
 10
293.978253
 20
1.227302
 10
293.978253
 20
1.226586
  0
LWPOLYLINE
  5
677
330
17
100
AcDbEntity
  8
VISTA
100
AcDbPolyline
 90
5
 70
1
 10
293.035
 20
1.216611
 10
293.924999
 20
1.216611
 10
293.924999
 20
1.181611
 10
293.035
 20
1.181611
 10
293.035
 20
1.216611
  0
LWPOLYLINE
  5
678
330
17
100
AcDbEntity
  8
VISTA
100
AcDbPolyline
 90
5
 70
1
 10
301.616915
 20
6.644414
 10
301.616915
 20
6.605586
 10
301.583086
 20
6.605586
 10
301.583086
 20
6.644414
 10
301.616915
 20
6.644414
  0
LWPOLYLINE
  5
679
330
17
100
AcDbEntity
  8
VISTA
100
AcDbPolyline
 90
9
 70
1
 10
294.212
 20
7.435857
 10
301.788
 20
7.435857
 10
301.790001
 20
7.433857
 10
301.790001
 20
7.382857
 10
301.788
 20
7.380857
 10
294.212
 20
7.380857
 10
294.21
 20
7.382857
 10
294.21
 20
7.433857
 10
294.212
 20
7.435857
  0
LWPOLYLINE
  5
67A
330
17
100
AcDbEntity
  8
VISTA
100
AcDbPolyline
 90
7
 70
1
 10
293.014001
 20
2.274329
 10
293.025
 20
2.275329
 10
293.026
 20
1.336197
 10
293.025
 20
1.335197
 10
293.015001
 20
1.335197
 10
293.014294
 20
1.33549
 10
293.014001
 20
2.274329
  0
LWPOLYLINE
  5
67B
330
17
100
AcDbEntity
  8
VISTA
100
AcDbPolyline
 90
4
 70
1
 10
293.0143904971866
 20
1.3355820089453179
 10
293.0143904971866
 20
1.335582008945318
 10
293.014294
 20
1.33549
 10
293.0143904971866
 20
1.3355820089453179
  0
LWPOLYLINE
  5
67C
330
17
100
AcDbEntity
  8
VISTA
100
AcDbPolyline
 90
7
 70
1
 10
293.974
 20
2.274329
 10
293.984999
 20
2.275329
 10
293.985999
 20
1.336197
 10
293.984999
 20
1.335197
 10
293.975
 20
1.335197
 10
293.974293
 20
1.33549
 10
293.974
 20
2.274329
  0
LWPOLYLINE
  5
67D
330
17
100
AcDbEntity
  8
VISTA
100
AcDbPolyline
 90
4
 70
1
 10
293.97438949718656
 20
1.3355820089453179
 10
293.97438949718656
 20
1.335582008945318
 10
293.974293
 20
1.33549
 10
293.97438949718656
 20
1.3355820089453179
  0
LWPOLYLINE
  5
67E
330
17
100
AcDbEntity
  8
VISTA
100
AcDbPolyline
 90
5
 70
1
 10
293.025
 20
1.460556
 10
293.934999
 20
1.460556
 10
293.934999
 20
1.454556
 10
293.025
 20
1.454556
 10
293.025
 20
1.460556
  0
LWPOLYLINE
  5
67F
330
17
100
AcDbEntity
  8
VISTA
100
AcDbPolyline
 90
5
 70
1
 10
293.0307
 20
1.482778
 10
293.929999
 20
1.482078
 10
293.929299
 20
1.477778
 10
293.030205
 20
1.478478
 10
293.0307
 20
1.482778
  0
LWPOLYLINE
  5
680
330
17
100
AcDbEntity
  8
VISTA
100
AcDbPolyline
 90
5
 70
1
 10
293.014001
 20
2.358276
 10
293.025
 20
2.359276
 10
293.026
 20
1.420145
 10
293.014001
 20
1.420145
 10
293.014001
 20
2.358276
  0
LWPOLYLINE
  5
681
330
17
100
AcDbEntity
  8
VISTA
100
AcDbPolyline
 90
5
 70
1
 10
293.974
 20
2.358276
 10
293.984999
 20
2.359276
 10
293.985999
 20
1.420145
 10
293.974
 20
1.420145
 10
293.974
 20
2.358276
  0
LWPOLYLINE
  5
682
330
17
100
AcDbEntity
  8
VISTA
100
AcDbPolyline
 90
11
 70
1
 10
293.9765
 20
1.477778
 10
293.978974
 20
1.476753
 10
293.98
 20
1.474278
 10
293.98
 20
1.406278
 10
293.978974
 20
1.403803
 10
293.9765
 20
1.402778
 10
292.9835
 20
1.402778
 10
292.981025
 20
1.403803
 10
292.98
 20
1.406278
 10
292.981025
 20
1.476753
 10
293.9765
 20
1.477778
  0
LWPOLYLINE
  5
683
330
17
100
AcDbEntity
  8
VISTA
100
AcDbPolyline
 90
4
 70
1
 10
292.981746
 20
1.476031
 10
292.981746
 20
1.476748
 10
292.98103
 20
1.476031
 10
292.981746
 20
1.476031
  0
LWPOLYLINE
  5
684
330
17
100
AcDbEntity
  8
VISTA
100
AcDbPolyline
 90
4
 70
1
 10
292.981288
 20
1.404066
 10
292.981746
 20
1.403808
 10
292.981746
 20
1.404524
 10
292.981288
 20
1.404066
  0
LWPOLYLINE
  5
685
330
17
100
AcDbEntity
  8
VISTA
100
AcDbPolyline
 90
4
 70
1
 10
293.97897
 20
1.476031
 10
293.978253
 20
1.476748
 10
293.978253
 20
1.476031
 10
293.97897
 20
1.476031
  0
LWPOLYLINE
  5
686
330
17
100
AcDbEntity
  8
VISTA
100
AcDbPolyline
 90
4
 70
1
 10
293.978253
 20
1.403808
 10
293.97897
 20
1.404524
 10
293.978253
 20
1.404524
 10
293.978253
 20
1.403808
  0
LWPOLYLINE
  5
687
330
17
100
AcDbEntity
  8
VISTA
100
AcDbPolyline
 90
5
 70
1
 10
293.035
 20
1.391056
 10
293.924999
 20
1.391056
 10
293.924999
 20
1.356055
 10
293.035
 20
1.356055
 10
293.035
 20
1.391056
  0
LWPOLYLINE
  5
688
330
17
100
AcDbEntity
  8
VISTA
100
AcDbPolyline
 90
5
 70
1
 10
293.014001
 20
2.442224
 10
293.025
 20
2.443224
 10
293.026
 20
1.504092
 10
293.014001
 20
1.504092
 10
293.014001
 20
2.442224
  0
LWPOLYLINE
  5
689
330
17
100
AcDbEntity
  8
VISTA
100
AcDbPolyline
 90
5
 70
1
 10
293.974
 20
2.442224
 10
293.984999
 20
2.443224
 10
293.985999
 20
1.504092
 10
293.974
 20
1.504092
 10
293.974
 20
2.442224
  0
LWPOLYLINE
  5
68A
330
17
100
AcDbEntity
  8
VISTA
100
AcDbPolyline
 90
5
 70
1
 10
293.025
 20
1.635
 10
293.934999
 20
1.635
 10
293.934999
 20
1.629
 10
293.025
 20
1.629
 10
293.025
 20
1.635
  0
LWPOLYLINE
  5
68B
330
17
100
AcDbEntity
  8
VISTA
100
AcDbPolyline
 90
7
 70
1
 10
293.014001
 20
2.526171
 10
293.025
 20
2.527171
 10
293.026
 20
1.58804
 10
293.025
 20
1.587039
 10
293.015001
 20
1.587039
 10
293.014294
 20
1.587332
 10
293.014001
 20
2.526171
  0
LWPOLYLINE
  5
68C
330
17
100
AcDbEntity
  8
VISTA
100
AcDbPolyline
 90
4
 70
1
 10
293.0143904971866
 20
1.587424008945318
 10
293.0143904971866
 20
1.5874240089453182
 10
293.014294
 20
1.587332
 10
293.0143904971866
 20
1.587424008945318
  0
LWPOLYLINE
  5
68D
330
17
100
AcDbEntity
  8
VISTA
100
AcDbPolyline
 90
7
 70
1
 10
293.974
 20
2.526171
 10
293.984999
 20
2.527171
 10
293.985999
 20
1.58804
 10
293.984999
 20
1.587039
 10
293.975
 20
1.587039
 10
293.974293
 20
1.587332
 10
293.974
 20
2.526171
  0
LWPOLYLINE
  5
68E
330
17
100
AcDbEntity
  8
VISTA
100
AcDbPolyline
 90
4
 70
1
 10
293.97438949718656
 20
1.587424008945318
 10
293.97438949718656
 20
1.5874240089453182
 10
293.974293
 20
1.587332
 10
293.97438949718656
 20
1.587424008945318
  0
LWPOLYLINE
  5
68F
330
17
100
AcDbEntity
  8
VISTA
100
AcDbPolyline
 90
5
 70
1
 10
293.0307
 20
1.66
 10
293.929999
 20
1.6593
 10
293.929299
 20
1.655
 10
293.030205
 20
1.6557
 10
293.0307
 20
1.66
  0
LWPOLYLINE
  5
690
330
17
100
AcDbEntity
  8
VISTA
100
AcDbPolyline
 90
5
 70
1
 10
302.299999
 20
7.037082
 10
293.7
 20
7.037082
 10
293.7
 20
8.170327
 10
302.299999
 20
8.16954
 10
302.299999
 20
7.037082
  0
LWPOLYLINE
  5
691
330
17
100
AcDbEntity
  8
VISTA
100
AcDbPolyline
 90
17
 70
1
 10
301.5
 20
8.032637
 10
301.422413
 20
8.028014
 10
301.393209
 20
8.022661
 10
301.37446
 20
8.015915
 10
301.3683515705021
 20
8.008843027211338
 10
301.37446
 20
8.001772
 10
301.393209
 20
7.995025
 10
301.422413
 20
7.989672
 10
301.5
 20
7.98505
 10
301.577587
 20
7.989672
 10
301.606791
 20
7.995025
 10
301.62554
 20
8.001772
 10
301.6316484294979
 20
8.00884302721134
 10
301.62554
 20
8.015915
 10
301.606791
 20
8.022661
 10
301.540791
 20
8.031452
 10
301.5
 20
8.032637
  0
LWPOLYLINE
  5
692
330
17
100
AcDbEntity
  8
VISTA
100
AcDbPolyline
 90
21
 70
1
 10
301.651287
 20
8.056931
 10
301.677847
 20
8.066489
 10
301.6866487922881
 20
8.0766765
 10
301.677847
 20
8.086864
 10
301.651287
 20
8.096421
 10
301.609917
 20
8.104006
 10
301.557787
 20
8.108875
 10
301.5
 20
8.110553
 10
301.442213
 20
8.108875
 10
301.390083
 20
8.104006
 10
301.348713
 20
8.096421
 10
301.322153
 20
8.086864
 10
301.3133512077119
 20
8.0766765
 10
301.322153
 20
8.066489
 10
301.348713
 20
8.056931
 10
301.390083
 20
8.049347
 10
301.442213
 20
8.044477
 10
301.5
 20
8.0428
 10
301.557787
 20
8.044477
 10
301.609917
 20
8.049347
 10
301.651287
 20
8.056931
  0
LWPOLYLINE
  5
693
330
17
100
AcDbEntity
  8
VISTA
100
AcDbPolyline
 90
11
 70
1
 10
293.9765
 20
1.655
 10
293.978974
 20
1.653975
 10
293.98
 20
1.6515
 10
293.98
 20
1.5835
 10
293.978974
 20
1.581025
 10
293.9765
 20
1.58
 10
292.9835
 20
1.58
 10
292.981025
 20
1.581025
 10
292.98
 20
1.5835
 10
292.981025
 20
1.653975
 10
293.9765
 20
1.655
  0
LWPOLYLINE
  5
694
330
17
100
AcDbEntity
  8
VISTA
100
AcDbPolyline
 90
4
 70
1
 10
292.981746
 20
1.653254
 10
292.981746
 20
1.65397
 10
292.98103
 20
1.653254
 10
292.981746
 20
1.653254
  0
LWPOLYLINE
  5
695
330
17
100
AcDbEntity
  8
VISTA
100
AcDbPolyline
 90
4
 70
1
 10
292.981288
 20
1.581288
 10
292.981746
 20
1.58103
 10
292.981746
 20
1.581746
 10
292.981288
 20
1.581288
  0
LWPOLYLINE
  5
696
330
17
100
AcDbEntity
  8
VISTA
100
AcDbPolyline
 90
4
 70
1
 10
293.97897
 20
1.653254
 10
293.978253
 20
1.65397
 10
293.978253
 20
1.653254
 10
293.97897
 20
1.653254
  0
LWPOLYLINE
  5
697
330
17
100
AcDbEntity
  8
VISTA
100
AcDbPolyline
 90
4
 70
1
 10
293.978253
 20
1.58103
 10
293.97897
 20
1.581746
 10
293.978253
 20
1.581746
 10
293.978253
 20
1.58103
  0
LWPOLYLINE
  5
698
330
17
100
AcDbEntity
  8
VISTA
100
AcDbPolyline
 90
5
 70
1
 10
293.035
 20
1.5655
 10
293.924999
 20
1.5655
 10
293.924999
 20
1.5305
 10
293.035
 20
1.5305
 10
293.035
 20
1.5655
  0
LWPOLYLINE
  5
699
330
17
100
AcDbEntity
  8
VISTA
100
AcDbPolyline
 90
5
 70
1
 10
302.299999
 20
6.95118
 10
293.7
 20
6.95118
 10
293.7
 20
8.162328
 10
302.299999
 20
8.162328
 10
302.299999
 20
6.95118
  0
LWPOLYLINE
  5
69A
330
17
100
AcDbEntity
  8
VISTA
100
AcDbPolyline
 90
9
 70
1
 10
293.926499
 20
5.821
 10
294.045815
 20
5.820262
 10
294.0475
 20
5.817
 10
294.046762
 20
5.740685
 10
294.0435
 20
5.739
 10
293.924184
 20
5.739738
 10
293.9225
 20
5.743
 10
293.923238
 20
5.819316
 10
293.926499
 20
5.821
  0
LWPOLYLINE
  5
69B
330
17
100
AcDbEntity
  8
VISTA
100
AcDbPolyline
 90
4
 70
1
 10
293.924191
 20
5.81931
 10
293.924705
 20
5.819528
 10
293.923972
 20
5.819528
 10
293.924191
 20
5.81931
  0
LWPOLYLINE
  5
69C
330
17
100
AcDbEntity
  8
VISTA
100
AcDbPolyline
 90
4
 70
1
 10
293.924191
 20
5.740691
 10
293.923972
 20
5.741206
 10
293.923972
 20
5.740472
 10
293.924191
 20
5.740691
  0
LWPOLYLINE
  5
69D
330
17
100
AcDbEntity
  8
VISTA
100
AcDbPolyline
 90
4
 70
1
 10
294.045809
 20
5.740691
 10
294.045295
 20
5.740472
 10
294.046027
 20
5.740472
 10
294.045809
 20
5.740691
  0
LWPOLYLINE
  5
69E
330
17
100
AcDbEntity
  8
VISTA
100
AcDbPolyline
 90
4
 70
1
 10
294.046027
 20
5.819528
 10
294.045295
 20
5.819528
 10
294.045809
 20
5.81931
 10
294.046027
 20
5.819528
  0
LWPOLYLINE
  5
69F
330
17
100
AcDbEntity
  8
VISTA
100
AcDbPolyline
 90
9
 70
1
 10
293.926499
 20
4.101
 10
294.045815
 20
4.100262
 10
294.0475
 20
4.097
 10
294.046762
 20
4.020684
 10
294.0435
 20
4.019
 10
293.924184
 20
4.019738
 10
293.9225
 20
4.023
 10
293.923238
 20
4.099316
 10
293.926499
 20
4.101
  0
LWPOLYLINE
  5
6A0
330
17
100
AcDbEntity
  8
VISTA
100
AcDbPolyline
 90
4
 70
1
 10
293.924191
 20
4.099309
 10
293.924705
 20
4.099528
 10
293.923972
 20
4.099528
 10
293.924191
 20
4.099309
  0
LWPOLYLINE
  5
6A1
330
17
100
AcDbEntity
  8
VISTA
100
AcDbPolyline
 90
4
 70
1
 10
293.924191
 20
4.02069
 10
293.923972
 20
4.021205
 10
293.923972
 20
4.020472
 10
293.924191
 20
4.02069
  0
LWPOLYLINE
  5
6A2
330
17
100
AcDbEntity
  8
VISTA
100
AcDbPolyline
 90
4
 70
1
 10
294.045809
 20
4.02069
 10
294.045295
 20
4.020472
 10
294.046027
 20
4.020472
 10
294.045809
 20
4.02069
  0
LWPOLYLINE
  5
6A3
330
17
100
AcDbEntity
  8
VISTA
100
AcDbPolyline
 90
4
 70
1
 10
294.046027
 20
4.099528
 10
294.045295
 20
4.099528
 10
294.045809
 20
4.099309
 10
294.046027
 20
4.099528
  0
LWPOLYLINE
  5
6A4
330
17
100
AcDbEntity
  8
VISTA
100
AcDbPolyline
 90
9
 70
1
 10
294.282
 20
8.004148
 10
294.358
 20
8.004148
 10
294.36
 20
8.00218
 10
294.36
 20
6.67782
 10
294.358
 20
6.675853
 10
294.282
 20
6.675853
 10
294.28
 20
6.67782
 10
294.28
 20
8.00218
 10
294.282
 20
8.004148
  0
LWPOLYLINE
  5
6A5
330
17
100
AcDbEntity
  8
VISTA
100
AcDbPolyline
 90
9
 70
1
 10
294.978
 20
8.004148
 10
295.054
 20
8.004148
 10
295.056
 20
8.00218
 10
295.056
 20
6.67782
 10
295.054
 20
6.675853
 10
294.978
 20
6.675853
 10
294.976
 20
6.67782
 10
294.976
 20
8.00218
 10
294.978
 20
8.004148
  0
LWPOLYLINE
  5
6A6
330
17
100
AcDbEntity
  8
VISTA
100
AcDbPolyline
 90
9
 70
1
 10
295.674
 20
8.004148
 10
295.75
 20
8.004148
 10
295.752
 20
8.00218
 10
295.752
 20
6.67782
 10
295.75
 20
6.675853
 10
295.674
 20
6.675853
 10
295.672
 20
6.67782
 10
295.672
 20
8.00218
 10
295.674
 20
8.004148
  0
LWPOLYLINE
  5
6A7
330
17
100
AcDbEntity
  8
VISTA
100
AcDbPolyline
 90
9
 70
1
 10
296.370001
 20
8.004148
 10
296.446001
 20
8.004148
 10
296.448002
 20
8.00218
 10
296.448002
 20
6.67782
 10
296.446001
 20
6.675853
 10
296.370001
 20
6.675853
 10
296.368
 20
6.67782
 10
296.368
 20
8.00218
 10
296.370001
 20
8.004148
  0
LWPOLYLINE
  5
6A8
330
17
100
AcDbEntity
  8
VISTA
100
AcDbPolyline
 90
9
 70
1
 10
297.066
 20
8.004148
 10
297.142
 20
8.004148
 10
297.144001
 20
8.00218
 10
297.144001
 20
6.67782
 10
297.142
 20
6.675853
 10
297.066
 20
6.675853
 10
297.063999
 20
6.67782
 10
297.063999
 20
8.00218
 10
297.066
 20
8.004148
  0
LWPOLYLINE
  5
6A9
330
17
100
AcDbEntity
  8
VISTA
100
AcDbPolyline
 90
9
 70
1
 10
297.761999
 20
8.004148
 10
297.837999
 20
8.004148
 10
297.84
 20
8.00218
 10
297.84
 20
6.67782
 10
297.837999
 20
6.675853
 10
297.761999
 20
6.675853
 10
297.759998
 20
6.67782
 10
297.759998
 20
8.00218
 10
297.761999
 20
8.004148
  0
LWPOLYLINE
  5
6AA
330
17
100
AcDbEntity
  8
VISTA
100
AcDbPolyline
 90
9
 70
1
 10
298.45799999999997
 20
8.004148
 10
298.534
 20
8.004148
 10
298.536001
 20
8.00218
 10
298.536001
 20
6.67782
 10
298.534
 20
6.675853
 10
298.45799999999997
 20
6.675853
 10
298.455999
 20
6.67782
 10
298.455999
 20
8.00218
 10
298.45799999999997
 20
8.004148
  0
LWPOLYLINE
  5
6AB
330
17
100
AcDbEntity
  8
VISTA
100
AcDbPolyline
 90
9
 70
1
 10
299.153999
 20
8.004148
 10
299.23
 20
8.004148
 10
299.23199999999997
 20
8.00218
 10
299.23199999999997
 20
6.67782
 10
299.23
 20
6.675853
 10
299.153999
 20
6.675853
 10
299.151999
 20
6.67782
 10
299.151999
 20
8.00218
 10
299.153999
 20
8.004148
  0
LWPOLYLINE
  5
6AC
330
17
100
AcDbEntity
  8
VISTA
100
AcDbPolyline
 90
9
 70
1
 10
299.85
 20
8.004148
 10
299.926001
 20
8.004148
 10
299.928001
 20
8.00218
 10
299.928001
 20
6.67782
 10
299.926001
 20
6.675853
 10
299.85
 20
6.675853
 10
299.848
 20
6.67782
 10
299.848
 20
8.00218
 10
299.85
 20
8.004148
  0
LWPOLYLINE
  5
6AD
330
17
100
AcDbEntity
  8
VISTA
100
AcDbPolyline
 90
9
 70
1
 10
300.546
 20
8.004148
 10
300.622
 20
8.004148
 10
300.624001
 20
8.00218
 10
300.624001
 20
6.67782
 10
300.622
 20
6.675853
 10
300.546
 20
6.675853
 10
300.543999
 20
6.67782
 10
300.543999
 20
8.00218
 10
300.546
 20
8.004148
  0
LWPOLYLINE
  5
6AE
330
17
100
AcDbEntity
  8
VISTA
100
AcDbPolyline
 90
9
 70
1
 10
301.242001
 20
8.004148
 10
301.318001
 20
8.004148
 10
301.320002
 20
8.00218
 10
301.320002
 20
6.67782
 10
301.318001
 20
6.675853
 10
301.242001
 20
6.675853
 10
301.24
 20
6.67782
 10
301.24
 20
8.00218
 10
301.242001
 20
8.004148
  0
LWPOLYLINE
  5
6AF
330
17
100
AcDbEntity
  8
VISTA
100
AcDbPolyline
 90
7
 70
1
 10
293.721086
 20
8.180293
 10
293.738914
 20
8.180293
 10
293.739499
 20
7.041099
 10
293.737499
 20
7.039131
 10
293.7225
 20
7.039131
 10
293.7205
 20
7.041099
 10
293.721086
 20
8.180293
  0
LWPOLYLINE
  5
6B0
330
17
100
AcDbEntity
  8
VISTA
100
AcDbPolyline
 90
7
 70
1
 10
293.915086
 20
8.180293
 10
293.932914
 20
8.180293
 10
293.933499
 20
7.041099
 10
293.931499
 20
7.039131
 10
293.9165
 20
7.039131
 10
293.9145
 20
7.041099
 10
293.915086
 20
8.180293
  0
LWPOLYLINE
  5
6B1
330
17
100
AcDbEntity
  8
VISTA
100
AcDbPolyline
 90
7
 70
1
 10
294.109086
 20
8.180293
 10
294.126914
 20
8.180293
 10
294.1275
 20
7.041099
 10
294.1255
 20
7.039131
 10
294.1105
 20
7.039131
 10
294.1085
 20
7.041099
 10
294.109086
 20
8.180293
  0
LWPOLYLINE
  5
6B2
330
17
100
AcDbEntity
  8
VISTA
100
AcDbPolyline
 90
7
 70
1
 10
294.303086
 20
8.180293
 10
294.320914
 20
8.180293
 10
294.3215
 20
7.041099
 10
294.3195
 20
7.039131
 10
294.304501
 20
7.039131
 10
294.302501
 20
7.041099
 10
294.303086
 20
8.180293
  0
LWPOLYLINE
  5
6B3
330
17
100
AcDbEntity
  8
VISTA
100
AcDbPolyline
 90
7
 70
1
 10
294.497086
 20
8.180293
 10
294.514914
 20
8.180293
 10
294.515499
 20
7.041099
 10
294.513499
 20
7.039131
 10
294.4985
 20
7.039131
 10
294.4965
 20
7.041099
 10
294.497086
 20
8.180293
  0
LWPOLYLINE
  5
6B4
330
17
100
AcDbEntity
  8
VISTA
100
AcDbPolyline
 90
7
 70
1
 10
294.691086
 20
8.180293
 10
294.708914
 20
8.180293
 10
294.709499
 20
7.041099
 10
294.7075
 20
7.039131
 10
294.6925
 20
7.039131
 10
294.6905
 20
7.041099
 10
294.691086
 20
8.180293
  0
LWPOLYLINE
  5
6B5
330
17
100
AcDbEntity
  8
VISTA
100
AcDbPolyline
 90
7
 70
1
 10
294.885086
 20
8.180293
 10
294.902914
 20
8.180293
 10
294.9035
 20
7.041099
 10
294.9015
 20
7.039131
 10
294.8865
 20
7.039131
 10
294.884501
 20
7.041099
 10
294.885086
 20
8.180293
  0
LWPOLYLINE
  5
6B6
330
17
100
AcDbEntity
  8
VISTA
100
AcDbPolyline
 90
7
 70
1
 10
295.079086
 20
8.180293
 10
295.096914
 20
8.180293
 10
295.0975
 20
7.041099
 10
295.0955
 20
7.039131
 10
295.080501
 20
7.039131
 10
295.078501
 20
7.041099
 10
295.079086
 20
8.180293
  0
LWPOLYLINE
  5
6B7
330
17
100
AcDbEntity
  8
VISTA
100
AcDbPolyline
 90
7
 70
1
 10
295.273086
 20
8.180293
 10
295.290914
 20
8.180293
 10
295.291499
 20
7.041099
 10
295.289499
 20
7.039131
 10
295.2745
 20
7.039131
 10
295.2725
 20
7.041099
 10
295.273086
 20
8.180293
  0
LWPOLYLINE
  5
6B8
330
17
100
AcDbEntity
  8
VISTA
100
AcDbPolyline
 90
7
 70
1
 10
295.467086
 20
8.180293
 10
295.484914
 20
8.180293
 10
295.485499
 20
7.041099
 10
295.4835
 20
7.039131
 10
295.4685
 20
7.039131
 10
295.4665
 20
7.041099
 10
295.467086
 20
8.180293
  0
LWPOLYLINE
  5
6B9
330
17
100
AcDbEntity
  8
VISTA
100
AcDbPolyline
 90
7
 70
1
 10
295.661086
 20
8.180293
 10
295.678914
 20
8.180293
 10
295.6795
 20
7.041099
 10
295.6775
 20
7.039131
 10
295.6625
 20
7.039131
 10
295.660501
 20
7.041099
 10
295.661086
 20
8.180293
  0
LWPOLYLINE
  5
6BA
330
17
100
AcDbEntity
  8
VISTA
100
AcDbPolyline
 90
7
 70
1
 10
295.85508600000003
 20
8.180293
 10
295.872914
 20
8.180293
 10
295.8735
 20
7.041099
 10
295.8715
 20
7.039131
 10
295.856501
 20
7.039131
 10
295.854501
 20
7.041099
 10
295.85508600000003
 20
8.180293
  0
LWPOLYLINE
  5
6BB
330
17
100
AcDbEntity
  8
VISTA
100
AcDbPolyline
 90
7
 70
1
 10
296.049086
 20
8.180293
 10
296.066916
 20
8.180293
 10
296.067501
 20
7.041099
 10
296.0655
 20
7.039131
 10
296.050501
 20
7.039131
 10
296.0485
 20
7.041099
 10
296.049086
 20
8.180293
  0
LWPOLYLINE
  5
6BC
330
17
100
AcDbEntity
  8
VISTA
100
AcDbPolyline
 90
7
 70
1
 10
296.243086
 20
8.180293
 10
296.260916
 20
8.180293
 10
296.261501
 20
7.041099
 10
296.259501
 20
7.039131
 10
296.244501
 20
7.039131
 10
296.2425
 20
7.041099
 10
296.243086
 20
8.180293
  0
LWPOLYLINE
  5
6BD
330
17
100
AcDbEntity
  8
VISTA
100
AcDbPolyline
 90
7
 70
1
 10
296.437084
 20
8.180293
 10
296.454914
 20
8.180293
 10
296.45550000000003
 20
7.041099
 10
296.453499
 20
7.039131
 10
296.438499
 20
7.039131
 10
296.436499
 20
7.041099
 10
296.437084
 20
8.180293
  0
LWPOLYLINE
  5
6BE
330
17
100
AcDbEntity
  8
VISTA
100
AcDbPolyline
 90
7
 70
1
 10
296.631084
 20
8.180293
 10
296.648914
 20
8.180293
 10
296.6495
 20
7.041099
 10
296.647499
 20
7.039131
 10
296.6325
 20
7.039131
 10
296.630499
 20
7.041099
 10
296.631084
 20
8.180293
  0
LWPOLYLINE
  5
6BF
330
17
100
AcDbEntity
  8
VISTA
100
AcDbPolyline
 90
7
 70
1
 10
296.825085
 20
8.180293
 10
296.842915
 20
8.180293
 10
296.8435
 20
7.041099
 10
296.841499
 20
7.039131
 10
296.8265
 20
7.039131
 10
296.824499
 20
7.041099
 10
296.825085
 20
8.180293
  0
LWPOLYLINE
  5
6C0
330
17
100
AcDbEntity
  8
VISTA
100
AcDbPolyline
 90
7
 70
1
 10
297.019085
 20
8.180293
 10
297.036915
 20
8.180293
 10
297.0375
 20
7.041099
 10
297.0355
 20
7.039131
 10
297.02049999999997
 20
7.039131
 10
297.018499
 20
7.041099
 10
297.019085
 20
8.180293
  0
LWPOLYLINE
  5
6C1
330
17
100
AcDbEntity
  8
VISTA
100
AcDbPolyline
 90
7
 70
1
 10
297.213085
 20
8.180293
 10
297.230915
 20
8.180293
 10
297.231501
 20
7.041099
 10
297.22950000000003
 20
7.039131
 10
297.2145
 20
7.039131
 10
297.2125
 20
7.041099
 10
297.213085
 20
8.180293
  0
LWPOLYLINE
  5
6C2
330
17
100
AcDbEntity
  8
VISTA
100
AcDbPolyline
 90
7
 70
1
 10
297.407085
 20
8.180293
 10
297.424915
 20
8.180293
 10
297.425501
 20
7.041099
 10
297.4235
 20
7.039131
 10
297.408501
 20
7.039131
 10
297.4065
 20
7.041099
 10
297.407085
 20
8.180293
  0
LWPOLYLINE
  5
6C3
330
17
100
AcDbEntity
  8
VISTA
100
AcDbPolyline
 90
7
 70
1
 10
297.601086
 20
8.180293
 10
297.618916
 20
8.180293
 10
297.619501
 20
7.041099
 10
297.6175
 20
7.039131
 10
297.602501
 20
7.039131
 10
297.6005
 20
7.041099
 10
297.601086
 20
8.180293
  0
LWPOLYLINE
  5
6C4
330
17
100
AcDbEntity
  8
VISTA
100
AcDbPolyline
 90
7
 70
1
 10
297.795086
 20
8.180293
 10
297.812916
 20
8.180293
 10
297.813501
 20
7.041099
 10
297.811501
 20
7.039131
 10
297.796501
 20
7.039131
 10
297.79449999999997
 20
7.041099
 10
297.795086
 20
8.180293
  0
LWPOLYLINE
  5
6C5
330
17
100
AcDbEntity
  8
VISTA
100
AcDbPolyline
 90
7
 70
1
 10
297.989084
 20
8.180293
 10
298.006914
 20
8.180293
 10
298.0075
 20
7.041099
 10
298.005499
 20
7.039131
 10
297.990499
 20
7.039131
 10
297.988499
 20
7.041099
 10
297.989084
 20
8.180293
  0
LWPOLYLINE
  5
6C6
330
17
100
AcDbEntity
  8
VISTA
100
AcDbPolyline
 90
7
 70
1
 10
298.183084
 20
8.180293
 10
298.200914
 20
8.180293
 10
298.2015
 20
7.041099
 10
298.199499
 20
7.039131
 10
298.1845
 20
7.039131
 10
298.182499
 20
7.041099
 10
298.183084
 20
8.180293
  0
LWPOLYLINE
  5
6C7
330
17
100
AcDbEntity
  8
VISTA
100
AcDbPolyline
 90
7
 70
1
 10
298.377085
 20
8.180293
 10
298.394915
 20
8.180293
 10
298.39549999999997
 20
7.041099
 10
298.393499
 20
7.039131
 10
298.3785
 20
7.039131
 10
298.376499
 20
7.041099
 10
298.377085
 20
8.180293
  0
LWPOLYLINE
  5
6C8
330
17
100
AcDbEntity
  8
VISTA
100
AcDbPolyline
 90
7
 70
1
 10
298.571085
 20
8.180293
 10
298.588915
 20
8.180293
 10
298.5895
 20
7.041099
 10
298.5875
 20
7.039131
 10
298.5725
 20
7.039131
 10
298.570499
 20
7.041099
 10
298.571085
 20
8.180293
  0
LWPOLYLINE
  5
6C9
330
17
100
AcDbEntity
  8
VISTA
100
AcDbPolyline
 90
7
 70
1
 10
298.765085
 20
8.180293
 10
298.782915
 20
8.180293
 10
298.783501
 20
7.041099
 10
298.7815
 20
7.039131
 10
298.7665
 20
7.039131
 10
298.7645
 20
7.041099
 10
298.765085
 20
8.180293
  0
LWPOLYLINE
  5
6CA
330
17
100
AcDbEntity
  8
VISTA
100
AcDbPolyline
 90
7
 70
1
 10
298.959085
 20
8.180293
 10
298.976915
 20
8.180293
 10
298.977501
 20
7.041099
 10
298.9755
 20
7.039131
 10
298.960501
 20
7.039131
 10
298.9585
 20
7.041099
 10
298.959085
 20
8.180293
  0
LWPOLYLINE
  5
6CB
330
17
100
AcDbEntity
  8
VISTA
100
AcDbPolyline
 90
7
 70
1
 10
299.153086
 20
8.180293
 10
299.170916
 20
8.180293
 10
299.171501
 20
7.041099
 10
299.16949999999997
 20
7.039131
 10
299.154501
 20
7.039131
 10
299.1525
 20
7.041099
 10
299.153086
 20
8.180293
  0
LWPOLYLINE
  5
6CC
330
17
100
AcDbEntity
  8
VISTA
100
AcDbPolyline
 90
7
 70
1
 10
299.347086
 20
8.180293
 10
299.364916
 20
8.180293
 10
299.365501
 20
7.041099
 10
299.363501
 20
7.039131
 10
299.348501
 20
7.039131
 10
299.3465
 20
7.041099
 10
299.347086
 20
8.180293
  0
LWPOLYLINE
  5
6CD
330
17
100
AcDbEntity
  8
VISTA
100
AcDbPolyline
 90
7
 70
1
 10
299.541084
 20
8.180293
 10
299.558914
 20
8.180293
 10
299.5595
 20
7.041099
 10
299.557499
 20
7.039131
 10
299.5425
 20
7.039131
 10
299.540499
 20
7.041099
 10
299.541084
 20
8.180293
  0
LWPOLYLINE
  5
6CE
330
17
100
AcDbEntity
  8
VISTA
100
AcDbPolyline
 90
7
 70
1
 10
299.735085
 20
8.180293
 10
299.752914
 20
8.180293
 10
299.7535
 20
7.041099
 10
299.751499
 20
7.039131
 10
299.7365
 20
7.039131
 10
299.734499
 20
7.041099
 10
299.735085
 20
8.180293
  0
LWPOLYLINE
  5
6CF
330
17
100
AcDbEntity
  8
VISTA
100
AcDbPolyline
 90
7
 70
1
 10
299.929085
 20
8.180293
 10
299.946915
 20
8.180293
 10
299.9475
 20
7.041099
 10
299.945499
 20
7.039131
 10
299.9305
 20
7.039131
 10
299.928499
 20
7.041099
 10
299.929085
 20
8.180293
  0
LWPOLYLINE
  5
6D0
330
17
100
AcDbEntity
  8
VISTA
100
AcDbPolyline
 90
7
 70
1
 10
300.123085
 20
8.180293
 10
300.140915
 20
8.180293
 10
300.1415
 20
7.041099
 10
300.1395
 20
7.039131
 10
300.1245
 20
7.039131
 10
300.122499
 20
7.041099
 10
300.123085
 20
8.180293
  0
LWPOLYLINE
  5
6D1
330
17
100
AcDbEntity
  8
VISTA
100
AcDbPolyline
 90
7
 70
1
 10
300.317085
 20
8.180293
 10
300.334915
 20
8.180293
 10
300.335501
 20
7.041099
 10
300.3335
 20
7.039131
 10
300.318501
 20
7.039131
 10
300.3165
 20
7.041099
 10
300.317085
 20
8.180293
  0
LWPOLYLINE
  5
6D2
330
17
100
AcDbEntity
  8
VISTA
100
AcDbPolyline
 90
7
 70
1
 10
300.511086
 20
8.180293
 10
300.528915
 20
8.180293
 10
300.529501
 20
7.041099
 10
300.5275
 20
7.039131
 10
300.512501
 20
7.039131
 10
300.5105
 20
7.041099
 10
300.511086
 20
8.180293
  0
LWPOLYLINE
  5
6D3
330
17
100
AcDbEntity
  8
VISTA
100
AcDbPolyline
 90
7
 70
1
 10
300.705086
 20
8.180293
 10
300.722916
 20
8.180293
 10
300.723501
 20
7.041099
 10
300.7215
 20
7.039131
 10
300.706501
 20
7.039131
 10
300.7045
 20
7.041099
 10
300.705086
 20
8.180293
  0
LWPOLYLINE
  5
6D4
330
17
100
AcDbEntity
  8
VISTA
100
AcDbPolyline
 90
7
 70
1
 10
300.899086
 20
8.180293
 10
300.916916
 20
8.180293
 10
300.917501
 20
7.041099
 10
300.915501
 20
7.039131
 10
300.900501
 20
7.039131
 10
300.8985
 20
7.041099
 10
300.899086
 20
8.180293
  0
LWPOLYLINE
  5
6D5
330
17
100
AcDbEntity
  8
VISTA
100
AcDbPolyline
 90
7
 70
1
 10
301.093084
 20
8.180293
 10
301.110914
 20
8.180293
 10
301.1115
 20
7.041099
 10
301.109499
 20
7.039131
 10
301.0945
 20
7.039131
 10
301.092499
 20
7.041099
 10
301.093084
 20
8.180293
  0
LWPOLYLINE
  5
6D6
330
17
100
AcDbEntity
  8
VISTA
100
AcDbPolyline
 90
7
 70
1
 10
301.287085
 20
8.180293
 10
301.304914
 20
8.180293
 10
301.3055
 20
7.041099
 10
301.303499
 20
7.039131
 10
301.2885
 20
7.039131
 10
301.286499
 20
7.041099
 10
301.287085
 20
8.180293
  0
LWPOLYLINE
  5
6D7
330
17
100
AcDbEntity
  8
VISTA
100
AcDbPolyline
 90
7
 70
1
 10
301.481085
 20
8.180293
 10
301.498915
 20
8.180293
 10
301.4995
 20
7.041099
 10
301.497499
 20
7.039131
 10
301.4825
 20
7.039131
 10
301.480499
 20
7.041099
 10
301.481085
 20
8.180293
  0
LWPOLYLINE
  5
6D8
330
17
100
AcDbEntity
  8
VISTA
100
AcDbPolyline
 90
7
 70
1
 10
301.675085
 20
8.180293
 10
301.69291499999997
 20
8.180293
 10
301.693501
 20
7.041099
 10
301.6915
 20
7.039131
 10
301.6765
 20
7.039131
 10
301.6745
 20
7.041099
 10
301.675085
 20
8.180293
  0
LWPOLYLINE
  5
6D9
330
17
100
AcDbEntity
  8
VISTA
100
AcDbPolyline
 90
7
 70
1
 10
301.869085
 20
8.180293
 10
301.886915
 20
8.180293
 10
301.887501
 20
7.041099
 10
301.8855
 20
7.039131
 10
301.870501
 20
7.039131
 10
301.8685
 20
7.041099
 10
301.869085
 20
8.180293
  0
LWPOLYLINE
  5
6DA
330
17
100
AcDbEntity
  8
VISTA
100
AcDbPolyline
 90
7
 70
1
 10
302.063086
 20
8.180293
 10
302.080915
 20
8.180293
 10
302.081501
 20
7.041099
 10
302.0795
 20
7.039131
 10
302.064501
 20
7.039131
 10
302.0625
 20
7.041099
 10
302.063086
 20
8.180293
  0
LWPOLYLINE
  5
6DB
330
17
100
AcDbEntity
  8
VISTA
100
AcDbPolyline
 90
7
 70
1
 10
302.257086
 20
8.180293
 10
302.274916
 20
8.180293
 10
302.275501
 20
7.041099
 10
302.2735
 20
7.039131
 10
302.258501
 20
7.039131
 10
302.2565
 20
7.041099
 10
302.257086
 20
8.180293
  0
LWPOLYLINE
  5
6DC
330
17
100
AcDbEntity
  8
VISTA
100
AcDbPolyline
 90
9
 70
1
 10
294.0
 20
2.9955
 10
294.0045
 20
3.0
 10
294.1955
 20
3.0
 10
294.200001
 20
2.9955
 10
294.200001
 20
0.0045
 10
294.1955
 20
0.0
 10
294.0045
 20
0.0
 10
294.0
 20
0.0045
 10
294.0
 20
2.9955
  0
LWPOLYLINE
  5
6DD
330
17
100
AcDbEntity
  8
VISTA
100
AcDbPolyline
 90
5
 70
1
 10
293.014001
 20
2.610118
 10
293.025
 20
2.611119
 10
293.026
 20
1.671987
 10
293.014001
 20
1.671987
 10
293.014001
 20
2.610118
  0
LWPOLYLINE
  5
6DE
330
17
100
AcDbEntity
  8
VISTA
100
AcDbPolyline
 90
5
 70
1
 10
293.974
 20
2.610118
 10
293.984999
 20
2.611119
 10
293.985999
 20
1.671987
 10
293.974
 20
1.671987
 10
293.974
 20
2.610118
  0
LWPOLYLINE
  5
6DF
330
17
100
AcDbEntity
  8
VISTA
100
AcDbPolyline
 90
9
 70
1
 10
301.799999
 20
6.3955
 10
301.804499
 20
6.4
 10
301.995501
 20
6.4
 10
302.0
 20
6.3955
 10
302.0
 20
3.2045
 10
301.995501
 20
3.2
 10
301.804499
 20
3.2
 10
301.799999
 20
3.2045
 10
301.799999
 20
6.3955
  0
LWPOLYLINE
  5
6E0
330
17
100
AcDbEntity
  8
VISTA
100
AcDbPolyline
 90
9
 70
1
 10
294.0
 20
4.0355
 10
294.0045
 20
4.04
 10
294.1955
 20
4.04
 10
294.200001
 20
4.0355
 10
294.200001
 20
3.2045
 10
294.1955
 20
3.2
 10
294.0045
 20
3.2
 10
294.0
 20
3.2045
 10
294.0
 20
4.0355
  0
LWPOLYLINE
  5
6E1
330
17
100
AcDbEntity
  8
VISTA
100
AcDbPolyline
 90
9
 70
1
 10
294.0
 20
6.3955
 10
294.0045
 20
6.4
 10
294.1955
 20
6.4
 10
294.200001
 20
6.3955
 10
294.200001
 20
5.7645
 10
294.1955
 20
5.76
 10
294.0045
 20
5.76
 10
294.0
 20
5.7645
 10
294.0
 20
6.3955
  0
LWPOLYLINE
  5
6E2
330
17
100
AcDbEntity
  8
VISTA
100
AcDbPolyline
 90
5
 70
1
 10
293.9675
 20
5.78
 10
293.976501
 20
5.78
 10
293.976501
 20
4.06
 10
293.9675
 20
4.06
 10
293.9675
 20
5.78
  0
LWPOLYLINE
  5
6E3
330
17
100
AcDbEntity
  8
VISTA
100
AcDbPolyline
 90
5
 70
1
 10
293.9675
 20
5.75856
 10
294.0025
 20
5.75856
 10
294.0025
 20
5.73256
 10
293.9675
 20
5.73256
 10
293.9675
 20
5.75856
  0
LWPOLYLINE
  5
6E4
330
17
100
AcDbEntity
  8
VISTA
100
AcDbPolyline
 90
5
 70
1
 10
293.9675
 20
4.10744
 10
294.0025
 20
4.10744
 10
294.0025
 20
4.08144
 10
293.9675
 20
4.08144
 10
293.9675
 20
4.10744
  0
LWPOLYLINE
  5
6E5
330
17
100
AcDbEntity
  8
VISTA
100
AcDbPolyline
 90
13
 70
1
 10
293.913
 20
4.0215
 10
293.914758
 20
4.025743
 10
293.919001
 20
4.0275
 10
294.087
 20
4.0275
 10
294.091243
 20
4.025743
 10
294.093
 20
4.0215
 10
294.093
 20
3.9885
 10
294.091243
 20
3.984257
 10
294.087
 20
3.9825
 10
293.919001
 20
3.9825
 10
293.914758
 20
3.984257
 10
293.913
 20
3.9885
 10
293.913
 20
4.0215
  0
LWPOLYLINE
  5
6E6
330
17
100
AcDbEntity
  8
VISTA
100
AcDbPolyline
 90
5
 70
1
 10
293.889999
 20
5.82
 10
293.92
 20
5.82
 10
293.92
 20
5.72
 10
293.889999
 20
5.72
 10
293.889999
 20
5.82
  0
LWPOLYLINE
  5
6E7
330
17
100
AcDbEntity
  8
VISTA
100
AcDbPolyline
 90
5
 70
1
 10
293.889999
 20
4.07
 10
293.92
 20
4.07
 10
293.92
 20
3.99
 10
293.889999
 20
3.99
 10
293.889999
 20
4.07
  0
LWPOLYLINE
  5
6E8
330
17
100
AcDbEntity
  8
VISTA
100
AcDbPolyline
 90
5
 70
1
 10
301.790001
 20
6.468
 10
301.790001
 20
6.45
 10
294.21
 20
6.45
 10
294.21
 20
6.468
 10
301.790001
 20
6.468
  0
LWPOLYLINE
  5
6E9
330
17
100
AcDbEntity
  8
VISTA
100
AcDbPolyline
 90
5
 70
1
 10
293.9935
 20
5.77742
 10
294.002501
 20
5.77742
 10
294.002501
 20
4.06258
 10
293.9935
 20
4.06258
 10
293.9935
 20
5.77742
  0
LWPOLYLINE
  5
6EA
330
17
100
AcDbEntity
  8
VISTA
100
AcDbPolyline
 90
13
 70
1
 10
294.69
 20
6.561
 10
294.692636
 20
6.567364
 10
294.698999
 20
6.57
 10
295.601
 20
6.57
 10
295.607364
 20
6.567364
 10
295.61
 20
6.561
 10
295.61
 20
6.459
 10
295.607364
 20
6.452636
 10
295.601
 20
6.45
 10
294.698999
 20
6.45
 10
294.692636
 20
6.452636
 10
294.69
 20
6.459
 10
294.69
 20
6.561
  0
LWPOLYLINE
  5
6EB
330
17
100
AcDbEntity
  8
VISTA
100
AcDbPolyline
 90
13
 70
1
 10
296.070002
 20
6.561
 10
296.072638
 20
6.567364
 10
296.079
 20
6.57
 10
296.981001
 20
6.57
 10
296.987364
 20
6.567364
 10
296.99
 20
6.561
 10
296.99
 20
6.459
 10
296.987364
 20
6.452636
 10
296.981001
 20
6.45
 10
296.079
 20
6.45
 10
296.072638
 20
6.452636
 10
296.070002
 20
6.459
 10
296.070002
 20
6.561
  0
LWPOLYLINE
  5
6EC
330
17
100
AcDbEntity
  8
VISTA
100
AcDbPolyline
 90
13
 70
1
 10
297.450001
 20
6.561
 10
297.452637
 20
6.567364
 10
297.459
 20
6.57
 10
298.361
 20
6.57
 10
298.367363
 20
6.567364
 10
298.369999
 20
6.561
 10
298.369999
 20
6.459
 10
298.367363
 20
6.452636
 10
298.361
 20
6.45
 10
297.459
 20
6.45
 10
297.452637
 20
6.452636
 10
297.450001
 20
6.459
 10
297.450001
 20
6.561
  0
LWPOLYLINE
  5
6ED
330
17
100
AcDbEntity
  8
VISTA
100
AcDbPolyline
 90
13
 70
1
 10
298.830002
 20
6.561
 10
298.832638
 20
6.567364
 10
298.839001
 20
6.57
 10
299.741001
 20
6.57
 10
299.747364
 20
6.567364
 10
299.75
 20
6.561
 10
299.75
 20
6.459
 10
299.747364
 20
6.452636
 10
299.741001
 20
6.45
 10
298.839001
 20
6.45
 10
298.832638
 20
6.452636
 10
298.830002
 20
6.459
 10
298.830002
 20
6.561
  0
LWPOLYLINE
  5
6EE
330
17
100
AcDbEntity
  8
VISTA
100
AcDbPolyline
 90
13
 70
1
 10
300.210001
 20
6.561
 10
300.212637
 20
6.567364
 10
300.219
 20
6.57
 10
301.121
 20
6.57
 10
301.127363
 20
6.567364
 10
301.129999
 20
6.561
 10
301.129999
 20
6.459
 10
301.127363
 20
6.452636
 10
301.121
 20
6.45
 10
300.219
 20
6.45
 10
300.212637
 20
6.452636
 10
300.210001
 20
6.459
 10
300.210001
 20
6.561
  0
LWPOLYLINE
  5
6EF
330
17
100
AcDbEntity
  8
VISTA
100
AcDbPolyline
 90
5
 70
1
 10
294.416914
 20
6.644414
 10
294.416914
 20
6.605586
 10
294.383085
 20
6.605586
 10
294.383085
 20
6.644414
 10
294.416914
 20
6.644414
  0
LWPOLYLINE
  5
6F0
330
17
100
AcDbEntity
  8
VISTA
100
AcDbPolyline
 90
5
 70
1
 10
295.016914
 20
6.644414
 10
295.016914
 20
6.605586
 10
294.983086
 20
6.605586
 10
294.983086
 20
6.644414
 10
295.016914
 20
6.644414
  0
LWPOLYLINE
  5
6F1
330
17
100
AcDbEntity
  8
VISTA
100
AcDbPolyline
 90
5
 70
1
 10
295.616915
 20
6.644414
 10
295.616915
 20
6.605586
 10
295.583086
 20
6.605586
 10
295.583086
 20
6.644414
 10
295.616915
 20
6.644414
  0
LWPOLYLINE
  5
6F2
330
17
100
AcDbEntity
  8
VISTA
100
AcDbPolyline
 90
5
 70
1
 10
296.216915
 20
6.644414
 10
296.216915
 20
6.605586
 10
296.183086
 20
6.605586
 10
296.183086
 20
6.644414
 10
296.216915
 20
6.644414
  0
LWPOLYLINE
  5
6F3
330
17
100
AcDbEntity
  8
VISTA
100
AcDbPolyline
 90
5
 70
1
 10
296.816914
 20
6.644414
 10
296.816914
 20
6.605586
 10
296.783085
 20
6.605586
 10
296.783085
 20
6.644414
 10
296.816914
 20
6.644414
  0
LWPOLYLINE
  5
6F4
330
17
100
AcDbEntity
  8
VISTA
100
AcDbPolyline
 90
5
 70
1
 10
297.416914
 20
6.644414
 10
297.416914
 20
6.605586
 10
297.383085
 20
6.605586
 10
297.383085
 20
6.644414
 10
297.416914
 20
6.644414
  0
LWPOLYLINE
  5
6F5
330
17
100
AcDbEntity
  8
VISTA
100
AcDbPolyline
 90
5
 70
1
 10
298.016914
 20
6.644414
 10
298.016914
 20
6.605586
 10
297.983086
 20
6.605586
 10
297.983086
 20
6.644414
 10
298.016914
 20
6.644414
  0
LWPOLYLINE
  5
6F6
330
17
100
AcDbEntity
  8
VISTA
100
AcDbPolyline
 90
5
 70
1
 10
298.616915
 20
6.644414
 10
298.616915
 20
6.605586
 10
298.583086
 20
6.605586
 10
298.583086
 20
6.644414
 10
298.616915
 20
6.644414
  0
LWPOLYLINE
  5
6F7
330
17
100
AcDbEntity
  8
VISTA
100
AcDbPolyline
 90
5
 70
1
 10
299.216915
 20
6.644414
 10
299.216915
 20
6.605586
 10
299.183086
 20
6.605586
 10
299.183086
 20
6.644414
 10
299.216915
 20
6.644414
  0
LWPOLYLINE
  5
6F8
330
17
100
AcDbEntity
  8
VISTA
100
AcDbPolyline
 90
5
 70
1
 10
299.816914
 20
6.644414
 10
299.816914
 20
6.605586
 10
299.783085
 20
6.605586
 10
299.783085
 20
6.644414
 10
299.816914
 20
6.644414
  0
LWPOLYLINE
  5
6F9
330
17
100
AcDbEntity
  8
VISTA
100
AcDbPolyline
 90
5
 70
1
 10
300.416914
 20
6.644414
 10
300.416914
 20
6.605586
 10
300.383085
 20
6.605586
 10
300.383085
 20
6.644414
 10
300.416914
 20
6.644414
  0
LWPOLYLINE
  5
6FA
330
17
100
AcDbEntity
  8
VISTA
100
AcDbPolyline
 90
5
 70
1
 10
301.016914
 20
6.644414
 10
301.016914
 20
6.605586
 10
300.983086
 20
6.605586
 10
300.983086
 20
6.644414
 10
301.016914
 20
6.644414
  0
LWPOLYLINE
  5
6FB
330
17
100
AcDbEntity
  8
VISTA
100
AcDbPolyline
 90
10
 70
1
 10
292.977501
 20
3.208603
 10
292.9792
 20
3.210297
 10
293.060801
 20
3.210297
 10
293.0625
 20
3.208603
 10
293.0625
 20
-0.098603
 10
293.061652
 20
-0.100069
 10
293.060801
 20
-0.100298
 10
292.9792
 20
-0.100298
 10
292.978216
 20
-0.09966
 10
292.977501
 20
3.208603
  0
LWPOLYLINE
  5
6FC
330
17
100
AcDbEntity
  8
VISTA
100
AcDbPolyline
 90
4
 70
1
 10
293.06156494117647
 20
-0.10005171099744244
 10
293.06156494117647
 20
-0.10005171099744246
 10
293.061652
 20
-0.100069
 10
293.06156494117647
 20
-0.10005171099744244
  0
LWPOLYLINE
  5
6FD
330
17
100
AcDbEntity
  8
VISTA
100
AcDbPolyline
 90
4
 70
1
 10
292.9782640468089
 20
-0.09969110347280379
 10
292.9782640468089
 20
-0.09969110347280313
 10
292.978216
 20
-0.09966
 10
292.9782640468089
 20
-0.09969110347280379
  0
LWPOLYLINE
  5
6FE
330
17
100
AcDbEntity
  8
VISTA
100
AcDbPolyline
 90
4
 70
1
 10
292.9782588547571
 20
-0.0996704523797827
 10
292.9782588547571
 20
-0.09967045237978268
 10
292.978216
 20
-0.09966
 10
292.9782588547571
 20
-0.0996704523797827
  0
LWPOLYLINE
  5
6FF
330
17
100
AcDbEntity
  8
VISTA
100
AcDbPolyline
 90
4
 70
1
 10
292.97908097953587
 20
-0.10021995118326285
 10
292.9792
 20
-0.100297
 10
292.97908097953587
 20
-0.10021995118326316
 10
292.97908097953587
 20
-0.10021995118326285
  0
LWPOLYLINE
  5
700
330
17
100
AcDbEntity
  8
VISTA
100
AcDbPolyline
 90
4
 70
1
 10
292.97782201655104
 20
3.08782333158836
 10
292.9778220183258
 20
3.0877925919633915
 10
292.97782201655104
 20
3.0878233315883614
 10
292.97782201655104
 20
3.08782333158836
  0
LWPOLYLINE
  5
701
330
17
100
AcDbEntity
  8
VISTA
100
AcDbPolyline
 90
10
 70
1
 10
293.8975
 20
3.208603
 10
293.899199
 20
3.210297
 10
293.9808
 20
3.210297
 10
293.982499
 20
3.208603
 10
293.982499
 20
-0.098603
 10
293.981651
 20
-0.100069
 10
293.9808
 20
-0.100298
 10
293.899199
 20
-0.100298
 10
293.898215
 20
-0.09966
 10
293.8975
 20
3.208603
  0
LWPOLYLINE
  5
702
330
17
100
AcDbEntity
  8
VISTA
100
AcDbPolyline
 90
4
 70
1
 10
293.9815639411765
 20
-0.10005171099744241
 10
293.9815639411765
 20
-0.10005171099744246
 10
293.981651
 20
-0.100069
 10
293.9815639411765
 20
-0.10005171099744241
  0
LWPOLYLINE
  5
703
330
17
100
AcDbEntity
  8
VISTA
100
AcDbPolyline
 90
4
 70
1
 10
293.89826304680884
 20
-0.09969110347280384
 10
293.89826304680884
 20
-0.09969110347280319
 10
293.898215
 20
-0.09966
 10
293.89826304680884
 20
-0.09969110347280384
  0
LWPOLYLINE
  5
704
330
17
100
AcDbEntity
  8
VISTA
100
AcDbPolyline
 90
4
 70
1
 10
293.89782101655106
 20
3.08782333158836
 10
293.8978210183258
 20
3.087792591963391
 10
293.89782101655106
 20
3.0878233315883614
 10
293.89782101655106
 20
3.08782333158836
  0
LWPOLYLINE
  5
705
330
17
100
AcDbEntity
  8
VISTA
100
AcDbPolyline
 90
4
 70
1
 10
293.98217798344893
 20
0.02217666841163981
 10
293.98217798167417
 20
0.0222074080366087
 10
293.98217798344893
 20
0.022176668411638338
 10
293.98217798344893
 20
0.02217666841163981
  0
LWPOLYLINE
  5
706
330
17
100
AcDbEntity
  8
VISTA
100
AcDbPolyline
 90
9
 70
1
 10
292.9725
 20
4.31476
 10
292.9742
 20
4.316454
 10
293.0158
 20
4.316454
 10
293.0175
 20
4.31476
 10
293.0175
 20
1.09524
 10
293.0158
 20
1.093546
 10
292.9742
 20
1.093546
 10
292.973216
 20
1.094183
 10
292.9725
 20
4.31476
  0
LWPOLYLINE
  5
707
330
17
100
AcDbEntity
  8
VISTA
100
AcDbPolyline
 90
4
 70
1
 10
292.9740806657497
 20
1.0936241306740029
 10
292.9742
 20
1.093547
 10
292.9740806657497
 20
1.0936241306740027
 10
292.9740806657497
 20
1.0936241306740029
  0
LWPOLYLINE
  5
708
330
17
100
AcDbEntity
  8
VISTA
100
AcDbPolyline
 90
8
 70
1
 10
292.9775
 20
2.703508
 10
292.9792
 20
2.705208
 10
293.010799
 20
2.705208
 10
293.0125
 20
2.703508
 10
293.0125
 20
1.656492
 10
293.010799
 20
1.654792
 10
292.978216
 20
1.655522
 10
292.9775
 20
2.703508
  0
LWPOLYLINE
  5
709
330
17
100
AcDbEntity
  8
VISTA
100
AcDbPolyline
 90
4
 70
1
 10
292.97821642239694
 20
2.703076732780181
 10
292.978216
 20
2.703526
 10
292.97821642239694
 20
2.7030767327801786
 10
292.97821642239694
 20
2.703076732780181
  0
LWPOLYLINE
  5
70A
330
17
100
AcDbEntity
  8
VISTA
100
AcDbPolyline
 90
9
 70
1
 10
293.9425
 20
4.31476
 10
293.944201
 20
4.316454
 10
293.9858
 20
4.316454
 10
293.9875
 20
4.31476
 10
293.9875
 20
1.09524
 10
293.9858
 20
1.093546
 10
293.944201
 20
1.093546
 10
293.943216
 20
1.094183
 10
293.9425
 20
4.31476
  0
LWPOLYLINE
  5
70B
330
17
100
AcDbEntity
  8
VISTA
100
AcDbPolyline
 90
4
 70
1
 10
293.9432589266854
 20
1.0941725842864836
 10
293.9432589266854
 20
1.0941725842864838
 10
293.943216
 20
1.094183
 10
293.9432589266854
 20
1.0941725842864836
  0
LWPOLYLINE
  5
70C
330
17
100
AcDbEntity
  8
VISTA
100
AcDbPolyline
 90
8
 70
1
 10
293.9475
 20
2.703508
 10
293.9492
 20
2.705208
 10
293.980801
 20
2.705208
 10
293.9825
 20
2.703508
 10
293.9825
 20
1.656492
 10
293.980801
 20
1.654792
 10
293.948216
 20
1.655522
 10
293.9475
 20
2.703508
  0
LWPOLYLINE
  5
70D
330
17
100
AcDbEntity
  8
VISTA
100
AcDbPolyline
 90
4
 70
1
 10
293.9482164223969
 20
2.703076732780181
 10
293.948216
 20
2.703526
 10
293.9482164223969
 20
2.7030767327801786
 10
293.9482164223969
 20
2.703076732780181
  0
LWPOLYLINE
  5
70E
330
17
100
AcDbEntity
  8
VISTA
100
AcDbPolyline
 90
6
 70
1
 10
293.014001
 20
2.694066
 10
293.025
 20
2.695066
 10
293.026
 20
1.755934
 10
293.025
 20
1.754934
 10
293.014001
 20
1.755934
 10
293.014001
 20
2.694066
  0
LWPOLYLINE
  5
70F
330
17
100
AcDbEntity
  8
VISTA
100
AcDbPolyline
 90
4
 70
1
 10
293.0259445902579
 20
1.7559322979942695
 10
293.0259445902579
 20
1.7559322979942693
 10
293.026
 20
1.755934
 10
293.0259445902579
 20
1.7559322979942695
  0
LWPOLYLINE
  5
710
330
17
100
AcDbEntity
  8
VISTA
100
AcDbPolyline
 90
6
 70
1
 10
293.974
 20
2.694066
 10
293.984999
 20
2.695066
 10
293.985999
 20
1.755934
 10
293.984999
 20
1.754934
 10
293.974
 20
1.755934
 10
293.974
 20
2.694066
  0
LWPOLYLINE
  5
711
330
17
100
AcDbEntity
  8
VISTA
100
AcDbPolyline
 90
4
 70
1
 10
293.9859435902579
 20
1.7559322979942695
 10
293.9859435902579
 20
1.7559322979942693
 10
293.985999
 20
1.755934
 10
293.9859435902579
 20
1.7559322979942695
  0
LWPOLYLINE
  5
712
330
17
100
AcDbEntity
  8
VISTA
100
AcDbPolyline
 90
5
 70
1
 10
293.025
 20
1.809444
 10
293.934999
 20
1.809444
 10
293.934999
 20
1.803444
 10
293.025
 20
1.803444
 10
293.025
 20
1.809444
  0
LWPOLYLINE
  5
713
330
17
100
AcDbEntity
  8
VISTA
100
AcDbPolyline
 90
5
 70
1
 10
293.0307
 20
1.837222
 10
293.929999
 20
1.836522
 10
293.929299
 20
1.832222
 10
293.030205
 20
1.832922
 10
293.0307
 20
1.837222
  0
LWPOLYLINE
  5
714
330
17
100
AcDbEntity
  8
VISTA
100
AcDbPolyline
 90
5
 70
1
 10
293.014001
 20
2.778013
 10
293.025
 20
2.779013
 10
293.026
 20
1.839882
 10
293.014001
 20
1.839882
 10
293.014001
 20
2.778013
  0
LWPOLYLINE
  5
715
330
17
100
AcDbEntity
  8
VISTA
100
AcDbPolyline
 90
5
 70
1
 10
293.974
 20
2.778013
 10
293.984999
 20
2.779013
 10
293.985999
 20
1.839882
 10
293.974
 20
1.839882
 10
293.974
 20
2.778013
  0
LWPOLYLINE
  5
716
330
17
100
AcDbEntity
  8
VISTA
100
AcDbPolyline
 90
11
 70
1
 10
293.9765
 20
1.832222
 10
293.978974
 20
1.831197
 10
293.98
 20
1.828722
 10
293.98
 20
1.760722
 10
293.978974
 20
1.758247
 10
293.9765
 20
1.757222
 10
292.9835
 20
1.757222
 10
292.981025
 20
1.758247
 10
292.98
 20
1.760722
 10
292.981025
 20
1.831197
 10
293.9765
 20
1.832222
  0
LWPOLYLINE
  5
717
330
17
100
AcDbEntity
  8
VISTA
100
AcDbPolyline
 90
4
 70
1
 10
292.981746
 20
1.830476
 10
292.981746
 20
1.831192
 10
292.98103
 20
1.830476
 10
292.981746
 20
1.830476
  0
LWPOLYLINE
  5
718
330
17
100
AcDbEntity
  8
VISTA
100
AcDbPolyline
 90
4
 70
1
 10
292.981288
 20
1.75851
 10
292.981746
 20
1.758252
 10
292.981746
 20
1.758969
 10
292.981288
 20
1.75851
  0
LWPOLYLINE
  5
719
330
17
100
AcDbEntity
  8
VISTA
100
AcDbPolyline
 90
4
 70
1
 10
293.97897
 20
1.830476
 10
293.978253
 20
1.831192
 10
293.978253
 20
1.830476
 10
293.97897
 20
1.830476
  0
LWPOLYLINE
  5
71A
330
17
100
AcDbEntity
  8
VISTA
100
AcDbPolyline
 90
4
 70
1
 10
293.978253
 20
1.758252
 10
293.97897
 20
1.758969
 10
293.978253
 20
1.758969
 10
293.978253
 20
1.758252
  0
LWPOLYLINE
  5
71B
330
17
100
AcDbEntity
  8
VISTA
100
AcDbPolyline
 90
5
 70
1
 10
293.035
 20
1.739944
 10
293.924999
 20
1.739944
 10
293.924999
 20
1.704944
 10
293.035
 20
1.704944
 10
293.035
 20
1.739944
  0
LWPOLYLINE
  5
71C
330
17
100
AcDbEntity
  8
VISTA
100
AcDbPolyline
 90
5
 70
1
 10
293.014001
 20
2.86196
 10
293.025
 20
2.862961
 10
293.026
 20
1.923829
 10
293.014001
 20
1.923829
 10
293.014001
 20
2.86196
  0
LWPOLYLINE
  5
71D
330
17
100
AcDbEntity
  8
VISTA
100
AcDbPolyline
 90
5
 70
1
 10
293.974
 20
2.86196
 10
293.984999
 20
2.862961
 10
293.985999
 20
1.923829
 10
293.974
 20
1.923829
 10
293.974
 20
2.86196
  0
LWPOLYLINE
  5
71E
330
17
100
AcDbEntity
  8
VISTA
100
AcDbPolyline
 90
5
 70
1
 10
293.025
 20
1.983889
 10
293.934999
 20
1.983889
 10
293.934999
 20
1.977889
 10
293.025
 20
1.977889
 10
293.025
 20
1.983889
  0
LWPOLYLINE
  5
71F
330
17
100
AcDbEntity
  8
VISTA
100
AcDbPolyline
 90
5
 70
1
 10
293.0307
 20
2.014445
 10
293.929999
 20
2.013745
 10
293.929299
 20
2.009444
 10
293.030205
 20
2.010144
 10
293.0307
 20
2.014445
  0
LWPOLYLINE
  5
720
330
17
100
AcDbEntity
  8
VISTA
100
AcDbPolyline
 90
5
 70
1
 10
293.014001
 20
2.945908
 10
293.025
 20
2.946908
 10
293.026
 20
2.007776
 10
293.014001
 20
2.007776
 10
293.014001
 20
2.945908
  0
LWPOLYLINE
  5
721
330
17
100
AcDbEntity
  8
VISTA
100
AcDbPolyline
 90
5
 70
1
 10
293.974
 20
2.945908
 10
293.984999
 20
2.946908
 10
293.985999
 20
2.007776
 10
293.974
 20
2.007776
 10
293.974
 20
2.945908
  0
LWPOLYLINE
  5
722
330
17
100
AcDbEntity
  8
VISTA
100
AcDbPolyline
 90
9
 70
1
 10
294.212
 20
7.585143
 10
301.788
 20
7.585143
 10
301.790001
 20
7.583143
 10
301.790001
 20
7.532143
 10
301.788
 20
7.530143
 10
294.212
 20
7.530143
 10
294.21
 20
7.532143
 10
294.21
 20
7.583143
 10
294.212
 20
7.585143
  0
LWPOLYLINE
  5
723
330
17
100
AcDbEntity
  8
VISTA
100
AcDbPolyline
 90
11
 70
1
 10
293.9765
 20
2.009444
 10
293.978974
 20
2.008419
 10
293.98
 20
2.005944
 10
293.98
 20
1.937944
 10
293.978974
 20
1.93547
 10
293.9765
 20
1.934444
 10
292.9835
 20
1.934444
 10
292.981025
 20
1.93547
 10
292.98
 20
1.937944
 10
292.981025
 20
2.008419
 10
293.9765
 20
2.009444
  0
LWPOLYLINE
  5
724
330
17
100
AcDbEntity
  8
VISTA
100
AcDbPolyline
 90
4
 70
1
 10
292.981746
 20
2.007698
 10
292.981746
 20
2.008414
 10
292.98103
 20
2.007698
 10
292.981746
 20
2.007698
  0
LWPOLYLINE
  5
725
330
17
100
AcDbEntity
  8
VISTA
100
AcDbPolyline
 90
4
 70
1
 10
292.981288
 20
1.935733
 10
292.981746
 20
1.935475
 10
292.981746
 20
1.936191
 10
292.981288
 20
1.935733
  0
LWPOLYLINE
  5
726
330
17
100
AcDbEntity
  8
VISTA
100
AcDbPolyline
 90
4
 70
1
 10
292.98102734473605
 20
1.935808110940542
 10
292.98102734473605
 20
1.9358081109405418
 10
292.981288
 20
1.935733
 10
292.98102734473605
 20
1.935808110940542
  0
LWPOLYLINE
  5
727
330
17
100
AcDbEntity
  8
VISTA
100
AcDbPolyline
 90
4
 70
1
 10
293.97897
 20
2.007698
 10
293.978253
 20
2.008414
 10
293.978253
 20
2.007698
 10
293.97897
 20
2.007698
  0
LWPOLYLINE
  5
728
330
17
100
AcDbEntity
  8
VISTA
100
AcDbPolyline
 90
4
 70
1
 10
293.978253
 20
1.935475
 10
293.97897
 20
1.936191
 10
293.978253
 20
1.936191
 10
293.978253
 20
1.935475
  0
LWPOLYLINE
  5
729
330
17
100
AcDbEntity
  8
VISTA
100
AcDbPolyline
 90
5
 70
1
 10
293.035
 20
1.914389
 10
293.924999
 20
1.914389
 10
293.924999
 20
1.879389
 10
293.035
 20
1.879389
 10
293.035
 20
1.914389
  0
LWPOLYLINE
  5
72A
330
17
100
AcDbEntity
  8
VISTA
100
AcDbPolyline
 90
5
 70
1
 10
293.014001
 20
3.029855
 10
293.025
 20
3.030855
 10
293.026
 20
2.091724
 10
293.014001
 20
2.091724
 10
293.014001
 20
3.029855
  0
LWPOLYLINE
  5
72B
330
17
100
AcDbEntity
  8
VISTA
100
AcDbPolyline
 90
5
 70
1
 10
293.974
 20
3.029855
 10
293.984999
 20
3.030855
 10
293.985999
 20
2.091724
 10
293.974
 20
2.091724
 10
293.974
 20
3.029855
  0
LWPOLYLINE
  5
72C
330
17
100
AcDbEntity
  8
VISTA
100
AcDbPolyline
 90
5
 70
1
 10
293.025
 20
2.158333
 10
293.934999
 20
2.158333
 10
293.934999
 20
2.152333
 10
293.025
 20
2.152333
 10
293.025
 20
2.158333
  0
LWPOLYLINE
  5
72D
330
17
100
AcDbEntity
  8
VISTA
100
AcDbPolyline
 90
5
 70
1
 10
293.0307
 20
2.191667
 10
293.929999
 20
2.190967
 10
293.929299
 20
2.186666
 10
293.030205
 20
2.187366
 10
293.0307
 20
2.191667
  0
LWPOLYLINE
  5
72E
330
17
100
AcDbEntity
  8
VISTA
100
AcDbPolyline
 90
5
 70
1
 10
293.014001
 20
3.113803
 10
293.025
 20
3.114803
 10
293.026
 20
2.175671
 10
293.014001
 20
2.175671
 10
293.014001
 20
3.113803
  0
LWPOLYLINE
  5
72F
330
17
100
AcDbEntity
  8
VISTA
100
AcDbPolyline
 90
5
 70
1
 10
293.974
 20
3.113803
 10
293.984999
 20
3.114803
 10
293.985999
 20
2.175671
 10
293.974
 20
2.175671
 10
293.974
 20
3.113803
  0
LWPOLYLINE
  5
730
330
17
100
AcDbEntity
  8
VISTA
100
AcDbPolyline
 90
5
 70
1
 10
299.473059
 20
1.231414
 10
299.473059
 20
1.208586
 10
299.438601
 20
1.208586
 10
299.438601
 20
1.231414
 10
299.473059
 20
1.231414
  0
LWPOLYLINE
  5
731
330
17
100
AcDbEntity
  8
VISTA
100
AcDbPolyline
 90
11
 70
1
 10
293.9765
 20
2.186666
 10
293.978974
 20
2.185642
 10
293.98
 20
2.183167
 10
293.98
 20
2.115167
 10
293.978974
 20
2.112692
 10
293.9765
 20
2.111667
 10
292.9835
 20
2.111667
 10
292.981025
 20
2.112692
 10
292.98
 20
2.115167
 10
292.981025
 20
2.185642
 10
293.9765
 20
2.186666
  0
LWPOLYLINE
  5
732
330
17
100
AcDbEntity
  8
VISTA
100
AcDbPolyline
 90
4
 70
1
 10
292.981746
 20
2.18492
 10
292.981746
 20
2.185637
 10
292.98103
 20
2.18492
 10
292.981746
 20
2.18492
  0
LWPOLYLINE
  5
733
330
17
100
AcDbEntity
  8
VISTA
100
AcDbPolyline
 90
4
 70
1
 10
292.98102734840637
 20
2.1853028901171068
 10
292.981288
 20
2.185378
 10
292.98102734840637
 20
2.185302890117107
 10
292.98102734840637
 20
2.1853028901171068
  0
LWPOLYLINE
  5
734
330
17
100
AcDbEntity
  8
VISTA
100
AcDbPolyline
 90
4
 70
1
 10
292.981288
 20
2.112955
 10
292.981746
 20
2.112697
 10
292.981746
 20
2.113413
 10
292.981288
 20
2.112955
  0
LWPOLYLINE
  5
735
330
17
100
AcDbEntity
  8
VISTA
100
AcDbPolyline
 90
4
 70
1
 10
293.97897
 20
2.18492
 10
293.978253
 20
2.185637
 10
293.978253
 20
2.18492
 10
293.97897
 20
2.18492
  0
LWPOLYLINE
  5
736
330
17
100
AcDbEntity
  8
VISTA
100
AcDbPolyline
 90
4
 70
1
 10
293.978253
 20
2.112697
 10
293.97897
 20
2.113413
 10
293.978253
 20
2.113413
 10
293.978253
 20
2.112697
  0
LWPOLYLINE
  5
737
330
17
100
AcDbEntity
  8
VISTA
100
AcDbPolyline
 90
5
 70
1
 10
293.035
 20
2.088833
 10
293.924999
 20
2.088833
 10
293.924999
 20
2.053833
 10
293.035
 20
2.053833
 10
293.035
 20
2.088833
  0
LWPOLYLINE
  5
738
330
17
100
AcDbEntity
  8
VISTA
100
AcDbPolyline
 90
5
 70
1
 10
293.014001
 20
3.19775
 10
293.025
 20
3.19875
 10
293.026
 20
2.259619
 10
293.014001
 20
2.259619
 10
293.014001
 20
3.19775
  0
LWPOLYLINE
  5
739
330
17
100
AcDbEntity
  8
VISTA
100
AcDbPolyline
 90
5
 70
1
 10
293.974
 20
3.19775
 10
293.984999
 20
3.19875
 10
293.985999
 20
2.259619
 10
293.974
 20
2.259619
 10
293.974
 20
3.19775
  0
LWPOLYLINE
  5
73A
330
17
100
AcDbEntity
  8
VISTA
100
AcDbPolyline
 90
8
 70
1
 10
292.9775
 20
3.235174
 10
292.9792
 20
3.236875
 10
293.010799
 20
3.236875
 10
293.0125
 20
3.235174
 10
293.0125
 20
2.188159
 10
293.010799
 20
2.186459
 10
292.978216
 20
2.187188
 10
292.9775
 20
3.235174
  0
LWPOLYLINE
  5
73B
330
17
100
AcDbEntity
  8
VISTA
100
AcDbPolyline
 90
4
 70
1
 10
293.0121859225309
 20
3.2347463533753156
 10
293.0121859225309
 20
3.234746353375316
 10
293.0121859224685
 20
3.2347459987358995
 10
293.0121859225309
 20
3.2347463533753156
  0
LWPOLYLINE
  5
73C
330
17
100
AcDbEntity
  8
VISTA
100
AcDbPolyline
 90
8
 70
1
 10
293.9475
 20
3.235174
 10
293.9492
 20
3.236875
 10
293.980801
 20
3.236875
 10
293.9825
 20
3.235174
 10
293.9825
 20
2.188159
 10
293.980801
 20
2.186459
 10
293.948216
 20
2.187188
 10
293.9475
 20
3.235174
  0
LWPOLYLINE
  5
73D
330
17
100
AcDbEntity
  8
VISTA
100
AcDbPolyline
 90
4
 70
1
 10
293.98218592253085
 20
3.2347463533753156
 10
293.98218592253085
 20
3.234746353375316
 10
293.9821859224685
 20
3.2347459987358995
 10
293.98218592253085
 20
3.2347463533753156
  0
LWPOLYLINE
  5
73E
330
17
100
AcDbEntity
  8
VISTA
100
AcDbPolyline
 90
5
 70
1
 10
293.025
 20
2.332778
 10
293.934999
 20
2.332778
 10
293.934999
 20
2.326778
 10
293.025
 20
2.326778
 10
293.025
 20
2.332778
  0
LWPOLYLINE
  5
73F
330
17
100
AcDbEntity
  8
VISTA
100
AcDbPolyline
 90
5
 70
1
 10
293.0307
 20
2.368889
 10
293.929999
 20
2.368189
 10
293.929299
 20
2.363889
 10
293.030205
 20
2.364589
 10
293.0307
 20
2.368889
  0
LWPOLYLINE
  5
740
330
17
100
AcDbEntity
  8
VISTA
100
AcDbPolyline
 90
5
 70
1
 10
293.014001
 20
3.281697
 10
293.025
 20
3.282697
 10
293.026
 20
2.343566
 10
293.014001
 20
2.343566
 10
293.014001
 20
3.281697
  0
LWPOLYLINE
  5
741
330
17
100
AcDbEntity
  8
VISTA
100
AcDbPolyline
 90
5
 70
1
 10
293.974
 20
3.281697
 10
293.984999
 20
3.282697
 10
293.985999
 20
2.343566
 10
293.974
 20
2.343566
 10
293.974
 20
3.281697
  0
LWPOLYLINE
  5
742
330
17
100
AcDbEntity
  8
VISTA
100
AcDbPolyline
 90
11
 70
1
 10
293.9765
 20
2.363889
 10
293.978974
 20
2.362864
 10
293.98
 20
2.360389
 10
293.98
 20
2.292389
 10
293.978974
 20
2.289914
 10
293.9765
 20
2.288889
 10
292.9835
 20
2.288889
 10
292.981025
 20
2.289914
 10
292.98
 20
2.292389
 10
292.981025
 20
2.362864
 10
293.9765
 20
2.363889
  0
LWPOLYLINE
  5
743
330
17
100
AcDbEntity
  8
VISTA
100
AcDbPolyline
 90
4
 70
1
 10
292.981746
 20
2.362142
 10
292.981746
 20
2.362859
 10
292.98103
 20
2.362142
 10
292.981746
 20
2.362142
  0
LWPOLYLINE
  5
744
330
17
100
AcDbEntity
  8
VISTA
100
AcDbPolyline
 90
4
 70
1
 10
292.981288
 20
2.290177
 10
292.981746
 20
2.289919
 10
292.981746
 20
2.290635
 10
292.981288
 20
2.290177
  0
LWPOLYLINE
  5
745
330
17
100
AcDbEntity
  8
VISTA
100
AcDbPolyline
 90
4
 70
1
 10
293.97897
 20
2.362142
 10
293.978253
 20
2.362859
 10
293.978253
 20
2.362142
 10
293.97897
 20
2.362142
  0
LWPOLYLINE
  5
746
330
17
100
AcDbEntity
  8
VISTA
100
AcDbPolyline
 90
4
 70
1
 10
293.978253
 20
2.289919
 10
293.97897
 20
2.290635
 10
293.978253
 20
2.290635
 10
293.978253
 20
2.289919
  0
LWPOLYLINE
  5
747
330
17
100
AcDbEntity
  8
VISTA
100
AcDbPolyline
 90
5
 70
1
 10
293.035
 20
2.263278
 10
293.924999
 20
2.263278
 10
293.924999
 20
2.228278
 10
293.035
 20
2.228278
 10
293.035
 20
2.263278
  0
LWPOLYLINE
  5
748
330
17
100
AcDbEntity
  8
VISTA
100
AcDbPolyline
 90
9
 70
1
 10
299.468477
 20
2.36
 10
299.538851
 20
2.36
 10
299.542349
 20
2.3565
 10
299.542349
 20
0.2135
 10
299.538851
 20
0.21
 10
299.468477
 20
0.21
 10
299.46497899999997
 20
0.2135
 10
299.46497899999997
 20
2.3565
 10
299.468477
 20
2.36
  0
LWPOLYLINE
  5
749
330
17
100
AcDbEntity
  8
VISTA
100
AcDbPolyline
 90
5
 70
1
 10
293.014001
 20
3.365644
 10
293.025
 20
3.366645
 10
293.026
 20
2.427513
 10
293.014001
 20
2.427513
 10
293.014001
 20
3.365644
  0
LWPOLYLINE
  5
74A
330
17
100
AcDbEntity
  8
VISTA
100
AcDbPolyline
 90
5
 70
1
 10
293.974
 20
3.365644
 10
293.984999
 20
3.366645
 10
293.985999
 20
2.427513
 10
293.974
 20
2.427513
 10
293.974
 20
3.365644
  0
LWPOLYLINE
  5
74B
330
17
100
AcDbEntity
  8
VISTA
100
AcDbPolyline
 90
5
 70
1
 10
293.025
 20
2.507222
 10
293.934999
 20
2.507222
 10
293.934999
 20
2.501222
 10
293.025
 20
2.501222
 10
293.025
 20
2.507222
  0
LWPOLYLINE
  5
74C
330
17
100
AcDbEntity
  8
VISTA
100
AcDbPolyline
 90
5
 70
1
 10
293.0307
 20
2.546111
 10
293.929999
 20
2.545411
 10
293.929299
 20
2.541111
 10
293.030205
 20
2.541811
 10
293.0307
 20
2.546111
  0
LWPOLYLINE
  5
74D
330
17
100
AcDbEntity
  8
VISTA
100
AcDbPolyline
 90
5
 70
1
 10
293.014001
 20
3.449592
 10
293.025
 20
3.450592
 10
293.026
 20
2.511461
 10
293.014001
 20
2.511461
 10
293.014001
 20
3.449592
  0
LWPOLYLINE
  5
74E
330
17
100
AcDbEntity
  8
VISTA
100
AcDbPolyline
 90
5
 70
1
 10
293.974
 20
3.449592
 10
293.984999
 20
3.450592
 10
293.985999
 20
2.511461
 10
293.974
 20
2.511461
 10
293.974
 20
3.449592
  0
LWPOLYLINE
  5
74F
330
17
100
AcDbEntity
  8
VISTA
100
AcDbPolyline
 90
11
 70
1
 10
293.9765
 20
2.541111
 10
293.978974
 20
2.540086
 10
293.98
 20
2.537611
 10
293.98
 20
2.469611
 10
293.978974
 20
2.467136
 10
293.9765
 20
2.466111
 10
292.9835
 20
2.466111
 10
292.981025
 20
2.467136
 10
292.98
 20
2.469611
 10
292.981025
 20
2.540086
 10
293.9765
 20
2.541111
  0
LWPOLYLINE
  5
750
330
17
100
AcDbEntity
  8
VISTA
100
AcDbPolyline
 90
4
 70
1
 10
292.981746
 20
2.539365
 10
292.981746
 20
2.540081
 10
292.98103
 20
2.539365
 10
292.981746
 20
2.539365
  0
LWPOLYLINE
  5
751
330
17
100
AcDbEntity
  8
VISTA
100
AcDbPolyline
 90
4
 70
1
 10
292.981027347546
 20
2.539747483868464
 10
292.981288
 20
2.539823
 10
292.981027347546
 20
2.5397474838684646
 10
292.981027347546
 20
2.539747483868464
  0
LWPOLYLINE
  5
752
330
17
100
AcDbEntity
  8
VISTA
100
AcDbPolyline
 90
4
 70
1
 10
292.981288
 20
2.467399
 10
292.981746
 20
2.467141
 10
292.981746
 20
2.467858
 10
292.981288
 20
2.467399
  0
LWPOLYLINE
  5
753
330
17
100
AcDbEntity
  8
VISTA
100
AcDbPolyline
 90
4
 70
1
 10
293.97897
 20
2.539365
 10
293.978253
 20
2.540081
 10
293.978253
 20
2.539365
 10
293.97897
 20
2.539365
  0
LWPOLYLINE
  5
754
330
17
100
AcDbEntity
  8
VISTA
100
AcDbPolyline
 90
4
 70
1
 10
293.978253
 20
2.467141
 10
293.97897
 20
2.467858
 10
293.978253
 20
2.467858
 10
293.978253
 20
2.467141
  0
LWPOLYLINE
  5
755
330
17
100
AcDbEntity
  8
VISTA
100
AcDbPolyline
 90
5
 70
1
 10
293.035
 20
2.437722
 10
293.924999
 20
2.437722
 10
293.924999
 20
2.402722
 10
293.035
 20
2.402722
 10
293.035
 20
2.437722
  0
LWPOLYLINE
  5
756
330
17
100
AcDbEntity
  8
VISTA
100
AcDbPolyline
 90
5
 70
1
 10
293.014001
 20
3.533539
 10
293.025
 20
3.534539
 10
293.026
 20
2.595408
 10
293.014001
 20
2.595408
 10
293.014001
 20
3.533539
  0
LWPOLYLINE
  5
757
330
17
100
AcDbEntity
  8
VISTA
100
AcDbPolyline
 90
5
 70
1
 10
293.974
 20
3.533539
 10
293.984999
 20
3.534539
 10
293.985999
 20
2.595408
 10
293.974
 20
2.595408
 10
293.974
 20
3.533539
  0
LWPOLYLINE
  5
758
330
17
100
AcDbEntity
  8
VISTA
100
AcDbPolyline
 90
5
 70
1
 10
293.025
 20
2.681667
 10
293.934999
 20
2.681667
 10
293.934999
 20
2.675667
 10
293.025
 20
2.675667
 10
293.025
 20
2.681667
  0
LWPOLYLINE
  5
759
330
17
100
AcDbEntity
  8
VISTA
100
AcDbPolyline
 90
5
 70
1
 10
293.0307
 20
2.723333
 10
293.929999
 20
2.722633
 10
293.929299
 20
2.718333
 10
293.030205
 20
2.719033
 10
293.0307
 20
2.723333
  0
LWPOLYLINE
  5
75A
330
17
100
AcDbEntity
  8
VISTA
100
AcDbPolyline
 90
5
 70
1
 10
293.014001
 20
3.617487
 10
293.025
 20
3.618487
 10
293.026
 20
2.679355
 10
293.014001
 20
2.679355
 10
293.014001
 20
3.617487
  0
LWPOLYLINE
  5
75B
330
17
100
AcDbEntity
  8
VISTA
100
AcDbPolyline
 90
5
 70
1
 10
293.974
 20
3.617487
 10
293.984999
 20
3.618487
 10
293.985999
 20
2.679355
 10
293.974
 20
2.679355
 10
293.974
 20
3.617487
  0
LWPOLYLINE
  5
75C
330
17
100
AcDbEntity
  8
VISTA
100
AcDbPolyline
 90
9
 70
1
 10
294.212
 20
7.734429
 10
301.788
 20
7.734429
 10
301.790001
 20
7.732429
 10
301.790001
 20
7.681429
 10
301.788
 20
7.679429
 10
294.212
 20
7.679429
 10
294.21
 20
7.681429
 10
294.21
 20
7.732429
 10
294.212
 20
7.734429
  0
LWPOLYLINE
  5
75D
330
17
100
AcDbEntity
  8
VISTA
100
AcDbPolyline
 90
11
 70
1
 10
293.9765
 20
2.718333
 10
293.978974
 20
2.717308
 10
293.98
 20
2.714833
 10
293.98
 20
2.646833
 10
293.978974
 20
2.644358
 10
293.9765
 20
2.643333
 10
292.9835
 20
2.643333
 10
292.981025
 20
2.644358
 10
292.98
 20
2.646833
 10
292.981025
 20
2.717308
 10
293.9765
 20
2.718333
  0
LWPOLYLINE
  5
75E
330
17
100
AcDbEntity
  8
VISTA
100
AcDbPolyline
 90
4
 70
1
 10
292.981746
 20
2.716587
 10
292.981746
 20
2.717303
 10
292.98103
 20
2.716587
 10
292.981746
 20
2.716587
  0
LWPOLYLINE
  5
75F
330
17
100
AcDbEntity
  8
VISTA
100
AcDbPolyline
 90
4
 70
1
 10
292.981288
 20
2.644622
 10
292.981746
 20
2.644363
 10
292.981746
 20
2.64508
 10
292.981288
 20
2.644622
  0
LWPOLYLINE
  5
760
330
17
100
AcDbEntity
  8
VISTA
100
AcDbPolyline
 90
4
 70
1
 10
293.97897
 20
2.716587
 10
293.978253
 20
2.717303
 10
293.978253
 20
2.716587
 10
293.97897
 20
2.716587
  0
LWPOLYLINE
  5
761
330
17
100
AcDbEntity
  8
VISTA
100
AcDbPolyline
 90
4
 70
1
 10
293.978253
 20
2.644363
 10
293.97897
 20
2.64508
 10
293.978253
 20
2.64508
 10
293.978253
 20
2.644363
  0
LWPOLYLINE
  5
762
330
17
100
AcDbEntity
  8
VISTA
100
AcDbPolyline
 90
5
 70
1
 10
293.035
 20
2.612167
 10
293.924999
 20
2.612167
 10
293.924999
 20
2.577167
 10
293.035
 20
2.577167
 10
293.035
 20
2.612167
  0
LWPOLYLINE
  5
763
330
17
100
AcDbEntity
  8
VISTA
100
AcDbPolyline
 90
8
 70
1
 10
300.197001
 20
2.6
 10
300.199999
 20
2.597
 10
300.199999
 20
2.383
 10
300.197001
 20
2.38
 10
299.442999
 20
2.38
 10
299.440001
 20
2.383
 10
299.440878
 20
2.599121
 10
300.197001
 20
2.6
  0
LWPOLYLINE
  5
764
330
17
100
AcDbEntity
  8
VISTA
100
AcDbPolyline
 90
5
 70
1
 10
293.014001
 20
3.701434
 10
293.025
 20
3.702434
 10
293.026
 20
2.763303
 10
293.014001
 20
2.763303
 10
293.014001
 20
3.701434
  0
LWPOLYLINE
  5
765
330
17
100
AcDbEntity
  8
VISTA
100
AcDbPolyline
 90
5
 70
1
 10
293.974
 20
3.701434
 10
293.984999
 20
3.702434
 10
293.985999
 20
2.763303
 10
293.974
 20
2.763303
 10
293.974
 20
3.701434
  0
LWPOLYLINE
  5
766
330
17
100
AcDbEntity
  8
VISTA
100
AcDbPolyline
 90
8
 70
1
 10
292.9775
 20
3.766841
 10
292.9792
 20
3.768541
 10
293.010799
 20
3.768541
 10
293.0125
 20
3.766841
 10
293.0125
 20
2.719826
 10
293.010799
 20
2.718126
 10
292.978216
 20
2.718855
 10
292.9775
 20
3.766841
  0
LWPOLYLINE
  5
767
330
17
100
AcDbEntity
  8
VISTA
100
AcDbPolyline
 90
4
 70
1
 10
292.97821642239694
 20
3.766409732780181
 10
292.978216
 20
3.766859
 10
292.97821642239694
 20
3.7664097327801787
 10
292.97821642239694
 20
3.766409732780181
  0
LWPOLYLINE
  5
768
330
17
100
AcDbEntity
  8
VISTA
100
AcDbPolyline
 90
8
 70
1
 10
293.9475
 20
3.766841
 10
293.9492
 20
3.768541
 10
293.980801
 20
3.768541
 10
293.9825
 20
3.766841
 10
293.9825
 20
2.719826
 10
293.980801
 20
2.718126
 10
293.948216
 20
2.718855
 10
293.9475
 20
3.766841
  0
LWPOLYLINE
  5
769
330
17
100
AcDbEntity
  8
VISTA
100
AcDbPolyline
 90
4
 70
1
 10
293.9482164223969
 20
3.766409732780181
 10
293.948216
 20
3.766859
 10
293.9482164223969
 20
3.7664097327801787
 10
293.9482164223969
 20
3.766409732780181
  0
LWPOLYLINE
  5
76A
330
17
100
AcDbEntity
  8
VISTA
100
AcDbPolyline
 90
5
 70
1
 10
293.025
 20
2.856111
 10
293.934999
 20
2.856111
 10
293.934999
 20
2.850111
 10
293.025
 20
2.850111
 10
293.025
 20
2.856111
  0
LWPOLYLINE
  5
76B
330
17
100
AcDbEntity
  8
VISTA
100
AcDbPolyline
 90
5
 70
1
 10
293.0307
 20
2.900556
 10
293.929999
 20
2.899856
 10
293.929299
 20
2.895555
 10
293.030205
 20
2.896255
 10
293.0307
 20
2.900556
  0
LWPOLYLINE
  5
76C
330
17
100
AcDbEntity
  8
VISTA
100
AcDbPolyline
 90
5
 70
1
 10
293.014001
 20
3.785381
 10
293.025
 20
3.786381
 10
293.026
 20
2.84725
 10
293.014001
 20
2.84725
 10
293.014001
 20
3.785381
  0
LWPOLYLINE
  5
76D
330
17
100
AcDbEntity
  8
VISTA
100
AcDbPolyline
 90
5
 70
1
 10
293.974
 20
3.785381
 10
293.984999
 20
3.786381
 10
293.985999
 20
2.84725
 10
293.974
 20
2.84725
 10
293.974
 20
3.785381
  0
LWPOLYLINE
  5
76E
330
17
100
AcDbEntity
  8
VISTA
100
AcDbPolyline
 90
5
 70
1
 10
293.9675
 20
5.78
 10
294.0025
 20
5.78
 10
294.0025
 20
4.06
 10
293.9675
 20
4.06
 10
293.9675
 20
5.78
  0
LWPOLYLINE
  5
76F
330
17
100
AcDbEntity
  8
VISTA
100
AcDbPolyline
 90
11
 70
1
 10
293.9765
 20
2.895555
 10
293.978974
 20
2.894531
 10
293.98
 20
2.892056
 10
293.98
 20
2.824056
 10
293.978974
 20
2.821581
 10
293.9765
 20
2.820556
 10
292.9835
 20
2.820556
 10
292.981025
 20
2.821581
 10
292.98
 20
2.824056
 10
292.981025
 20
2.894531
 10
293.9765
 20
2.895555
  0
LWPOLYLINE
  5
770
330
17
100
AcDbEntity
  8
VISTA
100
AcDbPolyline
 90
4
 70
1
 10
292.981746
 20
2.893809
 10
292.981746
 20
2.894526
 10
292.98103
 20
2.893809
 10
292.981746
 20
2.893809
  0
LWPOLYLINE
  5
771
330
17
100
AcDbEntity
  8
VISTA
100
AcDbPolyline
 90
4
 70
1
 10
292.98102734840637
 20
2.894191890117107
 10
292.981288
 20
2.894267
 10
292.98102734840637
 20
2.8941918901171073
 10
292.98102734840637
 20
2.894191890117107
  0
LWPOLYLINE
  5
772
330
17
100
AcDbEntity
  8
VISTA
100
AcDbPolyline
 90
4
 70
1
 10
292.981288
 20
2.821844
 10
292.981746
 20
2.821586
 10
292.981746
 20
2.822302
 10
292.981288
 20
2.821844
  0
LWPOLYLINE
  5
773
330
17
100
AcDbEntity
  8
VISTA
100
AcDbPolyline
 90
4
 70
1
 10
293.97897
 20
2.893809
 10
293.978253
 20
2.894526
 10
293.978253
 20
2.893809
 10
293.97897
 20
2.893809
  0
LWPOLYLINE
  5
774
330
17
100
AcDbEntity
  8
VISTA
100
AcDbPolyline
 90
4
 70
1
 10
293.978253
 20
2.821586
 10
293.97897
 20
2.822302
 10
293.978253
 20
2.822302
 10
293.978253
 20
2.821586
  0
LWPOLYLINE
  5
775
330
17
100
AcDbEntity
  8
VISTA
100
AcDbPolyline
 90
5
 70
1
 10
293.035
 20
2.786611
 10
293.924999
 20
2.786611
 10
293.924999
 20
2.751611
 10
293.035
 20
2.751611
 10
293.035
 20
2.786611
  0
LWPOLYLINE
  5
776
330
17
100
AcDbEntity
  8
VISTA
100
AcDbPolyline
 90
5
 70
1
 10
293.014001
 20
3.869329
 10
293.025
 20
3.870329
 10
293.026
 20
2.931197
 10
293.014001
 20
2.931197
 10
293.014001
 20
3.869329
  0
LWPOLYLINE
  5
777
330
17
100
AcDbEntity
  8
VISTA
100
AcDbPolyline
 90
5
 70
1
 10
293.974
 20
3.869329
 10
293.984999
 20
3.870329
 10
293.985999
 20
2.931197
 10
293.974
 20
2.931197
 10
293.974
 20
3.869329
  0
LWPOLYLINE
  5
778
330
17
100
AcDbEntity
  8
VISTA
100
AcDbPolyline
 90
12
 70
1
 10
293.926499
 20
5.78
 10
294.0435
 20
5.78
 10
294.046329
 20
5.778829
 10
294.0475
 20
5.776
 10
294.0475
 20
4.064
 10
294.046329
 20
4.061172
 10
294.0435
 20
4.06
 10
293.926499
 20
4.06
 10
293.923671
 20
4.061172
 10
293.9225
 20
4.064
 10
293.923238
 20
5.778316
 10
293.926499
 20
5.78
  0
LWPOLYLINE
  5
779
330
17
100
AcDbEntity
  8
VISTA
100
AcDbPolyline
 90
4
 70
1
 10
293.924191
 20
5.778309
 10
293.924705
 20
5.778528
 10
293.923972
 20
5.778528
 10
293.924191
 20
5.778309
  0
LWPOLYLINE
  5
77A
330
17
100
AcDbEntity
  8
VISTA
100
AcDbPolyline
 90
4
 70
1
 10
293.924191
 20
4.061691
 10
293.923972
 20
4.062205
 10
293.923972
 20
4.061472
 10
293.924191
 20
4.061691
  0
LWPOLYLINE
  5
77B
330
17
100
AcDbEntity
  8
VISTA
100
AcDbPolyline
 90
4
 70
1
 10
294.045809
 20
4.061691
 10
294.045295
 20
4.061472
 10
294.046027
 20
4.061472
 10
294.045809
 20
4.061691
  0
LWPOLYLINE
  5
77C
330
17
100
AcDbEntity
  8
VISTA
100
AcDbPolyline
 90
4
 70
1
 10
294.046027
 20
5.778528
 10
294.045295
 20
5.778528
 10
294.045809
 20
5.778309
 10
294.046027
 20
5.778528
  0
LWPOLYLINE
  5
77D
330
17
100
AcDbEntity
  8
VISTA
100
AcDbPolyline
 90
5
 70
1
 10
293.889999
 20
5.78
 10
293.92
 20
5.78
 10
293.92
 20
4.02
 10
293.889999
 20
4.02
 10
293.889999
 20
5.78
  0
LWPOLYLINE
  5
77E
330
17
100
AcDbEntity
  8
VISTA
100
AcDbPolyline
 90
5
 70
1
 10
293.025
 20
3.030555
 10
293.934999
 20
3.030555
 10
293.934999
 20
3.024555
 10
293.025
 20
3.024555
 10
293.025
 20
3.030555
  0
LWPOLYLINE
  5
77F
330
17
100
AcDbEntity
  8
VISTA
100
AcDbPolyline
 90
5
 70
1
 10
293.0307
 20
3.077778
 10
293.929999
 20
3.077078
 10
293.929299
 20
3.072778
 10
293.030205
 20
3.073478
 10
293.0307
 20
3.077778
  0
LWPOLYLINE
  5
780
330
17
100
AcDbEntity
  8
VISTA
100
AcDbPolyline
 90
5
 70
1
 10
293.014001
 20
3.953276
 10
293.025
 20
3.954276
 10
293.026
 20
3.015145
 10
293.014001
 20
3.015145
 10
293.014001
 20
3.953276
  0
LWPOLYLINE
  5
781
330
17
100
AcDbEntity
  8
VISTA
100
AcDbPolyline
 90
5
 70
1
 10
293.974
 20
3.953276
 10
293.984999
 20
3.954276
 10
293.985999
 20
3.015145
 10
293.974
 20
3.015145
 10
293.974
 20
3.953276
  0
LWPOLYLINE
  5
782
330
17
100
AcDbEntity
  8
VISTA
100
AcDbPolyline
 90
9
 70
1
 10
294.0
 20
6.3955
 10
294.0045
 20
6.4
 10
294.1955
 20
6.4
 10
294.200001
 20
6.3955
 10
294.200001
 20
3.2045
 10
294.1955
 20
3.2
 10
294.0045
 20
3.2
 10
294.0
 20
3.2045
 10
294.0
 20
6.3955
  0
LWPOLYLINE
  5
783
330
17
100
AcDbEntity
  8
VISTA
100
AcDbPolyline
 90
11
 70
1
 10
293.9765
 20
3.072778
 10
293.978974
 20
3.071753
 10
293.98
 20
3.069278
 10
293.98
 20
3.001278
 10
293.978974
 20
2.998803
 10
293.9765
 20
2.997778
 10
292.9835
 20
2.997778
 10
292.981025
 20
2.998803
 10
292.98
 20
3.001278
 10
292.981025
 20
3.071753
 10
293.9765
 20
3.072778
  0
LWPOLYLINE
  5
784
330
17
100
AcDbEntity
  8
VISTA
100
AcDbPolyline
 90
4
 70
1
 10
292.981746
 20
3.071031
 10
292.981746
 20
3.071747
 10
292.98103
 20
3.071031
 10
292.981746
 20
3.071031
  0
LWPOLYLINE
  5
785
330
17
100
AcDbEntity
  8
VISTA
100
AcDbPolyline
 90
4
 70
1
 10
292.98102734840637
 20
3.071413890117107
 10
292.981288
 20
3.071489
 10
292.98102734840637
 20
3.0714138901171073
 10
292.98102734840637
 20
3.071413890117107
  0
LWPOLYLINE
  5
786
330
17
100
AcDbEntity
  8
VISTA
100
AcDbPolyline
 90
4
 70
1
 10
292.981288
 20
2.999066
 10
292.981746
 20
2.998808
 10
292.981746
 20
2.999524
 10
292.981288
 20
2.999066
  0
LWPOLYLINE
  5
787
330
17
100
AcDbEntity
  8
VISTA
100
AcDbPolyline
 90
4
 70
1
 10
293.97897
 20
3.071031
 10
293.978253
 20
3.071747
 10
293.978253
 20
3.071031
 10
293.97897
 20
3.071031
  0
LWPOLYLINE
  5
788
330
17
100
AcDbEntity
  8
VISTA
100
AcDbPolyline
 90
4
 70
1
 10
293.978253
 20
2.998808
 10
293.97897
 20
2.999524
 10
293.978253
 20
2.999524
 10
293.978253
 20
2.998808
  0
LWPOLYLINE
  5
789
330
17
100
AcDbEntity
  8
VISTA
100
AcDbPolyline
 90
5
 70
1
 10
293.035
 20
2.961056
 10
293.924999
 20
2.961056
 10
293.924999
 20
2.926056
 10
293.035
 20
2.926056
 10
293.035
 20
2.961056
  0
LWPOLYLINE
  5
78A
330
17
100
AcDbEntity
  8
VISTA
100
AcDbPolyline
 90
5
 70
1
 10
293.014001
 20
4.037223
 10
293.025
 20
4.038223
 10
293.026
 20
3.099092
 10
293.014001
 20
3.099092
 10
293.014001
 20
4.037223
  0
LWPOLYLINE
  5
78B
330
17
100
AcDbEntity
  8
VISTA
100
AcDbPolyline
 90
5
 70
1
 10
293.974
 20
4.037223
 10
293.984999
 20
4.038223
 10
293.985999
 20
3.099092
 10
293.974
 20
3.099092
 10
293.974
 20
4.037223
  0
LWPOLYLINE
  5
78C
330
17
100
AcDbEntity
  8
VISTA
100
AcDbPolyline
 90
5
 70
1
 10
293.025
 20
3.205
 10
293.934999
 20
3.205
 10
293.934999
 20
3.199
 10
293.025
 20
3.199
 10
293.025
 20
3.205
  0
LWPOLYLINE
  5
78D
330
17
100
AcDbEntity
  8
VISTA
100
AcDbPolyline
 90
5
 70
1
 10
293.014001
 20
4.121171
 10
293.025
 20
4.12217
 10
293.026
 20
3.183039
 10
293.014001
 20
3.183039
 10
293.014001
 20
4.121171
  0
LWPOLYLINE
  5
78E
330
17
100
AcDbEntity
  8
VISTA
100
AcDbPolyline
 90
4
 70
1
 10
293.0140564097421
 20
4.1211727020057305
 10
293.0140564097421
 20
4.121172702005731
 10
293.014001
 20
4.121171
 10
293.0140564097421
 20
4.1211727020057305
  0
LWPOLYLINE
  5
78F
330
17
100
AcDbEntity
  8
VISTA
100
AcDbPolyline
 90
5
 70
1
 10
293.974
 20
4.121171
 10
293.984999
 20
4.12217
 10
293.985999
 20
3.183039
 10
293.974
 20
3.183039
 10
293.974
 20
4.121171
  0
LWPOLYLINE
  5
790
330
17
100
AcDbEntity
  8
VISTA
100
AcDbPolyline
 90
4
 70
1
 10
293.9740554097421
 20
4.1211727020057305
 10
293.9740554097421
 20
4.121172702005731
 10
293.974
 20
4.121171
 10
293.9740554097421
 20
4.1211727020057305
  0
LWPOLYLINE
  5
791
330
17
100
AcDbEntity
  8
VISTA
100
AcDbPolyline
 90
5
 70
1
 10
293.0307
 20
3.255
 10
293.929999
 20
3.2543
 10
293.929299
 20
3.25
 10
293.030205
 20
3.2507
 10
293.0307
 20
3.255
  0
LWPOLYLINE
  5
792
330
17
100
AcDbEntity
  8
VISTA
100
AcDbPolyline
 90
5
 70
1
 10
294.185
 20
3.242
 10
294.185
 20
3.202
 10
293.835
 20
3.202
 10
293.835
 20
3.242
 10
294.185
 20
3.242
  0
LWPOLYLINE
  5
793
330
17
100
AcDbEntity
  8
VISTA
100
AcDbPolyline
 90
8
 70
1
 10
293.875
 20
5.8683
 10
293.8767
 20
5.87
 10
293.9833
 20
5.87
 10
293.985001
 20
5.8683
 10
293.985001
 20
3.2717
 10
293.9833
 20
3.27
 10
293.875849
 20
3.270501
 10
293.875
 20
5.8683
  0
LWPOLYLINE
  5
794
330
17
100
AcDbEntity
  8
VISTA
100
AcDbPolyline
 90
11
 70
1
 10
293.9765
 20
3.25
 10
293.978974
 20
3.248975
 10
293.98
 20
3.2465
 10
293.98
 20
3.1785
 10
293.978974
 20
3.176025
 10
293.9765
 20
3.175
 10
292.9835
 20
3.175
 10
292.981025
 20
3.176025
 10
292.98
 20
3.1785
 10
292.981025
 20
3.248975
 10
293.9765
 20
3.25
  0
LWPOLYLINE
  5
795
330
17
100
AcDbEntity
  8
VISTA
100
AcDbPolyline
 90
4
 70
1
 10
292.981746
 20
3.248253
 10
292.981746
 20
3.24897
 10
292.98103
 20
3.248253
 10
292.981746
 20
3.248253
  0
LWPOLYLINE
  5
796
330
17
100
AcDbEntity
  8
VISTA
100
AcDbPolyline
 90
4
 70
1
 10
292.981288
 20
3.176288
 10
292.981746
 20
3.17603
 10
292.981746
 20
3.176746
 10
292.981288
 20
3.176288
  0
LWPOLYLINE
  5
797
330
17
100
AcDbEntity
  8
VISTA
100
AcDbPolyline
 90
4
 70
1
 10
293.97897
 20
3.248253
 10
293.978253
 20
3.24897
 10
293.978253
 20
3.248253
 10
293.97897
 20
3.248253
  0
LWPOLYLINE
  5
798
330
17
100
AcDbEntity
  8
VISTA
100
AcDbPolyline
 90
4
 70
1
 10
293.978253
 20
3.17603
 10
293.97897
 20
3.176746
 10
293.978253
 20
3.176746
 10
293.978253
 20
3.17603
  0
LWPOLYLINE
  5
799
330
17
100
AcDbEntity
  8
VISTA
100
AcDbPolyline
 90
5
 70
1
 10
293.035
 20
3.1355
 10
293.924999
 20
3.1355
 10
293.924999
 20
3.1005
 10
293.035
 20
3.1005
 10
293.035
 20
3.1355
  0
LWPOLYLINE
  5
79A
330
17
100
AcDbEntity
  8
VISTA
100
AcDbPolyline
 90
5
 70
1
 10
293.014001
 20
4.205118
 10
293.025
 20
4.206118
 10
293.026
 20
3.266987
 10
293.014001
 20
3.266987
 10
293.014001
 20
4.205118
  0
LWPOLYLINE
  5
79B
330
17
100
AcDbEntity
  8
VISTA
100
AcDbPolyline
 90
5
 70
1
 10
293.974
 20
4.205118
 10
293.984999
 20
4.206118
 10
293.985999
 20
3.266987
 10
293.974
 20
3.266987
 10
293.974
 20
4.205118
  0
LWPOLYLINE
  5
79C
330
17
100
AcDbEntity
  8
VISTA
100
AcDbPolyline
 90
8
 70
1
 10
301.618
 20
6.645
 10
301.620001
 20
6.643
 10
301.620001
 20
6.607
 10
301.618
 20
6.605
 10
301.122002
 20
6.605
 10
301.120001
 20
6.607
 10
301.120586
 20
6.644414
 10
301.618
 20
6.645
  0
LWPOLYLINE
  5
79D
330
17
100
AcDbEntity
  8
VISTA
100
AcDbPolyline
 90
5
 70
1
 10
292.992001
 20
3.283
 10
292.992001
 20
3.265
 10
292.98199999999997
 20
3.265
 10
292.982245
 20
3.283
 10
292.992001
 20
3.283
  0
LWPOLYLINE
  5
79E
330
17
100
AcDbEntity
  8
VISTA
100
AcDbPolyline
 90
5
 70
1
 10
293.058001
 20
3.283
 10
293.058001
 20
3.265
 10
293.048
 20
3.265
 10
293.048245
 20
3.283
 10
293.058001
 20
3.283
  0
LWPOLYLINE
  5
79F
330
17
100
AcDbEntity
  8
VISTA
100
AcDbPolyline
 90
9
 70
1
 10
299.25
 20
2.5955
 10
299.254499
 20
2.6
 10
299.3855
 20
2.6
 10
299.389999
 20
2.5955
 10
299.389999
 20
0.0045
 10
299.3855
 20
0.0
 10
299.254499
 20
0.0
 10
299.25
 20
0.0045
 10
299.25
 20
2.5955
  0
LWPOLYLINE
  5
7A0
330
17
100
AcDbEntity
  8
VISTA
100
AcDbPolyline
 90
8
 70
1
 10
293.002501
 20
4.2983
 10
293.0042
 20
4.3
 10
293.035801
 20
4.3
 10
293.0375
 20
4.2983
 10
293.0375
 20
3.2517
 10
293.035801
 20
3.25
 10
293.003348
 20
3.2505
 10
293.002501
 20
4.2983
  0
LWPOLYLINE
  5
7A1
330
17
100
AcDbEntity
  8
VISTA
100
AcDbPolyline
 90
8
 70
1
 10
293.0705
 20
3.266
 10
293.0725
 20
3.264
 10
293.0725
 20
3.256
 10
293.0705
 20
3.254
 10
292.969501
 20
3.254
 10
292.967501
 20
3.256
 10
292.96808599999997
 20
3.265414
 10
293.0705
 20
3.266
  0
LWPOLYLINE
  5
7A2
330
17
100
AcDbEntity
  8
VISTA
100
AcDbPolyline
 90
10
 70
1
 10
292.9775
 20
4.2983
 10
292.9792
 20
4.3
 10
293.010799
 20
4.3
 10
293.0125
 20
4.2983
 10
293.0125
 20
3.251492
 10
293.010799
 20
3.249792
 10
292.9792
 20
3.249792
 10
292.978216
 20
3.250106
 10
292.978216
 20
3.250314
 10
292.9775
 20
4.2983
  0
LWPOLYLINE
  5
7A3
330
17
100
AcDbEntity
  8
VISTA
100
AcDbPolyline
 90
4
 70
1
 10
292.9788959734219
 20
3.2500970166112957
 10
292.9788959734219
 20
3.2500970166112957
 10
292.978216
 20
3.250314
 10
292.9788959734219
 20
3.2500970166112957
  0
LWPOLYLINE
  5
7A4
330
17
100
AcDbEntity
  8
VISTA
100
AcDbPolyline
 90
4
 70
1
 10
292.97821621119766
 20
4.298075366384902
 10
292.978216
 20
4.2983
 10
292.97821621119766
 20
4.298075366384899
 10
292.97821621119766
 20
4.298075366384902
  0
LWPOLYLINE
  5
7A5
330
17
100
AcDbEntity
  8
VISTA
100
AcDbPolyline
 90
4
 70
1
 10
293.01218596117775
 20
4.298079177295243
 10
293.01218596114643
 20
4.298078999366519
 10
293.01218596117775
 20
4.29807917729524
 10
293.01218596117775
 20
4.298079177295243
  0
LWPOLYLINE
  5
7A6
330
17
100
AcDbEntity
  8
VISTA
100
AcDbPolyline
 90
8
 70
1
 10
293.9475
 20
4.2983
 10
293.9492
 20
4.3
 10
293.980801
 20
4.3
 10
293.9825
 20
4.2983
 10
293.9825
 20
3.251492
 10
293.980801
 20
3.249792
 10
293.948348
 20
3.2505
 10
293.9475
 20
4.2983
  0
LWPOLYLINE
  5
7A7
330
17
100
AcDbEntity
  8
VISTA
100
AcDbPolyline
 90
4
 70
1
 10
293.9482162111977
 20
4.298075366384902
 10
293.948216
 20
4.2983
 10
293.9482162111977
 20
4.298075366384899
 10
293.9482162111977
 20
4.298075366384902
  0
LWPOLYLINE
  5
7A8
330
17
100
AcDbEntity
  8
VISTA
100
AcDbPolyline
 90
4
 70
1
 10
293.9821859611777
 20
4.298079177295243
 10
293.98218596114646
 20
4.298078999366519
 10
293.9821859611777
 20
4.29807917729524
 10
293.9821859611777
 20
4.298079177295243
  0
LWPOLYLINE
  5
7A9
330
17
100
AcDbEntity
  8
VISTA
100
AcDbPolyline
 90
5
 70
1
 10
293.0
 20
3.25
 10
293.959999
 20
3.25
 10
293.959999
 20
3.229928
 10
293.0
 20
3.23
 10
293.0
 20
3.25
  0
LWPOLYLINE
  5
7AA
330
17
100
AcDbEntity
  8
VISTA
100
AcDbPolyline
 90
5
 70
1
 10
301.798706
 20
8.249707
 10
301.798706
 20
7.930293
 10
301.259293
 20
7.930293
 10
301.259293
 20
8.249707
 10
301.798706
 20
8.249707
  0
LWPOLYLINE
  5
7AB
330
17
100
AcDbEntity
  8
VISTA
100
AcDbPolyline
 90
5
 70
1
 10
293.084447
 20
3.238737
 10
293.083737
 20
3.009343
 10
292.955554
 20
3.010053
 10
292.955554
 20
3.238737
 10
293.084447
 20
3.238737
  0
LWPOLYLINE
  5
7AC
330
17
100
AcDbEntity
  8
VISTA
100
AcDbPolyline
 90
4
 70
1
 10
292.9559190736124
 20
3.0115226269553994
 10
292.9559190736124
 20
3.011522626955399
 10
292.9559806888859
 20
3.0111545783881564
 10
292.9559190736124
 20
3.0115226269553994
  0
LWPOLYLINE
  5
7AD
330
17
100
AcDbEntity
  8
VISTA
100
AcDbPolyline
 90
4
 70
1
 10
292.95640207712165
 20
3.2378906863253736
 10
292.95629266864637
 20
3.2371849312252943
 10
292.95629266864637
 20
3.2371849312252947
 10
292.95640207712165
 20
3.2378906863253736
  0
LWPOLYLINE
  5
7AE
330
17
100
AcDbEntity
  8
VISTA
100
AcDbPolyline
 90
5
 70
1
 10
294.004446
 20
3.238737
 10
294.003736
 20
3.009343
 10
293.875553
 20
3.010053
 10
293.875553
 20
3.238737
 10
294.004446
 20
3.238737
  0
LWPOLYLINE
  5
7AF
330
17
100
AcDbEntity
  8
VISTA
100
AcDbPolyline
 90
4
 70
1
 10
293.87591807361235
 20
3.0115226269553994
 10
293.87591807361235
 20
3.011522626955399
 10
293.87597968888593
 20
3.0111545783881564
 10
293.87591807361235
 20
3.0115226269553994
  0
LWPOLYLINE
  5
7B0
330
17
100
AcDbEntity
  8
VISTA
100
AcDbPolyline
 90
8
 70
1
 10
301.788
 20
8.23
 10
301.789999
 20
8.228
 10
301.789999
 20
3.132
 10
301.788
 20
3.13
 10
301.282
 20
3.13
 10
301.28000099999997
 20
3.132
 10
301.28058599999997
 20
8.229414
 10
301.788
 20
8.23
  0
LWPOLYLINE
  5
7B1
330
17
100
AcDbEntity
  8
VISTA
100
AcDbPolyline
 90
5
 70
1
 10
292.992001
 20
3.283
 10
292.992001
 20
3.265
 10
292.98199999999997
 20
3.265
 10
292.982245
 20
3.283
 10
292.992001
 20
3.283
  0
LWPOLYLINE
  5
7B2
330
17
100
AcDbEntity
  8
VISTA
100
AcDbPolyline
 90
5
 70
1
 10
293.058001
 20
3.283
 10
293.058001
 20
3.265
 10
293.048
 20
3.265
 10
293.048245
 20
3.283
 10
293.058001
 20
3.283
  0
LWPOLYLINE
  5
7B3
330
17
100
AcDbEntity
  8
VISTA
100
AcDbPolyline
 90
9
 70
1
 10
294.212
 20
7.883715
 10
301.788
 20
7.883715
 10
301.790001
 20
7.881714
 10
301.790001
 20
7.830715
 10
301.788
 20
7.828714
 10
294.212
 20
7.828714
 10
294.21
 20
7.830715
 10
294.21
 20
7.881714
 10
294.212
 20
7.883715
  0
LWPOLYLINE
  5
7B4
330
17
100
AcDbEntity
  8
VISTA
100
AcDbPolyline
 90
13
 70
1
 10
292.937699
 20
3.047314
 10
292.936
 20
3.0487
 10
292.936314
 20
3.072284
 10
292.936715
 20
3.0713
 10
292.937699
 20
3.073
 10
292.957284
 20
3.072686
 10
292.9563
 20
3.072284
 10
292.957999
 20
3.0713
 10
292.957685
 20
3.047716
 10
292.957284
 20
3.0487
 10
292.9563
 20
3.047
 10
292.937699
 20
3.047
 10
292.937699
 20
3.047314
  0
LWPOLYLINE
  5
7B5
330
17
100
AcDbEntity
  8
VISTA
100
AcDbPolyline
 90
13
 70
1
 10
292.937699
 20
3.137314
 10
292.936
 20
3.1387
 10
292.936314
 20
3.162284
 10
292.936715
 20
3.1613
 10
292.937699
 20
3.163
 10
292.957284
 20
3.162686
 10
292.9563
 20
3.162284
 10
292.957999
 20
3.1613
 10
292.957685
 20
3.137716
 10
292.957284
 20
3.1387
 10
292.9563
 20
3.137
 10
292.937699
 20
3.137
 10
292.937699
 20
3.137314
  0
LWPOLYLINE
  5
7B6
330
17
100
AcDbEntity
  8
VISTA
100
AcDbPolyline
 90
13
 70
1
 10
294.003699
 20
3.047314
 10
294.002
 20
3.0487
 10
294.002314
 20
3.072284
 10
294.002715
 20
3.0713
 10
294.003699
 20
3.073
 10
294.023284
 20
3.072686
 10
294.0223
 20
3.072284
 10
294.023999
 20
3.0713
 10
294.023685
 20
3.047716
 10
294.023284
 20
3.0487
 10
294.0223
 20
3.047
 10
294.003699
 20
3.047
 10
294.003699
 20
3.047314
  0
LWPOLYLINE
  5
7B7
330
17
100
AcDbEntity
  8
VISTA
100
AcDbPolyline
 90
13
 70
1
 10
294.003699
 20
3.137314
 10
294.002
 20
3.1387
 10
294.002314
 20
3.162284
 10
294.002715
 20
3.1613
 10
294.003699
 20
3.163
 10
294.023284
 20
3.162686
 10
294.0223
 20
3.162284
 10
294.023999
 20
3.1613
 10
294.023685
 20
3.137716
 10
294.023284
 20
3.1387
 10
294.0223
 20
3.137
 10
294.003699
 20
3.137
 10
294.003699
 20
3.137314
  0
LWPOLYLINE
  5
7B8
330
17
100
AcDbEntity
  8
VISTA
100
AcDbPolyline
 90
5
 70
1
 10
293.026
 20
4.257
 10
293.025001
 20
3.33
 10
293.014001
 20
3.331
 10
293.014294
 20
4.257707
 10
293.026
 20
4.257
  0
LWPOLYLINE
  5
7B9
330
17
100
AcDbEntity
  8
VISTA
100
AcDbPolyline
 90
5
 70
1
 10
293.9965
 20
3.25
 10
293.9975
 20
3.245
 10
293.943501
 20
3.244
 10
293.942793
 20
3.249707
 10
293.9965
 20
3.25
  0
LWPOLYLINE
  5
7BA
330
17
100
AcDbEntity
  8
VISTA
100
AcDbPolyline
 90
5
 70
1
 10
301.466625
 20
8.85
 10
301.466625
 20
8.65
 10
301.454624
 20
8.65
 10
301.454918
 20
8.85
 10
301.466625
 20
8.85
  0
LWPOLYLINE
  5
7BB
330
17
100
AcDbEntity
  8
VISTA
100
AcDbPolyline
 90
5
 70
1
 10
293.026
 20
4.257
 10
293.025001
 20
3.33
 10
293.014001
 20
3.331
 10
293.014294
 20
4.257707
 10
293.026
 20
4.257
  0
LWPOLYLINE
  5
7BC
330
17
100
AcDbEntity
  8
VISTA
100
AcDbPolyline
 90
5
 70
1
 10
301.673944
 20
8.034585
 10
301.674999
 20
7.957071
 10
301.325996
 20
7.956087
 10
301.325001
 20
8.033595
 10
301.673944
 20
8.034585
  0
LWPOLYLINE
  5
7BD
330
17
100
AcDbEntity
  8
VISTA
100
AcDbPolyline
 90
10
 70
1
 10
301.464762
 20
7.98359
 10
301.499998
 20
7.982567
 10
301.567019
 20
7.986559
 10
301.60377352660487
 20
7.9953330000000005
 10
301.567019
 20
8.004107
 10
301.499998
 20
8.0081
 10
301.432978
 20
8.004107
 10
301.39622247339514
 20
7.9953330000000005
 10
301.407755
 20
7.991183
 10
301.464762
 20
7.98359
  0
LWPOLYLINE
  5
7BE
330
17
100
AcDbEntity
  8
VISTA
100
AcDbPolyline
 90
5
 70
1
 10
301.584751
 20
8.85
 10
301.584751
 20
8.65
 10
301.57275
 20
8.65
 10
301.573044
 20
8.85
 10
301.584751
 20
8.85
  0
LWPOLYLINE
  5
7BF
330
17
100
AcDbEntity
  8
VISTA
100
AcDbPolyline
 90
5
 70
1
 10
301.525
 20
8.9
 10
301.66
 20
8.83
 10
301.34
 20
8.83
 10
301.476904
 20
8.9
 10
301.525
 20
8.9
  0
LWPOLYLINE
  5
7C0
330
17
100
AcDbEntity
  8
VISTA
100
AcDbPolyline
 90
5
 70
1
 10
301.466625
 20
8.85
 10
301.466625
 20
8.65
 10
301.454624
 20
8.65
 10
301.454918
 20
8.85
 10
301.466625
 20
8.85
  0
LWPOLYLINE
  5
7C1
330
17
100
AcDbEntity
  8
VISTA
100
AcDbPolyline
 90
5
 70
1
 10
293.026
 20
4.257
 10
293.025001
 20
3.33
 10
293.014001
 20
3.331
 10
293.014294
 20
4.257707
 10
293.026
 20
4.257
  0
LWPOLYLINE
  5
7C2
330
17
100
AcDbEntity
  8
VISTA
100
AcDbPolyline
 90
9
 70
1
 10
294.0
 20
6.3955
 10
294.0045
 20
6.4
 10
294.1955
 20
6.4
 10
294.200001
 20
6.3955
 10
294.200001
 20
5.6445
 10
294.1955
 20
5.64
 10
294.0045
 20
5.64
 10
294.0
 20
5.6445
 10
294.0
 20
6.3955
  0
LWPOLYLINE
  5
7C3
330
17
100
AcDbEntity
  8
VISTA
100
AcDbPolyline
 90
5
 70
1
 10
293.875716
 20
5.909686
 10
293.984687
 20
5.909284
 10
293.984284
 20
5.830314
 10
293.875849
 20
5.8305
 10
293.875716
 20
5.909686
  0
LWPOLYLINE
  5
7C4
330
17
100
AcDbEntity
  8
VISTA
100
AcDbPolyline
 90
9
 70
1
 10
293.794
 20
5.92
 10
293.968316
 20
5.919261
 10
293.97
 20
5.916
 10
293.969262
 20
5.841684
 10
293.966001
 20
5.84
 10
293.791684
 20
5.840739
 10
293.79
 20
5.844
 10
293.790738
 20
5.918316
 10
293.794
 20
5.92
  0
LWPOLYLINE
  5
7C5
330
17
100
AcDbEntity
  8
VISTA
100
AcDbPolyline
 90
4
 70
1
 10
293.791691
 20
5.91831
 10
293.792206
 20
5.918528
 10
293.791472
 20
5.918528
 10
293.791691
 20
5.91831
  0
LWPOLYLINE
  5
7C6
330
17
100
AcDbEntity
  8
VISTA
100
AcDbPolyline
 90
4
 70
1
 10
293.791691
 20
5.841691
 10
293.791472
 20
5.842206
 10
293.791472
 20
5.841472
 10
293.791691
 20
5.841691
  0
LWPOLYLINE
  5
7C7
330
17
100
AcDbEntity
  8
VISTA
100
AcDbPolyline
 90
4
 70
1
 10
293.968309
 20
5.841691
 10
293.967794
 20
5.841472
 10
293.968528
 20
5.841472
 10
293.968309
 20
5.841691
  0
LWPOLYLINE
  5
7C8
330
17
100
AcDbEntity
  8
VISTA
100
AcDbPolyline
 90
4
 70
1
 10
293.968528
 20
5.918528
 10
293.967794
 20
5.918528
 10
293.968309
 20
5.91831
 10
293.968528
 20
5.918528
  0
LWPOLYLINE
  5
7C9
330
17
100
AcDbEntity
  8
VISTA
100
AcDbPolyline
 90
12
 70
1
 10
293.894
 20
3.25
 10
294.206
 20
3.25
 10
294.208829
 20
3.248828
 10
294.21
 20
3.246
 10
294.21
 20
3.204
 10
294.208829
 20
3.201171
 10
294.206
 20
3.2
 10
293.894
 20
3.2
 10
293.891171
 20
3.201171
 10
293.89
 20
3.204
 10
293.890738
 20
3.248316
 10
293.894
 20
3.25
  0
LWPOLYLINE
  5
7CA
330
17
100
AcDbEntity
  8
VISTA
100
AcDbPolyline
 90
4
 70
1
 10
293.891691
 20
3.248309
 10
293.892205
 20
3.248528
 10
293.891473
 20
3.248528
 10
293.891691
 20
3.248309
  0
LWPOLYLINE
  5
7CB
330
17
100
AcDbEntity
  8
VISTA
100
AcDbPolyline
 90
4
 70
1
 10
293.891691
 20
3.20169
 10
293.891473
 20
3.202205
 10
293.891473
 20
3.201472
 10
293.891691
 20
3.20169
  0
LWPOLYLINE
  5
7CC
330
17
100
AcDbEntity
  8
VISTA
100
AcDbPolyline
 90
4
 70
1
 10
294.208309
 20
3.20169
 10
294.207795
 20
3.201472
 10
294.208528
 20
3.201472
 10
294.208309
 20
3.20169
  0
LWPOLYLINE
  5
7CD
330
17
100
AcDbEntity
  8
VISTA
100
AcDbPolyline
 90
4
 70
1
 10
294.208528
 20
3.248528
 10
294.207795
 20
3.248528
 10
294.208309
 20
3.248309
 10
294.208528
 20
3.248528
  0
LWPOLYLINE
  5
7CE
330
17
100
AcDbEntity
  8
VISTA
100
AcDbPolyline
 90
5
 70
1
 10
294.185
 20
3.204
 10
294.185
 20
3.202
 10
293.835
 20
3.202
 10
293.835
 20
3.204
 10
294.185
 20
3.204
  0
LWPOLYLINE
  5
7CF
330
17
100
AcDbEntity
  8
VISTA
100
AcDbPolyline
 90
5
 70
1
 10
301.15691400000003
 20
6.644414
 10
301.15691400000003
 20
6.605586
 10
301.123085
 20
6.605586
 10
301.123085
 20
6.644414
 10
301.15691400000003
 20
6.644414
  0
LWPOLYLINE
  5
7D0
330
17
100
AcDbEntity
  8
VISTA
100
AcDbPolyline
 90
5
 70
1
 10
293.026
 20
4.257
 10
293.025001
 20
3.33
 10
293.014001
 20
3.331
 10
293.014294
 20
4.257707
 10
293.026
 20
4.257
  0
LWPOLYLINE
  5
7D1
330
17
100
AcDbEntity
  8
VISTA
100
AcDbPolyline
 90
8
 70
1
 10
301.264
 20
4.13
 10
301.266001
 20
4.128
 10
301.266001
 20
3.512
 10
301.264
 20
3.51
 10
301.256001
 20
3.51
 10
301.254
 20
3.512
 10
301.254585
 20
4.129414
 10
301.264
 20
4.13
  0
LWPOLYLINE
  5
7D2
330
17
100
AcDbEntity
  8
VISTA
100
AcDbPolyline
 90
8
 70
1
 10
301.290501
 20
8.23
 10
301.292501
 20
8.228
 10
301.292501
 20
3.132
 10
301.290501
 20
3.13
 10
301.269501
 20
3.13
 10
301.2675
 20
3.132
 10
301.268087
 20
8.229414
 10
301.290501
 20
8.23
  0
LWPOLYLINE
  5
7D3
330
17
100
AcDbEntity
  8
VISTA
100
AcDbPolyline
 90
5
 70
1
 10
301.26800000000003
 20
8.249001
 10
301.266998
 20
7.93
 10
301.255999
 20
7.931
 10
301.256292
 20
8.249707
 10
301.26800000000003
 20
8.249001
  0
LWPOLYLINE
  5
7D4
330
17
100
AcDbEntity
  8
VISTA
100
AcDbPolyline
 90
9
 70
1
 10
294.0075
 20
4.9355
 10
294.012
 20
4.94
 10
294.058
 20
4.94
 10
294.0625
 20
4.9355
 10
294.0625
 20
4.5645
 10
294.058
 20
4.56
 10
294.012
 20
4.56
 10
294.0075
 20
4.5645
 10
294.0075
 20
4.9355
  0
LWPOLYLINE
  5
7D5
330
17
100
AcDbEntity
  8
VISTA
100
AcDbPolyline
 90
5
 70
1
 10
294.0
 20
4.6725
 10
294.0
 20
4.6275
 10
293.992001
 20
4.6275
 10
293.992001
 20
4.6725
 10
294.0
 20
4.6725
  0
LWPOLYLINE
  5
7D6
330
17
100
AcDbEntity
  8
VISTA
100
AcDbPolyline
 90
5
 70
1
 10
294.0
 20
4.886
 10
294.0
 20
4.854
 10
293.992001
 20
4.854
 10
293.992001
 20
4.886
 10
294.0
 20
4.886
  0
LWPOLYLINE
  5
7D7
330
17
100
AcDbEntity
  8
VISTA
100
AcDbPolyline
 90
5
 70
1
 10
301.446001
 20
8.85
 10
301.446001
 20
8.65
 10
301.434
 20
8.65
 10
301.434294
 20
8.85
 10
301.446001
 20
8.85
  0
LWPOLYLINE
  5
7D8
330
17
100
AcDbEntity
  8
VISTA
100
AcDbPolyline
 90
5
 70
1
 10
293.026
 20
4.257
 10
293.025001
 20
3.33
 10
293.014001
 20
3.331
 10
293.014294
 20
4.257707
 10
293.026
 20
4.257
  0
LWPOLYLINE
  5
7D9
330
17
100
AcDbEntity
  8
VISTA
100
AcDbPolyline
 90
12
 70
1
 10
293.0
 20
3.197
 10
293.000878
 20
3.199121
 10
293.003
 20
3.2
 10
293.997
 20
3.2
 10
293.999122
 20
3.199121
 10
294.0
 20
3.197
 10
294.0
 20
3.043
 10
293.999122
 20
3.040879
 10
293.997
 20
3.04
 10
293.003
 20
3.04
 10
293.000878
 20
3.040879
 10
293.0
 20
3.197
  0
LWPOLYLINE
  5
7DA
330
17
100
AcDbEntity
  8
VISTA
100
AcDbPolyline
 90
4
 70
1
 10
293.001497
 20
3.198503
 10
293.001497
 20
3.199117
 10
293.000878
 20
3.199121
 10
293.001497
 20
3.198503
  0
LWPOLYLINE
  5
7DB
330
17
100
AcDbEntity
  8
VISTA
100
AcDbPolyline
 90
4
 70
1
 10
293.998503
 20
3.198503
 10
293.999117
 20
3.198503
 10
293.999122
 20
3.199121
 10
293.998503
 20
3.198503
  0
LWPOLYLINE
  5
7DC
330
17
100
AcDbEntity
  8
VISTA
100
AcDbPolyline
 90
4
 70
1
 10
293.998503
 20
3.041497
 10
293.998503
 20
3.040883
 10
293.999122
 20
3.040879
 10
293.998503
 20
3.041497
  0
LWPOLYLINE
  5
7DD
330
17
100
AcDbEntity
  8
VISTA
100
AcDbPolyline
 90
4
 70
1
 10
293.001497
 20
3.041497
 10
293.000883
 20
3.041497
 10
293.000878
 20
3.040879
 10
293.001497
 20
3.041497
  0
LWPOLYLINE
  5
7DE
330
17
100
AcDbEntity
  8
VISTA
100
AcDbPolyline
 90
5
 70
1
 10
293.001
 20
3.249985
 10
293.999001
 20
3.249985
 10
294.0
 20
3.201
 10
293.001
 20
3.2
 10
293.001
 20
3.249985
  0
LWPOLYLINE
  5
7DF
330
17
100
AcDbEntity
  8
VISTA
100
AcDbPolyline
 90
5
 70
1
 10
301.72893
 20
8.112338
 10
301.73
 20
8.014986
 10
301.270994
 20
8.014002
 10
301.27
 20
8.111347
 10
301.72893
 20
8.112338
  0
LWPOLYLINE
  5
7E0
330
17
100
AcDbEntity
  8
VISTA
100
AcDbPolyline
 90
18
 70
1
 10
301.3399248980971
 20
8.061486320410571
 10
301.36326
 20
8.05309
 10
301.400648
 20
8.046235
 10
301.447765
 20
8.041834
 10
301.499998
 20
8.040318
 10
301.552231
 20
8.041834
 10
301.599348
 20
8.046235
 10
301.636736
 20
8.05309
 10
301.66152288703586
 20
8.0631665
 10
301.636736
 20
8.073243
 10
301.599348
 20
8.080098
 10
301.552231
 20
8.084499
 10
301.499998
 20
8.086016
 10
301.447765
 20
8.084499
 10
301.400648
 20
8.080098
 10
301.36326
 20
8.073243
 10
301.3394147261874
 20
8.064256247568645
 10
301.3399248980971
 20
8.061486320410571
  0
LWPOLYLINE
  5
7E1
330
17
100
AcDbEntity
  8
VISTA
100
AcDbPolyline
 90
5
 70
1
 10
301.626001
 20
8.85
 10
301.626001
 20
8.65
 10
301.614
 20
8.65
 10
301.614294
 20
8.85
 10
301.626001
 20
8.85
  0
LWPOLYLINE
  5
7E2
330
17
100
AcDbEntity
  8
VISTA
100
AcDbPolyline
 90
5
 70
1
 10
301.525
 20
8.9
 10
301.715
 20
8.83
 10
301.285
 20
8.83
 10
301.476904
 20
8.9
 10
301.525
 20
8.9
  0
LWPOLYLINE
  5
7E3
330
17
100
AcDbEntity
  8
VISTA
100
AcDbPolyline
 90
5
 70
1
 10
293.026
 20
4.257
 10
293.025001
 20
3.33
 10
293.014001
 20
3.331
 10
293.014294
 20
4.257707
 10
293.026
 20
4.257
  0
LWPOLYLINE
  5
7E4
330
17
100
AcDbEntity
  8
VISTA
100
AcDbPolyline
 90
5
 70
1
 10
301.446001
 20
8.85
 10
301.446001
 20
8.65
 10
301.434
 20
8.65
 10
301.434294
 20
8.85
 10
301.446001
 20
8.85
  0
LWPOLYLINE
  5
7E5
330
17
100
AcDbEntity
  8
VISTA
100
AcDbPolyline
 90
5
 70
1
 10
293.026
 20
4.257
 10
293.025001
 20
3.33
 10
293.014001
 20
3.331
 10
293.014294
 20
4.257707
 10
293.026
 20
4.257
  0
LWPOLYLINE
  5
7E6
330
17
100
AcDbEntity
  8
VISTA
100
AcDbPolyline
 90
5
 70
1
 10
294.784165
 20
4.72
 10
294.784165
 20
4.44
 10
294.720292
 20
4.44
 10
294.720646
 20
4.72
 10
294.784165
 20
4.72
  0
LWPOLYLINE
  5
7E7
330
17
100
AcDbEntity
  8
VISTA
100
AcDbPolyline
 90
5
 70
1
 10
293.9965
 20
3.25
 10
293.9975
 20
3.245
 10
293.943501
 20
3.244
 10
293.942793
 20
3.249707
 10
293.9965
 20
3.25
  0
LWPOLYLINE
  5
7E8
330
17
100
AcDbEntity
  8
VISTA
100
AcDbPolyline
 90
8
 70
1
 10
293.875
 20
5.8683
 10
293.8767
 20
5.87
 10
293.9833
 20
5.87
 10
293.985001
 20
5.8683
 10
293.985001
 20
3.2717
 10
293.9833
 20
3.27
 10
293.875849
 20
3.270501
 10
293.875
 20
5.8683
  0
LWPOLYLINE
  5
7E9
330
17
100
AcDbEntity
  8
VISTA
100
AcDbPolyline
 90
5
 70
1
 10
294.185
 20
3.242
 10
294.185
 20
3.202
 10
293.835
 20
3.202
 10
293.835
 20
3.242
 10
294.185
 20
3.242
  0
LWPOLYLINE
  5
7EA
330
17
100
AcDbEntity
  8
VISTA
100
AcDbPolyline
 90
5
 70
1
 10
294.8694
 20
5.828526
 10
294.868574
 20
3.290646
 10
293.988785
 20
3.291474
 10
293.988785
 20
5.828526
 10
294.8694
 20
5.828526
  0
LWPOLYLINE
  5
7EB
330
17
100
AcDbEntity
  8
VISTA
100
AcDbPolyline
 90
5
 70
1
 10
293.026
 20
4.257
 10
293.025001
 20
3.33
 10
293.014001
 20
3.331
 10
293.014294
 20
4.257707
 10
293.026
 20
4.257
  0
LWPOLYLINE
  5
7EC
330
17
100
AcDbEntity
  8
VISTA
100
AcDbPolyline
 90
8
 70
1
 10
301.788
 20
8.23
 10
301.789999
 20
8.228
 10
301.789999
 20
3.132
 10
301.788
 20
3.13
 10
301.282
 20
3.13
 10
301.28000099999997
 20
3.132
 10
301.28058599999997
 20
8.229414
 10
301.788
 20
8.23
  0
LWPOLYLINE
  5
7ED
330
17
100
AcDbEntity
  8
VISTA
100
AcDbPolyline
 90
5
 70
1
 10
301.798706
 20
8.249707
 10
301.798706
 20
7.930293
 10
301.259293
 20
7.930293
 10
301.259293
 20
8.249707
 10
301.798706
 20
8.249707
  0
LWPOLYLINE
  5
7EE
330
17
100
AcDbEntity
  8
VISTA
100
AcDbPolyline
 90
9
 70
1
 10
294.212
 20
8.033
 10
301.788
 20
8.033
 10
301.790001
 20
8.031
 10
301.790001
 20
7.98
 10
301.788
 20
7.978
 10
294.212
 20
7.978
 10
294.21
 20
7.98
 10
294.21
 20
8.031
 10
294.212
 20
8.033
  0
LWPOLYLINE
  5
7EF
330
17
100
AcDbEntity
  8
VISTA
100
AcDbPolyline
 90
5
 70
1
 10
294.77663
 20
4.72
 10
294.77663
 20
4.44
 10
294.712757
 20
4.44
 10
294.713111
 20
4.72
 10
294.77663
 20
4.72
  0
LWPOLYLINE
  5
7F0
330
17
100
AcDbEntity
  8
VISTA
100
AcDbPolyline
 90
5
 70
1
 10
293.026
 20
4.257
 10
293.025001
 20
3.33
 10
293.014001
 20
3.331
 10
293.014294
 20
4.257707
 10
293.026
 20
4.257
  0
LWPOLYLINE
  5
7F1
330
17
100
AcDbEntity
  8
VISTA
100
AcDbPolyline
 90
13
 70
1
 10
296.7731
 20
0.2315
 10
296.774857
 20
0.235743
 10
296.779099
 20
0.2375
 10
297.9809
 20
0.2375
 10
297.985142
 20
0.235743
 10
297.986898
 20
0.2315
 10
297.986898
 20
0.1985
 10
297.985142
 20
0.194257
 10
297.9809
 20
0.1925
 10
296.779099
 20
0.1925
 10
296.774857
 20
0.194257
 10
296.7731
 20
0.1985
 10
296.7731
 20
0.2315
  0
LWPOLYLINE
  5
7F2
330
17
100
AcDbEntity
  8
VISTA
100
AcDbPolyline
 90
13
 70
1
 10
298.013102
 20
0.2315
 10
298.014858
 20
0.235743
 10
298.0191
 20
0.2375
 10
299.220901
 20
0.2375
 10
299.225143
 20
0.235743
 10
299.2269
 20
0.2315
 10
299.2269
 20
0.1985
 10
299.225143
 20
0.194257
 10
299.220901
 20
0.1925
 10
298.0191
 20
0.1925
 10
298.014858
 20
0.194257
 10
298.013102
 20
0.1985
 10
298.013102
 20
0.2315
  0
LWPOLYLINE
  5
7F3
330
17
100
AcDbEntity
  8
VISTA
100
AcDbPolyline
 90
8
 70
1
 10
301.808001
 20
7.981667
 10
301.809999
 20
7.979666
 10
301.809999
 20
7.763667
 10
301.808001
 20
7.761666
 10
294.192
 20
7.761666
 10
294.190001
 20
7.763667
 10
294.190586
 20
7.981081
 10
301.808001
 20
7.981667
  0
LWPOLYLINE
  5
7F4
330
17
100
AcDbEntity
  8
VISTA
100
AcDbPolyline
 90
5
 70
1
 10
292.992001
 20
3.283
 10
292.992001
 20
3.265
 10
292.98199999999997
 20
3.265
 10
292.982245
 20
3.283
 10
292.992001
 20
3.283
  0
LWPOLYLINE
  5
7F5
330
17
100
AcDbEntity
  8
VISTA
100
AcDbPolyline
 90
5
 70
1
 10
293.058001
 20
3.283
 10
293.058001
 20
3.265
 10
293.048
 20
3.265
 10
293.048245
 20
3.283
 10
293.058001
 20
3.283
  0
LWPOLYLINE
  5
7F6
330
17
100
AcDbEntity
  8
VISTA
100
AcDbPolyline
 90
34
 70
1
 10
301.055258
 20
2.7
 10
301.055246
 20
2.73
 10
301.058702
 20
2.757126
 10
301.069061
 20
2.782403
 10
301.085619
 20
2.804109
 10
301.107244
 20
2.820764
 10
301.1667932731475
 20
2.851743279686576
 10
301.207163
 20
2.875862
 10
301.421543
 20
2.947996
 10
301.4357475347789
 20
2.9423888542835694
 10
301.4687619826662
 20
2.972248087864587
 10
301.395
 20
3.08
 10
301.395
 20
8.7
 10
301.605
 20
8.7
 10
301.605
 20
3.08
 10
301.591
 20
3.08
 10
301.4791525089732
 20
2.9807621273678477
 10
301.5232147984254
 20
2.9053202800480373
 10
301.581112
 20
2.814322
 10
301.578457
 20
2.812005
 10
301.3459055120155
 20
2.7081035577772172
 10
301.344893
 20
2.68
 10
301.336662
 20
2.655459
 10
301.3317279242782
 20
2.6474772940028064
 10
301.355
 20
2.6
 10
301.2839170072334
 20
2.6
 10
301.255911
 20
2.588411
 10
301.230692
 20
2.58518
 10
301.132614
 20
2.598655
 10
301.10738
 20
2.609136
 10
301.085733
 20
2.62581
 10
301.069147
 20
2.64754
 10
301.058754
 20
2.672845
 10
301.055258
 20
2.7
  0
LWPOLYLINE
  5
7F7
330
17
100
AcDbEntity
  8
VISTA
100
AcDbPolyline
 90
4
 70
1
 10
301.5778723890959
 20
2.812859002841244
 10
301.57694844311027
 20
2.81244175200718
 10
301.578457
 20
2.812005
 10
301.5778723890959
 20
2.812859002841244
  0
LWPOLYLINE
  5
7F8
330
17
100
AcDbEntity
  8
VISTA
100
AcDbPolyline
 90
5
 70
1
 10
301.46906225749694
 20
2.9718094447315337
 10
301.4358450455773
 20
2.9423371211647478
 10
301.478605
 20
2.913998
 10
301.5462016168849
 20
2.8565622978182397
 10
301.46906225749694
 20
2.9718094447315337
  0
LWPOLYLINE
  5
7F9
330
17
100
AcDbEntity
  8
VISTA
100
AcDbPolyline
 90
4
 70
1
 10
301.421192
 20
3.08
 10
301.4788148726477
 20
2.981340215988209
 10
301.5879
 20
3.08
 10
301.421192
 20
3.08
  0
LWPOLYLINE
  5
7FA
330
17
100
AcDbEntity
  8
VISTA
100
AcDbPolyline
 90
8
 70
1
 10
293.002501
 20
4.2983
 10
293.0042
 20
4.3
 10
293.035801
 20
4.3
 10
293.0375
 20
4.2983
 10
293.0375
 20
3.2517
 10
293.035801
 20
3.25
 10
293.003348
 20
3.2505
 10
293.002501
 20
4.2983
  0
LWPOLYLINE
  5
7FB
330
17
100
AcDbEntity
  8
VISTA
100
AcDbPolyline
 90
5
 70
1
 10
293.026
 20
4.257
 10
293.025001
 20
3.33
 10
293.014001
 20
3.331
 10
293.014294
 20
4.257707
 10
293.026
 20
4.257
  0
LWPOLYLINE
  5
7FC
330
17
100
AcDbEntity
  8
VISTA
100
AcDbPolyline
 90
8
 70
1
 10
293.0705
 20
3.266
 10
293.0725
 20
3.264
 10
293.0725
 20
3.256
 10
293.0705
 20
3.254
 10
292.969501
 20
3.254
 10
292.967501
 20
3.256
 10
292.96808599999997
 20
3.265414
 10
293.0705
 20
3.266
  0
LWPOLYLINE
  5
7FD
330
17
100
AcDbEntity
  8
VISTA
100
AcDbPolyline
 90
9
 70
1
 10
294.0
 20
0.1555
 10
294.004499
 20
0.16
 10
301.995501
 20
0.16
 10
302.0
 20
0.1555
 10
302.0
 20
0.0045
 10
301.995501
 20
0.0
 10
294.004499
 20
0.0
 10
294.0
 20
0.0045
 10
294.0
 20
0.1555
  0
LWPOLYLINE
  5
7FE
330
17
100
AcDbEntity
  8
VISTA
100
AcDbPolyline
 90
9
 70
1
 10
301.799999
 20
2.9955
 10
301.804499
 20
3.0
 10
301.995501
 20
3.0
 10
302.0
 20
2.9955
 10
302.0
 20
0.0045
 10
301.995501
 20
0.0
 10
301.804499
 20
0.0
 10
301.799999
 20
0.0045
 10
301.799999
 20
2.9955
  0
LWPOLYLINE
  5
7FF
330
17
100
AcDbEntity
  8
VISTA
100
AcDbPolyline
 90
9
 70
1
 10
296.75
 20
2.9955
 10
296.754499
 20
3.0
 10
299.245501
 20
3.0
 10
299.25
 20
2.9955
 10
299.25
 20
2.3645
 10
299.245501
 20
2.36
 10
296.754499
 20
2.36
 10
296.75
 20
2.3645
 10
296.75
 20
2.9955
  0
LWPOLYLINE
  5
800
330
17
100
AcDbEntity
  8
VISTA
100
AcDbPolyline
 90
5
 70
1
 10
302.0
 20
3.2
 10
302.0
 20
3.0
 10
294.0
 20
3.0
 10
294.0
 20
3.2
 10
302.0
 20
3.2
  0
LWPOLYLINE
  5
801
330
17
100
AcDbEntity
  8
VISTA
100
AcDbPolyline
 90
8
 70
1
 10
293.639999
 20
8.2083
 10
293.6417
 20
8.21
 10
302.358299
 20
8.21
 10
302.360001
 20
8.2083
 10
302.360001
 20
8.1017
 10
302.358299
 20
8.099999
 10
293.640848
 20
8.1005
 10
293.639999
 20
8.2083
  0
LWPOLYLINE
  5
802
330
17
100
AcDbEntity
  8
VISTA
100
AcDbPolyline
 90
5
 70
1
 10
293.99
 20
8.1
 10
294.17
 20
8.1
 10
294.17
 20
6.4
 10
293.99
 20
6.4
 10
293.99
 20
8.1
  0
LWPOLYLINE
  5
803
330
17
100
AcDbEntity
  8
VISTA
100
AcDbPolyline
 90
5
 70
1
 10
301.83
 20
8.1
 10
302.01
 20
8.1
 10
302.01
 20
6.4
 10
301.83
 20
6.4
 10
301.83
 20
8.1
  0
LWPOLYLINE
  5
804
330
17
100
AcDbEntity
  8
VISTA
100
AcDbPolyline
 90
8
 70
1
 10
301.818001
 20
8.08
 10
301.82
 20
8.078
 10
301.82
 20
6.402
 10
301.818001
 20
6.4
 10
294.182
 20
6.4
 10
294.18
 20
6.402
 10
294.180586
 20
8.079414
 10
301.818001
 20
8.08
  0
LWPOLYLINE
  5
805
330
17
100
AcDbEntity
  8
VISTA
100
AcDbPolyline
 90
6
 70
1
 10
294.001318
 20
2.998682
 10
296.748682
 20
2.998682
 10
296.748682
 20
0.001318
 10
294.0045
 20
0.0
 10
294.0
 20
0.0045
 10
294.001318
 20
2.998682
  0
LWPOLYLINE
  5
806
330
17
100
AcDbEntity
  8
VISTA
100
AcDbPolyline
 90
5
 70
1
 10
299.25
 20
0.0
 10
299.25
 20
3.0
 10
302.0
 20
3.0
 10
302.0
 20
0.0
 10
299.25
 20
0.0
  0
LWPOLYLINE
  5
807
330
17
100
AcDbEntity
  8
VISTA
100
AcDbPolyline
 90
39
 70
1
 10
301.328196
 20
2.592443
 10
301.372442
 20
2.548197
 10
301.428196
 20
2.519789
 10
301.49
 20
2.51
 10
301.551804
 20
2.519789
 10
301.607557
 20
2.548197
 10
301.65180399999997
 20
2.592443
 10
301.68021
 20
2.648197
 10
301.690001
 20
2.71
 10
301.68021
 20
2.771803
 10
301.65180399999997
 20
2.827557
 10
301.607557
 20
2.871803
 10
301.551804
 20
2.900211
 10
301.49
 20
2.91
 10
301.428196
 20
2.900211
 10
301.372442
 20
2.871803
 10
301.328196
 20
2.827557
 10
301.299789
 20
2.771803
 10
301.297892
 20
2.759829
 10
301.277308
 20
2.800229
 10
301.245228
 20
2.832307
 10
301.204807
 20
2.852903
 10
301.16
 20
2.86
 10
301.115192
 20
2.852903
 10
301.074772
 20
2.832307
 10
301.042692
 20
2.800229
 10
301.022097
 20
2.759807
 10
301.014999
 20
2.715
 10
301.022097
 20
2.670192
 10
301.042692
 20
2.629771
 10
301.074772
 20
2.597692
 10
301.115192
 20
2.577097
 10
301.16
 20
2.57
 10
301.204807
 20
2.577097
 10
301.245228
 20
2.597692
 10
301.277308
 20
2.629771
 10
301.296684
 20
2.667799
 10
301.299789
 20
2.648197
 10
301.328196
 20
2.592443
  0
LWPOLYLINE
  5
808
330
17
100
AcDbEntity
  8
VISTA
100
AcDbPolyline
 90
5
 70
1
 10
292.992001
 20
3.283
 10
292.992001
 20
3.265
 10
292.98199999999997
 20
3.265
 10
292.982245
 20
3.283
 10
292.992001
 20
3.283
  0
LWPOLYLINE
  5
809
330
17
100
AcDbEntity
  8
VISTA
100
AcDbPolyline
 90
5
 70
1
 10
293.058001
 20
3.283
 10
293.058001
 20
3.265
 10
293.048
 20
3.265
 10
293.048245
 20
3.283
 10
293.058001
 20
3.283
  0
LWPOLYLINE
  5
80A
330
17
100
AcDbEntity
  8
VISTA
100
AcDbPolyline
 90
5
 70
1
 10
293.026
 20
4.257
 10
293.025001
 20
3.33
 10
293.014001
 20
3.331
 10
293.014294
 20
4.257707
 10
293.026
 20
4.257
  0
LWPOLYLINE
  5
80B
330
17
100
AcDbEntity
  8
VISTA
100
AcDbPolyline
 90
8
 70
1
 10
301.808001
 20
7.381667
 10
301.809999
 20
7.379666
 10
301.809999
 20
7.163667
 10
301.808001
 20
7.161666
 10
294.192
 20
7.161666
 10
294.190001
 20
7.163667
 10
294.190586
 20
7.381081
 10
301.808001
 20
7.381667
  0
LWPOLYLINE
  5
80C
330
17
100
AcDbEntity
  8
VISTA
100
AcDbPolyline
 90
8
 70
1
 10
302.308001
 20
8.165
 10
302.309999
 20
8.163
 10
302.309999
 20
7.487
 10
302.308001
 20
7.485
 10
293.691999
 20
7.485
 10
293.690001
 20
7.487
 10
293.690585
 20
8.164414
 10
302.308001
 20
8.165
  0
LWPOLYLINE
  5
80D
330
17
100
AcDbEntity
  8
VISTA
100
AcDbPolyline
 90
9
 70
1
 10
294.0
 20
2.9955
 10
294.004499
 20
3.0
 10
294.2955
 20
3.0
 10
294.299999
 20
2.9955
 10
294.299999
 20
0.0045
 10
294.2955
 20
0.0
 10
294.004499
 20
0.0
 10
294.0
 20
0.0045
 10
294.0
 20
2.9955
  0
LWPOLYLINE
  5
80E
330
17
100
AcDbEntity
  8
VISTA
100
AcDbPolyline
 90
9
 70
1
 10
294.212
 20
7.433
 10
301.788
 20
7.433
 10
301.790001
 20
7.431
 10
301.790001
 20
7.38
 10
301.788
 20
7.378
 10
294.212
 20
7.378
 10
294.21
 20
7.38
 10
294.21
 20
7.431
 10
294.212
 20
7.433
  0
LWPOLYLINE
  5
80F
330
17
100
AcDbEntity
  8
VISTA
100
AcDbPolyline
 90
8
 70
1
 10
302.308001
 20
7.5475
 10
302.309999
 20
7.5455
 10
302.309999
 20
7.5245
 10
302.308001
 20
7.5225
 10
293.691999
 20
7.5225
 10
293.690001
 20
7.5245
 10
293.690585
 20
7.546914
 10
302.308001
 20
7.5475
  0
LWPOLYLINE
  5
810
330
17
100
AcDbEntity
  8
VISTA
100
AcDbPolyline
 90
5
 70
1
 10
296.521914
 20
2.711914
 10
296.521914
 20
2.668086
 10
296.478086
 20
2.668086
 10
296.478086
 20
2.711914
 10
296.521914
 20
2.711914
  0
LWPOLYLINE
  5
811
330
17
100
AcDbEntity
  8
VISTA
100
AcDbPolyline
 90
5
 70
1
 10
297.271914
 20
2.711914
 10
297.271914
 20
2.668086
 10
297.228086
 20
2.668086
 10
297.228086
 20
2.711914
 10
297.271914
 20
2.711914
  0
LWPOLYLINE
  5
812
330
17
100
AcDbEntity
  8
VISTA
100
AcDbPolyline
 90
5
 70
1
 10
298.021914
 20
2.711914
 10
298.021914
 20
2.668086
 10
297.978086
 20
2.668086
 10
297.978086
 20
2.711914
 10
298.021914
 20
2.711914
  0
LWPOLYLINE
  5
813
330
17
100
AcDbEntity
  8
VISTA
100
AcDbPolyline
 90
5
 70
1
 10
298.771914
 20
2.711914
 10
298.771914
 20
2.668086
 10
298.728086
 20
2.668086
 10
298.728086
 20
2.711914
 10
298.771914
 20
2.711914
  0
LWPOLYLINE
  5
814
330
17
100
AcDbEntity
  8
VISTA
100
AcDbPolyline
 90
5
 70
1
 10
299.521914
 20
2.711914
 10
299.521914
 20
2.668086
 10
299.478086
 20
2.668086
 10
299.478086
 20
2.711914
 10
299.521914
 20
2.711914
  0
LWPOLYLINE
  5
815
330
17
100
AcDbEntity
  8
VISTA
100
AcDbPolyline
 90
5
 70
1
 10
293.026
 20
4.257
 10
293.025001
 20
3.33
 10
293.014001
 20
3.331
 10
293.014294
 20
4.257707
 10
293.026
 20
4.257
  0
LWPOLYLINE
  5
816
330
17
100
AcDbEntity
  8
VISTA
100
AcDbPolyline
 90
5
 70
1
 10
296.029999
 20
2.57
 10
297.169998
 20
2.57
 10
297.169998
 20
0.27
 10
296.029999
 20
0.27
 10
296.029999
 20
2.57
  0
LWPOLYLINE
  5
817
330
17
100
AcDbEntity
  8
VISTA
100
AcDbPolyline
 90
5
 70
1
 10
298.830002
 20
2.57
 10
299.970001
 20
2.57
 10
299.970001
 20
0.27
 10
298.830002
 20
0.27
 10
298.830002
 20
2.57
  0
LWPOLYLINE
  5
818
330
17
100
AcDbEntity
  8
VISTA
100
AcDbPolyline
 90
12
 70
1
 10
295.951999
 20
2.611
 10
297.247999
 20
2.611
 10
297.250828
 20
2.609828
 10
297.251999
 20
2.607
 10
297.251999
 20
2.533
 10
297.250828
 20
2.530171
 10
297.247999
 20
2.529
 10
295.951999
 20
2.529
 10
295.94917
 20
2.530171
 10
295.947998
 20
2.533
 10
295.948737
 20
2.609316
 10
295.951999
 20
2.611
  0
LWPOLYLINE
  5
819
330
17
100
AcDbEntity
  8
VISTA
100
AcDbPolyline
 90
4
 70
1
 10
295.949689
 20
2.609309
 10
295.950204
 20
2.609528
 10
295.949471
 20
2.609528
 10
295.949689
 20
2.609309
  0
LWPOLYLINE
  5
81A
330
17
100
AcDbEntity
  8
VISTA
100
AcDbPolyline
 90
4
 70
1
 10
295.949689
 20
2.53069
 10
295.949471
 20
2.531205
 10
295.949471
 20
2.530472
 10
295.949689
 20
2.53069
  0
LWPOLYLINE
  5
81B
330
17
100
AcDbEntity
  8
VISTA
100
AcDbPolyline
 90
4
 70
1
 10
295.9491731937533
 20
2.608066713606537
 10
295.9491731937533
 20
2.6080667136065347
 10
295.9491731937533
 20
2.6080667136065325
 10
295.9491731937533
 20
2.608066713606537
  0
LWPOLYLINE
  5
81C
330
17
100
AcDbEntity
  8
VISTA
100
AcDbPolyline
 90
4
 70
1
 10
297.250307
 20
2.53069
 10
297.249794
 20
2.530472
 10
297.250526
 20
2.530472
 10
297.250307
 20
2.53069
  0
LWPOLYLINE
  5
81D
330
17
100
AcDbEntity
  8
VISTA
100
AcDbPolyline
 90
4
 70
1
 10
297.250526
 20
2.609528
 10
297.249794
 20
2.609528
 10
297.250307
 20
2.609309
 10
297.250526
 20
2.609528
  0
LWPOLYLINE
  5
81E
330
17
100
AcDbEntity
  8
VISTA
100
AcDbPolyline
 90
12
 70
1
 10
295.951999
 20
0.311
 10
297.247999
 20
0.311
 10
297.250828
 20
0.309828
 10
297.251999
 20
0.307
 10
297.251999
 20
0.233
 10
297.250828
 20
0.230172
 10
297.247999
 20
0.229
 10
295.951999
 20
0.229
 10
295.94917
 20
0.230172
 10
295.947998
 20
0.233
 10
295.948737
 20
0.309316
 10
295.951999
 20
0.311
  0
LWPOLYLINE
  5
81F
330
17
100
AcDbEntity
  8
VISTA
100
AcDbPolyline
 90
4
 70
1
 10
295.949689
 20
0.309309
 10
295.950204
 20
0.309528
 10
295.949471
 20
0.309528
 10
295.949689
 20
0.309309
  0
LWPOLYLINE
  5
820
330
17
100
AcDbEntity
  8
VISTA
100
AcDbPolyline
 90
4
 70
1
 10
295.949689
 20
0.230691
 10
295.949471
 20
0.231205
 10
295.949471
 20
0.230472
 10
295.949689
 20
0.230691
  0
LWPOLYLINE
  5
821
330
17
100
AcDbEntity
  8
VISTA
100
AcDbPolyline
 90
4
 70
1
 10
297.250307
 20
0.230691
 10
297.249794
 20
0.230472
 10
297.250526
 20
0.230472
 10
297.250307
 20
0.230691
  0
LWPOLYLINE
  5
822
330
17
100
AcDbEntity
  8
VISTA
100
AcDbPolyline
 90
4
 70
1
 10
297.250526
 20
0.309528
 10
297.249794
 20
0.309528
 10
297.250307
 20
0.309309
 10
297.250526
 20
0.309528
  0
LWPOLYLINE
  5
823
330
17
100
AcDbEntity
  8
VISTA
100
AcDbPolyline
 90
12
 70
1
 10
295.992999
 20
2.57
 10
296.066999
 20
2.57
 10
296.06982800000003
 20
2.568828
 10
296.07099900000003
 20
2.566
 10
296.07099900000003
 20
0.274
 10
296.06982800000003
 20
0.271172
 10
296.066999
 20
0.27
 10
295.992999
 20
0.27
 10
295.99017
 20
0.271172
 10
295.988998
 20
0.274
 10
295.989738
 20
2.568316
 10
295.992999
 20
2.57
  0
LWPOLYLINE
  5
824
330
17
100
AcDbEntity
  8
VISTA
100
AcDbPolyline
 90
4
 70
1
 10
295.990689
 20
2.568309
 10
295.991204
 20
2.568528
 10
295.990471
 20
2.568528
 10
295.990689
 20
2.568309
  0
LWPOLYLINE
  5
825
330
17
100
AcDbEntity
  8
VISTA
100
AcDbPolyline
 90
4
 70
1
 10
295.990689
 20
0.271691
 10
295.990471
 20
0.272205
 10
295.990471
 20
0.271472
 10
295.990689
 20
0.271691
  0
LWPOLYLINE
  5
826
330
17
100
AcDbEntity
  8
VISTA
100
AcDbPolyline
 90
4
 70
1
 10
296.069307
 20
0.271691
 10
296.068794
 20
0.271472
 10
296.069527
 20
0.271472
 10
296.069307
 20
0.271691
  0
LWPOLYLINE
  5
827
330
17
100
AcDbEntity
  8
VISTA
100
AcDbPolyline
 90
4
 70
1
 10
296.069527
 20
2.568528
 10
296.068794
 20
2.568528
 10
296.069307
 20
2.568309
 10
296.069527
 20
2.568528
  0
LWPOLYLINE
  5
828
330
17
100
AcDbEntity
  8
VISTA
100
AcDbPolyline
 90
12
 70
1
 10
297.132999
 20
2.57
 10
297.207001
 20
2.57
 10
297.209829
 20
2.568828
 10
297.211
 20
2.566
 10
297.211
 20
0.274
 10
297.209829
 20
0.271172
 10
297.207001
 20
0.27
 10
297.132999
 20
0.27
 10
297.130171
 20
0.271172
 10
297.129
 20
0.274
 10
297.129738
 20
2.568316
 10
297.132999
 20
2.57
  0
LWPOLYLINE
  5
829
330
17
100
AcDbEntity
  8
VISTA
100
AcDbPolyline
 90
4
 70
1
 10
297.130692
 20
2.568309
 10
297.131205
 20
2.568528
 10
297.130472
 20
2.568528
 10
297.130692
 20
2.568309
  0
LWPOLYLINE
  5
82A
330
17
100
AcDbEntity
  8
VISTA
100
AcDbPolyline
 90
4
 70
1
 10
297.130692
 20
0.271691
 10
297.130472
 20
0.272205
 10
297.130472
 20
0.271472
 10
297.130692
 20
0.271691
  0
LWPOLYLINE
  5
82B
330
17
100
AcDbEntity
  8
VISTA
100
AcDbPolyline
 90
4
 70
1
 10
297.209309
 20
0.271691
 10
297.208796
 20
0.271472
 10
297.209528
 20
0.271472
 10
297.209309
 20
0.271691
  0
LWPOLYLINE
  5
82C
330
17
100
AcDbEntity
  8
VISTA
100
AcDbPolyline
 90
4
 70
1
 10
297.209528
 20
2.568528
 10
297.208796
 20
2.568528
 10
297.209309
 20
2.568309
 10
297.209528
 20
2.568528
  0
LWPOLYLINE
  5
82D
330
17
100
AcDbEntity
  8
VISTA
100
AcDbPolyline
 90
5
 70
1
 10
296.029999
 20
2.54856
 10
297.169998
 20
2.54856
 10
297.169998
 20
2.52256
 10
296.029999
 20
2.52256
 10
296.029999
 20
2.54856
  0
LWPOLYLINE
  5
82E
330
17
100
AcDbEntity
  8
VISTA
100
AcDbPolyline
 90
5
 70
1
 10
296.029999
 20
0.31744
 10
297.169998
 20
0.31744
 10
297.169998
 20
0.29144
 10
296.029999
 20
0.29144
 10
296.029999
 20
0.31744
  0
LWPOLYLINE
  5
82F
330
17
100
AcDbEntity
  8
VISTA
100
AcDbPolyline
 90
5
 70
1
 10
296.051439
 20
2.57
 10
296.07744
 20
2.57
 10
296.07744
 20
0.27
 10
296.051439
 20
0.27
 10
296.051439
 20
2.57
  0
LWPOLYLINE
  5
830
330
17
100
AcDbEntity
  8
VISTA
100
AcDbPolyline
 90
5
 70
1
 10
297.122559
 20
2.57
 10
297.14856
 20
2.57
 10
297.14856
 20
0.27
 10
297.122559
 20
0.27
 10
297.122559
 20
2.57
  0
LWPOLYLINE
  5
831
330
17
100
AcDbEntity
  8
VISTA
100
AcDbPolyline
 90
12
 70
1
 10
298.752001
 20
2.611
 10
300.048002
 20
2.611
 10
300.050831
 20
2.609828
 10
300.052002
 20
2.607
 10
300.052002
 20
2.533
 10
300.050831
 20
2.530171
 10
300.048002
 20
2.529
 10
298.752001
 20
2.529
 10
298.749172
 20
2.530171
 10
298.748001
 20
2.533
 10
298.748739
 20
2.609316
 10
298.752001
 20
2.611
  0
LWPOLYLINE
  5
832
330
17
100
AcDbEntity
  8
VISTA
100
AcDbPolyline
 90
4
 70
1
 10
298.749693
 20
2.609309
 10
298.750206
 20
2.609528
 10
298.749474
 20
2.609528
 10
298.749693
 20
2.609309
  0
LWPOLYLINE
  5
833
330
17
100
AcDbEntity
  8
VISTA
100
AcDbPolyline
 90
4
 70
1
 10
298.749693
 20
2.53069
 10
298.749474
 20
2.531205
 10
298.749474
 20
2.530472
 10
298.749693
 20
2.53069
  0
LWPOLYLINE
  5
834
330
17
100
AcDbEntity
  8
VISTA
100
AcDbPolyline
 90
4
 70
1
 10
300.05031
 20
2.53069
 10
300.049797
 20
2.530472
 10
300.050529
 20
2.530472
 10
300.05031
 20
2.53069
  0
LWPOLYLINE
  5
835
330
17
100
AcDbEntity
  8
VISTA
100
AcDbPolyline
 90
4
 70
1
 10
300.050529
 20
2.609528
 10
300.049797
 20
2.609528
 10
300.05031
 20
2.609309
 10
300.050529
 20
2.609528
  0
LWPOLYLINE
  5
836
330
17
100
AcDbEntity
  8
VISTA
100
AcDbPolyline
 90
12
 70
1
 10
298.752001
 20
0.311
 10
300.048002
 20
0.311
 10
300.050831
 20
0.309828
 10
300.052002
 20
0.307
 10
300.052002
 20
0.233
 10
300.050831
 20
0.230172
 10
300.048002
 20
0.229
 10
298.752001
 20
0.229
 10
298.749172
 20
0.230172
 10
298.748001
 20
0.233
 10
298.748739
 20
0.309316
 10
298.752001
 20
0.311
  0
LWPOLYLINE
  5
837
330
17
100
AcDbEntity
  8
VISTA
100
AcDbPolyline
 90
4
 70
1
 10
298.749693
 20
0.309309
 10
298.750206
 20
0.309528
 10
298.749474
 20
0.309528
 10
298.749693
 20
0.309309
  0
LWPOLYLINE
  5
838
330
17
100
AcDbEntity
  8
VISTA
100
AcDbPolyline
 90
4
 70
1
 10
298.749693
 20
0.230691
 10
298.749474
 20
0.231205
 10
298.749474
 20
0.230472
 10
298.749693
 20
0.230691
  0
LWPOLYLINE
  5
839
330
17
100
AcDbEntity
  8
VISTA
100
AcDbPolyline
 90
4
 70
1
 10
300.05031
 20
0.230691
 10
300.049797
 20
0.230472
 10
300.050529
 20
0.230472
 10
300.05031
 20
0.230691
  0
LWPOLYLINE
  5
83A
330
17
100
AcDbEntity
  8
VISTA
100
AcDbPolyline
 90
4
 70
1
 10
300.050529
 20
0.309528
 10
300.049797
 20
0.309528
 10
300.05031
 20
0.309309
 10
300.050529
 20
0.309528
  0
LWPOLYLINE
  5
83B
330
17
100
AcDbEntity
  8
VISTA
100
AcDbPolyline
 90
12
 70
1
 10
298.792999
 20
2.57
 10
298.867001
 20
2.57
 10
298.869829
 20
2.568828
 10
298.871
 20
2.566
 10
298.871
 20
0.274
 10
298.869829
 20
0.271172
 10
298.867001
 20
0.27
 10
298.792999
 20
0.27
 10
298.790171
 20
0.271172
 10
298.789
 20
0.274
 10
298.789738
 20
2.568316
 10
298.792999
 20
2.57
  0
LWPOLYLINE
  5
83C
330
17
100
AcDbEntity
  8
VISTA
100
AcDbPolyline
 90
4
 70
1
 10
298.790691
 20
2.568309
 10
298.791204
 20
2.568528
 10
298.790472
 20
2.568528
 10
298.790691
 20
2.568309
  0
LWPOLYLINE
  5
83D
330
17
100
AcDbEntity
  8
VISTA
100
AcDbPolyline
 90
4
 70
1
 10
298.790691
 20
0.271691
 10
298.790472
 20
0.272205
 10
298.790472
 20
0.271472
 10
298.790691
 20
0.271691
  0
LWPOLYLINE
  5
83E
330
17
100
AcDbEntity
  8
VISTA
100
AcDbPolyline
 90
4
 70
1
 10
298.869308
 20
0.271691
 10
298.868795
 20
0.271472
 10
298.869528
 20
0.271472
 10
298.869308
 20
0.271691
  0
LWPOLYLINE
  5
83F
330
17
100
AcDbEntity
  8
VISTA
100
AcDbPolyline
 90
4
 70
1
 10
298.869528
 20
2.568528
 10
298.868795
 20
2.568528
 10
298.869308
 20
2.568309
 10
298.869528
 20
2.568528
  0
LWPOLYLINE
  5
840
330
17
100
AcDbEntity
  8
VISTA
100
AcDbPolyline
 90
12
 70
1
 10
299.933001
 20
2.57
 10
300.007002
 20
2.57
 10
300.00983
 20
2.568828
 10
300.011002
 20
2.566
 10
300.011002
 20
0.274
 10
300.00983
 20
0.271172
 10
300.007002
 20
0.27
 10
299.933001
 20
0.27
 10
299.93017199999997
 20
0.271172
 10
299.92900099999997
 20
0.274
 10
299.929739
 20
2.568316
 10
299.933001
 20
2.57
  0
LWPOLYLINE
  5
841
330
17
100
AcDbEntity
  8
VISTA
100
AcDbPolyline
 90
4
 70
1
 10
299.930693
 20
2.568309
 10
299.931206
 20
2.568528
 10
299.930473
 20
2.568528
 10
299.930693
 20
2.568309
  0
LWPOLYLINE
  5
842
330
17
100
AcDbEntity
  8
VISTA
100
AcDbPolyline
 90
4
 70
1
 10
299.930693
 20
0.271691
 10
299.930473
 20
0.272205
 10
299.930473
 20
0.271472
 10
299.930693
 20
0.271691
  0
LWPOLYLINE
  5
843
330
17
100
AcDbEntity
  8
VISTA
100
AcDbPolyline
 90
4
 70
1
 10
300.00931
 20
0.271691
 10
300.008797
 20
0.271472
 10
300.009529
 20
0.271472
 10
300.00931
 20
0.271691
  0
LWPOLYLINE
  5
844
330
17
100
AcDbEntity
  8
VISTA
100
AcDbPolyline
 90
4
 70
1
 10
300.009529
 20
2.568528
 10
300.008797
 20
2.568528
 10
300.00931
 20
2.568309
 10
300.009529
 20
2.568528
  0
LWPOLYLINE
  5
845
330
17
100
AcDbEntity
  8
VISTA
100
AcDbPolyline
 90
5
 70
1
 10
298.830002
 20
2.54856
 10
299.970001
 20
2.54856
 10
299.970001
 20
2.52256
 10
298.830002
 20
2.52256
 10
298.830002
 20
2.54856
  0
LWPOLYLINE
  5
846
330
17
100
AcDbEntity
  8
VISTA
100
AcDbPolyline
 90
5
 70
1
 10
298.830002
 20
0.31744
 10
299.970001
 20
0.31744
 10
299.970001
 20
0.29144
 10
298.830002
 20
0.29144
 10
298.830002
 20
0.31744
  0
LWPOLYLINE
  5
847
330
17
100
AcDbEntity
  8
VISTA
100
AcDbPolyline
 90
5
 70
1
 10
298.85144
 20
2.57
 10
298.877441
 20
2.57
 10
298.877441
 20
0.27
 10
298.85144
 20
0.27
 10
298.85144
 20
2.57
  0
LWPOLYLINE
  5
848
330
17
100
AcDbEntity
  8
VISTA
100
AcDbPolyline
 90
5
 70
1
 10
299.92256
 20
2.57
 10
299.948561
 20
2.57
 10
299.948561
 20
0.27
 10
299.92256
 20
0.27
 10
299.92256
 20
2.57
  0
LWPOLYLINE
  5
849
330
17
100
AcDbEntity
  8
VISTA
100
AcDbPolyline
 90
5
 70
1
 10
295.88
 20
2.6625
 10
300.119999
 20
2.6625
 10
300.119999
 20
2.6175
 10
295.88
 20
2.6175
 10
295.88
 20
2.6625
  0
LWPOLYLINE
  5
84A
330
17
100
AcDbEntity
  8
VISTA
100
AcDbPolyline
 90
5
 70
1
 10
296.031708
 20
2.56655
 10
297.168289
 20
2.56655
 10
297.168289
 20
0.27345
 10
296.031708
 20
0.27345
 10
296.031708
 20
2.56655
  0
LWPOLYLINE
  5
84B
330
17
100
AcDbEntity
  8
VISTA
100
AcDbPolyline
 90
5
 70
1
 10
298.831711
 20
2.56655
 10
299.968292
 20
2.56655
 10
299.968292
 20
0.27345
 10
298.831711
 20
0.27345
 10
298.831711
 20
2.56655
  0
LWPOLYLINE
  5
84C
330
17
100
AcDbEntity
  8
VISTA
100
AcDbPolyline
 90
5
 70
1
 10
293.026
 20
4.257
 10
293.025001
 20
3.33
 10
293.014001
 20
3.331
 10
293.014294
 20
4.257707
 10
293.026
 20
4.257
  0
LWPOLYLINE
  5
84D
330
17
100
AcDbEntity
  8
VISTA
100
AcDbPolyline
 90
5
 70
1
 10
293.026
 20
4.257
 10
293.025001
 20
3.33
 10
293.014001
 20
3.331
 10
293.014294
 20
4.257707
 10
293.026
 20
4.257
  0
LWPOLYLINE
  5
84E
330
17
100
AcDbEntity
  8
VISTA
100
AcDbPolyline
 90
5
 70
1
 10
293.026
 20
4.257
 10
293.025001
 20
3.33
 10
293.014001
 20
3.331
 10
293.014294
 20
4.257707
 10
293.026
 20
4.257
  0
LWPOLYLINE
  5
84F
330
17
100
AcDbEntity
  8
VISTA
100
AcDbPolyline
 90
5
 70
1
 10
293.026
 20
4.257
 10
293.025001
 20
3.33
 10
293.014001
 20
3.331
 10
293.014294
 20
4.257707
 10
293.026
 20
4.257
  0
LWPOLYLINE
  5
850
330
17
100
AcDbEntity
  8
VISTA
100
AcDbPolyline
 90
9
 70
1
 10
299.35
 20
5.9455
 10
299.35450000000003
 20
5.95
 10
299.4855
 20
5.95
 10
299.49
 20
5.9455
 10
299.49
 20
3.2045
 10
299.4855
 20
3.2
 10
299.35450000000003
 20
3.2
 10
299.35
 20
3.2045
 10
299.35
 20
5.9455
  0
LWPOLYLINE
  5
851
330
17
100
AcDbEntity
  8
VISTA
100
AcDbPolyline
 90
9
 70
1
 10
297.550001
 20
5.9455
 10
297.554501
 20
5.95
 10
297.685501
 20
5.95
 10
297.690001
 20
5.9455
 10
297.690001
 20
3.2045
 10
297.685501
 20
3.2
 10
297.554501
 20
3.2
 10
297.550001
 20
3.2045
 10
297.550001
 20
5.9455
  0
LWPOLYLINE
  5
852
330
17
100
AcDbEntity
  8
VISTA
100
AcDbPolyline
 90
5
 70
1
 10
293.026
 20
4.257
 10
293.025001
 20
3.33
 10
293.014001
 20
3.331
 10
293.014294
 20
4.257707
 10
293.026
 20
4.257
  0
LWPOLYLINE
  5
853
330
17
100
AcDbEntity
  8
VISTA
100
AcDbPolyline
 90
12
 70
1
 10
293.926499
 20
5.92
 10
294.0435
 20
5.92
 10
294.046329
 20
5.918828
 10
294.0475
 20
5.916
 10
294.0475
 20
3.844
 10
294.046329
 20
3.841172
 10
294.0435
 20
3.84
 10
293.926499
 20
3.84
 10
293.923671
 20
3.841172
 10
293.9225
 20
3.844
 10
293.923238
 20
5.918316
 10
293.926499
 20
5.92
  0
LWPOLYLINE
  5
854
330
17
100
AcDbEntity
  8
VISTA
100
AcDbPolyline
 90
4
 70
1
 10
293.924191
 20
5.918309
 10
293.924705
 20
5.918528
 10
293.923972
 20
5.918528
 10
293.924191
 20
5.918309
  0
LWPOLYLINE
  5
855
330
17
100
AcDbEntity
  8
VISTA
100
AcDbPolyline
 90
4
 70
1
 10
293.924191
 20
3.841691
 10
293.923972
 20
3.842206
 10
293.923972
 20
3.841472
 10
293.924191
 20
3.841691
  0
LWPOLYLINE
  5
856
330
17
100
AcDbEntity
  8
VISTA
100
AcDbPolyline
 90
4
 70
1
 10
294.045809
 20
3.841691
 10
294.045295
 20
3.841472
 10
294.046027
 20
3.841472
 10
294.045809
 20
3.841691
  0
LWPOLYLINE
  5
857
330
17
100
AcDbEntity
  8
VISTA
100
AcDbPolyline
 90
4
 70
1
 10
294.046027
 20
5.918528
 10
294.045295
 20
5.918528
 10
294.045809
 20
5.918309
 10
294.046027
 20
5.918528
  0
LWPOLYLINE
  5
858
330
17
100
AcDbEntity
  8
VISTA
100
AcDbPolyline
 90
5
 70
1
 10
293.889999
 20
5.78
 10
293.92
 20
5.78
 10
293.92
 20
4.02
 10
293.889999
 20
4.02
 10
293.889999
 20
5.78
  0
LWPOLYLINE
  5
859
330
17
100
AcDbEntity
  8
VISTA
100
AcDbPolyline
 90
5
 70
1
 10
293.9675
 20
5.92
 10
294.0025
 20
5.92
 10
294.0025
 20
3.84
 10
293.9675
 20
3.84
 10
293.9675
 20
5.92
  0
LWPOLYLINE
  5
85A
330
17
100
AcDbEntity
  8
VISTA
100
AcDbPolyline
 90
5
 70
1
 10
293.026
 20
4.257
 10
293.025001
 20
3.33
 10
293.014001
 20
3.331
 10
293.014294
 20
4.257707
 10
293.026
 20
4.257
  0
LWPOLYLINE
  5
85B
330
17
100
AcDbEntity
  8
VISTA
100
AcDbPolyline
 90
4
 70
1
 10
301.649557
 20
-0.320001
 10
301.6497229340429
 20
-0.35
 10
296.28625955911025
 20
-0.35
 10
301.649557
 20
-0.320001
  0
LWPOLYLINE
  5
85C
330
17
100
AcDbEntity
  8
VISTA
100
AcDbPolyline
 90
5
 70
1
 10
293.026
 20
4.257
 10
293.025001
 20
3.33
 10
293.014001
 20
3.331
 10
293.014294
 20
4.257707
 10
293.026
 20
4.257
  0
LWPOLYLINE
  5
85D
330
17
100
AcDbEntity
  8
VISTA
100
AcDbPolyline
 90
5
 70
1
 10
292.992001
 20
3.283
 10
292.992001
 20
3.265
 10
292.98199999999997
 20
3.265
 10
292.982245
 20
3.283
 10
292.992001
 20
3.283
  0
LWPOLYLINE
  5
85E
330
17
100
AcDbEntity
  8
VISTA
100
AcDbPolyline
 90
5
 70
1
 10
293.058001
 20
3.283
 10
293.058001
 20
3.265
 10
293.048
 20
3.265
 10
293.048245
 20
3.283
 10
293.058001
 20
3.283
  0
LWPOLYLINE
  5
85F
330
17
100
AcDbEntity
  8
VISTA
100
AcDbPolyline
 90
9
 70
1
 10
294.212
 20
7.283714
 10
301.788
 20
7.283714
 10
301.790001
 20
7.281714
 10
301.790001
 20
7.230714
 10
301.788
 20
7.228714
 10
294.212
 20
7.228714
 10
294.21
 20
7.230714
 10
294.21
 20
7.281714
 10
294.212
 20
7.283714
  0
LWPOLYLINE
  5
860
330
17
100
AcDbEntity
  8
VISTA
100
AcDbPolyline
 90
8
 70
1
 10
293.002501
 20
4.2983
 10
293.0042
 20
4.3
 10
293.035801
 20
4.3
 10
293.0375
 20
4.2983
 10
293.0375
 20
3.2517
 10
293.035801
 20
3.25
 10
293.003348
 20
3.2505
 10
293.002501
 20
4.2983
  0
LWPOLYLINE
  5
861
330
17
100
AcDbEntity
  8
VISTA
100
AcDbPolyline
 90
5
 70
1
 10
293.026
 20
4.257
 10
293.025001
 20
3.33
 10
293.014001
 20
3.331
 10
293.014294
 20
4.257707
 10
293.026
 20
4.257
  0
LWPOLYLINE
  5
862
330
17
100
AcDbEntity
  8
VISTA
100
AcDbPolyline
 90
8
 70
1
 10
293.0705
 20
3.266
 10
293.0725
 20
3.264
 10
293.0725
 20
3.256
 10
293.0705
 20
3.254
 10
292.969501
 20
3.254
 10
292.967501
 20
3.256
 10
292.96808599999997
 20
3.265414
 10
293.0705
 20
3.266
  0
LWPOLYLINE
  5
863
330
17
100
AcDbEntity
  8
VISTA
100
AcDbPolyline
 90
5
 70
1
 10
292.992001
 20
3.283
 10
292.992001
 20
3.265
 10
292.98199999999997
 20
3.265
 10
292.982245
 20
3.283
 10
292.992001
 20
3.283
  0
LWPOLYLINE
  5
864
330
17
100
AcDbEntity
  8
VISTA
100
AcDbPolyline
 90
5
 70
1
 10
293.058001
 20
3.283
 10
293.058001
 20
3.265
 10
293.048
 20
3.265
 10
293.048245
 20
3.283
 10
293.058001
 20
3.283
  0
LWPOLYLINE
  5
865
330
17
100
AcDbEntity
  8
VISTA
100
AcDbPolyline
 90
5
 70
1
 10
293.026
 20
4.257
 10
293.025001
 20
3.33
 10
293.014001
 20
3.331
 10
293.014294
 20
4.257707
 10
293.026
 20
4.257
  0
LWPOLYLINE
  5
866
330
17
100
AcDbEntity
  8
VISTA
100
AcDbPolyline
 90
8
 70
1
 10
299.365
 20
5.4683
 10
299.366699
 20
5.47
 10
299.473301
 20
5.47
 10
299.475
 20
5.4683
 10
299.475
 20
3.2517
 10
299.473301
 20
3.25
 10
299.365849
 20
3.2505
 10
299.365
 20
5.4683
  0
LWPOLYLINE
  5
867
330
17
100
AcDbEntity
  8
VISTA
100
AcDbPolyline
 90
11
 70
1
 10
299.431499
 20
5.47
 10
299.433975
 20
5.468975
 10
299.434999
 20
5.4665
 10
299.434999
 20
3.2535
 10
299.433975
 20
3.251025
 10
299.431499
 20
3.25
 10
299.408501
 20
3.25
 10
299.406025
 20
3.251025
 10
299.40500099999997
 20
3.2535
 10
299.406025
 20
5.468975
 10
299.431499
 20
5.47
  0
LWPOLYLINE
  5
868
330
17
100
AcDbEntity
  8
VISTA
100
AcDbPolyline
 90
4
 70
1
 10
299.406746
 20
5.468254
 10
299.406746
 20
5.46897
 10
299.406031
 20
5.468254
 10
299.406746
 20
5.468254
  0
LWPOLYLINE
  5
869
330
17
100
AcDbEntity
  8
VISTA
100
AcDbPolyline
 90
4
 70
1
 10
299.406288
 20
3.251288
 10
299.406746
 20
3.25103
 10
299.406746
 20
3.251747
 10
299.406288
 20
3.251288
  0
LWPOLYLINE
  5
86A
330
17
100
AcDbEntity
  8
VISTA
100
AcDbPolyline
 90
4
 70
1
 10
299.433969
 20
5.468254
 10
299.433254
 20
5.46897
 10
299.433254
 20
5.468254
 10
299.433969
 20
5.468254
  0
LWPOLYLINE
  5
86B
330
17
100
AcDbEntity
  8
VISTA
100
AcDbPolyline
 90
4
 70
1
 10
299.433254
 20
3.25103
 10
299.433969
 20
3.251747
 10
299.433254
 20
3.251747
 10
299.433254
 20
3.25103
  0
LWPOLYLINE
  5
86C
330
17
100
AcDbEntity
  8
VISTA
100
AcDbPolyline
 90
8
 70
1
 10
297.657001
 20
5.47
 10
297.660002
 20
5.467
 10
297.660002
 20
3.253
 10
297.657001
 20
3.25
 10
297.58299999999997
 20
3.25
 10
297.58
 20
3.253
 10
297.580879
 20
5.469121
 10
297.657001
 20
5.47
  0
LWPOLYLINE
  5
86D
330
17
100
AcDbEntity
  8
VISTA
100
AcDbPolyline
 90
5
 70
1
 10
293.026
 20
4.257
 10
293.025001
 20
3.33
 10
293.014001
 20
3.331
 10
293.014294
 20
4.257707
 10
293.026
 20
4.257
  0
LWPOLYLINE
  5
86E
330
17
100
AcDbEntity
  8
VISTA
100
AcDbPolyline
 90
8
 70
1
 10
297.565001
 20
5.4683
 10
297.5667
 20
5.47
 10
297.673302
 20
5.47
 10
297.675001
 20
5.4683
 10
297.675001
 20
3.2517
 10
297.673302
 20
3.25
 10
297.565849
 20
3.2505
 10
297.565001
 20
5.4683
  0
LWPOLYLINE
  5
86F
330
17
100
AcDbEntity
  8
VISTA
100
AcDbPolyline
 90
5
 70
1
 10
293.026
 20
4.257
 10
293.025001
 20
3.33
 10
293.014001
 20
3.331
 10
293.014294
 20
4.257707
 10
293.026
 20
4.257
  0
LWPOLYLINE
  5
870
330
17
100
AcDbEntity
  8
VISTA
100
AcDbPolyline
 90
5
 70
1
 10
301.775
 20
5.918
 10
301.775
 20
5.9
 10
299.525
 20
5.9
 10
299.525
 20
5.918
 10
301.775
 20
5.918
  0
LWPOLYLINE
  5
871
330
17
100
AcDbEntity
  8
VISTA
100
AcDbPolyline
 90
9
 70
1
 10
297.66
 20
5.9505
 10
297.664501
 20
5.955
 10
299.3755
 20
5.955
 10
299.380001
 20
5.9505
 10
299.380001
 20
5.9295
 10
299.3755
 20
5.925
 10
297.664501
 20
5.925
 10
297.66
 20
5.9295
 10
297.66
 20
5.9505
  0
LWPOLYLINE
  5
872
330
17
100
AcDbEntity
  8
VISTA
100
AcDbPolyline
 90
5
 70
1
 10
293.026
 20
4.257
 10
293.025001
 20
3.33
 10
293.014001
 20
3.331
 10
293.014294
 20
4.257707
 10
293.026
 20
4.257
  0
LWPOLYLINE
  5
873
330
17
100
AcDbEntity
  8
VISTA
100
AcDbPolyline
 90
31
 70
1
 10
301.3449
 20
2.814746
 10
301.360312
 20
2.847124
 10
301.38761728040055
 20
2.87647590895134
 10
301.345451
 20
2.937584
 10
301.34
 20
2.95
 10
301.34
 20
8.7
 10
301.66
 20
8.7
 10
301.66
 20
2.95
 10
301.654549
 20
2.937584
 10
301.638563
 20
2.926014
 10
301.61302859563506
 20
2.913483699340804
 10
301.611433
 20
2.874928
 10
301.637337
 20
2.847124
 10
301.653883
 20
2.814746
 10
301.659941
 20
2.78
 10
301.649974005503
 20
2.707927239306188
 10
301.65
 20
2.65
 10
301.644548
 20
2.608589
 10
301.628563
 20
2.57
 10
301.603136
 20
2.536863
 10
301.57
 20
2.511436
 10
301.53141
 20
2.495452
 10
301.49
 20
2.49
 10
301.44858899999997
 20
2.495452
 10
301.41
 20
2.511436
 10
301.376863
 20
2.536863
 10
301.351437
 20
2.57
 10
301.335451
 20
2.608589
 10
301.33
 20
2.65
 10
301.330029
 20
2.71
 10
301.3449
 20
2.814746
  0
LWPOLYLINE
  5
874
330
17
100
AcDbEntity
  8
VISTA
100
AcDbPolyline
 90
4
 70
1
 10
301.3354521187138
 20
2.608589299719012
 10
301.3354521187138
 20
2.6085892997190125
 10
301.335451
 20
2.608589
 10
301.3354521187138
 20
2.608589299719012
  0
LWPOLYLINE
  5
875
330
17
100
AcDbEntity
  8
VISTA
100
AcDbPolyline
 90
4
 70
1
 10
301.57853101930436
 20
2.721794688679242
 10
301.57853101930436
 20
2.721794688679271
 10
301.57853101930436
 20
2.7217946886792523
 10
301.57853101930436
 20
2.721794688679242
  0
LWPOLYLINE
  5
876
330
17
100
AcDbEntity
  8
VISTA
100
AcDbPolyline
 90
11
 70
1
 10
301.41700000000003
 20
2.77643
 10
301.386763
 20
2.75323
 10
301.36893241409933
 20
2.72999560079705
 10
301.37468
 20
2.718749
 10
301.398317
 20
2.693378
 10
301.428885
 20
2.673911
 10
301.464298
 20
2.661673
 10
301.502146
 20
2.657498
 10
301.53612183859815
 20
2.661260576290378
 10
301.4478381421051
 20
2.7892028114640692
 10
301.41700000000003
 20
2.77643
  0
LWPOLYLINE
  5
877
330
17
100
AcDbEntity
  8
VISTA
100
AcDbPolyline
 90
4
 70
1
 10
301.37247276572054
 20
2.702346710079727
 10
301.37247276572054
 20
2.7023467100797256
 10
301.37468
 20
2.718749
 10
301.37247276572054
 20
2.702346710079727
  0
LWPOLYLINE
  5
878
330
17
100
AcDbEntity
  8
VISTA
100
AcDbPolyline
 90
4
 70
1
 10
301.3482512196617
 20
2.6177030380829094
 10
301.34825171437296
 20
2.61770184407287
 10
301.34825171437296
 20
2.617701844072874
 10
301.3482512196617
 20
2.6177030380829094
  0
LWPOLYLINE
  5
879
330
17
100
AcDbEntity
  8
VISTA
100
AcDbPolyline
 90
5
 70
1
 10
293.026
 20
4.257
 10
293.025001
 20
3.33
 10
293.014001
 20
3.331
 10
293.014294
 20
4.257707
 10
293.026
 20
4.257
  0
LWPOLYLINE
  5
87A
330
17
100
AcDbEntity
  8
VISTA
100
AcDbPolyline
 90
9
 70
1
 10
294.0
 20
4.2355
 10
294.0045
 20
4.24
 10
294.1955
 20
4.24
 10
294.200001
 20
4.2355
 10
294.200001
 20
3.2045
 10
294.1955
 20
3.2
 10
294.0045
 20
3.2
 10
294.0
 20
3.2045
 10
294.0
 20
4.2355
  0
LWPOLYLINE
  5
87B
330
17
100
AcDbEntity
  8
VISTA
100
AcDbPolyline
 90
9
 70
1
 10
294.0
 20
6.3955
 10
294.0045
 20
6.4
 10
294.1955
 20
6.4
 10
294.200001
 20
6.3955
 10
294.200001
 20
5.6445
 10
294.1955
 20
5.64
 10
294.0045
 20
5.64
 10
294.0
 20
5.6445
 10
294.0
 20
6.3955
  0
LWPOLYLINE
  5
87C
330
17
100
AcDbEntity
  8
VISTA
100
AcDbPolyline
 90
5
 70
1
 10
293.9935
 20
5.91688
 10
294.002501
 20
5.91688
 10
294.002501
 20
3.84312
 10
293.9935
 20
3.84312
 10
293.9935
 20
5.91688
  0
LWPOLYLINE
  5
87D
330
17
100
AcDbEntity
  8
VISTA
100
AcDbPolyline
 90
9
 70
1
 10
293.926499
 20
5.961
 10
294.045815
 20
5.960262
 10
294.0475
 20
5.957
 10
294.046762
 20
5.880684
 10
294.0435
 20
5.879
 10
293.924184
 20
5.879738
 10
293.9225
 20
5.883
 10
293.923238
 20
5.959316
 10
293.926499
 20
5.961
  0
LWPOLYLINE
  5
87E
330
17
100
AcDbEntity
  8
VISTA
100
AcDbPolyline
 90
4
 70
1
 10
293.924191
 20
5.95931
 10
293.924705
 20
5.959528
 10
293.923972
 20
5.959528
 10
293.924191
 20
5.95931
  0
LWPOLYLINE
  5
87F
330
17
100
AcDbEntity
  8
VISTA
100
AcDbPolyline
 90
4
 70
1
 10
293.924191
 20
5.880691
 10
293.923972
 20
5.881206
 10
293.923972
 20
5.880472
 10
293.924191
 20
5.880691
  0
LWPOLYLINE
  5
880
330
17
100
AcDbEntity
  8
VISTA
100
AcDbPolyline
 90
4
 70
1
 10
294.045809
 20
5.880691
 10
294.045295
 20
5.880472
 10
294.046027
 20
5.880472
 10
294.045809
 20
5.880691
  0
LWPOLYLINE
  5
881
330
17
100
AcDbEntity
  8
VISTA
100
AcDbPolyline
 90
4
 70
1
 10
294.046027
 20
5.959528
 10
294.045295
 20
5.959528
 10
294.045809
 20
5.95931
 10
294.046027
 20
5.959528
  0
LWPOLYLINE
  5
882
330
17
100
AcDbEntity
  8
VISTA
100
AcDbPolyline
 90
9
 70
1
 10
293.926499
 20
3.881
 10
294.045815
 20
3.880261
 10
294.0475
 20
3.877
 10
294.046762
 20
3.800684
 10
294.0435
 20
3.799
 10
293.924184
 20
3.799738
 10
293.9225
 20
3.803
 10
293.923238
 20
3.879316
 10
293.926499
 20
3.881
  0
LWPOLYLINE
  5
883
330
17
100
AcDbEntity
  8
VISTA
100
AcDbPolyline
 90
4
 70
1
 10
293.924191
 20
3.879309
 10
293.924705
 20
3.879528
 10
293.923972
 20
3.879528
 10
293.924191
 20
3.879309
  0
LWPOLYLINE
  5
884
330
17
100
AcDbEntity
  8
VISTA
100
AcDbPolyline
 90
4
 70
1
 10
293.924191
 20
3.80069
 10
293.923972
 20
3.801205
 10
293.923972
 20
3.800472
 10
293.924191
 20
3.80069
  0
LWPOLYLINE
  5
885
330
17
100
AcDbEntity
  8
VISTA
100
AcDbPolyline
 90
4
 70
1
 10
294.045809
 20
3.80069
 10
294.045295
 20
3.800472
 10
294.046027
 20
3.800472
 10
294.045809
 20
3.80069
  0
LWPOLYLINE
  5
886
330
17
100
AcDbEntity
  8
VISTA
100
AcDbPolyline
 90
4
 70
1
 10
294.046027
 20
3.879528
 10
294.045295
 20
3.879528
 10
294.045809
 20
3.879309
 10
294.046027
 20
3.879528
  0
LWPOLYLINE
  5
887
330
17
100
AcDbEntity
  8
VISTA
100
AcDbPolyline
 90
13
 70
1
 10
293.913
 20
3.8015
 10
293.914758
 20
3.805743
 10
293.919001
 20
3.8075
 10
294.087
 20
3.8075
 10
294.091243
 20
3.805743
 10
294.093
 20
3.8015
 10
294.093
 20
3.7685
 10
294.091243
 20
3.764257
 10
294.087
 20
3.7625
 10
293.919001
 20
3.7625
 10
293.914758
 20
3.764257
 10
293.913
 20
3.7685
 10
293.913
 20
3.8015
  0
LWPOLYLINE
  5
888
330
17
100
AcDbEntity
  8
VISTA
100
AcDbPolyline
 90
5
 70
1
 10
293.889999
 20
5.82
 10
293.92
 20
5.82
 10
293.92
 20
5.72
 10
293.889999
 20
5.72
 10
293.889999
 20
5.82
  0
LWPOLYLINE
  5
889
330
17
100
AcDbEntity
  8
VISTA
100
AcDbPolyline
 90
5
 70
1
 10
293.889999
 20
4.07
 10
293.92
 20
4.07
 10
293.92
 20
3.99
 10
293.889999
 20
3.99
 10
293.889999
 20
4.07
  0
LWPOLYLINE
  5
88A
330
17
100
AcDbEntity
  8
VISTA
100
AcDbPolyline
 90
5
 70
1
 10
293.9675
 20
5.92
 10
293.976501
 20
5.92
 10
293.976501
 20
3.84
 10
293.9675
 20
3.84
 10
293.9675
 20
5.92
  0
LWPOLYLINE
  5
88B
330
17
100
AcDbEntity
  8
VISTA
100
AcDbPolyline
 90
5
 70
1
 10
293.9675
 20
5.89856
 10
294.0025
 20
5.89856
 10
294.0025
 20
5.87256
 10
293.9675
 20
5.87256
 10
293.9675
 20
5.89856
  0
LWPOLYLINE
  5
88C
330
17
100
AcDbEntity
  8
VISTA
100
AcDbPolyline
 90
5
 70
1
 10
293.9675
 20
3.88744
 10
294.0025
 20
3.88744
 10
294.0025
 20
3.86144
 10
293.9675
 20
3.86144
 10
293.9675
 20
3.88744
  0
LWPOLYLINE
  5
88D
330
17
100
AcDbEntity
  8
VISTA
100
AcDbPolyline
 90
8
 70
1
 10
299.431499
 20
5.495
 10
299.434355
 20
5.493526
 10
299.434999
 20
5.4485
 10
299.433527
 20
5.445646
 10
299.408501
 20
5.445
 10
299.405645
 20
5.446474
 10
299.406025
 20
5.493975
 10
299.431499
 20
5.495
  0
LWPOLYLINE
  5
88E
330
17
100
AcDbEntity
  8
VISTA
100
AcDbPolyline
 90
4
 70
1
 10
299.406746
 20
5.493253
 10
299.406746
 20
5.493969
 10
299.406031
 20
5.493253
 10
299.406746
 20
5.493253
  0
LWPOLYLINE
  5
88F
330
17
100
AcDbEntity
  8
VISTA
100
AcDbPolyline
 90
4
 70
1
 10
299.406288
 20
5.446288
 10
299.406746
 20
5.44603
 10
299.406746
 20
5.446746
 10
299.406288
 20
5.446288
  0
LWPOLYLINE
  5
890
330
17
100
AcDbEntity
  8
VISTA
100
AcDbPolyline
 90
4
 70
1
 10
299.433969
 20
5.493253
 10
299.433254
 20
5.493969
 10
299.433254
 20
5.493253
 10
299.433969
 20
5.493253
  0
LWPOLYLINE
  5
891
330
17
100
AcDbEntity
  8
VISTA
100
AcDbPolyline
 90
4
 70
1
 10
299.433254
 20
5.44603
 10
299.433969
 20
5.446746
 10
299.433254
 20
5.446746
 10
299.433254
 20
5.44603
  0
LWPOLYLINE
  5
892
330
17
100
AcDbEntity
  8
VISTA
100
AcDbPolyline
 90
9
 70
1
 10
299.35
 20
5.9455
 10
299.35450000000003
 20
5.95
 10
299.4855
 20
5.95
 10
299.49
 20
5.9455
 10
299.49
 20
5.4345
 10
299.4855
 20
5.43
 10
299.35450000000003
 20
5.43
 10
299.35
 20
5.4345
 10
299.35
 20
5.9455
  0
LWPOLYLINE
  5
893
330
17
100
AcDbEntity
  8
VISTA
100
AcDbPolyline
 90
5
 70
1
 10
299.365715
 20
5.484686
 10
299.474686
 20
5.484284
 10
299.474285
 20
5.445314
 10
299.365849
 20
5.4455
 10
299.365715
 20
5.484686
  0
LWPOLYLINE
  5
894
330
17
100
AcDbEntity
  8
VISTA
100
AcDbPolyline
 90
5
 70
1
 10
293.026
 20
4.257
 10
293.025001
 20
3.33
 10
293.014001
 20
3.331
 10
293.014294
 20
4.257707
 10
293.026
 20
4.257
  0
LWPOLYLINE
  5
895
330
17
100
AcDbEntity
  8
VISTA
100
AcDbPolyline
 90
9
 70
1
 10
297.550001
 20
5.9455
 10
297.554501
 20
5.95
 10
297.685501
 20
5.95
 10
297.690001
 20
5.9455
 10
297.690001
 20
5.4345
 10
297.685501
 20
5.43
 10
297.554501
 20
5.43
 10
297.550001
 20
5.4345
 10
297.550001
 20
5.9455
  0
LWPOLYLINE
  5
896
330
17
100
AcDbEntity
  8
VISTA
100
AcDbPolyline
 90
5
 70
1
 10
297.565716
 20
5.484686
 10
297.674686
 20
5.484284
 10
297.674286
 20
5.445314
 10
297.565849
 20
5.4455
 10
297.565716
 20
5.484686
  0
LWPOLYLINE
  5
897
330
17
100
AcDbEntity
  8
VISTA
100
AcDbPolyline
 90
5
 70
1
 10
293.026
 20
4.257
 10
293.025001
 20
3.33
 10
293.014001
 20
3.331
 10
293.014294
 20
4.257707
 10
293.026
 20
4.257
  0
LWPOLYLINE
  5
898
330
17
100
AcDbEntity
  8
VISTA
100
AcDbPolyline
 90
9
 70
1
 10
294.212
 20
7.134429
 10
301.788
 20
7.134429
 10
301.790001
 20
7.132428
 10
301.790001
 20
7.081429
 10
301.788
 20
7.079428
 10
294.212
 20
7.079428
 10
294.21
 20
7.081429
 10
294.21
 20
7.132428
 10
294.212
 20
7.134429
  0
LWPOLYLINE
  5
899
330
17
100
AcDbEntity
  8
VISTA
100
AcDbPolyline
 90
5
 70
1
 10
293.026
 20
4.257
 10
293.025001
 20
3.33
 10
293.014001
 20
3.331
 10
293.014294
 20
4.257707
 10
293.026
 20
4.257
  0
LWPOLYLINE
  5
89A
330
17
100
AcDbEntity
  8
VISTA
100
AcDbPolyline
 90
5
 70
1
 10
293.026
 20
4.257
 10
293.025001
 20
3.33
 10
293.014001
 20
3.331
 10
293.014294
 20
4.257707
 10
293.026
 20
4.257
  0
LWPOLYLINE
  5
89B
330
17
100
AcDbEntity
  8
VISTA
100
AcDbPolyline
 90
12
 70
1
 10
298.639463
 20
4.285414
 10
298.640877
 20
4.286
 10
298.777691
 20
4.286
 10
298.779104
 20
4.285414
 10
298.77969
 20
4.284
 10
298.77969
 20
4.256
 10
298.779104
 20
4.254586
 10
298.777691
 20
4.254
 10
298.640877
 20
4.254
 10
298.639463
 20
4.254586
 10
298.638878
 20
4.256
 10
298.639463
 20
4.285414
  0
LWPOLYLINE
  5
89C
330
17
100
AcDbEntity
  8
VISTA
100
AcDbPolyline
 90
4
 70
1
 10
298.6408156440219
 20
4.285411084662133
 10
298.6406380955199
 20
4.285586181741335
 10
298.6398585818182
 20
4.285414
 10
298.6408156440219
 20
4.285411084662133
  0
LWPOLYLINE
  5
89D
330
17
100
AcDbEntity
  8
VISTA
100
AcDbPolyline
 90
4
 70
1
 10
298.6408156440219
 20
4.254588915337867
 10
298.6398585818182
 20
4.254586
 10
298.6406380955199
 20
4.254413818258665
 10
298.6408156440219
 20
4.254588915337867
  0
LWPOLYLINE
  5
89E
330
17
100
AcDbEntity
  8
VISTA
100
AcDbPolyline
 90
4
 70
1
 10
298.77792923350256
 20
4.254413670050761
 10
298.7787094181818
 20
4.254586
 10
298.7783055830639
 20
4.254681950066802
 10
298.77792923350256
 20
4.254413670050761
  0
LWPOLYLINE
  5
89F
330
17
100
AcDbEntity
  8
VISTA
100
AcDbPolyline
 90
4
 70
1
 10
298.7783055830639
 20
4.285318049933198
 10
298.7787094181818
 20
4.285414
 10
298.77792923350256
 20
4.285586329949239
 10
298.7783055830639
 20
4.285318049933198
  0
LWPOLYLINE
  5
8A0
330
17
100
AcDbEntity
  8
VISTA
100
AcDbPolyline
 90
5
 70
1
 10
292.992001
 20
3.283
 10
292.992001
 20
3.265
 10
292.98199999999997
 20
3.265
 10
292.982245
 20
3.283
 10
292.992001
 20
3.283
  0
LWPOLYLINE
  5
8A1
330
17
100
AcDbEntity
  8
VISTA
100
AcDbPolyline
 90
5
 70
1
 10
293.058001
 20
3.283
 10
293.058001
 20
3.265
 10
293.048
 20
3.265
 10
293.048245
 20
3.283
 10
293.058001
 20
3.283
  0
LWPOLYLINE
  5
8A2
330
17
100
AcDbEntity
  8
VISTA
100
AcDbPolyline
 90
11
 70
1
 10
299.431499
 20
5.47
 10
299.433975
 20
5.468975
 10
299.434999
 20
5.4665
 10
299.434999
 20
3.2535
 10
299.433975
 20
3.251025
 10
299.431499
 20
3.25
 10
299.408501
 20
3.25
 10
299.406025
 20
3.251025
 10
299.40500099999997
 20
3.2535
 10
299.406025
 20
5.468975
 10
299.431499
 20
5.47
  0
LWPOLYLINE
  5
8A3
330
17
100
AcDbEntity
  8
VISTA
100
AcDbPolyline
 90
4
 70
1
 10
299.406746
 20
5.468254
 10
299.406746
 20
5.46897
 10
299.406031
 20
5.468254
 10
299.406746
 20
5.468254
  0
LWPOLYLINE
  5
8A4
330
17
100
AcDbEntity
  8
VISTA
100
AcDbPolyline
 90
4
 70
1
 10
299.406288
 20
3.251288
 10
299.406746
 20
3.25103
 10
299.406746
 20
3.251747
 10
299.406288
 20
3.251288
  0
LWPOLYLINE
  5
8A5
330
17
100
AcDbEntity
  8
VISTA
100
AcDbPolyline
 90
4
 70
1
 10
299.433969
 20
5.468254
 10
299.433254
 20
5.46897
 10
299.433254
 20
5.468254
 10
299.433969
 20
5.468254
  0
LWPOLYLINE
  5
8A6
330
17
100
AcDbEntity
  8
VISTA
100
AcDbPolyline
 90
4
 70
1
 10
299.433254
 20
3.25103
 10
299.433969
 20
3.251747
 10
299.433254
 20
3.251747
 10
299.433254
 20
3.25103
  0
LWPOLYLINE
  5
8A7
330
17
100
AcDbEntity
  8
VISTA
100
AcDbPolyline
 90
7
 70
1
 10
298.603306
 20
5.43
 10
299.417099
 20
5.43
 10
299.41995
 20
5.428526
 10
299.419125
 20
3.250646
 10
298.600454
 20
3.251474
 10
298.599808
 20
5.4265
 10
298.603306
 20
5.43
  0
LWPOLYLINE
  5
8A8
330
17
100
AcDbEntity
  8
VISTA
100
AcDbPolyline
 90
4
 70
1
 10
299.4177749284032
 20
5.428874195403814
 10
299.4175573918499
 20
5.428910869835561
 10
299.4175573918499
 20
5.42891086983556
 10
299.4177749284032
 20
5.428874195403814
  0
LWPOLYLINE
  5
8A9
330
17
100
AcDbEntity
  8
VISTA
100
AcDbPolyline
 90
8
 70
1
 10
293.002501
 20
4.2983
 10
293.0042
 20
4.3
 10
293.035801
 20
4.3
 10
293.0375
 20
4.2983
 10
293.0375
 20
3.2517
 10
293.035801
 20
3.25
 10
293.003348
 20
3.2505
 10
293.002501
 20
4.2983
  0
LWPOLYLINE
  5
8AA
330
17
100
AcDbEntity
  8
VISTA
100
AcDbPolyline
 90
8
 70
1
 10
293.0705
 20
3.266
 10
293.0725
 20
3.264
 10
293.0725
 20
3.256
 10
293.0705
 20
3.254
 10
292.969501
 20
3.254
 10
292.967501
 20
3.256
 10
292.96808599999997
 20
3.265414
 10
293.0705
 20
3.266
  0
LWPOLYLINE
  5
8AB
330
17
100
AcDbEntity
  8
VISTA
100
AcDbPolyline
 90
5
 70
1
 10
293.026
 20
4.257
 10
293.025001
 20
3.33
 10
293.014001
 20
3.331
 10
293.014294
 20
4.257707
 10
293.026
 20
4.257
  0
LWPOLYLINE
  5
8AC
330
17
100
AcDbEntity
  8
VISTA
100
AcDbPolyline
 90
8
 70
1
 10
299.365
 20
5.4683
 10
299.366699
 20
5.47
 10
299.473301
 20
5.47
 10
299.475
 20
5.4683
 10
299.475
 20
3.2517
 10
299.473301
 20
3.25
 10
299.365849
 20
3.2505
 10
299.365
 20
5.4683
  0
LWPOLYLINE
  5
8AD
330
17
100
AcDbEntity
  8
VISTA
100
AcDbPolyline
 90
5
 70
1
 10
292.992001
 20
3.283
 10
292.992001
 20
3.265
 10
292.98199999999997
 20
3.265
 10
292.982245
 20
3.283
 10
292.992001
 20
3.283
  0
LWPOLYLINE
  5
8AE
330
17
100
AcDbEntity
  8
VISTA
100
AcDbPolyline
 90
5
 70
1
 10
293.058001
 20
3.283
 10
293.058001
 20
3.265
 10
293.048
 20
3.265
 10
293.048245
 20
3.283
 10
293.058001
 20
3.283
  0
LWPOLYLINE
  5
8AF
330
17
100
AcDbEntity
  8
VISTA
100
AcDbPolyline
 90
12
 70
1
 10
296.839462
 20
4.285414
 10
296.840876
 20
4.286
 10
296.97769
 20
4.286
 10
296.979103
 20
4.285414
 10
296.979689
 20
4.284
 10
296.979689
 20
4.256
 10
296.979103
 20
4.254586
 10
296.97769
 20
4.254
 10
296.840876
 20
4.254
 10
296.839462
 20
4.254586
 10
296.838877
 20
4.256
 10
296.839462
 20
4.285414
  0
LWPOLYLINE
  5
8B0
330
17
100
AcDbEntity
  8
VISTA
100
AcDbPolyline
 90
4
 70
1
 10
296.8408146440219
 20
4.285411084662133
 10
296.84063696954314
 20
4.285586329949239
 10
296.8398575681818
 20
4.285414
 10
296.8408146440219
 20
4.285411084662133
  0
LWPOLYLINE
  5
8B1
330
17
100
AcDbEntity
  8
VISTA
100
AcDbPolyline
 90
4
 70
1
 10
296.8408146440219
 20
4.254588915337867
 10
296.8398575681818
 20
4.254586
 10
296.84063696954314
 20
4.254413670050761
 10
296.8408146440219
 20
4.254588915337867
  0
LWPOLYLINE
  5
8B2
330
17
100
AcDbEntity
  8
VISTA
100
AcDbPolyline
 90
4
 70
1
 10
296.97792806255285
 20
4.2544136322907855
 10
296.97870841818184
 20
4.254586
 10
296.9783045830639
 20
4.254681950066802
 10
296.97792806255285
 20
4.2544136322907855
  0
LWPOLYLINE
  5
8B3
330
17
100
AcDbEntity
  8
VISTA
100
AcDbPolyline
 90
4
 70
1
 10
296.9783045830639
 20
4.285318049933198
 10
296.97870841818184
 20
4.285414
 10
296.97792806255285
 20
4.2855863677092145
 10
296.9783045830639
 20
4.285318049933198
  0
LWPOLYLINE
  5
8B4
330
17
100
AcDbEntity
  8
VISTA
100
AcDbPolyline
 90
5
 70
1
 10
293.026
 20
4.257
 10
293.025001
 20
3.33
 10
293.014001
 20
3.331
 10
293.014294
 20
4.257707
 10
293.026
 20
4.257
  0
LWPOLYLINE
  5
8B5
330
17
100
AcDbEntity
  8
VISTA
100
AcDbPolyline
 90
5
 70
1
 10
297.619951
 20
5.428526
 10
297.619125
 20
3.250646
 10
296.800455
 20
3.251474
 10
296.800833
 20
5.428975
 10
297.619951
 20
5.428526
  0
LWPOLYLINE
  5
8B6
330
17
100
AcDbEntity
  8
VISTA
100
AcDbPolyline
 90
8
 70
1
 10
297.565001
 20
5.4683
 10
297.5667
 20
5.47
 10
297.673302
 20
5.47
 10
297.675001
 20
5.4683
 10
297.675001
 20
3.2517
 10
297.673302
 20
3.25
 10
297.565849
 20
3.2505
 10
297.565001
 20
5.4683
  0
LWPOLYLINE
  5
8B7
330
17
100
AcDbEntity
  8
VISTA
100
AcDbPolyline
 90
8
 70
1
 10
297.657001
 20
5.47
 10
297.660002
 20
5.467
 10
297.660002
 20
3.253
 10
297.657001
 20
3.25
 10
297.58299999999997
 20
3.25
 10
297.58
 20
3.253
 10
297.580879
 20
5.469121
 10
297.657001
 20
5.47
  0
LWPOLYLINE
  5
8B8
330
17
100
AcDbEntity
  8
VISTA
100
AcDbPolyline
 90
5
 70
1
 10
293.026
 20
4.257
 10
293.025001
 20
3.33
 10
293.014001
 20
3.331
 10
293.014294
 20
4.257707
 10
293.026
 20
4.257
  0
LWPOLYLINE
  5
8B9
330
17
100
AcDbEntity
  8
VISTA
100
AcDbPolyline
 90
7
 70
1
 10
298.133909
 20
4.285414
 10
298.134495
 20
4.284
 10
298.134495
 20
4.256
 10
298.133909
 20
4.254586
 10
298.098825
 20
4.254586
 10
298.098825
 20
4.285414
 10
298.133909
 20
4.285414
  0
LWPOLYLINE
  5
8BA
330
17
100
AcDbEntity
  8
VISTA
100
AcDbPolyline
 90
4
 70
1
 10
298.0998199064143
 20
4.254648810367958
 10
298.0998199064143
 20
4.254648810367958
 10
298.098825
 20
4.254586
 10
298.0998199064143
 20
4.254648810367958
  0
LWPOLYLINE
  5
8BB
330
17
100
AcDbEntity
  8
VISTA
100
AcDbPolyline
 90
4
 70
1
 10
298.10307376188956
 20
4.285387643720963
 10
298.1043275329627
 20
4.285376172887371
 10
298.1043275329627
 20
4.285376172887371
 10
298.10307376188956
 20
4.285387643720963
  0
LWPOLYLINE
  5
8BC
330
17
100
AcDbEntity
  8
VISTA
100
AcDbPolyline
 90
4
 70
1
 10
298.13393050430415
 20
4.255859149748803
 10
298.13395270430414
 20
4.25586468898604
 10
298.13395270430414
 20
4.2558646889860405
 10
298.13393050430415
 20
4.255859149748803
  0
LWPOLYLINE
  5
8BD
330
17
100
AcDbEntity
  8
VISTA
100
AcDbPolyline
 90
5
 70
1
 10
293.026
 20
4.257
 10
293.025001
 20
3.33
 10
293.014001
 20
3.331
 10
293.014294
 20
4.257707
 10
293.026
 20
4.257
  0
LWPOLYLINE
  5
8BE
330
17
100
AcDbEntity
  8
VISTA
100
AcDbPolyline
 90
9
 70
1
 10
299.35
 20
5.9455
 10
299.35450000000003
 20
5.95
 10
299.4855
 20
5.95
 10
299.49
 20
5.9455
 10
299.49
 20
3.2045
 10
299.4855
 20
3.2
 10
299.35450000000003
 20
3.2
 10
299.35
 20
3.2045
 10
299.35
 20
5.9455
  0
LWPOLYLINE
  5
8BF
330
17
100
AcDbEntity
  8
VISTA
100
AcDbPolyline
 90
5
 70
1
 10
293.9675
 20
5.92
 10
294.0025
 20
5.92
 10
294.0025
 20
3.84
 10
293.9675
 20
3.84
 10
293.9675
 20
5.92
  0
LWPOLYLINE
  5
8C0
330
17
100
AcDbEntity
  8
VISTA
100
AcDbPolyline
 90
5
 70
1
 10
293.889999
 20
5.78
 10
293.92
 20
5.78
 10
293.92
 20
4.02
 10
293.889999
 20
4.02
 10
293.889999
 20
5.78
  0
LWPOLYLINE
  5
8C1
330
17
100
AcDbEntity
  8
VISTA
100
AcDbPolyline
 90
5
 70
1
 10
293.026
 20
4.257
 10
293.025001
 20
3.33
 10
293.014001
 20
3.331
 10
293.014294
 20
4.257707
 10
293.026
 20
4.257
  0
LWPOLYLINE
  5
8C2
330
17
100
AcDbEntity
  8
VISTA
100
AcDbPolyline
 90
12
 70
1
 10
293.926499
 20
5.92
 10
294.0435
 20
5.92
 10
294.046329
 20
5.918828
 10
294.0475
 20
5.916
 10
294.0475
 20
3.844
 10
294.046329
 20
3.841172
 10
294.0435
 20
3.84
 10
293.926499
 20
3.84
 10
293.923671
 20
3.841172
 10
293.9225
 20
3.844
 10
293.923238
 20
5.918316
 10
293.926499
 20
5.92
  0
LWPOLYLINE
  5
8C3
330
17
100
AcDbEntity
  8
VISTA
100
AcDbPolyline
 90
4
 70
1
 10
293.924191
 20
5.918309
 10
293.924705
 20
5.918528
 10
293.923972
 20
5.918528
 10
293.924191
 20
5.918309
  0
LWPOLYLINE
  5
8C4
330
17
100
AcDbEntity
  8
VISTA
100
AcDbPolyline
 90
4
 70
1
 10
293.924191
 20
3.841691
 10
293.923972
 20
3.842206
 10
293.923972
 20
3.841472
 10
293.924191
 20
3.841691
  0
LWPOLYLINE
  5
8C5
330
17
100
AcDbEntity
  8
VISTA
100
AcDbPolyline
 90
4
 70
1
 10
294.045809
 20
3.841691
 10
294.045295
 20
3.841472
 10
294.046027
 20
3.841472
 10
294.045809
 20
3.841691
  0
LWPOLYLINE
  5
8C6
330
17
100
AcDbEntity
  8
VISTA
100
AcDbPolyline
 90
4
 70
1
 10
294.046027
 20
5.918528
 10
294.045295
 20
5.918528
 10
294.045809
 20
5.918309
 10
294.046027
 20
5.918528
  0
LWPOLYLINE
  5
8C7
330
17
100
AcDbEntity
  8
VISTA
100
AcDbPolyline
 90
5
 70
1
 10
293.026
 20
4.257
 10
293.025001
 20
3.33
 10
293.014001
 20
3.331
 10
293.014294
 20
4.257707
 10
293.026
 20
4.257
  0
LWPOLYLINE
  5
8C8
330
17
100
AcDbEntity
  8
VISTA
100
AcDbPolyline
 90
5
 70
1
 10
292.971
 20
3.0875
 10
292.999
 20
3.0875
 10
292.999
 20
3.0325
 10
292.971
 20
3.0325
 10
292.971
 20
3.0875
  0
LWPOLYLINE
  5
8C9
330
17
100
AcDbEntity
  8
VISTA
100
AcDbPolyline
 90
5
 70
1
 10
301.005001
 20
3.36
 10
301.735001
 20
3.36
 10
301.735001
 20
3.26
 10
301.005001
 20
3.26
 10
301.005001
 20
3.36
  0
LWPOLYLINE
  5
8CA
330
17
100
AcDbEntity
  8
VISTA
100
AcDbPolyline
 90
9
 70
1
 10
297.550001
 20
5.9455
 10
297.554501
 20
5.95
 10
297.685501
 20
5.95
 10
297.690001
 20
5.9455
 10
297.690001
 20
3.2045
 10
297.685501
 20
3.2
 10
297.554501
 20
3.2
 10
297.550001
 20
3.2045
 10
297.550001
 20
5.9455
  0
LWPOLYLINE
  5
8CB
330
17
100
AcDbEntity
  8
VISTA
100
AcDbPolyline
 90
9
 70
1
 10
298.060049
 20
5.43
 10
298.12388
 20
5.43
 10
298.127378
 20
5.4265
 10
298.127378
 20
3.2535
 10
298.12388
 20
3.25
 10
298.060049
 20
3.25
 10
298.056551
 20
3.2535
 10
298.056551
 20
5.4265
 10
298.060049
 20
5.43
  0
LWPOLYLINE
  5
8CC
330
17
100
AcDbEntity
  8
VISTA
100
AcDbPolyline
 90
4
 70
1
 10
298.08521702906637
 20
5.4297824428527806
 10
298.08521702906637
 20
5.4297824428527806
 10
298.08521702906637
 20
5.42978244285278
 10
298.08521702906637
 20
5.4297824428527806
  0
LWPOLYLINE
  5
8CD
330
17
100
AcDbEntity
  8
VISTA
100
AcDbPolyline
 90
5
 70
1
 10
293.026
 20
4.257
 10
293.025001
 20
3.33
 10
293.014001
 20
3.331
 10
293.014294
 20
4.257707
 10
293.026
 20
4.257
  0
LWPOLYLINE
  5
8CE
330
17
100
AcDbEntity
  8
VISTA
100
AcDbPolyline
 90
9
 70
1
 10
294.212
 20
6.985143
 10
301.788
 20
6.985143
 10
301.790001
 20
6.983143
 10
301.790001
 20
6.932143
 10
301.788
 20
6.930143
 10
294.212
 20
6.930143
 10
294.21
 20
6.932143
 10
294.21
 20
6.983143
 10
294.212
 20
6.985143
  0
LWPOLYLINE
  5
8CF
330
17
100
AcDbEntity
  8
VISTA
100
AcDbPolyline
 90
6
 70
1
 10
299.421318
 20
5.953682
 10
301.978683
 20
5.953682
 10
301.978683
 20
3.206318
 10
299.424501
 20
3.205
 10
299.42
 20
3.2095
 10
299.421318
 20
5.953682
  0
LWPOLYLINE
  5
8D0
330
17
100
AcDbEntity
  8
VISTA
100
AcDbPolyline
 90
5
 70
1
 10
293.026
 20
4.257
 10
293.025001
 20
3.33
 10
293.014001
 20
3.331
 10
293.014294
 20
4.257707
 10
293.026
 20
4.257
  0
LWPOLYLINE
  5
8D1
330
17
100
AcDbEntity
  8
VISTA
100
AcDbPolyline
 90
5
 70
1
 10
293.026
 20
4.257
 10
293.025001
 20
3.33
 10
293.014001
 20
3.331
 10
293.014294
 20
4.257707
 10
293.026
 20
4.257
  0
LWPOLYLINE
  5
8D2
330
17
100
AcDbEntity
  8
VISTA
100
AcDbPolyline
 90
5
 70
1
 10
293.026
 20
4.257
 10
293.025001
 20
3.33
 10
293.014001
 20
3.331
 10
293.014294
 20
4.257707
 10
293.026
 20
4.257
  0
LWPOLYLINE
  5
8D3
330
17
100
AcDbEntity
  8
VISTA
100
AcDbPolyline
 90
5
 70
1
 10
292.992001
 20
3.283
 10
292.992001
 20
3.265
 10
292.98199999999997
 20
3.265
 10
292.982245
 20
3.283
 10
292.992001
 20
3.283
  0
LWPOLYLINE
  5
8D4
330
17
100
AcDbEntity
  8
VISTA
100
AcDbPolyline
 90
5
 70
1
 10
293.058001
 20
3.283
 10
293.058001
 20
3.265
 10
293.048
 20
3.265
 10
293.048245
 20
3.283
 10
293.058001
 20
3.283
  0
LWPOLYLINE
  5
8D5
330
17
100
AcDbEntity
  8
VISTA
100
AcDbPolyline
 90
13
 70
1
 10
292.99920099999997
 20
4.277814
 10
292.9975
 20
4.2792
 10
292.997814
 20
4.321784
 10
292.998217
 20
4.3208
 10
292.99920099999997
 20
4.3225
 10
293.041784
 20
4.322186
 10
293.0408
 20
4.321784
 10
293.0425
 20
4.3208
 10
293.042187
 20
4.278216
 10
293.041784
 20
4.2792
 10
293.0408
 20
4.2775
 10
292.99920099999997
 20
4.2775
 10
292.99920099999997
 20
4.277814
  0
LWPOLYLINE
  5
8D6
330
17
100
AcDbEntity
  8
VISTA
100
AcDbPolyline
 90
13
 70
1
 10
293.007701
 20
3.792814
 10
293.006001
 20
3.7942
 10
293.006314
 20
3.819784
 10
293.006717
 20
3.8188
 10
293.007701
 20
3.8205
 10
293.033284
 20
3.820186
 10
293.0323
 20
3.819784
 10
293.034
 20
3.8188
 10
293.033687
 20
3.793216
 10
293.033284
 20
3.7942
 10
293.0323
 20
3.7925
 10
293.007701
 20
3.7925
 10
293.007701
 20
3.792814
  0
LWPOLYLINE
  5
8D7
330
17
100
AcDbEntity
  8
VISTA
100
AcDbPolyline
 90
8
 70
1
 10
293.002501
 20
4.2983
 10
293.0042
 20
4.3
 10
293.035801
 20
4.3
 10
293.0375
 20
4.2983
 10
293.0375
 20
3.2517
 10
293.035801
 20
3.25
 10
293.003348
 20
3.2505
 10
293.002501
 20
4.2983
  0
LWPOLYLINE
  5
8D8
330
17
100
AcDbEntity
  8
VISTA
100
AcDbPolyline
 90
5
 70
1
 10
293.026
 20
4.257
 10
293.025001
 20
3.33
 10
293.014001
 20
3.331
 10
293.014294
 20
4.257707
 10
293.026
 20
4.257
  0
LWPOLYLINE
  5
8D9
330
17
100
AcDbEntity
  8
VISTA
100
AcDbPolyline
 90
8
 70
1
 10
293.0705
 20
3.266
 10
293.0725
 20
3.264
 10
293.0725
 20
3.256
 10
293.0705
 20
3.254
 10
292.969501
 20
3.254
 10
292.967501
 20
3.256
 10
292.96808599999997
 20
3.265414
 10
293.0705
 20
3.266
  0
LWPOLYLINE
  5
8DA
330
17
100
AcDbEntity
  8
VISTA
100
AcDbPolyline
 90
9
 70
1
 10
301.799999
 20
6.3955
 10
301.804499
 20
6.4
 10
301.995501
 20
6.4
 10
302.0
 20
6.3955
 10
302.0
 20
3.2045
 10
301.995501
 20
3.2
 10
301.804499
 20
3.2
 10
301.799999
 20
3.2045
 10
301.799999
 20
6.3955
  0
LWPOLYLINE
  5
8DB
330
17
100
AcDbEntity
  8
VISTA
100
AcDbPolyline
 90
12
 70
1
 10
293.0
 20
3.197
 10
293.000878
 20
3.199121
 10
293.003
 20
3.2
 10
293.997
 20
3.2
 10
293.999122
 20
3.199121
 10
294.0
 20
3.197
 10
294.0
 20
3.043
 10
293.999122
 20
3.040879
 10
293.997
 20
3.04
 10
293.003
 20
3.04
 10
293.000878
 20
3.040879
 10
293.0
 20
3.197
  0
LWPOLYLINE
  5
8DC
330
17
100
AcDbEntity
  8
VISTA
100
AcDbPolyline
 90
4
 70
1
 10
293.001497
 20
3.198503
 10
293.001497
 20
3.199117
 10
293.000878
 20
3.199121
 10
293.001497
 20
3.198503
  0
LWPOLYLINE
  5
8DD
330
17
100
AcDbEntity
  8
VISTA
100
AcDbPolyline
 90
4
 70
1
 10
293.998503
 20
3.198503
 10
293.999117
 20
3.198503
 10
293.999122
 20
3.199121
 10
293.998503
 20
3.198503
  0
LWPOLYLINE
  5
8DE
330
17
100
AcDbEntity
  8
VISTA
100
AcDbPolyline
 90
4
 70
1
 10
293.998503
 20
3.041497
 10
293.998503
 20
3.040883
 10
293.999122
 20
3.040879
 10
293.998503
 20
3.041497
  0
LWPOLYLINE
  5
8DF
330
17
100
AcDbEntity
  8
VISTA
100
AcDbPolyline
 90
4
 70
1
 10
293.001497
 20
3.041497
 10
293.000883
 20
3.041497
 10
293.000878
 20
3.040879
 10
293.001497
 20
3.041497
  0
LWPOLYLINE
  5
8E0
330
17
100
AcDbEntity
  8
VISTA
100
AcDbPolyline
 90
9
 70
1
 10
298.060001
 20
5.9455
 10
298.061895
 20
5.949169
 10
298.9755
 20
5.95
 10
298.97917
 20
5.948105
 10
298.98
 20
5.4345
 10
298.978106
 20
5.430831
 10
298.064501
 20
5.43
 10
298.060001
 20
5.4345
 10
298.060001
 20
5.9455
  0
LWPOLYLINE
  5
8E1
330
17
100
AcDbEntity
  8
VISTA
100
AcDbPolyline
 90
9
 70
1
 10
294.150001
 20
5.9455
 10
294.151896
 20
5.949169
 10
297.5455
 20
5.95
 10
297.54917
 20
5.948105
 10
297.550001
 20
3.2045
 10
297.548105
 20
3.20083
 10
294.1545
 20
3.2
 10
294.150001
 20
3.2045
 10
294.150001
 20
5.9455
  0
LWPOLYLINE
  5
8E2
330
17
100
AcDbEntity
  8
VISTA
100
AcDbPolyline
 90
8
 70
1
 10
298.059999
 20
5.4683
 10
298.06170099999997
 20
5.47
 10
298.098299
 20
5.47
 10
298.1
 20
5.4683
 10
298.1
 20
3.2517
 10
298.098299
 20
3.25
 10
298.060848
 20
3.2505
 10
298.059999
 20
5.4683
  0
LWPOLYLINE
  5
8E3
330
17
100
AcDbEntity
  8
VISTA
100
AcDbPolyline
 90
8
 70
1
 10
298.939999
 20
5.4683
 10
298.9417
 20
5.47
 10
298.978298
 20
5.47
 10
298.98
 20
5.4683
 10
298.98
 20
3.2517
 10
298.978298
 20
3.25
 10
298.940847
 20
3.2505
 10
298.939999
 20
5.4683
  0
LWPOLYLINE
  5
8E4
330
17
100
AcDbEntity
  8
VISTA
100
AcDbPolyline
 90
8
 70
1
 10
298.060001
 20
5.4833
 10
298.06170099999997
 20
5.485
 10
298.9783
 20
5.485
 10
298.98
 20
5.4833
 10
298.98
 20
5.4467
 10
298.9783
 20
5.445
 10
298.060848
 20
5.4455
 10
298.060001
 20
5.4833
  0
LWPOLYLINE
  5
8E5
330
17
100
AcDbEntity
  8
VISTA
100
AcDbPolyline
 90
5
 70
1
 10
294.04
 20
3.189
 10
294.080001
 20
3.189
 10
294.080001
 20
3.171
 10
294.04
 20
3.171
 10
294.04
 20
3.189
  0
LWPOLYLINE
  5
8E6
330
17
100
AcDbEntity
  8
VISTA
100
AcDbPolyline
 90
7
 70
1
 10
293.000057
 20
3.234713
 10
293.000189
 20
3.235003
 10
293.999811
 20
3.249997
 10
294.000097
 20
3.249709
 10
294.0
 20
3.211
 10
293.001
 20
3.21
 10
293.000057
 20
3.234713
  0
LWPOLYLINE
  5
8E7
330
17
100
AcDbEntity
  8
VISTA
100
AcDbPolyline
 90
4
 70
1
 10
293.0000672614276
 20
3.2347062449898667
 10
293.0000672614276
 20
3.234706244989867
 10
293.000057
 20
3.234713
 10
293.0000672614276
 20
3.2347062449898667
  0
LWPOLYLINE
  5
8E8
330
17
100
AcDbEntity
  8
VISTA
100
AcDbPolyline
 90
4
 70
1
 10
293.99979345533654
 20
3.249984775593292
 10
293.99979345533654
 20
3.2499847755932914
 10
293.999811
 20
3.249997
 10
293.99979345533654
 20
3.249984775593292
  0
LWPOLYLINE
  5
8E9
330
17
100
AcDbEntity
  8
VISTA
100
AcDbPolyline
 90
4
 70
1
 10
293.9999486845706
 20
3.2496524390311547
 10
293.9999486845706
 20
3.2496524390311543
 10
294.000097
 20
3.249709
 10
293.9999486845706
 20
3.2496524390311547
  0
LWPOLYLINE
  5
8EA
330
17
100
AcDbEntity
  8
VISTA
100
AcDbPolyline
 90
5
 70
1
 10
293.7
 20
7.459885
 10
302.299999
 20
7.459885
 10
302.299999
 20
6.310114
 10
293.7
 20
6.310114
 10
293.7
 20
7.459885
  0
LWPOLYLINE
  5
8EB
330
17
100
AcDbEntity
  8
VISTA
100
AcDbPolyline
 90
9
 70
1
 10
301.394167
 20
6.619498
 10
301.3607117827758
 20
6.611832772731243
 10
301.394167
 20
6.604168
 10
301.459999
 20
6.600246
 10
301.525831
 20
6.604168
 10
301.5592866717617
 20
6.611832772731243
 10
301.525831
 20
6.619498
 10
301.459999
 20
6.62342
 10
301.394167
 20
6.619498
  0
LWPOLYLINE
  5
8EC
330
17
100
AcDbEntity
  8
VISTA
100
AcDbPolyline
 90
8
 70
1
 10
294.0
 20
2.9983
 10
294.001699
 20
3.0
 10
294.2983
 20
3.0
 10
294.299999
 20
2.9983
 10
294.299999
 20
0.0017
 10
294.2983
 20
0.0
 10
294.000848
 20
0.0005
 10
294.0
 20
2.9983
  0
LWPOLYLINE
  5
8ED
330
17
100
AcDbEntity
  8
VISTA
100
AcDbPolyline
 90
9
 70
1
 10
294.000831
 20
2.998105
 10
294.004499
 20
3.0
 10
294.298105
 20
2.999169
 10
294.299999
 20
2.9955
 10
294.299169
 20
2.641895
 10
294.2955
 20
2.64
 10
294.004499
 20
2.64
 10
294.0
 20
2.6445
 10
294.000831
 20
2.998105
  0
LWPOLYLINE
  5
8EE
330
17
100
AcDbEntity
  8
VISTA
100
AcDbPolyline
 90
8
 70
1
 10
298.039501
 20
5.47
 10
298.0425
 20
5.467
 10
298.0425
 20
3.253
 10
298.039501
 20
3.25
 10
298.0005
 20
3.25
 10
297.997501
 20
3.253
 10
297.998379
 20
5.469121
 10
298.039501
 20
5.47
  0
LWPOLYLINE
  5
8EF
330
17
100
AcDbEntity
  8
VISTA
100
AcDbPolyline
 90
8
 70
1
 10
299.039501
 20
5.47
 10
299.0425
 20
5.467
 10
299.0425
 20
3.253
 10
299.039501
 20
3.25
 10
299.0005
 20
3.25
 10
298.997501
 20
3.253
 10
298.998379
 20
5.469121
 10
299.039501
 20
5.47
  0
LWPOLYLINE
  5
8F0
330
17
100
AcDbEntity
  8
VISTA
100
AcDbPolyline
 90
8
 70
1
 10
299.037001
 20
5.5125
 10
299.040001
 20
5.5095
 10
299.040001
 20
5.4705
 10
299.037001
 20
5.4675
 10
298.003
 20
5.4675
 10
298.0
 20
5.4705
 10
298.000879
 20
5.511621
 10
299.037001
 20
5.5125
  0
LWPOLYLINE
  5
8F1
330
17
100
AcDbEntity
  8
VISTA
100
AcDbPolyline
 90
5
 70
1
 10
301.799999
 20
5.868
 10
301.799999
 20
5.85
 10
294.2
 20
5.85
 10
294.2
 20
5.868
 10
301.799999
 20
5.868
  0
LWPOLYLINE
  5
8F2
330
17
100
AcDbEntity
  8
VISTA
100
AcDbPolyline
 90
9
 70
1
 10
294.28
 20
7.40218
 10
294.282
 20
7.404147
 10
294.358
 20
7.404147
 10
294.36
 20
7.40218
 10
294.36
 20
6.077819
 10
294.358
 20
6.075852
 10
294.282
 20
6.075852
 10
294.28
 20
6.077819
 10
294.28
 20
7.40218
  0
LWPOLYLINE
  5
8F3
330
17
100
AcDbEntity
  8
VISTA
100
AcDbPolyline
 90
9
 70
1
 10
294.976
 20
7.40218
 10
294.978
 20
7.404147
 10
295.054
 20
7.404147
 10
295.056
 20
7.40218
 10
295.056
 20
6.077819
 10
295.054
 20
6.075852
 10
294.978
 20
6.075852
 10
294.976
 20
6.077819
 10
294.976
 20
7.40218
  0
LWPOLYLINE
  5
8F4
330
17
100
AcDbEntity
  8
VISTA
100
AcDbPolyline
 90
9
 70
1
 10
295.672
 20
7.40218
 10
295.674
 20
7.404147
 10
295.75
 20
7.404147
 10
295.752
 20
7.40218
 10
295.752
 20
6.077819
 10
295.75
 20
6.075852
 10
295.674
 20
6.075852
 10
295.672
 20
6.077819
 10
295.672
 20
7.40218
  0
LWPOLYLINE
  5
8F5
330
17
100
AcDbEntity
  8
VISTA
100
AcDbPolyline
 90
9
 70
1
 10
296.368
 20
7.40218
 10
296.370001
 20
7.404147
 10
296.446001
 20
7.404147
 10
296.448002
 20
7.40218
 10
296.448002
 20
6.077819
 10
296.446001
 20
6.075852
 10
296.370001
 20
6.075852
 10
296.368
 20
6.077819
 10
296.368
 20
7.40218
  0
LWPOLYLINE
  5
8F6
330
17
100
AcDbEntity
  8
VISTA
100
AcDbPolyline
 90
9
 70
1
 10
297.063999
 20
7.40218
 10
297.066
 20
7.404147
 10
297.142
 20
7.404147
 10
297.144001
 20
7.40218
 10
297.144001
 20
6.077819
 10
297.142
 20
6.075852
 10
297.066
 20
6.075852
 10
297.063999
 20
6.077819
 10
297.063999
 20
7.40218
  0
LWPOLYLINE
  5
8F7
330
17
100
AcDbEntity
  8
VISTA
100
AcDbPolyline
 90
9
 70
1
 10
297.759998
 20
7.40218
 10
297.761999
 20
7.404147
 10
297.837999
 20
7.404147
 10
297.84
 20
7.40218
 10
297.84
 20
6.077819
 10
297.837999
 20
6.075852
 10
297.761999
 20
6.075852
 10
297.759998
 20
6.077819
 10
297.759998
 20
7.40218
  0
LWPOLYLINE
  5
8F8
330
17
100
AcDbEntity
  8
VISTA
100
AcDbPolyline
 90
9
 70
1
 10
298.455999
 20
7.40218
 10
298.45799999999997
 20
7.404147
 10
298.534
 20
7.404147
 10
298.536001
 20
7.40218
 10
298.536001
 20
6.077819
 10
298.534
 20
6.075852
 10
298.45799999999997
 20
6.075852
 10
298.455999
 20
6.077819
 10
298.455999
 20
7.40218
  0
LWPOLYLINE
  5
8F9
330
17
100
AcDbEntity
  8
VISTA
100
AcDbPolyline
 90
9
 70
1
 10
299.151999
 20
7.40218
 10
299.153999
 20
7.404147
 10
299.23
 20
7.404147
 10
299.23199999999997
 20
7.40218
 10
299.23199999999997
 20
6.077819
 10
299.23
 20
6.075852
 10
299.153999
 20
6.075852
 10
299.151999
 20
6.077819
 10
299.151999
 20
7.40218
  0
LWPOLYLINE
  5
8FA
330
17
100
AcDbEntity
  8
VISTA
100
AcDbPolyline
 90
9
 70
1
 10
299.848
 20
7.40218
 10
299.85
 20
7.404147
 10
299.926001
 20
7.404147
 10
299.928001
 20
7.40218
 10
299.928001
 20
6.077819
 10
299.926001
 20
6.075852
 10
299.85
 20
6.075852
 10
299.848
 20
6.077819
 10
299.848
 20
7.40218
  0
LWPOLYLINE
  5
8FB
330
17
100
AcDbEntity
  8
VISTA
100
AcDbPolyline
 90
9
 70
1
 10
300.543999
 20
7.40218
 10
300.546
 20
7.404147
 10
300.622
 20
7.404147
 10
300.624001
 20
7.40218
 10
300.624001
 20
6.077819
 10
300.622
 20
6.075852
 10
300.546
 20
6.075852
 10
300.543999
 20
6.077819
 10
300.543999
 20
7.40218
  0
LWPOLYLINE
  5
8FC
330
17
100
AcDbEntity
  8
VISTA
100
AcDbPolyline
 90
9
 70
1
 10
301.24
 20
7.40218
 10
301.242001
 20
7.404147
 10
301.318001
 20
7.404147
 10
301.320002
 20
7.40218
 10
301.320002
 20
6.077819
 10
301.318001
 20
6.075852
 10
301.242001
 20
6.075852
 10
301.24
 20
6.077819
 10
301.24
 20
7.40218
  0
LWPOLYLINE
  5
8FD
330
17
100
AcDbEntity
  8
VISTA
100
AcDbPolyline
 90
5
 70
1
 10
294.416914
 20
5.999414
 10
294.416914
 20
5.960586
 10
294.383085
 20
5.960586
 10
294.383085
 20
5.999414
 10
294.416914
 20
5.999414
  0
LWPOLYLINE
  5
8FE
330
17
100
AcDbEntity
  8
VISTA
100
AcDbPolyline
 90
5
 70
1
 10
295.016914
 20
5.999414
 10
295.016914
 20
5.960586
 10
294.983086
 20
5.960586
 10
294.983086
 20
5.999414
 10
295.016914
 20
5.999414
  0
LWPOLYLINE
  5
8FF
330
17
100
AcDbEntity
  8
VISTA
100
AcDbPolyline
 90
5
 70
1
 10
295.616915
 20
5.999414
 10
295.616915
 20
5.960586
 10
295.583086
 20
5.960586
 10
295.583086
 20
5.999414
 10
295.616915
 20
5.999414
  0
LWPOLYLINE
  5
900
330
17
100
AcDbEntity
  8
VISTA
100
AcDbPolyline
 90
5
 70
1
 10
296.216915
 20
5.999414
 10
296.216915
 20
5.960586
 10
296.183086
 20
5.960586
 10
296.183086
 20
5.999414
 10
296.216915
 20
5.999414
  0
LWPOLYLINE
  5
901
330
17
100
AcDbEntity
  8
VISTA
100
AcDbPolyline
 90
5
 70
1
 10
296.816914
 20
5.999414
 10
296.816914
 20
5.960586
 10
296.783085
 20
5.960586
 10
296.783085
 20
5.999414
 10
296.816914
 20
5.999414
  0
LWPOLYLINE
  5
902
330
17
100
AcDbEntity
  8
VISTA
100
AcDbPolyline
 90
5
 70
1
 10
297.416914
 20
5.999414
 10
297.416914
 20
5.960586
 10
297.383085
 20
5.960586
 10
297.383085
 20
5.999414
 10
297.416914
 20
5.999414
  0
LWPOLYLINE
  5
903
330
17
100
AcDbEntity
  8
VISTA
100
AcDbPolyline
 90
5
 70
1
 10
298.016914
 20
5.999414
 10
298.016914
 20
5.960586
 10
297.983086
 20
5.960586
 10
297.983086
 20
5.999414
 10
298.016914
 20
5.999414
  0
LWPOLYLINE
  5
904
330
17
100
AcDbEntity
  8
VISTA
100
AcDbPolyline
 90
5
 70
1
 10
298.616915
 20
5.999414
 10
298.616915
 20
5.960586
 10
298.583086
 20
5.960586
 10
298.583086
 20
5.999414
 10
298.616915
 20
5.999414
  0
LWPOLYLINE
  5
905
330
17
100
AcDbEntity
  8
VISTA
100
AcDbPolyline
 90
5
 70
1
 10
299.216915
 20
5.999414
 10
299.216915
 20
5.960586
 10
299.183086
 20
5.960586
 10
299.183086
 20
5.999414
 10
299.216915
 20
5.999414
  0
LWPOLYLINE
  5
906
330
17
100
AcDbEntity
  8
VISTA
100
AcDbPolyline
 90
5
 70
1
 10
299.816914
 20
5.999414
 10
299.816914
 20
5.960586
 10
299.783085
 20
5.960586
 10
299.783085
 20
5.999414
 10
299.816914
 20
5.999414
  0
LWPOLYLINE
  5
907
330
17
100
AcDbEntity
  8
VISTA
100
AcDbPolyline
 90
5
 70
1
 10
300.416914
 20
5.999414
 10
300.416914
 20
5.960586
 10
300.383085
 20
5.960586
 10
300.383085
 20
5.999414
 10
300.416914
 20
5.999414
  0
LWPOLYLINE
  5
908
330
17
100
AcDbEntity
  8
VISTA
100
AcDbPolyline
 90
5
 70
1
 10
301.016914
 20
5.999414
 10
301.016914
 20
5.960586
 10
300.983086
 20
5.960586
 10
300.983086
 20
5.999414
 10
301.016914
 20
5.999414
  0
LWPOLYLINE
  5
909
330
17
100
AcDbEntity
  8
VISTA
100
AcDbPolyline
 90
5
 70
1
 10
301.616915
 20
5.999414
 10
301.616915
 20
5.960586
 10
301.583086
 20
5.960586
 10
301.583086
 20
5.999414
 10
301.616915
 20
5.999414
  0
LWPOLYLINE
  5
90A
330
17
100
AcDbEntity
  8
VISTA
100
AcDbPolyline
 90
9
 70
1
 10
293.7225
 20
7.580869
 10
293.737499
 20
7.580869
 10
293.739499
 20
7.578902
 10
293.739499
 20
6.441099
 10
293.737499
 20
6.439131
 10
293.7225
 20
6.439131
 10
293.7205
 20
6.441099
 10
293.7205
 20
7.578902
 10
293.7225
 20
7.580869
  0
LWPOLYLINE
  5
90B
330
17
100
AcDbEntity
  8
VISTA
100
AcDbPolyline
 90
9
 70
1
 10
293.9165
 20
7.580869
 10
293.931499
 20
7.580869
 10
293.933499
 20
7.578902
 10
293.933499
 20
6.441099
 10
293.931499
 20
6.439131
 10
293.9165
 20
6.439131
 10
293.9145
 20
6.441099
 10
293.9145
 20
7.578902
 10
293.9165
 20
7.580869
  0
LWPOLYLINE
  5
90C
330
17
100
AcDbEntity
  8
VISTA
100
AcDbPolyline
 90
9
 70
1
 10
294.1105
 20
7.580869
 10
294.1255
 20
7.580869
 10
294.1275
 20
7.578902
 10
294.1275
 20
6.441099
 10
294.1255
 20
6.439131
 10
294.1105
 20
6.439131
 10
294.1085
 20
6.441099
 10
294.1085
 20
7.578902
 10
294.1105
 20
7.580869
  0
LWPOLYLINE
  5
90D
330
17
100
AcDbEntity
  8
VISTA
100
AcDbPolyline
 90
9
 70
1
 10
294.304501
 20
7.580869
 10
294.3195
 20
7.580869
 10
294.3215
 20
7.578902
 10
294.3215
 20
6.441099
 10
294.3195
 20
6.439131
 10
294.304501
 20
6.439131
 10
294.302501
 20
6.441099
 10
294.302501
 20
7.578902
 10
294.304501
 20
7.580869
  0
LWPOLYLINE
  5
90E
330
17
100
AcDbEntity
  8
VISTA
100
AcDbPolyline
 90
9
 70
1
 10
294.4985
 20
7.580869
 10
294.513499
 20
7.580869
 10
294.515499
 20
7.578902
 10
294.515499
 20
6.441099
 10
294.513499
 20
6.439131
 10
294.4985
 20
6.439131
 10
294.4965
 20
6.441099
 10
294.4965
 20
7.578902
 10
294.4985
 20
7.580869
  0
LWPOLYLINE
  5
90F
330
17
100
AcDbEntity
  8
VISTA
100
AcDbPolyline
 90
9
 70
1
 10
294.6925
 20
7.580869
 10
294.7075
 20
7.580869
 10
294.709499
 20
7.578902
 10
294.709499
 20
6.441099
 10
294.7075
 20
6.439131
 10
294.6925
 20
6.439131
 10
294.6905
 20
6.441099
 10
294.6905
 20
7.578902
 10
294.6925
 20
7.580869
  0
LWPOLYLINE
  5
910
330
17
100
AcDbEntity
  8
VISTA
100
AcDbPolyline
 90
9
 70
1
 10
294.8865
 20
7.580869
 10
294.9015
 20
7.580869
 10
294.9035
 20
7.578902
 10
294.9035
 20
6.441099
 10
294.9015
 20
6.439131
 10
294.8865
 20
6.439131
 10
294.884501
 20
6.441099
 10
294.884501
 20
7.578902
 10
294.8865
 20
7.580869
  0
LWPOLYLINE
  5
911
330
17
100
AcDbEntity
  8
VISTA
100
AcDbPolyline
 90
9
 70
1
 10
295.080501
 20
7.580869
 10
295.0955
 20
7.580869
 10
295.0975
 20
7.578902
 10
295.0975
 20
6.441099
 10
295.0955
 20
6.439131
 10
295.080501
 20
6.439131
 10
295.078501
 20
6.441099
 10
295.078501
 20
7.578902
 10
295.080501
 20
7.580869
  0
LWPOLYLINE
  5
912
330
17
100
AcDbEntity
  8
VISTA
100
AcDbPolyline
 90
9
 70
1
 10
295.2745
 20
7.580869
 10
295.289499
 20
7.580869
 10
295.291499
 20
7.578902
 10
295.291499
 20
6.441099
 10
295.289499
 20
6.439131
 10
295.2745
 20
6.439131
 10
295.2725
 20
6.441099
 10
295.2725
 20
7.578902
 10
295.2745
 20
7.580869
  0
LWPOLYLINE
  5
913
330
17
100
AcDbEntity
  8
VISTA
100
AcDbPolyline
 90
9
 70
1
 10
295.4685
 20
7.580869
 10
295.4835
 20
7.580869
 10
295.485499
 20
7.578902
 10
295.485499
 20
6.441099
 10
295.4835
 20
6.439131
 10
295.4685
 20
6.439131
 10
295.4665
 20
6.441099
 10
295.4665
 20
7.578902
 10
295.4685
 20
7.580869
  0
LWPOLYLINE
  5
914
330
17
100
AcDbEntity
  8
VISTA
100
AcDbPolyline
 90
9
 70
1
 10
295.6625
 20
7.580869
 10
295.6775
 20
7.580869
 10
295.6795
 20
7.578902
 10
295.6795
 20
6.441099
 10
295.6775
 20
6.439131
 10
295.6625
 20
6.439131
 10
295.660501
 20
6.441099
 10
295.660501
 20
7.578902
 10
295.6625
 20
7.580869
  0
LWPOLYLINE
  5
915
330
17
100
AcDbEntity
  8
VISTA
100
AcDbPolyline
 90
9
 70
1
 10
295.856501
 20
7.580869
 10
295.8715
 20
7.580869
 10
295.8735
 20
7.578902
 10
295.8735
 20
6.441099
 10
295.8715
 20
6.439131
 10
295.856501
 20
6.439131
 10
295.854501
 20
6.441099
 10
295.854501
 20
7.578902
 10
295.856501
 20
7.580869
  0
LWPOLYLINE
  5
916
330
17
100
AcDbEntity
  8
VISTA
100
AcDbPolyline
 90
9
 70
1
 10
296.050501
 20
7.580869
 10
296.0655
 20
7.580869
 10
296.067501
 20
7.578902
 10
296.067501
 20
6.441099
 10
296.0655
 20
6.439131
 10
296.050501
 20
6.439131
 10
296.0485
 20
6.441099
 10
296.0485
 20
7.578902
 10
296.050501
 20
7.580869
  0
LWPOLYLINE
  5
917
330
17
100
AcDbEntity
  8
VISTA
100
AcDbPolyline
 90
9
 70
1
 10
296.244501
 20
7.580869
 10
296.259501
 20
7.580869
 10
296.261501
 20
7.578902
 10
296.261501
 20
6.441099
 10
296.259501
 20
6.439131
 10
296.244501
 20
6.439131
 10
296.2425
 20
6.441099
 10
296.2425
 20
7.578902
 10
296.244501
 20
7.580869
  0
LWPOLYLINE
  5
918
330
17
100
AcDbEntity
  8
VISTA
100
AcDbPolyline
 90
9
 70
1
 10
296.438499
 20
7.580869
 10
296.453499
 20
7.580869
 10
296.45550000000003
 20
7.578902
 10
296.45550000000003
 20
6.441099
 10
296.453499
 20
6.439131
 10
296.438499
 20
6.439131
 10
296.436499
 20
6.441099
 10
296.436499
 20
7.578902
 10
296.438499
 20
7.580869
  0
LWPOLYLINE
  5
919
330
17
100
AcDbEntity
  8
VISTA
100
AcDbPolyline
 90
9
 70
1
 10
296.6325
 20
7.580869
 10
296.647499
 20
7.580869
 10
296.6495
 20
7.578902
 10
296.6495
 20
6.441099
 10
296.647499
 20
6.439131
 10
296.6325
 20
6.439131
 10
296.630499
 20
6.441099
 10
296.630499
 20
7.578902
 10
296.6325
 20
7.580869
  0
LWPOLYLINE
  5
91A
330
17
100
AcDbEntity
  8
VISTA
100
AcDbPolyline
 90
9
 70
1
 10
296.8265
 20
7.580869
 10
296.841499
 20
7.580869
 10
296.8435
 20
7.578902
 10
296.8435
 20
6.441099
 10
296.841499
 20
6.439131
 10
296.8265
 20
6.439131
 10
296.824499
 20
6.441099
 10
296.824499
 20
7.578902
 10
296.8265
 20
7.580869
  0
LWPOLYLINE
  5
91B
330
17
100
AcDbEntity
  8
VISTA
100
AcDbPolyline
 90
9
 70
1
 10
297.02049999999997
 20
7.580869
 10
297.0355
 20
7.580869
 10
297.0375
 20
7.578902
 10
297.0375
 20
6.441099
 10
297.0355
 20
6.439131
 10
297.02049999999997
 20
6.439131
 10
297.018499
 20
6.441099
 10
297.018499
 20
7.578902
 10
297.02049999999997
 20
7.580869
  0
LWPOLYLINE
  5
91C
330
17
100
AcDbEntity
  8
VISTA
100
AcDbPolyline
 90
9
 70
1
 10
297.2145
 20
7.580869
 10
297.22950000000003
 20
7.580869
 10
297.231501
 20
7.578902
 10
297.231501
 20
6.441099
 10
297.22950000000003
 20
6.439131
 10
297.2145
 20
6.439131
 10
297.2125
 20
6.441099
 10
297.2125
 20
7.578902
 10
297.2145
 20
7.580869
  0
LWPOLYLINE
  5
91D
330
17
100
AcDbEntity
  8
VISTA
100
AcDbPolyline
 90
9
 70
1
 10
297.408501
 20
7.580869
 10
297.4235
 20
7.580869
 10
297.425501
 20
7.578902
 10
297.425501
 20
6.441099
 10
297.4235
 20
6.439131
 10
297.408501
 20
6.439131
 10
297.4065
 20
6.441099
 10
297.4065
 20
7.578902
 10
297.408501
 20
7.580869
  0
LWPOLYLINE
  5
91E
330
17
100
AcDbEntity
  8
VISTA
100
AcDbPolyline
 90
9
 70
1
 10
297.602501
 20
7.580869
 10
297.6175
 20
7.580869
 10
297.619501
 20
7.578902
 10
297.619501
 20
6.441099
 10
297.6175
 20
6.439131
 10
297.602501
 20
6.439131
 10
297.6005
 20
6.441099
 10
297.6005
 20
7.578902
 10
297.602501
 20
7.580869
  0
LWPOLYLINE
  5
91F
330
17
100
AcDbEntity
  8
VISTA
100
AcDbPolyline
 90
9
 70
1
 10
297.796501
 20
7.580869
 10
297.811501
 20
7.580869
 10
297.813501
 20
7.578902
 10
297.813501
 20
6.441099
 10
297.811501
 20
6.439131
 10
297.796501
 20
6.439131
 10
297.79449999999997
 20
6.441099
 10
297.79449999999997
 20
7.578902
 10
297.796501
 20
7.580869
  0
LWPOLYLINE
  5
920
330
17
100
AcDbEntity
  8
VISTA
100
AcDbPolyline
 90
9
 70
1
 10
297.990499
 20
7.580869
 10
298.005499
 20
7.580869
 10
298.0075
 20
7.578902
 10
298.0075
 20
6.441099
 10
298.005499
 20
6.439131
 10
297.990499
 20
6.439131
 10
297.988499
 20
6.441099
 10
297.988499
 20
7.578902
 10
297.990499
 20
7.580869
  0
LWPOLYLINE
  5
921
330
17
100
AcDbEntity
  8
VISTA
100
AcDbPolyline
 90
9
 70
1
 10
298.1845
 20
7.580869
 10
298.199499
 20
7.580869
 10
298.2015
 20
7.578902
 10
298.2015
 20
6.441099
 10
298.199499
 20
6.439131
 10
298.1845
 20
6.439131
 10
298.182499
 20
6.441099
 10
298.182499
 20
7.578902
 10
298.1845
 20
7.580869
  0
LWPOLYLINE
  5
922
330
17
100
AcDbEntity
  8
VISTA
100
AcDbPolyline
 90
9
 70
1
 10
298.3785
 20
7.580869
 10
298.393499
 20
7.580869
 10
298.39549999999997
 20
7.578902
 10
298.39549999999997
 20
6.441099
 10
298.393499
 20
6.439131
 10
298.3785
 20
6.439131
 10
298.376499
 20
6.441099
 10
298.376499
 20
7.578902
 10
298.3785
 20
7.580869
  0
LWPOLYLINE
  5
923
330
17
100
AcDbEntity
  8
VISTA
100
AcDbPolyline
 90
9
 70
1
 10
298.5725
 20
7.580869
 10
298.5875
 20
7.580869
 10
298.5895
 20
7.578902
 10
298.5895
 20
6.441099
 10
298.5875
 20
6.439131
 10
298.5725
 20
6.439131
 10
298.570499
 20
6.441099
 10
298.570499
 20
7.578902
 10
298.5725
 20
7.580869
  0
LWPOLYLINE
  5
924
330
17
100
AcDbEntity
  8
VISTA
100
AcDbPolyline
 90
9
 70
1
 10
298.7665
 20
7.580869
 10
298.7815
 20
7.580869
 10
298.783501
 20
7.578902
 10
298.783501
 20
6.441099
 10
298.7815
 20
6.439131
 10
298.7665
 20
6.439131
 10
298.7645
 20
6.441099
 10
298.7645
 20
7.578902
 10
298.7665
 20
7.580869
  0
LWPOLYLINE
  5
925
330
17
100
AcDbEntity
  8
VISTA
100
AcDbPolyline
 90
9
 70
1
 10
298.960501
 20
7.580869
 10
298.9755
 20
7.580869
 10
298.977501
 20
7.578902
 10
298.977501
 20
6.441099
 10
298.9755
 20
6.439131
 10
298.960501
 20
6.439131
 10
298.9585
 20
6.441099
 10
298.9585
 20
7.578902
 10
298.960501
 20
7.580869
  0
LWPOLYLINE
  5
926
330
17
100
AcDbEntity
  8
VISTA
100
AcDbPolyline
 90
9
 70
1
 10
299.154501
 20
7.580869
 10
299.16949999999997
 20
7.580869
 10
299.171501
 20
7.578902
 10
299.171501
 20
6.441099
 10
299.16949999999997
 20
6.439131
 10
299.154501
 20
6.439131
 10
299.1525
 20
6.441099
 10
299.1525
 20
7.578902
 10
299.154501
 20
7.580869
  0
LWPOLYLINE
  5
927
330
17
100
AcDbEntity
  8
VISTA
100
AcDbPolyline
 90
9
 70
1
 10
299.348501
 20
7.580869
 10
299.363501
 20
7.580869
 10
299.365501
 20
7.578902
 10
299.365501
 20
6.441099
 10
299.363501
 20
6.439131
 10
299.348501
 20
6.439131
 10
299.3465
 20
6.441099
 10
299.3465
 20
7.578902
 10
299.348501
 20
7.580869
  0
LWPOLYLINE
  5
928
330
17
100
AcDbEntity
  8
VISTA
100
AcDbPolyline
 90
9
 70
1
 10
299.5425
 20
7.580869
 10
299.557499
 20
7.580869
 10
299.5595
 20
7.578902
 10
299.5595
 20
6.441099
 10
299.557499
 20
6.439131
 10
299.5425
 20
6.439131
 10
299.540499
 20
6.441099
 10
299.540499
 20
7.578902
 10
299.5425
 20
7.580869
  0
LWPOLYLINE
  5
929
330
17
100
AcDbEntity
  8
VISTA
100
AcDbPolyline
 90
9
 70
1
 10
299.7365
 20
7.580869
 10
299.751499
 20
7.580869
 10
299.7535
 20
7.578902
 10
299.7535
 20
6.441099
 10
299.751499
 20
6.439131
 10
299.7365
 20
6.439131
 10
299.734499
 20
6.441099
 10
299.734499
 20
7.578902
 10
299.7365
 20
7.580869
  0
LWPOLYLINE
  5
92A
330
17
100
AcDbEntity
  8
VISTA
100
AcDbPolyline
 90
9
 70
1
 10
299.9305
 20
7.580869
 10
299.945499
 20
7.580869
 10
299.9475
 20
7.578902
 10
299.9475
 20
6.441099
 10
299.945499
 20
6.439131
 10
299.9305
 20
6.439131
 10
299.928499
 20
6.441099
 10
299.928499
 20
7.578902
 10
299.9305
 20
7.580869
  0
LWPOLYLINE
  5
92B
330
17
100
AcDbEntity
  8
VISTA
100
AcDbPolyline
 90
9
 70
1
 10
300.1245
 20
7.580869
 10
300.1395
 20
7.580869
 10
300.1415
 20
7.578902
 10
300.1415
 20
6.441099
 10
300.1395
 20
6.439131
 10
300.1245
 20
6.439131
 10
300.122499
 20
6.441099
 10
300.122499
 20
7.578902
 10
300.1245
 20
7.580869
  0
LWPOLYLINE
  5
92C
330
17
100
AcDbEntity
  8
VISTA
100
AcDbPolyline
 90
9
 70
1
 10
300.318501
 20
7.580869
 10
300.3335
 20
7.580869
 10
300.335501
 20
7.578902
 10
300.335501
 20
6.441099
 10
300.3335
 20
6.439131
 10
300.318501
 20
6.439131
 10
300.3165
 20
6.441099
 10
300.3165
 20
7.578902
 10
300.318501
 20
7.580869
  0
LWPOLYLINE
  5
92D
330
17
100
AcDbEntity
  8
VISTA
100
AcDbPolyline
 90
9
 70
1
 10
300.512501
 20
7.580869
 10
300.5275
 20
7.580869
 10
300.529501
 20
7.578902
 10
300.529501
 20
6.441099
 10
300.5275
 20
6.439131
 10
300.512501
 20
6.439131
 10
300.5105
 20
6.441099
 10
300.5105
 20
7.578902
 10
300.512501
 20
7.580869
  0
LWPOLYLINE
  5
92E
330
17
100
AcDbEntity
  8
VISTA
100
AcDbPolyline
 90
9
 70
1
 10
300.706501
 20
7.580869
 10
300.7215
 20
7.580869
 10
300.723501
 20
7.578902
 10
300.723501
 20
6.441099
 10
300.7215
 20
6.439131
 10
300.706501
 20
6.439131
 10
300.7045
 20
6.441099
 10
300.7045
 20
7.578902
 10
300.706501
 20
7.580869
  0
LWPOLYLINE
  5
92F
330
17
100
AcDbEntity
  8
VISTA
100
AcDbPolyline
 90
9
 70
1
 10
300.900501
 20
7.580869
 10
300.915501
 20
7.580869
 10
300.917501
 20
7.578902
 10
300.917501
 20
6.441099
 10
300.915501
 20
6.439131
 10
300.900501
 20
6.439131
 10
300.8985
 20
6.441099
 10
300.8985
 20
7.578902
 10
300.900501
 20
7.580869
  0
LWPOLYLINE
  5
930
330
17
100
AcDbEntity
  8
VISTA
100
AcDbPolyline
 90
9
 70
1
 10
301.0945
 20
7.580869
 10
301.109499
 20
7.580869
 10
301.1115
 20
7.578902
 10
301.1115
 20
6.441099
 10
301.109499
 20
6.439131
 10
301.0945
 20
6.439131
 10
301.092499
 20
6.441099
 10
301.092499
 20
7.578902
 10
301.0945
 20
7.580869
  0
LWPOLYLINE
  5
931
330
17
100
AcDbEntity
  8
VISTA
100
AcDbPolyline
 90
9
 70
1
 10
301.2885
 20
7.580869
 10
301.303499
 20
7.580869
 10
301.3055
 20
7.578902
 10
301.3055
 20
6.441099
 10
301.303499
 20
6.439131
 10
301.2885
 20
6.439131
 10
301.286499
 20
6.441099
 10
301.286499
 20
7.578902
 10
301.2885
 20
7.580869
  0
LWPOLYLINE
  5
932
330
17
100
AcDbEntity
  8
VISTA
100
AcDbPolyline
 90
9
 70
1
 10
301.4825
 20
7.580869
 10
301.497499
 20
7.580869
 10
301.4995
 20
7.578902
 10
301.4995
 20
6.441099
 10
301.497499
 20
6.439131
 10
301.4825
 20
6.439131
 10
301.480499
 20
6.441099
 10
301.480499
 20
7.578902
 10
301.4825
 20
7.580869
  0
LWPOLYLINE
  5
933
330
17
100
AcDbEntity
  8
VISTA
100
AcDbPolyline
 90
9
 70
1
 10
301.6765
 20
7.580869
 10
301.6915
 20
7.580869
 10
301.693501
 20
7.578902
 10
301.693501
 20
6.441099
 10
301.6915
 20
6.439131
 10
301.6765
 20
6.439131
 10
301.6745
 20
6.441099
 10
301.6745
 20
7.578902
 10
301.6765
 20
7.580869
  0
LWPOLYLINE
  5
934
330
17
100
AcDbEntity
  8
VISTA
100
AcDbPolyline
 90
9
 70
1
 10
301.870501
 20
7.580869
 10
301.8855
 20
7.580869
 10
301.887501
 20
7.578902
 10
301.887501
 20
6.441099
 10
301.8855
 20
6.439131
 10
301.870501
 20
6.439131
 10
301.8685
 20
6.441099
 10
301.8685
 20
7.578902
 10
301.870501
 20
7.580869
  0
LWPOLYLINE
  5
935
330
17
100
AcDbEntity
  8
VISTA
100
AcDbPolyline
 90
9
 70
1
 10
302.064501
 20
7.580869
 10
302.0795
 20
7.580869
 10
302.081501
 20
7.578902
 10
302.081501
 20
6.441099
 10
302.0795
 20
6.439131
 10
302.064501
 20
6.439131
 10
302.0625
 20
6.441099
 10
302.0625
 20
7.578902
 10
302.064501
 20
7.580869
  0
LWPOLYLINE
  5
936
330
17
100
AcDbEntity
  8
VISTA
100
AcDbPolyline
 90
9
 70
1
 10
302.258501
 20
7.580869
 10
302.2735
 20
7.580869
 10
302.275501
 20
7.578902
 10
302.275501
 20
6.441099
 10
302.2735
 20
6.439131
 10
302.258501
 20
6.439131
 10
302.2565
 20
6.441099
 10
302.2565
 20
7.578902
 10
302.258501
 20
7.580869
  0
LWPOLYLINE
  5
937
330
17
100
AcDbEntity
  8
VISTA
100
AcDbPolyline
 90
5
 70
1
 10
293.7
 20
7.562328
 10
302.299999
 20
7.562328
 10
302.299999
 20
6.35118
 10
293.7
 20
6.35118
 10
293.7
 20
7.562328
  0
LWPOLYLINE
  5
938
330
17
100
AcDbEntity
  8
VISTA
100
AcDbPolyline
 90
5
 70
1
 10
293.7
 20
7.570328
 10
302.299999
 20
7.570328
 10
302.299999
 20
6.437082
 10
293.7
 20
6.437082
 10
293.7
 20
7.570328
  0
LWPOLYLINE
  5
939
330
17
100
AcDbEntity
  8
VISTA
100
AcDbPolyline
 90
17
 70
1
 10
301.394167
 20
6.748548
 10
301.369389
 20
6.744006
 10
301.353481
 20
6.738281
 10
301.3483511744818
 20
6.732342532035622
 10
301.353481
 20
6.726405
 10
301.369389
 20
6.72068
 10
301.394167
 20
6.716138
 10
301.459999
 20
6.712216
 10
301.525831
 20
6.716138
 10
301.55061
 20
6.72068
 10
301.566517
 20
6.726405
 10
301.5716477614469
 20
6.732342532035622
 10
301.566517
 20
6.738281
 10
301.55061
 20
6.744006
 10
301.525831
 20
6.748548
 10
301.459999
 20
6.75247
 10
301.394167
 20
6.748548
  0
LWPOLYLINE
  5
93A
330
17
100
AcDbEntity
  8
VISTA
100
AcDbPolyline
 90
5
 70
1
 10
292.992001
 20
3.283
 10
292.992001
 20
3.265
 10
292.98199999999997
 20
3.265
 10
292.982245
 20
3.283
 10
292.992001
 20
3.283
  0
LWPOLYLINE
  5
93B
330
17
100
AcDbEntity
  8
VISTA
100
AcDbPolyline
 90
5
 70
1
 10
293.058001
 20
3.283
 10
293.058001
 20
3.265
 10
293.048
 20
3.265
 10
293.048245
 20
3.283
 10
293.058001
 20
3.283
  0
LWPOLYLINE
  5
93C
330
17
100
AcDbEntity
  8
VISTA
100
AcDbPolyline
 90
5
 70
1
 10
293.889999
 20
5.79
 10
293.92
 20
5.79
 10
293.92
 20
3.29
 10
293.889999
 20
3.29
 10
293.889999
 20
5.79
  0
LWPOLYLINE
  5
93D
330
17
100
AcDbEntity
  8
VISTA
100
AcDbPolyline
 90
5
 70
1
 10
293.026
 20
4.257
 10
293.025001
 20
3.33
 10
293.014001
 20
3.331
 10
293.014294
 20
4.257707
 10
293.026
 20
4.257
  0
LWPOLYLINE
  5
93E
330
17
100
AcDbEntity
  8
VISTA
100
AcDbPolyline
 90
5
 70
1
 10
293.026
 20
4.257
 10
293.025001
 20
3.33
 10
293.014001
 20
3.331
 10
293.014294
 20
4.257707
 10
293.026
 20
4.257
  0
LWPOLYLINE
  5
93F
330
17
100
AcDbEntity
  8
VISTA
100
AcDbPolyline
 90
5
 70
1
 10
293.026
 20
4.257
 10
293.025001
 20
3.33
 10
293.014001
 20
3.331
 10
293.014294
 20
4.257707
 10
293.026
 20
4.257
  0
LWPOLYLINE
  5
940
330
17
100
AcDbEntity
  8
VISTA
100
AcDbPolyline
 90
5
 70
1
 10
293.026
 20
4.257
 10
293.025001
 20
3.33
 10
293.014001
 20
3.331
 10
293.014294
 20
4.257707
 10
293.026
 20
4.257
  0
LWPOLYLINE
  5
941
330
17
100
AcDbEntity
  8
VISTA
100
AcDbPolyline
 90
9
 70
1
 10
294.212
 20
6.835857
 10
301.788
 20
6.835857
 10
301.790001
 20
6.833857
 10
301.790001
 20
6.782857
 10
301.788
 20
6.780857
 10
294.212
 20
6.780857
 10
294.21
 20
6.782857
 10
294.21
 20
6.833857
 10
294.212
 20
6.835857
  0
LWPOLYLINE
  5
942
330
17
100
AcDbEntity
  8
VISTA
100
AcDbPolyline
 90
5
 70
1
 10
293.026
 20
4.257
 10
293.025001
 20
3.33
 10
293.014001
 20
3.331
 10
293.014294
 20
4.257707
 10
293.026
 20
4.257
  0
LWPOLYLINE
  5
943
330
17
100
AcDbEntity
  8
VISTA
100
AcDbPolyline
 90
7
 70
1
 10
292.967
 20
3.199
 10
292.965
 20
3.199
 10
292.965
 20
3.231
 10
293.06
 20
3.234
 10
293.06
 20
3.232
 10
292.967
 20
3.229
 10
292.967
 20
3.199
  0
LWPOLYLINE
  5
944
330
17
100
AcDbEntity
  8
VISTA
100
AcDbPolyline
 90
5
 70
1
 10
293.026
 20
4.257
 10
293.025001
 20
3.33
 10
293.014001
 20
3.331
 10
293.014294
 20
4.257707
 10
293.026
 20
4.257
  0
LWPOLYLINE
  5
945
330
17
100
AcDbEntity
  8
VISTA
100
AcDbPolyline
 90
5
 70
1
 10
293.026
 20
4.257
 10
293.025001
 20
3.33
 10
293.014001
 20
3.331
 10
293.014294
 20
4.257707
 10
293.026
 20
4.257
  0
LWPOLYLINE
  5
946
330
17
100
AcDbEntity
  8
VISTA
100
AcDbPolyline
 90
5
 70
1
 10
293.026
 20
4.257
 10
293.025001
 20
3.33
 10
293.014001
 20
3.331
 10
293.014294
 20
4.257707
 10
293.026
 20
4.257
  0
LWPOLYLINE
  5
947
330
17
100
AcDbEntity
  8
VISTA
100
AcDbPolyline
 90
5
 70
1
 10
293.026
 20
4.257
 10
293.025001
 20
3.33
 10
293.014001
 20
3.331
 10
293.014294
 20
4.257707
 10
293.026
 20
4.257
  0
LWPOLYLINE
  5
948
330
17
100
AcDbEntity
  8
VISTA
100
AcDbPolyline
 90
5
 70
1
 10
292.992001
 20
3.283
 10
292.992001
 20
3.265
 10
292.98199999999997
 20
3.265
 10
292.982245
 20
3.283
 10
292.992001
 20
3.283
  0
LWPOLYLINE
  5
949
330
17
100
AcDbEntity
  8
VISTA
100
AcDbPolyline
 90
5
 70
1
 10
293.058001
 20
3.283
 10
293.058001
 20
3.265
 10
293.048
 20
3.265
 10
293.048245
 20
3.283
 10
293.058001
 20
3.283
  0
LWPOLYLINE
  5
94A
330
17
100
AcDbEntity
  8
VISTA
100
AcDbPolyline
 90
5
 70
1
 10
293.026
 20
4.257
 10
293.025001
 20
3.33
 10
293.014001
 20
3.331
 10
293.014294
 20
4.257707
 10
293.026
 20
4.257
  0
LWPOLYLINE
  5
94B
330
17
100
AcDbEntity
  8
VISTA
100
AcDbPolyline
 90
8
 70
1
 10
293.002501
 20
4.2983
 10
293.0042
 20
4.3
 10
293.035801
 20
4.3
 10
293.0375
 20
4.2983
 10
293.0375
 20
3.2517
 10
293.035801
 20
3.25
 10
293.003348
 20
3.2505
 10
293.002501
 20
4.2983
  0
LWPOLYLINE
  5
94C
330
17
100
AcDbEntity
  8
VISTA
100
AcDbPolyline
 90
8
 70
1
 10
293.0705
 20
3.266
 10
293.0725
 20
3.264
 10
293.0725
 20
3.256
 10
293.0705
 20
3.254
 10
292.969501
 20
3.254
 10
292.967501
 20
3.256
 10
292.96808599999997
 20
3.265414
 10
293.0705
 20
3.266
  0
LWPOLYLINE
  5
94D
330
17
100
AcDbEntity
  8
VISTA
100
AcDbPolyline
 90
5
 70
1
 10
292.992001
 20
3.283
 10
292.992001
 20
3.265
 10
292.98199999999997
 20
3.265
 10
292.982245
 20
3.283
 10
292.992001
 20
3.283
  0
LWPOLYLINE
  5
94E
330
17
100
AcDbEntity
  8
VISTA
100
AcDbPolyline
 90
5
 70
1
 10
293.058001
 20
3.283
 10
293.058001
 20
3.265
 10
293.048
 20
3.265
 10
293.048245
 20
3.283
 10
293.058001
 20
3.283
  0
LWPOLYLINE
  5
94F
330
17
100
AcDbEntity
  8
VISTA
100
AcDbPolyline
 90
5
 70
1
 10
293.026
 20
4.257
 10
293.025001
 20
3.33
 10
293.014001
 20
3.331
 10
293.014294
 20
4.257707
 10
293.026
 20
4.257
  0
LWPOLYLINE
  5
950
330
17
100
AcDbEntity
  8
VISTA
100
AcDbPolyline
 90
5
 70
1
 10
293.026
 20
4.257
 10
293.025001
 20
3.33
 10
293.014001
 20
3.331
 10
293.014294
 20
4.257707
 10
293.026
 20
4.257
  0
LWPOLYLINE
  5
951
330
17
100
AcDbEntity
  8
VISTA
100
AcDbPolyline
 90
9
 70
1
 10
294.212
 20
6.686572
 10
301.788
 20
6.686572
 10
301.790001
 20
6.684571
 10
301.790001
 20
6.633572
 10
301.788
 20
6.631571
 10
294.212
 20
6.631571
 10
294.21
 20
6.633572
 10
294.21
 20
6.684571
 10
294.212
 20
6.686572
  0
LWPOLYLINE
  5
952
330
17
100
AcDbEntity
  8
VISTA
100
AcDbPolyline
 90
5
 70
1
 10
293.026
 20
4.257
 10
293.025001
 20
3.33
 10
293.014001
 20
3.331
 10
293.014294
 20
4.257707
 10
293.026
 20
4.257
  0
LWPOLYLINE
  5
953
330
17
100
AcDbEntity
  8
VISTA
100
AcDbPolyline
 90
6
 70
1
 10
301.066999
 20
3.8234
 10
301.073399
 20
3.825
 10
301.074999
 20
3.8234
 10
301.074999
 20
3.5366
 10
301.068097059448
 20
3.535295
 10
301.066999
 20
3.8234
  0
LWPOLYLINE
  5
954
330
17
100
AcDbEntity
  8
VISTA
100
AcDbPolyline
 90
9
 70
1
 10
294.0
 20
6.3955
 10
294.0045
 20
6.4
 10
294.1955
 20
6.4
 10
294.200001
 20
6.3955
 10
294.200001
 20
5.7645
 10
294.1955
 20
5.76
 10
294.0045
 20
5.76
 10
294.0
 20
5.7645
 10
294.0
 20
6.3955
  0
LWPOLYLINE
  5
955
330
17
100
AcDbEntity
  8
VISTA
100
AcDbPolyline
 90
9
 70
1
 10
293.990001
 20
3.245
 10
293.995001
 20
3.25
 10
294.205
 20
3.25
 10
294.21
 20
3.245
 10
294.21
 20
3.205
 10
294.205
 20
3.2
 10
293.995001
 20
3.2
 10
293.990001
 20
3.205
 10
293.990001
 20
3.245
  0
LWPOLYLINE
  5
956
330
17
100
AcDbEntity
  8
VISTA
100
AcDbPolyline
 90
5
 70
1
 10
293.78
 20
5.83
 10
294.04
 20
5.83
 10
294.04
 20
5.79
 10
293.78
 20
5.79
 10
293.78
 20
5.83
  0
LWPOLYLINE
  5
957
330
17
100
AcDbEntity
  8
VISTA
100
AcDbPolyline
 90
5
 70
1
 10
293.78
 20
3.2225
 10
294.04
 20
3.2225
 10
294.04
 20
3.1975
 10
293.78
 20
3.1975
 10
293.78
 20
3.2225
  0
LWPOLYLINE
  5
958
330
17
100
AcDbEntity
  8
VISTA
100
AcDbPolyline
 90
5
 70
1
 10
293.7585
 20
3.2445
 10
293.764
 20
3.244
 10
293.763499
 20
3.2395
 10
293.758146
 20
3.24
 10
293.7585
 20
3.2445
  0
LWPOLYLINE
  5
959
330
17
100
AcDbEntity
  8
VISTA
100
AcDbPolyline
 90
5
 70
1
 10
293.889999
 20
5.81
 10
293.92
 20
5.81
 10
293.92
 20
5.73
 10
293.889999
 20
5.73
 10
293.889999
 20
5.81
  0
LWPOLYLINE
  5
95A
330
17
100
AcDbEntity
  8
VISTA
100
AcDbPolyline
 90
5
 70
1
 10
293.889999
 20
3.325
 10
293.92
 20
3.325
 10
293.92
 20
3.285
 10
293.889999
 20
3.285
 10
293.889999
 20
3.325
  0
LWPOLYLINE
  5
95B
330
17
100
AcDbEntity
  8
VISTA
100
AcDbPolyline
 90
5
 70
1
 10
293.889999
 20
5.79
 10
293.92
 20
5.79
 10
293.92
 20
3.29
 10
293.889999
 20
3.29
 10
293.889999
 20
5.79
  0
LWPOLYLINE
  5
95C
330
17
100
AcDbEntity
  8
VISTA
100
AcDbPolyline
 90
5
 70
1
 10
293.91
 20
3.248
 10
294.15
 20
3.248
 10
294.15
 20
3.222
 10
293.91
 20
3.222
 10
293.91
 20
3.248
  0
LWPOLYLINE
  5
95D
330
17
100
AcDbEntity
  8
VISTA
100
AcDbPolyline
 90
5
 70
1
 10
294.099999
 20
3.232
 10
294.14
 20
3.232
 10
294.14
 20
3.218
 10
294.099999
 20
3.218
 10
294.099999
 20
3.232
  0
LWPOLYLINE
  5
95E
330
17
100
AcDbEntity
  8
VISTA
100
AcDbPolyline
 90
12
 70
1
 10
293.7765
 20
5.76
 10
293.8935
 20
5.76
 10
293.896329
 20
5.758828
 10
293.8975
 20
5.756
 10
293.8975
 20
3.224
 10
293.896329
 20
3.221171
 10
293.8935
 20
3.22
 10
293.7765
 20
3.22
 10
293.773671
 20
3.221171
 10
293.7725
 20
3.224
 10
293.773238
 20
5.758316
 10
293.7765
 20
5.76
  0
LWPOLYLINE
  5
95F
330
17
100
AcDbEntity
  8
VISTA
100
AcDbPolyline
 90
4
 70
1
 10
293.774191
 20
5.758309
 10
293.774705
 20
5.758528
 10
293.773973
 20
5.758528
 10
293.774191
 20
5.758309
  0
LWPOLYLINE
  5
960
330
17
100
AcDbEntity
  8
VISTA
100
AcDbPolyline
 90
4
 70
1
 10
293.774191
 20
3.22169
 10
293.773973
 20
3.222205
 10
293.773973
 20
3.221472
 10
293.774191
 20
3.22169
  0
LWPOLYLINE
  5
961
330
17
100
AcDbEntity
  8
VISTA
100
AcDbPolyline
 90
4
 70
1
 10
293.895809
 20
3.22169
 10
293.895295
 20
3.221472
 10
293.896028
 20
3.221472
 10
293.895809
 20
3.22169
  0
LWPOLYLINE
  5
962
330
17
100
AcDbEntity
  8
VISTA
100
AcDbPolyline
 90
4
 70
1
 10
293.896028
 20
5.758528
 10
293.895295
 20
5.758528
 10
293.895809
 20
5.758309
 10
293.896028
 20
5.758528
  0
LWPOLYLINE
  5
963
330
17
100
AcDbEntity
  8
VISTA
100
AcDbPolyline
 90
12
 70
1
 10
293.9235
 20
5.76
 10
294.040501
 20
5.76
 10
294.04332899999997
 20
5.758828
 10
294.04449999999997
 20
5.756
 10
294.04449999999997
 20
3.224
 10
294.04332899999997
 20
3.221171
 10
294.040501
 20
3.22
 10
293.9235
 20
3.22
 10
293.920671
 20
3.221171
 10
293.91949999999997
 20
3.224
 10
293.920238
 20
5.758316
 10
293.9235
 20
5.76
  0
LWPOLYLINE
  5
964
330
17
100
AcDbEntity
  8
VISTA
100
AcDbPolyline
 90
4
 70
1
 10
293.921191
 20
5.758309
 10
293.921705
 20
5.758528
 10
293.920973
 20
5.758528
 10
293.921191
 20
5.758309
  0
LWPOLYLINE
  5
965
330
17
100
AcDbEntity
  8
VISTA
100
AcDbPolyline
 90
4
 70
1
 10
293.921191
 20
3.22169
 10
293.920973
 20
3.222205
 10
293.920973
 20
3.221472
 10
293.921191
 20
3.22169
  0
LWPOLYLINE
  5
966
330
17
100
AcDbEntity
  8
VISTA
100
AcDbPolyline
 90
4
 70
1
 10
294.042809
 20
3.22169
 10
294.042295
 20
3.221472
 10
294.043028
 20
3.221472
 10
294.042809
 20
3.22169
  0
LWPOLYLINE
  5
967
330
17
100
AcDbEntity
  8
VISTA
100
AcDbPolyline
 90
4
 70
1
 10
294.043028
 20
5.758528
 10
294.042295
 20
5.758528
 10
294.042809
 20
5.758309
 10
294.043028
 20
5.758528
  0
LWPOLYLINE
  5
968
330
17
100
AcDbEntity
  8
VISTA
100
AcDbPolyline
 90
5
 70
1
 10
293.026
 20
4.257
 10
293.025001
 20
3.33
 10
293.014001
 20
3.331
 10
293.014294
 20
4.257707
 10
293.026
 20
4.257
  0
LWPOLYLINE
  5
969
330
17
100
AcDbEntity
  8
VISTA
100
AcDbPolyline
 90
15
 70
1
 10
301.375
 20
7.95
 10
301.544998
 20
7.95
 10
301.544998
 20
5.62
 10
301.52830676375544
 20
5.540461317883567
 10
301.539774
 20
5.429282
 10
301.630009
 20
5.230379
 10
301.6144989306657
 20
5.110890160274281
 10
301.625
 20
5.0
 10
301.455002
 20
5.0
 10
301.47194983693646
 20
5.069953593461305
 10
301.460627
 20
5.169621
 10
301.369976
 20
5.370718
 10
301.38552612282894
 20
5.500280008056406
 10
301.375
 20
5.62
 10
301.375
 20
7.95
  0
LWPOLYLINE
  5
96A
330
17
100
AcDbEntity
  8
VISTA
100
AcDbPolyline
 90
4
 70
1
 10
301.5286098020636
 20
5.605855505791824
 10
301.5286098020636
 20
5.605855505791819
 10
301.533611
 20
5.62
 10
301.5286098020636
 20
5.605855505791824
  0
LWPOLYLINE
  5
96B
330
17
100
AcDbEntity
  8
VISTA
100
AcDbPolyline
 90
4
 70
1
 10
301.5258020368834
 20
5.564745619626288
 10
301.5258020368834
 20
5.564745619626286
 10
301.542103
 20
5.62
 10
301.5258020368834
 20
5.564745619626288
  0
LWPOLYLINE
  5
96C
330
17
100
AcDbEntity
  8
VISTA
100
AcDbPolyline
 90
4
 70
1
 10
301.5226782043989
 20
5.513639566224635
 10
301.5226782043989
 20
5.5136395662246285
 10
301.53839438516286
 20
5.430802811598521
 10
301.5226782043989
 20
5.513639566224635
  0
LWPOLYLINE
  5
96D
330
17
100
AcDbEntity
  8
VISTA
100
AcDbPolyline
 90
4
 70
1
 10
301.5166986454473
 20
5.483937113941226
 10
301.5166986454473
 20
5.483937113941208
 10
301.5166986454473
 20
5.483937113941219
 10
301.5166986454473
 20
5.483937113941226
  0
LWPOLYLINE
  5
96E
330
17
100
AcDbEntity
  8
VISTA
100
AcDbPolyline
 90
4
 70
1
 10
301.6147554106226
 20
5.221516732156101
 10
301.619118
 20
5.211119
 10
301.6147554106226
 20
5.221516732156102
 10
301.6147554106226
 20
5.221516732156101
  0
LWPOLYLINE
  5
96F
330
17
100
AcDbEntity
  8
VISTA
100
AcDbPolyline
 90
4
 70
1
 10
301.613063175713
 20
5.20624718646452
 10
301.613063175713
 20
5.206247186464518
 10
301.619118
 20
5.211119
 10
301.613063175713
 20
5.20624718646452
  0
LWPOLYLINE
  5
970
330
17
100
AcDbEntity
  8
VISTA
100
AcDbPolyline
 90
5
 70
1
 10
293.026
 20
4.257
 10
293.025001
 20
3.33
 10
293.014001
 20
3.331
 10
293.014294
 20
4.257707
 10
293.026
 20
4.257
  0
LWPOLYLINE
  5
971
330
17
100
AcDbEntity
  8
VISTA
100
AcDbPolyline
 90
5
 70
1
 10
301.624022
 20
6.781447
 10
301.625
 20
6.707541
 10
301.296005
 20
6.706557
 10
301.294998
 20
6.780459
 10
301.624022
 20
6.781447
  0
LWPOLYLINE
  5
972
330
17
100
AcDbEntity
  8
VISTA
100
AcDbPolyline
 90
9
 70
1
 10
301.405321
 20
6.738341
 10
301.459999
 20
6.735084
 10
301.514677
 20
6.738341
 10
301.5404957399537
 20
6.744
 10
301.514677
 20
6.749659
 10
301.459999
 20
6.752916
 10
301.405321
 20
6.749659
 10
301.37950286303385
 20
6.744
 10
301.405321
 20
6.738341
  0
LWPOLYLINE
  5
973
330
17
100
AcDbEntity
  8
VISTA
100
AcDbPolyline
 90
5
 70
1
 10
301.589998
 20
8.015001
 10
301.589998
 20
7.99
 10
301.33
 20
7.99
 10
301.33
 20
8.015001
 10
301.589998
 20
8.015001
  0
LWPOLYLINE
  5
974
330
17
100
AcDbEntity
  8
VISTA
100
AcDbPolyline
 90
5
 70
1
 10
293.026
 20
4.257
 10
293.025001
 20
3.33
 10
293.014001
 20
3.331
 10
293.014294
 20
4.257707
 10
293.026
 20
4.257
  0
LWPOLYLINE
  5
975
330
17
100
AcDbEntity
  8
VISTA
100
AcDbPolyline
 90
5
 70
1
 10
293.026
 20
4.257
 10
293.025001
 20
3.33
 10
293.014001
 20
3.331
 10
293.014294
 20
4.257707
 10
293.026
 20
4.257
  0
LWPOLYLINE
  5
976
330
17
100
AcDbEntity
  8
VISTA
100
AcDbPolyline
 90
5
 70
1
 10
293.026
 20
4.257
 10
293.025001
 20
3.33
 10
293.014001
 20
3.331
 10
293.014294
 20
4.257707
 10
293.026
 20
4.257
  0
LWPOLYLINE
  5
977
330
17
100
AcDbEntity
  8
VISTA
100
AcDbPolyline
 90
5
 70
1
 10
293.026
 20
4.257
 10
293.025001
 20
3.33
 10
293.014001
 20
3.331
 10
293.014294
 20
4.257707
 10
293.026
 20
4.257
  0
LWPOLYLINE
  5
978
330
17
100
AcDbEntity
  8
VISTA
100
AcDbPolyline
 90
5
 70
1
 10
293.8175
 20
5.76
 10
293.826501
 20
5.76
 10
293.826501
 20
3.22
 10
293.8175
 20
3.22
 10
293.8175
 20
5.76
  0
LWPOLYLINE
  5
979
330
17
100
AcDbEntity
  8
VISTA
100
AcDbPolyline
 90
5
 70
1
 10
293.8435
 20
5.75619
 10
293.852501
 20
5.75619
 10
293.852501
 20
3.22381
 10
293.8435
 20
3.22381
 10
293.8435
 20
5.75619
  0
LWPOLYLINE
  5
97A
330
17
100
AcDbEntity
  8
VISTA
100
AcDbPolyline
 90
9
 70
1
 10
293.7765
 20
5.801
 10
293.895816
 20
5.800262
 10
293.8975
 20
5.797
 10
293.896762
 20
5.720685
 10
293.8935
 20
5.719
 10
293.774184
 20
5.719738
 10
293.7725
 20
5.723
 10
293.773238
 20
5.799316
 10
293.7765
 20
5.801
  0
LWPOLYLINE
  5
97B
330
17
100
AcDbEntity
  8
VISTA
100
AcDbPolyline
 90
4
 70
1
 10
293.774191
 20
5.79931
 10
293.774705
 20
5.799528
 10
293.773973
 20
5.799528
 10
293.774191
 20
5.79931
  0
LWPOLYLINE
  5
97C
330
17
100
AcDbEntity
  8
VISTA
100
AcDbPolyline
 90
4
 70
1
 10
293.774191
 20
5.720691
 10
293.773973
 20
5.721206
 10
293.773973
 20
5.720472
 10
293.774191
 20
5.720691
  0
LWPOLYLINE
  5
97D
330
17
100
AcDbEntity
  8
VISTA
100
AcDbPolyline
 90
4
 70
1
 10
293.895809
 20
5.720691
 10
293.895295
 20
5.720472
 10
293.896028
 20
5.720472
 10
293.895809
 20
5.720691
  0
LWPOLYLINE
  5
97E
330
17
100
AcDbEntity
  8
VISTA
100
AcDbPolyline
 90
4
 70
1
 10
293.896028
 20
5.799528
 10
293.895295
 20
5.799528
 10
293.895809
 20
5.79931
 10
293.896028
 20
5.799528
  0
LWPOLYLINE
  5
97F
330
17
100
AcDbEntity
  8
VISTA
100
AcDbPolyline
 90
9
 70
1
 10
293.7765
 20
3.261
 10
293.895816
 20
3.260262
 10
293.8975
 20
3.257
 10
293.896762
 20
3.180684
 10
293.8935
 20
3.179
 10
293.774184
 20
3.179739
 10
293.7725
 20
3.183
 10
293.773238
 20
3.259316
 10
293.7765
 20
3.261
  0
LWPOLYLINE
  5
980
330
17
100
AcDbEntity
  8
VISTA
100
AcDbPolyline
 90
4
 70
1
 10
293.774191
 20
3.25931
 10
293.774705
 20
3.259528
 10
293.773973
 20
3.259528
 10
293.774191
 20
3.25931
  0
LWPOLYLINE
  5
981
330
17
100
AcDbEntity
  8
VISTA
100
AcDbPolyline
 90
4
 70
1
 10
293.774191
 20
3.180691
 10
293.773973
 20
3.181205
 10
293.773973
 20
3.180472
 10
293.774191
 20
3.180691
  0
LWPOLYLINE
  5
982
330
17
100
AcDbEntity
  8
VISTA
100
AcDbPolyline
 90
4
 70
1
 10
293.895809
 20
3.180691
 10
293.895295
 20
3.180472
 10
293.896028
 20
3.180472
 10
293.895809
 20
3.180691
  0
LWPOLYLINE
  5
983
330
17
100
AcDbEntity
  8
VISTA
100
AcDbPolyline
 90
4
 70
1
 10
293.896028
 20
3.259528
 10
293.895295
 20
3.259528
 10
293.895809
 20
3.25931
 10
293.896028
 20
3.259528
  0
LWPOLYLINE
  5
984
330
17
100
AcDbEntity
  8
VISTA
100
AcDbPolyline
 90
5
 70
1
 10
293.964499
 20
5.76
 10
293.9735
 20
5.76
 10
293.9735
 20
3.22
 10
293.964499
 20
3.22
 10
293.964499
 20
5.76
  0
LWPOLYLINE
  5
985
330
17
100
AcDbEntity
  8
VISTA
100
AcDbPolyline
 90
5
 70
1
 10
293.990499
 20
5.75619
 10
293.9995
 20
5.75619
 10
293.9995
 20
3.22381
 10
293.990499
 20
3.22381
 10
293.990499
 20
5.75619
  0
LWPOLYLINE
  5
986
330
17
100
AcDbEntity
  8
VISTA
100
AcDbPolyline
 90
9
 70
1
 10
293.9235
 20
5.801
 10
294.042816
 20
5.800262
 10
294.04449999999997
 20
5.797
 10
294.043762
 20
5.720685
 10
294.040501
 20
5.719
 10
293.921185
 20
5.719738
 10
293.91949999999997
 20
5.723
 10
293.920238
 20
5.799316
 10
293.9235
 20
5.801
  0
LWPOLYLINE
  5
987
330
17
100
AcDbEntity
  8
VISTA
100
AcDbPolyline
 90
4
 70
1
 10
293.921191
 20
5.79931
 10
293.921705
 20
5.799528
 10
293.920973
 20
5.799528
 10
293.921191
 20
5.79931
  0
LWPOLYLINE
  5
988
330
17
100
AcDbEntity
  8
VISTA
100
AcDbPolyline
 90
4
 70
1
 10
293.921191
 20
5.720691
 10
293.920973
 20
5.721206
 10
293.920973
 20
5.720472
 10
293.921191
 20
5.720691
  0
LWPOLYLINE
  5
989
330
17
100
AcDbEntity
  8
VISTA
100
AcDbPolyline
 90
4
 70
1
 10
294.042809
 20
5.720691
 10
294.042295
 20
5.720472
 10
294.043028
 20
5.720472
 10
294.042809
 20
5.720691
  0
LWPOLYLINE
  5
98A
330
17
100
AcDbEntity
  8
VISTA
100
AcDbPolyline
 90
4
 70
1
 10
294.043028
 20
5.799528
 10
294.042295
 20
5.799528
 10
294.042809
 20
5.79931
 10
294.043028
 20
5.799528
  0
LWPOLYLINE
  5
98B
330
17
100
AcDbEntity
  8
VISTA
100
AcDbPolyline
 90
9
 70
1
 10
293.9235
 20
3.261
 10
294.042816
 20
3.260262
 10
294.04449999999997
 20
3.257
 10
294.043762
 20
3.180684
 10
294.040501
 20
3.179
 10
293.921185
 20
3.179739
 10
293.91949999999997
 20
3.183
 10
293.920238
 20
3.259316
 10
293.9235
 20
3.261
  0
LWPOLYLINE
  5
98C
330
17
100
AcDbEntity
  8
VISTA
100
AcDbPolyline
 90
4
 70
1
 10
293.921191
 20
3.25931
 10
293.921705
 20
3.259528
 10
293.920973
 20
3.259528
 10
293.921191
 20
3.25931
  0
LWPOLYLINE
  5
98D
330
17
100
AcDbEntity
  8
VISTA
100
AcDbPolyline
 90
4
 70
1
 10
293.921191
 20
3.180691
 10
293.920973
 20
3.181205
 10
293.920973
 20
3.180472
 10
293.921191
 20
3.180691
  0
LWPOLYLINE
  5
98E
330
17
100
AcDbEntity
  8
VISTA
100
AcDbPolyline
 90
4
 70
1
 10
294.042809
 20
3.180691
 10
294.042295
 20
3.180472
 10
294.043028
 20
3.180472
 10
294.042809
 20
3.180691
  0
LWPOLYLINE
  5
98F
330
17
100
AcDbEntity
  8
VISTA
100
AcDbPolyline
 90
4
 70
1
 10
294.043028
 20
3.259528
 10
294.042295
 20
3.259528
 10
294.042809
 20
3.25931
 10
294.043028
 20
3.259528
  0
LWPOLYLINE
  5
990
330
17
100
AcDbEntity
  8
VISTA
100
AcDbPolyline
 90
5
 70
1
 10
292.992001
 20
3.283
 10
292.992001
 20
3.265
 10
292.98199999999997
 20
3.265
 10
292.982245
 20
3.283
 10
292.992001
 20
3.283
  0
LWPOLYLINE
  5
991
330
17
100
AcDbEntity
  8
VISTA
100
AcDbPolyline
 90
5
 70
1
 10
293.058001
 20
3.283
 10
293.058001
 20
3.265
 10
293.048
 20
3.265
 10
293.048245
 20
3.283
 10
293.058001
 20
3.283
  0
LWPOLYLINE
  5
992
330
17
100
AcDbEntity
  8
VISTA
100
AcDbPolyline
 90
8
 70
1
 10
293.002501
 20
4.2983
 10
293.0042
 20
4.3
 10
293.035801
 20
4.3
 10
293.0375
 20
4.2983
 10
293.0375
 20
3.2517
 10
293.035801
 20
3.25
 10
293.003348
 20
3.2505
 10
293.002501
 20
4.2983
  0
LWPOLYLINE
  5
993
330
17
100
AcDbEntity
  8
VISTA
100
AcDbPolyline
 90
8
 70
1
 10
293.0705
 20
3.266
 10
293.0725
 20
3.264
 10
293.0725
 20
3.256
 10
293.0705
 20
3.254
 10
292.969501
 20
3.254
 10
292.967501
 20
3.256
 10
292.96808599999997
 20
3.265414
 10
293.0705
 20
3.266
  0
LWPOLYLINE
  5
994
330
17
100
AcDbEntity
  8
VISTA
100
AcDbPolyline
 90
5
 70
1
 10
293.026
 20
4.257
 10
293.025001
 20
3.33
 10
293.014001
 20
3.331
 10
293.014294
 20
4.257707
 10
293.026
 20
4.257
  0
LWPOLYLINE
  5
995
330
17
100
AcDbEntity
  8
VISTA
100
AcDbPolyline
 90
9
 70
1
 10
300.5
 20
2.5955
 10
300.504499
 20
2.6
 10
300.695501
 20
2.6
 10
300.700001
 20
2.5955
 10
300.700001
 20
0.0045
 10
300.695501
 20
0.0
 10
300.504499
 20
0.0
 10
300.5
 20
0.0045
 10
300.5
 20
2.5955
  0
LWPOLYLINE
  5
996
330
17
100
AcDbEntity
  8
VISTA
100
AcDbPolyline
 90
5
 70
1
 10
292.992001
 20
3.283
 10
292.992001
 20
3.265
 10
292.98199999999997
 20
3.265
 10
292.982245
 20
3.283
 10
292.992001
 20
3.283
  0
LWPOLYLINE
  5
997
330
17
100
AcDbEntity
  8
VISTA
100
AcDbPolyline
 90
5
 70
1
 10
293.058001
 20
3.283
 10
293.058001
 20
3.265
 10
293.048
 20
3.265
 10
293.048245
 20
3.283
 10
293.058001
 20
3.283
  0
LWPOLYLINE
  5
998
330
17
100
AcDbEntity
  8
VISTA
100
AcDbPolyline
 90
9
 70
1
 10
294.212
 20
6.537286
 10
301.788
 20
6.537286
 10
301.790001
 20
6.535285
 10
301.790001
 20
6.484286
 10
301.788
 20
6.482285
 10
294.212
 20
6.482285
 10
294.21
 20
6.484286
 10
294.21
 20
6.535285
 10
294.212
 20
6.537286
  0
LWPOLYLINE
  5
999
330
17
100
AcDbEntity
  8
VISTA
100
AcDbPolyline
 90
5
 70
1
 10
293.026
 20
4.257
 10
293.025001
 20
3.33
 10
293.014001
 20
3.331
 10
293.014294
 20
4.257707
 10
293.026
 20
4.257
  0
LWPOLYLINE
  5
99A
330
17
100
AcDbEntity
  8
VISTA
100
AcDbPolyline
 90
5
 70
1
 10
293.026
 20
4.257
 10
293.025001
 20
3.33
 10
293.014001
 20
3.331
 10
293.014294
 20
4.257707
 10
293.026
 20
4.257
  0
LWPOLYLINE
  5
99B
330
17
100
AcDbEntity
  8
VISTA
100
AcDbPolyline
 90
12
 70
1
 10
301.091002
 20
5.37
 10
301.10699999999997
 20
5.37
 10
301.109829
 20
5.368829
 10
301.111
 20
5.366
 10
301.111
 20
3.894
 10
301.109829
 20
3.891172
 10
301.10699999999997
 20
3.89
 10
301.091002
 20
3.89
 10
301.088173
 20
3.891172
 10
301.087002
 20
3.894
 10
301.08774
 20
5.368316
 10
301.091002
 20
5.37
  0
LWPOLYLINE
  5
99C
330
17
100
AcDbEntity
  8
VISTA
100
AcDbPolyline
 90
4
 70
1
 10
301.088692
 20
5.368309
 10
301.089207
 20
5.368528
 10
301.088472
 20
5.368528
 10
301.088692
 20
5.368309
  0
LWPOLYLINE
  5
99D
330
17
100
AcDbEntity
  8
VISTA
100
AcDbPolyline
 90
4
 70
1
 10
301.088692
 20
3.891691
 10
301.088472
 20
3.892205
 10
301.088472
 20
3.891472
 10
301.088692
 20
3.891691
  0
LWPOLYLINE
  5
99E
330
17
100
AcDbEntity
  8
VISTA
100
AcDbPolyline
 90
4
 70
1
 10
301.10931
 20
3.891691
 10
301.108795
 20
3.891472
 10
301.109529
 20
3.891472
 10
301.10931
 20
3.891691
  0
LWPOLYLINE
  5
99F
330
17
100
AcDbEntity
  8
VISTA
100
AcDbPolyline
 90
4
 70
1
 10
301.109529
 20
5.368528
 10
301.108795
 20
5.368528
 10
301.10931
 20
5.368309
 10
301.109529
 20
5.368528
  0
LWPOLYLINE
  5
9A0
330
17
100
AcDbEntity
  8
VISTA
100
AcDbPolyline
 90
5
 70
1
 10
293.026
 20
4.257
 10
293.025001
 20
3.33
 10
293.014001
 20
3.331
 10
293.014294
 20
4.257707
 10
293.026
 20
4.257
  0
LWPOLYLINE
  5
9A1
330
17
100
AcDbEntity
  8
VISTA
100
AcDbPolyline
 90
5
 70
1
 10
293.026
 20
4.257
 10
293.025001
 20
3.33
 10
293.014001
 20
3.331
 10
293.014294
 20
4.257707
 10
293.026
 20
4.257
  0
LWPOLYLINE
  5
9A2
330
17
100
AcDbEntity
  8
VISTA
100
AcDbPolyline
 90
5
 70
1
 10
293.026
 20
4.257
 10
293.025001
 20
3.33
 10
293.014001
 20
3.331
 10
293.014294
 20
4.257707
 10
293.026
 20
4.257
  0
LWPOLYLINE
  5
9A3
330
17
100
AcDbEntity
  8
VISTA
100
AcDbPolyline
 90
12
 70
1
 10
293.7765
 20
5.76
 10
293.8935
 20
5.76
 10
293.896329
 20
5.758828
 10
293.8975
 20
5.756
 10
293.8975
 20
3.224
 10
293.896329
 20
3.221171
 10
293.8935
 20
3.22
 10
293.7765
 20
3.22
 10
293.773671
 20
3.221171
 10
293.7725
 20
3.224
 10
293.773238
 20
5.758316
 10
293.7765
 20
5.76
  0
LWPOLYLINE
  5
9A4
330
17
100
AcDbEntity
  8
VISTA
100
AcDbPolyline
 90
4
 70
1
 10
293.774191
 20
5.758309
 10
293.774705
 20
5.758528
 10
293.773973
 20
5.758528
 10
293.774191
 20
5.758309
  0
LWPOLYLINE
  5
9A5
330
17
100
AcDbEntity
  8
VISTA
100
AcDbPolyline
 90
4
 70
1
 10
293.774191
 20
3.22169
 10
293.773973
 20
3.222205
 10
293.773973
 20
3.221472
 10
293.774191
 20
3.22169
  0
LWPOLYLINE
  5
9A6
330
17
100
AcDbEntity
  8
VISTA
100
AcDbPolyline
 90
4
 70
1
 10
293.895809
 20
3.22169
 10
293.895295
 20
3.221472
 10
293.896028
 20
3.221472
 10
293.895809
 20
3.22169
  0
LWPOLYLINE
  5
9A7
330
17
100
AcDbEntity
  8
VISTA
100
AcDbPolyline
 90
4
 70
1
 10
293.896028
 20
5.758528
 10
293.895295
 20
5.758528
 10
293.895809
 20
5.758309
 10
293.896028
 20
5.758528
  0
LWPOLYLINE
  5
9A8
330
17
100
AcDbEntity
  8
VISTA
100
AcDbPolyline
 90
12
 70
1
 10
293.9235
 20
5.76
 10
294.040501
 20
5.76
 10
294.04332899999997
 20
5.758828
 10
294.04449999999997
 20
5.756
 10
294.04449999999997
 20
3.224
 10
294.04332899999997
 20
3.221171
 10
294.040501
 20
3.22
 10
293.9235
 20
3.22
 10
293.920671
 20
3.221171
 10
293.91949999999997
 20
3.224
 10
293.920238
 20
5.758316
 10
293.9235
 20
5.76
  0
LWPOLYLINE
  5
9A9
330
17
100
AcDbEntity
  8
VISTA
100
AcDbPolyline
 90
4
 70
1
 10
293.921191
 20
5.758309
 10
293.921705
 20
5.758528
 10
293.920973
 20
5.758528
 10
293.921191
 20
5.758309
  0
LWPOLYLINE
  5
9AA
330
17
100
AcDbEntity
  8
VISTA
100
AcDbPolyline
 90
4
 70
1
 10
293.921191
 20
3.22169
 10
293.920973
 20
3.222205
 10
293.920973
 20
3.221472
 10
293.921191
 20
3.22169
  0
LWPOLYLINE
  5
9AB
330
17
100
AcDbEntity
  8
VISTA
100
AcDbPolyline
 90
4
 70
1
 10
294.042809
 20
3.22169
 10
294.042295
 20
3.221472
 10
294.043028
 20
3.221472
 10
294.042809
 20
3.22169
  0
LWPOLYLINE
  5
9AC
330
17
100
AcDbEntity
  8
VISTA
100
AcDbPolyline
 90
4
 70
1
 10
294.043028
 20
5.758528
 10
294.042295
 20
5.758528
 10
294.042809
 20
5.758309
 10
294.043028
 20
5.758528
  0
LWPOLYLINE
  5
9AD
330
17
100
AcDbEntity
  8
VISTA
100
AcDbPolyline
 90
5
 70
1
 10
293.026
 20
4.257
 10
293.025001
 20
3.33
 10
293.014001
 20
3.331
 10
293.014294
 20
4.257707
 10
293.026
 20
4.257
  0
LWPOLYLINE
  5
9AE
330
17
100
AcDbEntity
  8
VISTA
100
AcDbPolyline
 90
5
 70
1
 10
293.889999
 20
5.79
 10
293.92
 20
5.79
 10
293.92
 20
3.29
 10
293.889999
 20
3.29
 10
293.889999
 20
5.79
  0
LWPOLYLINE
  5
9AF
330
17
100
AcDbEntity
  8
VISTA
100
AcDbPolyline
 90
5
 70
1
 10
293.026
 20
4.257
 10
293.025001
 20
3.33
 10
293.014001
 20
3.331
 10
293.014294
 20
4.257707
 10
293.026
 20
4.257
  0
LWPOLYLINE
  5
9B0
330
17
100
AcDbEntity
  8
VISTA
100
AcDbPolyline
 90
5
 70
1
 10
293.026
 20
4.257
 10
293.025001
 20
3.33
 10
293.014001
 20
3.331
 10
293.014294
 20
4.257707
 10
293.026
 20
4.257
  0
LWPOLYLINE
  5
9B1
330
17
100
AcDbEntity
  8
VISTA
100
AcDbPolyline
 90
9
 70
1
 10
294.0
 20
2.9955
 10
294.004499
 20
3.0
 10
294.2955
 20
3.0
 10
294.299999
 20
2.9955
 10
294.299999
 20
0.0045
 10
294.2955
 20
0.0
 10
294.004499
 20
0.0
 10
294.0
 20
0.0045
 10
294.0
 20
2.9955
  0
LWPOLYLINE
  5
9B2
330
17
100
AcDbEntity
  8
VISTA
100
AcDbPolyline
 90
9
 70
1
 10
294.0
 20
2.9955
 10
294.004499
 20
3.0
 10
301.995501
 20
3.0
 10
302.0
 20
2.9955
 10
302.0
 20
2.6445
 10
301.995501
 20
2.64
 10
294.004499
 20
2.64
 10
294.0
 20
2.6445
 10
294.0
 20
2.9955
  0
LWPOLYLINE
  5
9B3
330
17
100
AcDbEntity
  8
VISTA
100
AcDbPolyline
 90
9
 70
1
 10
294.212
 20
6.388
 10
301.788
 20
6.388
 10
301.790001
 20
6.386
 10
301.790001
 20
6.335
 10
301.788
 20
6.333
 10
294.212
 20
6.333
 10
294.21
 20
6.335
 10
294.21
 20
6.386
 10
294.212
 20
6.388
  0
LWPOLYLINE
  5
9B4
330
17
100
AcDbEntity
  8
VISTA
100
AcDbPolyline
 90
5
 70
1
 10
293.026
 20
4.257
 10
293.025001
 20
3.33
 10
293.014001
 20
3.331
 10
293.014294
 20
4.257707
 10
293.026
 20
4.257
  0
LWPOLYLINE
  5
9B5
330
17
100
AcDbEntity
  8
VISTA
100
AcDbPolyline
 90
8
 70
1
 10
301.10450000000003
 20
4.565
 10
301.1075
 20
4.562
 10
301.1075
 20
4.298
 10
301.10450000000003
 20
4.295
 10
301.085499
 20
4.295
 10
301.082499
 20
4.298
 10
301.083378
 20
4.564121
 10
301.10450000000003
 20
4.565
  0
LWPOLYLINE
  5
9B6
330
17
100
AcDbEntity
  8
VISTA
100
AcDbPolyline
 90
8
 70
1
 10
297.2045
 20
4.565
 10
297.2075
 20
4.562
 10
297.2075
 20
4.298
 10
297.2045
 20
4.295
 10
297.185499
 20
4.295
 10
297.182499
 20
4.298
 10
297.183378
 20
4.564121
 10
297.2045
 20
4.565
  0
LWPOLYLINE
  5
9B7
330
17
100
AcDbEntity
  8
VISTA
100
AcDbPolyline
 90
9
 70
1
 10
294.0
 20
6.3955
 10
294.004499
 20
6.4
 10
294.6355
 20
6.4
 10
294.639999
 20
6.3955
 10
294.639999
 20
3.2045
 10
294.6355
 20
3.2
 10
294.004499
 20
3.2
 10
294.0
 20
3.2045
 10
294.0
 20
6.3955
  0
LWPOLYLINE
  5
9B8
330
17
100
AcDbEntity
  8
VISTA
100
AcDbPolyline
 90
9
 70
1
 10
297.440001
 20
6.3955
 10
297.4445
 20
6.4
 10
297.795502
 20
6.4
 10
297.800001
 20
6.3955
 10
297.800001
 20
3.2045
 10
297.795502
 20
3.2
 10
297.4445
 20
3.2
 10
297.440001
 20
3.2045
 10
297.440001
 20
6.3955
  0
LWPOLYLINE
  5
9B9
330
17
100
AcDbEntity
  8
VISTA
100
AcDbPolyline
 90
9
 70
1
 10
301.400002
 20
6.3955
 10
301.404501
 20
6.4
 10
301.995501
 20
6.4
 10
302.0
 20
6.3955
 10
302.0
 20
3.2045
 10
301.995501
 20
3.2
 10
301.404501
 20
3.2
 10
301.400002
 20
3.2045
 10
301.400002
 20
6.3955
  0
LWPOLYLINE
  5
9BA
330
17
100
AcDbEntity
  8
VISTA
100
AcDbPolyline
 90
9
 70
1
 10
294.0
 20
6.3955
 10
294.004499
 20
6.4
 10
301.995501
 20
6.4
 10
302.0
 20
6.3955
 10
302.0
 20
5.7645
 10
301.995501
 20
5.76
 10
294.004499
 20
5.76
 10
294.0
 20
5.7645
 10
294.0
 20
6.3955
  0
LWPOLYLINE
  5
9BB
330
17
100
AcDbEntity
  8
VISTA
100
AcDbPolyline
 90
9
 70
1
 10
294.0
 20
3.245
 10
294.005
 20
3.25
 10
301.994999
 20
3.25
 10
302.0
 20
3.245
 10
302.0
 20
3.205
 10
301.994999
 20
3.2
 10
294.005
 20
3.2
 10
294.0
 20
3.205
 10
294.0
 20
3.245
  0
LWPOLYLINE
  5
9BC
330
17
100
AcDbEntity
  8
VISTA
100
AcDbPolyline
 90
9
 70
1
 10
300.5
 20
2.5955
 10
300.504499
 20
2.6
 10
300.765501
 20
2.6
 10
300.77
 20
2.5955
 10
300.77
 20
0.0045
 10
300.765501
 20
0.0
 10
300.504499
 20
0.0
 10
300.5
 20
0.0045
 10
300.5
 20
2.5955
  0
LWPOLYLINE
  5
9BD
330
17
100
AcDbEntity
  8
VISTA
100
AcDbPolyline
 90
9
 70
1
 10
301.669998
 20
2.5955
 10
301.6745
 20
2.6
 10
301.995499
 20
2.6
 10
302.0
 20
2.5955
 10
302.0
 20
0.0045
 10
301.995499
 20
0.0
 10
301.6745
 20
0.0
 10
301.669998
 20
0.0045
 10
301.669998
 20
2.5955
  0
LWPOLYLINE
  5
9BE
330
17
100
AcDbEntity
  8
VISTA
100
AcDbPolyline
 90
9
 70
1
 10
300.769999
 20
2.5955
 10
300.7745
 20
2.6
 10
301.665499
 20
2.6
 10
301.67
 20
2.5955
 10
301.67
 20
2.4345
 10
301.665499
 20
2.43
 10
300.7745
 20
2.43
 10
300.769999
 20
2.4345
 10
300.769999
 20
2.5955
  0
LWPOLYLINE
  5
9BF
330
17
100
AcDbEntity
  8
VISTA
100
AcDbPolyline
 90
8
 70
1
 10
301.808001
 20
6.318334
 10
301.809999
 20
6.316333
 10
301.809999
 20
6.100334
 10
301.808001
 20
6.098333
 10
294.192
 20
6.098333
 10
294.190001
 20
6.100334
 10
294.190586
 20
6.317748
 10
301.808001
 20
6.318334
  0
LWPOLYLINE
  5
9C0
330
17
100
AcDbEntity
  8
VISTA
100
AcDbPolyline
 90
5
 70
1
 10
294.039999
 20
3.189
 10
301.559999
 20
3.189
 10
301.559999
 20
3.171
 10
294.039999
 20
3.171
 10
294.039999
 20
3.189
  0
LWPOLYLINE
  5
9C1
330
17
100
AcDbEntity
  8
VISTA
100
AcDbPolyline
 90
8
 70
1
 10
300.764999
 20
2.4283
 10
300.766701
 20
2.43
 10
300.803299
 20
2.43
 10
300.805
 20
2.4283
 10
300.805
 20
0.2117
 10
300.803299
 20
0.21
 10
300.765848
 20
0.2105
 10
300.764999
 20
2.4283
  0
LWPOLYLINE
  5
9C2
330
17
100
AcDbEntity
  8
VISTA
100
AcDbPolyline
 90
8
 70
1
 10
301.635
 20
2.4283
 10
301.636702
 20
2.43
 10
301.6733
 20
2.43
 10
301.675001
 20
2.4283
 10
301.675001
 20
0.2117
 10
301.6733
 20
0.21
 10
301.635849
 20
0.2105
 10
301.635
 20
2.4283
  0
LWPOLYLINE
  5
9C3
330
17
100
AcDbEntity
  8
VISTA
100
AcDbPolyline
 90
8
 70
1
 10
300.764999
 20
2.4433
 10
300.766699
 20
2.445
 10
301.6733
 20
2.445
 10
301.674999
 20
2.4433
 10
301.674999
 20
2.4067
 10
301.6733
 20
2.405
 10
300.765848
 20
2.4055
 10
300.764999
 20
2.4433
  0
LWPOLYLINE
  5
9C4
330
17
100
AcDbEntity
  8
VISTA
100
AcDbPolyline
 90
8
 70
1
 10
301.193001
 20
5.7825
 10
301.195
 20
5.7805
 10
301.195
 20
5.7395
 10
301.193001
 20
5.7375
 10
299.521999
 20
5.7375
 10
299.52
 20
5.7395
 10
299.520586
 20
5.781914
 10
301.193001
 20
5.7825
  0
LWPOLYLINE
  5
9C5
330
17
100
AcDbEntity
  8
VISTA
100
AcDbPolyline
 90
8
 70
1
 10
301.193001
 20
3.2425
 10
301.195
 20
3.2405
 10
301.195
 20
3.1995
 10
301.193001
 20
3.1975
 10
299.521999
 20
3.1975
 10
299.52
 20
3.1995
 10
299.520586
 20
3.241914
 10
301.193001
 20
3.2425
  0
LWPOLYLINE
  5
9C6
330
17
100
AcDbEntity
  8
VISTA
100
AcDbPolyline
 90
8
 70
1
 10
299.538
 20
5.76
 10
299.540001
 20
5.758
 10
299.540001
 20
3.222
 10
299.538
 20
3.22
 10
299.502001
 20
3.22
 10
299.5
 20
3.222
 10
299.500586
 20
5.759414
 10
299.538
 20
5.76
  0
LWPOLYLINE
  5
9C7
330
17
100
AcDbEntity
  8
VISTA
100
AcDbPolyline
 90
8
 70
1
 10
301.212999
 20
5.76
 10
301.215
 20
5.758
 10
301.215
 20
3.222
 10
301.212999
 20
3.22
 10
301.177
 20
3.22
 10
301.174999
 20
3.222
 10
301.175585
 20
5.759414
 10
301.212999
 20
5.76
  0
LWPOLYLINE
  5
9C8
330
17
100
AcDbEntity
  8
VISTA
100
AcDbPolyline
 90
8
 70
1
 10
297.293001
 20
5.7825
 10
297.295002
 20
5.7805
 10
297.295002
 20
5.7395
 10
297.293001
 20
5.7375
 10
296.022001
 20
5.7375
 10
296.02
 20
5.7395
 10
296.020588
 20
5.781914
 10
297.293001
 20
5.7825
  0
LWPOLYLINE
  5
9C9
330
17
100
AcDbEntity
  8
VISTA
100
AcDbPolyline
 90
8
 70
1
 10
297.293001
 20
3.2425
 10
297.295002
 20
3.2405
 10
297.295002
 20
3.1995
 10
297.293001
 20
3.1975
 10
296.022001
 20
3.1975
 10
296.02
 20
3.1995
 10
296.020588
 20
3.241914
 10
297.293001
 20
3.2425
  0
LWPOLYLINE
  5
9CA
330
17
100
AcDbEntity
  8
VISTA
100
AcDbPolyline
 90
8
 70
1
 10
296.038
 20
5.76
 10
296.040001
 20
5.758
 10
296.040001
 20
3.222
 10
296.038
 20
3.22
 10
296.002001
 20
3.22
 10
296.0
 20
3.222
 10
296.000586
 20
5.759414
 10
296.038
 20
5.76
  0
LWPOLYLINE
  5
9CB
330
17
100
AcDbEntity
  8
VISTA
100
AcDbPolyline
 90
8
 70
1
 10
297.313002
 20
5.76
 10
297.315002
 20
5.758
 10
297.315002
 20
3.222
 10
297.313002
 20
3.22
 10
297.277002
 20
3.22
 10
297.275002
 20
3.222
 10
297.275587
 20
5.759414
 10
297.313002
 20
5.76
  0
LWPOLYLINE
  5
9CC
330
17
100
AcDbEntity
  8
VISTA
100
AcDbPolyline
 90
5
 70
1
 10
292.992001
 20
3.283
 10
292.992001
 20
3.265
 10
292.98199999999997
 20
3.265
 10
292.982245
 20
3.283
 10
292.992001
 20
3.283
  0
LWPOLYLINE
  5
9CD
330
17
100
AcDbEntity
  8
VISTA
100
AcDbPolyline
 90
5
 70
1
 10
293.058001
 20
3.283
 10
293.058001
 20
3.265
 10
293.048
 20
3.265
 10
293.048245
 20
3.283
 10
293.058001
 20
3.283
  0
LWPOLYLINE
  5
9CE
330
17
100
AcDbEntity
  8
VISTA
100
AcDbPolyline
 90
5
 70
1
 10
299.52
 20
5.76
 10
301.195
 20
5.76
 10
301.195
 20
3.22
 10
299.52
 20
3.22
 10
299.52
 20
5.76
  0
LWPOLYLINE
  5
9CF
330
17
100
AcDbEntity
  8
VISTA
100
AcDbPolyline
 90
5
 70
1
 10
296.02
 20
5.76
 10
297.295002
 20
5.76
 10
297.295002
 20
3.22
 10
296.02
 20
3.22
 10
296.02
 20
5.76
  0
LWPOLYLINE
  5
9D0
330
17
100
AcDbEntity
  8
VISTA
100
AcDbPolyline
 90
5
 70
1
 10
294.630001
 20
3.248
 10
297.450001
 20
3.248
 10
297.450001
 20
3.222
 10
294.630001
 20
3.222
 10
294.630001
 20
3.248
  0
LWPOLYLINE
  5
9D1
330
17
100
AcDbEntity
  8
VISTA
100
AcDbPolyline
 90
5
 70
1
 10
297.800001
 20
3.248
 10
301.4
 20
3.248
 10
301.4
 20
3.222
 10
297.800001
 20
3.222
 10
297.800001
 20
3.248
  0
LWPOLYLINE
  5
9D2
330
17
100
AcDbEntity
  8
VISTA
100
AcDbPolyline
 90
12
 70
1
 10
297.767
 20
5.801
 10
301.273001
 20
5.801
 10
301.275829
 20
5.799829
 10
301.277
 20
5.797
 10
301.277
 20
5.723
 10
301.275829
 20
5.720172
 10
301.273001
 20
5.719
 10
297.767
 20
5.719
 10
297.764172
 20
5.720172
 10
297.763
 20
5.723
 10
297.763739
 20
5.799316
 10
297.767
 20
5.801
  0
LWPOLYLINE
  5
9D3
330
17
100
AcDbEntity
  8
VISTA
100
AcDbPolyline
 90
4
 70
1
 10
297.76469
 20
5.79931
 10
297.765205
 20
5.799528
 10
297.764473
 20
5.799528
 10
297.76469
 20
5.79931
  0
LWPOLYLINE
  5
9D4
330
17
100
AcDbEntity
  8
VISTA
100
AcDbPolyline
 90
4
 70
1
 10
297.76469
 20
5.720691
 10
297.764473
 20
5.721206
 10
297.764473
 20
5.720472
 10
297.76469
 20
5.720691
  0
LWPOLYLINE
  5
9D5
330
17
100
AcDbEntity
  8
VISTA
100
AcDbPolyline
 90
4
 70
1
 10
301.275311
 20
5.720691
 10
301.274796
 20
5.720472
 10
301.275528
 20
5.720472
 10
301.275311
 20
5.720691
  0
LWPOLYLINE
  5
9D6
330
17
100
AcDbEntity
  8
VISTA
100
AcDbPolyline
 90
4
 70
1
 10
301.275528
 20
5.799528
 10
301.274796
 20
5.799528
 10
301.275311
 20
5.79931
 10
301.275528
 20
5.799528
  0
LWPOLYLINE
  5
9D7
330
17
100
AcDbEntity
  8
VISTA
100
AcDbPolyline
 90
12
 70
1
 10
297.767
 20
3.261
 10
301.273001
 20
3.261
 10
301.275829
 20
3.259829
 10
301.277
 20
3.257
 10
301.277
 20
3.183
 10
301.275829
 20
3.180171
 10
301.273001
 20
3.179
 10
297.767
 20
3.179
 10
297.764172
 20
3.180171
 10
297.763
 20
3.183
 10
297.763739
 20
3.259316
 10
297.767
 20
3.261
  0
LWPOLYLINE
  5
9D8
330
17
100
AcDbEntity
  8
VISTA
100
AcDbPolyline
 90
4
 70
1
 10
297.76469
 20
3.25931
 10
297.765205
 20
3.259528
 10
297.764473
 20
3.259528
 10
297.76469
 20
3.25931
  0
LWPOLYLINE
  5
9D9
330
17
100
AcDbEntity
  8
VISTA
100
AcDbPolyline
 90
4
 70
1
 10
297.76469
 20
3.180691
 10
297.764473
 20
3.181205
 10
297.764473
 20
3.180472
 10
297.76469
 20
3.180691
  0
LWPOLYLINE
  5
9DA
330
17
100
AcDbEntity
  8
VISTA
100
AcDbPolyline
 90
4
 70
1
 10
301.275311
 20
3.180691
 10
301.274796
 20
3.180472
 10
301.275528
 20
3.180472
 10
301.275311
 20
3.180691
  0
LWPOLYLINE
  5
9DB
330
17
100
AcDbEntity
  8
VISTA
100
AcDbPolyline
 90
4
 70
1
 10
301.275528
 20
3.259528
 10
301.274796
 20
3.259528
 10
301.275311
 20
3.25931
 10
301.275528
 20
3.259528
  0
LWPOLYLINE
  5
9DC
330
17
100
AcDbEntity
  8
VISTA
100
AcDbPolyline
 90
12
 70
1
 10
297.807999
 20
5.76
 10
297.882
 20
5.76
 10
297.884829
 20
5.758828
 10
297.886
 20
5.756
 10
297.886
 20
3.224
 10
297.884829
 20
3.221171
 10
297.882
 20
3.22
 10
297.807999
 20
3.22
 10
297.80517
 20
3.221171
 10
297.803999
 20
3.224
 10
297.804737
 20
5.758316
 10
297.807999
 20
5.76
  0
LWPOLYLINE
  5
9DD
330
17
100
AcDbEntity
  8
VISTA
100
AcDbPolyline
 90
4
 70
1
 10
297.805691
 20
5.758309
 10
297.806204
 20
5.758528
 10
297.805471
 20
5.758528
 10
297.805691
 20
5.758309
  0
LWPOLYLINE
  5
9DE
330
17
100
AcDbEntity
  8
VISTA
100
AcDbPolyline
 90
4
 70
1
 10
297.805691
 20
3.22169
 10
297.805471
 20
3.222205
 10
297.805471
 20
3.221472
 10
297.805691
 20
3.22169
  0
LWPOLYLINE
  5
9DF
330
17
100
AcDbEntity
  8
VISTA
100
AcDbPolyline
 90
4
 70
1
 10
297.884308
 20
3.22169
 10
297.883795
 20
3.221472
 10
297.884527
 20
3.221472
 10
297.884308
 20
3.22169
  0
LWPOLYLINE
  5
9E0
330
17
100
AcDbEntity
  8
VISTA
100
AcDbPolyline
 90
4
 70
1
 10
297.884527
 20
5.758528
 10
297.883795
 20
5.758528
 10
297.884308
 20
5.758309
 10
297.884527
 20
5.758528
  0
LWPOLYLINE
  5
9E1
330
17
100
AcDbEntity
  8
VISTA
100
AcDbPolyline
 90
12
 70
1
 10
301.157999
 20
5.76
 10
301.23199999999997
 20
5.76
 10
301.234829
 20
5.758828
 10
301.236
 20
5.756
 10
301.236
 20
3.224
 10
301.234829
 20
3.221171
 10
301.23199999999997
 20
3.22
 10
301.157999
 20
3.22
 10
301.15517
 20
3.221171
 10
301.153999
 20
3.224
 10
301.154737
 20
5.758316
 10
301.157999
 20
5.76
  0
LWPOLYLINE
  5
9E2
330
17
100
AcDbEntity
  8
VISTA
100
AcDbPolyline
 90
4
 70
1
 10
301.155691
 20
5.758309
 10
301.156204
 20
5.758528
 10
301.155472
 20
5.758528
 10
301.155691
 20
5.758309
  0
LWPOLYLINE
  5
9E3
330
17
100
AcDbEntity
  8
VISTA
100
AcDbPolyline
 90
4
 70
1
 10
301.155691
 20
3.22169
 10
301.155472
 20
3.222205
 10
301.155472
 20
3.221472
 10
301.155691
 20
3.22169
  0
LWPOLYLINE
  5
9E4
330
17
100
AcDbEntity
  8
VISTA
100
AcDbPolyline
 90
4
 70
1
 10
301.234308
 20
3.22169
 10
301.233795
 20
3.221472
 10
301.234528
 20
3.221472
 10
301.234308
 20
3.22169
  0
LWPOLYLINE
  5
9E5
330
17
100
AcDbEntity
  8
VISTA
100
AcDbPolyline
 90
4
 70
1
 10
301.234528
 20
5.758528
 10
301.233795
 20
5.758528
 10
301.234308
 20
5.758309
 10
301.234528
 20
5.758528
  0
LWPOLYLINE
  5
9E6
330
17
100
AcDbEntity
  8
VISTA
100
AcDbPolyline
 90
8
 70
1
 10
293.002501
 20
4.2983
 10
293.0042
 20
4.3
 10
293.035801
 20
4.3
 10
293.0375
 20
4.2983
 10
293.0375
 20
3.2517
 10
293.035801
 20
3.25
 10
293.003348
 20
3.2505
 10
293.002501
 20
4.2983
  0
LWPOLYLINE
  5
9E7
330
17
100
AcDbEntity
  8
VISTA
100
AcDbPolyline
 90
5
 70
1
 10
293.026
 20
4.257
 10
293.025001
 20
3.33
 10
293.014001
 20
3.331
 10
293.014294
 20
4.257707
 10
293.026
 20
4.257
  0
LWPOLYLINE
  5
9E8
330
17
100
AcDbEntity
  8
VISTA
100
AcDbPolyline
 90
8
 70
1
 10
293.0705
 20
3.266
 10
293.0725
 20
3.264
 10
293.0725
 20
3.256
 10
293.0705
 20
3.254
 10
292.969501
 20
3.254
 10
292.967501
 20
3.256
 10
292.96808599999997
 20
3.265414
 10
293.0705
 20
3.266
  0
LWPOLYLINE
  5
9E9
330
17
100
AcDbEntity
  8
VISTA
100
AcDbPolyline
 90
12
 70
1
 10
294.667001
 20
5.801
 10
297.373001
 20
5.801
 10
297.37583
 20
5.799829
 10
297.377001
 20
5.797
 10
297.377001
 20
5.723
 10
297.37583
 20
5.720172
 10
297.373001
 20
5.719
 10
294.667001
 20
5.719
 10
294.664172
 20
5.720172
 10
294.663
 20
5.723
 10
294.663739
 20
5.799316
 10
294.667001
 20
5.801
  0
LWPOLYLINE
  5
9EA
330
17
100
AcDbEntity
  8
VISTA
100
AcDbPolyline
 90
4
 70
1
 10
294.664691
 20
5.79931
 10
294.665206
 20
5.799528
 10
294.664473
 20
5.799528
 10
294.664691
 20
5.79931
  0
LWPOLYLINE
  5
9EB
330
17
100
AcDbEntity
  8
VISTA
100
AcDbPolyline
 90
4
 70
1
 10
294.664691
 20
5.720691
 10
294.664473
 20
5.721206
 10
294.664473
 20
5.720472
 10
294.664691
 20
5.720691
  0
LWPOLYLINE
  5
9EC
330
17
100
AcDbEntity
  8
VISTA
100
AcDbPolyline
 90
4
 70
1
 10
297.375309
 20
5.720691
 10
297.374796
 20
5.720472
 10
297.375528
 20
5.720472
 10
297.375309
 20
5.720691
  0
LWPOLYLINE
  5
9ED
330
17
100
AcDbEntity
  8
VISTA
100
AcDbPolyline
 90
4
 70
1
 10
297.375528
 20
5.799528
 10
297.374796
 20
5.799528
 10
297.375309
 20
5.79931
 10
297.375528
 20
5.799528
  0
LWPOLYLINE
  5
9EE
330
17
100
AcDbEntity
  8
VISTA
100
AcDbPolyline
 90
12
 70
1
 10
294.667001
 20
3.261
 10
297.373001
 20
3.261
 10
297.37583
 20
3.259829
 10
297.377001
 20
3.257
 10
297.377001
 20
3.183
 10
297.37583
 20
3.180171
 10
297.373001
 20
3.179
 10
294.667001
 20
3.179
 10
294.664172
 20
3.180171
 10
294.663
 20
3.183
 10
294.663739
 20
3.259316
 10
294.667001
 20
3.261
  0
LWPOLYLINE
  5
9EF
330
17
100
AcDbEntity
  8
VISTA
100
AcDbPolyline
 90
4
 70
1
 10
294.664691
 20
3.25931
 10
294.665206
 20
3.259528
 10
294.664473
 20
3.259528
 10
294.664691
 20
3.25931
  0
LWPOLYLINE
  5
9F0
330
17
100
AcDbEntity
  8
VISTA
100
AcDbPolyline
 90
4
 70
1
 10
294.664691
 20
3.180691
 10
294.664473
 20
3.181205
 10
294.664473
 20
3.180472
 10
294.664691
 20
3.180691
  0
LWPOLYLINE
  5
9F1
330
17
100
AcDbEntity
  8
VISTA
100
AcDbPolyline
 90
4
 70
1
 10
297.375309
 20
3.180691
 10
297.374796
 20
3.180472
 10
297.375528
 20
3.180472
 10
297.375309
 20
3.180691
  0
LWPOLYLINE
  5
9F2
330
17
100
AcDbEntity
  8
VISTA
100
AcDbPolyline
 90
4
 70
1
 10
297.375528
 20
3.259528
 10
297.374796
 20
3.259528
 10
297.375309
 20
3.25931
 10
297.375528
 20
3.259528
  0
LWPOLYLINE
  5
9F3
330
17
100
AcDbEntity
  8
VISTA
100
AcDbPolyline
 90
12
 70
1
 10
294.708
 20
5.76
 10
294.782
 20
5.76
 10
294.784828
 20
5.758828
 10
294.786
 20
5.756
 10
294.786
 20
3.224
 10
294.784828
 20
3.221171
 10
294.782
 20
3.22
 10
294.708
 20
3.22
 10
294.705172
 20
3.221171
 10
294.704
 20
3.224
 10
294.704739
 20
5.758316
 10
294.708
 20
5.76
  0
LWPOLYLINE
  5
9F4
330
17
100
AcDbEntity
  8
VISTA
100
AcDbPolyline
 90
4
 70
1
 10
294.70569
 20
5.758309
 10
294.706205
 20
5.758528
 10
294.705472
 20
5.758528
 10
294.70569
 20
5.758309
  0
LWPOLYLINE
  5
9F5
330
17
100
AcDbEntity
  8
VISTA
100
AcDbPolyline
 90
4
 70
1
 10
294.70569
 20
3.22169
 10
294.705472
 20
3.222205
 10
294.705472
 20
3.221472
 10
294.70569
 20
3.22169
  0
LWPOLYLINE
  5
9F6
330
17
100
AcDbEntity
  8
VISTA
100
AcDbPolyline
 90
4
 70
1
 10
294.784309
 20
3.22169
 10
294.783794
 20
3.221472
 10
294.784528
 20
3.221472
 10
294.784309
 20
3.22169
  0
LWPOLYLINE
  5
9F7
330
17
100
AcDbEntity
  8
VISTA
100
AcDbPolyline
 90
4
 70
1
 10
294.784528
 20
5.758528
 10
294.783794
 20
5.758528
 10
294.784309
 20
5.758309
 10
294.784528
 20
5.758528
  0
LWPOLYLINE
  5
9F8
330
17
100
AcDbEntity
  8
VISTA
100
AcDbPolyline
 90
12
 70
1
 10
297.257999
 20
5.76
 10
297.332001
 20
5.76
 10
297.334829
 20
5.758828
 10
297.336
 20
5.756
 10
297.336
 20
3.224
 10
297.334829
 20
3.221171
 10
297.332001
 20
3.22
 10
297.257999
 20
3.22
 10
297.255171
 20
3.221171
 10
297.254
 20
3.224
 10
297.254738
 20
5.758316
 10
297.257999
 20
5.76
  0
LWPOLYLINE
  5
9F9
330
17
100
AcDbEntity
  8
VISTA
100
AcDbPolyline
 90
4
 70
1
 10
297.255692
 20
5.758309
 10
297.256205
 20
5.758528
 10
297.255472
 20
5.758528
 10
297.255692
 20
5.758309
  0
LWPOLYLINE
  5
9FA
330
17
100
AcDbEntity
  8
VISTA
100
AcDbPolyline
 90
4
 70
1
 10
297.255692
 20
3.22169
 10
297.255472
 20
3.222205
 10
297.255472
 20
3.221472
 10
297.255692
 20
3.22169
  0
LWPOLYLINE
  5
9FB
330
17
100
AcDbEntity
  8
VISTA
100
AcDbPolyline
 90
4
 70
1
 10
297.334309
 20
3.22169
 10
297.333796
 20
3.221472
 10
297.334528
 20
3.221472
 10
297.334309
 20
3.22169
  0
LWPOLYLINE
  5
9FC
330
17
100
AcDbEntity
  8
VISTA
100
AcDbPolyline
 90
4
 70
1
 10
297.334528
 20
5.758528
 10
297.333796
 20
5.758528
 10
297.334309
 20
5.758309
 10
297.334528
 20
5.758528
  0
LWPOLYLINE
  5
9FD
330
17
100
AcDbEntity
  8
VISTA
100
AcDbPolyline
 90
5
 70
1
 10
299.522512
 20
5.75619
 10
301.192488
 20
5.75619
 10
301.192488
 20
3.22381
 10
299.522512
 20
3.22381
 10
299.522512
 20
5.75619
  0
LWPOLYLINE
  5
9FE
330
17
100
AcDbEntity
  8
VISTA
100
AcDbPolyline
 90
5
 70
1
 10
296.021914
 20
5.75619
 10
297.293089
 20
5.75619
 10
297.293089
 20
3.22381
 10
296.021914
 20
3.22381
 10
296.021914
 20
5.75619
  0
LWPOLYLINE
  5
9FF
330
17
100
AcDbEntity
  8
VISTA
100
AcDbPolyline
 90
5
 70
1
 10
292.992001
 20
3.283
 10
292.992001
 20
3.265
 10
292.98199999999997
 20
3.265
 10
292.982245
 20
3.283
 10
292.992001
 20
3.283
  0
LWPOLYLINE
  5
A00
330
17
100
AcDbEntity
  8
VISTA
100
AcDbPolyline
 90
5
 70
1
 10
293.058001
 20
3.283
 10
293.058001
 20
3.265
 10
293.048
 20
3.265
 10
293.048245
 20
3.283
 10
293.058001
 20
3.283
  0
LWPOLYLINE
  5
A01
330
17
100
AcDbEntity
  8
VISTA
100
AcDbPolyline
 90
5
 70
1
 10
299.52
 20
5.76
 10
301.195
 20
5.76
 10
301.195
 20
3.22
 10
299.52
 20
3.22
 10
299.52
 20
5.76
  0
LWPOLYLINE
  5
A02
330
17
100
AcDbEntity
  8
VISTA
100
AcDbPolyline
 90
5
 70
1
 10
296.02
 20
5.76
 10
297.295002
 20
5.76
 10
297.295002
 20
3.22
 10
296.02
 20
3.22
 10
296.02
 20
5.76
  0
LWPOLYLINE
  5
A03
330
17
100
AcDbEntity
  8
VISTA
100
AcDbPolyline
 90
5
 70
1
 10
299.522512
 20
5.75619
 10
301.192488
 20
5.75619
 10
301.192488
 20
3.22381
 10
299.522512
 20
3.22381
 10
299.522512
 20
5.75619
  0
LWPOLYLINE
  5
A04
330
17
100
AcDbEntity
  8
VISTA
100
AcDbPolyline
 90
12
 70
1
 10
300.743999
 20
0.21
 10
301.69599900000003
 20
0.21
 10
301.698828
 20
0.208828
 10
301.699999
 20
0.206
 10
301.699999
 20
0.094
 10
301.698828
 20
0.091172
 10
301.69599900000003
 20
0.09
 10
300.743999
 20
0.09
 10
300.741171
 20
0.091172
 10
300.74
 20
0.094
 10
300.740738
 20
0.208316
 10
300.743999
 20
0.21
  0
LWPOLYLINE
  5
A05
330
17
100
AcDbEntity
  8
VISTA
100
AcDbPolyline
 90
4
 70
1
 10
300.74169
 20
0.208309
 10
300.742205
 20
0.208528
 10
300.741472
 20
0.208528
 10
300.74169
 20
0.208309
  0
LWPOLYLINE
  5
A06
330
17
100
AcDbEntity
  8
VISTA
100
AcDbPolyline
 90
4
 70
1
 10
300.74169
 20
0.091691
 10
300.741472
 20
0.092205
 10
300.741472
 20
0.091472
 10
300.74169
 20
0.091691
  0
LWPOLYLINE
  5
A07
330
17
100
AcDbEntity
  8
VISTA
100
AcDbPolyline
 90
4
 70
1
 10
301.698309
 20
0.091691
 10
301.697794
 20
0.091472
 10
301.698526
 20
0.091472
 10
301.698309
 20
0.091691
  0
LWPOLYLINE
  5
A08
330
17
100
AcDbEntity
  8
VISTA
100
AcDbPolyline
 90
4
 70
1
 10
301.698526
 20
0.208528
 10
301.697794
 20
0.208528
 10
301.698309
 20
0.208309
 10
301.698526
 20
0.208528
  0
LWPOLYLINE
  5
A09
330
17
100
AcDbEntity
  8
VISTA
100
AcDbPolyline
 90
5
 70
1
 10
296.021914
 20
5.75619
 10
297.293089
 20
5.75619
 10
297.293089
 20
3.22381
 10
296.021914
 20
3.22381
 10
296.021914
 20
5.75619
  0
LWPOLYLINE
  5
A0A
330
17
100
AcDbEntity
  8
VISTA
100
AcDbPolyline
 90
7
 70
1
 10
293.675
 20
6.475525
 10
301.78000099999997
 20
6.435
 10
302.325001
 20
6.437725
 10
302.325001
 20
6.297725
 10
301.78000099999997
 20
6.295
 10
293.675
 20
6.335525
 10
293.675
 20
6.475525
  0
LWPOLYLINE
  5
A0B
330
17
100
AcDbEntity
  8
VISTA
100
AcDbPolyline
 90
5
 70
1
 10
294.011
 20
6.3299
 10
294.012
 20
6.3229
 10
293.989
 20
6.3219
 10
293.988293
 20
6.329607
 10
294.011
 20
6.3299
  0
LWPOLYLINE
  5
A0C
330
17
100
AcDbEntity
  8
VISTA
100
AcDbPolyline
 90
5
 70
1
 10
295.210999
 20
6.3239
 10
295.212
 20
6.3169
 10
295.189
 20
6.3159
 10
295.188293
 20
6.323607
 10
295.210999
 20
6.3239
  0
LWPOLYLINE
  5
A0D
330
17
100
AcDbEntity
  8
VISTA
100
AcDbPolyline
 90
5
 70
1
 10
296.410999
 20
6.3179
 10
296.411999
 20
6.3109
 10
296.389
 20
6.3099
 10
296.388292
 20
6.317607
 10
296.410999
 20
6.3179
  0
LWPOLYLINE
  5
A0E
330
17
100
AcDbEntity
  8
VISTA
100
AcDbPolyline
 90
5
 70
1
 10
297.611
 20
6.3119
 10
297.612
 20
6.3049
 10
297.589001
 20
6.3039
 10
297.588293
 20
6.311607
 10
297.611
 20
6.3119
  0
LWPOLYLINE
  5
A0F
330
17
100
AcDbEntity
  8
VISTA
100
AcDbPolyline
 90
5
 70
1
 10
298.810999
 20
6.3059
 10
298.811998
 20
6.2989
 10
298.789
 20
6.2979
 10
298.788292
 20
6.305607
 10
298.810999
 20
6.3059
  0
LWPOLYLINE
  5
A10
330
17
100
AcDbEntity
  8
VISTA
100
AcDbPolyline
 90
5
 70
1
 10
300.011
 20
6.2999
 10
300.011999
 20
6.2929
 10
299.989
 20
6.2919
 10
299.988293
 20
6.299607
 10
300.011
 20
6.2999
  0
LWPOLYLINE
  5
A11
330
17
100
AcDbEntity
  8
VISTA
100
AcDbPolyline
 90
5
 70
1
 10
301.211
 20
6.2939
 10
301.212
 20
6.2869
 10
301.189001
 20
6.2859
 10
301.188293
 20
6.293607
 10
301.211
 20
6.2939
  0
LWPOLYLINE
  5
A12
330
17
100
AcDbEntity
  8
VISTA
100
AcDbPolyline
 90
5
 70
1
 10
302.160999
 20
6.29285
 10
302.161999
 20
6.28585
 10
302.139
 20
6.28485
 10
302.138292
 20
6.292557
 10
302.160999
 20
6.29285
  0
LWPOLYLINE
  5
A13
330
17
100
AcDbEntity
  8
VISTA
100
AcDbPolyline
 90
5
 70
1
 10
293.026
 20
4.257
 10
293.025001
 20
3.33
 10
293.014001
 20
3.331
 10
293.014294
 20
4.257707
 10
293.026
 20
4.257
  0
LWPOLYLINE
  5
A14
330
17
100
AcDbEntity
  8
VISTA
100
AcDbPolyline
 90
5
 70
1
 10
301.790709
 20
0.560707
 10
301.790709
 20
0.539293
 10
301.769293
 20
0.539293
 10
301.769293
 20
0.560707
 10
301.790709
 20
0.560707
  0
LWPOLYLINE
  5
A15
330
17
100
AcDbEntity
  8
VISTA
100
AcDbPolyline
 90
5
 70
1
 10
301.790709
 20
1.810707
 10
301.790709
 20
1.789293
 10
301.769293
 20
1.789293
 10
301.769293
 20
1.810707
 10
301.790709
 20
1.810707
  0
LWPOLYLINE
  5
A16
330
17
100
AcDbEntity
  8
VISTA
100
AcDbPolyline
 90
5
 70
1
 10
301.790709
 20
3.410707
 10
301.790709
 20
3.389293
 10
301.769293
 20
3.389293
 10
301.769293
 20
3.410707
 10
301.790709
 20
3.410707
  0
LWPOLYLINE
  5
A17
330
17
100
AcDbEntity
  8
VISTA
100
AcDbPolyline
 90
5
 70
1
 10
301.790709
 20
4.610707
 10
301.790709
 20
4.589293
 10
301.769293
 20
4.589293
 10
301.769293
 20
4.610707
 10
301.790709
 20
4.610707
  0
LWPOLYLINE
  5
A18
330
17
100
AcDbEntity
  8
VISTA
100
AcDbPolyline
 90
5
 70
1
 10
301.790709
 20
5.810707
 10
301.790709
 20
5.789293
 10
301.769293
 20
5.789293
 10
301.769293
 20
5.810707
 10
301.790709
 20
5.810707
  0
LWPOLYLINE
  5
A19
330
17
100
AcDbEntity
  8
VISTA
100
AcDbPolyline
 90
5
 70
1
 10
294.630001
 20
5.81
 10
297.450001
 20
5.81
 10
297.450001
 20
5.73
 10
294.630001
 20
5.73
 10
294.630001
 20
5.81
  0
LWPOLYLINE
  5
A1A
330
17
100
AcDbEntity
  8
VISTA
100
AcDbPolyline
 90
5
 70
1
 10
294.630001
 20
3.325
 10
297.450001
 20
3.325
 10
297.450001
 20
3.285
 10
294.630001
 20
3.285
 10
294.630001
 20
3.325
  0
LWPOLYLINE
  5
A1B
330
17
100
AcDbEntity
  8
VISTA
100
AcDbPolyline
 90
5
 70
1
 10
294.63
 20
5.79
 10
294.69
 20
5.79
 10
294.69
 20
3.29
 10
294.63
 20
3.29
 10
294.63
 20
5.79
  0
LWPOLYLINE
  5
A1C
330
17
100
AcDbEntity
  8
VISTA
100
AcDbPolyline
 90
5
 70
1
 10
297.389999
 20
5.79
 10
297.450001
 20
5.79
 10
297.450001
 20
3.29
 10
297.389999
 20
3.29
 10
297.389999
 20
5.79
  0
LWPOLYLINE
  5
A1D
330
17
100
AcDbEntity
  8
VISTA
100
AcDbPolyline
 90
5
 70
1
 10
296.02
 20
5.79
 10
296.060001
 20
5.79
 10
296.060001
 20
3.29
 10
296.02
 20
3.29
 10
296.02
 20
5.79
  0
LWPOLYLINE
  5
A1E
330
17
100
AcDbEntity
  8
VISTA
100
AcDbPolyline
 90
5
 70
1
 10
297.800001
 20
5.81
 10
301.4
 20
5.81
 10
301.4
 20
5.73
 10
297.800001
 20
5.73
 10
297.800001
 20
5.81
  0
LWPOLYLINE
  5
A1F
330
17
100
AcDbEntity
  8
VISTA
100
AcDbPolyline
 90
5
 70
1
 10
297.800001
 20
3.325
 10
301.4
 20
3.325
 10
301.4
 20
3.285
 10
297.800001
 20
3.285
 10
297.800001
 20
3.325
  0
LWPOLYLINE
  5
A20
330
17
100
AcDbEntity
  8
VISTA
100
AcDbPolyline
 90
5
 70
1
 10
297.799999
 20
5.79
 10
297.860001
 20
5.79
 10
297.860001
 20
3.29
 10
297.799999
 20
3.29
 10
297.799999
 20
5.79
  0
LWPOLYLINE
  5
A21
330
17
100
AcDbEntity
  8
VISTA
100
AcDbPolyline
 90
5
 70
1
 10
301.34
 20
5.79
 10
301.400002
 20
5.79
 10
301.400002
 20
3.29
 10
301.34
 20
3.29
 10
301.34
 20
5.79
  0
LWPOLYLINE
  5
A22
330
17
100
AcDbEntity
  8
VISTA
100
AcDbPolyline
 90
5
 70
1
 10
299.58
 20
5.79
 10
299.620001
 20
5.79
 10
299.620001
 20
3.29
 10
299.58
 20
3.29
 10
299.58
 20
5.79
  0
LWPOLYLINE
  5
A23
330
17
100
AcDbEntity
  8
VISTA
100
AcDbPolyline
 90
5
 70
1
 10
294.0005
 20
3.2455
 10
302.0
 20
3.245
 10
301.9995
 20
3.2405
 10
294.000146
 20
3.241
 10
294.0005
 20
3.2455
  0
LWPOLYLINE
  5
A24
330
17
100
AcDbEntity
  8
VISTA
100
AcDbPolyline
 90
5
 70
1
 10
293.026
 20
4.257
 10
293.025001
 20
3.33
 10
293.014001
 20
3.331
 10
293.014294
 20
4.257707
 10
293.026
 20
4.257
  0
LWPOLYLINE
  5
A25
330
17
100
AcDbEntity
  8
VISTA
100
AcDbPolyline
 90
8
 70
1
 10
294.650001
 20
3.9483
 10
294.6517
 20
3.95
 10
294.708301
 20
3.95
 10
294.71
 20
3.9483
 10
294.71
 20
3.1717
 10
294.708301
 20
3.17
 10
294.650848
 20
3.1705
 10
294.650001
 20
3.9483
  0
LWPOLYLINE
  5
A26
330
17
100
AcDbEntity
  8
VISTA
100
AcDbPolyline
 90
8
 70
1
 10
295.490001
 20
3.9483
 10
295.4917
 20
3.95
 10
295.548301
 20
3.95
 10
295.55
 20
3.9483
 10
295.55
 20
3.1717
 10
295.548301
 20
3.17
 10
295.490849
 20
3.1705
 10
295.490001
 20
3.9483
  0
LWPOLYLINE
  5
A27
330
17
100
AcDbEntity
  8
VISTA
100
AcDbPolyline
 90
5
 70
1
 10
301.85699999999997
 20
3.29
 10
301.85699999999997
 20
3.0
 10
301.703001
 20
3.0
 10
301.703001
 20
3.29
 10
301.85699999999997
 20
3.29
  0
LWPOLYLINE
  5
A28
330
17
100
AcDbEntity
  8
VISTA
100
AcDbPolyline
 90
5
 70
1
 10
301.723499
 20
0.561
 10
301.7225
 20
0.538
 10
301.7145
 20
0.539
 10
301.714792
 20
0.561707
 10
301.723499
 20
0.561
  0
LWPOLYLINE
  5
A29
330
17
100
AcDbEntity
  8
VISTA
100
AcDbPolyline
 90
5
 70
1
 10
301.845499
 20
0.561
 10
301.8445
 20
0.538
 10
301.8365
 20
0.539
 10
301.836792
 20
0.561707
 10
301.845499
 20
0.561
  0
LWPOLYLINE
  5
A2A
330
17
100
AcDbEntity
  8
VISTA
100
AcDbPolyline
 90
5
 70
1
 10
301.723499
 20
1.811
 10
301.7225
 20
1.788
 10
301.7145
 20
1.789
 10
301.714792
 20
1.811707
 10
301.723499
 20
1.811
  0
LWPOLYLINE
  5
A2B
330
17
100
AcDbEntity
  8
VISTA
100
AcDbPolyline
 90
5
 70
1
 10
301.845499
 20
1.811
 10
301.8445
 20
1.788
 10
301.8365
 20
1.789
 10
301.836792
 20
1.811707
 10
301.845499
 20
1.811
  0
LWPOLYLINE
  5
A2C
330
17
100
AcDbEntity
  8
VISTA
100
AcDbPolyline
 90
5
 70
1
 10
301.723499
 20
3.411
 10
301.7225
 20
3.388
 10
301.7145
 20
3.389
 10
301.714792
 20
3.411707
 10
301.723499
 20
3.411
  0
LWPOLYLINE
  5
A2D
330
17
100
AcDbEntity
  8
VISTA
100
AcDbPolyline
 90
5
 70
1
 10
301.845499
 20
3.411
 10
301.8445
 20
3.388
 10
301.8365
 20
3.389
 10
301.836792
 20
3.411707
 10
301.845499
 20
3.411
  0
LWPOLYLINE
  5
A2E
330
17
100
AcDbEntity
  8
VISTA
100
AcDbPolyline
 90
5
 70
1
 10
301.723499
 20
4.611
 10
301.7225
 20
4.588
 10
301.7145
 20
4.589
 10
301.714792
 20
4.611707
 10
301.723499
 20
4.611
  0
LWPOLYLINE
  5
A2F
330
17
100
AcDbEntity
  8
VISTA
100
AcDbPolyline
 90
5
 70
1
 10
301.845499
 20
4.611
 10
301.8445
 20
4.588
 10
301.8365
 20
4.589
 10
301.836792
 20
4.611707
 10
301.845499
 20
4.611
  0
LWPOLYLINE
  5
A30
330
17
100
AcDbEntity
  8
VISTA
100
AcDbPolyline
 90
5
 70
1
 10
301.723499
 20
5.811
 10
301.7225
 20
5.788
 10
301.7145
 20
5.789
 10
301.714792
 20
5.811707
 10
301.723499
 20
5.811
  0
LWPOLYLINE
  5
A31
330
17
100
AcDbEntity
  8
VISTA
100
AcDbPolyline
 90
5
 70
1
 10
301.845499
 20
5.811
 10
301.8445
 20
5.788
 10
301.8365
 20
5.789
 10
301.836792
 20
5.811707
 10
301.845499
 20
5.811
  0
LWPOLYLINE
  5
A32
330
17
100
AcDbEntity
  8
VISTA
100
AcDbPolyline
 90
8
 70
1
 10
294.3475
 20
3.6683
 10
294.3492
 20
3.67
 10
294.3908
 20
3.67
 10
294.3925
 20
3.6683
 10
294.3925
 20
3.1717
 10
294.3908
 20
3.17
 10
294.348349
 20
3.170501
 10
294.3475
 20
3.6683
  0
LWPOLYLINE
  5
A33
330
17
100
AcDbEntity
  8
VISTA
100
AcDbPolyline
 90
8
 70
1
 10
294.7075
 20
3.6683
 10
294.7092
 20
3.67
 10
294.75079900000003
 20
3.67
 10
294.7525
 20
3.6683
 10
294.7525
 20
3.1717
 10
294.75079900000003
 20
3.17
 10
294.708348
 20
3.170501
 10
294.7075
 20
3.6683
  0
LWPOLYLINE
  5
A34
330
17
100
AcDbEntity
  8
VISTA
100
AcDbPolyline
 90
8
 70
1
 10
295.8075
 20
3.6683
 10
295.8092
 20
3.67
 10
295.8508
 20
3.67
 10
295.8525
 20
3.6683
 10
295.8525
 20
3.1717
 10
295.8508
 20
3.17
 10
295.808349
 20
3.170501
 10
295.8075
 20
3.6683
  0
LWPOLYLINE
  5
A35
330
17
100
AcDbEntity
  8
VISTA
100
AcDbPolyline
 90
8
 70
1
 10
295.4475
 20
3.6683
 10
295.449201
 20
3.67
 10
295.4908
 20
3.67
 10
295.4925
 20
3.6683
 10
295.4925
 20
3.1717
 10
295.4908
 20
3.17
 10
295.448349
 20
3.170501
 10
295.4475
 20
3.6683
  0
LWPOLYLINE
  5
A36
330
17
100
AcDbEntity
  8
VISTA
100
AcDbPolyline
 90
5
 70
1
 10
293.026
 20
4.257
 10
293.025001
 20
3.33
 10
293.014001
 20
3.331
 10
293.014294
 20
4.257707
 10
293.026
 20
4.257
  0
LWPOLYLINE
  5
A37
330
17
100
AcDbEntity
  8
VISTA
100
AcDbPolyline
 90
10
 70
1
 10
301.611118
 20
2.39
 10
301.674637
 20
2.39
 10
301.678135
 20
2.3865
 10
301.678135
 20
0.2135
 10
301.677111
 20
0.211025
 10
301.674637
 20
0.21
 10
301.611118
 20
0.21
 10
301.60762
 20
0.2135
 10
301.60762
 20
2.3865
 10
301.611118
 20
2.39
  0
LWPOLYLINE
  5
A38
330
17
100
AcDbEntity
  8
VISTA
100
AcDbPolyline
 90
4
 70
1
 10
301.67666763357624
 20
0.2114597864354902
 10
301.67714110610024
 20
0.2114679897603317
 10
301.67714110610024
 20
0.21146798976033174
 10
301.67666763357624
 20
0.2114597864354902
  0
LWPOLYLINE
  5
A39
330
17
100
AcDbEntity
  8
VISTA
100
AcDbPolyline
 90
5
 70
1
 10
293.026
 20
4.257
 10
293.025001
 20
3.33
 10
293.014001
 20
3.331
 10
293.014294
 20
4.257707
 10
293.026
 20
4.257
  0
LWPOLYLINE
  5
A3A
330
17
100
AcDbEntity
  8
VISTA
100
AcDbPolyline
 90
11
 70
1
 10
295.5965
 20
3.995
 10
295.598975
 20
3.993975
 10
295.6
 20
3.9915
 10
295.6
 20
3.9085
 10
295.598975
 20
3.906025
 10
295.5965
 20
3.905
 10
294.6035
 20
3.905
 10
294.601026
 20
3.906025
 10
294.6
 20
3.9085
 10
294.601026
 20
3.993975
 10
295.5965
 20
3.995
  0
LWPOLYLINE
  5
A3B
330
17
100
AcDbEntity
  8
VISTA
100
AcDbPolyline
 90
4
 70
1
 10
294.601747
 20
3.993254
 10
294.601747
 20
3.99397
 10
294.60103
 20
3.993254
 10
294.601747
 20
3.993254
  0
LWPOLYLINE
  5
A3C
330
17
100
AcDbEntity
  8
VISTA
100
AcDbPolyline
 90
4
 70
1
 10
294.6010278787902
 20
3.993636348060721
 10
294.601289
 20
3.993712
 10
294.6010278787902
 20
3.9936363480607215
 10
294.6010278787902
 20
3.993636348060721
  0
LWPOLYLINE
  5
A3D
330
17
100
AcDbEntity
  8
VISTA
100
AcDbPolyline
 90
4
 70
1
 10
294.601289
 20
3.906288
 10
294.601747
 20
3.90603
 10
294.601747
 20
3.906746
 10
294.601289
 20
3.906288
  0
LWPOLYLINE
  5
A3E
330
17
100
AcDbEntity
  8
VISTA
100
AcDbPolyline
 90
4
 70
1
 10
295.59897
 20
3.993254
 10
295.598254
 20
3.99397
 10
295.598254
 20
3.993254
 10
295.59897
 20
3.993254
  0
LWPOLYLINE
  5
A3F
330
17
100
AcDbEntity
  8
VISTA
100
AcDbPolyline
 90
4
 70
1
 10
295.598254
 20
3.90603
 10
295.59897
 20
3.906746
 10
295.598254
 20
3.906746
 10
295.598254
 20
3.90603
  0
LWPOLYLINE
  5
A40
330
17
100
AcDbEntity
  8
VISTA
100
AcDbPolyline
 90
11
 70
1
 10
294.7765
 20
3.73
 10
294.778975
 20
3.728975
 10
294.78
 20
3.7265
 10
294.78
 20
3.6535
 10
294.778975
 20
3.651025
 10
294.7765
 20
3.65
 10
294.323501
 20
3.65
 10
294.321025
 20
3.651025
 10
294.320001
 20
3.6535
 10
294.321025
 20
3.728975
 10
294.7765
 20
3.73
  0
LWPOLYLINE
  5
A41
330
17
100
AcDbEntity
  8
VISTA
100
AcDbPolyline
 90
4
 70
1
 10
294.321747
 20
3.728254
 10
294.321747
 20
3.72897
 10
294.321031
 20
3.728254
 10
294.321747
 20
3.728254
  0
LWPOLYLINE
  5
A42
330
17
100
AcDbEntity
  8
VISTA
100
AcDbPolyline
 90
4
 70
1
 10
294.321288
 20
3.651288
 10
294.321747
 20
3.65103
 10
294.321747
 20
3.651747
 10
294.321288
 20
3.651288
  0
LWPOLYLINE
  5
A43
330
17
100
AcDbEntity
  8
VISTA
100
AcDbPolyline
 90
4
 70
1
 10
294.77897
 20
3.728254
 10
294.778254
 20
3.72897
 10
294.778254
 20
3.728254
 10
294.77897
 20
3.728254
  0
LWPOLYLINE
  5
A44
330
17
100
AcDbEntity
  8
VISTA
100
AcDbPolyline
 90
4
 70
1
 10
294.778254
 20
3.65103
 10
294.77897
 20
3.651747
 10
294.778254
 20
3.651747
 10
294.778254
 20
3.65103
  0
LWPOLYLINE
  5
A45
330
17
100
AcDbEntity
  8
VISTA
100
AcDbPolyline
 90
8
 70
1
 10
294.5765
 20
4.32
 10
294.579354
 20
4.318526
 10
294.58
 20
3.7035
 10
294.578526
 20
3.700646
 10
294.123501
 20
3.7
 10
294.120646
 20
3.701474
 10
294.121025
 20
4.318975
 10
294.5765
 20
4.32
  0
LWPOLYLINE
  5
A46
330
17
100
AcDbEntity
  8
VISTA
100
AcDbPolyline
 90
4
 70
1
 10
294.121747
 20
4.318254
 10
294.121747
 20
4.31897
 10
294.121031
 20
4.318254
 10
294.121747
 20
4.318254
  0
LWPOLYLINE
  5
A47
330
17
100
AcDbEntity
  8
VISTA
100
AcDbPolyline
 90
4
 70
1
 10
294.1210278159259
 20
4.318636619567325
 10
294.121288
 20
4.318712
 10
294.1210278159259
 20
4.318636619567326
 10
294.1210278159259
 20
4.318636619567325
  0
LWPOLYLINE
  5
A48
330
17
100
AcDbEntity
  8
VISTA
100
AcDbPolyline
 90
4
 70
1
 10
294.121288
 20
3.701288
 10
294.121747
 20
3.70103
 10
294.121747
 20
3.701747
 10
294.121288
 20
3.701288
  0
LWPOLYLINE
  5
A49
330
17
100
AcDbEntity
  8
VISTA
100
AcDbPolyline
 90
4
 70
1
 10
294.57897
 20
4.318254
 10
294.578254
 20
4.31897
 10
294.578254
 20
4.318254
 10
294.57897
 20
4.318254
  0
LWPOLYLINE
  5
A4A
330
17
100
AcDbEntity
  8
VISTA
100
AcDbPolyline
 90
4
 70
1
 10
294.578254
 20
3.70103
 10
294.57897
 20
3.701747
 10
294.578254
 20
3.701747
 10
294.578254
 20
3.70103
  0
LWPOLYLINE
  5
A4B
330
17
100
AcDbEntity
  8
VISTA
100
AcDbPolyline
 90
11
 70
1
 10
295.876499
 20
3.73
 10
295.878975
 20
3.728975
 10
295.879999
 20
3.7265
 10
295.879999
 20
3.6535
 10
295.878975
 20
3.651025
 10
295.876499
 20
3.65
 10
295.4235
 20
3.65
 10
295.421024
 20
3.651025
 10
295.42
 20
3.6535
 10
295.421024
 20
3.728975
 10
295.876499
 20
3.73
  0
LWPOLYLINE
  5
A4C
330
17
100
AcDbEntity
  8
VISTA
100
AcDbPolyline
 90
4
 70
1
 10
295.421746
 20
3.728254
 10
295.421746
 20
3.72897
 10
295.42103
 20
3.728254
 10
295.421746
 20
3.728254
  0
LWPOLYLINE
  5
A4D
330
17
100
AcDbEntity
  8
VISTA
100
AcDbPolyline
 90
4
 70
1
 10
295.421288
 20
3.651288
 10
295.421746
 20
3.65103
 10
295.421746
 20
3.651747
 10
295.421288
 20
3.651288
  0
LWPOLYLINE
  5
A4E
330
17
100
AcDbEntity
  8
VISTA
100
AcDbPolyline
 90
4
 70
1
 10
295.878969
 20
3.728254
 10
295.878253
 20
3.72897
 10
295.878253
 20
3.728254
 10
295.878969
 20
3.728254
  0
LWPOLYLINE
  5
A4F
330
17
100
AcDbEntity
  8
VISTA
100
AcDbPolyline
 90
4
 70
1
 10
295.878253
 20
3.65103
 10
295.878969
 20
3.651747
 10
295.878253
 20
3.651747
 10
295.878253
 20
3.65103
  0
LWPOLYLINE
  5
A50
330
17
100
AcDbEntity
  8
VISTA
100
AcDbPolyline
 90
8
 70
1
 10
296.0765
 20
4.32
 10
296.079353
 20
4.318526
 10
296.08
 20
3.7035
 10
296.078527
 20
3.700646
 10
295.623501
 20
3.7
 10
295.620646
 20
3.701474
 10
295.621025
 20
4.318975
 10
296.0765
 20
4.32
  0
LWPOLYLINE
  5
A51
330
17
100
AcDbEntity
  8
VISTA
100
AcDbPolyline
 90
4
 70
1
 10
295.621747
 20
4.318254
 10
295.621747
 20
4.31897
 10
295.621031
 20
4.318254
 10
295.621747
 20
4.318254
  0
LWPOLYLINE
  5
A52
330
17
100
AcDbEntity
  8
VISTA
100
AcDbPolyline
 90
4
 70
1
 10
295.6210278159259
 20
4.318636619567325
 10
295.621288
 20
4.318712
 10
295.6210278159259
 20
4.318636619567326
 10
295.6210278159259
 20
4.318636619567325
  0
LWPOLYLINE
  5
A53
330
17
100
AcDbEntity
  8
VISTA
100
AcDbPolyline
 90
4
 70
1
 10
295.621288
 20
3.701288
 10
295.621747
 20
3.70103
 10
295.621747
 20
3.701747
 10
295.621288
 20
3.701288
  0
LWPOLYLINE
  5
A54
330
17
100
AcDbEntity
  8
VISTA
100
AcDbPolyline
 90
4
 70
1
 10
296.07897
 20
4.318254
 10
296.078255
 20
4.31897
 10
296.078255
 20
4.318254
 10
296.07897
 20
4.318254
  0
LWPOLYLINE
  5
A55
330
17
100
AcDbEntity
  8
VISTA
100
AcDbPolyline
 90
4
 70
1
 10
296.078255
 20
3.70103
 10
296.07897
 20
3.701747
 10
296.078255
 20
3.701747
 10
296.078255
 20
3.70103
  0
LWPOLYLINE
  5
A56
330
17
100
AcDbEntity
  8
VISTA
100
AcDbPolyline
 90
5
 70
1
 10
293.026
 20
4.257
 10
293.025001
 20
3.33
 10
293.014001
 20
3.331
 10
293.014294
 20
4.257707
 10
293.026
 20
4.257
  0
LWPOLYLINE
  5
A57
330
17
100
AcDbEntity
  8
VISTA
100
AcDbPolyline
 90
9
 70
1
 10
293.0
 20
3.2055
 10
293.004499
 20
3.21
 10
301.995501
 20
3.21
 10
302.0
 20
3.2055
 10
302.0
 20
3.0545
 10
301.995501
 20
3.05
 10
293.004499
 20
3.05
 10
293.0
 20
3.0545
 10
293.0
 20
3.2055
  0
LWPOLYLINE
  5
A58
330
17
100
AcDbEntity
  8
VISTA
100
AcDbPolyline
 90
5
 70
1
 10
301.6
 20
3.54
 10
301.6
 20
3.18
 10
301.26
 20
3.18
 10
301.26
 20
3.54
 10
301.6
 20
3.54
  0
LWPOLYLINE
  5
A59
330
17
100
AcDbEntity
  8
VISTA
100
AcDbPolyline
 90
5
 70
1
 10
293.999
 20
3.249985
 10
294.0
 20
3.211
 10
293.001
 20
3.21
 10
293.0
 20
3.234
 10
293.999
 20
3.249985
  0
LWPOLYLINE
  5
A5A
330
17
100
AcDbEntity
  8
VISTA
100
AcDbPolyline
 90
6
 70
1
 10
294.001134
 20
3.24826
 10
301.999908
 20
3.24826
 10
302.000025
 20
3.210293
 10
301.99966
 20
3.21
 10
294.001
 20
3.21
 10
294.001134
 20
3.24826
  0
LWPOLYLINE
  5
A5B
330
17
100
AcDbEntity
  8
VISTA
100
AcDbPolyline
 90
4
 70
1
 10
301.99939227274683
 20
3.210223862335981
 10
301.99939227274683
 20
3.210223862335993
 10
301.99939227274683
 20
3.2102238623359796
 10
301.99939227274683
 20
3.210223862335981
  0
LWPOLYLINE
  5
A5C
330
17
100
AcDbEntity
  8
VISTA
100
AcDbPolyline
 90
5
 70
1
 10
293.026
 20
4.257
 10
293.025001
 20
3.33
 10
293.014001
 20
3.331
 10
293.014294
 20
4.257707
 10
293.026
 20
4.257
  0
LWPOLYLINE
  5
A5D
330
17
100
AcDbEntity
  8
VISTA
100
AcDbPolyline
 90
5
 70
1
 10
301.703827
 20
1.245414
 10
301.703827
 20
1.214586
 10
301.668743
 20
1.214586
 10
301.668743
 20
1.245414
 10
301.703827
 20
1.245414
  0
LWPOLYLINE
  5
A5E
330
17
100
AcDbEntity
  8
VISTA
100
AcDbPolyline
 90
8
 70
1
 10
294.3475
 20
3.6683
 10
294.3492
 20
3.67
 10
294.3908
 20
3.67
 10
294.3925
 20
3.6683
 10
294.3925
 20
3.1717
 10
294.3908
 20
3.17
 10
294.348349
 20
3.170501
 10
294.3475
 20
3.6683
  0
LWPOLYLINE
  5
A5F
330
17
100
AcDbEntity
  8
VISTA
100
AcDbPolyline
 90
8
 70
1
 10
294.7075
 20
3.6683
 10
294.7092
 20
3.67
 10
294.75079900000003
 20
3.67
 10
294.7525
 20
3.6683
 10
294.7525
 20
3.1717
 10
294.75079900000003
 20
3.17
 10
294.708348
 20
3.170501
 10
294.7075
 20
3.6683
  0
LWPOLYLINE
  5
A60
330
17
100
AcDbEntity
  8
VISTA
100
AcDbPolyline
 90
8
 70
1
 10
295.8075
 20
3.6683
 10
295.8092
 20
3.67
 10
295.8508
 20
3.67
 10
295.8525
 20
3.6683
 10
295.8525
 20
3.1717
 10
295.8508
 20
3.17
 10
295.808349
 20
3.170501
 10
295.8075
 20
3.6683
  0
LWPOLYLINE
  5
A61
330
17
100
AcDbEntity
  8
VISTA
100
AcDbPolyline
 90
8
 70
1
 10
295.4475
 20
3.6683
 10
295.449201
 20
3.67
 10
295.4908
 20
3.67
 10
295.4925
 20
3.6683
 10
295.4925
 20
3.1717
 10
295.4908
 20
3.17
 10
295.448349
 20
3.170501
 10
295.4475
 20
3.6683
  0
LWPOLYLINE
  5
A62
330
17
100
AcDbEntity
  8
VISTA
100
AcDbPolyline
 90
5
 70
1
 10
293.026
 20
4.257
 10
293.025001
 20
3.33
 10
293.014001
 20
3.331
 10
293.014294
 20
4.257707
 10
293.026
 20
4.257
  0
LWPOLYLINE
  5
A63
330
17
100
AcDbEntity
  8
VISTA
100
AcDbPolyline
 90
8
 70
1
 10
294.650001
 20
3.9483
 10
294.6517
 20
3.95
 10
294.708301
 20
3.95
 10
294.71
 20
3.9483
 10
294.71
 20
3.1717
 10
294.708301
 20
3.17
 10
294.650848
 20
3.1705
 10
294.650001
 20
3.9483
  0
LWPOLYLINE
  5
A64
330
17
100
AcDbEntity
  8
VISTA
100
AcDbPolyline
 90
8
 70
1
 10
295.490001
 20
3.9483
 10
295.4917
 20
3.95
 10
295.548301
 20
3.95
 10
295.55
 20
3.9483
 10
295.55
 20
3.1717
 10
295.548301
 20
3.17
 10
295.490849
 20
3.1705
 10
295.490001
 20
3.9483
  0
LWPOLYLINE
  5
A65
330
17
100
AcDbEntity
  8
VISTA
100
AcDbPolyline
 90
17
 70
1
 10
301.627008
 20
-0.300038
 10
301.7222859718303
 20
-0.26339351199966426
 10
301.724789
 20
-0.214736
 10
301.725
 20
6.297
 10
301.835001
 20
6.297
 10
301.834084
 20
-0.239958
 10
301.831303
 20
-0.277235
 10
301.82399399999997
 20
-0.314214
 10
301.81435799999997
 20
-0.33379
 10
301.804861
 20
-0.344172
 10
301.79655159755987
 20
-0.35
 10
301.5958260079537
 20
-0.35
 10
301.59561
 20
-0.344814
 10
301.598719
 20
-0.330834
 10
301.605324
 20
-0.31816
 10
301.614971
 20
-0.307656
 10
301.627008
 20
-0.300038
  0
LWPOLYLINE
  5
A66
330
17
100
AcDbEntity
  8
VISTA
100
AcDbPolyline
 90
5
 70
1
 10
293.026
 20
4.257
 10
293.025001
 20
3.33
 10
293.014001
 20
3.331
 10
293.014294
 20
4.257707
 10
293.026
 20
4.257
  0
LWPOLYLINE
  5
A67
330
17
100
AcDbEntity
  8
VISTA
100
AcDbPolyline
 90
5
 70
1
 10
293.026
 20
4.257
 10
293.025001
 20
3.33
 10
293.014001
 20
3.331
 10
293.014294
 20
4.257707
 10
293.026
 20
4.257
  0
LWPOLYLINE
  5
A68
330
17
100
AcDbEntity
  8
VISTA
100
AcDbPolyline
 90
5
 70
1
 10
292.992001
 20
3.283
 10
292.992001
 20
3.265
 10
292.98199999999997
 20
3.265
 10
292.982245
 20
3.283
 10
292.992001
 20
3.283
  0
LWPOLYLINE
  5
A69
330
17
100
AcDbEntity
  8
VISTA
100
AcDbPolyline
 90
5
 70
1
 10
293.058001
 20
3.283
 10
293.058001
 20
3.265
 10
293.048
 20
3.265
 10
293.048245
 20
3.283
 10
293.058001
 20
3.283
  0
LWPOLYLINE
  5
A6A
330
17
100
AcDbEntity
  8
VISTA
100
AcDbPolyline
 90
5
 70
1
 10
292.992001
 20
3.283
 10
292.992001
 20
3.265
 10
292.98199999999997
 20
3.265
 10
292.982245
 20
3.283
 10
292.992001
 20
3.283
  0
LWPOLYLINE
  5
A6B
330
17
100
AcDbEntity
  8
VISTA
100
AcDbPolyline
 90
5
 70
1
 10
293.058001
 20
3.283
 10
293.058001
 20
3.265
 10
293.048
 20
3.265
 10
293.048245
 20
3.283
 10
293.058001
 20
3.283
  0
LWPOLYLINE
  5
A6C
330
17
100
AcDbEntity
  8
VISTA
100
AcDbPolyline
 90
5
 70
1
 10
294.112
 20
3.283
 10
294.112
 20
3.265
 10
294.102
 20
3.265
 10
294.102245
 20
3.283
 10
294.112
 20
3.283
  0
LWPOLYLINE
  5
A6D
330
17
100
AcDbEntity
  8
VISTA
100
AcDbPolyline
 90
5
 70
1
 10
294.178
 20
3.283
 10
294.178
 20
3.265
 10
294.168
 20
3.265
 10
294.168245
 20
3.283
 10
294.178
 20
3.283
  0
LWPOLYLINE
  5
A6E
330
17
100
AcDbEntity
  8
VISTA
100
AcDbPolyline
 90
5
 70
1
 10
295.23199999999997
 20
3.283
 10
295.23199999999997
 20
3.265
 10
295.222
 20
3.265
 10
295.222245
 20
3.283
 10
295.23199999999997
 20
3.283
  0
LWPOLYLINE
  5
A6F
330
17
100
AcDbEntity
  8
VISTA
100
AcDbPolyline
 90
5
 70
1
 10
295.298
 20
3.283
 10
295.298
 20
3.265
 10
295.288
 20
3.265
 10
295.288245
 20
3.283
 10
295.298
 20
3.283
  0
LWPOLYLINE
  5
A70
330
17
100
AcDbEntity
  8
VISTA
100
AcDbPolyline
 90
5
 70
1
 10
296.351997
 20
3.283
 10
296.351997
 20
3.265
 10
296.341999
 20
3.265
 10
296.342243
 20
3.283
 10
296.351997
 20
3.283
  0
LWPOLYLINE
  5
A71
330
17
100
AcDbEntity
  8
VISTA
100
AcDbPolyline
 90
5
 70
1
 10
296.417999
 20
3.283
 10
296.417999
 20
3.265
 10
296.408001
 20
3.265
 10
296.408245
 20
3.283
 10
296.417999
 20
3.283
  0
LWPOLYLINE
  5
A72
330
17
100
AcDbEntity
  8
VISTA
100
AcDbPolyline
 90
5
 70
1
 10
297.471998
 20
3.283
 10
297.471998
 20
3.265
 10
297.462
 20
3.265
 10
297.462244
 20
3.283
 10
297.471998
 20
3.283
  0
LWPOLYLINE
  5
A73
330
17
100
AcDbEntity
  8
VISTA
100
AcDbPolyline
 90
5
 70
1
 10
297.538
 20
3.283
 10
297.538
 20
3.265
 10
297.528002
 20
3.265
 10
297.528246
 20
3.283
 10
297.538
 20
3.283
  0
LWPOLYLINE
  5
A74
330
17
100
AcDbEntity
  8
VISTA
100
AcDbPolyline
 90
5
 70
1
 10
298.591999
 20
3.283
 10
298.591999
 20
3.265
 10
298.582001
 20
3.265
 10
298.582245
 20
3.283
 10
298.591999
 20
3.283
  0
LWPOLYLINE
  5
A75
330
17
100
AcDbEntity
  8
VISTA
100
AcDbPolyline
 90
5
 70
1
 10
298.658001
 20
3.283
 10
298.658001
 20
3.265
 10
298.648003
 20
3.265
 10
298.648247
 20
3.283
 10
298.658001
 20
3.283
  0
LWPOLYLINE
  5
A76
330
17
100
AcDbEntity
  8
VISTA
100
AcDbPolyline
 90
5
 70
1
 10
299.711998
 20
3.283
 10
299.711998
 20
3.265
 10
299.702
 20
3.265
 10
299.702244
 20
3.283
 10
299.711998
 20
3.283
  0
LWPOLYLINE
  5
A77
330
17
100
AcDbEntity
  8
VISTA
100
AcDbPolyline
 90
5
 70
1
 10
299.778
 20
3.283
 10
299.778
 20
3.265
 10
299.768002
 20
3.265
 10
299.768246
 20
3.283
 10
299.778
 20
3.283
  0
LWPOLYLINE
  5
A78
330
17
100
AcDbEntity
  8
VISTA
100
AcDbPolyline
 90
5
 70
1
 10
300.831999
 20
3.283
 10
300.831999
 20
3.265
 10
300.822001
 20
3.265
 10
300.822245
 20
3.283
 10
300.831999
 20
3.283
  0
LWPOLYLINE
  5
A79
330
17
100
AcDbEntity
  8
VISTA
100
AcDbPolyline
 90
5
 70
1
 10
300.898001
 20
3.283
 10
300.898001
 20
3.265
 10
300.88800200000003
 20
3.265
 10
300.888247
 20
3.283
 10
300.898001
 20
3.283
  0
LWPOLYLINE
  5
A7A
330
17
100
AcDbEntity
  8
VISTA
100
AcDbPolyline
 90
5
 70
1
 10
301.951998
 20
3.283
 10
301.951998
 20
3.265
 10
301.941999
 20
3.265
 10
301.942244
 20
3.283
 10
301.951998
 20
3.283
  0
LWPOLYLINE
  5
A7B
330
17
100
AcDbEntity
  8
VISTA
100
AcDbPolyline
 90
5
 70
1
 10
302.01800000000003
 20
3.283
 10
302.01800000000003
 20
3.265
 10
302.008001
 20
3.265
 10
302.008245
 20
3.283
 10
302.01800000000003
 20
3.283
  0
LWPOLYLINE
  5
A7C
330
17
100
AcDbEntity
  8
VISTA
100
AcDbPolyline
 90
8
 70
1
 10
293.002501
 20
4.2983
 10
293.0042
 20
4.3
 10
293.035801
 20
4.3
 10
293.0375
 20
4.2983
 10
293.0375
 20
3.2517
 10
293.035801
 20
3.25
 10
293.003348
 20
3.2505
 10
293.002501
 20
4.2983
  0
LWPOLYLINE
  5
A7D
330
17
100
AcDbEntity
  8
VISTA
100
AcDbPolyline
 90
10
 70
1
 10
293.02
 20
4.3208
 10
293.0217
 20
4.3225
 10
301.9783
 20
4.3225
 10
301.98
 20
4.3208
 10
301.98
 20
4.2792
 10
301.979284
 20
4.2792
 10
301.979284
 20
4.277814
 10
301.9783
 20
4.2775
 10
293.020716
 20
4.277814
 10
293.02
 20
4.3208
  0
LWPOLYLINE
  5
A7E
330
17
100
AcDbEntity
  8
VISTA
100
AcDbPolyline
 90
4
 70
1
 10
301.9791512697769
 20
4.2783497281947245
 10
301.979153
 20
4.278348
 10
301.9791512697769
 20
4.278349728194725
 10
301.9791512697769
 20
4.2783497281947245
  0
LWPOLYLINE
  5
A7F
330
17
100
AcDbEntity
  8
VISTA
100
AcDbPolyline
 90
8
 70
1
 10
293.02
 20
3.8188
 10
293.0217
 20
3.8205
 10
301.9783
 20
3.8205
 10
301.98
 20
3.8188
 10
301.98
 20
3.7942
 10
301.9783
 20
3.7925
 10
293.020716
 20
3.792814
 10
293.02
 20
3.8188
  0
LWPOLYLINE
  5
A80
330
17
100
AcDbEntity
  8
VISTA
100
AcDbPolyline
 90
8
 70
1
 10
293.002501
 20
4.2983
 10
293.0042
 20
4.3
 10
293.035801
 20
4.3
 10
293.0375
 20
4.2983
 10
293.0375
 20
3.2517
 10
293.035801
 20
3.25
 10
293.003348
 20
3.2505
 10
293.002501
 20
4.2983
  0
LWPOLYLINE
  5
A81
330
17
100
AcDbEntity
  8
VISTA
100
AcDbPolyline
 90
8
 70
1
 10
294.1225
 20
4.2983
 10
294.12420099999997
 20
4.3
 10
294.1558
 20
4.3
 10
294.1575
 20
4.2983
 10
294.1575
 20
3.2517
 10
294.1558
 20
3.25
 10
294.123348
 20
3.2505
 10
294.1225
 20
4.2983
  0
LWPOLYLINE
  5
A82
330
17
100
AcDbEntity
  8
VISTA
100
AcDbPolyline
 90
8
 70
1
 10
295.2425
 20
4.2983
 10
295.2442
 20
4.3
 10
295.275801
 20
4.3
 10
295.2775
 20
4.2983
 10
295.2775
 20
3.2517
 10
295.275801
 20
3.25
 10
295.243348
 20
3.2505
 10
295.2425
 20
4.2983
  0
LWPOLYLINE
  5
A83
330
17
100
AcDbEntity
  8
VISTA
100
AcDbPolyline
 90
8
 70
1
 10
296.362499
 20
4.2983
 10
296.364199
 20
4.3
 10
296.3958
 20
4.3
 10
296.397499
 20
4.2983
 10
296.397499
 20
3.2517
 10
296.3958
 20
3.25
 10
296.363348
 20
3.2505
 10
296.362499
 20
4.2983
  0
LWPOLYLINE
  5
A84
330
17
100
AcDbEntity
  8
VISTA
100
AcDbPolyline
 90
8
 70
1
 10
297.4825
 20
4.2983
 10
297.4842
 20
4.3
 10
297.5158
 20
4.3
 10
297.5175
 20
4.2983
 10
297.5175
 20
3.2517
 10
297.5158
 20
3.25
 10
297.483349
 20
3.2505
 10
297.4825
 20
4.2983
  0
LWPOLYLINE
  5
A85
330
17
100
AcDbEntity
  8
VISTA
100
AcDbPolyline
 90
8
 70
1
 10
298.602501
 20
4.2983
 10
298.6042
 20
4.3
 10
298.635801
 20
4.3
 10
298.637501
 20
4.2983
 10
298.637501
 20
3.2517
 10
298.635801
 20
3.25
 10
298.60335
 20
3.2505
 10
298.602501
 20
4.2983
  0
LWPOLYLINE
  5
A86
330
17
100
AcDbEntity
  8
VISTA
100
AcDbPolyline
 90
8
 70
1
 10
299.7225
 20
4.2983
 10
299.724199
 20
4.3
 10
299.7558
 20
4.3
 10
299.7575
 20
4.2983
 10
299.7575
 20
3.2517
 10
299.7558
 20
3.25
 10
299.723349
 20
3.2505
 10
299.7225
 20
4.2983
  0
LWPOLYLINE
  5
A87
330
17
100
AcDbEntity
  8
VISTA
100
AcDbPolyline
 90
8
 70
1
 10
300.84250099999997
 20
4.2983
 10
300.8442
 20
4.3
 10
300.875801
 20
4.3
 10
300.877501
 20
4.2983
 10
300.877501
 20
3.2517
 10
300.875801
 20
3.25
 10
300.843349
 20
3.2505
 10
300.84250099999997
 20
4.2983
  0
LWPOLYLINE
  5
A88
330
17
100
AcDbEntity
  8
VISTA
100
AcDbPolyline
 90
8
 70
1
 10
301.9625
 20
4.2983
 10
301.964199
 20
4.3
 10
301.9958
 20
4.3
 10
301.997499
 20
4.2983
 10
301.997499
 20
3.2517
 10
301.9958
 20
3.25
 10
301.963348
 20
3.2505
 10
301.9625
 20
4.2983
  0
LWPOLYLINE
  5
A89
330
17
100
AcDbEntity
  8
VISTA
100
AcDbPolyline
 90
5
 70
1
 10
293.125556
 20
4.257
 10
293.124557
 20
3.33
 10
293.113557
 20
3.331
 10
293.11385
 20
4.257707
 10
293.125556
 20
4.257
  0
LWPOLYLINE
  5
A8A
330
17
100
AcDbEntity
  8
VISTA
100
AcDbPolyline
 90
5
 70
1
 10
293.225111
 20
4.257
 10
293.224112
 20
3.33
 10
293.213112
 20
3.331
 10
293.213405
 20
4.257707
 10
293.225111
 20
4.257
  0
LWPOLYLINE
  5
A8B
330
17
100
AcDbEntity
  8
VISTA
100
AcDbPolyline
 90
5
 70
1
 10
293.324667
 20
4.257
 10
293.323668
 20
3.33
 10
293.312668
 20
3.331
 10
293.312961
 20
4.257707
 10
293.324667
 20
4.257
  0
LWPOLYLINE
  5
A8C
330
17
100
AcDbEntity
  8
VISTA
100
AcDbPolyline
 90
5
 70
1
 10
293.424222
 20
4.257
 10
293.423223
 20
3.33
 10
293.412223
 20
3.331
 10
293.412516
 20
4.257707
 10
293.424222
 20
4.257
  0
LWPOLYLINE
  5
A8D
330
17
100
AcDbEntity
  8
VISTA
100
AcDbPolyline
 90
5
 70
1
 10
293.523778
 20
4.257
 10
293.522779
 20
3.33
 10
293.511779
 20
3.331
 10
293.512072
 20
4.257707
 10
293.523778
 20
4.257
  0
LWPOLYLINE
  5
A8E
330
17
100
AcDbEntity
  8
VISTA
100
AcDbPolyline
 90
5
 70
1
 10
293.623333
 20
4.257
 10
293.622334
 20
3.33
 10
293.611334
 20
3.331
 10
293.611627
 20
4.257707
 10
293.623333
 20
4.257
  0
LWPOLYLINE
  5
A8F
330
17
100
AcDbEntity
  8
VISTA
100
AcDbPolyline
 90
5
 70
1
 10
293.722889
 20
4.257
 10
293.721889
 20
3.33
 10
293.71089
 20
3.331
 10
293.711183
 20
4.257707
 10
293.722889
 20
4.257
  0
LWPOLYLINE
  5
A90
330
17
100
AcDbEntity
  8
VISTA
100
AcDbPolyline
 90
5
 70
1
 10
293.822444
 20
4.257
 10
293.821445
 20
3.33
 10
293.810445
 20
3.331
 10
293.810738
 20
4.257707
 10
293.822444
 20
4.257
  0
LWPOLYLINE
  5
A91
330
17
100
AcDbEntity
  8
VISTA
100
AcDbPolyline
 90
5
 70
1
 10
293.922
 20
4.257
 10
293.921
 20
3.33
 10
293.910001
 20
3.331
 10
293.910294
 20
4.257707
 10
293.922
 20
4.257
  0
LWPOLYLINE
  5
A92
330
17
100
AcDbEntity
  8
VISTA
100
AcDbPolyline
 90
5
 70
1
 10
294.021556
 20
4.257
 10
294.020556
 20
3.33
 10
294.009557
 20
3.331
 10
294.00985000000003
 20
4.257707
 10
294.021556
 20
4.257
  0
LWPOLYLINE
  5
A93
330
17
100
AcDbEntity
  8
VISTA
100
AcDbPolyline
 90
5
 70
1
 10
294.121111
 20
4.257
 10
294.120111
 20
3.33
 10
294.109112
 20
3.331
 10
294.109405
 20
4.257707
 10
294.121111
 20
4.257
  0
LWPOLYLINE
  5
A94
330
17
100
AcDbEntity
  8
VISTA
100
AcDbPolyline
 90
5
 70
1
 10
294.220667
 20
4.257
 10
294.219667
 20
3.33
 10
294.208668
 20
3.331
 10
294.208961
 20
4.257707
 10
294.220667
 20
4.257
  0
LWPOLYLINE
  5
A95
330
17
100
AcDbEntity
  8
VISTA
100
AcDbPolyline
 90
5
 70
1
 10
294.320222
 20
4.257
 10
294.319222
 20
3.33
 10
294.308223
 20
3.331
 10
294.308516
 20
4.257707
 10
294.320222
 20
4.257
  0
LWPOLYLINE
  5
A96
330
17
100
AcDbEntity
  8
VISTA
100
AcDbPolyline
 90
5
 70
1
 10
294.419778
 20
4.257
 10
294.418778
 20
3.33
 10
294.407779
 20
3.331
 10
294.408072
 20
4.257707
 10
294.419778
 20
4.257
  0
LWPOLYLINE
  5
A97
330
17
100
AcDbEntity
  8
VISTA
100
AcDbPolyline
 90
5
 70
1
 10
294.519334
 20
4.257
 10
294.518334
 20
3.33
 10
294.507335
 20
3.331
 10
294.507627
 20
4.257707
 10
294.519334
 20
4.257
  0
LWPOLYLINE
  5
A98
330
17
100
AcDbEntity
  8
VISTA
100
AcDbPolyline
 90
5
 70
1
 10
294.618889
 20
4.257
 10
294.617889
 20
3.33
 10
294.60689
 20
3.331
 10
294.607183
 20
4.257707
 10
294.618889
 20
4.257
  0
LWPOLYLINE
  5
A99
330
17
100
AcDbEntity
  8
VISTA
100
AcDbPolyline
 90
5
 70
1
 10
294.718444
 20
4.257
 10
294.717444
 20
3.33
 10
294.706445
 20
3.331
 10
294.706738
 20
4.257707
 10
294.718444
 20
4.257
  0
LWPOLYLINE
  5
A9A
330
17
100
AcDbEntity
  8
VISTA
100
AcDbPolyline
 90
5
 70
1
 10
294.818
 20
4.257
 10
294.817
 20
3.33
 10
294.806001
 20
3.331
 10
294.806293
 20
4.257707
 10
294.818
 20
4.257
  0
LWPOLYLINE
  5
A9B
330
17
100
AcDbEntity
  8
VISTA
100
AcDbPolyline
 90
5
 70
1
 10
294.917556
 20
4.257
 10
294.916556
 20
3.33
 10
294.905557
 20
3.331
 10
294.905849
 20
4.257707
 10
294.917556
 20
4.257
  0
LWPOLYLINE
  5
A9C
330
17
100
AcDbEntity
  8
VISTA
100
AcDbPolyline
 90
5
 70
1
 10
295.017111
 20
4.257
 10
295.016111
 20
3.33
 10
295.005112
 20
3.331
 10
295.005404
 20
4.257707
 10
295.017111
 20
4.257
  0
LWPOLYLINE
  5
A9D
330
17
100
AcDbEntity
  8
VISTA
100
AcDbPolyline
 90
5
 70
1
 10
295.116667
 20
4.257
 10
295.115667
 20
3.33
 10
295.104668
 20
3.331
 10
295.10496
 20
4.257707
 10
295.116667
 20
4.257
  0
LWPOLYLINE
  5
A9E
330
17
100
AcDbEntity
  8
VISTA
100
AcDbPolyline
 90
5
 70
1
 10
295.216222
 20
4.257
 10
295.215222
 20
3.33
 10
295.204223
 20
3.331
 10
295.204515
 20
4.257707
 10
295.216222
 20
4.257
  0
LWPOLYLINE
  5
A9F
330
17
100
AcDbEntity
  8
VISTA
100
AcDbPolyline
 90
5
 70
1
 10
295.315778
 20
4.257
 10
295.314778
 20
3.33
 10
295.303779
 20
3.331
 10
295.304071
 20
4.257707
 10
295.315778
 20
4.257
  0
LWPOLYLINE
  5
AA0
330
17
100
AcDbEntity
  8
VISTA
100
AcDbPolyline
 90
5
 70
1
 10
295.415334
 20
4.257
 10
295.414334
 20
3.33
 10
295.403335
 20
3.331
 10
295.40362700000003
 20
4.257707
 10
295.415334
 20
4.257
  0
LWPOLYLINE
  5
AA1
330
17
100
AcDbEntity
  8
VISTA
100
AcDbPolyline
 90
5
 70
1
 10
295.514889
 20
4.257
 10
295.513889
 20
3.33
 10
295.50289
 20
3.331
 10
295.503182
 20
4.257707
 10
295.514889
 20
4.257
  0
LWPOLYLINE
  5
AA2
330
17
100
AcDbEntity
  8
VISTA
100
AcDbPolyline
 90
5
 70
1
 10
295.614444
 20
4.257
 10
295.613444
 20
3.33
 10
295.602445
 20
3.331
 10
295.602737
 20
4.257707
 10
295.614444
 20
4.257
  0
LWPOLYLINE
  5
AA3
330
17
100
AcDbEntity
  8
VISTA
100
AcDbPolyline
 90
5
 70
1
 10
295.714
 20
4.257
 10
295.713
 20
3.33
 10
295.702001
 20
3.331
 10
295.702293
 20
4.257707
 10
295.714
 20
4.257
  0
LWPOLYLINE
  5
AA4
330
17
100
AcDbEntity
  8
VISTA
100
AcDbPolyline
 90
5
 70
1
 10
295.813556
 20
4.257
 10
295.812556
 20
3.33
 10
295.801557
 20
3.331
 10
295.801849
 20
4.257707
 10
295.813556
 20
4.257
  0
LWPOLYLINE
  5
AA5
330
17
100
AcDbEntity
  8
VISTA
100
AcDbPolyline
 90
5
 70
1
 10
295.913111
 20
4.257
 10
295.912111
 20
3.33
 10
295.901112
 20
3.331
 10
295.901404
 20
4.257707
 10
295.913111
 20
4.257
  0
LWPOLYLINE
  5
AA6
330
17
100
AcDbEntity
  8
VISTA
100
AcDbPolyline
 90
5
 70
1
 10
296.012669
 20
4.257
 10
296.011667
 20
3.33
 10
296.000668
 20
3.331
 10
296.000961
 20
4.257707
 10
296.012669
 20
4.257
  0
LWPOLYLINE
  5
AA7
330
17
100
AcDbEntity
  8
VISTA
100
AcDbPolyline
 90
5
 70
1
 10
296.112223
 20
4.257
 10
296.111221
 20
3.33
 10
296.100222
 20
3.331
 10
296.100515
 20
4.257707
 10
296.112223
 20
4.257
  0
LWPOLYLINE
  5
AA8
330
17
100
AcDbEntity
  8
VISTA
100
AcDbPolyline
 90
5
 70
1
 10
296.211779
 20
4.257
 10
296.210777
 20
3.33
 10
296.199778
 20
3.331
 10
296.200071
 20
4.257707
 10
296.211779
 20
4.257
  0
LWPOLYLINE
  5
AA9
330
17
100
AcDbEntity
  8
VISTA
100
AcDbPolyline
 90
5
 70
1
 10
296.311335
 20
4.257
 10
296.310333
 20
3.33
 10
296.299334
 20
3.331
 10
296.299627
 20
4.257707
 10
296.311335
 20
4.257
  0
LWPOLYLINE
  5
AAA
330
17
100
AcDbEntity
  8
VISTA
100
AcDbPolyline
 90
5
 70
1
 10
296.410889
 20
4.257
 10
296.409887
 20
3.33
 10
296.398888
 20
3.331
 10
296.399181
 20
4.257707
 10
296.410889
 20
4.257
  0
LWPOLYLINE
  5
AAB
330
17
100
AcDbEntity
  8
VISTA
100
AcDbPolyline
 90
5
 70
1
 10
296.510445
 20
4.257
 10
296.509443
 20
3.33
 10
296.498444
 20
3.331
 10
296.498737
 20
4.257707
 10
296.510445
 20
4.257
  0
LWPOLYLINE
  5
AAC
330
17
100
AcDbEntity
  8
VISTA
100
AcDbPolyline
 90
5
 70
1
 10
296.610001
 20
4.257
 10
296.608999
 20
3.33
 10
296.598
 20
3.331
 10
296.598293
 20
4.257707
 10
296.610001
 20
4.257
  0
LWPOLYLINE
  5
AAD
330
17
100
AcDbEntity
  8
VISTA
100
AcDbPolyline
 90
5
 70
1
 10
296.709557
 20
4.257
 10
296.708555
 20
3.33
 10
296.697556
 20
3.331
 10
296.697849
 20
4.257707
 10
296.709557
 20
4.257
  0
LWPOLYLINE
  5
AAE
330
17
100
AcDbEntity
  8
VISTA
100
AcDbPolyline
 90
5
 70
1
 10
296.809113
 20
4.257
 10
296.808111
 20
3.33
 10
296.79711199999997
 20
3.331
 10
296.797405
 20
4.257707
 10
296.809113
 20
4.257
  0
LWPOLYLINE
  5
AAF
330
17
100
AcDbEntity
  8
VISTA
100
AcDbPolyline
 90
5
 70
1
 10
296.908667
 20
4.257
 10
296.907665
 20
3.33
 10
296.896666
 20
3.331
 10
296.896959
 20
4.257707
 10
296.908667
 20
4.257
  0
LWPOLYLINE
  5
AB0
330
17
100
AcDbEntity
  8
VISTA
100
AcDbPolyline
 90
5
 70
1
 10
297.008223
 20
4.257
 10
297.007221
 20
3.33
 10
296.996222
 20
3.331
 10
296.996515
 20
4.257707
 10
297.008223
 20
4.257
  0
LWPOLYLINE
  5
AB1
330
17
100
AcDbEntity
  8
VISTA
100
AcDbPolyline
 90
5
 70
1
 10
297.107779
 20
4.257
 10
297.106777
 20
3.33
 10
297.095778
 20
3.331
 10
297.096071
 20
4.257707
 10
297.107779
 20
4.257
  0
LWPOLYLINE
  5
AB2
330
17
100
AcDbEntity
  8
VISTA
100
AcDbPolyline
 90
5
 70
1
 10
297.207335
 20
4.257
 10
297.206333
 20
3.33
 10
297.195333
 20
3.331
 10
297.195627
 20
4.257707
 10
297.207335
 20
4.257
  0
LWPOLYLINE
  5
AB3
330
17
100
AcDbEntity
  8
VISTA
100
AcDbPolyline
 90
5
 70
1
 10
297.306889
 20
4.257
 10
297.305887
 20
3.33
 10
297.294888
 20
3.331
 10
297.295181
 20
4.257707
 10
297.306889
 20
4.257
  0
LWPOLYLINE
  5
AB4
330
17
100
AcDbEntity
  8
VISTA
100
AcDbPolyline
 90
5
 70
1
 10
297.406445
 20
4.257
 10
297.405443
 20
3.33
 10
297.394444
 20
3.331
 10
297.394737
 20
4.257707
 10
297.406445
 20
4.257
  0
LWPOLYLINE
  5
AB5
330
17
100
AcDbEntity
  8
VISTA
100
AcDbPolyline
 90
5
 70
1
 10
297.506001
 20
4.257
 10
297.504999
 20
3.33
 10
297.493999
 20
3.331
 10
297.49429299999997
 20
4.257707
 10
297.506001
 20
4.257
  0
LWPOLYLINE
  5
AB6
330
17
100
AcDbEntity
  8
VISTA
100
AcDbPolyline
 90
5
 70
1
 10
297.605556
 20
4.257
 10
297.604555
 20
3.33
 10
297.593555
 20
3.331
 10
297.593849
 20
4.257707
 10
297.605556
 20
4.257
  0
LWPOLYLINE
  5
AB7
330
17
100
AcDbEntity
  8
VISTA
100
AcDbPolyline
 90
5
 70
1
 10
297.705112
 20
4.257
 10
297.704111
 20
3.33
 10
297.693111
 20
3.331
 10
297.693405
 20
4.257707
 10
297.705112
 20
4.257
  0
LWPOLYLINE
  5
AB8
330
17
100
AcDbEntity
  8
VISTA
100
AcDbPolyline
 90
5
 70
1
 10
297.804668
 20
4.257
 10
297.803667
 20
3.33
 10
297.792667
 20
3.331
 10
297.792961
 20
4.257707
 10
297.804668
 20
4.257
  0
LWPOLYLINE
  5
AB9
330
17
100
AcDbEntity
  8
VISTA
100
AcDbPolyline
 90
5
 70
1
 10
297.904222
 20
4.257
 10
297.903221
 20
3.33
 10
297.892221
 20
3.331
 10
297.892515
 20
4.257707
 10
297.904222
 20
4.257
  0
LWPOLYLINE
  5
ABA
330
17
100
AcDbEntity
  8
VISTA
100
AcDbPolyline
 90
5
 70
1
 10
298.003778
 20
4.257
 10
298.002777
 20
3.33
 10
297.991777
 20
3.331
 10
297.992071
 20
4.257707
 10
298.003778
 20
4.257
  0
LWPOLYLINE
  5
ABB
330
17
100
AcDbEntity
  8
VISTA
100
AcDbPolyline
 90
5
 70
1
 10
298.103334
 20
4.257
 10
298.102333
 20
3.33
 10
298.091333
 20
3.331
 10
298.091627
 20
4.257707
 10
298.103334
 20
4.257
  0
LWPOLYLINE
  5
ABC
330
17
100
AcDbEntity
  8
VISTA
100
AcDbPolyline
 90
5
 70
1
 10
298.20288800000003
 20
4.257
 10
298.201887
 20
3.33
 10
298.190887
 20
3.331
 10
298.19118100000003
 20
4.257707
 10
298.20288800000003
 20
4.257
  0
LWPOLYLINE
  5
ABD
330
17
100
AcDbEntity
  8
VISTA
100
AcDbPolyline
 90
5
 70
1
 10
298.302444
 20
4.257
 10
298.301443
 20
3.33
 10
298.290443
 20
3.331
 10
298.290737
 20
4.257707
 10
298.302444
 20
4.257
  0
LWPOLYLINE
  5
ABE
330
17
100
AcDbEntity
  8
VISTA
100
AcDbPolyline
 90
5
 70
1
 10
298.402
 20
4.257
 10
298.400999
 20
3.33
 10
298.389999
 20
3.331
 10
298.390293
 20
4.257707
 10
298.402
 20
4.257
  0
LWPOLYLINE
  5
ABF
330
17
100
AcDbEntity
  8
VISTA
100
AcDbPolyline
 90
5
 70
1
 10
298.501556
 20
4.257
 10
298.500555
 20
3.33
 10
298.489555
 20
3.331
 10
298.489849
 20
4.257707
 10
298.501556
 20
4.257
  0
LWPOLYLINE
  5
AC0
330
17
100
AcDbEntity
  8
VISTA
100
AcDbPolyline
 90
5
 70
1
 10
298.601112
 20
4.257
 10
298.60011099999997
 20
3.33
 10
298.589111
 20
3.331
 10
298.589405
 20
4.257707
 10
298.601112
 20
4.257
  0
LWPOLYLINE
  5
AC1
330
17
100
AcDbEntity
  8
VISTA
100
AcDbPolyline
 90
5
 70
1
 10
298.700666
 20
4.257
 10
298.699665
 20
3.33
 10
298.688665
 20
3.331
 10
298.688959
 20
4.257707
 10
298.700666
 20
4.257
  0
LWPOLYLINE
  5
AC2
330
17
100
AcDbEntity
  8
VISTA
100
AcDbPolyline
 90
5
 70
1
 10
298.800222
 20
4.257
 10
298.799221
 20
3.33
 10
298.788221
 20
3.331
 10
298.788515
 20
4.257707
 10
298.800222
 20
4.257
  0
LWPOLYLINE
  5
AC3
330
17
100
AcDbEntity
  8
VISTA
100
AcDbPolyline
 90
5
 70
1
 10
298.899778
 20
4.257
 10
298.898777
 20
3.33
 10
298.887777
 20
3.331
 10
298.888071
 20
4.257707
 10
298.899778
 20
4.257
  0
LWPOLYLINE
  5
AC4
330
17
100
AcDbEntity
  8
VISTA
100
AcDbPolyline
 90
5
 70
1
 10
298.999334
 20
4.257
 10
298.998333
 20
3.33
 10
298.987333
 20
3.331
 10
298.987627
 20
4.257707
 10
298.999334
 20
4.257
  0
LWPOLYLINE
  5
AC5
330
17
100
AcDbEntity
  8
VISTA
100
AcDbPolyline
 90
5
 70
1
 10
299.098888
 20
4.257
 10
299.097887
 20
3.33
 10
299.086887
 20
3.331
 10
299.087181
 20
4.257707
 10
299.098888
 20
4.257
  0
LWPOLYLINE
  5
AC6
330
17
100
AcDbEntity
  8
VISTA
100
AcDbPolyline
 90
5
 70
1
 10
299.198444
 20
4.257
 10
299.197443
 20
3.33
 10
299.186443
 20
3.331
 10
299.186737
 20
4.257707
 10
299.198444
 20
4.257
  0
LWPOLYLINE
  5
AC7
330
17
100
AcDbEntity
  8
VISTA
100
AcDbPolyline
 90
5
 70
1
 10
299.298
 20
4.257
 10
299.296999
 20
3.33
 10
299.285999
 20
3.331
 10
299.286293
 20
4.257707
 10
299.298
 20
4.257
  0
LWPOLYLINE
  5
AC8
330
17
100
AcDbEntity
  8
VISTA
100
AcDbPolyline
 90
5
 70
1
 10
299.397556
 20
4.257
 10
299.396555
 20
3.33
 10
299.385555
 20
3.331
 10
299.385849
 20
4.257707
 10
299.397556
 20
4.257
  0
LWPOLYLINE
  5
AC9
330
17
100
AcDbEntity
  8
VISTA
100
AcDbPolyline
 90
5
 70
1
 10
299.497112
 20
4.257
 10
299.496111
 20
3.33
 10
299.485111
 20
3.331
 10
299.485405
 20
4.257707
 10
299.497112
 20
4.257
  0
LWPOLYLINE
  5
ACA
330
17
100
AcDbEntity
  8
VISTA
100
AcDbPolyline
 90
5
 70
1
 10
299.596666
 20
4.257
 10
299.595665
 20
3.33
 10
299.584665
 20
3.331
 10
299.584959
 20
4.257707
 10
299.596666
 20
4.257
  0
LWPOLYLINE
  5
ACB
330
17
100
AcDbEntity
  8
VISTA
100
AcDbPolyline
 90
5
 70
1
 10
299.696222
 20
4.257
 10
299.695221
 20
3.33
 10
299.684221
 20
3.331
 10
299.684515
 20
4.257707
 10
299.696222
 20
4.257
  0
LWPOLYLINE
  5
ACC
330
17
100
AcDbEntity
  8
VISTA
100
AcDbPolyline
 90
5
 70
1
 10
299.795778
 20
4.257
 10
299.794777
 20
3.33
 10
299.783777
 20
3.331
 10
299.784071
 20
4.257707
 10
299.795778
 20
4.257
  0
LWPOLYLINE
  5
ACD
330
17
100
AcDbEntity
  8
VISTA
100
AcDbPolyline
 90
5
 70
1
 10
299.895334
 20
4.257
 10
299.894333
 20
3.33
 10
299.883333
 20
3.331
 10
299.883627
 20
4.257707
 10
299.895334
 20
4.257
  0
LWPOLYLINE
  5
ACE
330
17
100
AcDbEntity
  8
VISTA
100
AcDbPolyline
 90
5
 70
1
 10
299.994888
 20
4.257
 10
299.993887
 20
3.33
 10
299.982887
 20
3.331
 10
299.983181
 20
4.257707
 10
299.994888
 20
4.257
  0
LWPOLYLINE
  5
ACF
330
17
100
AcDbEntity
  8
VISTA
100
AcDbPolyline
 90
5
 70
1
 10
300.094444
 20
4.257
 10
300.093443
 20
3.33
 10
300.082443
 20
3.331
 10
300.082737
 20
4.257707
 10
300.094444
 20
4.257
  0
LWPOLYLINE
  5
AD0
330
17
100
AcDbEntity
  8
VISTA
100
AcDbPolyline
 90
5
 70
1
 10
300.194
 20
4.257
 10
300.192999
 20
3.33
 10
300.181999
 20
3.331
 10
300.182293
 20
4.257707
 10
300.194
 20
4.257
  0
LWPOLYLINE
  5
AD1
330
17
100
AcDbEntity
  8
VISTA
100
AcDbPolyline
 90
5
 70
1
 10
300.293556
 20
4.257
 10
300.292555
 20
3.33
 10
300.281555
 20
3.331
 10
300.281849
 20
4.257707
 10
300.293556
 20
4.257
  0
LWPOLYLINE
  5
AD2
330
17
100
AcDbEntity
  8
VISTA
100
AcDbPolyline
 90
5
 70
1
 10
300.393112
 20
4.257
 10
300.392111
 20
3.33
 10
300.381111
 20
3.331
 10
300.381405
 20
4.257707
 10
300.393112
 20
4.257
  0
LWPOLYLINE
  5
AD3
330
17
100
AcDbEntity
  8
VISTA
100
AcDbPolyline
 90
5
 70
1
 10
300.492668
 20
4.257
 10
300.491667
 20
3.33
 10
300.480667
 20
3.331
 10
300.480961
 20
4.257707
 10
300.492668
 20
4.257
  0
LWPOLYLINE
  5
AD4
330
17
100
AcDbEntity
  8
VISTA
100
AcDbPolyline
 90
5
 70
1
 10
300.592224
 20
4.257
 10
300.591223
 20
3.33
 10
300.580223
 20
3.331
 10
300.580517
 20
4.257707
 10
300.592224
 20
4.257
  0
LWPOLYLINE
  5
AD5
330
17
100
AcDbEntity
  8
VISTA
100
AcDbPolyline
 90
5
 70
1
 10
300.691778
 20
4.257
 10
300.690777
 20
3.33
 10
300.679777
 20
3.331
 10
300.680071
 20
4.257707
 10
300.691778
 20
4.257
  0
LWPOLYLINE
  5
AD6
330
17
100
AcDbEntity
  8
VISTA
100
AcDbPolyline
 90
5
 70
1
 10
300.791334
 20
4.257
 10
300.790333
 20
3.33
 10
300.779333
 20
3.331
 10
300.779627
 20
4.257707
 10
300.791334
 20
4.257
  0
LWPOLYLINE
  5
AD7
330
17
100
AcDbEntity
  8
VISTA
100
AcDbPolyline
 90
5
 70
1
 10
300.890888
 20
4.257
 10
300.889887
 20
3.33
 10
300.878887
 20
3.331
 10
300.879181
 20
4.257707
 10
300.890888
 20
4.257
  0
LWPOLYLINE
  5
AD8
330
17
100
AcDbEntity
  8
VISTA
100
AcDbPolyline
 90
5
 70
1
 10
300.990444
 20
4.257
 10
300.989443
 20
3.33
 10
300.97844299999997
 20
3.331
 10
300.978737
 20
4.257707
 10
300.990444
 20
4.257
  0
LWPOLYLINE
  5
AD9
330
17
100
AcDbEntity
  8
VISTA
100
AcDbPolyline
 90
5
 70
1
 10
301.09
 20
4.257
 10
301.088999
 20
3.33
 10
301.077999
 20
3.331
 10
301.078293
 20
4.257707
 10
301.09
 20
4.257
  0
LWPOLYLINE
  5
ADA
330
17
100
AcDbEntity
  8
VISTA
100
AcDbPolyline
 90
5
 70
1
 10
301.189556
 20
4.257
 10
301.188555
 20
3.33
 10
301.177555
 20
3.331
 10
301.177849
 20
4.257707
 10
301.189556
 20
4.257
  0
LWPOLYLINE
  5
ADB
330
17
100
AcDbEntity
  8
VISTA
100
AcDbPolyline
 90
5
 70
1
 10
301.289112
 20
4.257
 10
301.288111
 20
3.33
 10
301.277111
 20
3.331
 10
301.277405
 20
4.257707
 10
301.289112
 20
4.257
  0
LWPOLYLINE
  5
ADC
330
17
100
AcDbEntity
  8
VISTA
100
AcDbPolyline
 90
5
 70
1
 10
301.388668
 20
4.257
 10
301.387667
 20
3.33
 10
301.376667
 20
3.331
 10
301.376961
 20
4.257707
 10
301.388668
 20
4.257
  0
LWPOLYLINE
  5
ADD
330
17
100
AcDbEntity
  8
VISTA
100
AcDbPolyline
 90
5
 70
1
 10
301.488222
 20
4.257
 10
301.487221
 20
3.33
 10
301.476221
 20
3.331
 10
301.476515
 20
4.257707
 10
301.488222
 20
4.257
  0
LWPOLYLINE
  5
ADE
330
17
100
AcDbEntity
  8
VISTA
100
AcDbPolyline
 90
5
 70
1
 10
301.587778
 20
4.257
 10
301.586777
 20
3.33
 10
301.575777
 20
3.331
 10
301.576071
 20
4.257707
 10
301.587778
 20
4.257
  0
LWPOLYLINE
  5
ADF
330
17
100
AcDbEntity
  8
VISTA
100
AcDbPolyline
 90
5
 70
1
 10
301.687332
 20
4.257
 10
301.686331
 20
3.33
 10
301.675331
 20
3.331
 10
301.675625
 20
4.257707
 10
301.687332
 20
4.257
  0
LWPOLYLINE
  5
AE0
330
17
100
AcDbEntity
  8
VISTA
100
AcDbPolyline
 90
5
 70
1
 10
301.786888
 20
4.257
 10
301.785887
 20
3.33
 10
301.774887
 20
3.331
 10
301.775181
 20
4.257707
 10
301.786888
 20
4.257
  0
LWPOLYLINE
  5
AE1
330
17
100
AcDbEntity
  8
VISTA
100
AcDbPolyline
 90
5
 70
1
 10
301.886444
 20
4.257
 10
301.885443
 20
3.33
 10
301.874443
 20
3.331
 10
301.874737
 20
4.257707
 10
301.886444
 20
4.257
  0
LWPOLYLINE
  5
AE2
330
17
100
AcDbEntity
  8
VISTA
100
AcDbPolyline
 90
8
 70
1
 10
293.0705
 20
3.266
 10
293.0725
 20
3.264
 10
293.0725
 20
3.256
 10
293.0705
 20
3.254
 10
292.969501
 20
3.254
 10
292.967501
 20
3.256
 10
292.96808599999997
 20
3.265414
 10
293.0705
 20
3.266
  0
LWPOLYLINE
  5
AE3
330
17
100
AcDbEntity
  8
VISTA
100
AcDbPolyline
 90
8
 70
1
 10
293.0705
 20
3.266
 10
293.0725
 20
3.264
 10
293.0725
 20
3.256
 10
293.0705
 20
3.254
 10
292.969501
 20
3.254
 10
292.967501
 20
3.256
 10
292.96808599999997
 20
3.265414
 10
293.0705
 20
3.266
  0
LWPOLYLINE
  5
AE4
330
17
100
AcDbEntity
  8
VISTA
100
AcDbPolyline
 90
8
 70
1
 10
294.1905
 20
3.266
 10
294.1925
 20
3.264
 10
294.1925
 20
3.256
 10
294.1905
 20
3.254
 10
294.0895
 20
3.254
 10
294.087501
 20
3.256
 10
294.088086
 20
3.265414
 10
294.1905
 20
3.266
  0
LWPOLYLINE
  5
AE5
330
17
100
AcDbEntity
  8
VISTA
100
AcDbPolyline
 90
8
 70
1
 10
295.3105
 20
3.266
 10
295.3125
 20
3.264
 10
295.3125
 20
3.256
 10
295.3105
 20
3.254
 10
295.2095
 20
3.254
 10
295.2075
 20
3.256
 10
295.208086
 20
3.265414
 10
295.3105
 20
3.266
  0
LWPOLYLINE
  5
AE6
330
17
100
AcDbEntity
  8
VISTA
100
AcDbPolyline
 90
8
 70
1
 10
296.4305
 20
3.266
 10
296.432499
 20
3.264
 10
296.432499
 20
3.256
 10
296.4305
 20
3.254
 10
296.329498
 20
3.254
 10
296.327499
 20
3.256
 10
296.328085
 20
3.265414
 10
296.4305
 20
3.266
  0
LWPOLYLINE
  5
AE7
330
17
100
AcDbEntity
  8
VISTA
100
AcDbPolyline
 90
8
 70
1
 10
297.550501
 20
3.266
 10
297.5525
 20
3.264
 10
297.5525
 20
3.256
 10
297.550501
 20
3.254
 10
297.449499
 20
3.254
 10
297.4475
 20
3.256
 10
297.448086
 20
3.265414
 10
297.550501
 20
3.266
  0
LWPOLYLINE
  5
AE8
330
17
100
AcDbEntity
  8
VISTA
100
AcDbPolyline
 90
8
 70
1
 10
298.670502
 20
3.266
 10
298.672501
 20
3.264
 10
298.672501
 20
3.256
 10
298.670502
 20
3.254
 10
298.5695
 20
3.254
 10
298.567501
 20
3.256
 10
298.568087
 20
3.265414
 10
298.670502
 20
3.266
  0
LWPOLYLINE
  5
AE9
330
17
100
AcDbEntity
  8
VISTA
100
AcDbPolyline
 90
8
 70
1
 10
299.790501
 20
3.266
 10
299.7925
 20
3.264
 10
299.7925
 20
3.256
 10
299.790501
 20
3.254
 10
299.689499
 20
3.254
 10
299.6875
 20
3.256
 10
299.688086
 20
3.265414
 10
299.790501
 20
3.266
  0
LWPOLYLINE
  5
AEA
330
17
100
AcDbEntity
  8
VISTA
100
AcDbPolyline
 90
8
 70
1
 10
300.910501
 20
3.266
 10
300.9125
 20
3.264
 10
300.9125
 20
3.256
 10
300.910501
 20
3.254
 10
300.8095
 20
3.254
 10
300.807501
 20
3.256
 10
300.808086
 20
3.265414
 10
300.910501
 20
3.266
  0
LWPOLYLINE
  5
AEB
330
17
100
AcDbEntity
  8
VISTA
100
AcDbPolyline
 90
8
 70
1
 10
302.0305
 20
3.266
 10
302.03249900000003
 20
3.264
 10
302.03249900000003
 20
3.256
 10
302.0305
 20
3.254
 10
301.929499
 20
3.254
 10
301.9275
 20
3.256
 10
301.928085
 20
3.265414
 10
302.0305
 20
3.266
  0
LWPOLYLINE
  5
AEC
330
17
100
AcDbEntity
  8
VISTA
100
AcDbPolyline
 90
5
 70
1
 10
293.0
 20
3.234
 10
302.0
 20
3.234
 10
302.0
 20
3.199
 10
293.0
 20
3.199
 10
293.0
 20
3.234
  0
LWPOLYLINE
  5
AED
330
17
100
AcDbEntity
  8
VISTA
100
AcDbPolyline
 90
5
 70
1
 10
292.992001
 20
3.283
 10
292.992001
 20
3.265
 10
292.98199999999997
 20
3.265
 10
292.982245
 20
3.283
 10
292.992001
 20
3.283
  0
LWPOLYLINE
  5
AEE
330
17
100
AcDbEntity
  8
VISTA
100
AcDbPolyline
 90
5
 70
1
 10
293.058001
 20
3.283
 10
293.058001
 20
3.265
 10
293.048
 20
3.265
 10
293.048245
 20
3.283
 10
293.058001
 20
3.283
  0
LWPOLYLINE
  5
AEF
330
17
100
AcDbEntity
  8
VISTA
100
AcDbPolyline
 90
5
 70
1
 10
292.992001
 20
3.283
 10
292.992001
 20
3.265
 10
292.98199999999997
 20
3.265
 10
292.982245
 20
3.283
 10
292.992001
 20
3.283
  0
LWPOLYLINE
  5
AF0
330
17
100
AcDbEntity
  8
VISTA
100
AcDbPolyline
 90
5
 70
1
 10
293.058001
 20
3.283
 10
293.058001
 20
3.265
 10
293.048
 20
3.265
 10
293.048245
 20
3.283
 10
293.058001
 20
3.283
  0
LWPOLYLINE
  5
AF1
330
17
100
AcDbEntity
  8
VISTA
100
AcDbPolyline
 90
5
 70
1
 10
294.112
 20
3.283
 10
294.112
 20
3.265
 10
294.102
 20
3.265
 10
294.102245
 20
3.283
 10
294.112
 20
3.283
  0
LWPOLYLINE
  5
AF2
330
17
100
AcDbEntity
  8
VISTA
100
AcDbPolyline
 90
5
 70
1
 10
294.178
 20
3.283
 10
294.178
 20
3.265
 10
294.168
 20
3.265
 10
294.168245
 20
3.283
 10
294.178
 20
3.283
  0
LWPOLYLINE
  5
AF3
330
17
100
AcDbEntity
  8
VISTA
100
AcDbPolyline
 90
5
 70
1
 10
295.23199999999997
 20
3.283
 10
295.23199999999997
 20
3.265
 10
295.222
 20
3.265
 10
295.222245
 20
3.283
 10
295.23199999999997
 20
3.283
  0
LWPOLYLINE
  5
AF4
330
17
100
AcDbEntity
  8
VISTA
100
AcDbPolyline
 90
5
 70
1
 10
295.298
 20
3.283
 10
295.298
 20
3.265
 10
295.288
 20
3.265
 10
295.288245
 20
3.283
 10
295.298
 20
3.283
  0
LWPOLYLINE
  5
AF5
330
17
100
AcDbEntity
  8
VISTA
100
AcDbPolyline
 90
5
 70
1
 10
296.351997
 20
3.283
 10
296.351997
 20
3.265
 10
296.341999
 20
3.265
 10
296.342243
 20
3.283
 10
296.351997
 20
3.283
  0
LWPOLYLINE
  5
AF6
330
17
100
AcDbEntity
  8
VISTA
100
AcDbPolyline
 90
5
 70
1
 10
296.417999
 20
3.283
 10
296.417999
 20
3.265
 10
296.408001
 20
3.265
 10
296.408245
 20
3.283
 10
296.417999
 20
3.283
  0
LWPOLYLINE
  5
AF7
330
17
100
AcDbEntity
  8
VISTA
100
AcDbPolyline
 90
5
 70
1
 10
297.471998
 20
3.283
 10
297.471998
 20
3.265
 10
297.462
 20
3.265
 10
297.462244
 20
3.283
 10
297.471998
 20
3.283
  0
LWPOLYLINE
  5
AF8
330
17
100
AcDbEntity
  8
VISTA
100
AcDbPolyline
 90
5
 70
1
 10
297.538
 20
3.283
 10
297.538
 20
3.265
 10
297.528002
 20
3.265
 10
297.528246
 20
3.283
 10
297.538
 20
3.283
  0
LWPOLYLINE
  5
AF9
330
17
100
AcDbEntity
  8
VISTA
100
AcDbPolyline
 90
5
 70
1
 10
298.591999
 20
3.283
 10
298.591999
 20
3.265
 10
298.582001
 20
3.265
 10
298.582245
 20
3.283
 10
298.591999
 20
3.283
  0
LWPOLYLINE
  5
AFA
330
17
100
AcDbEntity
  8
VISTA
100
AcDbPolyline
 90
5
 70
1
 10
298.658001
 20
3.283
 10
298.658001
 20
3.265
 10
298.648003
 20
3.265
 10
298.648247
 20
3.283
 10
298.658001
 20
3.283
  0
LWPOLYLINE
  5
AFB
330
17
100
AcDbEntity
  8
VISTA
100
AcDbPolyline
 90
5
 70
1
 10
299.711998
 20
3.283
 10
299.711998
 20
3.265
 10
299.702
 20
3.265
 10
299.702244
 20
3.283
 10
299.711998
 20
3.283
  0
LWPOLYLINE
  5
AFC
330
17
100
AcDbEntity
  8
VISTA
100
AcDbPolyline
 90
5
 70
1
 10
299.778
 20
3.283
 10
299.778
 20
3.265
 10
299.768002
 20
3.265
 10
299.768246
 20
3.283
 10
299.778
 20
3.283
  0
LWPOLYLINE
  5
AFD
330
17
100
AcDbEntity
  8
VISTA
100
AcDbPolyline
 90
5
 70
1
 10
300.831999
 20
3.283
 10
300.831999
 20
3.265
 10
300.822001
 20
3.265
 10
300.822245
 20
3.283
 10
300.831999
 20
3.283
  0
LWPOLYLINE
  5
AFE
330
17
100
AcDbEntity
  8
VISTA
100
AcDbPolyline
 90
5
 70
1
 10
300.898001
 20
3.283
 10
300.898001
 20
3.265
 10
300.88800200000003
 20
3.265
 10
300.888247
 20
3.283
 10
300.898001
 20
3.283
  0
LWPOLYLINE
  5
AFF
330
17
100
AcDbEntity
  8
VISTA
100
AcDbPolyline
 90
5
 70
1
 10
301.951998
 20
3.283
 10
301.951998
 20
3.265
 10
301.941999
 20
3.265
 10
301.942244
 20
3.283
 10
301.951998
 20
3.283
  0
LWPOLYLINE
  5
B00
330
17
100
AcDbEntity
  8
VISTA
100
AcDbPolyline
 90
5
 70
1
 10
302.01800000000003
 20
3.283
 10
302.01800000000003
 20
3.265
 10
302.008001
 20
3.265
 10
302.008245
 20
3.283
 10
302.01800000000003
 20
3.283
  0
LWPOLYLINE
  5
B01
330
17
100
AcDbEntity
  8
VISTA
100
AcDbPolyline
 90
5
 70
1
 10
292.975
 20
3.0875
 10
302.025
 20
3.0875
 10
302.025
 20
3.0325
 10
292.975
 20
3.0325
 10
292.975
 20
3.0875
  0
LWPOLYLINE
  5
B02
330
17
100
AcDbEntity
  8
VISTA
100
AcDbPolyline
 90
9
 70
1
 10
301.9
 20
1.9955
 10
301.904499
 20
2.0
 10
302.0555
 20
2.0
 10
302.059999
 20
1.9955
 10
302.059999
 20
0.0045
 10
302.0555
 20
0.0
 10
301.904499
 20
0.0
 10
301.9
 20
0.0045
 10
301.9
 20
1.9955
  0
LINE
  5
B03
330
17
100
AcDbEntity
  8
VISTA
100
AcDbLine
 10
292.5
 20
0.0
 30
0.0
 11
302.7
 21
0.0
 31
0.0
  0
TEXT
  5
B04
330
17
100
AcDbEntity
  8
TEXTOS
100
AcDbText
 10
292.7
 20
0.1
 30
0.0
 40
0.13
  1
+0,00 modelo
100
AcDbText
  0
TEXT
  5
B05
330
17
100
AcDbEntity
  8
TEXTOS
100
AcDbText
 10
292.7
 20
3.3000000000000003
 30
0.0
 40
0.13
  1
+3,20 losa
100
AcDbText
  0
TEXT
  5
B06
330
17
100
AcDbEntity
  8
TEXTOS
100
AcDbText
 10
292.7
 20
6.5
 30
0.0
 40
0.13
  1
+6,40 base fuente
100
AcDbText
  0
TEXT
  5
B07
330
17
100
AcDbEntity
  8
TEXTOS
100
AcDbText
 10
292.7
 20
7.1
 30
0.0
 40
0.13
  1
+7,00 estudio
100
AcDbText
  0
TEXT
  5
B08
330
17
100
AcDbEntity
  8
TEXTOS
100
AcDbText
 10
292.7
 20
8.2
 30
0.0
 40
0.13
  1
+8,10 cumbrera
100
AcDbText
  0
DIMENSION
  5
B09
330
17
100
AcDbEntity
  8
COTAS
100
AcDbDimension
280
0
  2
*D2
  3
Standard
 10
294.0
 20
-0.9
 30
0.0
 11
298.0
 21
-0.9
 31
0.0
 70
32
 71
5
  1
<>
100
AcDbAlignedDimension
 13
294.0
 23
0.0
 33
0.0
 14
302.0
 24
0.0
 34
0.0
 50
0.0
100
AcDbRotatedDimension
1001
ACAD
1000
DSTYLE
1002
{
1070
140
1040
0.13
1070
41
1040
0.09
1002
}
  0
ENDSEC
  0
SECTION
  2
OBJECTS
  0
DICTIONARY
  5
A
330
0
100
AcDbDictionary
281
1
  3
ACAD_COLOR
350
B
  3
ACAD_GROUP
350
C
  3
ACAD_LAYOUT
350
D
  3
ACAD_MATERIAL
350
E
  3
ACAD_MLEADERSTYLE
350
F
  3
ACAD_MLINESTYLE
350
10
  3
ACAD_PLOTSETTINGS
350
11
  3
ACAD_PLOTSTYLENAME
350
12
  3
ACAD_SCALELIST
350
14
  3
ACAD_TABLESTYLE
350
15
  3
ACAD_VISUALSTYLE
350
16
  3
EZDXF_META
350
2D
  0
DICTIONARY
  5
B
330
A
100
AcDbDictionary
281
1
  0
DICTIONARY
  5
C
330
A
100
AcDbDictionary
281
1
  0
DICTIONARY
  5
D
330
A
100
AcDbDictionary
281
1
  3
Model
350
1A
  3
Layout1
350
1E
  0
DICTIONARY
  5
E
330
A
100
AcDbDictionary
281
1
  3
ByBlock
350
1F
  3
ByLayer
350
20
  3
Global
350
21
  0
DICTIONARY
  5
F
330
A
100
AcDbDictionary
281
1
  3
Standard
350
2C
  0
DICTIONARY
  5
10
330
A
100
AcDbDictionary
281
1
  3
Standard
350
22
  0
DICTIONARY
  5
11
330
A
100
AcDbDictionary
281
1
  0
ACDBDICTIONARYWDFLT
  5
12
330
A
100
AcDbDictionary
281
1
  3
Normal
350
13
100
AcDbDictionaryWithDefault
340
13
  0
ACDBPLACEHOLDER
  5
13
330
12
  0
DICTIONARY
  5
14
330
A
100
AcDbDictionary
281
1
  0
DICTIONARY
  5
15
330
A
100
AcDbDictionary
281
1
  0
DICTIONARY
  5
16
330
A
100
AcDbDictionary
281
1
  0
LAYOUT
  5
1A
330
D
100
AcDbPlotSettings
  1

  4
A3
  6

 40
7.5
 41
20.0
 42
7.5
 43
20.0
 44
420.0
 45
297.0
 46
0.0
 47
0.0
 48
0.0
 49
0.0
140
0.0
141
0.0
142
1.0
143
1.0
 70
1024
 72
1
 73
0
 74
5
  7

 75
16
 76
0
 77
2
 78
300
147
1.0
148
0.0
149
0.0
100
AcDbLayout
  1
Model
 70
1
 71
0
 10
0.0
 20
0.0
 11
420.0
 21
297.0
 12
0.0
 22
0.0
 32
0.0
 14
1e+20
 24
1e+20
 34
1e+20
 15
-1e+20
 25
-1e+20
 35
-1e+20
146
0.0
 13
0.0
 23
0.0
 33
0.0
 16
1.0
 26
0.0
 36
0.0
 17
0.0
 27
1.0
 37
0.0
 76
1
330
17
  0
LAYOUT
  5
1E
330
D
100
AcDbPlotSettings
  1

  4
A3
  6

 40
7.5
 41
20.0
 42
7.5
 43
20.0
 44
420.0
 45
297.0
 46
0.0
 47
0.0
 48
0.0
 49
0.0
140
0.0
141
0.0
142
1.0
143
1.0
 70
0
 72
1
 73
0
 74
5
  7

 75
16
 76
0
 77
2
 78
300
147
1.0
148
0.0
149
0.0
100
AcDbLayout
  1
Layout1
 70
1
 71
1
 10
0.0
 20
0.0
 11
420.0
 21
297.0
 12
0.0
 22
0.0
 32
0.0
 14
1e+20
 24
1e+20
 34
1e+20
 15
-1e+20
 25
-1e+20
 35
-1e+20
146
0.0
 13
0.0
 23
0.0
 33
0.0
 16
1.0
 26
0.0
 36
0.0
 17
0.0
 27
1.0
 37
0.0
 76
1
330
1B
  0
MATERIAL
  5
1F
102
{ACAD_REACTORS
330
E
102
}
330
E
100
AcDbMaterial
  1
ByBlock
  2

 70
0
 40
1.0
 71
1
 41
1.0
 91
-1023410177
 42
1.0
 72
1
  3

 73
1
 74
1
 75
1
 44
0.5
 73
0
 45
1.0
 46
1.0
 77
1
  4

 78
1
 79
1
170
1
 48
1.0
171
1
  6

172
1
173
1
174
1
140
1.0
141
1.0
175
1
  7

176
1
177
1
178
1
143
1.0
179
1
  8

270
1
271
1
272
1
145
1.0
146
1.0
273
1
  9

274
1
275
1
276
1
 42
1.0
 72
1
  3

 73
1
 74
1
 75
1
 94
63
  0
MATERIAL
  5
20
102
{ACAD_REACTORS
330
E
102
}
330
E
100
AcDbMaterial
  1
ByLayer
  2

 70
0
 40
1.0
 71
1
 41
1.0
 91
-1023410177
 42
1.0
 72
1
  3

 73
1
 74
1
 75
1
 44
0.5
 73
0
 45
1.0
 46
1.0
 77
1
  4

 78
1
 79
1
170
1
 48
1.0
171
1
  6

172
1
173
1
174
1
140
1.0
141
1.0
175
1
  7

176
1
177
1
178
1
143
1.0
179
1
  8

270
1
271
1
272
1
145
1.0
146
1.0
273
1
  9

274
1
275
1
276
1
 42
1.0
 72
1
  3

 73
1
 74
1
 75
1
 94
63
  0
MATERIAL
  5
21
102
{ACAD_REACTORS
330
E
102
}
330
E
100
AcDbMaterial
  1
Global
  2

 70
0
 40
1.0
 71
1
 41
1.0
 91
-1023410177
 42
1.0
 72
1
  3

 73
1
 74
1
 75
1
 44
0.5
 73
0
 45
1.0
 46
1.0
 77
1
  4

 78
1
 79
1
170
1
 48
1.0
171
1
  6

172
1
173
1
174
1
140
1.0
141
1.0
175
1
  7

176
1
177
1
178
1
143
1.0
179
1
  8

270
1
271
1
272
1
145
1.0
146
1.0
273
1
  9

274
1
275
1
276
1
 42
1.0
 72
1
  3

 73
1
 74
1
 75
1
 94
63
  0
MLINESTYLE
  5
22
102
{ACAD_REACTORS
330
10
102
}
330
10
100
AcDbMlineStyle
  2
Standard
 70
0
  3

 62
256
 51
90.0
 52
90.0
 71
2
 49
0.5
 62
256
  6
BYLAYER
 49
-0.5
 62
256
  6
BYLAYER
  0
MLEADERSTYLE
  5
2C
102
{ACAD_REACTORS
330
F
102
}
330
F
100
AcDbMLeaderStyle
179
2
170
2
171
1
172
0
 90
2
 40
0.0
 41
0.0
173
1
 91
-1056964608
 92
-2
290
1
 42
2.0
291
1
 43
8.0
  3
Standard
 44
4.0
300

342
29
174
1
175
1
176
0
178
1
 93
-1056964608
 45
4.0
292
0
297
0
 46
4.0
 94
-1056964608
 47
1.0
 49
1.0
140
1.0
294
1
141
0.0
177
0
142
1.0
295
0
296
0
143
3.75
271
0
272
9
273
9
  0
DICTIONARY
  5
2D
330
A
100
AcDbDictionary
280
1
281
1
  3
CREATED_BY_EZDXF
350
2E
  3
WRITTEN_BY_EZDXF
350
B1B
  0
DICTIONARYVAR
  5
2E
330
2D
100
DictionaryVariables
280
0
  1
1.4.4 @ 2026-09-10T18:24:27.520410+00:00
  0
DICTIONARYVAR
  5
B1B
330
2D
100
DictionaryVariables
280
0
  1
1.4.4 @ 2026-09-10T18:24:34.637384+00:00
  0
ENDSEC
  0
EOF
