  0
SECTION
  2
HEADER
  9
$ACADVER
  1
AC1024
  9
$ACADMAINTVER
 70
6
  9
$DWGCODEPAGE
  3
ANSI_1252
  9
$LASTSAVEDBY
  1
ezdxf
  9
$INSBASE
 10
0.0
 20
0.0
 30
0.0
  9
$EXTMIN
 10
1e+20
 20
1e+20
 30
1e+20
  9
$EXTMAX
 10
-1e+20
 20
-1e+20
 30
-1e+20
  9
$LIMMIN
 10
0.0
 20
0.0
  9
$LIMMAX
 10
420.0
 20
297.0
  9
$ORTHOMODE
 70
0
  9
$REGENMODE
 70
1
  9
$FILLMODE
 70
1
  9
$QTEXTMODE
 70
0
  9
$MIRRTEXT
 70
1
  9
$LTSCALE
 40
1.0
  9
$ATTMODE
 70
1
  9
$TEXTSIZE
 40
2.5
  9
$TRACEWID
 40
1.0
  9
$TEXTSTYLE
  7
Standard
  9
$CLAYER
  8
0
  9
$CELTYPE
  6
ByLayer
  9
$CECOLOR
 62
256
  9
$CELTSCALE
 40
1.0
  9
$DISPSILH
 70
0
  9
$DIMSCALE
 40
1.0
  9
$DIMASZ
 40
2.5
  9
$DIMEXO
 40
0.625
  9
$DIMDLI
 40
3.75
  9
$DIMRND
 40
0.0
  9
$DIMDLE
 40
0.0
  9
$DIMEXE
 40
1.25
  9
$DIMTP
 40
0.0
  9
$DIMTM
 40
0.0
  9
$DIMTXT
 40
2.5
  9
$DIMCEN
 40
2.5
  9
$DIMTSZ
 40
0.0
  9
$DIMTOL
 70
0
  9
$DIMLIM
 70
0
  9
$DIMTIH
 70
0
  9
$DIMTOH
 70
0
  9
$DIMSE1
 70
0
  9
$DIMSE2
 70
0
  9
$DIMTAD
 70
1
  9
$DIMZIN
 70
8
  9
$DIMBLK
  1

  9
$DIMASO
 70
1
  9
$DIMSHO
 70
1
  9
$DIMPOST
  1

  9
$DIMAPOST
  1

  9
$DIMALT
 70
0
  9
$DIMALTD
 70
3
  9
$DIMALTF
 40
0.03937007874
  9
$DIMLFAC
 40
1.0
  9
$DIMTOFL
 70
1
  9
$DIMTVP
 40
0.0
  9
$DIMTIX
 70
0
  9
$DIMSOXD
 70
0
  9
$DIMSAH
 70
0
  9
$DIMBLK1
  1

  9
$DIMBLK2
  1

  9
$DIMSTYLE
  2
ISO-25
  9
$DIMCLRD
 70
0
  9
$DIMCLRE
 70
0
  9
$DIMCLRT
 70
0
  9
$DIMTFAC
 40
1.0
  9
$DIMGAP
 40
0.625
  9
$DIMJUST
 70
0
  9
$DIMSD1
 70
0
  9
$DIMSD2
 70
0
  9
$DIMTOLJ
 70
0
  9
$DIMTZIN
 70
8
  9
$DIMALTZ
 70
0
  9
$DIMALTTZ
 70
0
  9
$DIMUPT
 70
0
  9
$DIMDEC
 70
2
  9
$DIMTDEC
 70
2
  9
$DIMALTU
 70
2
  9
$DIMALTTD
 70
3
  9
$DIMTXSTY
  7
Standard
  9
$DIMAUNIT
 70
0
  9
$DIMADEC
 70
0
  9
$DIMALTRND
 40
0.0
  9
$DIMAZIN
 70
0
  9
$DIMDSEP
 70
44
  9
$DIMATFIT
 70
3
  9
$DIMFRAC
 70
0
  9
$DIMLDRBLK
  1

  9
$DIMLUNIT
 70
2
  9
$DIMLWD
 70
-2
  9
$DIMLWE
 70
-2
  9
$DIMTMOVE
 70
0
  9
$DIMFXL
 40
1.0
  9
$DIMFXLON
 70
0
  9
$DIMJOGANG
 40
0.785398163397
  9
$DIMTFILL
 70
0
  9
$DIMTFILLCLR
 70
0
  9
$DIMARCSYM
 70
0
  9
$DIMLTYPE
  6

  9
$DIMLTEX1
  6

  9
$DIMLTEX2
  6

  9
$DIMTXTDIRECTION
 70
0
  9
$LUNITS
 70
2
  9
$LUPREC
 70
4
  9
$SKETCHINC
 40
1.0
  9
$FILLETRAD
 40
10.0
  9
$AUNITS
 70
0
  9
$AUPREC
 70
2
  9
$MENU
  1
.
  9
$ELEVATION
 40
0.0
  9
$PELEVATION
 40
0.0
  9
$THICKNESS
 40
0.0
  9
$LIMCHECK
 70
0
  9
$CHAMFERA
 40
0.0
  9
$CHAMFERB
 40
0.0
  9
$CHAMFERC
 40
0.0
  9
$CHAMFERD
 40
0.0
  9
$SKPOLY
 70
0
  9
$TDCREATE
 40
2461294.823715278
  9
$TDUCREATE
 40
2458532.153996898
  9
$TDUPDATE
 40
2461294.823715278
  9
$TDUUPDATE
 40
2458532.1544311
  9
$TDINDWG
 40
0.0
  9
$TDUSRTIMER
 40
0.0
  9
$USRTIMER
 70
1
  9
$ANGBASE
 50
0.0
  9
$ANGDIR
 70
0
  9
$PDMODE
 70
0
  9
$PDSIZE
 40
0.0
  9
$PLINEWID
 40
0.0
  9
$SPLFRAME
 70
0
  9
$SPLINETYPE
 70
6
  9
$SPLINESEGS
 70
8
  9
$HANDSEED
  5
30D
  9
$SURFTAB1
 70
6
  9
$SURFTAB2
 70
6
  9
$SURFTYPE
 70
6
  9
$SURFU
 70
6
  9
$SURFV
 70
6
  9
$UCSBASE
  2

  9
$UCSNAME
  2

  9
$UCSORG
 10
0.0
 20
0.0
 30
0.0
  9
$UCSXDIR
 10
1.0
 20
0.0
 30
0.0
  9
$UCSYDIR
 10
0.0
 20
1.0
 30
0.0
  9
$UCSORTHOREF
  2

  9
$UCSORTHOVIEW
 70
0
  9
$UCSORGTOP
 10
0.0
 20
0.0
 30
0.0
  9
$UCSORGBOTTOM
 10
0.0
 20
0.0
 30
0.0
  9
$UCSORGLEFT
 10
0.0
 20
0.0
 30
0.0
  9
$UCSORGRIGHT
 10
0.0
 20
0.0
 30
0.0
  9
$UCSORGFRONT
 10
0.0
 20
0.0
 30
0.0
  9
$UCSORGBACK
 10
0.0
 20
0.0
 30
0.0
  9
$PUCSBASE
  2

  9
$PUCSNAME
  2

  9
$PUCSORG
 10
0.0
 20
0.0
 30
0.0
  9
$PUCSXDIR
 10
1.0
 20
0.0
 30
0.0
  9
$PUCSYDIR
 10
0.0
 20
1.0
 30
0.0
  9
$PUCSORTHOREF
  2

  9
$PUCSORTHOVIEW
 70
0
  9
$PUCSORGTOP
 10
0.0
 20
0.0
 30
0.0
  9
$PUCSORGBOTTOM
 10
0.0
 20
0.0
 30
0.0
  9
$PUCSORGLEFT
 10
0.0
 20
0.0
 30
0.0
  9
$PUCSORGRIGHT
 10
0.0
 20
0.0
 30
0.0
  9
$PUCSORGFRONT
 10
0.0
 20
0.0
 30
0.0
  9
$PUCSORGBACK
 10
0.0
 20
0.0
 30
0.0
  9
$USERI1
 70
0
  9
$USERI2
 70
0
  9
$USERI3
 70
0
  9
$USERI4
 70
0
  9
$USERI5
 70
0
  9
$USERR1
 40
0.0
  9
$USERR2
 40
0.0
  9
$USERR3
 40
0.0
  9
$USERR4
 40
0.0
  9
$USERR5
 40
0.0
  9
$WORLDVIEW
 70
1
  9
$SHADEDGE
 70
3
  9
$SHADEDIF
 70
70
  9
$TILEMODE
 70
1
  9
$MAXACTVP
 70
64
  9
$PINSBASE
 10
0.0
 20
0.0
 30
0.0
  9
$PLIMCHECK
 70
0
  9
$PEXTMIN
 10
1e+20
 20
1e+20
 30
1e+20
  9
$PEXTMAX
 10
-1e+20
 20
-1e+20
 30
-1e+20
  9
$PLIMMIN
 10
0.0
 20
0.0
  9
$PLIMMAX
 10
420.0
 20
297.0
  9
$UNITMODE
 70
0
  9
$VISRETAIN
 70
1
  9
$PLINEGEN
 70
0
  9
$PSLTSCALE
 70
1
  9
$TREEDEPTH
 70
3020
  9
$CMLSTYLE
  2
Standard
  9
$CMLJUST
 70
0
  9
$CMLSCALE
 40
20.0
  9
$PROXYGRAPHICS
 70
1
  9
$MEASUREMENT
 70
1
  9
$CELWEIGHT
370
-1
  9
$ENDCAPS
280
0
  9
$JOINSTYLE
280
0
  9
$LWDISPLAY
290
0
  9
$INSUNITS
 70
6
  9
$HYPERLINKBASE
  1

  9
$STYLESHEET
  1

  9
$XEDIT
290
1
  9
$CEPSNTYPE
380
0
  9
$PSTYLEMODE
290
1
  9
$FINGERPRINTGUID
  2
{6830A936-B260-45B0-8C1B-B4A56885A595}
  9
$VERSIONGUID
  2
{904C74E5-EB34-4F87-8302-F0F0F41DE7C7}
  9
$EXTNAMES
290
1
  9
$PSVPSCALE
 40
0.0
  9
$OLESTARTUP
290
0
  9
$SORTENTS
280
127
  9
$INDEXCTL
280
0
  9
$HIDETEXT
280
1
  9
$XCLIPFRAME
280
1
  9
$HALOGAP
280
0
  9
$OBSCOLOR
 70
257
  9
$OBSLTYPE
280
0
  9
$INTERSECTIONDISPLAY
280
0
  9
$INTERSECTIONCOLOR
 70
257
  9
$DIMASSOC
280
2
  9
$PROJECTNAME
  1

  9
$CAMERADISPLAY
290
0
  9
$LENSLENGTH
 40
50.0
  9
$CAMERAHEIGHT
 40
0.0
  9
$STEPSPERSEC
 40
24.0
  9
$STEPSIZE
 40
100.0
  9
$3DDWFPREC
 40
2.0
  9
$PSOLWIDTH
 40
0.005
  9
$PSOLHEIGHT
 40
0.08
  9
$LOFTANG1
 40
1.570796326795
  9
$LOFTANG2
 40
1.570796326795
  9
$LOFTMAG1
 40
0.0
  9
$LOFTMAG2
 40
0.0
  9
$LOFTPARAM
 70
7
  9
$LOFTNORMALS
280
1
  9
$LATITUDE
 40
37.795
  9
$LONGITUDE
 40
-122.394
  9
$NORTHDIRECTION
 40
0.0
  9
$TIMEZONE
 70
-8000
  9
$LIGHTGLYPHDISPLAY
280
1
  9
$TILEMODELIGHTSYNCH
280
1
  9
$CMATERIAL
347
20
  9
$SOLIDHIST
280
0
  9
$SHOWHIST
280
1
  9
$DWFFRAME
280
2
  9
$DGNFRAME
280
2
  9
$REALWORLDSCALE
290
1
  9
$INTERFERECOLOR
 62
256
  9
$CSHADOW
280
0
  9
$SHADOWPLANELOCATION
 40
0.0
  0
ENDSEC
  0
SECTION
  2
CLASSES
  0
CLASS
  1
ACDBDICTIONARYWDFLT
  2
AcDbDictionaryWithDefault
  3
ObjectDBX Classes
 90
0
 91
0
280
0
281
0
  0
CLASS
  1
SUN
  2
AcDbSun
  3
SCENEOE
 90
1153
 91
0
280
0
281
0
  0
CLASS
  1
VISUALSTYLE
  2
AcDbVisualStyle
  3
ObjectDBX Classes
 90
4095
 91
0
280
0
281
0
  0
CLASS
  1
MATERIAL
  2
AcDbMaterial
  3
ObjectDBX Classes
 90
1153
 91
0
280
0
281
0
  0
CLASS
  1
SCALE
  2
AcDbScale
  3
ObjectDBX Classes
 90
1153
 91
0
280
0
281
0
  0
CLASS
  1
TABLESTYLE
  2
AcDbTableStyle
  3
ObjectDBX Classes
 90
4095
 91
0
280
0
281
0
  0
CLASS
  1
MLEADERSTYLE
  2
AcDbMLeaderStyle
  3
ACDB_MLEADERSTYLE_CLASS
 90
4095
 91
0
280
0
281
0
  0
CLASS
  1
DICTIONARYVAR
  2
AcDbDictionaryVar
  3
ObjectDBX Classes
 90
0
 91
0
280
0
281
0
  0
CLASS
  1
CELLSTYLEMAP
  2
AcDbCellStyleMap
  3
ObjectDBX Classes
 90
1152
 91
0
280
0
281
0
  0
CLASS
  1
MENTALRAYRENDERSETTINGS
  2
AcDbMentalRayRenderSettings
  3
SCENEOE
 90
1024
 91
0
280
0
281
0
  0
CLASS
  1
ACDBDETAILVIEWSTYLE
  2
AcDbDetailViewStyle
  3
ObjectDBX Classes
 90
1025
 91
0
280
0
281
0
  0
CLASS
  1
ACDBSECTIONVIEWSTYLE
  2
AcDbSectionViewStyle
  3
ObjectDBX Classes
 90
1025
 91
0
280
0
281
0
  0
CLASS
  1
RASTERVARIABLES
  2
AcDbRasterVariables
  3
ISM
 90
0
 91
0
280
0
281
0
  0
CLASS
  1
ACDBPLACEHOLDER
  2
AcDbPlaceHolder
  3
ObjectDBX Classes
 90
0
 91
0
280
0
281
0
  0
CLASS
  1
LAYOUT
  2
AcDbLayout
  3
ObjectDBX Classes
 90
0
 91
0
280
0
281
0
  0
ENDSEC
  0
SECTION
  2
TABLES
  0
TABLE
  2
VPORT
  5
8
330
0
100
AcDbSymbolTable
 70
1
  0
VPORT
  5
23
330
8
100
AcDbSymbolTableRecord
100
AcDbViewportTableRecord
  2
*Active
 70
0
 10
0.0
 20
0.0
 11
1.0
 21
1.0
 12
0.0
 22
0.0
 13
0.0
 23
0.0
 14
0.5
 24
0.5
 15
0.5
 25
0.5
 16
0.0
 26
0.0
 36
1.0
 17
0.0
 27
0.0
 37
0.0
 40
1000.0
 41
1.34
 42
50.0
 43
0.0
 44
0.0
 50
0.0
 51
0.0
 71
0
 72
1000
 73
1
 74
3
 75
0
 76
0
 77
0
 78
0
281
0
 65
0
146
0.0
  0
ENDTAB
  0
TABLE
  2
LTYPE
  5
2
330
0
100
AcDbSymbolTable
 70
3
  0
LTYPE
  5
24
330
2
100
AcDbSymbolTableRecord
100
AcDbLinetypeTableRecord
  2
ByBlock
 70
0
  3

 72
65
 73
0
 40
0.0
  0
LTYPE
  5
25
330
2
100
AcDbSymbolTableRecord
100
AcDbLinetypeTableRecord
  2
ByLayer
 70
0
  3

 72
65
 73
0
 40
0.0
  0
LTYPE
  5
26
330
2
100
AcDbSymbolTableRecord
100
AcDbLinetypeTableRecord
  2
Continuous
 70
0
  3

 72
65
 73
0
 40
0.0
  0
ENDTAB
  0
TABLE
  2
LAYER
  5
1
330
0
100
AcDbSymbolTable
 70
8
  0
LAYER
  5
27
330
1
100
AcDbSymbolTableRecord
100
AcDbLayerTableRecord
  2
0
 70
0
 62
7
  6
Continuous
370
-3
390
13
347
21
  0
LAYER
  5
28
330
1
100
AcDbSymbolTableRecord
100
AcDbLayerTableRecord
  2
Defpoints
 70
0
 62
7
  6
Continuous
290
0
370
-3
390
13
347
21
  0
LAYER
  5
2F
330
1
100
AcDbSymbolTableRecord
100
AcDbLayerTableRecord
  2
CORTE
 70
0
 62
7
  6
Continuous
370
-3
390
13
347
21
  0
LAYER
  5
30
330
1
100
AcDbSymbolTableRecord
100
AcDbLayerTableRecord
  2
VISTA
 70
0
 62
8
  6
Continuous
370
-3
390
13
347
21
  0
LAYER
  5
31
330
1
100
AcDbSymbolTableRecord
100
AcDbLayerTableRecord
  2
COTAS
 70
0
 62
4
  6
Continuous
370
-3
390
13
347
21
  0
LAYER
  5
32
330
1
100
AcDbSymbolTableRecord
100
AcDbLayerTableRecord
  2
TEXTOS
 70
0
 62
7
  6
Continuous
370
-3
390
13
347
21
  0
LAYER
  5
33
330
1
100
AcDbSymbolTableRecord
100
AcDbLayerTableRecord
  2
EJES
 70
0
 62
3
  6
Continuous
370
-3
390
13
347
21
  0
LAYER
  5
34
330
1
100
AcDbSymbolTableRecord
100
AcDbLayerTableRecord
  2
SISTEMAS
 70
0
 62
5
  6
Continuous
370
-3
390
13
347
21
  0
ENDTAB
  0
TABLE
  2
STYLE
  5
5
330
0
100
AcDbSymbolTable
 70
1
  0
STYLE
  5
29
330
5
100
AcDbSymbolTableRecord
100
AcDbTextStyleTableRecord
  2
Standard
 70
0
 40
0.0
 41
1.0
 50
0.0
 71
0
 42
2.5
  3
txt
  4

  0
ENDTAB
  0
TABLE
  2
VIEW
  5
7
330
0
100
AcDbSymbolTable
 70
0
  0
ENDTAB
  0
TABLE
  2
UCS
  5
6
330
0
100
AcDbSymbolTable
 70
0
  0
ENDTAB
  0
TABLE
  2
APPID
  5
3
330
0
100
AcDbSymbolTable
 70
3
  0
APPID
  5
2A
330
3
100
AcDbSymbolTableRecord
100
AcDbRegAppTableRecord
  2
ACAD
 70
0
  0
APPID
  5
30A
330
3
100
AcDbSymbolTableRecord
100
AcDbRegAppTableRecord
  2
HATCHBACKGROUNDCOLOR
 70
0
  0
APPID
  5
30B
330
3
100
AcDbSymbolTableRecord
100
AcDbRegAppTableRecord
  2
EZDXF
 70
0
  0
ENDTAB
  0
TABLE
  2
DIMSTYLE
  5
4
330
0
100
AcDbSymbolTable
 70
1
100
AcDbDimStyleTable
  0
DIMSTYLE
105
2B
330
4
100
AcDbSymbolTableRecord
100
AcDbDimStyleTableRecord
  2
Standard
 70
0
 40
1.0
 41
2.5
 42
0.625
 43
3.75
 44
1.25
 45
0.0
 46
0.0
 47
0.0
 48
0.0
 49
2.5
140
2.5
141
2.5
142
0.0
143
0.03937007874
144
1.0
145
0.0
146
1.0
147
0.625
148
0.0
 69
0
 70
0
 71
0
 72
0
 73
0
 74
0
 75
0
 76
0
 77
1
 78
8
 79
3
170
0
171
3
172
1
173
0
174
0
175
0
176
0
177
0
178
0
179
2
271
2
272
2
273
2
274
3
275
0
276
0
277
2
278
44
279
0
280
0
281
0
282
0
283
0
284
8
285
0
286
0
288
0
289
3
290
0
371
-2
372
-2
  0
ENDTAB
  0
TABLE
  2
BLOCK_RECORD
  5
9
330
0
100
AcDbSymbolTable
 70
5
  0
BLOCK_RECORD
  5
17
330
9
100
AcDbSymbolTableRecord
100
AcDbBlockTableRecord
  2
*Model_Space
340
1A
 70
0
280
1
281
0
  0
BLOCK_RECORD
  5
1B
330
9
100
AcDbSymbolTableRecord
100
AcDbBlockTableRecord
  2
*Paper_Space
340
1E
 70
0
280
1
281
0
  0
BLOCK_RECORD
  5
2DA
330
9
100
AcDbSymbolTableRecord
100
AcDbBlockTableRecord
  2
*D1
340
0
 70
0
280
1
281
0
  0
BLOCK_RECORD
  5
2DF
330
9
100
AcDbSymbolTableRecord
100
AcDbBlockTableRecord
  2
_CLOSEDFILLED
340
0
 70
0
280
1
281
0
  0
BLOCK_RECORD
  5
2EE
330
9
100
AcDbSymbolTableRecord
100
AcDbBlockTableRecord
  2
*D2
340
0
 70
0
280
1
281
0
  0
ENDTAB
  0
ENDSEC
  0
SECTION
  2
BLOCKS
  0
BLOCK
  5
18
330
17
100
AcDbEntity
  8
0
100
AcDbBlockBegin
  2
*Model_Space
 70
0
 10
0.0
 20
0.0
 30
0.0
  3
*Model_Space
  1

  0
ENDBLK
  5
19
330
17
100
AcDbEntity
  8
0
100
AcDbBlockEnd
  0
BLOCK
  5
1C
330
1B
100
AcDbEntity
  8
0
100
AcDbBlockBegin
  2
*Paper_Space
 70
0
 10
0.0
 20
0.0
 30
0.0
  3
*Paper_Space
  1

  0
ENDBLK
  5
1D
330
1B
100
AcDbEntity
  8
0
100
AcDbBlockEnd
  0
BLOCK
  5
2DB
330
2DA
100
AcDbEntity
  8
0
100
AcDbBlockBegin
  2
*D1
 70
1
 10
0.0
 20
0.0
 30
0.0
  3
*D1
  1

  0
LINE
  5
2DD
330
2DA
100
AcDbEntity
  8
0
100
AcDbLine
 10
1134.2
 20
0.0
 30
0.0
 11
1134.2
 21
0.5
 31
0.0
  0
LINE
  5
2DE
330
2DA
100
AcDbEntity
  8
0
100
AcDbLine
 10
1141.8
 20
0.0
 30
0.0
 11
1141.8
 21
0.5
 31
0.0
  0
INSERT
  5
2E3
330
2DA
100
AcDbEntity
  8
COTAS
100
AcDbBlockReference
  2
_CLOSEDFILLED
 10
1134.2
 20
0.5
 30
0.0
 41
0.09
 42
0.09
 50
180.0
  0
INSERT
  5
2E5
330
2DA
100
AcDbEntity
  8
COTAS
100
AcDbBlockReference
  2
_CLOSEDFILLED
 10
1141.8
 20
0.5
 30
0.0
 41
0.09
 42
0.09
  0
LINE
  5
2E7
330
2DA
100
AcDbEntity
  8
0
100
AcDbLine
 10
1134.29
 20
0.5
 30
0.0
 11
1137.805
 21
0.5
 31
0.0
  0
LINE
  5
2E8
330
2DA
100
AcDbEntity
  8
0
100
AcDbLine
 10
1138.195
 20
0.5
 30
0.0
 11
1141.71
 21
0.5
 31
0.0
  0
MTEXT
  5
2E9
330
2DA
100
AcDbEntity
  8
COTAS
100
AcDbMText
 10
1138.0
 20
0.5
 30
0.0
 40
0.13
 71
5
  1
7,6
  0
POINT
  5
2EA
330
2DA
100
AcDbEntity
  8
Defpoints
100
AcDbPoint
 10
1134.2
 20
0.5
 30
0.0
  0
POINT
  5
2EB
330
2DA
100
AcDbEntity
  8
Defpoints
100
AcDbPoint
 10
1134.2
 20
0.0
 30
0.0
  0
POINT
  5
2EC
330
2DA
100
AcDbEntity
  8
Defpoints
100
AcDbPoint
 10
1141.8
 20
0.0
 30
0.0
  0
ENDBLK
  5
2DC
330
2DA
100
AcDbEntity
  8
0
100
AcDbBlockEnd
  0
BLOCK
  5
2E0
330
2DF
100
AcDbEntity
  8
0
100
AcDbBlockBegin
  2
_CLOSEDFILLED
 70
0
 10
0.0
 20
0.0
 30
0.0
  3
_CLOSEDFILLED
  1

  0
SOLID
  5
2E2
330
2DF
100
AcDbEntity
  8
0
  6
BYBLOCK
 62
0
100
AcDbTrace
 10
-1.0
 20
0.16439898372402537
 30
0.0
 11
0.0
 21
0.0
 31
0.0
 12
-1.0
 22
-0.16439898372402537
 32
0.0
 13
-1.0
 23
-0.16439898372402537
 33
0.0
  0
ENDBLK
  5
2E1
330
2DF
100
AcDbEntity
  8
0
100
AcDbBlockEnd
  0
BLOCK
  5
2EF
330
2EE
100
AcDbEntity
  8
0
100
AcDbBlockBegin
  2
*D2
 70
1
 10
0.0
 20
0.0
 30
0.0
  3
*D2
  1

  0
LINE
  5
2F1
330
2EE
100
AcDbEntity
  8
0
100
AcDbLine
 10
1142.0
 20
-0.2
 30
0.0
 11
1142.4
 21
-0.2
 31
0.0
  0
LINE
  5
2F2
330
2EE
100
AcDbEntity
  8
0
100
AcDbLine
 10
1142.0
 20
-5.8
 30
0.0
 11
1142.4
 21
-5.8
 31
0.0
  0
INSERT
  5
2F3
330
2EE
100
AcDbEntity
  8
COTAS
100
AcDbBlockReference
  2
_CLOSEDFILLED
 10
1142.4
 20
-0.2
 30
0.0
 41
0.09
 42
0.09
 50
270.0
  0
INSERT
  5
2F5
330
2EE
100
AcDbEntity
  8
COTAS
100
AcDbBlockReference
  2
_CLOSEDFILLED
 10
1142.4
 20
-5.8
 30
0.0
 41
0.09
 42
0.09
 50
90.0
  0
LINE
  5
2F7
330
2EE
100
AcDbEntity
  8
0
100
AcDbLine
 10
1142.4
 20
-0.11000000000000001
 30
0.0
 11
1142.4
 21
-2.805
 31
0.0
  0
LINE
  5
2F8
330
2EE
100
AcDbEntity
  8
0
100
AcDbLine
 10
1142.4
 20
-3.195
 30
0.0
 11
1142.4
 21
-5.89
 31
0.0
  0
MTEXT
  5
2F9
330
2EE
100
AcDbEntity
  8
COTAS
100
AcDbMText
 10
1142.4
 20
-3.0
 30
0.0
 40
0.13
 71
5
  1
5,6
 50
90.0
  0
POINT
  5
2FA
330
2EE
100
AcDbEntity
  8
Defpoints
100
AcDbPoint
 10
1142.4
 20
-0.2
 30
0.0
  0
POINT
  5
2FB
330
2EE
100
AcDbEntity
  8
Defpoints
100
AcDbPoint
 10
1142.0
 20
-0.2
 30
0.0
  0
POINT
  5
2FC
330
2EE
100
AcDbEntity
  8
Defpoints
100
AcDbPoint
 10
1142.0
 20
-5.8
 30
0.0
  0
ENDBLK
  5
2F0
330
2EE
100
AcDbEntity
  8
0
100
AcDbBlockEnd
  0
ENDSEC
  0
SECTION
  2
ENTITIES
  0
LWPOLYLINE
  5
35
330
17
100
AcDbEntity
  8
VISTA
100
AcDbPolyline
 90
5
 70
1
 10
1134.0
 20
-6.0
 10
1133.8
 20
-6.0
 10
1133.8
 20
-6.25
 10
1134.0
 20
-6.25
 10
1134.0
 20
-6.0
  0
LWPOLYLINE
  5
36
330
17
100
AcDbEntity
  8
VISTA
100
AcDbPolyline
 90
8
 70
1
 10
1133.8975
 20
-5.048565
 10
1133.899199
 20
-5.050261
 10
1133.9808
 20
-5.050261
 10
1133.982499
 20
-5.048565
 10
1133.982499
 20
-1.151434
 10
1133.9808
 20
-1.149739
 10
1133.897998
 20
-1.150508
 10
1133.8975
 20
-5.048565
  0
LWPOLYLINE
  5
37
330
17
100
AcDbEntity
  8
VISTA
100
AcDbPolyline
 90
4
 70
1
 10
1133.9817581636999
 20
-1.2502512609170697
 10
1133.981757732316
 20
-1.2519159364287735
 10
1133.981757732316
 20
-1.2519159364287682
 10
1133.9817581636999
 20
-1.2502512609170697
  0
LWPOLYLINE
  5
38
330
17
100
AcDbEntity
  8
VISTA
100
AcDbPolyline
 90
4
 70
1
 10
1133.9817581998773
 20
-1.250111654847856
 10
1133.9817581998773
 20
-1.2501116548478564
 10
1133.9817581998773
 20
-1.250111654847856
 10
1133.9817581998773
 20
-1.250111654847856
  0
LWPOLYLINE
  5
39
330
17
100
AcDbEntity
  8
VISTA
100
AcDbPolyline
 90
15
 70
1
 10
1133.875553
 20
-5.113737
 10
1133.875878
 20
-5.114121
 10
1133.876263
 20
-5.114446
 10
1133.877999
 20
-5.115
 10
1134.003736
 20
-5.114446
 10
1134.004121
 20
-5.114121
 10
1134.004446
 20
-5.113737
 10
1134.004999
 20
-5.112
 10
1134.004446
 20
-4.906263
 10
1134.004121
 20
-4.905879
 10
1134.003736
 20
-4.905554
 10
1134.002
 20
-4.905
 10
1133.877999
 20
-4.905
 10
1133.875878
 20
-4.905879
 10
1133.875553
 20
-5.113737
  0
LWPOLYLINE
  5
3A
330
17
100
AcDbEntity
  8
VISTA
100
AcDbPolyline
 90
4
 70
1
 10
1133.876496
 20
-5.113503
 10
1133.876496
 20
-5.114117
 10
1133.875878
 20
-5.114121
 10
1133.876496
 20
-5.113503
  0
LWPOLYLINE
  5
3B
330
17
100
AcDbEntity
  8
VISTA
100
AcDbPolyline
 90
4
 70
1
 10
1134.003503
 20
-5.113503
 10
1134.004117
 20
-5.113503
 10
1134.004121
 20
-5.114121
 10
1134.003503
 20
-5.113503
  0
LWPOLYLINE
  5
3C
330
17
100
AcDbEntity
  8
VISTA
100
AcDbPolyline
 90
4
 70
1
 10
1134.003503
 20
-4.906497
 10
1134.003503
 20
-4.905883
 10
1134.004121
 20
-4.905879
 10
1134.003503
 20
-4.906497
  0
LWPOLYLINE
  5
3D
330
17
100
AcDbEntity
  8
VISTA
100
AcDbPolyline
 90
4
 70
1
 10
1133.876496
 20
-4.906497
 10
1133.875882
 20
-4.906497
 10
1133.875878
 20
-4.905879
 10
1133.876496
 20
-4.906497
  0
LWPOLYLINE
  5
3E
330
17
100
AcDbEntity
  8
VISTA
100
AcDbPolyline
 90
5
 70
1
 10
1133.835
 20
-4.826
 10
1134.185
 20
-4.826
 10
1134.185
 20
-4.824
 10
1133.835
 20
-4.824
 10
1133.835
 20
-4.826
  0
LWPOLYLINE
  5
3F
330
17
100
AcDbEntity
  8
VISTA
100
AcDbPolyline
 90
5
 70
1
 10
1133.835
 20
-5.776
 10
1134.185
 20
-5.776
 10
1134.185
 20
-5.774
 10
1133.835
 20
-5.774
 10
1133.835
 20
-5.776
  0
LWPOLYLINE
  5
40
330
17
100
AcDbEntity
  8
VISTA
100
AcDbPolyline
 90
5
 70
1
 10
1133.999708
 20
-5.999708
 10
1133.999708
 20
-5.000292
 10
1133.8
 20
-5.000292
 10
1133.8
 20
-5.999781936947594
 10
1133.999708
 20
-5.999708
  0
LWPOLYLINE
  5
41
330
17
100
AcDbEntity
  8
VISTA
100
AcDbPolyline
 90
4
 70
1
 10
1133.9997072927074
 20
-5.999707292707294
 10
1133.9997072927074
 20
-5.999707292707293
 10
1133.999708
 20
-5.999708
 10
1133.9997072927074
 20
-5.999707292707294
  0
LWPOLYLINE
  5
42
330
17
100
AcDbEntity
  8
VISTA
100
AcDbPolyline
 90
4
 70
1
 10
1133.9997072927074
 20
-5.000292707292707
 10
1133.9997072927074
 20
-5.000292707292706
 10
1133.999708
 20
-5.000292
 10
1133.9997072927074
 20
-5.000292707292707
  0
LWPOLYLINE
  5
43
330
17
100
AcDbEntity
  8
VISTA
100
AcDbPolyline
 90
5
 70
1
 10
1133.999708
 20
-6.000292
 10
1133.8
 20
-6.000218063052406
 10
1133.8
 20
-6.25
 10
1133.9997400719078
 20
-6.25
 10
1133.999708
 20
-6.000292
  0
LWPOLYLINE
  5
44
330
17
100
AcDbEntity
  8
VISTA
100
AcDbPolyline
 90
9
 70
1
 10
1133.9765
 20
-5.006
 10
1133.978974
 20
-5.004975
 10
1133.98
 20
-5.0025
 10
1133.98
 20
-4.786389
 10
1133.978974
 20
-4.783914
 10
1133.9765
 20
-4.782889
 10
1133.8
 20
-4.782889
 10
1133.8
 20
-5.006
 10
1133.9765
 20
-5.006
  0
LWPOLYLINE
  5
45
330
17
100
AcDbEntity
  8
VISTA
100
AcDbPolyline
 90
4
 70
1
 10
1133.978711
 20
-5.004712
 10
1133.978253
 20
-5.00497
 10
1133.978253
 20
-5.004253
 10
1133.978711
 20
-5.004712
  0
LWPOLYLINE
  5
46
330
17
100
AcDbEntity
  8
VISTA
100
AcDbPolyline
 90
4
 70
1
 10
1133.978253
 20
-4.783919
 10
1133.97897
 20
-4.784636
 10
1133.978253
 20
-4.784636
 10
1133.978253
 20
-4.783919
  0
LWPOLYLINE
  5
47
330
17
100
AcDbEntity
  8
VISTA
100
AcDbPolyline
 90
5
 70
1
 10
1133.8
 20
-4.9945
 10
1133.8
 20
-5.0195
 10
1133.959999
 20
-5.0195
 10
1133.959999
 20
-4.9945
 10
1133.8
 20
-4.9945
  0
LWPOLYLINE
  5
48
330
17
100
AcDbEntity
  8
VISTA
100
AcDbPolyline
 90
8
 70
1
 10
1134.265251
 20
-5.76
 10
1134.269124
 20
-5.758316
 10
1134.27
 20
-4.844
 10
1134.268001
 20
-4.840739
 10
1133.89475
 20
-4.84
 10
1133.890877
 20
-4.841684
 10
1133.891391
 20
-5.758829
 10
1134.265251
 20
-5.76
  0
LWPOLYLINE
  5
49
330
17
100
AcDbEntity
  8
VISTA
100
AcDbPolyline
 90
5
 70
1
 10
1133.8
 20
-4.788333
 10
1133.8
 20
-4.806333
 10
1133.934999
 20
-4.806333
 10
1133.934999
 20
-4.788333
 10
1133.8
 20
-4.788333
  0
LWPOLYLINE
  5
4A
330
17
100
AcDbEntity
  8
VISTA
100
AcDbPolyline
 90
5
 70
1
 10
1133.929999
 20
-4.819189
 10
1133.929299
 20
-4.797889
 10
1133.8
 20
-4.79791849735644
 10
1133.8
 20
-4.819290189148436
 10
1133.929999
 20
-4.819189
  0
LWPOLYLINE
  5
4B
330
17
100
AcDbEntity
  8
VISTA
100
AcDbPolyline
 90
9
 70
1
 10
1136.305
 20
-4.1705
 10
1136.306894
 20
-4.174169
 10
1140.050501
 20
-4.175
 10
1140.054169
 20
-4.173105
 10
1140.055
 20
-1.8295
 10
1140.053106
 20
-1.825831
 10
1136.3095
 20
-1.825
 10
1136.305
 20
-1.8295
 10
1136.305
 20
-4.1705
  0
LWPOLYLINE
  5
4C
330
17
100
AcDbEntity
  8
VISTA
100
AcDbPolyline
 90
5
 70
1
 10
1135.1178
 20
-5.720999
 10
1135.118
 20
-5.715199
 10
1134.277201
 20
-5.715
 10
1134.277059
 20
-5.720799
 10
1135.1178
 20
-5.720999
  0
LWPOLYLINE
  5
4D
330
17
100
AcDbEntity
  8
VISTA
100
AcDbPolyline
 90
5
 70
1
 10
1134.2775
 20
-5.726999
 10
1135.118
 20
-5.7265
 10
1135.1175
 20
-5.709
 10
1134.2775
 20
-5.709146
 10
1134.2775
 20
-5.726999
  0
LWPOLYLINE
  5
4E
330
17
100
AcDbEntity
  8
VISTA
100
AcDbPolyline
 90
5
 70
1
 10
1139.325001
 20
-6.1485
 10
1137.716
 20
-6.1475
 10
1137.715876237158
 20
-6.25
 10
1139.3248271986301
 20
-6.25
 10
1139.325001
 20
-6.1485
  0
LWPOLYLINE
  5
4F
330
17
100
AcDbEntity
  8
VISTA
100
AcDbPolyline
 90
13
 70
1
 10
1137.287001
 20
-3.2
 10
1137.573
 20
-3.2
 10
1137.57795
 20
-3.19795
 10
1137.58
 20
-3.193
 10
1137.58
 20
-2.807
 10
1137.57795
 20
-2.80205
 10
1137.573
 20
-2.8
 10
1137.287001
 20
-2.8
 10
1137.282051
 20
-2.80205
 10
1137.280001
 20
-2.807
 10
1137.280001
 20
-3.193
 10
1137.282051
 20
-3.19795
 10
1137.287001
 20
-3.2
  0
LWPOLYLINE
  5
50
330
17
100
AcDbEntity
  8
VISTA
100
AcDbPolyline
 90
10
 70
1
 10
1137.221699
 20
-1.610716
 10
1137.219999
 20
-1.6117
 10
1137.220312
 20
-1.949284
 10
1137.220715
 20
-1.9483
 10
1137.221699
 20
-1.95
 10
1137.539284
 20
-1.949686
 10
1137.5383
 20
-1.949284
 10
1137.539999
 20
-1.9483
 10
1137.539686
 20
-1.610716
 10
1137.221699
 20
-1.610716
  0
LWPOLYLINE
  5
51
330
17
100
AcDbEntity
  8
VISTA
100
AcDbPolyline
 90
10
 70
1
 10
1137.221699
 20
-4.050715
 10
1137.219999
 20
-4.0517
 10
1137.220312
 20
-4.389284
 10
1137.220715
 20
-4.3883
 10
1137.221699
 20
-4.39
 10
1137.539284
 20
-4.389686
 10
1137.5383
 20
-4.389284
 10
1137.539999
 20
-4.3883
 10
1137.539686
 20
-4.050715
 10
1137.221699
 20
-4.050715
  0
LWPOLYLINE
  5
52
330
17
100
AcDbEntity
  8
VISTA
100
AcDbPolyline
 90
8
 70
1
 10
1139.319355
 20
-6.181474
 10
1139.3165
 20
-6.18
 10
1137.721474
 20
-6.180646
 10
1137.720646
 20
-6.181474
 10
1137.720001
 20
-6.1835
 10
1137.7200782801635
 20
-6.25
 10
1139.3194346345938
 20
-6.25
 10
1139.319355
 20
-6.181474
  0
LWPOLYLINE
  5
53
330
17
100
AcDbEntity
  8
VISTA
100
AcDbPolyline
 90
4
 70
1
 10
1137.721746
 20
-6.18103
 10
1137.721746
 20
-6.181746
 10
1137.721031
 20
-6.181746
 10
1137.721746
 20
-6.18103
  0
LWPOLYLINE
  5
54
330
17
100
AcDbEntity
  8
VISTA
100
AcDbPolyline
 90
4
 70
1
 10
1137.721027817354
 20
-6.181363552056188
 10
1137.721289
 20
-6.181288
 10
1137.721027817354
 20
-6.1813635520561885
 10
1137.721027817354
 20
-6.181363552056188
  0
LWPOLYLINE
  5
55
330
17
100
AcDbEntity
  8
VISTA
100
AcDbPolyline
 90
4
 70
1
 10
1139.318254
 20
-6.18103
 10
1139.31897
 20
-6.181746
 10
1139.318254
 20
-6.181746
 10
1139.318254
 20
-6.18103
  0
LWPOLYLINE
  5
56
330
17
100
AcDbEntity
  8
VISTA
100
AcDbPolyline
 90
8
 70
1
 10
1134.175
 20
-6.144
 10
1134.177
 20
-6.146
 10
1137.523001
 20
-6.146
 10
1137.525
 20
-6.144
 10
1137.525
 20
-6.116
 10
1137.523001
 20
-6.114
 10
1134.175842
 20
-6.114369
 10
1134.175
 20
-6.144
  0
LWPOLYLINE
  5
57
330
17
100
AcDbEntity
  8
VISTA
100
AcDbPolyline
 90
5
 70
1
 10
1134.09
 20
-0.505
 10
1134.09
 20
-0.495
 10
1133.965
 20
-0.495
 10
1133.965
 20
-0.50433
 10
1134.09
 20
-0.505
  0
LWPOLYLINE
  5
58
330
17
100
AcDbEntity
  8
VISTA
100
AcDbPolyline
 90
5
 70
1
 10
1141.088829
 20
-1.858828
 10
1141.088829
 20
-1.241172
 10
1140.471172
 20
-1.241172
 10
1140.471172
 20
-1.858828
 10
1141.088829
 20
-1.858828
  0
LWPOLYLINE
  5
59
330
17
100
AcDbEntity
  8
VISTA
100
AcDbPolyline
 90
5
 70
1
 10
1134.039
 20
-0.51
 10
1134.04
 20
-0.491
 10
1133.8
 20
-0.4903296089385475
 10
1133.8
 20
-0.509804233632554
 10
1134.039
 20
-0.51
  0
LWPOLYLINE
  5
5A
330
17
100
AcDbEntity
  8
VISTA
100
AcDbPolyline
 90
5
 70
1
 10
1141.109707
 20
-1.854707
 10
1141.109707
 20
-1.245293
 10
1140.450294
 20
-1.245293
 10
1140.450294
 20
-1.854707
 10
1141.109707
 20
-1.854707
  0
LWPOLYLINE
  5
5B
330
17
100
AcDbEntity
  8
VISTA
100
AcDbPolyline
 90
6
 70
1
 10
1135.7
 20
-1.013
 10
1136.02
 20
-1.013
 10
1136.021122
 20
-1.004975
 10
1136.02
 20
-0.987
 10
1135.700001
 20
-0.987
 10
1135.7
 20
-1.013
  0
LWPOLYLINE
  5
5C
330
17
100
AcDbEntity
  8
VISTA
100
AcDbPolyline
 90
6
 70
1
 10
1135.55137
 20
-1.283687
 10
1135.71126
 20
-1.006495
 10
1135.704869
 20
-1.001515
 10
1135.688739
 20
-0.993504
 10
1135.529473
 20
-1.271592
 10
1135.55137
 20
-1.283687
  0
LWPOLYLINE
  5
5D
330
17
100
AcDbEntity
  8
VISTA
100
AcDbPolyline
 90
4
 70
1
 10
1135.6451070003895
 20
-1.1192006745261884
 10
1135.6451070004925
 20
-1.119200674347689
 10
1135.6451070002402
 20
-1.1192006747853933
 10
1135.6451070003895
 20
-1.1192006745261884
  0
LWPOLYLINE
  5
5E
330
17
100
AcDbEntity
  8
VISTA
100
AcDbPolyline
 90
6
 70
1
 10
1135.688741
 20
-1.006498
 10
1135.708391
 20
-0.996149
 10
1135.71126
 20
-0.993502
 10
1135.551318
 20
-0.716341
 10
1135.528799
 20
-0.729336
 10
1135.688741
 20
-1.006498
  0
LWPOLYLINE
  5
5F
330
17
100
AcDbEntity
  8
VISTA
100
AcDbPolyline
 90
5
 70
1
 10
1138.600716
 20
-3.679686
 10
1139.119686
 20
-3.679284
 10
1139.119286
 20
-3.480314
 10
1138.600716
 20
-3.480314
 10
1138.600716
 20
-3.679686
  0
LWPOLYLINE
  5
60
330
17
100
AcDbEntity
  8
VISTA
100
AcDbPolyline
 90
5
 70
1
 10
1134.205
 20
-4.84
 10
1134.205
 20
-0.19
 10
1134.155001
 20
-0.19
 10
1134.155001
 20
-4.84
 10
1134.205
 20
-4.84
  0
LWPOLYLINE
  5
61
330
17
100
AcDbEntity
  8
VISTA
100
AcDbPolyline
 90
5
 70
1
 10
1134.155001
 20
-5.785
 10
1134.155001
 20
-5.81
 10
1134.205
 20
-5.81
 10
1134.205
 20
-5.785
 10
1134.155001
 20
-5.785
  0
LWPOLYLINE
  5
62
330
17
100
AcDbEntity
  8
VISTA
100
AcDbPolyline
 90
5
 70
1
 10
1134.22
 20
-5.955
 10
1134.22
 20
-6.005
 10
1141.780001
 20
-6.005
 10
1141.780001
 20
-5.955
 10
1134.22
 20
-5.955
  0
LWPOLYLINE
  5
63
330
17
100
AcDbEntity
  8
VISTA
100
AcDbPolyline
 90
5
 70
1
 10
1134.175
 20
-6.055
 10
1134.175
 20
-6.105
 10
1137.525
 20
-6.105
 10
1137.525
 20
-6.055
 10
1134.175
 20
-6.055
  0
LWPOLYLINE
  5
64
330
17
100
AcDbEntity
  8
VISTA
100
AcDbPolyline
 90
5
 70
1
 10
1134.155001
 20
-6.19
 10
1134.155001
 20
-6.25
 10
1134.205
 20
-6.25
 10
1134.205
 20
-6.19
 10
1134.155001
 20
-6.19
  0
LWPOLYLINE
  5
65
330
17
100
AcDbEntity
  8
VISTA
100
AcDbPolyline
 90
5
 70
1
 10
1139.455
 20
-5.98
 10
1139.455
 20
-6.25
 10
1139.504999
 20
-6.25
 10
1139.504999
 20
-5.98
 10
1139.455
 20
-5.98
  0
LWPOLYLINE
  5
66
330
17
100
AcDbEntity
  8
VISTA
100
AcDbPolyline
 90
5
 70
1
 10
1140.446001
 20
-1.49
 10
1140.446001
 20
-1.35
 10
1140.434
 20
-1.35
 10
1140.434
 20
-1.49
 10
1140.446001
 20
-1.49
  0
LWPOLYLINE
  5
67
330
17
100
AcDbEntity
  8
VISTA
100
AcDbPolyline
 90
5
 70
1
 10
1140.878706
 20
-1.782207
 10
1140.878706
 20
-1.317793
 10
1140.469294
 20
-1.317793
 10
1140.469294
 20
-1.782207
 10
1140.878706
 20
-1.782207
  0
LWPOLYLINE
  5
68
330
17
100
AcDbEntity
  8
VISTA
100
AcDbPolyline
 90
9
 70
1
 10
1140.4475
 20
-1.795
 10
1140.466501
 20
-1.795
 10
1140.469501
 20
-1.792
 10
1140.469501
 20
-1.308
 10
1140.466501
 20
-1.305
 10
1140.4475
 20
-1.305
 10
1140.4445
 20
-1.308
 10
1140.4445
 20
-1.792
 10
1140.4475
 20
-1.795
  0
LWPOLYLINE
  5
69
330
17
100
AcDbEntity
  8
VISTA
100
AcDbPolyline
 90
5
 70
1
 10
1140.446001
 20
-1.49
 10
1140.446001
 20
-1.35
 10
1140.434
 20
-1.35
 10
1140.434
 20
-1.49
 10
1140.446001
 20
-1.49
  0
LWPOLYLINE
  5
6A
330
17
100
AcDbEntity
  8
VISTA
100
AcDbPolyline
 90
39
 70
1
 10
1140.543247
 20
-3.931322
 10
1140.574959
 20
-3.9666
 10
1140.617769
 20
-3.990956
 10
1140.681046
 20
-4.005273
 10
1140.91
 20
-4.01
 10
1140.91
 20
-3.888434
 10
1140.910002
 20
-4.01
 10
1141.138954
 20
-4.005273
 10
1141.202232
 20
-3.990956
 10
1141.245041
 20
-3.9666
 10
1141.276752
 20
-3.931322
 10
1141.300661
 20
-3.883504
 10
1141.3183
 20
-3.820081
 10
1141.330479
 20
-3.734463
 10
1141.337637
 20
-3.607909
 10
1141.34
 20
-3.149998
 10
1141.337637
 20
-2.69209
 10
1141.330479
 20
-2.565537
 10
1141.3183
 20
-2.479918
 10
1141.300661
 20
-2.416495
 10
1141.276752
 20
-2.368678
 10
1141.245041
 20
-2.3334
 10
1141.20223
 20
-2.309044
 10
1141.138954
 20
-2.294726
 10
1140.91
 20
-2.29
 10
1140.681046
 20
-2.294726
 10
1140.617767
 20
-2.309044
 10
1140.574959
 20
-2.3334
 10
1140.543247
 20
-2.368678
 10
1140.519339
 20
-2.416496
 10
1140.501699
 20
-2.479918
 10
1140.489521
 20
-2.565537
 10
1140.482363
 20
-2.69209
 10
1140.48
 20
-3.150001
 10
1140.482363
 20
-3.607909
 10
1140.489521
 20
-3.734463
 10
1140.501699
 20
-3.820081
 10
1140.519339
 20
-3.883504
 10
1140.543247
 20
-3.931322
  0
LWPOLYLINE
  5
6B
330
17
100
AcDbEntity
  8
VISTA
100
AcDbPolyline
 90
5
 70
1
 10
1140.878706
 20
-1.782207
 10
1140.878706
 20
-1.317793
 10
1140.469294
 20
-1.317793
 10
1140.469294
 20
-1.782207
 10
1140.878706
 20
-1.782207
  0
LWPOLYLINE
  5
6C
330
17
100
AcDbEntity
  8
VISTA
100
AcDbPolyline
 90
9
 70
1
 10
1140.4475
 20
-1.795
 10
1140.466501
 20
-1.795
 10
1140.469501
 20
-1.792
 10
1140.469501
 20
-1.308
 10
1140.466501
 20
-1.305
 10
1140.4475
 20
-1.305
 10
1140.4445
 20
-1.308
 10
1140.4445
 20
-1.792
 10
1140.4475
 20
-1.795
  0
LWPOLYLINE
  5
6D
330
17
100
AcDbEntity
  8
VISTA
100
AcDbPolyline
 90
40
 70
1
 10
1140.591093
 20
-2.81749
 10
1140.593819
 20
-2.843263
 10
1140.598459
 20
-2.861174
 10
1140.605143
 20
-2.875048
 10
1140.614004
 20
-2.886178
 10
1140.625202
 20
-2.895153
 10
1140.639013
 20
-2.902322
 10
1140.677046
 20
-2.912156
 10
1140.744047
 20
-2.916847
 10
1140.88999
 20
-2.917423
 10
1140.8899999375
 20
-2.9150865000000916
 10
1140.890009
 20
-2.917423
 10
1141.035952
 20
-2.916847
 10
1141.075584
 20
-2.915104
 10
1141.124043
 20
-2.907932
 10
1141.140985
 20
-2.902322
 10
1141.165995
 20
-2.886178
 10
1141.174856
 20
-2.875048
 10
1141.18154
 20
-2.861174
 10
1141.18618
 20
-2.843263
 10
1141.188906
 20
-2.81749
 10
1141.1898
 20
-2.723333
 10
1141.188906
 20
-2.629177
 10
1141.18618
 20
-2.603404
 10
1141.18154
 20
-2.585494
 10
1141.174856
 20
-2.571619
 10
1141.165995
 20
-2.560489
 10
1141.140985
 20
-2.544346
 10
1141.102953
 20
-2.534512
 10
1141.035952
 20
-2.52982
 10
1140.744047
 20
-2.52982
 10
1140.704414
 20
-2.531563
 10
1140.655956
 20
-2.538735
 10
1140.639013
 20
-2.544346
 10
1140.614004
 20
-2.560489
 10
1140.605143
 20
-2.571619
 10
1140.598459
 20
-2.585494
 10
1140.593819
 20
-2.603404
 10
1140.591093
 20
-2.629177
 10
1140.591093
 20
-2.81749
  0
LWPOLYLINE
  5
6E
330
17
100
AcDbEntity
  8
VISTA
100
AcDbPolyline
 90
36
 70
1
 10
1140.677691
 20
-2.907803
 10
1140.640699
 20
-2.898258
 10
1140.617117
 20
-2.88307
 10
1140.608879
 20
-2.872726
 10
1140.602606
 20
-2.859699
 10
1140.598158
 20
-2.842533
 10
1140.595491
 20
-2.817358
 10
1140.595491
 20
-2.629309
 10
1140.598158
 20
-2.604135
 10
1140.602606
 20
-2.586968
 10
1140.608879
 20
-2.573941
 10
1140.617117
 20
-2.563597
 10
1140.640699
 20
-2.548409
 10
1140.677691
 20
-2.538864
 10
1140.744102
 20
-2.53422
 10
1140.889999
 20
-2.533644
 10
1141.035896
 20
-2.53422
 10
1141.102308
 20
-2.538864
 10
1141.139299
 20
-2.548409
 10
1141.162882
 20
-2.563597
 10
1141.17112
 20
-2.573941
 10
1141.177393
 20
-2.586968
 10
1141.181841
 20
-2.604135
 10
1141.184507
 20
-2.629309
 10
1141.1854
 20
-2.723333
 10
1141.184507
 20
-2.817358
 10
1141.181841
 20
-2.842533
 10
1141.177393
 20
-2.859699
 10
1141.17112
 20
-2.872726
 10
1141.162882
 20
-2.88307
 10
1141.139299
 20
-2.898258
 10
1141.122942
 20
-2.903672
 10
1141.075277
 20
-2.910715
 10
1141.035896
 20
-2.912448
 10
1140.744102
 20
-2.912448
 10
1140.677691
 20
-2.907803
  0
LWPOLYLINE
  5
6F
330
17
100
AcDbEntity
  8
VISTA
100
AcDbPolyline
 90
4
 70
1
 10
1140.5966713025998
 20
-2.852075097958027
 10
1140.5966713025998
 20
-2.852075097958042
 10
1140.5966713025998
 20
-2.85207509795803
 10
1140.5966713025998
 20
-2.852075097958027
  0
LWPOLYLINE
  5
70
330
17
100
AcDbEntity
  8
VISTA
100
AcDbPolyline
 90
4
 70
1
 10
1140.619943718924
 20
-2.8902318141025694
 10
1140.619943718924
 20
-2.8902318141025702
 10
1140.619943718924
 20
-2.8902318141025662
 10
1140.619943718924
 20
-2.8902318141025694
  0
LWPOLYLINE
  5
71
330
17
100
AcDbEntity
  8
VISTA
100
AcDbPolyline
 90
4
 70
1
 10
1140.691142493232
 20
-2.536863293746108
 10
1140.691142493232
 20
-2.536863293746109
 10
1140.691142493232
 20
-2.536863293746108
 10
1140.691142493232
 20
-2.536863293746108
  0
LWPOLYLINE
  5
72
330
17
100
AcDbEntity
  8
VISTA
100
AcDbPolyline
 90
39
 70
1
 10
1140.591093
 20
-3.244157
 10
1140.593819
 20
-3.269929
 10
1140.598459
 20
-3.28784
 10
1140.605143
 20
-3.301715
 10
1140.614004
 20
-3.312845
 10
1140.639013
 20
-3.328988
 10
1140.655956
 20
-3.334599
 10
1140.704414
 20
-3.34177
 10
1140.744047
 20
-3.343513
 10
1140.88999
 20
-3.34409
 10
1140.8899999375
 20
-3.3417525000000916
 10
1140.890009
 20
-3.34409
 10
1141.035952
 20
-3.343513
 10
1141.102953
 20
-3.338822
 10
1141.140985
 20
-3.328988
 10
1141.165995
 20
-3.312845
 10
1141.174856
 20
-3.301715
 10
1141.18154
 20
-3.28784
 10
1141.18618
 20
-3.269929
 10
1141.188906
 20
-3.244157
 10
1141.1898
 20
-3.149999
 10
1141.188906
 20
-3.055843
 10
1141.18618
 20
-3.030071
 10
1141.18154
 20
-3.01216
 10
1141.174856
 20
-2.998285
 10
1141.165995
 20
-2.987155
 10
1141.140985
 20
-2.971012
 10
1141.124043
 20
-2.965401
 10
1141.075584
 20
-2.95823
 10
1141.035952
 20
-2.956486
 10
1140.744047
 20
-2.956486
 10
1140.677046
 20
-2.961178
 10
1140.639013
 20
-2.971012
 10
1140.614004
 20
-2.987155
 10
1140.605143
 20
-2.998285
 10
1140.598459
 20
-3.01216
 10
1140.593819
 20
-3.030071
 10
1140.591093
 20
-3.055843
 10
1140.591093
 20
-3.244157
  0
LWPOLYLINE
  5
73
330
17
100
AcDbEntity
  8
VISTA
100
AcDbPolyline
 90
36
 70
1
 10
1140.677691
 20
-3.334469
 10
1140.640699
 20
-3.324924
 10
1140.617117
 20
-3.309736
 10
1140.608879
 20
-3.299393
 10
1140.602606
 20
-3.286366
 10
1140.598158
 20
-3.269199
 10
1140.595491
 20
-3.244025
 10
1140.595491
 20
-3.055975
 10
1140.598158
 20
-3.030801
 10
1140.602606
 20
-3.013634
 10
1140.608879
 20
-3.000607
 10
1140.617117
 20
-2.990264
 10
1140.640699
 20
-2.975076
 10
1140.677691
 20
-2.965531
 10
1140.744102
 20
-2.960886
 10
1140.889999
 20
-2.96031
 10
1141.035896
 20
-2.960886
 10
1141.102308
 20
-2.965531
 10
1141.139299
 20
-2.975075
 10
1141.162882
 20
-2.990264
 10
1141.17112
 20
-3.000607
 10
1141.177393
 20
-3.013634
 10
1141.181841
 20
-3.030801
 10
1141.184507
 20
-3.055975
 10
1141.1854
 20
-3.149999
 10
1141.184507
 20
-3.244025
 10
1141.181841
 20
-3.269199
 10
1141.177393
 20
-3.286365
 10
1141.17112
 20
-3.299393
 10
1141.162882
 20
-3.309736
 10
1141.139299
 20
-3.324924
 10
1141.122942
 20
-3.330338
 10
1141.075277
 20
-3.337381
 10
1141.035896
 20
-3.339114
 10
1140.744102
 20
-3.339114
 10
1140.677691
 20
-3.334469
  0
LWPOLYLINE
  5
74
330
17
100
AcDbEntity
  8
VISTA
100
AcDbPolyline
 90
4
 70
1
 10
1140.5966710511634
 20
-3.278740321153518
 10
1140.5966710511634
 20
-3.2787403211535247
 10
1140.5966710511634
 20
-3.278740321153515
 10
1140.5966710511634
 20
-3.278740321153518
  0
LWPOLYLINE
  5
75
330
17
100
AcDbEntity
  8
VISTA
100
AcDbPolyline
 90
39
 70
1
 10
1140.591093
 20
-3.670823
 10
1140.593819
 20
-3.696595
 10
1140.598459
 20
-3.714506
 10
1140.605143
 20
-3.728381
 10
1140.614004
 20
-3.739511
 10
1140.639013
 20
-3.755654
 10
1140.677046
 20
-3.765488
 10
1140.744047
 20
-3.77018
 10
1140.88999
 20
-3.770756
 10
1140.8899999375
 20
-3.7684185000000916
 10
1140.890009
 20
-3.770756
 10
1141.035952
 20
-3.77018
 10
1141.075584
 20
-3.768436
 10
1141.124043
 20
-3.761265
 10
1141.140985
 20
-3.755654
 10
1141.165995
 20
-3.739511
 10
1141.174856
 20
-3.728381
 10
1141.18154
 20
-3.714506
 10
1141.18618
 20
-3.696595
 10
1141.188906
 20
-3.670823
 10
1141.1898
 20
-3.576665
 10
1141.188906
 20
-3.482509
 10
1141.18618
 20
-3.456737
 10
1141.18154
 20
-3.438826
 10
1141.174856
 20
-3.424951
 10
1141.165995
 20
-3.413821
 10
1141.140985
 20
-3.397678
 10
1141.102953
 20
-3.387844
 10
1141.035952
 20
-3.383152
 10
1140.744047
 20
-3.383152
 10
1140.704414
 20
-3.384896
 10
1140.655956
 20
-3.392067
 10
1140.639013
 20
-3.397678
 10
1140.614004
 20
-3.413821
 10
1140.605143
 20
-3.424951
 10
1140.598459
 20
-3.438826
 10
1140.593819
 20
-3.456737
 10
1140.591093
 20
-3.482509
 10
1140.591093
 20
-3.670823
  0
LWPOLYLINE
  5
76
330
17
100
AcDbEntity
  8
VISTA
100
AcDbPolyline
 90
36
 70
1
 10
1140.677691
 20
-3.761135
 10
1140.640699
 20
-3.75159
 10
1140.617117
 20
-3.736402
 10
1140.608879
 20
-3.726059
 10
1140.602606
 20
-3.713032
 10
1140.598158
 20
-3.695865
 10
1140.595491
 20
-3.670691
 10
1140.595491
 20
-3.482641
 10
1140.598158
 20
-3.457467
 10
1140.602606
 20
-3.440301
 10
1140.608879
 20
-3.427273
 10
1140.617117
 20
-3.41693
 10
1140.640699
 20
-3.401742
 10
1140.677691
 20
-3.392197
 10
1140.744102
 20
-3.387552
 10
1140.889999
 20
-3.386976
 10
1141.035896
 20
-3.387552
 10
1141.102308
 20
-3.392197
 10
1141.139299
 20
-3.401742
 10
1141.162882
 20
-3.41693
 10
1141.17112
 20
-3.427273
 10
1141.177393
 20
-3.4403
 10
1141.181841
 20
-3.457467
 10
1141.184507
 20
-3.482641
 10
1141.1854
 20
-3.576665
 10
1141.184507
 20
-3.670691
 10
1141.181841
 20
-3.695865
 10
1141.177393
 20
-3.713032
 10
1141.17112
 20
-3.726059
 10
1141.162882
 20
-3.736402
 10
1141.139299
 20
-3.75159
 10
1141.122942
 20
-3.757004
 10
1141.075277
 20
-3.764047
 10
1141.035896
 20
-3.76578
 10
1140.744102
 20
-3.76578
 10
1140.677691
 20
-3.761135
  0
LWPOLYLINE
  5
77
330
17
100
AcDbEntity
  8
VISTA
100
AcDbPolyline
 90
4
 70
1
 10
1140.6331297755823
 20
-3.7501153036682715
 10
1140.6331297755823
 20
-3.7501153036682733
 10
1140.6331297755823
 20
-3.7501153036682724
 10
1140.6331297755823
 20
-3.7501153036682715
  0
LWPOLYLINE
  5
78
330
17
100
AcDbEntity
  8
VISTA
100
AcDbPolyline
 90
4
 70
1
 10
1140.6911425129147
 20
-3.7631362082358146
 10
1140.6911425129147
 20
-3.763136208235815
 10
1140.6911425129147
 20
-3.763136208235815
 10
1140.6911425129147
 20
-3.7631362082358146
  0
LWPOLYLINE
  5
79
330
17
100
AcDbEntity
  8
VISTA
100
AcDbPolyline
 90
4
 70
1
 10
1141.1461129090037
 20
-3.4046640928611365
 10
1141.1461129090037
 20
-3.4046640928611387
 10
1141.1461129090037
 20
-3.404664092861137
 10
1141.1461129090037
 20
-3.4046640928611365
  0
LWPOLYLINE
  5
7A
330
17
100
AcDbEntity
  8
VISTA
100
AcDbPolyline
 90
4
 70
1
 10
1141.0556784797652
 20
-3.7671091577990765
 10
1141.0556784797652
 20
-3.7671091577990765
 10
1141.0556784797652
 20
-3.767109157799076
 10
1141.0556784797652
 20
-3.7671091577990765
  0
LWPOLYLINE
  5
7B
330
17
100
AcDbEntity
  8
VISTA
100
AcDbPolyline
 90
4
 70
1
 10
1141.1468692244177
 20
-3.750115303668273
 10
1141.1468692244177
 20
-3.7501153036682715
 10
1141.1468692244177
 20
-3.7501153036682724
 10
1141.1468692244177
 20
-3.750115303668273
  0
LWPOLYLINE
  5
7C
330
17
100
AcDbEntity
  8
VISTA
100
AcDbPolyline
 90
9
 70
1
 10
1134.929999
 20
-6.25
 10
1136.709999
 20
-6.25
 10
1136.709999
 20
-6.171
 10
1136.708242
 20
-6.166758
 10
1136.704
 20
-6.165
 10
1134.936
 20
-6.165
 10
1134.931757
 20
-6.166758
 10
1134.929999
 20
-6.171
 10
1134.929999
 20
-6.25
  0
LWPOLYLINE
  5
7D
330
17
100
AcDbEntity
  8
VISTA
100
AcDbPolyline
 90
8
 70
1
 10
1139.319355
 20
-6.181474
 10
1139.3165
 20
-6.18
 10
1137.721474
 20
-6.180646
 10
1137.720646
 20
-6.181474
 10
1137.720001
 20
-6.1835
 10
1137.7200782801635
 20
-6.25
 10
1139.3194346345938
 20
-6.25
 10
1139.319355
 20
-6.181474
  0
LWPOLYLINE
  5
7E
330
17
100
AcDbEntity
  8
VISTA
100
AcDbPolyline
 90
4
 70
1
 10
1137.721746
 20
-6.18103
 10
1137.721746
 20
-6.181746
 10
1137.721031
 20
-6.181746
 10
1137.721746
 20
-6.18103
  0
LWPOLYLINE
  5
7F
330
17
100
AcDbEntity
  8
VISTA
100
AcDbPolyline
 90
4
 70
1
 10
1137.721027817354
 20
-6.181363552056188
 10
1137.721289
 20
-6.181288
 10
1137.721027817354
 20
-6.1813635520561885
 10
1137.721027817354
 20
-6.181363552056188
  0
LWPOLYLINE
  5
80
330
17
100
AcDbEntity
  8
VISTA
100
AcDbPolyline
 90
4
 70
1
 10
1139.318254
 20
-6.18103
 10
1139.31897
 20
-6.181746
 10
1139.318254
 20
-6.181746
 10
1139.318254
 20
-6.18103
  0
LWPOLYLINE
  5
81
330
17
100
AcDbEntity
  8
VISTA
100
AcDbPolyline
 90
5
 70
1
 10
1140.446001
 20
-1.49
 10
1140.446001
 20
-1.35
 10
1140.434
 20
-1.35
 10
1140.434
 20
-1.49
 10
1140.446001
 20
-1.49
  0
LWPOLYLINE
  5
82
330
17
100
AcDbEntity
  8
VISTA
100
AcDbPolyline
 90
5
 70
1
 10
1140.878706
 20
-1.782207
 10
1140.878706
 20
-1.317793
 10
1140.469294
 20
-1.317793
 10
1140.469294
 20
-1.782207
 10
1140.878706
 20
-1.782207
  0
LWPOLYLINE
  5
83
330
17
100
AcDbEntity
  8
VISTA
100
AcDbPolyline
 90
37
 70
1
 10
1140.642355
 20
-2.900115
 10
1140.675932
 20
-2.913152
 10
1140.718248
 20
-2.922356
 10
1140.77408
 20
-2.927843
 10
1140.889999
 20
-2.929667
 10
1141.00592
 20
-2.927843
 10
1141.06175
 20
-2.922356
 10
1141.104069
 20
-2.913152
 10
1141.137644
 20
-2.900115
 10
1141.164167
 20
-2.883013
 10
1141.184385
 20
-2.861363
 10
1141.19866
 20
-2.834077
 10
1141.20717
 20
-2.798078
 10
1141.209999
 20
-2.723334
 10
1141.20717
 20
-2.648589
 10
1141.19866
 20
-2.61259
 10
1141.184385
 20
-2.585304
 10
1141.164167
 20
-2.563654
 10
1141.137644
 20
-2.546552
 10
1141.104067
 20
-2.533516
 10
1141.06175
 20
-2.524312
 10
1141.005919
 20
-2.518824
 10
1140.889999
 20
-2.517
 10
1140.774078
 20
-2.518824
 10
1140.718248
 20
-2.524312
 10
1140.67593
 20
-2.533516
 10
1140.642355
 20
-2.546552
 10
1140.615831
 20
-2.563654
 10
1140.595613
 20
-2.585304
 10
1140.581339
 20
-2.61259
 10
1140.572828
 20
-2.648589
 10
1140.57
 20
-2.723334
 10
1140.572828
 20
-2.798078
 10
1140.581339
 20
-2.834077
 10
1140.595613
 20
-2.861363
 10
1140.615831
 20
-2.883013
 10
1140.642355
 20
-2.900115
  0
LWPOLYLINE
  5
84
330
17
100
AcDbEntity
  8
VISTA
100
AcDbPolyline
 90
4
 70
1
 10
1141.0508359982905
 20
-2.6569840692908513
 10
1141.0508359982905
 20
-2.6569840692908517
 10
1141.0508359982905
 20
-2.6569840692908517
 10
1141.0508359982905
 20
-2.6569840692908513
  0
LWPOLYLINE
  5
85
330
17
100
AcDbEntity
  8
VISTA
100
AcDbPolyline
 90
4
 70
1
 10
1141.0800353633128
 20
-2.914859566726106
 10
1141.0800353633128
 20
-2.914859566726107
 10
1141.0800353633128
 20
-2.9148595667261064
 10
1141.0800353633128
 20
-2.914859566726106
  0
LWPOLYLINE
  5
86
330
17
100
AcDbEntity
  8
VISTA
100
AcDbPolyline
 90
4
 70
1
 10
1141.201986306343
 20
-2.630861620357095
 10
1141.201986306343
 20
-2.6308616203570754
 10
1141.201986306343
 20
-2.6308616203570914
 10
1141.201986306343
 20
-2.630861620357095
  0
LWPOLYLINE
  5
87
330
17
100
AcDbEntity
  8
VISTA
100
AcDbPolyline
 90
37
 70
1
 10
1140.642355
 20
-3.326781
 10
1140.675932
 20
-3.339818
 10
1140.718248
 20
-3.349022
 10
1140.77408
 20
-3.354509
 10
1140.889999
 20
-3.356333
 10
1141.00592
 20
-3.354509
 10
1141.06175
 20
-3.349022
 10
1141.104069
 20
-3.339818
 10
1141.137644
 20
-3.326781
 10
1141.164167
 20
-3.309679
 10
1141.184385
 20
-3.288029
 10
1141.19866
 20
-3.260744
 10
1141.20717
 20
-3.224744
 10
1141.209999
 20
-3.15
 10
1141.20717
 20
-3.075256
 10
1141.19866
 20
-3.039256
 10
1141.184385
 20
-3.01197
 10
1141.164167
 20
-2.99032
 10
1141.137644
 20
-2.973218
 10
1141.104067
 20
-2.960182
 10
1141.06175
 20
-2.950978
 10
1141.005919
 20
-2.94549
 10
1140.889999
 20
-2.943666
 10
1140.774078
 20
-2.945491
 10
1140.718248
 20
-2.950978
 10
1140.67593
 20
-2.960182
 10
1140.642355
 20
-2.973218
 10
1140.615831
 20
-2.990321
 10
1140.595613
 20
-3.01197
 10
1140.581339
 20
-3.039256
 10
1140.572828
 20
-3.075256
 10
1140.57
 20
-3.15
 10
1140.572828
 20
-3.224744
 10
1140.581339
 20
-3.260744
 10
1140.595613
 20
-3.288029
 10
1140.615831
 20
-3.309679
 10
1140.642355
 20
-3.326781
  0
LWPOLYLINE
  5
88
330
17
100
AcDbEntity
  8
VISTA
100
AcDbPolyline
 90
4
 70
1
 10
1140.699963333603
 20
-3.3415259719830153
 10
1140.699963333603
 20
-3.3415259719830144
 10
1140.699963333603
 20
-3.341525971983015
 10
1140.699963333603
 20
-3.3415259719830153
  0
LWPOLYLINE
  5
89
330
17
100
AcDbEntity
  8
VISTA
100
AcDbPolyline
 90
4
 70
1
 10
1141.0800353628615
 20
-3.341526071339583
 10
1141.0800353628615
 20
-3.341526071339584
 10
1141.0800353628615
 20
-3.3415260713395836
 10
1141.0800353628615
 20
-3.341526071339583
  0
LWPOLYLINE
  5
8A
330
17
100
AcDbEntity
  8
VISTA
100
AcDbPolyline
 90
4
 70
1
 10
1141.2019863049106
 20
-3.0575281138916277
 10
1141.2019863049106
 20
-3.0575281138916073
 10
1141.2019863049106
 20
-3.057528113891623
 10
1141.2019863049106
 20
-3.0575281138916277
  0
LWPOLYLINE
  5
8B
330
17
100
AcDbEntity
  8
VISTA
100
AcDbPolyline
 90
37
 70
1
 10
1140.642355
 20
-3.753448
 10
1140.675932
 20
-3.766484
 10
1140.718248
 20
-3.775688
 10
1140.77408
 20
-3.781176
 10
1140.889999
 20
-3.783
 10
1141.00592
 20
-3.781175
 10
1141.06175
 20
-3.775688
 10
1141.104069
 20
-3.766484
 10
1141.137644
 20
-3.753448
 10
1141.164167
 20
-3.736345
 10
1141.184385
 20
-3.714696
 10
1141.19866
 20
-3.68741
 10
1141.20717
 20
-3.65141
 10
1141.209999
 20
-3.576666
 10
1141.20717
 20
-3.501922
 10
1141.19866
 20
-3.465922
 10
1141.184385
 20
-3.438637
 10
1141.164167
 20
-3.416987
 10
1141.137644
 20
-3.399885
 10
1141.104067
 20
-3.386848
 10
1141.06175
 20
-3.377644
 10
1141.005919
 20
-3.372157
 10
1140.889999
 20
-3.370333
 10
1140.774078
 20
-3.372157
 10
1140.718248
 20
-3.377644
 10
1140.67593
 20
-3.386848
 10
1140.642355
 20
-3.399885
 10
1140.615831
 20
-3.416987
 10
1140.595613
 20
-3.438637
 10
1140.581339
 20
-3.465922
 10
1140.572828
 20
-3.501922
 10
1140.57
 20
-3.576666
 10
1140.572828
 20
-3.65141
 10
1140.581339
 20
-3.68741
 10
1140.595613
 20
-3.714696
 10
1140.615831
 20
-3.736346
 10
1140.642355
 20
-3.753448
  0
LWPOLYLINE
  5
8C
330
17
100
AcDbEntity
  8
VISTA
100
AcDbPolyline
 90
4
 70
1
 10
1141.080037803856
 20
-3.76819176779763
 10
1141.080037803856
 20
-3.768191767797631
 10
1141.080037803856
 20
-3.7681917677976307
 10
1141.080037803856
 20
-3.76819176779763
  0
LWPOLYLINE
  5
8D
330
17
100
AcDbEntity
  8
VISTA
100
AcDbPolyline
 90
4
 70
1
 10
1141.2019865468185
 20
-3.484195442743392
 10
1141.2019865468185
 20
-3.4841954427433666
 10
1141.2019865468185
 20
-3.4841954427433772
 10
1141.2019865468185
 20
-3.484195442743392
  0
LWPOLYLINE
  5
8E
330
17
100
AcDbEntity
  8
VISTA
100
AcDbPolyline
 90
9
 70
1
 10
1140.4475
 20
-1.795
 10
1140.466501
 20
-1.795
 10
1140.469501
 20
-1.792
 10
1140.469501
 20
-1.308
 10
1140.466501
 20
-1.305
 10
1140.4475
 20
-1.305
 10
1140.4445
 20
-1.308
 10
1140.4445
 20
-1.792
 10
1140.4475
 20
-1.795
  0
LWPOLYLINE
  5
8F
330
17
100
AcDbEntity
  8
VISTA
100
AcDbPolyline
 90
35
 70
1
 10
1138.912359
 20
-3.213501
 10
1138.928585
 20
-3.223141
 10
1138.950487
 20
-3.229797
 10
1138.982861
 20
-3.233709
 10
1139.21714
 20
-3.233709
 10
1139.249514
 20
-3.229797
 10
1139.271416
 20
-3.223141
 10
1139.287642
 20
-3.213501
 10
1139.299873
 20
-3.200435
 10
1139.308899
 20
-3.183104
 10
1139.315128
 20
-3.159708
 10
1139.31879
 20
-3.125127
 10
1139.32
 20
-3.0
 10
1139.31879
 20
-2.874874
 10
1139.315128
 20
-2.840292
 10
1139.308899
 20
-2.816897
 10
1139.299873
 20
-2.799566
 10
1139.287642
 20
-2.7865
 10
1139.271416
 20
-2.77686
 10
1139.249514
 20
-2.770204
 10
1139.21714
 20
-2.766292
 10
1139.1
 20
-2.765001
 10
1138.982861
 20
-2.766292
 10
1138.950487
 20
-2.770204
 10
1138.928585
 20
-2.77686
 10
1138.912359
 20
-2.7865
 10
1138.900127
 20
-2.799566
 10
1138.891102
 20
-2.816897
 10
1138.884872
 20
-2.840293
 10
1138.88121
 20
-2.874874
 10
1138.88121
 20
-3.125127
 10
1138.884872
 20
-3.159708
 10
1138.891102
 20
-3.183104
 10
1138.900127
 20
-3.200435
 10
1138.912359
 20
-3.213501
  0
LWPOLYLINE
  5
90
330
17
100
AcDbEntity
  8
VISTA
100
AcDbPolyline
 90
4
 70
1
 10
1139.0999976794174
 20
-3.0000023271417064
 10
1139.0999976794174
 20
-3.0000023271417082
 10
1139.0999976794174
 20
-3.000002327141706
 10
1139.0999976794174
 20
-3.0000023271417064
  0
LWPOLYLINE
  5
91
330
17
100
AcDbEntity
  8
VISTA
100
AcDbPolyline
 90
10
 70
1
 10
1139.76
 20
-5.002
 10
1139.763369
 20
-5.008523
 10
1141.032
 20
-5.01
 10
1141.038523
 20
-5.006631
 10
1141.039999
 20
-4.558
 10
1141.036631
 20
-4.551477
 10
1139.768
 20
-4.55
 10
1139.762342
 20
-4.552343
 10
1139.76
 20
-4.558
 10
1139.76
 20
-5.002
  0
LWPOLYLINE
  5
92
330
17
100
AcDbEntity
  8
VISTA
100
AcDbPolyline
 90
5
 70
1
 10
1140.446001
 20
-1.49
 10
1140.446001
 20
-1.35
 10
1140.434
 20
-1.35
 10
1140.434
 20
-1.49
 10
1140.446001
 20
-1.49
  0
LWPOLYLINE
  5
93
330
17
100
AcDbEntity
  8
VISTA
100
AcDbPolyline
 90
5
 70
1
 10
1140.878706
 20
-1.782207
 10
1140.878706
 20
-1.317793
 10
1140.469294
 20
-1.317793
 10
1140.469294
 20
-1.782207
 10
1140.878706
 20
-1.782207
  0
LWPOLYLINE
  5
94
330
17
100
AcDbEntity
  8
VISTA
100
AcDbPolyline
 90
9
 70
1
 10
1140.4475
 20
-1.795
 10
1140.466501
 20
-1.795
 10
1140.469501
 20
-1.792
 10
1140.469501
 20
-1.308
 10
1140.466501
 20
-1.305
 10
1140.4475
 20
-1.305
 10
1140.4445
 20
-1.308
 10
1140.4445
 20
-1.792
 10
1140.4475
 20
-1.795
  0
LWPOLYLINE
  5
95
330
17
100
AcDbEntity
  8
VISTA
100
AcDbPolyline
 90
8
 70
1
 10
1136.406706
 20
-6.225646
 10
1136.279667
 20
-6.209824
 10
1135.819998
 20
-6.2046
 10
1135.360333
 20
-6.209824
 10
1135.2332940000001
 20
-6.225646
 10
1135.1555269621044
 20
-6.25
 10
1136.4844721330808
 20
-6.25
 10
1136.406706
 20
-6.225646
  0
LWPOLYLINE
  5
96
330
17
100
AcDbEntity
  8
VISTA
100
AcDbPolyline
 90
14
 70
1
 10
1137.860001
 20
-1.79187
 10
1137.860001
 20
-4.20813
 10
1137.861994
 20
-4.21
 10
1138.538008
 20
-4.21
 10
1138.540001
 20
-4.20813
 10
1138.540001
 20
-3.449357
 10
1138.181002
 20
-3.448414
 10
1138.178587
 20
-3.446
 10
1138.178587
 20
-2.554
 10
1138.181002
 20
-2.551586
 10
1138.540001
 20
-2.550643
 10
1138.540001
 20
-1.79187
 10
1138.538008
 20
-1.79
 10
1137.860001
 20
-1.79187
  0
LWPOLYLINE
  5
97
330
17
100
AcDbEntity
  8
VISTA
100
AcDbPolyline
 90
35
 70
1
 10
1140.543247
 20
-2.494937
 10
1140.574959
 20
-2.499449
 10
1140.681046
 20
-2.504396
 10
1140.91
 20
-2.505001
 10
1140.91
 20
-2.494452
 10
1140.910002
 20
-2.505001
 10
1141.138954
 20
-2.504396
 10
1141.20223
 20
-2.502565
 10
1141.276752
 20
-2.494937
 10
1141.300661
 20
-2.488821
 10
1141.3183
 20
-2.480709
 10
1141.330479
 20
-2.469758
 10
1141.337637
 20
-2.453571
 10
1141.34
 20
-2.395
 10
1141.337637
 20
-2.336431
 10
1141.330479
 20
-2.320244
 10
1141.3183
 20
-2.309293
 10
1141.300661
 20
-2.30118
 10
1141.276752
 20
-2.295064
 10
1141.245041
 20
-2.290552
 10
1141.20223
 20
-2.287436
 10
1141.138954
 20
-2.285605
 10
1140.681046
 20
-2.285605
 10
1140.617769
 20
-2.287436
 10
1140.543247
 20
-2.295064
 10
1140.519339
 20
-2.30118
 10
1140.501699
 20
-2.309293
 10
1140.489521
 20
-2.320244
 10
1140.482363
 20
-2.336431
 10
1140.48
 20
-2.395001
 10
1140.482363
 20
-2.453571
 10
1140.489521
 20
-2.469758
 10
1140.501699
 20
-2.480709
 10
1140.519339
 20
-2.488821
 10
1140.543247
 20
-2.494937
  0
LWPOLYLINE
  5
98
330
17
100
AcDbEntity
  8
VISTA
100
AcDbPolyline
 90
35
 70
1
 10
1140.543247
 20
-4.004938
 10
1140.574959
 20
-4.00945
 10
1140.681046
 20
-4.014396
 10
1140.91
 20
-4.015001
 10
1140.91
 20
-4.004452
 10
1140.910002
 20
-4.015001
 10
1141.138954
 20
-4.014396
 10
1141.20223
 20
-4.012565
 10
1141.276752
 20
-4.004937
 10
1141.300661
 20
-3.998821
 10
1141.3183
 20
-3.990709
 10
1141.330479
 20
-3.979758
 10
1141.337637
 20
-3.963571
 10
1141.34
 20
-3.905001
 10
1141.337637
 20
-3.846431
 10
1141.330479
 20
-3.830244
 10
1141.3183
 20
-3.819293
 10
1141.300661
 20
-3.811181
 10
1141.276752
 20
-3.805064
 10
1141.245041
 20
-3.800552
 10
1141.20223
 20
-3.797437
 10
1141.138954
 20
-3.795605
 10
1140.681046
 20
-3.795605
 10
1140.617769
 20
-3.797437
 10
1140.543247
 20
-3.805064
 10
1140.519339
 20
-3.811181
 10
1140.501699
 20
-3.819293
 10
1140.489521
 20
-3.830244
 10
1140.482363
 20
-3.846431
 10
1140.48
 20
-3.905001
 10
1140.482363
 20
-3.963571
 10
1140.489521
 20
-3.979758
 10
1140.501699
 20
-3.990709
 10
1140.519339
 20
-3.998821
 10
1140.543247
 20
-4.004938
  0
LWPOLYLINE
  5
99
330
17
100
AcDbEntity
  8
VISTA
100
AcDbPolyline
 90
4
 70
1
 10
1140.514216244824
 20
-3.9939336987269414
 10
1140.514216244824
 20
-3.993933698726943
 10
1140.514216244824
 20
-3.9939336987269423
 10
1140.514216244824
 20
-3.9939336987269414
  0
LWPOLYLINE
  5
9A
330
17
100
AcDbEntity
  8
VISTA
100
AcDbPolyline
 90
4
 70
1
 10
1140.699339775157
 20
-3.9588911054661753
 10
1140.699339775157
 20
-3.9588911054661757
 10
1140.699339775157
 20
-3.958891105466176
 10
1140.699339775157
 20
-3.9588911054661753
  0
LWPOLYLINE
  5
9B
330
17
100
AcDbEntity
  8
VISTA
100
AcDbPolyline
 90
4
 70
1
 10
1140.6498406486942
 20
-3.796722218098133
 10
1140.6498406486942
 20
-3.7967222180981333
 10
1140.6498406486942
 20
-3.7967222180981324
 10
1140.6498406486942
 20
-3.796722218098133
  0
LWPOLYLINE
  5
9C
330
17
100
AcDbEntity
  8
VISTA
100
AcDbPolyline
 90
4
 70
1
 10
1141.2997971027146
 20
-3.9925895010841357
 10
1141.2997971027146
 20
-3.992589501084136
 10
1141.2997971027146
 20
-3.9925895010841366
 10
1141.2997971027146
 20
-3.9925895010841357
  0
LWPOLYLINE
  5
9D
330
17
100
AcDbEntity
  8
VISTA
100
AcDbPolyline
 90
5
 70
1
 10
1140.446001
 20
-1.49
 10
1140.446001
 20
-1.35
 10
1140.434
 20
-1.35
 10
1140.434
 20
-1.49
 10
1140.446001
 20
-1.49
  0
LWPOLYLINE
  5
9E
330
17
100
AcDbEntity
  8
VISTA
100
AcDbPolyline
 90
5
 70
1
 10
1137.766172
 20
-6.25
 10
1138.233828
 20
-6.25
 10
1138.233828
 20
-6.236172
 10
1137.766172
 20
-6.236172
 10
1137.766172
 20
-6.25
  0
LWPOLYLINE
  5
9F
330
17
100
AcDbEntity
  8
VISTA
100
AcDbPolyline
 90
4
 70
1
 10
1137.766691
 20
-6.236691
 10
1137.766472
 20
-6.237206
 10
1137.766472
 20
-6.236472
 10
1137.766691
 20
-6.236691
  0
LWPOLYLINE
  5
A0
330
17
100
AcDbEntity
  8
VISTA
100
AcDbPolyline
 90
4
 70
1
 10
1138.233309
 20
-6.236691
 10
1138.232794
 20
-6.236472
 10
1138.233528
 20
-6.236472
 10
1138.233309
 20
-6.236691
  0
LWPOLYLINE
  5
A1
330
17
100
AcDbEntity
  8
VISTA
100
AcDbPolyline
 90
5
 70
1
 10
1140.878706
 20
-1.782207
 10
1140.878706
 20
-1.317793
 10
1140.469294
 20
-1.317793
 10
1140.469294
 20
-1.782207
 10
1140.878706
 20
-1.782207
  0
LWPOLYLINE
  5
A2
330
17
100
AcDbEntity
  8
VISTA
100
AcDbPolyline
 90
9
 70
1
 10
1140.4475
 20
-1.795
 10
1140.466501
 20
-1.795
 10
1140.469501
 20
-1.792
 10
1140.469501
 20
-1.308
 10
1140.466501
 20
-1.305
 10
1140.4475
 20
-1.305
 10
1140.4445
 20
-1.308
 10
1140.4445
 20
-1.792
 10
1140.4475
 20
-1.795
  0
LWPOLYLINE
  5
A3
330
17
100
AcDbEntity
  8
VISTA
100
AcDbPolyline
 90
5
 70
1
 10
1140.446001
 20
-1.49
 10
1140.446001
 20
-1.35
 10
1140.434
 20
-1.35
 10
1140.434
 20
-1.49
 10
1140.446001
 20
-1.49
  0
LWPOLYLINE
  5
A4
330
17
100
AcDbEntity
  8
VISTA
100
AcDbPolyline
 90
5
 70
1
 10
1141.114
 20
-6.2
 10
1141.086
 20
-6.2
 10
1141.086
 20
-6.25
 10
1141.114
 20
-6.25
 10
1141.114
 20
-6.2
  0
LWPOLYLINE
  5
A5
330
17
100
AcDbEntity
  8
VISTA
100
AcDbPolyline
 90
5
 70
1
 10
1140.878706
 20
-1.782207
 10
1140.878706
 20
-1.317793
 10
1140.469294
 20
-1.317793
 10
1140.469294
 20
-1.782207
 10
1140.878706
 20
-1.782207
  0
LWPOLYLINE
  5
A6
330
17
100
AcDbEntity
  8
VISTA
100
AcDbPolyline
 90
9
 70
1
 10
1140.4475
 20
-1.795
 10
1140.466501
 20
-1.795
 10
1140.469501
 20
-1.792
 10
1140.469501
 20
-1.308
 10
1140.466501
 20
-1.305
 10
1140.4475
 20
-1.305
 10
1140.4445
 20
-1.308
 10
1140.4445
 20
-1.792
 10
1140.4475
 20
-1.795
  0
LWPOLYLINE
  5
A7
330
17
100
AcDbEntity
  8
VISTA
100
AcDbPolyline
 90
5
 70
1
 10
1133.9225
 20
-4.5369
 10
1134.0475
 20
-4.5369
 10
1134.0475
 20
-1.4631
 10
1133.9225
 20
-1.4631
 10
1133.9225
 20
-4.5369
  0
LWPOLYLINE
  5
A8
330
17
100
AcDbEntity
  8
VISTA
100
AcDbPolyline
 90
13
 70
1
 10
1133.913
 20
-4.5309
 10
1133.914758
 20
-4.535143
 10
1133.919001
 20
-4.5369
 10
1134.087
 20
-4.5369
 10
1134.091243
 20
-4.535143
 10
1134.093
 20
-4.5309
 10
1134.093
 20
-1.4691
 10
1134.091243
 20
-1.464857
 10
1134.087
 20
-1.4631
 10
1133.919001
 20
-1.4631
 10
1133.914758
 20
-1.464857
 10
1133.913
 20
-1.4691
 10
1133.913
 20
-4.5309
  0
LWPOLYLINE
  5
A9
330
17
100
AcDbEntity
  8
VISTA
100
AcDbPolyline
 90
4
 70
1
 10
1133.921499
 20
-4.5369
 10
1133.9225
 20
-4.5369
 10
1133.9225
 20
-1.4631
 10
1133.921499
 20
-4.5369
  0
LWPOLYLINE
  5
AA
330
17
100
AcDbEntity
  8
VISTA
100
AcDbPolyline
 90
4
 70
1
 10
1134.0475
 20
-4.5369
 10
1134.0485
 20
-4.5369
 10
1134.0485
 20
-1.4631
 10
1134.0475
 20
-4.5369
  0
LWPOLYLINE
  5
AB
330
17
100
AcDbEntity
  8
VISTA
100
AcDbPolyline
 90
9
 70
1
 10
1134.0045
 20
-4.5
 10
1134.1955
 20
-4.5
 10
1134.200001
 20
-4.4955
 10
1134.200001
 20
-1.5045
 10
1134.1955
 20
-1.5
 10
1134.0045
 20
-1.5
 10
1134.0
 20
-1.5045
 10
1134.0
 20
-4.4955
 10
1134.0045
 20
-4.5
  0
LWPOLYLINE
  5
AC
330
17
100
AcDbEntity
  8
VISTA
100
AcDbPolyline
 90
5
 70
1
 10
1137.725601
 20
-1.661
 10
1138.635
 20
-1.6604
 10
1138.634399
 20
-1.579
 10
1137.725601
 20
-1.579176
 10
1137.725601
 20
-1.661
  0
LWPOLYLINE
  5
AD
330
17
100
AcDbEntity
  8
VISTA
100
AcDbPolyline
 90
5
 70
1
 10
1137.725601
 20
-1.749
 10
1138.635
 20
-1.7484
 10
1138.634399
 20
-1.667
 10
1137.725601
 20
-1.667176
 10
1137.725601
 20
-1.749
  0
LWPOLYLINE
  5
AE
330
17
100
AcDbEntity
  8
VISTA
100
AcDbPolyline
 90
5
 70
1
 10
1137.725601
 20
-1.837
 10
1138.635
 20
-1.8364
 10
1138.634399
 20
-1.755
 10
1137.725601
 20
-1.755176
 10
1137.725601
 20
-1.837
  0
LWPOLYLINE
  5
AF
330
17
100
AcDbEntity
  8
VISTA
100
AcDbPolyline
 90
5
 70
1
 10
1137.725601
 20
-1.925
 10
1138.635
 20
-1.9244
 10
1138.634399
 20
-1.843
 10
1137.725601
 20
-1.843176
 10
1137.725601
 20
-1.925
  0
LWPOLYLINE
  5
B0
330
17
100
AcDbEntity
  8
VISTA
100
AcDbPolyline
 90
5
 70
1
 10
1137.725601
 20
-2.013
 10
1138.635
 20
-2.0124
 10
1138.634399
 20
-1.931
 10
1137.725601
 20
-1.931176
 10
1137.725601
 20
-2.013
  0
LWPOLYLINE
  5
B1
330
17
100
AcDbEntity
  8
VISTA
100
AcDbPolyline
 90
5
 70
1
 10
1137.725601
 20
-2.101
 10
1138.635
 20
-2.1004
 10
1138.634399
 20
-2.019
 10
1137.725601
 20
-2.019176
 10
1137.725601
 20
-2.101
  0
LWPOLYLINE
  5
B2
330
17
100
AcDbEntity
  8
VISTA
100
AcDbPolyline
 90
5
 70
1
 10
1137.725601
 20
-2.189
 10
1138.635
 20
-2.1884
 10
1138.634399
 20
-2.107
 10
1137.725601
 20
-2.107176
 10
1137.725601
 20
-2.189
  0
LWPOLYLINE
  5
B3
330
17
100
AcDbEntity
  8
VISTA
100
AcDbPolyline
 90
5
 70
1
 10
1137.725601
 20
-2.277
 10
1138.635
 20
-2.2764
 10
1138.634399
 20
-2.195
 10
1137.725601
 20
-2.195176
 10
1137.725601
 20
-2.277
  0
LWPOLYLINE
  5
B4
330
17
100
AcDbEntity
  8
VISTA
100
AcDbPolyline
 90
5
 70
1
 10
1137.725601
 20
-2.365
 10
1138.635
 20
-2.3644
 10
1138.634399
 20
-2.283
 10
1137.725601
 20
-2.283176
 10
1137.725601
 20
-2.365
  0
LWPOLYLINE
  5
B5
330
17
100
AcDbEntity
  8
VISTA
100
AcDbPolyline
 90
5
 70
1
 10
1137.725601
 20
-3.685
 10
1138.635
 20
-3.6844
 10
1138.634399
 20
-3.603
 10
1137.725601
 20
-3.603176
 10
1137.725601
 20
-3.685
  0
LWPOLYLINE
  5
B6
330
17
100
AcDbEntity
  8
VISTA
100
AcDbPolyline
 90
5
 70
1
 10
1137.725601
 20
-3.773
 10
1138.635
 20
-3.7724
 10
1138.634399
 20
-3.691
 10
1137.725601
 20
-3.691176
 10
1137.725601
 20
-3.773
  0
LWPOLYLINE
  5
B7
330
17
100
AcDbEntity
  8
VISTA
100
AcDbPolyline
 90
5
 70
1
 10
1137.725601
 20
-3.861
 10
1138.635
 20
-3.8604
 10
1138.634399
 20
-3.779
 10
1137.725601
 20
-3.779176
 10
1137.725601
 20
-3.861
  0
LWPOLYLINE
  5
B8
330
17
100
AcDbEntity
  8
VISTA
100
AcDbPolyline
 90
5
 70
1
 10
1137.725601
 20
-3.949
 10
1138.635
 20
-3.9484
 10
1138.634399
 20
-3.867
 10
1137.725601
 20
-3.867176
 10
1137.725601
 20
-3.949
  0
LWPOLYLINE
  5
B9
330
17
100
AcDbEntity
  8
VISTA
100
AcDbPolyline
 90
5
 70
1
 10
1137.725601
 20
-4.037
 10
1138.635
 20
-4.0364
 10
1138.634399
 20
-3.955
 10
1137.725601
 20
-3.955176
 10
1137.725601
 20
-4.037
  0
LWPOLYLINE
  5
BA
330
17
100
AcDbEntity
  8
VISTA
100
AcDbPolyline
 90
5
 70
1
 10
1137.725601
 20
-4.125
 10
1138.635
 20
-4.1244
 10
1138.634399
 20
-4.043
 10
1137.725601
 20
-4.043176
 10
1137.725601
 20
-4.125
  0
LWPOLYLINE
  5
BB
330
17
100
AcDbEntity
  8
VISTA
100
AcDbPolyline
 90
5
 70
1
 10
1137.725601
 20
-4.213
 10
1138.635
 20
-4.2124
 10
1138.634399
 20
-4.131
 10
1137.725601
 20
-4.131176
 10
1137.725601
 20
-4.213
  0
LWPOLYLINE
  5
BC
330
17
100
AcDbEntity
  8
VISTA
100
AcDbPolyline
 90
5
 70
1
 10
1137.725601
 20
-4.301
 10
1138.635
 20
-4.3004
 10
1138.634399
 20
-4.219
 10
1137.725601
 20
-4.219176
 10
1137.725601
 20
-4.301
  0
LWPOLYLINE
  5
BD
330
17
100
AcDbEntity
  8
VISTA
100
AcDbPolyline
 90
5
 70
1
 10
1137.725601
 20
-4.389
 10
1138.635
 20
-4.3884
 10
1138.634399
 20
-4.307
 10
1137.725601
 20
-4.307176
 10
1137.725601
 20
-4.389
  0
LWPOLYLINE
  5
BE
330
17
100
AcDbEntity
  8
VISTA
100
AcDbPolyline
 90
5
 70
1
 10
1137.770599
 20
-2.453
 10
1138.15
 20
-2.4524
 10
1138.149399
 20
-2.371
 10
1137.770599
 20
-2.371176
 10
1137.770599
 20
-2.453
  0
LWPOLYLINE
  5
BF
330
17
100
AcDbEntity
  8
VISTA
100
AcDbPolyline
 90
5
 70
1
 10
1137.770599
 20
-2.541
 10
1138.15
 20
-2.5404
 10
1138.149399
 20
-2.459
 10
1137.770599
 20
-2.459176
 10
1137.770599
 20
-2.541
  0
LWPOLYLINE
  5
C0
330
17
100
AcDbEntity
  8
VISTA
100
AcDbPolyline
 90
5
 70
1
 10
1137.770599
 20
-2.629
 10
1138.15
 20
-2.6284
 10
1138.149399
 20
-2.547
 10
1137.770599
 20
-2.547176
 10
1137.770599
 20
-2.629
  0
LWPOLYLINE
  5
C1
330
17
100
AcDbEntity
  8
VISTA
100
AcDbPolyline
 90
5
 70
1
 10
1137.770599
 20
-2.717
 10
1138.15
 20
-2.7164
 10
1138.149399
 20
-2.635
 10
1137.770599
 20
-2.635176
 10
1137.770599
 20
-2.717
  0
LWPOLYLINE
  5
C2
330
17
100
AcDbEntity
  8
VISTA
100
AcDbPolyline
 90
5
 70
1
 10
1137.770599
 20
-2.805
 10
1138.15
 20
-2.8044
 10
1138.149399
 20
-2.723
 10
1137.770599
 20
-2.723176
 10
1137.770599
 20
-2.805
  0
LWPOLYLINE
  5
C3
330
17
100
AcDbEntity
  8
VISTA
100
AcDbPolyline
 90
5
 70
1
 10
1137.770599
 20
-2.893
 10
1138.15
 20
-2.8924
 10
1138.149399
 20
-2.811
 10
1137.770599
 20
-2.811176
 10
1137.770599
 20
-2.893
  0
LWPOLYLINE
  5
C4
330
17
100
AcDbEntity
  8
VISTA
100
AcDbPolyline
 90
5
 70
1
 10
1137.770599
 20
-2.981
 10
1138.15
 20
-2.9804
 10
1138.149399
 20
-2.899
 10
1137.770599
 20
-2.899176
 10
1137.770599
 20
-2.981
  0
LWPOLYLINE
  5
C5
330
17
100
AcDbEntity
  8
VISTA
100
AcDbPolyline
 90
5
 70
1
 10
1137.770599
 20
-3.069
 10
1138.15
 20
-3.0684
 10
1138.149399
 20
-2.987
 10
1137.770599
 20
-2.987176
 10
1137.770599
 20
-3.069
  0
LWPOLYLINE
  5
C6
330
17
100
AcDbEntity
  8
VISTA
100
AcDbPolyline
 90
5
 70
1
 10
1137.770599
 20
-3.157
 10
1138.15
 20
-3.1564
 10
1138.149399
 20
-3.075
 10
1137.770599
 20
-3.075176
 10
1137.770599
 20
-3.157
  0
LWPOLYLINE
  5
C7
330
17
100
AcDbEntity
  8
VISTA
100
AcDbPolyline
 90
5
 70
1
 10
1137.770599
 20
-3.245
 10
1138.15
 20
-3.2444
 10
1138.149399
 20
-3.163
 10
1137.770599
 20
-3.163176
 10
1137.770599
 20
-3.245
  0
LWPOLYLINE
  5
C8
330
17
100
AcDbEntity
  8
VISTA
100
AcDbPolyline
 90
5
 70
1
 10
1137.770599
 20
-3.333
 10
1138.15
 20
-3.3324
 10
1138.149399
 20
-3.251
 10
1137.770599
 20
-3.251176
 10
1137.770599
 20
-3.333
  0
LWPOLYLINE
  5
C9
330
17
100
AcDbEntity
  8
VISTA
100
AcDbPolyline
 90
5
 70
1
 10
1137.770599
 20
-3.421
 10
1138.15
 20
-3.4204
 10
1138.149399
 20
-3.339
 10
1137.770599
 20
-3.339176
 10
1137.770599
 20
-3.421
  0
LWPOLYLINE
  5
CA
330
17
100
AcDbEntity
  8
VISTA
100
AcDbPolyline
 90
5
 70
1
 10
1137.770599
 20
-3.509
 10
1138.15
 20
-3.5084
 10
1138.149399
 20
-3.427
 10
1137.770599
 20
-3.427176
 10
1137.770599
 20
-3.509
  0
LWPOLYLINE
  5
CB
330
17
100
AcDbEntity
  8
VISTA
100
AcDbPolyline
 90
5
 70
1
 10
1137.770599
 20
-3.597
 10
1138.15
 20
-3.5964
 10
1138.149399
 20
-3.515
 10
1137.770599
 20
-3.515176
 10
1137.770599
 20
-3.597
  0
LWPOLYLINE
  5
CC
330
17
100
AcDbEntity
  8
VISTA
100
AcDbPolyline
 90
5
 70
1
 10
1138.694
 20
-1.405
 10
1138.695
 20
-1.356
 10
1137.666
 20
-1.355
 10
1137.665293
 20
-1.404707
 10
1138.694
 20
-1.405
  0
LWPOLYLINE
  5
CD
330
17
100
AcDbEntity
  8
VISTA
100
AcDbPolyline
 90
5
 70
1
 10
1138.694
 20
-4.645
 10
1138.695
 20
-4.596
 10
1137.666
 20
-4.595
 10
1137.665293
 20
-4.644707
 10
1138.694
 20
-4.645
  0
LWPOLYLINE
  5
CE
330
17
100
AcDbEntity
  8
VISTA
100
AcDbPolyline
 90
5
 70
1
 10
1133.9785
 20
-4.4955
 10
1133.9915
 20
-4.4955
 10
1133.9915
 20
-1.5045
 10
1133.9785
 20
-1.5045
 10
1133.9785
 20
-4.4955
  0
LWPOLYLINE
  5
CF
330
17
100
AcDbEntity
  8
VISTA
100
AcDbPolyline
 90
5
 70
1
 10
1133.889999
 20
-1.48
 10
1133.889999
 20
-4.52
 10
1133.92
 20
-4.52
 10
1133.92
 20
-1.48
 10
1133.889999
 20
-1.48
  0
LWPOLYLINE
  5
D0
330
17
100
AcDbEntity
  8
VISTA
100
AcDbPolyline
 90
5
 70
1
 10
1133.9655
 20
-4.5
 10
1133.9675
 20
-4.5
 10
1133.9675
 20
-1.5
 10
1133.9655
 20
-1.5
 10
1133.9655
 20
-4.5
  0
LWPOLYLINE
  5
D1
330
17
100
AcDbEntity
  8
VISTA
100
AcDbPolyline
 90
5
 70
1
 10
1133.976501
 20
-4.5
 10
1133.9785
 20
-4.5
 10
1133.9785
 20
-1.5
 10
1133.976501
 20
-1.5
 10
1133.976501
 20
-4.5
  0
LWPOLYLINE
  5
D2
330
17
100
AcDbEntity
  8
VISTA
100
AcDbPolyline
 90
5
 70
1
 10
1133.9915
 20
-4.4955
 10
1133.9935
 20
-4.4955
 10
1133.9935
 20
-1.5045
 10
1133.9915
 20
-1.5045
 10
1133.9915
 20
-4.4955
  0
LWPOLYLINE
  5
D3
330
17
100
AcDbEntity
  8
VISTA
100
AcDbPolyline
 90
5
 70
1
 10
1134.002501
 20
-4.4955
 10
1134.0045
 20
-4.4955
 10
1134.0045
 20
-1.5045
 10
1134.002501
 20
-1.5045
 10
1134.002501
 20
-4.4955
  0
LWPOLYLINE
  5
D4
330
17
100
AcDbEntity
  8
VISTA
100
AcDbPolyline
 90
9
 70
1
 10
1137.588058
 20
-4.675
 10
1138.771942
 20
-4.675
 10
1138.775694
 20
-4.672985
 10
1138.776545
 20
-1.329786
 10
1138.774607
 20
-1.325884
 10
1137.588058
 20
-1.325
 10
1137.584307
 20
-1.327015
 10
1137.584307
 20
-4.672985
 10
1137.588058
 20
-4.675
  0
LWPOLYLINE
  5
D5
330
17
100
AcDbEntity
  8
VISTA
100
AcDbPolyline
 90
5
 70
1
 10
1140.446001
 20
-1.49
 10
1140.446001
 20
-1.35
 10
1140.434
 20
-1.35
 10
1140.434
 20
-1.49
 10
1140.446001
 20
-1.49
  0
LWPOLYLINE
  5
D6
330
17
100
AcDbEntity
  8
VISTA
100
AcDbPolyline
 90
15
 70
1
 10
1138.190554
 20
-3.538737
 10
1138.190878
 20
-3.539121
 10
1138.191263
 20
-3.539446
 10
1138.192999
 20
-3.54
 10
1138.908735
 20
-3.539446
 10
1138.909121
 20
-3.539121
 10
1138.909445
 20
-3.538737
 10
1138.91
 20
-3.537
 10
1138.909445
 20
-2.461263
 10
1138.909121
 20
-2.460879
 10
1138.908735
 20
-2.460554
 10
1138.907
 20
-2.46
 10
1138.192999
 20
-2.46
 10
1138.190878
 20
-2.460879
 10
1138.190554
 20
-3.538737
  0
LWPOLYLINE
  5
D7
330
17
100
AcDbEntity
  8
VISTA
100
AcDbPolyline
 90
4
 70
1
 10
1138.191496
 20
-3.538503
 10
1138.191496
 20
-3.539117
 10
1138.190878
 20
-3.539121
 10
1138.191496
 20
-3.538503
  0
LWPOLYLINE
  5
D8
330
17
100
AcDbEntity
  8
VISTA
100
AcDbPolyline
 90
4
 70
1
 10
1138.908503
 20
-3.538503
 10
1138.909117
 20
-3.538503
 10
1138.909121
 20
-3.539121
 10
1138.908503
 20
-3.538503
  0
LWPOLYLINE
  5
D9
330
17
100
AcDbEntity
  8
VISTA
100
AcDbPolyline
 90
4
 70
1
 10
1138.908503
 20
-2.461497
 10
1138.908503
 20
-2.460883
 10
1138.909121
 20
-2.460879
 10
1138.908503
 20
-2.461497
  0
LWPOLYLINE
  5
DA
330
17
100
AcDbEntity
  8
VISTA
100
AcDbPolyline
 90
4
 70
1
 10
1138.191496
 20
-2.461497
 10
1138.190882
 20
-2.461497
 10
1138.190878
 20
-2.460879
 10
1138.191496
 20
-2.461497
  0
LWPOLYLINE
  5
DB
330
17
100
AcDbEntity
  8
VISTA
100
AcDbPolyline
 90
12
 70
1
 10
1133.923671
 20
-4.580829
 10
1133.926499
 20
-4.582
 10
1134.0435
 20
-4.582
 10
1134.046329
 20
-4.580829
 10
1134.0475
 20
-4.578
 10
1134.0475
 20
-1.422
 10
1134.046329
 20
-1.419172
 10
1134.0435
 20
-1.418
 10
1133.926499
 20
-1.418
 10
1133.923671
 20
-1.419172
 10
1133.9225
 20
-1.422
 10
1133.923671
 20
-4.580829
  0
LWPOLYLINE
  5
DC
330
17
100
AcDbEntity
  8
VISTA
100
AcDbPolyline
 90
4
 70
1
 10
1133.924191
 20
-4.580309
 10
1133.924705
 20
-4.580528
 10
1133.923972
 20
-4.580528
 10
1133.924191
 20
-4.580309
  0
LWPOLYLINE
  5
DD
330
17
100
AcDbEntity
  8
VISTA
100
AcDbPolyline
 90
4
 70
1
 10
1133.924191
 20
-1.419691
 10
1133.923972
 20
-1.420205
 10
1133.923972
 20
-1.419472
 10
1133.924191
 20
-1.419691
  0
LWPOLYLINE
  5
DE
330
17
100
AcDbEntity
  8
VISTA
100
AcDbPolyline
 90
4
 70
1
 10
1134.045809
 20
-1.419691
 10
1134.045295
 20
-1.419472
 10
1134.046027
 20
-1.419472
 10
1134.045809
 20
-1.419691
  0
LWPOLYLINE
  5
DF
330
17
100
AcDbEntity
  8
VISTA
100
AcDbPolyline
 90
4
 70
1
 10
1134.046027
 20
-4.580528
 10
1134.045295
 20
-4.580528
 10
1134.045809
 20
-4.580309
 10
1134.046027
 20
-4.580528
  0
LWPOLYLINE
  5
E0
330
17
100
AcDbEntity
  8
VISTA
100
AcDbPolyline
 90
5
 70
1
 10
1138.419706
 20
-3.339707
 10
1138.419706
 20
-3.140293
 10
1138.260294
 20
-3.140293
 10
1138.260294
 20
-3.339707
 10
1138.419706
 20
-3.339707
  0
LWPOLYLINE
  5
E1
330
17
100
AcDbEntity
  8
VISTA
100
AcDbPolyline
 90
5
 70
1
 10
1138.889002
 20
-2.57925
 10
1138.890001
 20
-2.55775
 10
1138.691
 20
-2.55675
 10
1138.690294
 20
-2.578957
 10
1138.889002
 20
-2.57925
  0
LWPOLYLINE
  5
E2
330
17
100
AcDbEntity
  8
VISTA
100
AcDbPolyline
 90
5
 70
1
 10
1138.889002
 20
-2.60325
 10
1138.890001
 20
-2.58175
 10
1138.691
 20
-2.58075
 10
1138.690294
 20
-2.602957
 10
1138.889002
 20
-2.60325
  0
LWPOLYLINE
  5
E3
330
17
100
AcDbEntity
  8
VISTA
100
AcDbPolyline
 90
5
 70
1
 10
1138.889002
 20
-2.62725
 10
1138.890001
 20
-2.60575
 10
1138.691
 20
-2.60475
 10
1138.690294
 20
-2.626957
 10
1138.889002
 20
-2.62725
  0
LWPOLYLINE
  5
E4
330
17
100
AcDbEntity
  8
VISTA
100
AcDbPolyline
 90
5
 70
1
 10
1138.889002
 20
-2.65125
 10
1138.890001
 20
-2.62975
 10
1138.691
 20
-2.62875
 10
1138.690294
 20
-2.650957
 10
1138.889002
 20
-2.65125
  0
LWPOLYLINE
  5
E5
330
17
100
AcDbEntity
  8
VISTA
100
AcDbPolyline
 90
5
 70
1
 10
1138.889002
 20
-2.67525
 10
1138.890001
 20
-2.65375
 10
1138.691
 20
-2.65275
 10
1138.690294
 20
-2.674957
 10
1138.889002
 20
-2.67525
  0
LWPOLYLINE
  5
E6
330
17
100
AcDbEntity
  8
VISTA
100
AcDbPolyline
 90
5
 70
1
 10
1138.889002
 20
-2.69925
 10
1138.890001
 20
-2.67775
 10
1138.691
 20
-2.67675
 10
1138.690294
 20
-2.698957
 10
1138.889002
 20
-2.69925
  0
LWPOLYLINE
  5
E7
330
17
100
AcDbEntity
  8
VISTA
100
AcDbPolyline
 90
5
 70
1
 10
1138.889002
 20
-2.72325
 10
1138.890001
 20
-2.70175
 10
1138.691
 20
-2.70075
 10
1138.690294
 20
-2.722957
 10
1138.889002
 20
-2.72325
  0
LWPOLYLINE
  5
E8
330
17
100
AcDbEntity
  8
VISTA
100
AcDbPolyline
 90
5
 70
1
 10
1138.889002
 20
-2.74725
 10
1138.890001
 20
-2.72575
 10
1138.691
 20
-2.72475
 10
1138.690294
 20
-2.746957
 10
1138.889002
 20
-2.74725
  0
LWPOLYLINE
  5
E9
330
17
100
AcDbEntity
  8
VISTA
100
AcDbPolyline
 90
5
 70
1
 10
1138.889002
 20
-2.77125
 10
1138.890001
 20
-2.74975
 10
1138.691
 20
-2.74875
 10
1138.690294
 20
-2.770957
 10
1138.889002
 20
-2.77125
  0
LWPOLYLINE
  5
EA
330
17
100
AcDbEntity
  8
VISTA
100
AcDbPolyline
 90
5
 70
1
 10
1138.889002
 20
-2.79525
 10
1138.890001
 20
-2.77375
 10
1138.691
 20
-2.77275
 10
1138.690294
 20
-2.794957
 10
1138.889002
 20
-2.79525
  0
LWPOLYLINE
  5
EB
330
17
100
AcDbEntity
  8
VISTA
100
AcDbPolyline
 90
5
 70
1
 10
1138.889002
 20
-2.81925
 10
1138.890001
 20
-2.79775
 10
1138.691
 20
-2.79675
 10
1138.690294
 20
-2.818957
 10
1138.889002
 20
-2.81925
  0
LWPOLYLINE
  5
EC
330
17
100
AcDbEntity
  8
VISTA
100
AcDbPolyline
 90
5
 70
1
 10
1138.889002
 20
-2.84325
 10
1138.890001
 20
-2.82175
 10
1138.691
 20
-2.82075
 10
1138.690294
 20
-2.842957
 10
1138.889002
 20
-2.84325
  0
LWPOLYLINE
  5
ED
330
17
100
AcDbEntity
  8
VISTA
100
AcDbPolyline
 90
5
 70
1
 10
1138.889002
 20
-2.86725
 10
1138.890001
 20
-2.84575
 10
1138.691
 20
-2.84475
 10
1138.690294
 20
-2.866957
 10
1138.889002
 20
-2.86725
  0
LWPOLYLINE
  5
EE
330
17
100
AcDbEntity
  8
VISTA
100
AcDbPolyline
 90
5
 70
1
 10
1138.889002
 20
-2.89125
 10
1138.890001
 20
-2.86975
 10
1138.691
 20
-2.86875
 10
1138.690294
 20
-2.890957
 10
1138.889002
 20
-2.89125
  0
LWPOLYLINE
  5
EF
330
17
100
AcDbEntity
  8
VISTA
100
AcDbPolyline
 90
5
 70
1
 10
1138.889002
 20
-2.91525
 10
1138.890001
 20
-2.89375
 10
1138.691
 20
-2.89275
 10
1138.690294
 20
-2.914957
 10
1138.889002
 20
-2.91525
  0
LWPOLYLINE
  5
F0
330
17
100
AcDbEntity
  8
VISTA
100
AcDbPolyline
 90
5
 70
1
 10
1138.889002
 20
-2.93925
 10
1138.890001
 20
-2.91775
 10
1138.691
 20
-2.91675
 10
1138.690294
 20
-2.938957
 10
1138.889002
 20
-2.93925
  0
LWPOLYLINE
  5
F1
330
17
100
AcDbEntity
  8
VISTA
100
AcDbPolyline
 90
5
 70
1
 10
1138.889002
 20
-2.96325
 10
1138.890001
 20
-2.94175
 10
1138.691
 20
-2.94075
 10
1138.690294
 20
-2.962957
 10
1138.889002
 20
-2.96325
  0
LWPOLYLINE
  5
F2
330
17
100
AcDbEntity
  8
VISTA
100
AcDbPolyline
 90
5
 70
1
 10
1138.889002
 20
-2.98725
 10
1138.890001
 20
-2.96575
 10
1138.691
 20
-2.96475
 10
1138.690294
 20
-2.986957
 10
1138.889002
 20
-2.98725
  0
LWPOLYLINE
  5
F3
330
17
100
AcDbEntity
  8
VISTA
100
AcDbPolyline
 90
5
 70
1
 10
1138.889002
 20
-3.01125
 10
1138.890001
 20
-2.98975
 10
1138.691
 20
-2.98875
 10
1138.690294
 20
-3.010957
 10
1138.889002
 20
-3.01125
  0
LWPOLYLINE
  5
F4
330
17
100
AcDbEntity
  8
VISTA
100
AcDbPolyline
 90
5
 70
1
 10
1138.889002
 20
-3.03525
 10
1138.890001
 20
-3.01375
 10
1138.691
 20
-3.01275
 10
1138.690294
 20
-3.034957
 10
1138.889002
 20
-3.03525
  0
LWPOLYLINE
  5
F5
330
17
100
AcDbEntity
  8
VISTA
100
AcDbPolyline
 90
5
 70
1
 10
1138.889002
 20
-3.05925
 10
1138.890001
 20
-3.03775
 10
1138.691
 20
-3.03675
 10
1138.690294
 20
-3.058957
 10
1138.889002
 20
-3.05925
  0
LWPOLYLINE
  5
F6
330
17
100
AcDbEntity
  8
VISTA
100
AcDbPolyline
 90
5
 70
1
 10
1138.889002
 20
-3.08325
 10
1138.890001
 20
-3.06175
 10
1138.691
 20
-3.06075
 10
1138.690294
 20
-3.082957
 10
1138.889002
 20
-3.08325
  0
LWPOLYLINE
  5
F7
330
17
100
AcDbEntity
  8
VISTA
100
AcDbPolyline
 90
5
 70
1
 10
1138.889002
 20
-3.10725
 10
1138.890001
 20
-3.08575
 10
1138.691
 20
-3.08475
 10
1138.690294
 20
-3.106957
 10
1138.889002
 20
-3.10725
  0
LWPOLYLINE
  5
F8
330
17
100
AcDbEntity
  8
VISTA
100
AcDbPolyline
 90
5
 70
1
 10
1138.889002
 20
-3.13125
 10
1138.890001
 20
-3.10975
 10
1138.691
 20
-3.10875
 10
1138.690294
 20
-3.130957
 10
1138.889002
 20
-3.13125
  0
LWPOLYLINE
  5
F9
330
17
100
AcDbEntity
  8
VISTA
100
AcDbPolyline
 90
5
 70
1
 10
1138.889002
 20
-3.15525
 10
1138.890001
 20
-3.13375
 10
1138.691
 20
-3.13275
 10
1138.690294
 20
-3.154957
 10
1138.889002
 20
-3.15525
  0
LWPOLYLINE
  5
FA
330
17
100
AcDbEntity
  8
VISTA
100
AcDbPolyline
 90
5
 70
1
 10
1138.889002
 20
-3.17925
 10
1138.890001
 20
-3.15775
 10
1138.691
 20
-3.15675
 10
1138.690294
 20
-3.178957
 10
1138.889002
 20
-3.17925
  0
LWPOLYLINE
  5
FB
330
17
100
AcDbEntity
  8
VISTA
100
AcDbPolyline
 90
5
 70
1
 10
1138.889002
 20
-3.20325
 10
1138.890001
 20
-3.18175
 10
1138.691
 20
-3.18075
 10
1138.690294
 20
-3.202957
 10
1138.889002
 20
-3.20325
  0
LWPOLYLINE
  5
FC
330
17
100
AcDbEntity
  8
VISTA
100
AcDbPolyline
 90
5
 70
1
 10
1138.889002
 20
-3.22725
 10
1138.890001
 20
-3.20575
 10
1138.691
 20
-3.20475
 10
1138.690294
 20
-3.226957
 10
1138.889002
 20
-3.22725
  0
LWPOLYLINE
  5
FD
330
17
100
AcDbEntity
  8
VISTA
100
AcDbPolyline
 90
5
 70
1
 10
1138.889002
 20
-3.25125
 10
1138.890001
 20
-3.22975
 10
1138.691
 20
-3.22875
 10
1138.690294
 20
-3.250957
 10
1138.889002
 20
-3.25125
  0
LWPOLYLINE
  5
FE
330
17
100
AcDbEntity
  8
VISTA
100
AcDbPolyline
 90
5
 70
1
 10
1138.889002
 20
-3.27525
 10
1138.890001
 20
-3.25375
 10
1138.691
 20
-3.25275
 10
1138.690294
 20
-3.274957
 10
1138.889002
 20
-3.27525
  0
LWPOLYLINE
  5
FF
330
17
100
AcDbEntity
  8
VISTA
100
AcDbPolyline
 90
5
 70
1
 10
1138.889002
 20
-3.29925
 10
1138.890001
 20
-3.27775
 10
1138.691
 20
-3.27675
 10
1138.690294
 20
-3.298957
 10
1138.889002
 20
-3.29925
  0
LWPOLYLINE
  5
100
330
17
100
AcDbEntity
  8
VISTA
100
AcDbPolyline
 90
5
 70
1
 10
1138.889002
 20
-3.32325
 10
1138.890001
 20
-3.30175
 10
1138.691
 20
-3.30075
 10
1138.690294
 20
-3.322957
 10
1138.889002
 20
-3.32325
  0
LWPOLYLINE
  5
101
330
17
100
AcDbEntity
  8
VISTA
100
AcDbPolyline
 90
5
 70
1
 10
1138.889002
 20
-3.34725
 10
1138.890001
 20
-3.32575
 10
1138.691
 20
-3.32475
 10
1138.690294
 20
-3.346957
 10
1138.889002
 20
-3.34725
  0
LWPOLYLINE
  5
102
330
17
100
AcDbEntity
  8
VISTA
100
AcDbPolyline
 90
5
 70
1
 10
1138.889002
 20
-3.37125
 10
1138.890001
 20
-3.34975
 10
1138.691
 20
-3.34875
 10
1138.690294
 20
-3.370957
 10
1138.889002
 20
-3.37125
  0
LWPOLYLINE
  5
103
330
17
100
AcDbEntity
  8
VISTA
100
AcDbPolyline
 90
5
 70
1
 10
1138.889002
 20
-3.39525
 10
1138.890001
 20
-3.37375
 10
1138.691
 20
-3.37275
 10
1138.690294
 20
-3.394957
 10
1138.889002
 20
-3.39525
  0
LWPOLYLINE
  5
104
330
17
100
AcDbEntity
  8
VISTA
100
AcDbPolyline
 90
5
 70
1
 10
1138.889002
 20
-3.41925
 10
1138.890001
 20
-3.39775
 10
1138.691
 20
-3.39675
 10
1138.690294
 20
-3.418957
 10
1138.889002
 20
-3.41925
  0
LWPOLYLINE
  5
105
330
17
100
AcDbEntity
  8
VISTA
100
AcDbPolyline
 90
32
 70
1
 10
1141.13765
 20
-3.915695
 10
1141.1465
 20
-3.950268
 10
1141.158447
 20
-3.974137
 10
1141.176105
 20
-3.988168
 10
1141.24
 20
-3.9928
 10
1141.303894
 20
-3.988168
 10
1141.321552
 20
-3.974137
 10
1141.3335
 20
-3.950268
 10
1141.34235
 20
-3.915695
 10
1141.349022
 20
-3.868834
 10
1141.357342
 20
-3.722774
 10
1141.360001
 20
-3.149998
 10
1141.357342
 20
-2.577226
 10
1141.353945
 20
-2.49332
 10
1141.349022
 20
-2.431165
 10
1141.34235
 20
-2.384305
 10
1141.3335
 20
-2.349732
 10
1141.321552
 20
-2.325863
 10
1141.303894
 20
-2.311832
 10
1141.24
 20
-2.3072
 10
1141.176105
 20
-2.311832
 10
1141.158447
 20
-2.325863
 10
1141.1465
 20
-2.349732
 10
1141.13765
 20
-2.384305
 10
1141.130978
 20
-2.431165
 10
1141.122658
 20
-2.577226
 10
1141.120659
 20
-2.701248
 10
1141.119999
 20
-3.150001
 10
1141.120659
 20
-3.598751
 10
1141.122658
 20
-3.722774
 10
1141.130978
 20
-3.868834
 10
1141.13765
 20
-3.915695
  0
LWPOLYLINE
  5
106
330
17
100
AcDbEntity
  8
VISTA
100
AcDbPolyline
 90
22
 70
1
 10
1139.235168
 20
-3.143686
 10
1139.237438
 20
-3.180327
 10
1139.240818
 20
-3.197563
 10
1139.248487
 20
-3.216767
 10
1139.2575
 20
-3.222941
 10
1139.29018
 20
-3.225
 10
1139.322512
 20
-3.222941
 10
1139.330984
 20
-3.216767
 10
1139.339634
 20
-3.197563
 10
1139.344992
 20
-3.143686
 10
1139.345022
 20
-2.856314
 10
1139.340391
 20
-2.807918
 10
1139.336819
 20
-2.793517
 10
1139.331535
 20
-2.783234
 10
1139.322397
 20
-2.77706
 10
1139.289785
 20
-2.775
 10
1139.257458
 20
-2.77706
 10
1139.248989
 20
-2.783234
 10
1139.243298
 20
-2.793517
 10
1139.23934
 20
-2.807918
 10
1139.23518
 20
-2.856314
 10
1139.235168
 20
-3.143686
  0
LWPOLYLINE
  5
107
330
17
100
AcDbEntity
  8
VISTA
100
AcDbPolyline
 90
5
 70
1
 10
1140.878706
 20
-1.782207
 10
1140.878706
 20
-1.317793
 10
1140.469294
 20
-1.317793
 10
1140.469294
 20
-1.782207
 10
1140.878706
 20
-1.782207
  0
LWPOLYLINE
  5
108
330
17
100
AcDbEntity
  8
VISTA
100
AcDbPolyline
 90
9
 70
1
 10
1140.4475
 20
-1.795
 10
1140.466501
 20
-1.795
 10
1140.469501
 20
-1.792
 10
1140.469501
 20
-1.308
 10
1140.466501
 20
-1.305
 10
1140.4475
 20
-1.305
 10
1140.4445
 20
-1.308
 10
1140.4445
 20
-1.792
 10
1140.4475
 20
-1.795
  0
LWPOLYLINE
  5
109
330
17
100
AcDbEntity
  8
VISTA
100
AcDbPolyline
 90
8
 70
1
 10
1141.264
 20
-5.62
 10
1141.266001
 20
-5.618
 10
1141.266001
 20
-5.202
 10
1141.264
 20
-5.2
 10
1141.256001
 20
-5.2
 10
1141.254
 20
-5.202
 10
1141.254585
 20
-5.619414
 10
1141.264
 20
-5.62
  0
LWPOLYLINE
  5
10A
330
17
100
AcDbEntity
  8
VISTA
100
AcDbPolyline
 90
5
 70
1
 10
1137.766172
 20
-6.25
 10
1138.233828
 20
-6.25
 10
1138.233828
 20
-6.236172
 10
1137.766172
 20
-6.236172
 10
1137.766172
 20
-6.25
  0
LWPOLYLINE
  5
10B
330
17
100
AcDbEntity
  8
VISTA
100
AcDbPolyline
 90
4
 70
1
 10
1137.766691
 20
-6.236691
 10
1137.766472
 20
-6.237206
 10
1137.766472
 20
-6.236472
 10
1137.766691
 20
-6.236691
  0
LWPOLYLINE
  5
10C
330
17
100
AcDbEntity
  8
VISTA
100
AcDbPolyline
 90
4
 70
1
 10
1138.233309
 20
-6.236691
 10
1138.232794
 20
-6.236472
 10
1138.233528
 20
-6.236472
 10
1138.233309
 20
-6.236691
  0
LWPOLYLINE
  5
10D
330
17
100
AcDbEntity
  8
VISTA
100
AcDbPolyline
 90
5
 70
1
 10
1140.446001
 20
-1.49
 10
1140.446001
 20
-1.35
 10
1140.434
 20
-1.35
 10
1140.434
 20
-1.49
 10
1140.446001
 20
-1.49
  0
LWPOLYLINE
  5
10E
330
17
100
AcDbEntity
  8
VISTA
100
AcDbPolyline
 90
5
 70
1
 10
1140.878706
 20
-1.782207
 10
1140.878706
 20
-1.317793
 10
1140.469294
 20
-1.317793
 10
1140.469294
 20
-1.782207
 10
1140.878706
 20
-1.782207
  0
LWPOLYLINE
  5
10F
330
17
100
AcDbEntity
  8
VISTA
100
AcDbPolyline
 90
9
 70
1
 10
1140.4475
 20
-1.795
 10
1140.466501
 20
-1.795
 10
1140.469501
 20
-1.792
 10
1140.469501
 20
-1.308
 10
1140.466501
 20
-1.305
 10
1140.4475
 20
-1.305
 10
1140.4445
 20
-1.308
 10
1140.4445
 20
-1.792
 10
1140.4475
 20
-1.795
  0
LWPOLYLINE
  5
110
330
17
100
AcDbEntity
  8
VISTA
100
AcDbPolyline
 90
10
 70
1
 10
1133.9425
 20
-5.011939
 10
1133.944201
 20
-5.013634
 10
1133.9858
 20
-5.013634
 10
1133.9875
 20
-5.011939
 10
1133.9875
 20
-1.188061
 10
1133.9858
 20
-1.186366
 10
1133.944201
 20
-1.186366
 10
1133.943349
 20
-1.186594
 10
1133.942998
 20
-1.187135
 10
1133.9425
 20
-5.011939
  0
LWPOLYLINE
  5
111
330
17
100
AcDbEntity
  8
VISTA
100
AcDbPolyline
 90
4
 70
1
 10
1133.943222059728
 20
-1.1871535332784897
 10
1133.943216
 20
-1.186992
 10
1133.943222059728
 20
-1.187153533278487
 10
1133.943222059728
 20
-1.1871535332784897
  0
LWPOLYLINE
  5
112
330
17
100
AcDbEntity
  8
VISTA
100
AcDbPolyline
 90
5
 70
1
 10
1137.556999
 20
-3.485
 10
1137.556999
 20
-2.515
 10
1137.549
 20
-2.515
 10
1137.549
 20
-3.485
 10
1137.556999
 20
-3.485
  0
LWPOLYLINE
  5
113
330
17
100
AcDbEntity
  8
VISTA
100
AcDbPolyline
 90
5
 70
1
 10
1137.7125
 20
-2.24
 10
1137.7125
 20
-2.72
 10
1137.747499
 20
-2.72
 10
1137.747499
 20
-2.24
 10
1137.7125
 20
-2.24
  0
LWPOLYLINE
  5
114
330
17
100
AcDbEntity
  8
VISTA
100
AcDbPolyline
 90
5
 70
1
 10
1137.7125
 20
-3.28
 10
1137.7125
 20
-3.76
 10
1137.747499
 20
-3.76
 10
1137.747499
 20
-3.28
 10
1137.7125
 20
-3.28
  0
LWPOLYLINE
  5
115
330
17
100
AcDbEntity
  8
VISTA
100
AcDbPolyline
 90
8
 70
1
 10
1140.5783
 20
-6.194999
 10
1140.579998
 20
-6.1933
 10
1140.579998
 20
-6.1667
 10
1140.5783
 20
-6.165
 10
1140.0217
 20
-6.165
 10
1140.019999
 20
-6.1667
 10
1140.020313
 20
-6.194284
 10
1140.5783
 20
-6.194999
  0
LWPOLYLINE
  5
116
330
17
100
AcDbEntity
  8
VISTA
100
AcDbPolyline
 90
5
 70
1
 10
1137.556999
 20
-3.485
 10
1137.556999
 20
-2.515
 10
1137.549
 20
-2.515
 10
1137.549
 20
-3.485
 10
1137.556999
 20
-3.485
  0
LWPOLYLINE
  5
117
330
17
100
AcDbEntity
  8
VISTA
100
AcDbPolyline
 90
5
 70
1
 10
1137.766172
 20
-6.25
 10
1138.233828
 20
-6.25
 10
1138.233828
 20
-6.236172
 10
1137.766172
 20
-6.236172
 10
1137.766172
 20
-6.25
  0
LWPOLYLINE
  5
118
330
17
100
AcDbEntity
  8
VISTA
100
AcDbPolyline
 90
4
 70
1
 10
1137.766691
 20
-6.236691
 10
1137.766472
 20
-6.237206
 10
1137.766472
 20
-6.236472
 10
1137.766691
 20
-6.236691
  0
LWPOLYLINE
  5
119
330
17
100
AcDbEntity
  8
VISTA
100
AcDbPolyline
 90
4
 70
1
 10
1138.233309
 20
-6.236691
 10
1138.232794
 20
-6.236472
 10
1138.233528
 20
-6.236472
 10
1138.233309
 20
-6.236691
  0
LWPOLYLINE
  5
11A
330
17
100
AcDbEntity
  8
VISTA
100
AcDbPolyline
 90
9
 70
1
 10
1137.586
 20
-1.81399
 10
1137.598
 20
-1.8448900000000001
 10
1137.598
 20
-1.883
 10
1137.612
 20
-1.87373
 10
1137.612
 20
-1.68627
 10
1137.598
 20
-1.677
 10
1137.598
 20
-1.71511
 10
1137.586
 20
-1.74601
 10
1137.586
 20
-1.81399
  0
LWPOLYLINE
  5
11B
330
17
100
AcDbEntity
  8
VISTA
100
AcDbPolyline
 90
9
 70
1
 10
1137.586
 20
-4.25399
 10
1137.598
 20
-4.28489
 10
1137.598
 20
-4.323
 10
1137.612
 20
-4.31373
 10
1137.612
 20
-4.12627
 10
1137.598
 20
-4.117
 10
1137.598
 20
-4.15511
 10
1137.586
 20
-4.18601
 10
1137.586
 20
-4.25399
  0
LWPOLYLINE
  5
11C
330
17
100
AcDbEntity
  8
VISTA
100
AcDbPolyline
 90
8
 70
1
 10
1138.6738742636148
 20
-6.246059152320449
 10
1138.6709286520734
 20
-6.247911726484612
 10
1138.6690957673518
 20
-6.25
 10
1138.684274188128
 20
-6.25
 10
1138.6832368929588
 20
-6.2485357440914
 10
1138.680298140186
 20
-6.24638463857073
 10
1138.6770673583967
 20
-6.24553126838307
 10
1138.6738742636148
 20
-6.246059152320449
  0
LWPOLYLINE
  5
11D
330
17
100
AcDbEntity
  8
VISTA
100
AcDbPolyline
 90
5
 70
1
 10
1138.9522358128868
 20
-6.25
 10
1138.95941900319
 20
-6.25
 10
1138.958032049714
 20
-6.249308223599405
 10
1138.9548650999236
 20
-6.249043475950959
 10
1138.9522358128868
 20
-6.25
  0
LWPOLYLINE
  5
11E
330
17
100
AcDbEntity
  8
CORTE
100
AcDbPolyline
 90
41
 70
1
 10
1134.0010287149796
 20
-0.0016607463177687246
 10
1134.000831
 20
-0.001895
 10
1134.0003373740208
 20
-0.003442407552491382
 10
1134.0
 20
-0.0045
 10
1134.0
 20
-0.11795675336884989
 10
1134.0
 20
-0.1955
 10
1134.0004936259793
 20
-0.1970474075524914
 10
1134.000831
 20
-0.198105
 10
1134.0011202850203
 20
-0.19844774631776874
 10
1134.001318
 20
-0.198682
 10
1134.0016607463178
 20
-0.1989712850203698
 10
1134.001895
 20
-0.199169
 10
1134.003441813538
 20
-0.19966262597931683
 10
1134.004499
 20
-0.2
 10
1138.7512693826386
 20
-0.2
 10
1141.995501
 20
-0.2
 10
1141.9970472195237
 20
-0.1995063740206832
 10
1141.998104
 20
-0.199169
 10
1141.9984473403322
 20
-0.19887971497963022
 10
1141.998682
 20
-0.198682
 10
1141.998879308994
 20
-0.19844774631776874
 10
1141.999168
 20
-0.198105
 10
1141.9995057800063
 20
-0.1970474075524914
 10
1142.0
 20
-0.1955
 10
1142.0
 20
-0.11795675336884989
 10
1142.0
 20
-0.0045
 10
1141.9996622199938
 20
-0.003442407552491382
 10
1141.999168
 20
-0.001895
 10
1141.998970691006
 20
-0.0016607463177687246
 10
1141.998682
 20
-0.001318
 10
1141.9984473403322
 20
-0.00112028502036979
 10
1141.998104
 20
-0.000831
 10
1141.9970472195237
 20
-0.0004936259793168286
 10
1141.995501
 20
-0.0
 10
1138.7512693826386
 20
-0.0
 10
1134.004499
 20
-0.0
 10
1134.003441813538
 20
-0.0003373740206831714
 10
1134.001895
 20
-0.000831
 10
1134.0016607463178
 20
-0.0010287149796302099
 10
1134.001318
 20
-0.001318
 10
1134.0010287149796
 20
-0.0016607463177687246
  0
LINE
  5
11F
330
17
100
AcDbEntity
  8
CORTE
100
AcDbLine
 10
1138.8760304264752
 20
0.11334058040354632
 30
0.0
 11
1138.876318
 21
0.113682
 31
0.0
  0
LINE
  5
120
330
17
100
AcDbEntity
  8
CORTE
100
AcDbLine
 10
1138.8760304264752
 20
0.11334058040354632
 30
0.0
 11
1138.875832
 21
0.113105
 31
0.0
  0
LINE
  5
121
330
17
100
AcDbEntity
  8
CORTE
100
AcDbLine
 10
1138.8753396930601
 20
0.11156358223784775
 30
0.0
 11
1138.875832
 21
0.113105
 31
0.0
  0
LINE
  5
122
330
17
100
AcDbEntity
  8
CORTE
100
AcDbLine
 10
1138.8753396930601
 20
0.11156358223784775
 30
0.0
 11
1138.875
 21
0.1105
 31
0.0
  0
LINE
  5
123
330
17
100
AcDbEntity
  8
CORTE
100
AcDbLine
 10
1138.875
 20
-0.026186181595842253
 30
0.0
 11
1138.875
 21
-0.026186181595842226
 31
0.0
  0
LINE
  5
124
330
17
100
AcDbEntity
  8
CORTE
100
AcDbLine
 10
1138.875
 20
-0.026186181595842226
 30
0.0
 11
1138.875
 21
0.1105
 31
0.0
  0
LINE
  5
125
330
17
100
AcDbEntity
  8
CORTE
100
AcDbLine
 10
1138.875
 20
-0.026186181595842253
 30
0.0
 11
1138.875
 21
-0.1205
 31
0.0
  0
LINE
  5
126
330
17
100
AcDbEntity
  8
CORTE
100
AcDbLine
 10
1138.8754923069398
 20
-0.12204141776215224
 30
0.0
 11
1138.875
 21
-0.1205
 31
0.0
  0
LINE
  5
127
330
17
100
AcDbEntity
  8
CORTE
100
AcDbLine
 10
1138.8754923069398
 20
-0.12204141776215224
 30
0.0
 11
1138.875832
 21
-0.123105
 31
0.0
  0
LINE
  5
128
330
17
100
AcDbEntity
  8
CORTE
100
AcDbLine
 10
1138.8761195735249
 20
-0.12344641959645368
 30
0.0
 11
1138.875832
 21
-0.123105
 31
0.0
  0
LINE
  5
129
330
17
100
AcDbEntity
  8
CORTE
100
AcDbLine
 10
1138.8761195735249
 20
-0.12344641959645368
 30
0.0
 11
1138.876318
 21
-0.123682
 31
0.0
  0
LINE
  5
12A
330
17
100
AcDbEntity
  8
CORTE
100
AcDbLine
 10
1139.623682
 20
0.113682
 30
0.0
 11
1139.6239695735248
 21
0.11334058040354632
 31
0.0
  0
LINE
  5
12B
330
17
100
AcDbEntity
  8
CORTE
100
AcDbLine
 10
1139.624168
 20
0.113105
 30
0.0
 11
1139.6239695735248
 21
0.11334058040354632
 31
0.0
  0
LINE
  5
12C
330
17
100
AcDbEntity
  8
CORTE
100
AcDbLine
 10
1139.624168
 20
0.113105
 30
0.0
 11
1139.6246603069399
 21
0.11156358223784775
 31
0.0
  0
LINE
  5
12D
330
17
100
AcDbEntity
  8
CORTE
100
AcDbLine
 10
1139.625
 20
0.1105
 30
0.0
 11
1139.6246603069399
 21
0.11156358223784775
 31
0.0
  0
LINE
  5
12E
330
17
100
AcDbEntity
  8
CORTE
100
AcDbLine
 10
1139.625
 20
0.1105
 30
0.0
 11
1139.625
 21
-0.026186181595842226
 31
0.0
  0
LINE
  5
12F
330
17
100
AcDbEntity
  8
CORTE
100
AcDbLine
 10
1139.625
 20
-0.1205
 30
0.0
 11
1139.625
 21
-0.026186181595842253
 31
0.0
  0
LINE
  5
130
330
17
100
AcDbEntity
  8
CORTE
100
AcDbLine
 10
1139.625
 20
-0.1205
 30
0.0
 11
1139.6245076930602
 21
-0.12204141776215224
 31
0.0
  0
LINE
  5
131
330
17
100
AcDbEntity
  8
CORTE
100
AcDbLine
 10
1139.624168
 20
-0.123105
 30
0.0
 11
1139.6245076930602
 21
-0.12204141776215224
 31
0.0
  0
LINE
  5
132
330
17
100
AcDbEntity
  8
CORTE
100
AcDbLine
 10
1139.624168
 20
-0.123105
 30
0.0
 11
1139.6238804264751
 21
-0.12344641959645368
 31
0.0
  0
LINE
  5
133
330
17
100
AcDbEntity
  8
CORTE
100
AcDbLine
 10
1139.623682
 20
-0.123682
 30
0.0
 11
1139.6238804264751
 21
-0.12344641959645368
 31
0.0
  0
LINE
  5
134
330
17
100
AcDbEntity
  8
CORTE
100
AcDbLine
 10
1138.876318
 20
0.113682
 30
0.0
 11
1138.8766588278813
 21
0.11397016523998778
 31
0.0
  0
LINE
  5
135
330
17
100
AcDbEntity
  8
CORTE
100
AcDbLine
 10
1138.8766588278813
 20
0.11397016523998778
 30
0.0
 11
1138.876894
 21
0.114169
 31
0.0
  0
LINE
  5
136
330
17
100
AcDbEntity
  8
CORTE
100
AcDbLine
 10
1138.876894
 20
0.114169
 30
0.0
 11
1138.8784354177621
 21
0.11466071522470193
 31
0.0
  0
LINE
  5
137
330
17
100
AcDbEntity
  8
CORTE
100
AcDbLine
 10
1138.8784354177621
 20
0.11466071522470193
 30
0.0
 11
1138.879499
 21
0.115
 31
0.0
  0
LINE
  5
138
330
17
100
AcDbEntity
  8
CORTE
100
AcDbLine
 10
1138.879499
 20
0.115
 30
0.0
 11
1139.317961051666
 21
0.115
 31
0.0
  0
LINE
  5
139
330
17
100
AcDbEntity
  8
CORTE
100
AcDbLine
 10
1139.317961051666
 20
0.115
 30
0.0
 11
1139.620501
 21
0.115
 31
0.0
  0
LINE
  5
13A
330
17
100
AcDbEntity
  8
CORTE
100
AcDbLine
 10
1139.620501
 20
0.115
 30
0.0
 11
1139.6220424177623
 21
0.11450828477529808
 31
0.0
  0
LINE
  5
13B
330
17
100
AcDbEntity
  8
CORTE
100
AcDbLine
 10
1139.6220424177623
 20
0.11450828477529808
 30
0.0
 11
1139.623106
 21
0.114169
 31
0.0
  0
LINE
  5
13C
330
17
100
AcDbEntity
  8
CORTE
100
AcDbLine
 10
1139.623106
 20
0.114169
 30
0.0
 11
1139.6234468278815
 21
0.11388083476001223
 31
0.0
  0
LINE
  5
13D
330
17
100
AcDbEntity
  8
CORTE
100
AcDbLine
 10
1139.6234468278815
 20
0.11388083476001223
 30
0.0
 11
1139.623682
 21
0.113682
 31
0.0
  0
LINE
  5
13E
330
17
100
AcDbEntity
  8
CORTE
100
AcDbLine
 10
1138.8766588278813
 20
-0.12397016523998777
 30
0.0
 11
1138.876318
 21
-0.123682
 31
0.0
  0
LINE
  5
13F
330
17
100
AcDbEntity
  8
CORTE
100
AcDbLine
 10
1138.876894
 20
-0.124169
 30
0.0
 11
1138.8766588278813
 21
-0.12397016523998777
 31
0.0
  0
LINE
  5
140
330
17
100
AcDbEntity
  8
CORTE
100
AcDbLine
 10
1138.8784354177621
 20
-0.12466071522470193
 30
0.0
 11
1138.876894
 21
-0.124169
 31
0.0
  0
LINE
  5
141
330
17
100
AcDbEntity
  8
CORTE
100
AcDbLine
 10
1138.879499
 20
-0.125
 30
0.0
 11
1138.8784354177621
 21
-0.12466071522470193
 31
0.0
  0
LINE
  5
142
330
17
100
AcDbEntity
  8
CORTE
100
AcDbLine
 10
1139.317961051666
 20
-0.125
 30
0.0
 11
1138.879499
 21
-0.125
 31
0.0
  0
LINE
  5
143
330
17
100
AcDbEntity
  8
CORTE
100
AcDbLine
 10
1139.620501
 20
-0.125
 30
0.0
 11
1139.317961051666
 21
-0.125
 31
0.0
  0
LINE
  5
144
330
17
100
AcDbEntity
  8
CORTE
100
AcDbLine
 10
1139.6220424177623
 20
-0.12450828477529807
 30
0.0
 11
1139.620501
 21
-0.125
 31
0.0
  0
LINE
  5
145
330
17
100
AcDbEntity
  8
CORTE
100
AcDbLine
 10
1139.623106
 20
-0.124169
 30
0.0
 11
1139.6220424177623
 21
-0.12450828477529807
 31
0.0
  0
LINE
  5
146
330
17
100
AcDbEntity
  8
CORTE
100
AcDbLine
 10
1139.6234468278815
 20
-0.12388083476001223
 30
0.0
 11
1139.623106
 21
-0.124169
 31
0.0
  0
LINE
  5
147
330
17
100
AcDbEntity
  8
CORTE
100
AcDbLine
 10
1139.623682
 20
-0.123682
 30
0.0
 11
1139.6234468278815
 21
-0.12388083476001223
 31
0.0
  0
LINE
  5
148
330
17
100
AcDbEntity
  8
CORTE
100
AcDbLine
 10
1136.0778879790096
 20
0.04437117526530067
 30
0.0
 11
1136.077999
 21
0.044502
 31
0.0
  0
LINE
  5
149
330
17
100
AcDbEntity
  8
CORTE
100
AcDbLine
 10
1136.0778879790096
 20
0.04437117526530067
 30
0.0
 11
1136.077814
 21
0.044284
 31
0.0
  0
LINE
  5
14A
330
17
100
AcDbEntity
  8
CORTE
100
AcDbLine
 10
1136.0776261644864
 20
0.04369348835346726
 30
0.0
 11
1136.077814
 21
0.044284
 31
0.0
  0
LINE
  5
14B
330
17
100
AcDbEntity
  8
CORTE
100
AcDbLine
 10
1136.0776261644864
 20
0.04369348835346726
 30
0.0
 11
1136.077501
 21
0.0433
 31
0.0
  0
LINE
  5
14C
330
17
100
AcDbEntity
  8
CORTE
100
AcDbLine
 10
1136.077501
 20
0.021335847293599414
 30
0.0
 11
1136.077501
 21
0.0433
 31
0.0
  0
LINE
  5
14D
330
17
100
AcDbEntity
  8
CORTE
100
AcDbLine
 10
1136.077501
 20
0.02133584729359941
 30
0.0
 11
1136.077501
 21
0.0067
 31
0.0
  0
LINE
  5
14E
330
17
100
AcDbEntity
  8
CORTE
100
AcDbLine
 10
1136.0776888355135
 20
0.006109488353467263
 30
0.0
 11
1136.077501
 21
0.0067
 31
0.0
  0
LINE
  5
14F
330
17
100
AcDbEntity
  8
CORTE
100
AcDbLine
 10
1136.0776888355135
 20
0.006109488353467263
 30
0.0
 11
1136.077814
 21
0.005716
 31
0.0
  0
LINE
  5
150
330
17
100
AcDbEntity
  8
CORTE
100
AcDbLine
 10
1136.0779250209905
 20
0.005585175265300674
 30
0.0
 11
1136.077814
 21
0.005716
 31
0.0
  0
LINE
  5
151
330
17
100
AcDbEntity
  8
CORTE
100
AcDbLine
 10
1136.0779250209905
 20
0.005585175265300674
 30
0.0
 11
1136.077999
 21
0.005498
 31
0.0
  0
LINE
  5
152
330
17
100
AcDbEntity
  8
CORTE
100
AcDbLine
 10
1136.122002
 20
0.044502
 30
0.0
 11
1136.1221130209904
 21
0.04437117526530067
 31
0.0
  0
LINE
  5
153
330
17
100
AcDbEntity
  8
CORTE
100
AcDbLine
 10
1136.122187
 20
0.044284
 30
0.0
 11
1136.1221130209904
 21
0.04437117526530067
 31
0.0
  0
LINE
  5
154
330
17
100
AcDbEntity
  8
CORTE
100
AcDbLine
 10
1136.122187
 20
0.044284
 30
0.0
 11
1136.1223742354002
 21
0.04369348835346726
 31
0.0
  0
LINE
  5
155
330
17
100
AcDbEntity
  8
CORTE
100
AcDbLine
 10
1136.122499
 20
0.0433
 30
0.0
 11
1136.1223742354002
 21
0.04369348835346726
 31
0.0
  0
LINE
  5
156
330
17
100
AcDbEntity
  8
CORTE
100
AcDbLine
 10
1136.122499
 20
0.0433
 30
0.0
 11
1136.122499
 21
0.021335847293599414
 31
0.0
  0
LINE
  5
157
330
17
100
AcDbEntity
  8
CORTE
100
AcDbLine
 10
1136.122499
 20
0.021335847293599414
 30
0.0
 11
1136.122499
 21
0.02133584729359941
 31
0.0
  0
LINE
  5
158
330
17
100
AcDbEntity
  8
CORTE
100
AcDbLine
 10
1136.122499
 20
0.0067
 30
0.0
 11
1136.122499
 21
0.02133584729359941
 31
0.0
  0
LINE
  5
159
330
17
100
AcDbEntity
  8
CORTE
100
AcDbLine
 10
1136.122499
 20
0.0067
 30
0.0
 11
1136.1223117645998
 21
0.006109488353467263
 31
0.0
  0
LINE
  5
15A
330
17
100
AcDbEntity
  8
CORTE
100
AcDbLine
 10
1136.122187
 20
0.005716
 30
0.0
 11
1136.1223117645998
 21
0.006109488353467263
 31
0.0
  0
LINE
  5
15B
330
17
100
AcDbEntity
  8
CORTE
100
AcDbLine
 10
1136.122187
 20
0.005716
 30
0.0
 11
1136.1220759790097
 21
0.005585175265300674
 31
0.0
  0
LINE
  5
15C
330
17
100
AcDbEntity
  8
CORTE
100
AcDbLine
 10
1136.122002
 20
0.005498
 30
0.0
 11
1136.1220759790097
 21
0.005585175265300674
 31
0.0
  0
LINE
  5
15D
330
17
100
AcDbEntity
  8
CORTE
100
AcDbLine
 10
1136.077999
 20
0.044502
 30
0.0
 11
1136.0781298247348
 21
0.04461242087699392
 31
0.0
  0
LINE
  5
15E
330
17
100
AcDbEntity
  8
CORTE
100
AcDbLine
 10
1136.0781298247348
 20
0.04461242087699392
 30
0.0
 11
1136.078217
 21
0.044686
 31
0.0
  0
LINE
  5
15F
330
17
100
AcDbEntity
  8
CORTE
100
AcDbLine
 10
1136.078217
 20
0.044686
 30
0.0
 11
1136.0788075116466
 21
0.04487443562704398
 31
0.0
  0
LINE
  5
160
330
17
100
AcDbEntity
  8
CORTE
100
AcDbLine
 10
1136.0788075116466
 20
0.04487443562704398
 30
0.0
 11
1136.079201
 21
0.045
 31
0.0
  0
LINE
  5
161
330
17
100
AcDbEntity
  8
CORTE
100
AcDbLine
 10
1136.079201
 20
0.045
 30
0.0
 11
1136.1041651199025
 21
0.045
 31
0.0
  0
LINE
  5
162
330
17
100
AcDbEntity
  8
CORTE
100
AcDbLine
 10
1136.1041651199025
 20
0.045
 30
0.0
 11
1136.1208
 21
0.045
 31
0.0
  0
LINE
  5
163
330
17
100
AcDbEntity
  8
CORTE
100
AcDbLine
 10
1136.1208
 20
0.045
 30
0.0
 11
1136.1213905116465
 21
0.04481156437295601
 31
0.0
  0
LINE
  5
164
330
17
100
AcDbEntity
  8
CORTE
100
AcDbLine
 10
1136.1213905116465
 20
0.04481156437295601
 30
0.0
 11
1136.121784
 21
0.044686
 31
0.0
  0
LINE
  5
165
330
17
100
AcDbEntity
  8
CORTE
100
AcDbLine
 10
1136.121784
 20
0.044686
 30
0.0
 11
1136.1219148247346
 21
0.044575579123006075
 31
0.0
  0
LINE
  5
166
330
17
100
AcDbEntity
  8
CORTE
100
AcDbLine
 10
1136.1219148247346
 20
0.044575579123006075
 30
0.0
 11
1136.122002
 21
0.044502
 31
0.0
  0
LINE
  5
167
330
17
100
AcDbEntity
  8
CORTE
100
AcDbLine
 10
1136.0781298247348
 20
0.005387579123006074
 30
0.0
 11
1136.077999
 21
0.005498
 31
0.0
  0
LINE
  5
168
330
17
100
AcDbEntity
  8
CORTE
100
AcDbLine
 10
1136.078217
 20
0.005314
 30
0.0
 11
1136.0781298247348
 21
0.005387579123006074
 31
0.0
  0
LINE
  5
169
330
17
100
AcDbEntity
  8
CORTE
100
AcDbLine
 10
1136.0788075116466
 20
0.005125564372956017
 30
0.0
 11
1136.078217
 21
0.005314
 31
0.0
  0
LINE
  5
16A
330
17
100
AcDbEntity
  8
CORTE
100
AcDbLine
 10
1136.079201
 20
0.005
 30
0.0
 11
1136.0788075116466
 21
0.005125564372956017
 31
0.0
  0
LINE
  5
16B
330
17
100
AcDbEntity
  8
CORTE
100
AcDbLine
 10
1136.1041651199025
 20
0.005
 30
0.0
 11
1136.079201
 21
0.005
 31
0.0
  0
LINE
  5
16C
330
17
100
AcDbEntity
  8
CORTE
100
AcDbLine
 10
1136.1208
 20
0.005
 30
0.0
 11
1136.1041651199025
 21
0.005
 31
0.0
  0
LINE
  5
16D
330
17
100
AcDbEntity
  8
CORTE
100
AcDbLine
 10
1136.1213905116465
 20
0.0051884356270439835
 30
0.0
 11
1136.1208
 21
0.005
 31
0.0
  0
LINE
  5
16E
330
17
100
AcDbEntity
  8
CORTE
100
AcDbLine
 10
1136.121784
 20
0.005314
 30
0.0
 11
1136.1213905116465
 21
0.0051884356270439835
 31
0.0
  0
LINE
  5
16F
330
17
100
AcDbEntity
  8
CORTE
100
AcDbLine
 10
1136.1219148247346
 20
0.005424420876993926
 30
0.0
 11
1136.121784
 21
0.005314
 31
0.0
  0
LINE
  5
170
330
17
100
AcDbEntity
  8
CORTE
100
AcDbLine
 10
1136.122002
 20
0.005498
 30
0.0
 11
1136.1219148247346
 21
0.005424420876993926
 31
0.0
  0
LINE
  5
171
330
17
100
AcDbEntity
  8
VISTA
100
AcDbLine
 10
1140.960369197055
 20
0.044349043016008796
 30
0.0
 11
1140.960499
 21
0.044502
 31
0.0
  0
LINE
  5
172
330
17
100
AcDbEntity
  8
VISTA
100
AcDbLine
 10
1140.960369197055
 20
0.044349043016008796
 30
0.0
 11
1140.960314
 21
0.044284
 31
0.0
  0
LINE
  5
173
330
17
100
AcDbEntity
  8
VISTA
100
AcDbLine
 10
1140.9600929841745
 20
0.04359358865941586
 30
0.0
 11
1140.960314
 21
0.044284
 31
0.0
  0
LINE
  5
174
330
17
100
AcDbEntity
  8
VISTA
100
AcDbLine
 10
1140.9600929841745
 20
0.04359358865941586
 30
0.0
 11
1140.959999
 21
0.0433
 31
0.0
  0
LINE
  5
175
330
17
100
AcDbEntity
  8
VISTA
100
AcDbLine
 10
1140.959999
 20
0.010603690578027614
 30
0.0
 11
1140.959999
 21
0.0433
 31
0.0
  0
LINE
  5
176
330
17
100
AcDbEntity
  8
VISTA
100
AcDbLine
 10
1140.959999
 20
0.01060369057802761
 30
0.0
 11
1140.959999
 21
-0.0033
 31
0.0
  0
LINE
  5
177
330
17
100
AcDbEntity
  8
VISTA
100
AcDbLine
 10
1140.9602200158256
 20
-0.003990411340584137
 30
0.0
 11
1140.959999
 21
-0.0033
 31
0.0
  0
LINE
  5
178
330
17
100
AcDbEntity
  8
VISTA
100
AcDbLine
 10
1140.9602200158256
 20
-0.003990411340584137
 30
0.0
 11
1140.960314
 21
-0.004284
 31
0.0
  0
LINE
  5
179
330
17
100
AcDbEntity
  8
VISTA
100
AcDbLine
 10
1140.960443802945
 20
-0.004436956983991201
 30
0.0
 11
1140.960314
 21
-0.004284
 31
0.0
  0
LINE
  5
17A
330
17
100
AcDbEntity
  8
VISTA
100
AcDbLine
 10
1140.960443802945
 20
-0.004436956983991201
 30
0.0
 11
1140.960499
 21
-0.004502
 31
0.0
  0
LINE
  5
17B
330
17
100
AcDbEntity
  8
VISTA
100
AcDbLine
 10
1141.539501
 20
0.044502
 30
0.0
 11
1141.539630802945
 21
0.044349043016008796
 31
0.0
  0
LINE
  5
17C
330
17
100
AcDbEntity
  8
VISTA
100
AcDbLine
 10
1141.539686
 20
0.044284
 30
0.0
 11
1141.539630802945
 21
0.044349043016008796
 31
0.0
  0
LINE
  5
17D
330
17
100
AcDbEntity
  8
VISTA
100
AcDbLine
 10
1141.539686
 20
0.044284
 30
0.0
 11
1141.5399070158255
 21
0.04359358865941586
 31
0.0
  0
LINE
  5
17E
330
17
100
AcDbEntity
  8
VISTA
100
AcDbLine
 10
1141.540001
 20
0.0433
 30
0.0
 11
1141.5399070158255
 21
0.04359358865941586
 31
0.0
  0
LINE
  5
17F
330
17
100
AcDbEntity
  8
VISTA
100
AcDbLine
 10
1141.540001
 20
0.0433
 30
0.0
 11
1141.540001
 21
0.010603690578027614
 31
0.0
  0
LINE
  5
180
330
17
100
AcDbEntity
  8
VISTA
100
AcDbLine
 10
1141.540001
 20
0.010603690578027614
 30
0.0
 11
1141.540001
 21
0.01060369057802761
 31
0.0
  0
LINE
  5
181
330
17
100
AcDbEntity
  8
VISTA
100
AcDbLine
 10
1141.540001
 20
-0.0033
 30
0.0
 11
1141.540001
 21
0.01060369057802761
 31
0.0
  0
LINE
  5
182
330
17
100
AcDbEntity
  8
VISTA
100
AcDbLine
 10
1141.540001
 20
-0.0033
 30
0.0
 11
1141.5397799841744
 21
-0.003990411340584137
 31
0.0
  0
LINE
  5
183
330
17
100
AcDbEntity
  8
VISTA
100
AcDbLine
 10
1141.539686
 20
-0.004284
 30
0.0
 11
1141.5397799841744
 21
-0.003990411340584137
 31
0.0
  0
LINE
  5
184
330
17
100
AcDbEntity
  8
VISTA
100
AcDbLine
 10
1141.539686
 20
-0.004284
 30
0.0
 11
1141.539556197055
 21
-0.004436956983991201
 31
0.0
  0
LINE
  5
185
330
17
100
AcDbEntity
  8
VISTA
100
AcDbLine
 10
1141.539501
 20
-0.004502
 30
0.0
 11
1141.539556197055
 21
-0.004436956983991201
 31
0.0
  0
LINE
  5
186
330
17
100
AcDbEntity
  8
VISTA
100
AcDbLine
 10
1140.960499
 20
0.044502
 30
0.0
 11
1140.9606512553464
 21
0.0446311013075889
 31
0.0
  0
LINE
  5
187
330
17
100
AcDbEntity
  8
VISTA
100
AcDbLine
 10
1140.9606512553464
 20
0.0446311013075889
 30
0.0
 11
1140.960716
 21
0.044686
 31
0.0
  0
LINE
  5
188
330
17
100
AcDbEntity
  8
VISTA
100
AcDbLine
 10
1140.960716
 20
0.044686
 30
0.0
 11
1140.9614064113405
 21
0.04490631418795063
 31
0.0
  0
LINE
  5
189
330
17
100
AcDbEntity
  8
VISTA
100
AcDbLine
 10
1140.9614064113405
 20
0.04490631418795063
 30
0.0
 11
1140.9617
 21
0.045
 31
0.0
  0
LINE
  5
18A
330
17
100
AcDbEntity
  8
VISTA
100
AcDbLine
 10
1140.9617
 20
0.045
 30
0.0
 11
1141.3662642062814
 21
0.045
 31
0.0
  0
LINE
  5
18B
330
17
100
AcDbEntity
  8
VISTA
100
AcDbLine
 10
1141.3662642062814
 20
0.045
 30
0.0
 11
1141.5383
 21
0.045
 31
0.0
  0
LINE
  5
18C
330
17
100
AcDbEntity
  8
VISTA
100
AcDbLine
 10
1141.5383
 20
0.045
 30
0.0
 11
1141.5389904113406
 21
0.044779685812049365
 31
0.0
  0
LINE
  5
18D
330
17
100
AcDbEntity
  8
VISTA
100
AcDbLine
 10
1141.5389904113406
 20
0.044779685812049365
 30
0.0
 11
1141.539284
 21
0.044686
 31
0.0
  0
LINE
  5
18E
330
17
100
AcDbEntity
  8
VISTA
100
AcDbLine
 10
1141.539284
 20
0.044686
 30
0.0
 11
1141.5394362553463
 21
0.0445568986924111
 31
0.0
  0
LINE
  5
18F
330
17
100
AcDbEntity
  8
VISTA
100
AcDbLine
 10
1141.5394362553463
 20
0.0445568986924111
 30
0.0
 11
1141.539501
 21
0.044502
 31
0.0
  0
LINE
  5
190
330
17
100
AcDbEntity
  8
VISTA
100
AcDbLine
 10
1140.9606512553464
 20
-0.0046311013075889034
 30
0.0
 11
1140.960499
 21
-0.004502
 31
0.0
  0
LINE
  5
191
330
17
100
AcDbEntity
  8
VISTA
100
AcDbLine
 10
1140.960716
 20
-0.004686
 30
0.0
 11
1140.9606512553464
 21
-0.004631101307588904
 31
0.0
  0
LINE
  5
192
330
17
100
AcDbEntity
  8
VISTA
100
AcDbLine
 10
1140.9614064113405
 20
-0.004906314187950629
 30
0.0
 11
1140.960716
 21
-0.004686
 31
0.0
  0
LINE
  5
193
330
17
100
AcDbEntity
  8
VISTA
100
AcDbLine
 10
1140.9617
 20
-0.005
 30
0.0
 11
1140.9614064113405
 21
-0.004906314187950629
 31
0.0
  0
LINE
  5
194
330
17
100
AcDbEntity
  8
VISTA
100
AcDbLine
 10
1141.3662642062814
 20
-0.005
 30
0.0
 11
1140.9617
 21
-0.005
 31
0.0
  0
LINE
  5
195
330
17
100
AcDbEntity
  8
VISTA
100
AcDbLine
 10
1141.5383
 20
-0.005
 30
0.0
 11
1141.3662642062814
 21
-0.005
 31
0.0
  0
LINE
  5
196
330
17
100
AcDbEntity
  8
VISTA
100
AcDbLine
 10
1141.5389904113406
 20
-0.004779685812049371
 30
0.0
 11
1141.5383
 21
-0.005
 31
0.0
  0
LINE
  5
197
330
17
100
AcDbEntity
  8
VISTA
100
AcDbLine
 10
1141.539284
 20
-0.004686
 30
0.0
 11
1141.5389904113406
 21
-0.004779685812049371
 31
0.0
  0
LINE
  5
198
330
17
100
AcDbEntity
  8
VISTA
100
AcDbLine
 10
1141.5394362553463
 20
-0.0045568986924110965
 30
0.0
 11
1141.539284
 21
-0.004686
 31
0.0
  0
LINE
  5
199
330
17
100
AcDbEntity
  8
VISTA
100
AcDbLine
 10
1141.539501
 20
-0.004502
 30
0.0
 11
1141.5394362553463
 21
-0.004556898692411096
 31
0.0
  0
LWPOLYLINE
  5
19A
330
17
100
AcDbEntity
  8
CORTE
100
AcDbPolyline
 90
22
 70
1
 10
1141.801028308994
 20
-6.001660746317769
 10
1141.800831
 20
-6.001895
 10
1141.8003367800063
 20
-6.003442407552492
 10
1141.799999
 20
-6.0045
 10
1141.799999
 20
-6.25
 10
1142.0
 20
-6.25
 10
1142.0
 20
-6.0045
 10
1141.9996622199938
 20
-6.003442407552492
 10
1141.999168
 20
-6.001895
 10
1141.998970691006
 20
-6.001660746317769
 10
1141.998682
 20
-6.001318
 10
1141.9984473403322
 20
-6.00112028502037
 10
1141.998104
 20
-6.000831
 10
1141.9970472195237
 20
-6.000493625979317
 10
1141.995501
 20
-6.0
 10
1141.9179569413977
 20
-6.0
 10
1141.804499
 20
-6.0
 10
1141.803441813538
 20
-6.000337374020683
 10
1141.801895
 20
-6.000831
 10
1141.801660340332
 20
-6.00102871497963
 10
1141.801317
 20
-6.001318
 10
1141.801028308994
 20
-6.001660746317769
  0
LWPOLYLINE
  5
19B
330
17
100
AcDbEntity
  8
CORTE
100
AcDbPolyline
 90
22
 70
1
 10
1137.551061647209
 20
-6.101622288033564
 10
1137.550831
 20
-6.101895
 10
1137.5503932893105
 20
-6.10326877873039
 10
1137.550001
 20
-6.1045
 10
1137.550001
 20
-6.25
 10
1137.690001
 20
-6.25
 10
1137.690001
 20
-6.1045
 10
1137.6896087106895
 20
-6.10326877873039
 10
1137.689171
 20
-6.101895
 10
1137.688940352791
 20
-6.101622288033564
 10
1137.688683
 20
-6.101318
 10
1137.6884107606713
 20
-6.101087825428676
 10
1137.688107
 20
-6.100831
 10
1137.6868753060926
 20
-6.100438238051806
 10
1137.685501
 20
-6.1
 10
1137.623585458227
 20
-6.1
 10
1137.554501
 20
-6.1
 10
1137.5532693060927
 20
-6.100392761948194
 10
1137.551895
 20
-6.100831
 10
1137.5516227606713
 20
-6.101061174571324
 10
1137.551319
 20
-6.101318
 10
1137.551061647209
 20
-6.101622288033564
  0
LWPOLYLINE
  5
19C
330
17
100
AcDbEntity
  8
CORTE
100
AcDbPolyline
 90
22
 70
1
 10
1139.3510606472091
 20
-6.101622288033564
 10
1139.35083
 20
-6.101895
 10
1139.3503922893105
 20
-6.10326877873039
 10
1139.35
 20
-6.1045
 10
1139.35
 20
-6.25
 10
1139.49
 20
-6.25
 10
1139.49
 20
-6.1045
 10
1139.4896077106896
 20
-6.10326877873039
 10
1139.48917
 20
-6.101895
 10
1139.488939352791
 20
-6.101622288033564
 10
1139.488682
 20
-6.101318
 10
1139.4884097606714
 20
-6.101087825428676
 10
1139.488106
 20
-6.100831
 10
1139.4868743060927
 20
-6.100438238051806
 10
1139.4855
 20
-6.1
 10
1139.423584458227
 20
-6.1
 10
1139.3545
 20
-6.1
 10
1139.3532683060926
 20
-6.100392761948194
 10
1139.351894
 20
-6.100831
 10
1139.3516217606714
 20
-6.101061174571324
 10
1139.351318
 20
-6.101318
 10
1139.3510606472091
 20
-6.101622288033564
  0
LWPOLYLINE
  5
19D
330
17
100
AcDbEntity
  8
CORTE
100
AcDbPolyline
 90
41
 70
1
 10
1141.801028308994
 20
-0.0016607463177687246
 10
1141.800831
 20
-0.001895
 10
1141.8003367800063
 20
-0.003442407552491382
 10
1141.799999
 20
-0.0045
 10
1141.799999
 20
-3.563240363522407
 10
1141.799999
 20
-5.9955
 10
1141.8004932199938
 20
-5.9970474075524915
 10
1141.800831
 20
-5.998105
 10
1141.8011196910059
 20
-5.998447746317768
 10
1141.801317
 20
-5.998682
 10
1141.801660340332
 20
-5.99897128502037
 10
1141.801895
 20
-5.999169
 10
1141.803441813538
 20
-5.999662625979317
 10
1141.804499
 20
-6.0
 10
1141.9179569413977
 20
-6.0
 10
1141.995501
 20
-6.0
 10
1141.9970472195237
 20
-5.999506374020683
 10
1141.998104
 20
-5.999169
 10
1141.9984473403322
 20
-5.99887971497963
 10
1141.998682
 20
-5.998682
 10
1141.998879308994
 20
-5.998447746317768
 10
1141.999168
 20
-5.998105
 10
1141.9995057800063
 20
-5.9970474075524915
 10
1142.0
 20
-5.9955
 10
1142.0
 20
-3.563240363522407
 10
1142.0
 20
-0.0045
 10
1141.9996622199938
 20
-0.003442407552491382
 10
1141.999168
 20
-0.001895
 10
1141.998970691006
 20
-0.0016607463177687246
 10
1141.998682
 20
-0.001318
 10
1141.9984473403322
 20
-0.00112028502036979
 10
1141.998104
 20
-0.000831
 10
1141.9970472195237
 20
-0.0004936259793168286
 10
1141.995501
 20
-0.0
 10
1141.9179569413977
 20
-0.0
 10
1141.804499
 20
-0.0
 10
1141.803441813538
 20
-0.0003373740206831714
 10
1141.801895
 20
-0.000831
 10
1141.801660340332
 20
-0.0010287149796302099
 10
1141.801317
 20
-0.001318
 10
1141.801028308994
 20
-0.0016607463177687246
  0
LWPOLYLINE
  5
19E
330
17
100
AcDbEntity
  8
VISTA
100
AcDbPolyline
 90
42
 70
1
 10
1134.0010287149796
 20
-5.901660746317768
 10
1134.000831
 20
-5.901895
 10
1134.0003373740208
 20
-5.903442407552491
 10
1134.0
 20
-5.9045
 10
1134.0
 20
-6.01795675336885
 10
1134.0
 20
-6.0955
 10
1134.0004936259793
 20
-6.097047407552492
 10
1134.000831
 20
-6.098105
 10
1134.0011202850203
 20
-6.098447746317769
 10
1134.001318
 20
-6.098682
 10
1134.0016607463178
 20
-6.09897128502037
 10
1134.001895
 20
-6.099169
 10
1134.003441813538
 20
-6.099662625979317
 10
1134.004499
 20
-6.1
 10
1138.7512693826386
 20
-6.1
 10
1141.4490517899687
 20
-6.1
 10
1141.995501
 20
-6.1
 10
1141.9970472195237
 20
-6.099506374020683
 10
1141.998104
 20
-6.099169
 10
1141.9984473403322
 20
-6.09887971497963
 10
1141.998682
 20
-6.098682
 10
1141.998879308994
 20
-6.098447746317769
 10
1141.999168
 20
-6.098105
 10
1141.9995057800063
 20
-6.097047407552492
 10
1142.0
 20
-6.0955
 10
1142.0
 20
-6.01795675336885
 10
1142.0
 20
-5.9045
 10
1141.9996622199938
 20
-5.903442407552491
 10
1141.999168
 20
-5.901895
 10
1141.998970691006
 20
-5.901660746317768
 10
1141.998682
 20
-5.901318
 10
1141.9984473403322
 20
-5.90112028502037
 10
1141.998104
 20
-5.900831
 10
1141.9970472195237
 20
-5.900493625979317
 10
1141.995501
 20
-5.9
 10
1138.7512693826386
 20
-5.9
 10
1134.004499
 20
-5.9
 10
1134.003441813538
 20
-5.900337374020683
 10
1134.001895
 20
-5.900831
 10
1134.0016607463178
 20
-5.90102871497963
 10
1134.001318
 20
-5.901318
 10
1134.0010287149796
 20
-5.901660746317768
  0
LWPOLYLINE
  5
19F
330
17
100
AcDbEntity
  8
VISTA
100
AcDbPolyline
 90
35
 70
1
 10
1134.001029308994
 20
-0.0016607463177687246
 10
1134.000832
 20
-0.001895
 10
1134.0003377800062
 20
-0.003442407552491382
 10
1134.0
 20
-0.0045
 10
1134.0
 20
-0.8901754935756816
 10
1134.0
 20
-1.458
 10
1134.0485
 20
-1.458
 10
1134.0485
 20
-1.5
 10
1134.1179569262831
 20
-1.5
 10
1134.1955
 20
-1.5
 10
1134.1970480015668
 20
-1.499506374020683
 10
1134.198106
 20
-1.499169
 10
1134.1984487463178
 20
-1.4988797149796302
 10
1134.198683
 20
-1.498682
 10
1134.1988803089941
 20
-1.4984477463177688
 10
1134.199169
 20
-1.498105
 10
1134.1995067800062
 20
-1.4970474075524913
 10
1134.200001
 20
-1.4955
 10
1134.200001
 20
-0.8901754935756816
 10
1134.200001
 20
-0.0045
 10
1134.1996632199937
 20
-0.003442407552491382
 10
1134.199169
 20
-0.001895
 10
1134.198971691006
 20
-0.0016607463177687246
 10
1134.198683
 20
-0.001318
 10
1134.1984487463178
 20
-0.00112028502036979
 10
1134.198106
 20
-0.000831
 10
1134.1970480015668
 20
-0.0004936259793168286
 10
1134.1955
 20
-0.0
 10
1134.1179567533688
 20
-0.0
 10
1134.0045
 20
-0.0
 10
1134.0034424075525
 20
-0.0003373740206831714
 10
1134.001895
 20
-0.000831
 10
1134.0016607463178
 20
-0.0010287149796302099
 10
1134.001318
 20
-0.001318
 10
1134.001029308994
 20
-0.0016607463177687246
  0
LWPOLYLINE
  5
1A0
330
17
100
AcDbEntity
  8
VISTA
100
AcDbPolyline
 90
35
 70
1
 10
1134.0
 20
-4.701118784685217
 10
1134.0
 20
-4.8355
 10
1134.0004942199937
 20
-4.837047407552491
 10
1134.000832
 20
-4.838105
 10
1134.001120691006
 20
-4.838447746317769
 10
1134.001318
 20
-4.838682
 10
1134.0016607463178
 20
-4.838971879034785
 10
1134.001895
 20
-4.83917
 10
1134.0034424075525
 20
-4.839663031964902
 10
1134.0045
 20
-4.84
 10
1134.1179567533688
 20
-4.84
 10
1134.1955
 20
-4.84
 10
1134.1970480015668
 20
-4.839506968035098
 10
1134.198106
 20
-4.83917
 10
1134.1984487463178
 20
-4.838880120965215
 10
1134.198683
 20
-4.838682
 10
1134.1988803089941
 20
-4.838447746317769
 10
1134.199169
 20
-4.838105
 10
1134.1995067800062
 20
-4.837047407552491
 10
1134.200001
 20
-4.8355
 10
1134.200001
 20
-4.70111877154497
 10
1134.200001
 20
-4.5045
 10
1134.1996632199937
 20
-4.503442407552492
 10
1134.199169
 20
-4.501895
 10
1134.198971691006
 20
-4.501660746317769
 10
1134.198683
 20
-4.501318
 10
1134.1984487463178
 20
-4.50112028502037
 10
1134.198106
 20
-4.500831
 10
1134.1970480015668
 20
-4.500493625979317
 10
1134.1955
 20
-4.5
 10
1134.1179569262831
 20
-4.5
 10
1134.0485
 20
-4.5
 10
1134.0485
 20
-4.542
 10
1134.0
 20
-4.542
 10
1134.0
 20
-4.701118784685217
  0
LWPOLYLINE
  5
1A1
330
17
100
AcDbEntity
  8
VISTA
100
AcDbPolyline
 90
41
 70
1
 10
1134.001029308994
 20
-5.7616607463177685
 10
1134.000832
 20
-5.761895
 10
1134.0003377800062
 20
-5.763442407552492
 10
1134.0
 20
-5.7645
 10
1134.0
 20
-5.901717329990598
 10
1134.0
 20
-5.9955
 10
1134.0004942199937
 20
-5.9970474075524915
 10
1134.000832
 20
-5.998105
 10
1134.001120691006
 20
-5.998447746317768
 10
1134.001318
 20
-5.998682
 10
1134.0016607463178
 20
-5.99897128502037
 10
1134.001895
 20
-5.999169
 10
1134.0034424075525
 20
-5.999662625979317
 10
1134.0045
 20
-6.0
 10
1134.1179567533688
 20
-6.0
 10
1134.1955
 20
-6.0
 10
1134.1970480015668
 20
-5.999506374020683
 10
1134.198106
 20
-5.999169
 10
1134.1984487463178
 20
-5.99887971497963
 10
1134.198683
 20
-5.998682
 10
1134.1988803089941
 20
-5.998447746317768
 10
1134.199169
 20
-5.998105
 10
1134.1995067800062
 20
-5.9970474075524915
 10
1134.200001
 20
-5.9955
 10
1134.200001
 20
-5.901717329990598
 10
1134.200001
 20
-5.7645
 10
1134.1996632199937
 20
-5.763442407552492
 10
1134.199169
 20
-5.761895
 10
1134.198971691006
 20
-5.7616607463177685
 10
1134.198683
 20
-5.761318
 10
1134.1984487463178
 20
-5.76112028502037
 10
1134.198106
 20
-5.760831
 10
1134.1970480015668
 20
-5.760493625979317
 10
1134.1955
 20
-5.76
 10
1134.1179567533688
 20
-5.76
 10
1134.0045
 20
-5.76
 10
1134.0034424075525
 20
-5.760337374020683
 10
1134.001895
 20
-5.760831
 10
1134.0016607463178
 20
-5.76102871497963
 10
1134.001318
 20
-5.761318
 10
1134.001029308994
 20
-5.7616607463177685
  0
LWPOLYLINE
  5
1A2
330
17
100
AcDbEntity
  8
VISTA
100
AcDbPolyline
 90
9
 70
1
 10
1133.976501
 20
-4.5
 10
1133.976501
 20
-3.7325581395348832
 10
1133.976501
 20
-1.5
 10
1133.9741984186046
 20
-1.5
 10
1133.9675
 20
-1.5
 10
1133.9675
 20
-2.2674418604651168
 10
1133.9675
 20
-4.5
 10
1133.9698025813952
 20
-4.5
 10
1133.976501
 20
-4.5
  0
LWPOLYLINE
  5
1A3
330
17
100
AcDbEntity
  8
VISTA
100
AcDbPolyline
 90
9
 70
1
 10
1134.002501
 20
-4.4955
 10
1134.002501
 20
-3.7325581395348832
 10
1134.002501
 20
-1.5045
 10
1134.0002050322012
 20
-1.5045
 10
1133.9935
 20
-1.5045
 10
1133.9935
 20
-2.2674418604651168
 10
1133.9935
 20
-4.4955
 10
1133.9957959677988
 20
-4.4955
 10
1134.002501
 20
-4.4955
  0
LWPOLYLINE
  5
1A4
330
17
100
AcDbEntity
  8
VISTA
100
AcDbPolyline
 90
45
 70
1
 10
1133.9233482733646
 20
-1.4605536074766357
 10
1133.923238
 20
-1.460684
 10
1133.9226879485982
 20
-1.4624101775700935
 10
1133.9225
 20
-1.463
 10
1133.9225
 20
-1.5181542056074766
 10
1133.9225
 20
-1.537
 10
1133.9230500514018
 20
-1.5387261775700933
 10
1133.923238
 20
-1.539316
 10
1133.9235607266355
 20
-1.5396976074766355
 10
1133.923671
 20
-1.539828
 10
1133.9240533528036
 20
-1.5401514719626168
 10
1133.924184
 20
-1.540262
 10
1133.925909432243
 20
-1.540812051401869
 10
1133.926499
 20
-1.541
 10
1133.9655
 20
-1.541
 10
1133.9655
 20
-1.498
 10
1134.0045
 20
-1.498
 10
1134.0045
 20
-1.541
 10
1134.0137027140695
 20
-1.541
 10
1134.0435
 20
-1.541
 10
1134.045225432243
 20
-1.540449948598131
 10
1134.045815
 20
-1.540262
 10
1134.0461980981308
 20
-1.5399385280373832
 10
1134.046329
 20
-1.539828
 10
1134.0464392733645
 20
-1.5396976074766355
 10
1134.046762
 20
-1.539316
 10
1134.0469499485982
 20
-1.5387261775700933
 10
1134.0475
 20
-1.537
 10
1134.0475
 20
-1.5181542056074766
 10
1134.0475
 20
-1.463
 10
1134.0473120514018
 20
-1.4624101775700935
 10
1134.046762
 20
-1.460684
 10
1134.0466517266354
 20
-1.4605536074766357
 10
1134.046329
 20
-1.460172
 10
1134.0461980981308
 20
-1.4600614719626168
 10
1134.045815
 20
-1.459738
 10
1134.045225432243
 20
-1.459550051401869
 10
1134.0435
 20
-1.459
 10
1134.013703016355
 20
-1.459
 10
1133.926499
 20
-1.459
 10
1133.925909432243
 20
-1.459187948598131
 10
1133.924184
 20
-1.459738
 10
1133.9240533528036
 20
-1.4598485280373832
 10
1133.923671
 20
-1.460172
 10
1133.9233482733646
 20
-1.4605536074766357
  0
LWPOLYLINE
  5
1A5
330
17
100
AcDbEntity
  8
VISTA
100
AcDbPolyline
 90
45
 70
1
 10
1133.9233482733646
 20
-4.460553607476635
 10
1133.923238
 20
-4.460684
 10
1133.9226879485982
 20
-4.462410177570093
 10
1133.9225
 20
-4.463
 10
1133.9225
 20
-4.518154205607477
 10
1133.9225
 20
-4.537
 10
1133.9230500514018
 20
-4.538726177570093
 10
1133.923238
 20
-4.539316
 10
1133.9235607266355
 20
-4.5396976074766355
 10
1133.923671
 20
-4.539828
 10
1133.9240533528036
 20
-4.540151471962617
 10
1133.924184
 20
-4.540262
 10
1133.925909432243
 20
-4.540812051401869
 10
1133.926499
 20
-4.541
 10
1134.013703016355
 20
-4.541
 10
1134.0435
 20
-4.541
 10
1134.045225432243
 20
-4.540449948598131
 10
1134.045815
 20
-4.540262
 10
1134.0461980981308
 20
-4.539938528037383
 10
1134.046329
 20
-4.539828
 10
1134.0464392733645
 20
-4.5396976074766355
 10
1134.046762
 20
-4.539316
 10
1134.0469499485982
 20
-4.538726177570093
 10
1134.0475
 20
-4.537
 10
1134.0475
 20
-4.518154205607477
 10
1134.0475
 20
-4.463
 10
1134.0473120514018
 20
-4.462410177570093
 10
1134.046762
 20
-4.460684
 10
1134.0466517266354
 20
-4.460553607476635
 10
1134.046329
 20
-4.460172
 10
1134.0461980981308
 20
-4.460061471962617
 10
1134.045815
 20
-4.459738
 10
1134.045225432243
 20
-4.459550051401869
 10
1134.0435
 20
-4.459
 10
1134.0137027140695
 20
-4.459
 10
1134.0045
 20
-4.459
 10
1134.0045
 20
-4.502
 10
1133.9655
 20
-4.502
 10
1133.9655
 20
-4.459
 10
1133.926499
 20
-4.459
 10
1133.925909432243
 20
-4.459187948598131
 10
1133.924184
 20
-4.459738
 10
1133.9240533528036
 20
-4.459848528037383
 10
1133.923671
 20
-4.460172
 10
1133.9233482733646
 20
-4.460553607476635
  0
LWPOLYLINE
  5
1A6
330
17
100
AcDbEntity
  8
VISTA
100
AcDbPolyline
 90
41
 70
1
 10
1137.493548165998
 20
-2.41178978481755
 10
1137.493332
 20
-2.41207
 10
1137.4928700619553
 20
-2.4136506942469285
 10
1137.4925
 20
-2.414917
 10
1137.4925
 20
-3.0646095409734544
 10
1137.4925
 20
-3.585083
 10
1137.4929619380448
 20
-3.5866636942469285
 10
1137.493332
 20
-3.58793
 10
1137.4936018340022
 20
-3.58827978481755
 10
1137.493818
 20
-3.58856
 10
1137.4941389136898
 20
-3.5888553738459312
 10
1137.494396
 20
-3.589092
 10
1137.495841777246
 20
-3.589596134308469
 10
1137.497
 20
-3.59
 10
1137.522540399035
 20
-3.59
 10
1137.543001
 20
-3.59
 10
1137.5444467772459
 20
-3.589495865691531
 10
1137.545605
 20
-3.589092
 10
1137.5459259136896
 20
-3.588796626154069
 10
1137.546183
 20
-3.58856
 10
1137.5463991659979
 20
-3.58827978481755
 10
1137.546669
 20
-3.58793
 10
1137.5470390619553
 20
-3.5866636942469285
 10
1137.547501
 20
-3.585083
 10
1137.547501
 20
-3.0646095409734544
 10
1137.547501
 20
-2.414917
 10
1137.5471309380448
 20
-2.4136506942469285
 10
1137.546669
 20
-2.41207
 10
1137.5464528340021
 20
-2.41178978481755
 10
1137.546183
 20
-2.41144
 10
1137.5459259136896
 20
-2.411203373845931
 10
1137.545605
 20
-2.410908
 10
1137.5444467772459
 20
-2.410504134308469
 10
1137.543001
 20
-2.41
 10
1137.522540399035
 20
-2.41
 10
1137.497
 20
-2.41
 10
1137.495841777246
 20
-2.410403865691531
 10
1137.494396
 20
-2.410908
 10
1137.4941389136898
 20
-2.4111446261540688
 10
1137.493818
 20
-2.41144
 10
1137.493548165998
 20
-2.41178978481755
  0
LWPOLYLINE
  5
1A7
330
17
100
AcDbEntity
  8
VISTA
100
AcDbPolyline
 90
41
 70
1
 10
1137.1803804825329
 20
-1.6103790461748966
 10
1137.180279
 20
-1.610468
 10
1137.180174028344
 20
-1.610708575610094
 10
1137.179998
 20
-1.611112
 10
1137.179998
 20
-1.7372931603651038
 10
1137.179998
 20
-1.948888
 10
1137.180102971656
 20
-1.949128575610094
 10
1137.180279
 20
-1.949532
 10
1137.180339517467
 20
-1.9495850461748965
 10
1137.180441
 20
-1.949674
 10
1137.1805134715348
 20
-1.9497192013180455
 10
1137.180635
 20
-1.949795
 10
1137.1809622426001
 20
-1.9498715807454492
 10
1137.181511
 20
-1.95
 10
1137.3298071853924
 20
-1.95
 10
1137.578487
 20
-1.95
 10
1137.5788142426002
 20
-1.9499234192545507
 10
1137.579363
 20
-1.949795
 10
1137.5794354715347
 20
-1.9497497986819543
 10
1137.579557
 20
-1.949674
 10
1137.5796591089681
 20
-1.9495850461748965
 10
1137.57972
 20
-1.949532
 10
1137.5798954019087
 20
-1.949128575610094
 10
1137.58
 20
-1.948888
 10
1137.58
 20
-1.7372931603651038
 10
1137.58
 20
-1.611112
 10
1137.5798245980914
 20
-1.610708575610094
 10
1137.57972
 20
-1.610468
 10
1137.5796178910318
 20
-1.6103790461748966
 10
1137.579557
 20
-1.610326
 10
1137.5794354715347
 20
-1.6102502013180457
 10
1137.579363
 20
-1.610205
 10
1137.5788142426002
 20
-1.6100765807454493
 10
1137.578487
 20
-1.61
 10
1137.3298071853924
 20
-1.61
 10
1137.181511
 20
-1.61
 10
1137.1809622426001
 20
-1.6101284192545509
 10
1137.180635
 20
-1.610205
 10
1137.1805134715348
 20
-1.6102807986819543
 10
1137.180441
 20
-1.610326
 10
1137.1803804825329
 20
-1.6103790461748966
  0
LWPOLYLINE
  5
1A8
330
17
100
AcDbEntity
  8
VISTA
100
AcDbPolyline
 90
41
 70
1
 10
1137.1803804825329
 20
-4.050378419739508
 10
1137.180279
 20
-4.050468
 10
1137.180174028344
 20
-4.050708202045482
 10
1137.179998
 20
-4.051111
 10
1137.179998
 20
-4.177292533929715
 10
1137.179998
 20
-4.388888
 10
1137.180102971656
 20
-4.389128575610094
 10
1137.180279
 20
-4.389532
 10
1137.180339517467
 20
-4.389585046174896
 10
1137.180441
 20
-4.389674
 10
1137.1805134715348
 20
-4.389718827753434
 10
1137.180635
 20
-4.389794
 10
1137.1809622426001
 20
-4.389870954310061
 10
1137.181511
 20
-4.39
 10
1137.3298071853924
 20
-4.39
 10
1137.578487
 20
-4.39
 10
1137.5788142426002
 20
-4.3899230456899385
 10
1137.579363
 20
-4.389794
 10
1137.5794354715347
 20
-4.3897491722465665
 10
1137.579557
 20
-4.389674
 10
1137.5796591089681
 20
-4.389585046174896
 10
1137.57972
 20
-4.389532
 10
1137.5798954019087
 20
-4.389128575610094
 10
1137.58
 20
-4.388888
 10
1137.58
 20
-4.177292533929715
 10
1137.58
 20
-4.051111
 10
1137.5798245980914
 20
-4.050708202045482
 10
1137.57972
 20
-4.050468
 10
1137.5796178910318
 20
-4.050378419739508
 10
1137.579557
 20
-4.050325
 10
1137.5794354715347
 20
-4.050249827753434
 10
1137.579363
 20
-4.050205
 10
1137.5788142426002
 20
-4.050076580745449
 10
1137.578487
 20
-4.05
 10
1137.3298071853924
 20
-4.05
 10
1137.181511
 20
-4.05
 10
1137.1809622426001
 20
-4.050128419254551
 10
1137.180635
 20
-4.050205
 10
1137.1805134715348
 20
-4.050280172246566
 10
1137.180441
 20
-4.050325
 10
1137.1803804825329
 20
-4.050378419739508
  0
LWPOLYLINE
  5
1A9
330
17
100
AcDbEntity
  8
VISTA
100
AcDbPolyline
 90
22
 70
1
 10
1134.001029308994
 20
-6.001660746317769
 10
1134.000832
 20
-6.001895
 10
1134.0003377800062
 20
-6.003442407552492
 10
1134.0
 20
-6.0045
 10
1134.0
 20
-6.25
 10
1134.200001
 20
-6.25
 10
1134.200001
 20
-6.0045
 10
1134.1996632199937
 20
-6.003442407552492
 10
1134.199169
 20
-6.001895
 10
1134.198971691006
 20
-6.001660746317769
 10
1134.198683
 20
-6.001318
 10
1134.1984487463178
 20
-6.00112028502037
 10
1134.198106
 20
-6.000831
 10
1134.1970480015668
 20
-6.000493625979317
 10
1134.1955
 20
-6.0
 10
1134.1179567533688
 20
-6.0
 10
1134.0045
 20
-6.0
 10
1134.0034424075525
 20
-6.000337374020683
 10
1134.001895
 20
-6.000831
 10
1134.0016607463178
 20
-6.00102871497963
 10
1134.001318
 20
-6.001318
 10
1134.001029308994
 20
-6.001660746317769
  0
LWPOLYLINE
  5
1AA
330
17
100
AcDbEntity
  8
VISTA
100
AcDbPolyline
 90
41
 70
1
 10
1140.781769350348
 20
-4.453022635730859
 10
1140.781477
 20
-4.453369
 10
1140.7804979535963
 20
-4.456436634570766
 10
1140.779999
 20
-4.458
 10
1140.779999
 20
-4.9905800464037124
 10
1140.779999
 20
-5.262
 10
1140.7809780464038
 20
-5.265068296983759
 10
1140.781477
 20
-5.266632
 10
1140.7820506496519
 20
-5.267310973317866
 10
1140.782343
 20
-5.267657
 10
1140.7830213109048
 20
-5.268230649651972
 10
1140.783367
 20
-5.268523
 10
1140.7864359593968
 20
-5.269501383990719
 10
1140.788
 20
-5.27
 10
1140.9098826658933
 20
-5.27
 10
1140.971998
 20
-5.27
 10
1140.9750669593968
 20
-5.26902161600928
 10
1140.976631
 20
-5.268523
 10
1140.977309310905
 20
-5.267949350348028
 10
1140.977655
 20
-5.267657
 10
1140.9779473503481
 20
-5.267310973317866
 10
1140.978521
 20
-5.266632
 10
1140.9790202911834
 20
-5.265068296983759
 10
1140.98
 20
-5.262
 10
1140.98
 20
-4.9905800464037124
 10
1140.98
 20
-4.458
 10
1140.9795007088167
 20
-4.456436634570766
 10
1140.978521
 20
-4.453369
 10
1140.978228649652
 20
-4.453022635730859
 10
1140.977655
 20
-4.452343
 10
1140.977309310905
 20
-4.452050649651972
 10
1140.976631
 20
-4.451477
 10
1140.9750669593968
 20
-4.450978383990719
 10
1140.971998
 20
-4.45
 10
1140.9098826658933
 20
-4.45
 10
1140.788
 20
-4.45
 10
1140.7864359593968
 20
-4.4504986160092805
 10
1140.783367
 20
-4.451477
 10
1140.7830213109048
 20
-4.451769350348028
 10
1140.782343
 20
-4.452343
 10
1140.781769350348
 20
-4.453022635730859
  0
LWPOLYLINE
  5
1AB
330
17
100
AcDbEntity
  8
VISTA
100
AcDbPolyline
 90
41
 70
1
 10
1141.6307173087318
 20
-0.7113895207900208
 10
1141.630646
 20
-0.711474
 10
1141.6301207328481
 20
-0.7131188087318088
 10
1141.629999
 20
-0.7135
 10
1141.629999
 20
-1.3410602910602911
 10
1141.629999
 20
-1.4865
 10
1141.6305242671517
 20
-1.4881448087318088
 10
1141.630646
 20
-1.488526
 10
1141.6309536912681
 20
-1.4888905207900207
 10
1141.631025
 20
-1.488975
 10
1141.63138952079
 20
-1.4892826912681913
 10
1141.631474
 20
-1.489354
 10
1141.6331179968815
 20
-1.4898784553014552
 10
1141.633499
 20
-1.49
 10
1141.6927656964656
 20
-1.49
 10
1141.706501
 20
-1.49
 10
1141.7081458087318
 20
-1.4894755446985448
 10
1141.708527
 20
-1.489354
 10
1141.7088907089396
 20
-1.4890463087318087
 10
1141.708975
 20
-1.488975
 10
1141.7090463087318
 20
-1.4888905207900207
 10
1141.709354
 20
-1.488526
 10
1141.7094757328482
 20
-1.4881448087318088
 10
1141.710001
 20
-1.4865
 10
1141.710001
 20
-1.3410602910602911
 10
1141.710001
 20
-0.7135
 10
1141.7098792671518
 20
-0.7131188087318088
 10
1141.709354
 20
-0.711474
 10
1141.7092826912683
 20
-0.7113895207900208
 10
1141.708975
 20
-0.711025
 10
1141.7088907089396
 20
-0.7109536912681913
 10
1141.708527
 20
-0.710646
 10
1141.7081458087318
 20
-0.7105244553014552
 10
1141.706501
 20
-0.71
 10
1141.6927656964656
 20
-0.71
 10
1141.633499
 20
-0.71
 10
1141.6331179968815
 20
-0.7101215446985447
 10
1141.631474
 20
-0.710646
 10
1141.63138952079
 20
-0.7107173087318087
 10
1141.631025
 20
-0.711025
 10
1141.6307173087318
 20
-0.7113895207900208
  0
LWPOLYLINE
  5
1AC
330
17
100
AcDbEntity
  8
VISTA
100
AcDbPolyline
 90
41
 70
1
 10
1141.6307173087318
 20
-1.9613895207900207
 10
1141.630646
 20
-1.961474
 10
1141.6301207328481
 20
-1.9631188087318088
 10
1141.629999
 20
-1.9635
 10
1141.629999
 20
-2.591060291060291
 10
1141.629999
 20
-2.7365
 10
1141.6305242671517
 20
-2.7381448087318088
 10
1141.630646
 20
-2.738526
 10
1141.6309536912681
 20
-2.7388905207900205
 10
1141.631025
 20
-2.738975
 10
1141.63138952079
 20
-2.7392826912681913
 10
1141.631474
 20
-2.739354
 10
1141.6331179968815
 20
-2.7398784553014557
 10
1141.633499
 20
-2.74
 10
1141.6927656964656
 20
-2.74
 10
1141.706501
 20
-2.74
 10
1141.7081458087318
 20
-2.7394755446985446
 10
1141.708527
 20
-2.739354
 10
1141.7088907089396
 20
-2.7390463087318087
 10
1141.708975
 20
-2.738975
 10
1141.7090463087318
 20
-2.7388905207900205
 10
1141.709354
 20
-2.738526
 10
1141.7094757328482
 20
-2.7381448087318088
 10
1141.710001
 20
-2.7365
 10
1141.710001
 20
-2.591060291060291
 10
1141.710001
 20
-1.9635
 10
1141.7098792671518
 20
-1.9631188087318088
 10
1141.709354
 20
-1.961474
 10
1141.7092826912683
 20
-1.9613895207900207
 10
1141.708975
 20
-1.961025
 10
1141.7088907089396
 20
-1.9609536912681913
 10
1141.708527
 20
-1.960646
 10
1141.7081458087318
 20
-1.9605244553014554
 10
1141.706501
 20
-1.96
 10
1141.6927656964656
 20
-1.96
 10
1141.633499
 20
-1.96
 10
1141.6331179968815
 20
-1.9601215446985447
 10
1141.631474
 20
-1.960646
 10
1141.63138952079
 20
-1.9607173087318088
 10
1141.631025
 20
-1.961025
 10
1141.6307173087318
 20
-1.9613895207900207
  0
LWPOLYLINE
  5
1AD
330
17
100
AcDbEntity
  8
VISTA
100
AcDbPolyline
 90
41
 70
1
 10
1141.6307173087318
 20
-3.2113895207900205
 10
1141.630646
 20
-3.211474
 10
1141.6301207328481
 20
-3.2131188087318088
 10
1141.629999
 20
-3.2135
 10
1141.629999
 20
-3.841060291060291
 10
1141.629999
 20
-3.9865
 10
1141.6305242671517
 20
-3.9881448087318088
 10
1141.630646
 20
-3.988526
 10
1141.6309536912681
 20
-3.9888905207900205
 10
1141.631025
 20
-3.988975
 10
1141.63138952079
 20
-3.9892826912681913
 10
1141.631474
 20
-3.989354
 10
1141.6331179968815
 20
-3.9898784553014557
 10
1141.633499
 20
-3.99
 10
1141.6927656964656
 20
-3.99
 10
1141.706501
 20
-3.99
 10
1141.7081458087318
 20
-3.9894755446985446
 10
1141.708527
 20
-3.989354
 10
1141.7088907089396
 20
-3.9890463087318087
 10
1141.708975
 20
-3.988975
 10
1141.7090463087318
 20
-3.9888905207900205
 10
1141.709354
 20
-3.988526
 10
1141.7094757328482
 20
-3.9881448087318088
 10
1141.710001
 20
-3.9865
 10
1141.710001
 20
-3.841060291060291
 10
1141.710001
 20
-3.2135
 10
1141.7098792671518
 20
-3.2131188087318088
 10
1141.709354
 20
-3.211474
 10
1141.7092826912683
 20
-3.2113895207900205
 10
1141.708975
 20
-3.211025
 10
1141.7088907089396
 20
-3.210953691268191
 10
1141.708527
 20
-3.210646
 10
1141.7081458087318
 20
-3.2105244553014556
 10
1141.706501
 20
-3.21
 10
1141.6927656964656
 20
-3.21
 10
1141.633499
 20
-3.21
 10
1141.6331179968815
 20
-3.2101215446985445
 10
1141.631474
 20
-3.210646
 10
1141.63138952079
 20
-3.210717308731809
 10
1141.631025
 20
-3.211025
 10
1141.6307173087318
 20
-3.2113895207900205
  0
LWPOLYLINE
  5
1AE
330
17
100
AcDbEntity
  8
VISTA
100
AcDbPolyline
 90
9
 70
1
 10
1133.92
 20
-1.54
 10
1133.92
 20
-1.518181818181818
 10
1133.92
 20
-1.46
 10
1133.9118179090908
 20
-1.46
 10
1133.889999
 20
-1.46
 10
1133.889999
 20
-1.481818181818182
 10
1133.889999
 20
-1.54
 10
1133.898181090909
 20
-1.54
 10
1133.92
 20
-1.54
  0
LWPOLYLINE
  5
1AF
330
17
100
AcDbEntity
  8
VISTA
100
AcDbPolyline
 90
9
 70
1
 10
1133.92
 20
-4.54
 10
1133.92
 20
-4.5181818181818185
 10
1133.92
 20
-4.46
 10
1133.9118179090908
 20
-4.46
 10
1133.889999
 20
-4.46
 10
1133.889999
 20
-4.4818181818181815
 10
1133.889999
 20
-4.54
 10
1133.898181090909
 20
-4.54
 10
1133.92
 20
-4.54
  0
LWPOLYLINE
  5
1B0
330
17
100
AcDbEntity
  8
VISTA
100
AcDbPolyline
 90
9
 70
1
 10
1133.92
 20
-3.03
 10
1133.92
 20
-3.0136363636363637
 10
1133.92
 20
-2.97
 10
1133.9118179090908
 20
-2.97
 10
1133.889999
 20
-2.97
 10
1133.889999
 20
-2.9863636363636363
 10
1133.889999
 20
-3.03
 10
1133.898181090909
 20
-3.03
 10
1133.92
 20
-3.03
  0
LWPOLYLINE
  5
1B1
330
17
100
AcDbEntity
  8
VISTA
100
AcDbPolyline
 90
41
 70
1
 10
1141.7309436519731
 20
-0.9717615293870696
 10
1141.730831
 20
-0.971895
 10
1141.7301922254408
 20
-0.9738974160369438
 10
1141.73
 20
-0.9745
 10
1141.73
 20
-1.5517800167926112
 10
1141.73
 20
-1.7255
 10
1141.730638774559
 20
-1.7275024160369437
 10
1141.730831
 20
-1.728105
 10
1141.7312053480268
 20
-1.7285485293870697
 10
1141.731318
 20
-1.728682
 10
1141.731761529387
 20
-1.7290563480268681
 10
1141.731895
 20
-1.729169
 10
1141.7338981847188
 20
-1.729807774559194
 10
1141.734501
 20
-1.73
 10
1141.7737030020992
 20
-1.73
 10
1141.7855
 20
-1.73
 10
1141.787502416037
 20
-1.729361225440806
 10
1141.788105
 20
-1.729169
 10
1141.7885492980688
 20
-1.7287946519731319
 10
1141.788683
 20
-1.728682
 10
1141.7887954206549
 20
-1.7285485293870697
 10
1141.789169
 20
-1.728105
 10
1141.789361456759
 20
-1.7275024160369437
 10
1141.790001
 20
-1.7255
 10
1141.790001
 20
-1.5517800167926112
 10
1141.790001
 20
-0.9745
 10
1141.789808543241
 20
-0.9738974160369438
 10
1141.789169
 20
-0.971895
 10
1141.789056579345
 20
-0.9717615293870696
 10
1141.788683
 20
-0.971318
 10
1141.7885492980688
 20
-0.9712053480268682
 10
1141.788105
 20
-0.970831
 10
1141.787502416037
 20
-0.9706387745591939
 10
1141.7855
 20
-0.97
 10
1141.7737030020992
 20
-0.97
 10
1141.734501
 20
-0.97
 10
1141.7338981847188
 20
-0.9701922254408061
 10
1141.731895
 20
-0.970831
 10
1141.731761529387
 20
-0.9709436519731318
 10
1141.731318
 20
-0.971318
 10
1141.7309436519731
 20
-0.9717615293870696
  0
LWPOLYLINE
  5
1B2
330
17
100
AcDbEntity
  8
VISTA
100
AcDbPolyline
 90
41
 70
1
 10
1141.7309436519731
 20
-2.3217615293870697
 10
1141.730831
 20
-2.321895
 10
1141.7301922254408
 20
-2.3238974160369437
 10
1141.73
 20
-2.3245
 10
1141.73
 20
-2.9017800167926113
 10
1141.73
 20
-3.0755
 10
1141.730638774559
 20
-3.0775024160369435
 10
1141.730831
 20
-3.078105
 10
1141.7312053480268
 20
-3.07854852938707
 10
1141.731318
 20
-3.078682
 10
1141.731761529387
 20
-3.0790563480268682
 10
1141.731895
 20
-3.079169
 10
1141.7338981847188
 20
-3.079807774559194
 10
1141.734501
 20
-3.08
 10
1141.7737030020992
 20
-3.08
 10
1141.7855
 20
-3.08
 10
1141.787502416037
 20
-3.079361225440806
 10
1141.788105
 20
-3.079169
 10
1141.7885492980688
 20
-3.0787946519731317
 10
1141.788683
 20
-3.078682
 10
1141.7887954206549
 20
-3.07854852938707
 10
1141.789169
 20
-3.078105
 10
1141.789361456759
 20
-3.0775024160369435
 10
1141.790001
 20
-3.0755
 10
1141.790001
 20
-2.9017800167926113
 10
1141.790001
 20
-2.3245
 10
1141.789808543241
 20
-2.3238974160369437
 10
1141.789169
 20
-2.321895
 10
1141.789056579345
 20
-2.3217615293870697
 10
1141.788683
 20
-2.321318
 10
1141.7885492980688
 20
-2.321205348026868
 10
1141.788105
 20
-2.320831
 10
1141.787502416037
 20
-2.320638774559194
 10
1141.7855
 20
-2.32
 10
1141.7737030020992
 20
-2.32
 10
1141.734501
 20
-2.32
 10
1141.7338981847188
 20
-2.320192225440806
 10
1141.731895
 20
-2.320831
 10
1141.731761529387
 20
-2.320943651973132
 10
1141.731318
 20
-2.321318
 10
1141.7309436519731
 20
-2.3217615293870697
  0
LWPOLYLINE
  5
1B3
330
17
100
AcDbEntity
  8
VISTA
100
AcDbPolyline
 90
41
 70
1
 10
1141.7309436519731
 20
-3.67176152938707
 10
1141.730831
 20
-3.671895
 10
1141.7301922254408
 20
-3.6738974160369438
 10
1141.73
 20
-3.6745
 10
1141.73
 20
-4.251780016792612
 10
1141.73
 20
-4.4255
 10
1141.730638774559
 20
-4.427502416036944
 10
1141.730831
 20
-4.428105
 10
1141.7312053480268
 20
-4.42854852938707
 10
1141.731318
 20
-4.428682
 10
1141.731761529387
 20
-4.429057116708648
 10
1141.731895
 20
-4.42917
 10
1141.7338981847188
 20
-4.429808005877414
 10
1141.734501
 20
-4.43
 10
1141.7737030020992
 20
-4.43
 10
1141.7855
 20
-4.43
 10
1141.787502416037
 20
-4.429361994122586
 10
1141.788105
 20
-4.42917
 10
1141.7885492980688
 20
-4.428794883291352
 10
1141.788683
 20
-4.428682
 10
1141.7887954206549
 20
-4.42854852938707
 10
1141.789169
 20
-4.428105
 10
1141.789361456759
 20
-4.427502416036944
 10
1141.790001
 20
-4.4255
 10
1141.790001
 20
-4.251780016792612
 10
1141.790001
 20
-3.6745
 10
1141.789808543241
 20
-3.6738974160369438
 10
1141.789169
 20
-3.671895
 10
1141.789056579345
 20
-3.67176152938707
 10
1141.788683
 20
-3.671318
 10
1141.7885492980688
 20
-3.6712053480268683
 10
1141.788105
 20
-3.670831
 10
1141.787502416037
 20
-3.670638774559194
 10
1141.7855
 20
-3.67
 10
1141.7737030020992
 20
-3.67
 10
1141.734501
 20
-3.67
 10
1141.7338981847188
 20
-3.670192225440806
 10
1141.731895
 20
-3.670831
 10
1141.731761529387
 20
-3.6709436519731318
 10
1141.731318
 20
-3.671318
 10
1141.7309436519731
 20
-3.67176152938707
  0
LWPOLYLINE
  5
1B4
330
17
100
AcDbEntity
  8
VISTA
100
AcDbPolyline
 90
5
 70
1
 10
1137.549
 20
-2.515
 10
1137.549
 20
-3.485
 10
1137.556999
 20
-3.485
 10
1137.556999
 20
-2.515
 10
1137.549
 20
-2.515
  0
LWPOLYLINE
  5
1B5
330
17
100
AcDbEntity
  8
VISTA
100
AcDbPolyline
 90
5
 70
1
 10
1137.556499
 20
-2.5575
 10
1137.556499
 20
-2.5625
 10
1137.563499
 20
-2.5625
 10
1137.563499
 20
-2.5575
 10
1137.556499
 20
-2.5575
  0
LWPOLYLINE
  5
1B6
330
17
100
AcDbEntity
  8
VISTA
100
AcDbPolyline
 90
5
 70
1
 10
1137.556499
 20
-2.5835
 10
1137.556499
 20
-2.5885
 10
1137.563499
 20
-2.5885
 10
1137.563499
 20
-2.5835
 10
1137.556499
 20
-2.5835
  0
LWPOLYLINE
  5
1B7
330
17
100
AcDbEntity
  8
VISTA
100
AcDbPolyline
 90
5
 70
1
 10
1137.556499
 20
-2.6095
 10
1137.556499
 20
-2.6145
 10
1137.563499
 20
-2.6145
 10
1137.563499
 20
-2.6095
 10
1137.556499
 20
-2.6095
  0
LWPOLYLINE
  5
1B8
330
17
100
AcDbEntity
  8
VISTA
100
AcDbPolyline
 90
5
 70
1
 10
1137.556499
 20
-2.6355
 10
1137.556499
 20
-2.6405
 10
1137.563499
 20
-2.6405
 10
1137.563499
 20
-2.6355
 10
1137.556499
 20
-2.6355
  0
LWPOLYLINE
  5
1B9
330
17
100
AcDbEntity
  8
VISTA
100
AcDbPolyline
 90
5
 70
1
 10
1137.556499
 20
-2.6615
 10
1137.556499
 20
-2.6665
 10
1137.563499
 20
-2.6665
 10
1137.563499
 20
-2.6615
 10
1137.556499
 20
-2.6615
  0
LWPOLYLINE
  5
1BA
330
17
100
AcDbEntity
  8
VISTA
100
AcDbPolyline
 90
5
 70
1
 10
1137.556499
 20
-2.6875
 10
1137.556499
 20
-2.6925
 10
1137.563499
 20
-2.6925
 10
1137.563499
 20
-2.6875
 10
1137.556499
 20
-2.6875
  0
LWPOLYLINE
  5
1BB
330
17
100
AcDbEntity
  8
VISTA
100
AcDbPolyline
 90
5
 70
1
 10
1137.556499
 20
-2.7135
 10
1137.556499
 20
-2.7185
 10
1137.563499
 20
-2.7185
 10
1137.563499
 20
-2.7135
 10
1137.556499
 20
-2.7135
  0
LWPOLYLINE
  5
1BC
330
17
100
AcDbEntity
  8
VISTA
100
AcDbPolyline
 90
5
 70
1
 10
1137.556499
 20
-2.7395
 10
1137.556499
 20
-2.7445
 10
1137.563499
 20
-2.7445
 10
1137.563499
 20
-2.7395
 10
1137.556499
 20
-2.7395
  0
LWPOLYLINE
  5
1BD
330
17
100
AcDbEntity
  8
VISTA
100
AcDbPolyline
 90
5
 70
1
 10
1137.556499
 20
-2.7655
 10
1137.556499
 20
-2.7705
 10
1137.563499
 20
-2.7705
 10
1137.563499
 20
-2.7655
 10
1137.556499
 20
-2.7655
  0
LWPOLYLINE
  5
1BE
330
17
100
AcDbEntity
  8
VISTA
100
AcDbPolyline
 90
5
 70
1
 10
1137.556499
 20
-2.7915
 10
1137.556499
 20
-2.7965
 10
1137.563499
 20
-2.7965
 10
1137.563499
 20
-2.7915
 10
1137.556499
 20
-2.7915
  0
LWPOLYLINE
  5
1BF
330
17
100
AcDbEntity
  8
VISTA
100
AcDbPolyline
 90
5
 70
1
 10
1137.556499
 20
-2.8175
 10
1137.556499
 20
-2.8225
 10
1137.563499
 20
-2.8225
 10
1137.563499
 20
-2.8175
 10
1137.556499
 20
-2.8175
  0
LWPOLYLINE
  5
1C0
330
17
100
AcDbEntity
  8
VISTA
100
AcDbPolyline
 90
5
 70
1
 10
1137.556499
 20
-2.8435
 10
1137.556499
 20
-2.8485
 10
1137.563499
 20
-2.8485
 10
1137.563499
 20
-2.8435
 10
1137.556499
 20
-2.8435
  0
LWPOLYLINE
  5
1C1
330
17
100
AcDbEntity
  8
VISTA
100
AcDbPolyline
 90
5
 70
1
 10
1137.556499
 20
-2.8695
 10
1137.556499
 20
-2.8745
 10
1137.563499
 20
-2.8745
 10
1137.563499
 20
-2.8695
 10
1137.556499
 20
-2.8695
  0
LWPOLYLINE
  5
1C2
330
17
100
AcDbEntity
  8
VISTA
100
AcDbPolyline
 90
5
 70
1
 10
1137.556499
 20
-2.8955
 10
1137.556499
 20
-2.9005
 10
1137.563499
 20
-2.9005
 10
1137.563499
 20
-2.8955
 10
1137.556499
 20
-2.8955
  0
LWPOLYLINE
  5
1C3
330
17
100
AcDbEntity
  8
VISTA
100
AcDbPolyline
 90
5
 70
1
 10
1137.556499
 20
-2.9215
 10
1137.556499
 20
-2.9265
 10
1137.563499
 20
-2.9265
 10
1137.563499
 20
-2.9215
 10
1137.556499
 20
-2.9215
  0
LWPOLYLINE
  5
1C4
330
17
100
AcDbEntity
  8
VISTA
100
AcDbPolyline
 90
5
 70
1
 10
1137.556499
 20
-2.9475
 10
1137.556499
 20
-2.9525
 10
1137.563499
 20
-2.9525
 10
1137.563499
 20
-2.9475
 10
1137.556499
 20
-2.9475
  0
LWPOLYLINE
  5
1C5
330
17
100
AcDbEntity
  8
VISTA
100
AcDbPolyline
 90
5
 70
1
 10
1137.556499
 20
-2.9735
 10
1137.556499
 20
-2.9785
 10
1137.563499
 20
-2.9785
 10
1137.563499
 20
-2.9735
 10
1137.556499
 20
-2.9735
  0
LWPOLYLINE
  5
1C6
330
17
100
AcDbEntity
  8
VISTA
100
AcDbPolyline
 90
5
 70
1
 10
1137.556499
 20
-2.9995
 10
1137.556499
 20
-3.0045
 10
1137.563499
 20
-3.0045
 10
1137.563499
 20
-2.9995
 10
1137.556499
 20
-2.9995
  0
LWPOLYLINE
  5
1C7
330
17
100
AcDbEntity
  8
VISTA
100
AcDbPolyline
 90
5
 70
1
 10
1137.556499
 20
-3.0255
 10
1137.556499
 20
-3.0305
 10
1137.563499
 20
-3.0305
 10
1137.563499
 20
-3.0255
 10
1137.556499
 20
-3.0255
  0
LWPOLYLINE
  5
1C8
330
17
100
AcDbEntity
  8
VISTA
100
AcDbPolyline
 90
5
 70
1
 10
1137.556499
 20
-3.0515
 10
1137.556499
 20
-3.0565
 10
1137.563499
 20
-3.0565
 10
1137.563499
 20
-3.0515
 10
1137.556499
 20
-3.0515
  0
LWPOLYLINE
  5
1C9
330
17
100
AcDbEntity
  8
VISTA
100
AcDbPolyline
 90
5
 70
1
 10
1137.556499
 20
-3.0775
 10
1137.556499
 20
-3.0825
 10
1137.563499
 20
-3.0825
 10
1137.563499
 20
-3.0775
 10
1137.556499
 20
-3.0775
  0
LWPOLYLINE
  5
1CA
330
17
100
AcDbEntity
  8
VISTA
100
AcDbPolyline
 90
5
 70
1
 10
1137.556499
 20
-3.1035
 10
1137.556499
 20
-3.1085
 10
1137.563499
 20
-3.1085
 10
1137.563499
 20
-3.1035
 10
1137.556499
 20
-3.1035
  0
LWPOLYLINE
  5
1CB
330
17
100
AcDbEntity
  8
VISTA
100
AcDbPolyline
 90
5
 70
1
 10
1137.556499
 20
-3.1295
 10
1137.556499
 20
-3.1345
 10
1137.563499
 20
-3.1345
 10
1137.563499
 20
-3.1295
 10
1137.556499
 20
-3.1295
  0
LWPOLYLINE
  5
1CC
330
17
100
AcDbEntity
  8
VISTA
100
AcDbPolyline
 90
5
 70
1
 10
1137.556499
 20
-3.1555
 10
1137.556499
 20
-3.1605
 10
1137.563499
 20
-3.1605
 10
1137.563499
 20
-3.1555
 10
1137.556499
 20
-3.1555
  0
LWPOLYLINE
  5
1CD
330
17
100
AcDbEntity
  8
VISTA
100
AcDbPolyline
 90
5
 70
1
 10
1137.556499
 20
-3.1815
 10
1137.556499
 20
-3.1865
 10
1137.563499
 20
-3.1865
 10
1137.563499
 20
-3.1815
 10
1137.556499
 20
-3.1815
  0
LWPOLYLINE
  5
1CE
330
17
100
AcDbEntity
  8
VISTA
100
AcDbPolyline
 90
5
 70
1
 10
1137.556499
 20
-3.2075
 10
1137.556499
 20
-3.2125
 10
1137.563499
 20
-3.2125
 10
1137.563499
 20
-3.2075
 10
1137.556499
 20
-3.2075
  0
LWPOLYLINE
  5
1CF
330
17
100
AcDbEntity
  8
VISTA
100
AcDbPolyline
 90
5
 70
1
 10
1137.556499
 20
-3.2335
 10
1137.556499
 20
-3.2385
 10
1137.563499
 20
-3.2385
 10
1137.563499
 20
-3.2335
 10
1137.556499
 20
-3.2335
  0
LWPOLYLINE
  5
1D0
330
17
100
AcDbEntity
  8
VISTA
100
AcDbPolyline
 90
5
 70
1
 10
1137.556499
 20
-3.2595
 10
1137.556499
 20
-3.2645
 10
1137.563499
 20
-3.2645
 10
1137.563499
 20
-3.2595
 10
1137.556499
 20
-3.2595
  0
LWPOLYLINE
  5
1D1
330
17
100
AcDbEntity
  8
VISTA
100
AcDbPolyline
 90
5
 70
1
 10
1137.556499
 20
-3.2855
 10
1137.556499
 20
-3.2905
 10
1137.563499
 20
-3.2905
 10
1137.563499
 20
-3.2855
 10
1137.556499
 20
-3.2855
  0
LWPOLYLINE
  5
1D2
330
17
100
AcDbEntity
  8
VISTA
100
AcDbPolyline
 90
5
 70
1
 10
1137.556499
 20
-3.3115
 10
1137.556499
 20
-3.3165
 10
1137.563499
 20
-3.3165
 10
1137.563499
 20
-3.3115
 10
1137.556499
 20
-3.3115
  0
LWPOLYLINE
  5
1D3
330
17
100
AcDbEntity
  8
VISTA
100
AcDbPolyline
 90
5
 70
1
 10
1137.556499
 20
-3.3375
 10
1137.556499
 20
-3.3425
 10
1137.563499
 20
-3.3425
 10
1137.563499
 20
-3.3375
 10
1137.556499
 20
-3.3375
  0
LWPOLYLINE
  5
1D4
330
17
100
AcDbEntity
  8
VISTA
100
AcDbPolyline
 90
5
 70
1
 10
1137.556499
 20
-3.3635
 10
1137.556499
 20
-3.3685
 10
1137.563499
 20
-3.3685
 10
1137.563499
 20
-3.3635
 10
1137.556499
 20
-3.3635
  0
LWPOLYLINE
  5
1D5
330
17
100
AcDbEntity
  8
VISTA
100
AcDbPolyline
 90
5
 70
1
 10
1137.556499
 20
-3.3895
 10
1137.556499
 20
-3.3945
 10
1137.563499
 20
-3.3945
 10
1137.563499
 20
-3.3895
 10
1137.556499
 20
-3.3895
  0
LWPOLYLINE
  5
1D6
330
17
100
AcDbEntity
  8
VISTA
100
AcDbPolyline
 90
5
 70
1
 10
1137.556499
 20
-3.4155
 10
1137.556499
 20
-3.4205
 10
1137.563499
 20
-3.4205
 10
1137.563499
 20
-3.4155
 10
1137.556499
 20
-3.4155
  0
LWPOLYLINE
  5
1D7
330
17
100
AcDbEntity
  8
VISTA
100
AcDbPolyline
 90
17
 70
1
 10
1135.7
 20
-1.018
 10
1135.706888
 20
-1.01663
 10
1135.712728
 20
-1.012728
 10
1135.71663
 20
-1.006888
 10
1135.717999
 20
-1.0
 10
1135.71663
 20
-0.993112
 10
1135.712728
 20
-0.987272
 10
1135.706888
 20
-0.98337
 10
1135.7
 20
-0.982
 10
1135.693111
 20
-0.98337
 10
1135.687272
 20
-0.987272
 10
1135.68337
 20
-0.993112
 10
1135.682
 20
-1.0
 10
1135.68337
 20
-1.006888
 10
1135.687272
 20
-1.012728
 10
1135.693111
 20
-1.01663
 10
1135.7
 20
-1.018
  0
LWPOLYLINE
  5
1D8
330
17
100
AcDbEntity
  8
VISTA
100
AcDbPolyline
 90
13
 70
1
 10
1141.575586
 20
-0.734586
 10
1141.575001
 20
-0.736
 10
1141.575001
 20
-0.784
 10
1141.575586
 20
-0.785414
 10
1141.577002
 20
-0.786
 10
1141.608
 20
-0.786
 10
1141.609415
 20
-0.785414
 10
1141.610001
 20
-0.784
 10
1141.610001
 20
-0.736
 10
1141.609415
 20
-0.734586
 10
1141.608
 20
-0.734
 10
1141.577002
 20
-0.734
 10
1141.575586
 20
-0.734586
  0
LWPOLYLINE
  5
1D9
330
17
100
AcDbEntity
  8
VISTA
100
AcDbPolyline
 90
13
 70
1
 10
1141.552586
 20
-0.818586
 10
1141.552
 20
-0.82
 10
1141.552
 20
-0.868
 10
1141.552586
 20
-0.869414
 10
1141.553999
 20
-0.87
 10
1141.608
 20
-0.87
 10
1141.609413
 20
-0.869414
 10
1141.609999
 20
-0.868
 10
1141.609999
 20
-0.82
 10
1141.609413
 20
-0.818586
 10
1141.608
 20
-0.818
 10
1141.553999
 20
-0.818
 10
1141.552586
 20
-0.818586
  0
LWPOLYLINE
  5
1DA
330
17
100
AcDbEntity
  8
VISTA
100
AcDbPolyline
 90
13
 70
1
 10
1141.500586
 20
-0.902586
 10
1141.5
 20
-0.904
 10
1141.5
 20
-0.952
 10
1141.500586
 20
-0.953414
 10
1141.502001
 20
-0.954
 10
1141.608
 20
-0.954
 10
1141.609415
 20
-0.953414
 10
1141.610001
 20
-0.952
 10
1141.610001
 20
-0.904
 10
1141.609415
 20
-0.902586
 10
1141.608
 20
-0.902
 10
1141.502001
 20
-0.902
 10
1141.500586
 20
-0.902586
  0
LWPOLYLINE
  5
1DB
330
17
100
AcDbEntity
  8
VISTA
100
AcDbPolyline
 90
13
 70
1
 10
1141.565586
 20
-0.986586
 10
1141.565001
 20
-0.988
 10
1141.565001
 20
-1.036
 10
1141.565586
 20
-1.037414
 10
1141.566999
 20
-1.038
 10
1141.608
 20
-1.038
 10
1141.609413
 20
-1.037414
 10
1141.609999
 20
-1.036
 10
1141.609999
 20
-0.988
 10
1141.609413
 20
-0.986586
 10
1141.608
 20
-0.986
 10
1141.566999
 20
-0.986
 10
1141.565586
 20
-0.986586
  0
LWPOLYLINE
  5
1DC
330
17
100
AcDbEntity
  8
VISTA
100
AcDbPolyline
 90
13
 70
1
 10
1141.525585
 20
-1.070586
 10
1141.525
 20
-1.072
 10
1141.525
 20
-1.12
 10
1141.525585
 20
-1.121414
 10
1141.526999
 20
-1.122
 10
1141.608
 20
-1.122
 10
1141.609413
 20
-1.121414
 10
1141.609999
 20
-1.12
 10
1141.609999
 20
-1.072
 10
1141.609413
 20
-1.070586
 10
1141.608
 20
-1.07
 10
1141.526999
 20
-1.07
 10
1141.525585
 20
-1.070586
  0
LWPOLYLINE
  5
1DD
330
17
100
AcDbEntity
  8
VISTA
100
AcDbPolyline
 90
13
 70
1
 10
1141.485586
 20
-1.154586
 10
1141.485001
 20
-1.156
 10
1141.485001
 20
-1.204
 10
1141.485586
 20
-1.205414
 10
1141.487001
 20
-1.206
 10
1141.608
 20
-1.206
 10
1141.609415
 20
-1.205414
 10
1141.610001
 20
-1.204
 10
1141.610001
 20
-1.156
 10
1141.609415
 20
-1.154586
 10
1141.608
 20
-1.154
 10
1141.487001
 20
-1.154
 10
1141.485586
 20
-1.154586
  0
LWPOLYLINE
  5
1DE
330
17
100
AcDbEntity
  8
VISTA
100
AcDbPolyline
 90
13
 70
1
 10
1141.540586
 20
-1.238586
 10
1141.540001
 20
-1.24
 10
1141.540001
 20
-1.288
 10
1141.540586
 20
-1.289414
 10
1141.542
 20
-1.29
 10
1141.608002
 20
-1.29
 10
1141.609415
 20
-1.289414
 10
1141.610001
 20
-1.288
 10
1141.610001
 20
-1.24
 10
1141.609415
 20
-1.238586
 10
1141.608002
 20
-1.238
 10
1141.542
 20
-1.238
 10
1141.540586
 20
-1.238586
  0
LWPOLYLINE
  5
1DF
330
17
100
AcDbEntity
  8
VISTA
100
AcDbPolyline
 90
13
 70
1
 10
1141.582586
 20
-1.322586
 10
1141.582001
 20
-1.324
 10
1141.582001
 20
-1.372
 10
1141.582586
 20
-1.373414
 10
1141.584002
 20
-1.374
 10
1141.608
 20
-1.374
 10
1141.609415
 20
-1.373414
 10
1141.610001
 20
-1.372
 10
1141.610001
 20
-1.324
 10
1141.609415
 20
-1.322586
 10
1141.608
 20
-1.322
 10
1141.584002
 20
-1.322
 10
1141.582586
 20
-1.322586
  0
LWPOLYLINE
  5
1E0
330
17
100
AcDbEntity
  8
VISTA
100
AcDbPolyline
 90
13
 70
1
 10
1141.518585
 20
-1.406586
 10
1141.518
 20
-1.408
 10
1141.518
 20
-1.456
 10
1141.518585
 20
-1.457414
 10
1141.519999
 20
-1.458
 10
1141.608
 20
-1.458
 10
1141.609413
 20
-1.457414
 10
1141.609999
 20
-1.456
 10
1141.609999
 20
-1.408
 10
1141.609413
 20
-1.406586
 10
1141.608
 20
-1.406
 10
1141.519999
 20
-1.406
 10
1141.518585
 20
-1.406586
  0
LWPOLYLINE
  5
1E1
330
17
100
AcDbEntity
  8
VISTA
100
AcDbPolyline
 90
13
 70
1
 10
1141.575586
 20
-1.984586
 10
1141.575001
 20
-1.986
 10
1141.575001
 20
-2.034
 10
1141.575586
 20
-2.035414
 10
1141.577002
 20
-2.036
 10
1141.608
 20
-2.036
 10
1141.609415
 20
-2.035414
 10
1141.610001
 20
-2.034
 10
1141.610001
 20
-1.986
 10
1141.609415
 20
-1.984586
 10
1141.608
 20
-1.984
 10
1141.577002
 20
-1.984
 10
1141.575586
 20
-1.984586
  0
LWPOLYLINE
  5
1E2
330
17
100
AcDbEntity
  8
VISTA
100
AcDbPolyline
 90
13
 70
1
 10
1141.552586
 20
-2.068586
 10
1141.552
 20
-2.07
 10
1141.552
 20
-2.118
 10
1141.552586
 20
-2.119414
 10
1141.553999
 20
-2.12
 10
1141.608
 20
-2.12
 10
1141.609413
 20
-2.119414
 10
1141.609999
 20
-2.118
 10
1141.609999
 20
-2.07
 10
1141.609413
 20
-2.068586
 10
1141.608
 20
-2.068
 10
1141.553999
 20
-2.068
 10
1141.552586
 20
-2.068586
  0
LWPOLYLINE
  5
1E3
330
17
100
AcDbEntity
  8
VISTA
100
AcDbPolyline
 90
13
 70
1
 10
1141.500586
 20
-2.152586
 10
1141.5
 20
-2.154
 10
1141.5
 20
-2.202
 10
1141.500586
 20
-2.203414
 10
1141.502001
 20
-2.204
 10
1141.608
 20
-2.204
 10
1141.609415
 20
-2.203414
 10
1141.610001
 20
-2.202
 10
1141.610001
 20
-2.154
 10
1141.609415
 20
-2.152586
 10
1141.608
 20
-2.152
 10
1141.502001
 20
-2.152
 10
1141.500586
 20
-2.152586
  0
LWPOLYLINE
  5
1E4
330
17
100
AcDbEntity
  8
VISTA
100
AcDbPolyline
 90
13
 70
1
 10
1141.565586
 20
-2.236586
 10
1141.565001
 20
-2.238
 10
1141.565001
 20
-2.286
 10
1141.565586
 20
-2.287414
 10
1141.566999
 20
-2.288
 10
1141.608
 20
-2.288
 10
1141.609413
 20
-2.287414
 10
1141.609999
 20
-2.286
 10
1141.609999
 20
-2.238
 10
1141.609413
 20
-2.236586
 10
1141.608
 20
-2.236
 10
1141.566999
 20
-2.236
 10
1141.565586
 20
-2.236586
  0
LWPOLYLINE
  5
1E5
330
17
100
AcDbEntity
  8
VISTA
100
AcDbPolyline
 90
13
 70
1
 10
1141.525585
 20
-2.320586
 10
1141.525
 20
-2.322
 10
1141.525
 20
-2.37
 10
1141.525585
 20
-2.371414
 10
1141.526999
 20
-2.372
 10
1141.608
 20
-2.372
 10
1141.609413
 20
-2.371414
 10
1141.609999
 20
-2.37
 10
1141.609999
 20
-2.322
 10
1141.609413
 20
-2.320586
 10
1141.608
 20
-2.32
 10
1141.526999
 20
-2.32
 10
1141.525585
 20
-2.320586
  0
LWPOLYLINE
  5
1E6
330
17
100
AcDbEntity
  8
VISTA
100
AcDbPolyline
 90
13
 70
1
 10
1141.485586
 20
-2.404586
 10
1141.485001
 20
-2.406
 10
1141.485001
 20
-2.454
 10
1141.485586
 20
-2.455414
 10
1141.487001
 20
-2.456
 10
1141.608
 20
-2.456
 10
1141.609415
 20
-2.455414
 10
1141.610001
 20
-2.454
 10
1141.610001
 20
-2.406
 10
1141.609415
 20
-2.404586
 10
1141.608
 20
-2.404
 10
1141.487001
 20
-2.404
 10
1141.485586
 20
-2.404586
  0
LWPOLYLINE
  5
1E7
330
17
100
AcDbEntity
  8
VISTA
100
AcDbPolyline
 90
13
 70
1
 10
1141.540586
 20
-2.488586
 10
1141.540001
 20
-2.49
 10
1141.540001
 20
-2.538
 10
1141.540586
 20
-2.539414
 10
1141.542
 20
-2.54
 10
1141.608002
 20
-2.54
 10
1141.609415
 20
-2.539414
 10
1141.610001
 20
-2.538
 10
1141.610001
 20
-2.49
 10
1141.609415
 20
-2.488586
 10
1141.608002
 20
-2.488
 10
1141.542
 20
-2.488
 10
1141.540586
 20
-2.488586
  0
LWPOLYLINE
  5
1E8
330
17
100
AcDbEntity
  8
VISTA
100
AcDbPolyline
 90
13
 70
1
 10
1141.582586
 20
-2.572586
 10
1141.582001
 20
-2.574
 10
1141.582001
 20
-2.622
 10
1141.582586
 20
-2.623414
 10
1141.584002
 20
-2.624
 10
1141.608
 20
-2.624
 10
1141.609415
 20
-2.623414
 10
1141.610001
 20
-2.622
 10
1141.610001
 20
-2.574
 10
1141.609415
 20
-2.572586
 10
1141.608
 20
-2.572
 10
1141.584002
 20
-2.572
 10
1141.582586
 20
-2.572586
  0
LWPOLYLINE
  5
1E9
330
17
100
AcDbEntity
  8
VISTA
100
AcDbPolyline
 90
13
 70
1
 10
1141.518585
 20
-2.656586
 10
1141.518
 20
-2.658
 10
1141.518
 20
-2.706
 10
1141.518585
 20
-2.707414
 10
1141.519999
 20
-2.708
 10
1141.608
 20
-2.708
 10
1141.609413
 20
-2.707414
 10
1141.609999
 20
-2.706
 10
1141.609999
 20
-2.658
 10
1141.609413
 20
-2.656586
 10
1141.608
 20
-2.656
 10
1141.519999
 20
-2.656
 10
1141.518585
 20
-2.656586
  0
LWPOLYLINE
  5
1EA
330
17
100
AcDbEntity
  8
VISTA
100
AcDbPolyline
 90
13
 70
1
 10
1141.575586
 20
-3.234586
 10
1141.575001
 20
-3.236
 10
1141.575001
 20
-3.284
 10
1141.575586
 20
-3.285414
 10
1141.577002
 20
-3.286
 10
1141.608
 20
-3.286
 10
1141.609415
 20
-3.285414
 10
1141.610001
 20
-3.284
 10
1141.610001
 20
-3.236
 10
1141.609415
 20
-3.234586
 10
1141.608
 20
-3.234
 10
1141.577002
 20
-3.234
 10
1141.575586
 20
-3.234586
  0
LWPOLYLINE
  5
1EB
330
17
100
AcDbEntity
  8
VISTA
100
AcDbPolyline
 90
13
 70
1
 10
1141.552586
 20
-3.318586
 10
1141.552
 20
-3.32
 10
1141.552
 20
-3.368
 10
1141.552586
 20
-3.369414
 10
1141.553999
 20
-3.37
 10
1141.608
 20
-3.37
 10
1141.609413
 20
-3.369414
 10
1141.609999
 20
-3.368
 10
1141.609999
 20
-3.32
 10
1141.609413
 20
-3.318586
 10
1141.608
 20
-3.318
 10
1141.553999
 20
-3.318
 10
1141.552586
 20
-3.318586
  0
LWPOLYLINE
  5
1EC
330
17
100
AcDbEntity
  8
VISTA
100
AcDbPolyline
 90
13
 70
1
 10
1141.500586
 20
-3.402586
 10
1141.5
 20
-3.404
 10
1141.5
 20
-3.452
 10
1141.500586
 20
-3.453414
 10
1141.502001
 20
-3.454
 10
1141.608
 20
-3.454
 10
1141.609415
 20
-3.453414
 10
1141.610001
 20
-3.452
 10
1141.610001
 20
-3.404
 10
1141.609415
 20
-3.402586
 10
1141.608
 20
-3.402
 10
1141.502001
 20
-3.402
 10
1141.500586
 20
-3.402586
  0
LWPOLYLINE
  5
1ED
330
17
100
AcDbEntity
  8
VISTA
100
AcDbPolyline
 90
13
 70
1
 10
1141.565586
 20
-3.486586
 10
1141.565001
 20
-3.488
 10
1141.565001
 20
-3.536
 10
1141.565586
 20
-3.537414
 10
1141.566999
 20
-3.538
 10
1141.608
 20
-3.538
 10
1141.609413
 20
-3.537414
 10
1141.609999
 20
-3.536
 10
1141.609999
 20
-3.488
 10
1141.609413
 20
-3.486586
 10
1141.608
 20
-3.486
 10
1141.566999
 20
-3.486
 10
1141.565586
 20
-3.486586
  0
LWPOLYLINE
  5
1EE
330
17
100
AcDbEntity
  8
VISTA
100
AcDbPolyline
 90
13
 70
1
 10
1141.525585
 20
-3.570586
 10
1141.525
 20
-3.572
 10
1141.525
 20
-3.62
 10
1141.525585
 20
-3.621414
 10
1141.526999
 20
-3.622
 10
1141.608
 20
-3.622
 10
1141.609413
 20
-3.621414
 10
1141.609999
 20
-3.62
 10
1141.609999
 20
-3.572
 10
1141.609413
 20
-3.570586
 10
1141.608
 20
-3.57
 10
1141.526999
 20
-3.57
 10
1141.525585
 20
-3.570586
  0
LWPOLYLINE
  5
1EF
330
17
100
AcDbEntity
  8
VISTA
100
AcDbPolyline
 90
13
 70
1
 10
1141.485586
 20
-3.654586
 10
1141.485001
 20
-3.656
 10
1141.485001
 20
-3.704
 10
1141.485586
 20
-3.705414
 10
1141.487001
 20
-3.706
 10
1141.608
 20
-3.706
 10
1141.609415
 20
-3.705414
 10
1141.610001
 20
-3.704
 10
1141.610001
 20
-3.656
 10
1141.609415
 20
-3.654586
 10
1141.608
 20
-3.654
 10
1141.487001
 20
-3.654
 10
1141.485586
 20
-3.654586
  0
LWPOLYLINE
  5
1F0
330
17
100
AcDbEntity
  8
VISTA
100
AcDbPolyline
 90
13
 70
1
 10
1141.540586
 20
-3.738586
 10
1141.540001
 20
-3.74
 10
1141.540001
 20
-3.788
 10
1141.540586
 20
-3.789414
 10
1141.542
 20
-3.79
 10
1141.608002
 20
-3.79
 10
1141.609415
 20
-3.789414
 10
1141.610001
 20
-3.788
 10
1141.610001
 20
-3.74
 10
1141.609415
 20
-3.738586
 10
1141.608002
 20
-3.738
 10
1141.542
 20
-3.738
 10
1141.540586
 20
-3.738586
  0
LWPOLYLINE
  5
1F1
330
17
100
AcDbEntity
  8
VISTA
100
AcDbPolyline
 90
13
 70
1
 10
1141.582586
 20
-3.822586
 10
1141.582001
 20
-3.824
 10
1141.582001
 20
-3.872
 10
1141.582586
 20
-3.873414
 10
1141.584002
 20
-3.874
 10
1141.608
 20
-3.874
 10
1141.609415
 20
-3.873414
 10
1141.610001
 20
-3.872
 10
1141.610001
 20
-3.824
 10
1141.609415
 20
-3.822586
 10
1141.608
 20
-3.822
 10
1141.584002
 20
-3.822
 10
1141.582586
 20
-3.822586
  0
LWPOLYLINE
  5
1F2
330
17
100
AcDbEntity
  8
VISTA
100
AcDbPolyline
 90
13
 70
1
 10
1141.518585
 20
-3.906586
 10
1141.518
 20
-3.908
 10
1141.518
 20
-3.956
 10
1141.518585
 20
-3.957414
 10
1141.519999
 20
-3.958
 10
1141.608
 20
-3.958
 10
1141.609413
 20
-3.957414
 10
1141.609999
 20
-3.956
 10
1141.609999
 20
-3.908
 10
1141.609413
 20
-3.906586
 10
1141.608
 20
-3.906
 10
1141.519999
 20
-3.906
 10
1141.518585
 20
-3.906586
  0
LWPOLYLINE
  5
1F3
330
17
100
AcDbEntity
  8
CORTE
100
AcDbPolyline
 90
25
 70
1
 10
1137.425341
 20
-2.982613
 10
1137.421
 20
-2.984411
 10
1137.417273
 20
-2.987272
 10
1137.414412
 20
-2.991
 10
1137.412613
 20
-2.995341
 10
1137.412001
 20
-3.0
 10
1137.412613
 20
-3.004659
 10
1137.414412
 20
-3.009
 10
1137.417273
 20
-3.012728
 10
1137.421
 20
-3.015589
 10
1137.425341
 20
-3.017387
 10
1137.43
 20
-3.018
 10
1137.43466
 20
-3.017387
 10
1137.439001
 20
-3.015589
 10
1137.442728
 20
-3.012728
 10
1137.445589
 20
-3.009
 10
1137.447388
 20
-3.004659
 10
1137.448
 20
-3.0
 10
1137.447388
 20
-2.995341
 10
1137.445589
 20
-2.991
 10
1137.442728
 20
-2.987272
 10
1137.439001
 20
-2.984411
 10
1137.43466
 20
-2.982613
 10
1137.43
 20
-2.982
 10
1137.425341
 20
-2.982613
  0
LWPOLYLINE
  5
1F4
330
17
100
AcDbEntity
  8
VISTA
100
AcDbPolyline
 90
5
 70
1
 10
1137.43
 20
-3.0097674049438203
 10
1137.495001
 20
-3.0097674049438203
 10
1137.495001
 20
-2.9902325950561797
 10
1137.43
 20
-2.9902325950561797
 10
1137.43
 20
-3.0097674049438203
  0
LWPOLYLINE
  5
1F5
330
17
100
AcDbEntity
  8
VISTA
100
AcDbPolyline
 90
13
 70
1
 10
1134.27
 20
-5.686
 10
1134.27
 20
-5.749
 10
1134.270293
 20
-5.749707
 10
1134.271
 20
-5.75
 10
1135.124001
 20
-5.75
 10
1135.124707
 20
-5.749707
 10
1135.125
 20
-5.749
 10
1135.125
 20
-5.686
 10
1135.124707
 20
-5.685293
 10
1135.124001
 20
-5.685
 10
1134.271
 20
-5.685
 10
1134.270293
 20
-5.685293
 10
1134.27
 20
-5.686
  0
LWPOLYLINE
  5
1F6
330
17
100
AcDbEntity
  8
VISTA
100
AcDbPolyline
 90
13
 70
1
 10
1134.000999
 20
-4.88
 10
1134.264
 20
-4.88
 10
1134.264707
 20
-4.879707
 10
1134.264999
 20
-4.879
 10
1134.264999
 20
-4.851
 10
1134.264707
 20
-4.850293
 10
1134.264
 20
-4.85
 10
1134.000999
 20
-4.85
 10
1134.000293
 20
-4.850293
 10
1134.0
 20
-4.851
 10
1134.0
 20
-4.879
 10
1134.000293
 20
-4.879707
 10
1134.000999
 20
-4.88
  0
LWPOLYLINE
  5
1F7
330
17
100
AcDbEntity
  8
VISTA
100
AcDbPolyline
 90
13
 70
1
 10
1134.001
 20
-5.75
 10
1134.189
 20
-5.75
 10
1134.189708
 20
-5.749707
 10
1134.190001
 20
-5.749
 10
1134.190001
 20
-5.721
 10
1134.189708
 20
-5.720293
 10
1134.189
 20
-5.72
 10
1134.001
 20
-5.72
 10
1134.000293
 20
-5.720293
 10
1134.0
 20
-5.721
 10
1134.0
 20
-5.749
 10
1134.000293
 20
-5.749707
 10
1134.001
 20
-5.75
  0
LWPOLYLINE
  5
1F8
330
17
100
AcDbEntity
  8
VISTA
100
AcDbPolyline
 90
13
 70
1
 10
1134.191
 20
-5.78
 10
1134.264
 20
-5.78
 10
1134.264707
 20
-5.779707
 10
1134.265
 20
-5.779
 10
1134.265
 20
-5.746
 10
1134.264707
 20
-5.745293
 10
1134.264
 20
-5.745
 10
1134.191
 20
-5.745
 10
1134.190293
 20
-5.745293
 10
1134.19
 20
-5.746
 10
1134.19
 20
-5.779
 10
1134.190293
 20
-5.779707
 10
1134.191
 20
-5.78
  0
LWPOLYLINE
  5
1F9
330
17
100
AcDbEntity
  8
VISTA
100
AcDbPolyline
 90
13
 70
1
 10
1134.173
 20
-4.905
 10
1134.188
 20
-4.905
 10
1134.188707
 20
-4.904707
 10
1134.189
 20
-4.904
 10
1134.189
 20
-4.881
 10
1134.188707
 20
-4.880293
 10
1134.188
 20
-4.88
 10
1134.173
 20
-4.88
 10
1134.172293
 20
-4.880293
 10
1134.172
 20
-4.881
 10
1134.172
 20
-4.904
 10
1134.172293
 20
-4.904707
 10
1134.173
 20
-4.905
  0
LWPOLYLINE
  5
1FA
330
17
100
AcDbEntity
  8
VISTA
100
AcDbPolyline
 90
13
 70
1
 10
1134.189501
 20
-4.905
 10
1134.1945
 20
-4.905
 10
1134.194854
 20
-4.904853
 10
1134.195001
 20
-4.9045
 10
1134.195001
 20
-4.8805
 10
1134.194854
 20
-4.880147
 10
1134.1945
 20
-4.88
 10
1134.189501
 20
-4.88
 10
1134.189147
 20
-4.880147
 10
1134.189
 20
-4.8805
 10
1134.189
 20
-4.9045
 10
1134.189147
 20
-4.904853
 10
1134.189501
 20
-4.905
  0
LWPOLYLINE
  5
1FB
330
17
100
AcDbEntity
  8
VISTA
100
AcDbPolyline
 90
13
 70
1
 10
1134.173
 20
-5.74
 10
1134.188
 20
-5.74
 10
1134.188707
 20
-5.739707
 10
1134.189
 20
-5.739
 10
1134.189
 20
-5.717
 10
1134.188707
 20
-5.716293
 10
1134.188
 20
-5.716
 10
1134.173
 20
-5.716
 10
1134.172293
 20
-5.716293
 10
1134.172
 20
-5.717
 10
1134.172
 20
-5.739
 10
1134.172293
 20
-5.739707
 10
1134.173
 20
-5.74
  0
LWPOLYLINE
  5
1FC
330
17
100
AcDbEntity
  8
VISTA
100
AcDbPolyline
 90
13
 70
1
 10
1134.189501
 20
-5.74
 10
1134.1945
 20
-5.74
 10
1134.194854
 20
-5.739854
 10
1134.195001
 20
-5.7395
 10
1134.195001
 20
-5.7165
 10
1134.194854
 20
-5.716146
 10
1134.1945
 20
-5.716
 10
1134.189501
 20
-5.716
 10
1134.189147
 20
-5.716146
 10
1134.189
 20
-5.7165
 10
1134.189
 20
-5.7395
 10
1134.189147
 20
-5.739854
 10
1134.189501
 20
-5.74
  0
LWPOLYLINE
  5
1FD
330
17
100
AcDbEntity
  8
VISTA
100
AcDbPolyline
 90
13
 70
1
 10
1140.451
 20
-1.245
 10
1141.109001
 20
-1.245
 10
1141.109707
 20
-1.244707
 10
1141.110001
 20
-1.244
 10
1141.110001
 20
-1.241
 10
1141.109707
 20
-1.240293
 10
1141.109001
 20
-1.24
 10
1140.451
 20
-1.24
 10
1140.450294
 20
-1.240293
 10
1140.450001
 20
-1.241
 10
1140.450001
 20
-1.244
 10
1140.450294
 20
-1.244707
 10
1140.451
 20
-1.245
  0
LWPOLYLINE
  5
1FE
330
17
100
AcDbEntity
  8
VISTA
100
AcDbPolyline
 90
13
 70
1
 10
1140.451
 20
-1.86
 10
1141.109001
 20
-1.86
 10
1141.109707
 20
-1.859707
 10
1141.110001
 20
-1.859
 10
1141.110001
 20
-1.856
 10
1141.109707
 20
-1.855293
 10
1141.109001
 20
-1.855
 10
1140.451
 20
-1.855
 10
1140.450294
 20
-1.855293
 10
1140.450001
 20
-1.856
 10
1140.450001
 20
-1.859
 10
1140.450294
 20
-1.859707
 10
1140.451
 20
-1.86
  0
LWPOLYLINE
  5
1FF
330
17
100
AcDbEntity
  8
VISTA
100
AcDbPolyline
 90
13
 70
1
 10
1141.106001
 20
-1.85
 10
1141.108999
 20
-1.85
 10
1141.1097072033565
 20
-1.8497816446161341
 10
1141.110001
 20
-1.849156610116552
 10
1141.110001
 20
-1.2508432881973561
 10
1141.109709
 20
-1.250249796643402
 10
1141.108999
 20
-1.25
 10
1141.106001
 20
-1.25
 10
1141.1052927966434
 20
-1.250218355383866
 10
1141.105
 20
-1.2508432881973561
 10
1141.105
 20
-1.849156610116552
 10
1141.105291
 20
-1.849750203356598
 10
1141.106001
 20
-1.85
  0
LWPOLYLINE
  5
200
330
17
100
AcDbEntity
  8
VISTA
100
AcDbPolyline
 90
13
 70
1
 10
1140.472
 20
-1.312
 10
1140.490002
 20
-1.312
 10
1140.490707
 20
-1.311707
 10
1140.491001
 20
-1.311
 10
1140.491001
 20
-1.289
 10
1140.490707
 20
-1.288293
 10
1140.490002
 20
-1.288
 10
1140.472
 20
-1.288
 10
1140.471294
 20
-1.288293
 10
1140.471001
 20
-1.289
 10
1140.471001
 20
-1.311
 10
1140.471294
 20
-1.311707
 10
1140.472
 20
-1.312
  0
LWPOLYLINE
  5
201
330
17
100
AcDbEntity
  8
VISTA
100
AcDbPolyline
 90
13
 70
1
 10
1140.472
 20
-1.812
 10
1140.490002
 20
-1.812
 10
1140.490707
 20
-1.811707
 10
1140.491001
 20
-1.811
 10
1140.491001
 20
-1.789
 10
1140.490707
 20
-1.788293
 10
1140.490002
 20
-1.788
 10
1140.472
 20
-1.788
 10
1140.471294
 20
-1.788293
 10
1140.471001
 20
-1.789
 10
1140.471001
 20
-1.811
 10
1140.471294
 20
-1.811707
 10
1140.472
 20
-1.812
  0
LWPOLYLINE
  5
202
330
17
100
AcDbEntity
  8
VISTA
100
AcDbPolyline
 90
41
 70
1
 10
1135.575962735442
 20
-0.23173923903666427
 10
1135.575831
 20
-0.231895
 10
1135.5752250582316
 20
-0.23379678109273902
 10
1135.575001
 20
-0.2345
 10
1135.575001
 20
-0.286333572969087
 10
1135.575001
 20
-0.3055
 10
1135.5756069417685
 20
-0.307401781092739
 10
1135.575831
 20
-0.308105
 10
1135.5761872645578
 20
-0.30852623903666426
 10
1135.576319
 20
-0.308682
 10
1135.5767395089863
 20
-0.30903753450754856
 10
1135.576895
 20
-0.309169
 10
1135.5787967810927
 20
-0.30977567181883536
 10
1135.5795
 20
-0.31
 10
1136.3394831168225
 20
-0.31
 10
1136.620501
 20
-0.31
 10
1136.6224027810927
 20
-0.30939332818116466
 10
1136.623106
 20
-0.309169
 10
1136.6235265089863
 20
-0.3088134654924515
 10
1136.623682
 20
-0.308682
 10
1136.6238137354421
 20
-0.30852623903666426
 10
1136.62417
 20
-0.308105
 10
1136.6243940582315
 20
-0.307401781092739
 10
1136.625
 20
-0.3055
 10
1136.625
 20
-0.286333572969087
 10
1136.625
 20
-0.2345
 10
1136.6247759417686
 20
-0.23379678109273902
 10
1136.62417
 20
-0.231895
 10
1136.6240382645578
 20
-0.23173923903666427
 10
1136.623682
 20
-0.231318
 10
1136.6235265089863
 20
-0.23118653450754853
 10
1136.623106
 20
-0.230831
 10
1136.6224027810927
 20
-0.23060667181883537
 10
1136.620501
 20
-0.23
 10
1136.3394831168225
 20
-0.23
 10
1135.5795
 20
-0.23
 10
1135.5787967810927
 20
-0.23022432818116464
 10
1135.576895
 20
-0.230831
 10
1135.5767395089863
 20
-0.23096246549245147
 10
1135.576319
 20
-0.231318
 10
1135.575962735442
 20
-0.23173923903666427
  0
LWPOLYLINE
  5
203
330
17
100
AcDbEntity
  8
VISTA
100
AcDbPolyline
 90
41
 70
1
 10
1137.475961735442
 20
-0.23173923903666427
 10
1137.47583
 20
-0.231895
 10
1137.4752240582316
 20
-0.23379678109273902
 10
1137.475
 20
-0.2345
 10
1137.475
 20
-0.286333572969087
 10
1137.475
 20
-0.3055
 10
1137.4756059417684
 20
-0.307401781092739
 10
1137.47583
 20
-0.308105
 10
1137.4761862645578
 20
-0.30852623903666426
 10
1137.476318
 20
-0.308682
 10
1137.4767385089863
 20
-0.30903753450754856
 10
1137.476894
 20
-0.309169
 10
1137.4787965111432
 20
-0.30977567181883536
 10
1137.4795
 20
-0.31
 10
1138.2394823867721
 20
-0.31
 10
1138.5205
 20
-0.31
 10
1138.5224025111431
 20
-0.30939332818116466
 10
1138.523106
 20
-0.309169
 10
1138.5235265089864
 20
-0.3088134654924515
 10
1138.523682
 20
-0.308682
 10
1138.5238137354422
 20
-0.30852623903666426
 10
1138.52417
 20
-0.308105
 10
1138.5243940582316
 20
-0.307401781092739
 10
1138.525
 20
-0.3055
 10
1138.525
 20
-0.286333572969087
 10
1138.525
 20
-0.2345
 10
1138.5247759417684
 20
-0.23379678109273902
 10
1138.52417
 20
-0.231895
 10
1138.524038264558
 20
-0.23173923903666427
 10
1138.523682
 20
-0.231318
 10
1138.5235265089864
 20
-0.23118653450754853
 10
1138.523106
 20
-0.230831
 10
1138.5224025111431
 20
-0.23060667181883537
 10
1138.5205
 20
-0.23
 10
1138.2394823867721
 20
-0.23
 10
1137.4795
 20
-0.23
 10
1137.4787965111432
 20
-0.23022432818116464
 10
1137.476894
 20
-0.230831
 10
1137.4767385089863
 20
-0.23096246549245147
 10
1137.476318
 20
-0.231318
 10
1137.475961735442
 20
-0.23173923903666427
  0
LWPOLYLINE
  5
204
330
17
100
AcDbEntity
  8
VISTA
100
AcDbPolyline
 90
41
 70
1
 10
1139.475961735442
 20
-0.23173923903666427
 10
1139.47583
 20
-0.231895
 10
1139.4752240582316
 20
-0.23379678109273902
 10
1139.475
 20
-0.2345
 10
1139.475
 20
-0.286333572969087
 10
1139.475
 20
-0.3055
 10
1139.4756059417684
 20
-0.307401781092739
 10
1139.47583
 20
-0.308105
 10
1139.4761862645578
 20
-0.30852623903666426
 10
1139.476318
 20
-0.308682
 10
1139.4767385089863
 20
-0.30903753450754856
 10
1139.476894
 20
-0.309169
 10
1139.4787965111432
 20
-0.30977567181883536
 10
1139.4795
 20
-0.31
 10
1140.2394823867721
 20
-0.31
 10
1140.5205
 20
-0.31
 10
1140.5224025111431
 20
-0.30939332818116466
 10
1140.523106
 20
-0.309169
 10
1140.5235265089864
 20
-0.3088134654924515
 10
1140.523682
 20
-0.308682
 10
1140.5238137354422
 20
-0.30852623903666426
 10
1140.52417
 20
-0.308105
 10
1140.5243940582316
 20
-0.307401781092739
 10
1140.525
 20
-0.3055
 10
1140.525
 20
-0.286333572969087
 10
1140.525
 20
-0.2345
 10
1140.5247759417684
 20
-0.23379678109273902
 10
1140.52417
 20
-0.231895
 10
1140.524038264558
 20
-0.23173923903666427
 10
1140.523682
 20
-0.231318
 10
1140.5235265089864
 20
-0.23118653450754853
 10
1140.523106
 20
-0.230831
 10
1140.5224025111431
 20
-0.23060667181883537
 10
1140.5205
 20
-0.23
 10
1140.2394823867721
 20
-0.23
 10
1139.4795
 20
-0.23
 10
1139.4787965111432
 20
-0.23022432818116464
 10
1139.476894
 20
-0.230831
 10
1139.4767385089863
 20
-0.23096246549245147
 10
1139.476318
 20
-0.231318
 10
1139.475961735442
 20
-0.23173923903666427
  0
LWPOLYLINE
  5
205
330
17
100
AcDbEntity
  8
VISTA
100
AcDbPolyline
 90
41
 70
1
 10
1141.6409768108651
 20
-1.126722596579477
 10
1141.640831
 20
-1.126895
 10
1141.6402475955733
 20
-1.1287216448692152
 10
1141.639999
 20
-1.1295
 10
1141.639999
 20
-1.9295774647887325
 10
1141.639999
 20
-2.2705
 10
1141.6405824044266
 20
-2.2723266448692154
 10
1141.640831
 20
-2.273105
 10
1141.6411731891349
 20
-2.2735095965794767
 10
1141.641319
 20
-2.273682
 10
1141.6417228953721
 20
-2.2740234879275656
 10
1141.641895
 20
-2.274169
 10
1141.6437223460764
 20
-2.274751703219316
 10
1141.644501
 20
-2.275
 10
1141.6942860130785
 20
-2.275
 10
1141.7155
 20
-2.275
 10
1141.7173266448692
 20
-2.274417296780684
 10
1141.718105
 20
-2.274169
 10
1141.7185088953722
 20
-2.2738275120724345
 10
1141.718681
 20
-2.273682
 10
1141.718827109658
 20
-2.2735095965794767
 10
1141.71917
 20
-2.273105
 10
1141.7194182967808
 20
-2.2723266448692154
 10
1141.720001
 20
-2.2705
 10
1141.720001
 20
-1.9295774647887325
 10
1141.720001
 20
-1.1295
 10
1141.7197527032192
 20
-1.1287216448692152
 10
1141.71917
 20
-1.126895
 10
1141.719023890342
 20
-1.126722596579477
 10
1141.718681
 20
-1.126318
 10
1141.7185088953722
 20
-1.1261724879275654
 10
1141.718105
 20
-1.125831
 10
1141.7173266448692
 20
-1.125582703219316
 10
1141.7155
 20
-1.125
 10
1141.6942860130785
 20
-1.125
 10
1141.644501
 20
-1.125
 10
1141.6437223460764
 20
-1.125248296780684
 10
1141.641895
 20
-1.125831
 10
1141.6417228953721
 20
-1.1259765120724345
 10
1141.641319
 20
-1.126318
 10
1141.6409768108651
 20
-1.126722596579477
  0
LWPOLYLINE
  5
206
330
17
100
AcDbEntity
  8
VISTA
100
AcDbPolyline
 90
41
 70
1
 10
1141.6409768108651
 20
-3.626722596579477
 10
1141.640831
 20
-3.626895
 10
1141.6402475955733
 20
-3.6287216448692154
 10
1141.639999
 20
-3.6295
 10
1141.639999
 20
-4.429577464788732
 10
1141.639999
 20
-4.7705
 10
1141.6405824044266
 20
-4.772326644869215
 10
1141.640831
 20
-4.773105
 10
1141.6411731891349
 20
-4.773509596579477
 10
1141.641319
 20
-4.773682
 10
1141.6417228953721
 20
-4.774023487927566
 10
1141.641895
 20
-4.774169
 10
1141.6437223460764
 20
-4.774751703219316
 10
1141.644501
 20
-4.775
 10
1141.6942860130785
 20
-4.775
 10
1141.7155
 20
-4.775
 10
1141.7173266448692
 20
-4.774417296780684
 10
1141.718105
 20
-4.774169
 10
1141.7185088953722
 20
-4.773827512072434
 10
1141.718681
 20
-4.773682
 10
1141.718827109658
 20
-4.773509596579477
 10
1141.71917
 20
-4.773105
 10
1141.7194182967808
 20
-4.772326644869215
 10
1141.720001
 20
-4.7705
 10
1141.720001
 20
-4.429577464788732
 10
1141.720001
 20
-3.6295
 10
1141.7197527032192
 20
-3.6287216448692154
 10
1141.71917
 20
-3.626895
 10
1141.719023890342
 20
-3.626722596579477
 10
1141.718681
 20
-3.626318
 10
1141.7185088953722
 20
-3.6261724879275654
 10
1141.718105
 20
-3.625831
 10
1141.7173266448692
 20
-3.6255827032193157
 10
1141.7155
 20
-3.625
 10
1141.6942860130785
 20
-3.625
 10
1141.644501
 20
-3.625
 10
1141.6437223460764
 20
-3.625248296780684
 10
1141.641895
 20
-3.625831
 10
1141.6417228953721
 20
-3.6259765120724343
 10
1141.641319
 20
-3.626318
 10
1141.6409768108651
 20
-3.626722596579477
  0
LINE
  5
207
330
17
100
AcDbEntity
  8
VISTA
100
AcDbLine
 10
1134.7
 20
-0.48
 30
0.0
 11
1134.697914682927
 21
-0.4985073780487805
 31
0.0
  0
LINE
  5
208
330
17
100
AcDbEntity
  8
VISTA
100
AcDbLine
 10
1134.697914682927
 20
-0.4985073780487805
 30
0.0
 11
1134.694484
 21
-0.528955
 31
0.0
  0
LINE
  5
209
330
17
100
AcDbEntity
  8
VISTA
100
AcDbLine
 10
1134.694484
 20
-0.528955
 30
0.0
 11
1134.6883327682926
 21
-0.5465338902439024
 31
0.0
  0
LINE
  5
20A
330
17
100
AcDbEntity
  8
VISTA
100
AcDbLine
 10
1134.6883327682926
 20
-0.5465338902439024
 30
0.0
 11
1134.678213
 21
-0.575454
 31
0.0
  0
LINE
  5
20B
330
17
100
AcDbEntity
  8
VISTA
100
AcDbLine
 10
1134.678213
 20
-0.575454
 30
0.0
 11
1134.6683039634147
 21
-0.5912239268292683
 31
0.0
  0
LINE
  5
20C
330
17
100
AcDbEntity
  8
VISTA
100
AcDbLine
 10
1134.6683039634147
 20
-0.5912239268292683
 30
0.0
 11
1134.652002
 21
-0.617168
 31
0.0
  0
LINE
  5
20D
330
17
100
AcDbEntity
  8
VISTA
100
AcDbLine
 10
1134.652002
 20
-0.617168
 30
0.0
 11
1134.6388326707317
 21
-0.6303373292682927
 31
0.0
  0
LINE
  5
20E
330
17
100
AcDbEntity
  8
VISTA
100
AcDbLine
 10
1134.6388326707317
 20
-0.6303373292682927
 30
0.0
 11
1134.617167
 21
-0.652003
 31
0.0
  0
LINE
  5
20F
330
17
100
AcDbEntity
  8
VISTA
100
AcDbLine
 10
1134.617167
 20
-0.652003
 30
0.0
 11
1134.6013974512196
 21
-0.6619116585365854
 31
0.0
  0
LINE
  5
210
330
17
100
AcDbEntity
  8
VISTA
100
AcDbLine
 10
1134.6013974512196
 20
-0.6619116585365854
 30
0.0
 11
1134.575454
 21
-0.678213
 31
0.0
  0
LINE
  5
211
330
17
100
AcDbEntity
  8
VISTA
100
AcDbLine
 10
1134.575454
 20
-0.678213
 30
0.0
 11
1134.5578751097562
 21
-0.6843642317073171
 31
0.0
  0
LINE
  5
212
330
17
100
AcDbEntity
  8
VISTA
100
AcDbLine
 10
1134.5578751097562
 20
-0.6843642317073171
 30
0.0
 11
1134.528955
 21
-0.694484
 31
0.0
  0
LINE
  5
213
330
17
100
AcDbEntity
  8
VISTA
100
AcDbLine
 10
1134.528955
 20
-0.694484
 30
0.0
 11
1134.5104476219512
 21
-0.6965693170731707
 31
0.0
  0
LINE
  5
214
330
17
100
AcDbEntity
  8
VISTA
100
AcDbLine
 10
1134.5104476219512
 20
-0.6965693170731707
 30
0.0
 11
1134.48
 21
-0.7
 31
0.0
  0
LINE
  5
215
330
17
100
AcDbEntity
  8
VISTA
100
AcDbLine
 10
1134.48
 20
-0.7
 30
0.0
 11
1134.4614926219513
 21
-0.6979146829268292
 31
0.0
  0
LINE
  5
216
330
17
100
AcDbEntity
  8
VISTA
100
AcDbLine
 10
1134.4614926219513
 20
-0.6979146829268292
 30
0.0
 11
1134.431045
 21
-0.694484
 31
0.0
  0
LINE
  5
217
330
17
100
AcDbEntity
  8
VISTA
100
AcDbLine
 10
1134.431045
 20
-0.694484
 30
0.0
 11
1134.4134657317072
 21
-0.6883327682926829
 31
0.0
  0
LINE
  5
218
330
17
100
AcDbEntity
  8
VISTA
100
AcDbLine
 10
1134.4134657317072
 20
-0.6883327682926829
 30
0.0
 11
1134.384545
 21
-0.678213
 31
0.0
  0
LINE
  5
219
330
17
100
AcDbEntity
  8
VISTA
100
AcDbLine
 10
1134.384545
 20
-0.678213
 30
0.0
 11
1134.3687754512196
 21
-0.6683043414634146
 31
0.0
  0
LINE
  5
21A
330
17
100
AcDbEntity
  8
VISTA
100
AcDbLine
 10
1134.3687754512196
 20
-0.6683043414634146
 30
0.0
 11
1134.342832
 21
-0.652003
 31
0.0
  0
LINE
  5
21B
330
17
100
AcDbEntity
  8
VISTA
100
AcDbLine
 10
1134.342832
 20
-0.652003
 30
0.0
 11
1134.3296626707318
 21
-0.6388336707317074
 31
0.0
  0
LINE
  5
21C
330
17
100
AcDbEntity
  8
VISTA
100
AcDbLine
 10
1134.3296626707318
 20
-0.6388336707317074
 30
0.0
 11
1134.307997
 21
-0.617168
 31
0.0
  0
LINE
  5
21D
330
17
100
AcDbEntity
  8
VISTA
100
AcDbLine
 10
1134.307997
 20
-0.617168
 30
0.0
 11
1134.2980879634147
 21
-0.6013980731707318
 31
0.0
  0
LINE
  5
21E
330
17
100
AcDbEntity
  8
VISTA
100
AcDbLine
 10
1134.2980879634147
 20
-0.6013980731707318
 30
0.0
 11
1134.281786
 21
-0.575454
 31
0.0
  0
LINE
  5
21F
330
17
100
AcDbEntity
  8
VISTA
100
AcDbLine
 10
1134.281786
 20
-0.575454
 30
0.0
 11
1134.2756347682928
 21
-0.5578751097560976
 31
0.0
  0
LINE
  5
220
330
17
100
AcDbEntity
  8
VISTA
100
AcDbLine
 10
1134.2756347682928
 20
-0.5578751097560976
 30
0.0
 11
1134.265515
 21
-0.528955
 31
0.0
  0
LINE
  5
221
330
17
100
AcDbEntity
  8
VISTA
100
AcDbLine
 10
1134.265515
 20
-0.528955
 30
0.0
 11
1134.263429682927
 21
-0.5104476219512195
 31
0.0
  0
LINE
  5
222
330
17
100
AcDbEntity
  8
VISTA
100
AcDbLine
 10
1134.263429682927
 20
-0.5104476219512195
 30
0.0
 11
1134.259999
 21
-0.48
 31
0.0
  0
LINE
  5
223
330
17
100
AcDbEntity
  8
VISTA
100
AcDbLine
 10
1134.259999
 20
-0.48
 30
0.0
 11
1134.2620843170732
 21
-0.4614926219512195
 31
0.0
  0
LINE
  5
224
330
17
100
AcDbEntity
  8
VISTA
100
AcDbLine
 10
1134.2620843170732
 20
-0.4614926219512195
 30
0.0
 11
1134.265515
 21
-0.431045
 31
0.0
  0
LINE
  5
225
330
17
100
AcDbEntity
  8
VISTA
100
AcDbLine
 10
1134.265515
 20
-0.431045
 30
0.0
 11
1134.2716662317073
 21
-0.41346610975609754
 31
0.0
  0
LINE
  5
226
330
17
100
AcDbEntity
  8
VISTA
100
AcDbLine
 10
1134.2716662317073
 20
-0.41346610975609754
 30
0.0
 11
1134.281786
 21
-0.384546
 31
0.0
  0
LINE
  5
227
330
17
100
AcDbEntity
  8
VISTA
100
AcDbLine
 10
1134.281786
 20
-0.384546
 30
0.0
 11
1134.2916950365855
 21
-0.3687760731707317
 31
0.0
  0
LINE
  5
228
330
17
100
AcDbEntity
  8
VISTA
100
AcDbLine
 10
1134.2916950365855
 20
-0.3687760731707317
 30
0.0
 11
1134.307997
 21
-0.342832
 31
0.0
  0
LINE
  5
229
330
17
100
AcDbEntity
  8
VISTA
100
AcDbLine
 10
1134.307997
 20
-0.342832
 30
0.0
 11
1134.3211663292682
 21
-0.32966267073170735
 31
0.0
  0
LINE
  5
22A
330
17
100
AcDbEntity
  8
VISTA
100
AcDbLine
 10
1134.3211663292682
 20
-0.32966267073170735
 30
0.0
 11
1134.342832
 21
-0.307997
 31
0.0
  0
LINE
  5
22B
330
17
100
AcDbEntity
  8
VISTA
100
AcDbLine
 10
1134.342832
 20
-0.307997
 30
0.0
 11
1134.3586015487806
 21
-0.2980883414634147
 31
0.0
  0
LINE
  5
22C
330
17
100
AcDbEntity
  8
VISTA
100
AcDbLine
 10
1134.3586015487806
 20
-0.2980883414634147
 30
0.0
 11
1134.384545
 21
-0.281787
 31
0.0
  0
LINE
  5
22D
330
17
100
AcDbEntity
  8
VISTA
100
AcDbLine
 10
1134.384545
 20
-0.281787
 30
0.0
 11
1134.4021242682927
 21
-0.27563576829268294
 31
0.0
  0
LINE
  5
22E
330
17
100
AcDbEntity
  8
VISTA
100
AcDbLine
 10
1134.4021242682927
 20
-0.27563576829268294
 30
0.0
 11
1134.431045
 21
-0.265516
 31
0.0
  0
LINE
  5
22F
330
17
100
AcDbEntity
  8
VISTA
100
AcDbLine
 10
1134.431045
 20
-0.265516
 30
0.0
 11
1134.4495523780488
 21
-0.26343068292682925
 31
0.0
  0
LINE
  5
230
330
17
100
AcDbEntity
  8
VISTA
100
AcDbLine
 10
1134.4495523780488
 20
-0.26343068292682925
 30
0.0
 11
1134.48
 21
-0.26
 31
0.0
  0
LINE
  5
231
330
17
100
AcDbEntity
  8
VISTA
100
AcDbLine
 10
1134.48
 20
-0.26
 30
0.0
 11
1134.4985073780488
 21
-0.26208531707317073
 31
0.0
  0
LINE
  5
232
330
17
100
AcDbEntity
  8
VISTA
100
AcDbLine
 10
1134.4985073780488
 20
-0.26208531707317073
 30
0.0
 11
1134.528955
 21
-0.265516
 31
0.0
  0
LINE
  5
233
330
17
100
AcDbEntity
  8
VISTA
100
AcDbLine
 10
1134.528955
 20
-0.265516
 30
0.0
 11
1134.5465338902438
 21
-0.27166723170731705
 31
0.0
  0
LINE
  5
234
330
17
100
AcDbEntity
  8
VISTA
100
AcDbLine
 10
1134.5465338902438
 20
-0.27166723170731705
 30
0.0
 11
1134.575454
 21
-0.281787
 31
0.0
  0
LINE
  5
235
330
17
100
AcDbEntity
  8
VISTA
100
AcDbLine
 10
1134.575454
 20
-0.281787
 30
0.0
 11
1134.5912235487806
 21
-0.29169565853658536
 31
0.0
  0
LINE
  5
236
330
17
100
AcDbEntity
  8
VISTA
100
AcDbLine
 10
1134.5912235487806
 20
-0.2916956585365854
 30
0.0
 11
1134.617167
 21
-0.307997
 31
0.0
  0
LINE
  5
237
330
17
100
AcDbEntity
  8
VISTA
100
AcDbLine
 10
1134.617167
 20
-0.307997
 30
0.0
 11
1134.6303363292684
 21
-0.3211663292682927
 31
0.0
  0
LINE
  5
238
330
17
100
AcDbEntity
  8
VISTA
100
AcDbLine
 10
1134.6303363292684
 20
-0.3211663292682927
 30
0.0
 11
1134.652002
 21
-0.342832
 31
0.0
  0
LINE
  5
239
330
17
100
AcDbEntity
  8
VISTA
100
AcDbLine
 10
1134.652002
 20
-0.342832
 30
0.0
 11
1134.6619110365855
 21
-0.35860192682926834
 31
0.0
  0
LINE
  5
23A
330
17
100
AcDbEntity
  8
VISTA
100
AcDbLine
 10
1134.6619110365855
 20
-0.35860192682926834
 30
0.0
 11
1134.678213
 21
-0.384546
 31
0.0
  0
LINE
  5
23B
330
17
100
AcDbEntity
  8
VISTA
100
AcDbLine
 10
1134.678213
 20
-0.384546
 30
0.0
 11
1134.6843642317074
 21
-0.40212489024390247
 31
0.0
  0
LINE
  5
23C
330
17
100
AcDbEntity
  8
VISTA
100
AcDbLine
 10
1134.6843642317074
 20
-0.40212489024390247
 30
0.0
 11
1134.694484
 21
-0.431045
 31
0.0
  0
LINE
  5
23D
330
17
100
AcDbEntity
  8
VISTA
100
AcDbLine
 10
1134.694484
 20
-0.431045
 30
0.0
 11
1134.6965693170732
 21
-0.4495523780487805
 31
0.0
  0
LINE
  5
23E
330
17
100
AcDbEntity
  8
VISTA
100
AcDbLine
 10
1134.6965693170732
 20
-0.4495523780487805
 30
0.0
 11
1134.7
 21
-0.48
 31
0.0
  0
LINE
  5
23F
330
17
100
AcDbEntity
  8
VISTA
100
AcDbLine
 10
1141.74
 20
-0.48
 30
0.0
 11
1141.7379146829269
 21
-0.4985073780487805
 31
0.0
  0
LINE
  5
240
330
17
100
AcDbEntity
  8
VISTA
100
AcDbLine
 10
1141.7379146829269
 20
-0.4985073780487805
 30
0.0
 11
1141.734484
 21
-0.528955
 31
0.0
  0
LINE
  5
241
330
17
100
AcDbEntity
  8
VISTA
100
AcDbLine
 10
1141.734484
 20
-0.528955
 30
0.0
 11
1141.7283331463414
 21
-0.5465338902439024
 31
0.0
  0
LINE
  5
242
330
17
100
AcDbEntity
  8
VISTA
100
AcDbLine
 10
1141.7283331463414
 20
-0.5465338902439024
 30
0.0
 11
1141.718214
 21
-0.575454
 31
0.0
  0
LINE
  5
243
330
17
100
AcDbEntity
  8
VISTA
100
AcDbLine
 10
1141.718214
 20
-0.575454
 30
0.0
 11
1141.7083049634145
 21
-0.5912239268292683
 31
0.0
  0
LINE
  5
244
330
17
100
AcDbEntity
  8
VISTA
100
AcDbLine
 10
1141.7083049634145
 20
-0.5912239268292683
 30
0.0
 11
1141.692003
 21
-0.617168
 31
0.0
  0
LINE
  5
245
330
17
100
AcDbEntity
  8
VISTA
100
AcDbLine
 10
1141.692003
 20
-0.617168
 30
0.0
 11
1141.6788332926828
 21
-0.6303373292682927
 31
0.0
  0
LINE
  5
246
330
17
100
AcDbEntity
  8
VISTA
100
AcDbLine
 10
1141.6788332926828
 20
-0.6303373292682927
 30
0.0
 11
1141.657167
 21
-0.652003
 31
0.0
  0
LINE
  5
247
330
17
100
AcDbEntity
  8
VISTA
100
AcDbLine
 10
1141.657167
 20
-0.652003
 30
0.0
 11
1141.641398207317
 21
-0.6619116585365854
 31
0.0
  0
LINE
  5
248
330
17
100
AcDbEntity
  8
VISTA
100
AcDbLine
 10
1141.641398207317
 20
-0.6619116585365854
 30
0.0
 11
1141.615456
 21
-0.678213
 31
0.0
  0
LINE
  5
249
330
17
100
AcDbEntity
  8
VISTA
100
AcDbLine
 10
1141.615456
 20
-0.678213
 30
0.0
 11
1141.5978759756097
 21
-0.6843642317073171
 31
0.0
  0
LINE
  5
24A
330
17
100
AcDbEntity
  8
VISTA
100
AcDbLine
 10
1141.5978759756097
 20
-0.6843642317073171
 30
0.0
 11
1141.568954
 21
-0.694484
 31
0.0
  0
LINE
  5
24B
330
17
100
AcDbEntity
  8
VISTA
100
AcDbLine
 10
1141.568954
 20
-0.694484
 30
0.0
 11
1141.550447
 21
-0.6965693170731707
 31
0.0
  0
LINE
  5
24C
330
17
100
AcDbEntity
  8
VISTA
100
AcDbLine
 10
1141.550447
 20
-0.6965693170731707
 30
0.0
 11
1141.52
 21
-0.7
 31
0.0
  0
LINE
  5
24D
330
17
100
AcDbEntity
  8
VISTA
100
AcDbLine
 10
1141.52
 20
-0.7
 30
0.0
 11
1141.501493
 21
-0.6979146829268292
 31
0.0
  0
LINE
  5
24E
330
17
100
AcDbEntity
  8
VISTA
100
AcDbLine
 10
1141.501493
 20
-0.6979146829268292
 30
0.0
 11
1141.4710460000001
 21
-0.694484
 31
0.0
  0
LINE
  5
24F
330
17
100
AcDbEntity
  8
VISTA
100
AcDbLine
 10
1141.4710460000001
 20
-0.694484
 30
0.0
 11
1141.4534663536585
 21
-0.6883327682926829
 31
0.0
  0
LINE
  5
250
330
17
100
AcDbEntity
  8
VISTA
100
AcDbLine
 10
1141.4534663536585
 20
-0.6883327682926829
 30
0.0
 11
1141.424545
 21
-0.678213
 31
0.0
  0
LINE
  5
251
330
17
100
AcDbEntity
  8
VISTA
100
AcDbLine
 10
1141.424545
 20
-0.678213
 30
0.0
 11
1141.4087758292683
 21
-0.6683043414634146
 31
0.0
  0
LINE
  5
252
330
17
100
AcDbEntity
  8
VISTA
100
AcDbLine
 10
1141.4087758292683
 20
-0.6683043414634146
 30
0.0
 11
1141.382833
 21
-0.652003
 31
0.0
  0
LINE
  5
253
330
17
100
AcDbEntity
  8
VISTA
100
AcDbLine
 10
1141.382833
 20
-0.652003
 30
0.0
 11
1141.3696636707316
 21
-0.6388336707317074
 31
0.0
  0
LINE
  5
254
330
17
100
AcDbEntity
  8
VISTA
100
AcDbLine
 10
1141.3696636707316
 20
-0.6388336707317074
 30
0.0
 11
1141.347998
 21
-0.617168
 31
0.0
  0
LINE
  5
255
330
17
100
AcDbEntity
  8
VISTA
100
AcDbLine
 10
1141.347998
 20
-0.617168
 30
0.0
 11
1141.3380889634145
 21
-0.6013980731707318
 31
0.0
  0
LINE
  5
256
330
17
100
AcDbEntity
  8
VISTA
100
AcDbLine
 10
1141.3380889634145
 20
-0.6013980731707318
 30
0.0
 11
1141.321787
 21
-0.575454
 31
0.0
  0
LINE
  5
257
330
17
100
AcDbEntity
  8
VISTA
100
AcDbLine
 10
1141.321787
 20
-0.575454
 30
0.0
 11
1141.3156361463414
 21
-0.5578751097560976
 31
0.0
  0
LINE
  5
258
330
17
100
AcDbEntity
  8
VISTA
100
AcDbLine
 10
1141.3156361463414
 20
-0.5578751097560976
 30
0.0
 11
1141.305517
 21
-0.528955
 31
0.0
  0
LINE
  5
259
330
17
100
AcDbEntity
  8
VISTA
100
AcDbLine
 10
1141.305517
 20
-0.528955
 30
0.0
 11
1141.3034316829269
 21
-0.5104476219512195
 31
0.0
  0
LINE
  5
25A
330
17
100
AcDbEntity
  8
VISTA
100
AcDbLine
 10
1141.3034316829269
 20
-0.5104476219512195
 30
0.0
 11
1141.300001
 21
-0.48
 31
0.0
  0
LINE
  5
25B
330
17
100
AcDbEntity
  8
VISTA
100
AcDbLine
 10
1141.300001
 20
-0.48
 30
0.0
 11
1141.3020863170732
 21
-0.4614926219512195
 31
0.0
  0
LINE
  5
25C
330
17
100
AcDbEntity
  8
VISTA
100
AcDbLine
 10
1141.3020863170732
 20
-0.4614926219512195
 30
0.0
 11
1141.305517
 21
-0.431045
 31
0.0
  0
LINE
  5
25D
330
17
100
AcDbEntity
  8
VISTA
100
AcDbLine
 10
1141.305517
 20
-0.431045
 30
0.0
 11
1141.3116678536585
 21
-0.41346610975609754
 31
0.0
  0
LINE
  5
25E
330
17
100
AcDbEntity
  8
VISTA
100
AcDbLine
 10
1141.3116678536585
 20
-0.41346610975609754
 30
0.0
 11
1141.321787
 21
-0.384546
 31
0.0
  0
LINE
  5
25F
330
17
100
AcDbEntity
  8
VISTA
100
AcDbLine
 10
1141.321787
 20
-0.384546
 30
0.0
 11
1141.3316960365853
 21
-0.3687760731707317
 31
0.0
  0
LINE
  5
260
330
17
100
AcDbEntity
  8
VISTA
100
AcDbLine
 10
1141.3316960365853
 20
-0.3687760731707317
 30
0.0
 11
1141.347998
 21
-0.342832
 31
0.0
  0
LINE
  5
261
330
17
100
AcDbEntity
  8
VISTA
100
AcDbLine
 10
1141.347998
 20
-0.342832
 30
0.0
 11
1141.3611673292683
 21
-0.32966267073170735
 31
0.0
  0
LINE
  5
262
330
17
100
AcDbEntity
  8
VISTA
100
AcDbLine
 10
1141.3611673292683
 20
-0.32966267073170735
 30
0.0
 11
1141.382833
 21
-0.307997
 31
0.0
  0
LINE
  5
263
330
17
100
AcDbEntity
  8
VISTA
100
AcDbLine
 10
1141.382833
 20
-0.307997
 30
0.0
 11
1141.3986021707317
 21
-0.2980883414634147
 31
0.0
  0
LINE
  5
264
330
17
100
AcDbEntity
  8
VISTA
100
AcDbLine
 10
1141.3986021707317
 20
-0.2980883414634147
 30
0.0
 11
1141.424545
 21
-0.281787
 31
0.0
  0
LINE
  5
265
330
17
100
AcDbEntity
  8
VISTA
100
AcDbLine
 10
1141.424545
 20
-0.281787
 30
0.0
 11
1141.4421246463414
 21
-0.27563576829268294
 31
0.0
  0
LINE
  5
266
330
17
100
AcDbEntity
  8
VISTA
100
AcDbLine
 10
1141.4421246463414
 20
-0.27563576829268294
 30
0.0
 11
1141.4710460000001
 21
-0.265516
 31
0.0
  0
LINE
  5
267
330
17
100
AcDbEntity
  8
VISTA
100
AcDbLine
 10
1141.4710460000001
 20
-0.265516
 30
0.0
 11
1141.489553
 21
-0.26343068292682925
 31
0.0
  0
LINE
  5
268
330
17
100
AcDbEntity
  8
VISTA
100
AcDbLine
 10
1141.489553
 20
-0.26343068292682925
 30
0.0
 11
1141.52
 21
-0.26
 31
0.0
  0
LINE
  5
269
330
17
100
AcDbEntity
  8
VISTA
100
AcDbLine
 10
1141.52
 20
-0.26
 30
0.0
 11
1141.538507
 21
-0.26208531707317073
 31
0.0
  0
LINE
  5
26A
330
17
100
AcDbEntity
  8
VISTA
100
AcDbLine
 10
1141.538507
 20
-0.26208531707317073
 30
0.0
 11
1141.568954
 21
-0.265516
 31
0.0
  0
LINE
  5
26B
330
17
100
AcDbEntity
  8
VISTA
100
AcDbLine
 10
1141.568954
 20
-0.265516
 30
0.0
 11
1141.5865340243902
 21
-0.27166723170731705
 31
0.0
  0
LINE
  5
26C
330
17
100
AcDbEntity
  8
VISTA
100
AcDbLine
 10
1141.5865340243902
 20
-0.27166723170731705
 30
0.0
 11
1141.615456
 21
-0.281787
 31
0.0
  0
LINE
  5
26D
330
17
100
AcDbEntity
  8
VISTA
100
AcDbLine
 10
1141.615456
 20
-0.281787
 30
0.0
 11
1141.6312247926828
 21
-0.29169565853658536
 31
0.0
  0
LINE
  5
26E
330
17
100
AcDbEntity
  8
VISTA
100
AcDbLine
 10
1141.6312247926828
 20
-0.2916956585365854
 30
0.0
 11
1141.657167
 21
-0.307997
 31
0.0
  0
LINE
  5
26F
330
17
100
AcDbEntity
  8
VISTA
100
AcDbLine
 10
1141.657167
 20
-0.307997
 30
0.0
 11
1141.6703367073171
 21
-0.3211663292682927
 31
0.0
  0
LINE
  5
270
330
17
100
AcDbEntity
  8
VISTA
100
AcDbLine
 10
1141.6703367073171
 20
-0.3211663292682927
 30
0.0
 11
1141.692003
 21
-0.342832
 31
0.0
  0
LINE
  5
271
330
17
100
AcDbEntity
  8
VISTA
100
AcDbLine
 10
1141.692003
 20
-0.342832
 30
0.0
 11
1141.7019120365853
 21
-0.35860192682926834
 31
0.0
  0
LINE
  5
272
330
17
100
AcDbEntity
  8
VISTA
100
AcDbLine
 10
1141.7019120365853
 20
-0.35860192682926834
 30
0.0
 11
1141.718214
 21
-0.384546
 31
0.0
  0
LINE
  5
273
330
17
100
AcDbEntity
  8
VISTA
100
AcDbLine
 10
1141.718214
 20
-0.384546
 30
0.0
 11
1141.7243648536585
 21
-0.40212489024390247
 31
0.0
  0
LINE
  5
274
330
17
100
AcDbEntity
  8
VISTA
100
AcDbLine
 10
1141.7243648536585
 20
-0.40212489024390247
 30
0.0
 11
1141.734484
 21
-0.431045
 31
0.0
  0
LINE
  5
275
330
17
100
AcDbEntity
  8
VISTA
100
AcDbLine
 10
1141.734484
 20
-0.431045
 30
0.0
 11
1141.7365693170732
 21
-0.4495523780487805
 31
0.0
  0
LINE
  5
276
330
17
100
AcDbEntity
  8
VISTA
100
AcDbLine
 10
1141.7365693170732
 20
-0.4495523780487805
 30
0.0
 11
1141.74
 21
-0.48
 31
0.0
  0
LWPOLYLINE
  5
277
330
17
100
AcDbEntity
  8
VISTA
100
AcDbPolyline
 90
41
 70
1
 10
1135.155942370104
 20
-5.6917633185451635
 10
1135.155831
 20
-5.691895
 10
1135.1551904204637
 20
-5.693905493605116
 10
1135.155001
 20
-5.6945
 10
1135.155001
 20
-5.749296562749801
 10
1135.155001
 20
-5.7655
 10
1135.1556415795365
 20
-5.7675104936051165
 10
1135.155831
 20
-5.768105
 10
1135.156207629896
 20
-5.768550318545164
 10
1135.156319
 20
-5.768682
 10
1135.1567635467627
 20
-5.769057858113509
 10
1135.156895
 20
-5.769169
 10
1135.158905493605
 20
-5.769810351318944
 10
1135.1595
 20
-5.77
 10
1135.9629256594724
 20
-5.77
 10
1136.2005
 20
-5.77
 10
1136.2025112653878
 20
-5.769358648681055
 10
1136.203106
 20
-5.769169
 10
1136.2035505467627
 20
-5.768793141886491
 10
1136.203682
 20
-5.768682
 10
1136.203793370104
 20
-5.768550318545164
 10
1136.20417
 20
-5.768105
 10
1136.2043594204636
 20
-5.7675104936051165
 10
1136.205
 20
-5.7655
 10
1136.205
 20
-5.749296562749801
 10
1136.205
 20
-5.6945
 10
1136.2048105795363
 20
-5.693905493605116
 10
1136.20417
 20
-5.691895
 10
1136.204058629896
 20
-5.6917633185451635
 10
1136.203682
 20
-5.691318
 10
1136.2035505467627
 20
-5.691206858113509
 10
1136.203106
 20
-5.690831
 10
1136.2025112653878
 20
-5.690641351318945
 10
1136.2005
 20
-5.69
 10
1135.9629256594724
 20
-5.69
 10
1135.1595
 20
-5.69
 10
1135.158905493605
 20
-5.690189648681056
 10
1135.156895
 20
-5.690831
 10
1135.1567635467627
 20
-5.690942141886491
 10
1135.156319
 20
-5.691318
 10
1135.155942370104
 20
-5.6917633185451635
  0
LWPOLYLINE
  5
278
330
17
100
AcDbEntity
  8
VISTA
100
AcDbPolyline
 90
41
 70
1
 10
1136.5759415983214
 20
-5.6917633185451635
 10
1136.57583
 20
-5.691895
 10
1136.5751901922463
 20
-5.693905493605116
 10
1136.575001
 20
-5.6945
 10
1136.575001
 20
-5.749296562749801
 10
1136.575001
 20
-5.7655
 10
1136.5756408077539
 20
-5.7675104936051165
 10
1136.57583
 20
-5.768105
 10
1136.5762074016786
 20
-5.768550318545164
 10
1136.576319
 20
-5.768682
 10
1136.5767635467625
 20
-5.769057858113509
 10
1136.576895
 20
-5.769169
 10
1136.5789054936051
 20
-5.769810351318944
 10
1136.5795
 20
-5.77
 10
1137.382926431255
 20
-5.77
 10
1137.620501
 20
-5.77
 10
1137.622511493605
 20
-5.769358648681055
 10
1137.623106
 20
-5.769169
 10
1137.6235505467625
 20
-5.768793141886491
 10
1137.623682
 20
-5.768682
 10
1137.6237933701038
 20
-5.768550318545164
 10
1137.62417
 20
-5.768105
 10
1137.6243594204636
 20
-5.7675104936051165
 10
1137.625
 20
-5.7655
 10
1137.625
 20
-5.749296562749801
 10
1137.625
 20
-5.6945
 10
1137.6248105795364
 20
-5.693905493605116
 10
1137.62417
 20
-5.691895
 10
1137.6240586298961
 20
-5.6917633185451635
 10
1137.623682
 20
-5.691318
 10
1137.6235505467625
 20
-5.691206858113509
 10
1137.623106
 20
-5.690831
 10
1137.622511493605
 20
-5.690641351318945
 10
1137.620501
 20
-5.69
 10
1137.382926431255
 20
-5.69
 10
1136.5795
 20
-5.69
 10
1136.5789054936051
 20
-5.690189648681056
 10
1136.576895
 20
-5.690831
 10
1136.5767635467625
 20
-5.690942141886491
 10
1136.576319
 20
-5.691318
 10
1136.5759415983214
 20
-5.6917633185451635
  0
LWPOLYLINE
  5
279
330
17
100
AcDbEntity
  8
VISTA
100
AcDbPolyline
 90
41
 70
1
 10
1138.1259413701039
 20
-5.6917633185451635
 10
1138.12583
 20
-5.691895
 10
1138.1251894204636
 20
-5.693905493605116
 10
1138.125
 20
-5.6945
 10
1138.125
 20
-5.749296562749801
 10
1138.125
 20
-5.7655
 10
1138.1256405795364
 20
-5.7675104936051165
 10
1138.12583
 20
-5.768105
 10
1138.1262066298962
 20
-5.768550318545164
 10
1138.126318
 20
-5.768682
 10
1138.1267625467626
 20
-5.769057858113509
 10
1138.126894
 20
-5.769169
 10
1138.1289044936052
 20
-5.769810351318944
 10
1138.129499
 20
-5.77
 10
1138.932925431255
 20
-5.77
 10
1139.1705
 20
-5.77
 10
1139.1725104936052
 20
-5.769358648681055
 10
1139.173105
 20
-5.769169
 10
1139.1735495467626
 20
-5.768793141886491
 10
1139.173681
 20
-5.768682
 10
1139.1737925983214
 20
-5.768550318545164
 10
1139.17417
 20
-5.768105
 10
1139.1743591922461
 20
-5.7675104936051165
 10
1139.174999
 20
-5.7655
 10
1139.174999
 20
-5.749296562749801
 10
1139.174999
 20
-5.6945
 10
1139.1748098077537
 20
-5.693905493605116
 10
1139.17417
 20
-5.691895
 10
1139.1740584016786
 20
-5.6917633185451635
 10
1139.173681
 20
-5.691318
 10
1139.1735495467626
 20
-5.691206858113509
 10
1139.173105
 20
-5.690831
 10
1139.1725104936052
 20
-5.690641351318945
 10
1139.1705
 20
-5.69
 10
1138.932925431255
 20
-5.69
 10
1138.129499
 20
-5.69
 10
1138.1289044936052
 20
-5.690189648681056
 10
1138.126894
 20
-5.690831
 10
1138.1267625467626
 20
-5.690942141886491
 10
1138.126318
 20
-5.691318
 10
1138.1259413701039
 20
-5.6917633185451635
  0
LWPOLYLINE
  5
27A
330
17
100
AcDbEntity
  8
VISTA
100
AcDbPolyline
 90
41
 70
1
 10
1139.675942370104
 20
-5.6917633185451635
 10
1139.675831
 20
-5.691895
 10
1139.6751904204637
 20
-5.693905493605116
 10
1139.675001
 20
-5.6945
 10
1139.675001
 20
-5.749296562749801
 10
1139.675001
 20
-5.7655
 10
1139.6756415795364
 20
-5.7675104936051165
 10
1139.675831
 20
-5.768105
 10
1139.676207629896
 20
-5.768550318545164
 10
1139.676319
 20
-5.768682
 10
1139.6767635467627
 20
-5.769057858113509
 10
1139.676895
 20
-5.769169
 10
1139.6789062653877
 20
-5.769810351318944
 10
1139.679501
 20
-5.77
 10
1140.4829266594725
 20
-5.77
 10
1140.720501
 20
-5.77
 10
1140.7225114936052
 20
-5.769358648681055
 10
1140.723106
 20
-5.769169
 10
1140.7235505467627
 20
-5.768793141886491
 10
1140.723682
 20
-5.768682
 10
1140.7237935983214
 20
-5.768550318545164
 10
1140.724171
 20
-5.768105
 10
1140.7243601922462
 20
-5.7675104936051165
 10
1140.725
 20
-5.7655
 10
1140.725
 20
-5.749296562749801
 10
1140.725
 20
-5.6945
 10
1140.7248108077538
 20
-5.693905493605116
 10
1140.724171
 20
-5.691895
 10
1140.7240594016787
 20
-5.6917633185451635
 10
1140.723682
 20
-5.691318
 10
1140.7235505467627
 20
-5.691206858113509
 10
1140.723106
 20
-5.690831
 10
1140.7225114936052
 20
-5.690641351318945
 10
1140.720501
 20
-5.69
 10
1140.4829266594725
 20
-5.69
 10
1139.679501
 20
-5.69
 10
1139.6789062653877
 20
-5.690189648681056
 10
1139.676895
 20
-5.690831
 10
1139.6767635467627
 20
-5.690942141886491
 10
1139.676319
 20
-5.691318
 10
1139.675942370104
 20
-5.6917633185451635
  0
LWPOLYLINE
  5
27B
330
17
100
AcDbEntity
  8
VISTA
100
AcDbPolyline
 90
41
 70
1
 10
1137.7158412914032
 20
-6.148743823640961
 10
1137.715647
 20
-6.148974
 10
1137.7153316795195
 20
-6.149961386852086
 10
1137.715
 20
-6.151
 10
1137.715
 20
-6.169519595448799
 10
1137.715
 20
-6.189
 10
1137.7153153204804
 20
-6.189987386852086
 10
1137.715647
 20
-6.191026
 10
1137.7158317085966
 20
-6.191244823640961
 10
1137.716026
 20
-6.191475
 10
1137.7162448236409
 20
-6.191659708596713
 10
1137.716475
 20
-6.191854
 10
1137.7174618994943
 20
-6.192168833122629
 10
1137.7185
 20
-6.1925
 10
1138.4997350006322
 20
-6.1925
 10
1139.321501
 20
-6.1925
 10
1139.3224878994943
 20
-6.192185166877371
 10
1139.323526
 20
-6.191854
 10
1139.323744823641
 20
-6.1916692914032865
 10
1139.323975
 20
-6.191475
 10
1139.3241692914032
 20
-6.191244823640961
 10
1139.324354
 20
-6.191026
 10
1139.3246856795197
 20
-6.189987386852086
 10
1139.325001
 20
-6.189
 10
1139.325001
 20
-6.169519595448799
 10
1139.325001
 20
-6.151
 10
1139.3246693204803
 20
-6.149961386852086
 10
1139.324354
 20
-6.148974
 10
1139.3241597085967
 20
-6.148743823640961
 10
1139.323975
 20
-6.148525
 10
1139.323744823641
 20
-6.148330708596713
 10
1139.323526
 20
-6.148146
 10
1139.3224878994943
 20
-6.147814833122629
 10
1139.321501
 20
-6.1475
 10
1138.4997350006322
 20
-6.1475
 10
1137.7185
 20
-6.1475
 10
1137.7174618994943
 20
-6.147831166877371
 10
1137.716475
 20
-6.148146
 10
1137.7162448236409
 20
-6.1483402914032865
 10
1137.716026
 20
-6.148525
 10
1137.7158412914032
 20
-6.148743823640961
  0
LWPOLYLINE
  5
27C
330
17
100
AcDbEntity
  8
VISTA
100
AcDbPolyline
 90
22
 70
1
 10
1137.7178402914033
 20
-6.181243823640961
 10
1137.717646
 20
-6.181474
 10
1137.7173306795196
 20
-6.182461386852086
 10
1137.716999
 20
-6.1835
 10
1137.716999
 20
-6.25
 10
1137.743
 20
-6.25
 10
1137.743
 20
-6.1835
 10
1137.7426683204803
 20
-6.182461386852086
 10
1137.742353
 20
-6.181474
 10
1137.7421587085967
 20
-6.181243823640961
 10
1137.741974
 20
-6.181025
 10
1137.741744336283
 20
-6.180830708596713
 10
1137.741526
 20
-6.180646
 10
1137.740487386852
 20
-6.18031483312263
 10
1137.7395
 20
-6.18
 10
1137.729759285082
 20
-6.18
 10
1137.720499
 20
-6.18
 10
1137.719460386852
 20
-6.18033116687737
 10
1137.718473
 20
-6.180646
 10
1137.7182433362832
 20
-6.180840291403287
 10
1137.718025
 20
-6.181025
 10
1137.7178402914033
 20
-6.181243823640961
  0
LWPOLYLINE
  5
27D
330
17
100
AcDbEntity
  8
VISTA
100
AcDbPolyline
 90
22
 70
1
 10
1138.2678412914033
 20
-6.181243823640961
 10
1138.267647
 20
-6.181474
 10
1138.2673316795197
 20
-6.182461386852086
 10
1138.267
 20
-6.1835
 10
1138.267
 20
-6.25
 10
1138.293001
 20
-6.25
 10
1138.293001
 20
-6.1835
 10
1138.2926698331225
 20
-6.182461386852086
 10
1138.292355
 20
-6.181474
 10
1138.2921601959545
 20
-6.181243823640961
 10
1138.291975
 20
-6.181025
 10
1138.2917453362832
 20
-6.180830708596713
 10
1138.291527
 20
-6.180646
 10
1138.290488386852
 20
-6.18031483312263
 10
1138.289501
 20
-6.18
 10
1138.2797602850821
 20
-6.18
 10
1138.2705
 20
-6.18
 10
1138.2694618994942
 20
-6.18033116687737
 10
1138.268475
 20
-6.180646
 10
1138.268244823641
 20
-6.180840291403287
 10
1138.268026
 20
-6.181025
 10
1138.2678412914033
 20
-6.181243823640961
  0
LWPOLYLINE
  5
27E
330
17
100
AcDbEntity
  8
VISTA
100
AcDbPolyline
 90
22
 70
1
 10
1138.7978402914032
 20
-6.181243823640961
 10
1138.797646
 20
-6.181474
 10
1138.7973306795195
 20
-6.182461386852086
 10
1138.796999
 20
-6.1835
 10
1138.796999
 20
-6.25
 10
1138.823
 20
-6.25
 10
1138.823
 20
-6.1835
 10
1138.8226683204805
 20
-6.182461386852086
 10
1138.822353
 20
-6.181474
 10
1138.8221587085968
 20
-6.181243823640961
 10
1138.821974
 20
-6.181025
 10
1138.8217443362832
 20
-6.180830708596713
 10
1138.821526
 20
-6.180646
 10
1138.8204873868522
 20
-6.18031483312263
 10
1138.8195
 20
-6.18
 10
1138.8097592850822
 20
-6.18
 10
1138.800499
 20
-6.18
 10
1138.7994603868522
 20
-6.18033116687737
 10
1138.798473
 20
-6.180646
 10
1138.7982433362831
 20
-6.180840291403287
 10
1138.798025
 20
-6.181025
 10
1138.7978402914032
 20
-6.181243823640961
  0
LWPOLYLINE
  5
27F
330
17
100
AcDbEntity
  8
VISTA
100
AcDbPolyline
 90
22
 70
1
 10
1139.2978402914032
 20
-6.181243823640961
 10
1139.297646
 20
-6.181474
 10
1139.2973306795195
 20
-6.182461386852086
 10
1139.296999
 20
-6.1835
 10
1139.296999
 20
-6.25
 10
1139.323
 20
-6.25
 10
1139.323
 20
-6.1835
 10
1139.3226683204805
 20
-6.182461386852086
 10
1139.322353
 20
-6.181474
 10
1139.3221587085968
 20
-6.181243823640961
 10
1139.321974
 20
-6.181025
 10
1139.3217443362832
 20
-6.180830708596713
 10
1139.321526
 20
-6.180646
 10
1139.3204873868522
 20
-6.18031483312263
 10
1139.3195
 20
-6.18
 10
1139.3097592850822
 20
-6.18
 10
1139.300499
 20
-6.18
 10
1139.2994603868522
 20
-6.18033116687737
 10
1139.298473
 20
-6.180646
 10
1139.2982433362831
 20
-6.180840291403287
 10
1139.298025
 20
-6.181025
 10
1139.2978402914032
 20
-6.181243823640961
  0
LINE
  5
280
330
17
100
AcDbEntity
  8
VISTA
100
AcDbLine
 10
1135.5380236640617
 20
-6.165570684940429
 30
0.0
 11
1135.820001
 21
-6.165665828189419
 31
0.0
  0
LINE
  5
281
330
17
100
AcDbEntity
  8
VISTA
100
AcDbLine
 10
1135.5380236640617
 20
-6.165570684940429
 30
0.0
 11
1135.348673705384
 21
-6.165506189170454
 31
0.0
  0
LINE
  5
282
330
17
100
AcDbEntity
  8
VISTA
100
AcDbLine
 10
1135.260336368236
 20
-6.164985888984006
 30
0.0
 11
1135.348673705384
 21
-6.165506189170454
 31
0.0
  0
LINE
  5
283
330
17
100
AcDbEntity
  8
VISTA
100
AcDbLine
 10
1135.260336368236
 20
-6.164985888984006
 30
0.0
 11
1135.2231469766082
 21
-6.164759082321188
 31
0.0
  0
LINE
  5
284
330
17
100
AcDbEntity
  8
VISTA
100
AcDbLine
 10
1135.1565889654553
 20
-6.164073152502777
 30
0.0
 11
1135.2231469766082
 21
-6.164759082321188
 31
0.0
  0
LINE
  5
285
330
17
100
AcDbEntity
  8
VISTA
100
AcDbLine
 10
1135.1565889654553
 20
-6.164073152502777
 30
0.0
 11
1135.1361722354543
 21
-6.163878431212298
 31
0.0
  0
LINE
  5
286
330
17
100
AcDbEntity
  8
VISTA
100
AcDbLine
 10
1135.0892581218623
 20
-6.163171376796645
 30
0.0
 11
1135.1361722354543
 21
-6.163878431212298
 31
0.0
  0
LINE
  5
287
330
17
100
AcDbEntity
  8
VISTA
100
AcDbLine
 10
1135.0892581218623
 20
-6.163171376796645
 30
0.0
 11
1135.065351520797
 21
-6.162855069489415
 31
0.0
  0
LINE
  5
288
330
17
100
AcDbEntity
  8
VISTA
100
AcDbLine
 10
1135.0356279096966
 20
-6.161841855744716
 30
0.0
 11
1135.065351520797
 21
-6.162855069489415
 31
0.0
  0
LINE
  5
289
330
17
100
AcDbEntity
  8
VISTA
100
AcDbLine
 10
1135.0356279096966
 20
-6.161841855744716
 30
0.0
 11
1135.0158925545397
 21
-6.161159601152975
 31
0.0
  0
LINE
  5
28A
330
17
100
AcDbEntity
  8
VISTA
100
AcDbLine
 10
1134.9948154685742
 20
-6.15941702914646
 30
0.0
 11
1135.0158925545397
 21
-6.161159601152975
 31
0.0
  0
LINE
  5
28B
330
17
100
AcDbEntity
  8
VISTA
100
AcDbLine
 10
1134.9948154685742
 20
-6.15941702914646
 30
0.0
 11
1134.9865573347595
 21
-6.158699792092544
 31
0.0
  0
LINE
  5
28C
330
17
100
AcDbEntity
  8
VISTA
100
AcDbLine
 10
1134.9678760219713
 20
-6.15633506147954
 30
0.0
 11
1134.9865573347595
 21
-6.158699792092544
 31
0.0
  0
LINE
  5
28D
330
17
100
AcDbEntity
  8
VISTA
100
AcDbLine
 10
1134.9678760219713
 20
-6.15633506147954
 30
0.0
 11
1134.9622122801302
 21
-6.155659255700326
 31
0.0
  0
LINE
  5
28E
330
17
100
AcDbEntity
  8
VISTA
100
AcDbLine
 10
1134.9479162352816
 20
-6.152740538335588
 30
0.0
 11
1134.9622122801302
 21
-6.155659255700326
 31
0.0
  0
LINE
  5
28F
330
17
100
AcDbEntity
  8
VISTA
100
AcDbLine
 10
1134.9479162352816
 20
-6.152740538335588
 30
0.0
 11
1134.9401460375998
 21
-6.151324614730878
 31
0.0
  0
LINE
  5
290
330
17
100
AcDbEntity
  8
VISTA
100
AcDbLine
 10
1134.9367790136362
 20
-6.141588942753409
 30
0.0
 11
1134.9401460375998
 21
-6.151324614730878
 31
0.0
  0
LINE
  5
291
330
17
100
AcDbEntity
  8
VISTA
100
AcDbLine
 10
1134.9367790136362
 20
-6.141588942753409
 30
0.0
 11
1134.934951299116
 21
-6.135
 31
0.0
  0
LINE
  5
292
330
17
100
AcDbEntity
  8
VISTA
100
AcDbLine
 10
1134.943194333268
 20
-6.123527169874312
 30
0.0
 11
1134.934951299116
 21
-6.135
 31
0.0
  0
LINE
  5
293
330
17
100
AcDbEntity
  8
VISTA
100
AcDbLine
 10
1134.943194333268
 20
-6.123527169874312
 30
0.0
 11
1134.9470966522947
 21
-6.11880535008528
 31
0.0
  0
LINE
  5
294
330
17
100
AcDbEntity
  8
VISTA
100
AcDbLine
 10
1134.9587347223448
 20
-6.115363720781043
 30
0.0
 11
1134.9470966522947
 21
-6.11880535008528
 31
0.0
  0
LINE
  5
295
330
17
100
AcDbEntity
  8
VISTA
100
AcDbLine
 10
1134.9587347223448
 20
-6.115363720781043
 30
0.0
 11
1134.9620744660701
 21
-6.1143378877162
 31
0.0
  0
LINE
  5
296
330
17
100
AcDbEntity
  8
VISTA
100
AcDbLine
 10
1134.9742274585008
 20
-6.112198737200768
 30
0.0
 11
1134.9620744660701
 21
-6.1143378877162
 31
0.0
  0
LINE
  5
297
330
17
100
AcDbEntity
  8
VISTA
100
AcDbLine
 10
1134.9742274585008
 20
-6.112198737200768
 30
0.0
 11
1134.9798638167936
 21
-6.111110835309782
 31
0.0
  0
LINE
  5
298
330
17
100
AcDbEntity
  8
VISTA
100
AcDbLine
 10
1135.0007666321123
 20
-6.109754783842083
 30
0.0
 11
1134.9798638167936
 21
-6.111110835309782
 31
0.0
  0
LINE
  5
299
330
17
100
AcDbEntity
  8
VISTA
100
AcDbLine
 10
1135.0007666321123
 20
-6.109754783842083
 30
0.0
 11
1135.015847340962
 21
-6.108839350220441
 31
0.0
  0
LINE
  5
29A
330
17
100
AcDbEntity
  8
VISTA
100
AcDbLine
 10
1135.0538280491128
 20
-6.107790528378817
 30
0.0
 11
1135.015847340962
 21
-6.108839350220441
 31
0.0
  0
LINE
  5
29B
330
17
100
AcDbEntity
  8
VISTA
100
AcDbLine
 10
1135.0538280491128
 20
-6.107790528378817
 30
0.0
 11
1135.0709663535072
 21
-6.107352290654838
 31
0.0
  0
LINE
  5
29C
330
17
100
AcDbEntity
  8
VISTA
100
AcDbLine
 10
1135.1201057668104
 20
-6.106415056727933
 30
0.0
 11
1135.0709663535072
 21
-6.107352290654838
 31
0.0
  0
LINE
  5
29D
330
17
100
AcDbEntity
  8
VISTA
100
AcDbLine
 10
1135.1201057668104
 20
-6.106415056727933
 30
0.0
 11
1135.135934646904
 21
-6.106112348014305
 31
0.0
  0
LINE
  5
29E
330
17
100
AcDbEntity
  8
VISTA
100
AcDbLine
 10
1135.1904676447286
 20
-6.1053969654286
 30
0.0
 11
1135.135934646904
 21
-6.106112348014305
 31
0.0
  0
LINE
  5
29F
330
17
100
AcDbEntity
  8
VISTA
100
AcDbLine
 10
1135.1904676447286
 20
-6.1053969654286
 30
0.0
 11
1135.21858916141
 21
-6.105014286410019
 31
0.0
  0
LINE
  5
2A0
330
17
100
AcDbEntity
  8
VISTA
100
AcDbLine
 10
1135.2948106250992
 20
-6.104692645845143
 30
0.0
 11
1135.21858916141
 21
-6.105014286410019
 31
0.0
  0
LINE
  5
2A1
330
17
100
AcDbEntity
  8
VISTA
100
AcDbLine
 10
1135.2948106250992
 20
-6.104692645845143
 30
0.0
 11
1135.348641600602
 21
-6.104492340318806
 31
0.0
  0
LINE
  5
2A2
330
17
100
AcDbEntity
  8
VISTA
100
AcDbLine
 10
1135.6709839770442
 20
-6.104514400178216
 30
0.0
 11
1135.348641600602
 21
-6.104492340318806
 31
0.0
  0
LINE
  5
2A3
330
17
100
AcDbEntity
  8
VISTA
100
AcDbLine
 10
1135.6709839770442
 20
-6.104514400178216
 30
0.0
 11
1135.819999
 21
-6.104547385650381
 31
0.0
  0
LINE
  5
2A4
330
17
100
AcDbEntity
  8
VISTA
100
AcDbLine
 10
1136.1672742853777
 20
-6.104677875013184
 30
0.0
 11
1135.819999
 21
-6.104547385650381
 31
0.0
  0
LINE
  5
2A5
330
17
100
AcDbEntity
  8
VISTA
100
AcDbLine
 10
1136.1672742853777
 20
-6.104677875013184
 30
0.0
 11
1136.2877988319499
 21
-6.1047220043781305
 31
0.0
  0
LINE
  5
2A6
330
17
100
AcDbEntity
  8
VISTA
100
AcDbLine
 10
1136.3749074442173
 20
-6.104917053738463
 30
0.0
 11
1136.2877988319499
 21
-6.1047220043781305
 31
0.0
  0
LINE
  5
2A7
330
17
100
AcDbEntity
  8
VISTA
100
AcDbLine
 10
1136.3749074442173
 20
-6.104917053738463
 30
0.0
 11
1136.421502591109
 21
-6.105008713488004
 31
0.0
  0
LINE
  5
2A8
330
17
100
AcDbEntity
  8
VISTA
100
AcDbLine
 10
1136.4736736708637
 20
-6.105502161632596
 30
0.0
 11
1136.421502591109
 21
-6.105008713488004
 31
0.0
  0
LINE
  5
2A9
330
17
100
AcDbEntity
  8
VISTA
100
AcDbLine
 10
1136.4736736708637
 20
-6.105502161632596
 30
0.0
 11
1136.5098402092153
 21
-6.105867380388458
 31
0.0
  0
LINE
  5
2AA
330
17
100
AcDbEntity
  8
VISTA
100
AcDbLine
 10
1136.5508787978474
 20
-6.106840855435085
 30
0.0
 11
1136.5098402092153
 21
-6.105867380388458
 31
0.0
  0
LINE
  5
2AB
330
17
100
AcDbEntity
  8
VISTA
100
AcDbLine
 10
1136.5508787978474
 20
-6.106840855435085
 30
0.0
 11
1136.5698956425176
 21
-6.107319485926024
 31
0.0
  0
LINE
  5
2AC
330
17
100
AcDbEntity
  8
VISTA
100
AcDbLine
 10
1136.6055931564022
 20
-6.108576365329753
 30
0.0
 11
1136.5698956425176
 21
-6.107319485926024
 31
0.0
  0
LINE
  5
2AD
330
17
100
AcDbEntity
  8
VISTA
100
AcDbLine
 10
1136.6055931564022
 20
-6.108576365329753
 30
0.0
 11
1136.6184967288136
 21
-6.109022254237288
 31
0.0
  0
LINE
  5
2AE
330
17
100
AcDbEntity
  8
VISTA
100
AcDbLine
 10
1136.6455192745004
 20
-6.110388568505071
 30
0.0
 11
1136.6184967288136
 21
-6.109022254237288
 31
0.0
  0
LINE
  5
2AF
330
17
100
AcDbEntity
  8
VISTA
100
AcDbLine
 10
1136.6455192745004
 20
-6.110388568505071
 30
0.0
 11
1136.6604588126202
 21
-6.111100657926936
 31
0.0
  0
LINE
  5
2B0
330
17
100
AcDbEntity
  8
VISTA
100
AcDbLine
 10
1136.675590069431
 20
-6.112893789566359
 30
0.0
 11
1136.6604588126202
 21
-6.111100657926936
 31
0.0
  0
LINE
  5
2B1
330
17
100
AcDbEntity
  8
VISTA
100
AcDbLine
 10
1136.675590069431
 20
-6.112893789566359
 30
0.0
 11
1136.6857800541832
 21
-6.114147935234496
 31
0.0
  0
LINE
  5
2B2
330
17
100
AcDbEntity
  8
VISTA
100
AcDbLine
 10
1136.6918999508866
 20
-6.117294167738899
 30
0.0
 11
1136.6857800541832
 21
-6.114147935234496
 31
0.0
  0
LINE
  5
2B3
330
17
100
AcDbEntity
  8
VISTA
100
AcDbLine
 10
1136.6918999508866
 20
-6.117294167738899
 30
0.0
 11
1136.6944108020077
 21
-6.11877715962628
 31
0.0
  0
LINE
  5
2B4
330
17
100
AcDbEntity
  8
VISTA
100
AcDbLine
 10
1136.6974585957469
 20
-6.1307857244523705
 30
0.0
 11
1136.6944108020077
 21
-6.11877715962628
 31
0.0
  0
LINE
  5
2B5
330
17
100
AcDbEntity
  8
VISTA
100
AcDbLine
 10
1136.6974585957469
 20
-6.1307857244523705
 30
0.0
 11
1136.6988230623683
 21
-6.134999
 31
0.0
  0
LINE
  5
2B6
330
17
100
AcDbEntity
  8
VISTA
100
AcDbLine
 10
1136.6992113449157
 20
-6.145713416479036
 30
0.0
 11
1136.6988230623683
 21
-6.134999
 31
0.0
  0
LINE
  5
2B7
330
17
100
AcDbEntity
  8
VISTA
100
AcDbLine
 10
1136.6992113449157
 20
-6.145713416479036
 30
0.0
 11
1136.7002206579778
 21
-6.151330361930679
 31
0.0
  0
LINE
  5
2B8
330
17
100
AcDbEntity
  8
VISTA
100
AcDbLine
 10
1136.6916665770393
 20
-6.154016761329305
 30
0.0
 11
1136.7002206579778
 21
-6.151330361930679
 31
0.0
  0
LINE
  5
2B9
330
17
100
AcDbEntity
  8
VISTA
100
AcDbLine
 10
1136.6916665770393
 20
-6.154016761329305
 30
0.0
 11
1136.6857243986963
 21
-6.155849533233597
 31
0.0
  0
LINE
  5
2BA
330
17
100
AcDbEntity
  8
VISTA
100
AcDbLine
 10
1136.6643631271068
 20
-6.1578403354435585
 30
0.0
 11
1136.6857243986963
 21
-6.155849533233597
 31
0.0
  0
LINE
  5
2BB
330
17
100
AcDbEntity
  8
VISTA
100
AcDbLine
 10
1136.6643631271068
 20
-6.1578403354435585
 30
0.0
 11
1136.6545305220195
 21
-6.158729708370899
 31
0.0
  0
LINE
  5
2BC
330
17
100
AcDbEntity
  8
VISTA
100
AcDbLine
 10
1136.6267789973815
 20
-6.1603981635115534
 30
0.0
 11
1136.6545305220195
 21
-6.158729708370899
 31
0.0
  0
LINE
  5
2BD
330
17
100
AcDbEntity
  8
VISTA
100
AcDbLine
 10
1136.6267789973815
 20
-6.1603981635115534
 30
0.0
 11
1136.617997762685
 21
-6.160959765775479
 31
0.0
  0
LINE
  5
2BE
330
17
100
AcDbEntity
  8
VISTA
100
AcDbLine
 10
1136.5887622612936
 20
-6.162200429543121
 30
0.0
 11
1136.617997762685
 21
-6.160959765775479
 31
0.0
  0
LINE
  5
2BF
330
17
100
AcDbEntity
  8
VISTA
100
AcDbLine
 10
1136.5887622612936
 20
-6.162200429543121
 30
0.0
 11
1136.5747902088535
 21
-6.16285988044727
 31
0.0
  0
LINE
  5
2C0
330
17
100
AcDbEntity
  8
VISTA
100
AcDbLine
 10
1136.5358846442143
 20
-6.16361758660473
 30
0.0
 11
1136.5747902088535
 21
-6.16285988044727
 31
0.0
  0
LINE
  5
2C1
330
17
100
AcDbEntity
  8
VISTA
100
AcDbLine
 10
1136.5358846442143
 20
-6.16361758660473
 30
0.0
 11
1136.5097245397512
 21
-6.1641263420095695
 31
0.0
  0
LINE
  5
2C2
330
17
100
AcDbEntity
  8
VISTA
100
AcDbLine
 10
1136.4446541761442
 20
-6.1645756679790615
 30
0.0
 11
1136.5097245397512
 21
-6.1641263420095695
 31
0.0
  0
LINE
  5
2C3
330
17
100
AcDbEntity
  8
VISTA
100
AcDbLine
 10
1136.4446541761442
 20
-6.1645756679790615
 30
0.0
 11
1136.4168872589833
 21
-6.1647597409050245
 31
0.0
  0
LINE
  5
2C4
330
17
100
AcDbEntity
  8
VISTA
100
AcDbLine
 10
1136.3173628152113
 20
-6.1651227222454965
 30
0.0
 11
1136.4168872589833
 21
-6.1647597409050245
 31
0.0
  0
LINE
  5
2C5
330
17
100
AcDbEntity
  8
VISTA
100
AcDbLine
 10
1136.3173628152113
 20
-6.1651227222454965
 30
0.0
 11
1136.2873307468356
 21
-6.165246455696202
 31
0.0
  0
LINE
  5
2C6
330
17
100
AcDbEntity
  8
VISTA
100
AcDbLine
 10
1135.974209175373
 20
-6.165501104477612
 30
0.0
 11
1136.2873307468356
 21
-6.165246455696202
 31
0.0
  0
LINE
  5
2C7
330
17
100
AcDbEntity
  8
VISTA
100
AcDbLine
 10
1135.974209175373
 20
-6.165501104477612
 30
0.0
 11
1135.820003
 21
-6.165660889875666
 31
0.0
  0
LWPOLYLINE
  5
2C8
330
17
100
AcDbEntity
  8
VISTA
100
AcDbPolyline
 90
41
 70
1
 10
1140.6810930047598
 20
-6.106584029208135
 10
1140.68083
 20
-6.106895
 10
1140.6804473236693
 20
-6.108096050411077
 10
1140.68
 20
-6.1095
 10
1140.68
 20
-6.1330138468195585
 10
1140.68
 20
-6.1605
 10
1140.6803826763305
 20
-6.161701050411077
 10
1140.68083
 20
-6.163105
 10
1140.6810549952402
 20
-6.163371029208135
 10
1140.681318
 20
-6.163682
 10
1140.6815835681523
 20
-6.163906534184336
 10
1140.681894
 20
-6.164169
 10
1140.683095511467
 20
-6.164552137386413
 10
1140.6845
 20
-6.165
 10
1141.1875114385548
 20
-6.165
 10
1141.775499
 20
-6.165
 10
1141.776700511467
 20
-6.164616862613587
 10
1141.778105
 20
-6.164169
 10
1141.7783705681522
 20
-6.163944465815664
 10
1141.778681
 20
-6.163682
 10
1141.7789440047598
 20
-6.163371029208135
 10
1141.779169
 20
-6.163105
 10
1141.7796163236694
 20
-6.161701050411077
 10
1141.779999
 20
-6.1605
 10
1141.779999
 20
-6.1330138468195585
 10
1141.779999
 20
-6.1095
 10
1141.7795516763306
 20
-6.108096050411077
 10
1141.779169
 20
-6.106895
 10
1141.7789059952402
 20
-6.106584029208135
 10
1141.778681
 20
-6.106318
 10
1141.7783705681522
 20
-6.106055534184335
 10
1141.778105
 20
-6.105831
 10
1141.776700511467
 20
-6.105383137386413
 10
1141.775499
 20
-6.105
 10
1141.1875114385548
 20
-6.105
 10
1140.6845
 20
-6.105
 10
1140.683095511467
 20
-6.1054478626135875
 10
1140.681894
 20
-6.105831
 10
1140.6815835681523
 20
-6.106093465815665
 10
1140.681318
 20
-6.106318
 10
1140.6810930047598
 20
-6.106584029208135
  0
LWPOLYLINE
  5
2C9
330
17
100
AcDbEntity
  8
VISTA
100
AcDbPolyline
 90
25
 70
1
 10
1141.346895
 20
-6.218409
 10
1141.344
 20
-6.219608
 10
1141.341515
 20
-6.221515
 10
1141.339607
 20
-6.224
 10
1141.338409
 20
-6.226894
 10
1141.338001
 20
-6.23
 10
1141.338409
 20
-6.233106
 10
1141.339607
 20
-6.236
 10
1141.341515
 20
-6.238485
 10
1141.344
 20
-6.240392
 10
1141.346895
 20
-6.241591
 10
1141.35
 20
-6.242
 10
1141.353106
 20
-6.241591
 10
1141.356001
 20
-6.240392
 10
1141.358486
 20
-6.238485
 10
1141.360394
 20
-6.236
 10
1141.361591
 20
-6.233106
 10
1141.362
 20
-6.23
 10
1141.361591
 20
-6.226894
 10
1141.360394
 20
-6.224
 10
1141.358486
 20
-6.221515
 10
1141.356001
 20
-6.219608
 10
1141.353106
 20
-6.218409
 10
1141.35
 20
-6.218
 10
1141.346895
 20
-6.218409
  0
LWPOLYLINE
  5
2CA
330
17
100
AcDbEntity
  8
VISTA
100
AcDbPolyline
 90
25
 70
1
 10
1141.4475
 20
-5.109067
 10
1141.425755
 20
-5.125753
 10
1141.409067
 20
-5.1475
 10
1141.398579
 20
-5.172824
 10
1141.395
 20
-5.2
 10
1141.398579
 20
-5.227176
 10
1141.409067
 20
-5.2525
 10
1141.425755
 20
-5.274246
 10
1141.4475
 20
-5.290933
 10
1141.472824
 20
-5.301422
 10
1141.5
 20
-5.305
 10
1141.527176
 20
-5.301422
 10
1141.5525
 20
-5.290933
 10
1141.574245
 20
-5.274246
 10
1141.590933
 20
-5.2525
 10
1141.601421
 20
-5.227176
 10
1141.605
 20
-5.2
 10
1141.601421
 20
-5.172824
 10
1141.590933
 20
-5.1475
 10
1141.574245
 20
-5.125753
 10
1141.5525
 20
-5.109067
 10
1141.527176
 20
-5.098577
 10
1141.5
 20
-5.095
 10
1141.472824
 20
-5.098577
 10
1141.4475
 20
-5.109067
  0
LWPOLYLINE
  5
2CB
330
17
100
AcDbEntity
  8
VISTA
100
AcDbPolyline
 90
25
 70
1
 10
1141.42
 20
-5.431436
 10
1141.386864
 20
-5.456863
 10
1141.361437
 20
-5.49
 10
1141.345451
 20
-5.528589
 10
1141.34
 20
-5.57
 10
1141.345451
 20
-5.611411
 10
1141.361437
 20
-5.65
 10
1141.386864
 20
-5.683137
 10
1141.42
 20
-5.708564
 10
1141.45859
 20
-5.724548
 10
1141.5
 20
-5.73
 10
1141.54141
 20
-5.724548
 10
1141.58
 20
-5.708564
 10
1141.613136
 20
-5.683137
 10
1141.638563
 20
-5.65
 10
1141.654549
 20
-5.611411
 10
1141.66
 20
-5.57
 10
1141.654549
 20
-5.528589
 10
1141.638563
 20
-5.49
 10
1141.613136
 20
-5.456863
 10
1141.58
 20
-5.431436
 10
1141.54141
 20
-5.415452
 10
1141.5
 20
-5.41
 10
1141.45859
 20
-5.415452
 10
1141.42
 20
-5.431436
  0
LWPOLYLINE
  5
2CC
330
17
100
AcDbEntity
  8
VISTA
100
AcDbPolyline
 90
13
 70
1
 10
1141.269501
 20
-5.805
 10
1141.290501
 20
-5.805
 10
1141.291914
 20
-5.804414
 10
1141.292501
 20
-5.803
 10
1141.292501
 20
-5.027
 10
1141.291914
 20
-5.025586
 10
1141.290501
 20
-5.025
 10
1141.269501
 20
-5.025
 10
1141.268087
 20
-5.025586
 10
1141.2675
 20
-5.027
 10
1141.2675
 20
-5.803
 10
1141.268087
 20
-5.804414
 10
1141.269501
 20
-5.805
  0
LWPOLYLINE
  5
2CD
330
17
100
AcDbEntity
  8
VISTA
100
AcDbPolyline
 90
13
 70
1
 10
1141.282
 20
-5.0375
 10
1141.788
 20
-5.0375
 10
1141.789413
 20
-5.036914
 10
1141.789999
 20
-5.0355
 10
1141.789999
 20
-5.0145
 10
1141.789413
 20
-5.013086
 10
1141.788
 20
-5.0125
 10
1141.282
 20
-5.0125
 10
1141.280586
 20
-5.013086
 10
1141.280001
 20
-5.0145
 10
1141.280001
 20
-5.0355
 10
1141.280586
 20
-5.036914
 10
1141.282
 20
-5.0375
  0
LWPOLYLINE
  5
2CE
330
17
100
AcDbEntity
  8
VISTA
100
AcDbPolyline
 90
13
 70
1
 10
1141.282
 20
-5.8175
 10
1141.788
 20
-5.8175
 10
1141.789413
 20
-5.816914
 10
1141.789999
 20
-5.8155
 10
1141.789999
 20
-5.7945
 10
1141.789413
 20
-5.793086
 10
1141.788
 20
-5.7925
 10
1141.282
 20
-5.7925
 10
1141.280586
 20
-5.793086
 10
1141.280001
 20
-5.7945
 10
1141.280001
 20
-5.8155
 10
1141.280586
 20
-5.816914
 10
1141.282
 20
-5.8175
  0
LWPOLYLINE
  5
2CF
330
17
100
AcDbEntity
  8
VISTA
100
AcDbPolyline
 90
5
 70
1
 10
1133.9655
 20
-1.5
 10
1133.9655
 20
-1.512
 10
1133.9675
 20
-1.512
 10
1133.9675
 20
-1.5
 10
1133.9655
 20
-1.5
  0
LWPOLYLINE
  5
2D0
330
17
100
AcDbEntity
  8
VISTA
100
AcDbPolyline
 90
5
 70
1
 10
1133.9655
 20
-4.488
 10
1133.9655
 20
-4.5
 10
1133.9675
 20
-4.5
 10
1133.9675
 20
-4.488
 10
1133.9655
 20
-4.488
  0
LWPOLYLINE
  5
2D1
330
17
100
AcDbEntity
  8
VISTA
100
AcDbPolyline
 90
5
 70
1
 10
1133.976501
 20
-1.5
 10
1133.976501
 20
-1.512
 10
1133.9785
 20
-1.512
 10
1133.9785
 20
-1.5
 10
1133.976501
 20
-1.5
  0
LWPOLYLINE
  5
2D2
330
17
100
AcDbEntity
  8
VISTA
100
AcDbPolyline
 90
5
 70
1
 10
1133.976501
 20
-4.488
 10
1133.976501
 20
-4.5
 10
1133.9785
 20
-4.5
 10
1133.9785
 20
-4.488
 10
1133.976501
 20
-4.488
  0
LWPOLYLINE
  5
2D3
330
17
100
AcDbEntity
  8
VISTA
100
AcDbPolyline
 90
5
 70
1
 10
1133.9915
 20
-1.5045
 10
1133.9915
 20
-1.5165
 10
1133.9935
 20
-1.5165
 10
1133.9935
 20
-1.5045
 10
1133.9915
 20
-1.5045
  0
LWPOLYLINE
  5
2D4
330
17
100
AcDbEntity
  8
VISTA
100
AcDbPolyline
 90
5
 70
1
 10
1133.9915
 20
-4.4835
 10
1133.9915
 20
-4.4955
 10
1133.9935
 20
-4.4955
 10
1133.9935
 20
-4.4835
 10
1133.9915
 20
-4.4835
  0
LWPOLYLINE
  5
2D5
330
17
100
AcDbEntity
  8
VISTA
100
AcDbPolyline
 90
5
 70
1
 10
1134.002501
 20
-1.5045
 10
1134.002501
 20
-1.5165
 10
1134.0045
 20
-1.5165
 10
1134.0045
 20
-1.5045
 10
1134.002501
 20
-1.5045
  0
LWPOLYLINE
  5
2D6
330
17
100
AcDbEntity
  8
VISTA
100
AcDbPolyline
 90
5
 70
1
 10
1134.002501
 20
-4.4835
 10
1134.002501
 20
-4.4955
 10
1134.0045
 20
-4.4955
 10
1134.0045
 20
-4.4835
 10
1134.002501
 20
-4.4835
  0
LWPOLYLINE
  5
2D7
330
17
100
AcDbEntity
  8
VISTA
100
AcDbPolyline
 90
5
 70
1
 10
1133.9785
 20
-1.5045
 10
1133.9785
 20
-1.5105
 10
1133.9915
 20
-1.5105
 10
1133.9915
 20
-1.5045
 10
1133.9785
 20
-1.5045
  0
LWPOLYLINE
  5
2D8
330
17
100
AcDbEntity
  8
VISTA
100
AcDbPolyline
 90
5
 70
1
 10
1133.9785
 20
-4.4895
 10
1133.9785
 20
-4.4955
 10
1133.9915
 20
-4.4955
 10
1133.9915
 20
-4.4895
 10
1133.9785
 20
-4.4895
  0
DIMENSION
  5
2D9
330
17
100
AcDbEntity
  8
COTAS
100
AcDbDimension
280
0
  2
*D1
  3
Standard
 10
1134.2
 20
0.5
 30
0.0
 11
1138.0
 21
0.5
 31
0.0
 70
32
 71
5
  1
<>
100
AcDbAlignedDimension
 13
1134.2
 23
0.0
 33
0.0
 14
1141.8
 24
0.0
 34
0.0
 50
0.0
100
AcDbRotatedDimension
1001
ACAD
1000
DSTYLE
1002
{
1070
140
1040
0.13
1070
41
1040
0.09
1002
}
  0
DIMENSION
  5
2ED
330
17
100
AcDbEntity
  8
COTAS
100
AcDbDimension
280
0
  2
*D2
  3
Standard
 10
1142.4
 20
-0.2
 30
0.0
 11
1142.4
 21
-3.0
 31
0.0
 70
32
 71
5
  1
<>
100
AcDbAlignedDimension
 13
1142.0
 23
-0.2
 33
0.0
 14
1142.0
 24
-5.8
 34
0.0
 50
90.0
100
AcDbRotatedDimension
1001
ACAD
1000
DSTYLE
1002
{
1070
140
1040
0.13
1070
41
1040
0.09
1002
}
  0
TEXT
  5
2FD
330
17
100
AcDbEntity
  8
TEXTOS
100
AcDbText
 10
1137.9
 20
-1.0
 30
0.0
 40
0.0775
  1
FRENTE DE ESCUCHA
100
AcDbText
  0
TEXT
  5
2FE
330
17
100
AcDbEntity
  8
TEXTOS
100
AcDbText
 10
1138.0
 20
-3.4
 30
0.0
 40
0.06999999999999999
  1
Punto de escucha / verificar
100
AcDbText
  0
LINE
  5
2FF
330
17
100
AcDbEntity
  8
VISTA
100
AcDbLine
 10
1138.0
 20
-3.1
 30
0.0
 11
1138.0
 21
-1.4
 31
0.0
  0
LWPOLYLINE
  5
300
330
17
100
AcDbEntity
  8
VISTA
100
AcDbPolyline
 90
13
 70
1
 10
1134.69
 20
-4.291
 10
1134.691661
 20
-4.29621
 10
1134.698999
 20
-4.3
 10
1135.601
 20
-4.3
 10
1135.60621
 20
-4.298338
 10
1135.61
 20
-4.291
 10
1135.61
 20
-1.709
 10
1135.608338
 20
-1.70379
 10
1135.601
 20
-1.7
 10
1134.698999
 20
-1.7
 10
1134.692636
 20
-1.702636
 10
1134.69
 20
-1.709
 10
1134.69
 20
-4.291
  0
LWPOLYLINE
  5
301
330
17
100
AcDbEntity
  8
VISTA
100
AcDbPolyline
 90
13
 70
1
 10
1136.070002
 20
-4.291
 10
1136.071663
 20
-4.29621
 10
1136.079
 20
-4.3
 10
1136.981001
 20
-4.3
 10
1136.986212
 20
-4.298338
 10
1136.99
 20
-4.291
 10
1136.99
 20
-1.709
 10
1136.988338
 20
-1.70379
 10
1136.981001
 20
-1.7
 10
1136.079
 20
-1.7
 10
1136.072638
 20
-1.702636
 10
1136.070002
 20
-1.709
 10
1136.070002
 20
-4.291
  0
LWPOLYLINE
  5
302
330
17
100
AcDbEntity
  8
VISTA
100
AcDbPolyline
 90
13
 70
1
 10
1137.450001
 20
-4.291
 10
1137.451662
 20
-4.29621
 10
1137.459
 20
-4.3
 10
1138.361
 20
-4.3
 10
1138.366211
 20
-4.298338
 10
1138.369999
 20
-4.291
 10
1138.369999
 20
-1.709
 10
1138.368338
 20
-1.70379
 10
1138.361
 20
-1.7
 10
1137.459
 20
-1.7
 10
1137.452637
 20
-1.702636
 10
1137.450001
 20
-1.709
 10
1137.450001
 20
-4.291
  0
LWPOLYLINE
  5
303
330
17
100
AcDbEntity
  8
VISTA
100
AcDbPolyline
 90
13
 70
1
 10
1138.830002
 20
-4.291
 10
1138.831663
 20
-4.29621
 10
1138.839001
 20
-4.3
 10
1139.741001
 20
-4.3
 10
1139.746212
 20
-4.298338
 10
1139.75
 20
-4.291
 10
1139.75
 20
-1.709
 10
1139.748339
 20
-1.70379
 10
1139.741001
 20
-1.7
 10
1138.839001
 20
-1.7
 10
1138.832638
 20
-1.702636
 10
1138.830002
 20
-1.709
 10
1138.830002
 20
-4.291
  0
LWPOLYLINE
  5
304
330
17
100
AcDbEntity
  8
VISTA
100
AcDbPolyline
 90
13
 70
1
 10
1140.210001
 20
-4.291
 10
1140.211662
 20
-4.29621
 10
1140.219
 20
-4.3
 10
1141.121
 20
-4.3
 10
1141.126211
 20
-4.298338
 10
1141.129999
 20
-4.291
 10
1141.129999
 20
-1.709
 10
1141.128338
 20
-1.70379
 10
1141.121
 20
-1.7
 10
1140.219
 20
-1.7
 10
1140.212637
 20
-1.702636
 10
1140.210001
 20
-1.709
 10
1140.210001
 20
-4.291
  0
LWPOLYLINE
  5
305
330
17
100
AcDbEntity
  8
VISTA
100
AcDbPolyline
 90
13
 70
1
 10
1137.446001
 20
-2.66
 10
1137.446001
 20
-1.696
 10
1138.373999
 20
-1.696
 10
1138.373999
 20
-2.66
 10
1138.826002
 20
-2.66
 10
1138.826002
 20
-1.696
 10
1139.449999
 20
-1.696
 10
1139.449169
 20
-1.641895
 10
1139.445499
 20
-1.64
 10
1137.351894
 20
-1.640831
 10
1137.35
 20
-1.6445
 10
1137.351318
 20
-2.658682
 10
1137.446001
 20
-2.66
  0
LWPOLYLINE
  5
306
330
17
100
AcDbEntity
  8
VISTA
100
AcDbPolyline
 90
13
 70
1
 10
1139.445499
 20
-4.36
 10
1139.449999
 20
-4.3555
 10
1139.449999
 20
-4.304
 10
1138.826002
 20
-4.304
 10
1138.826002
 20
-3.34
 10
1138.373999
 20
-3.34
 10
1138.373999
 20
-4.304
 10
1137.446001
 20
-4.304
 10
1137.446001
 20
-3.34
 10
1137.3545
 20
-3.34
 10
1137.35
 20
-3.3445
 10
1137.351318
 20
-4.358682
 10
1139.445499
 20
-4.36
  0
TEXT
  5
307
330
17
100
AcDbEntity
  8
TEXTOS
100
AcDbText
 10
1141.05
 20
-5.45
 30
0.0
 40
0.0625
  1
PATINILLO
100
AcDbText
  0
TEXT
  5
308
330
17
100
AcDbEntity
  8
TEXTOS
100
AcDbText
 10
1134.4
 20
-3.0
 30
0.0
 40
0.0625
  1
DVH
100
AcDbText
  0
TEXT
  5
309
330
17
100
AcDbEntity
  8
TEXTOS
100
AcDbText
 10
1134.45
 20
-5.25
 30
0.0
 40
0.0625
  1
PUERTA
100
AcDbText
  0
ENDSEC
  0
SECTION
  2
OBJECTS
  0
DICTIONARY
  5
A
330
0
100
AcDbDictionary
281
1
  3
ACAD_COLOR
350
B
  3
ACAD_GROUP
350
C
  3
ACAD_LAYOUT
350
D
  3
ACAD_MATERIAL
350
E
  3
ACAD_MLEADERSTYLE
350
F
  3
ACAD_MLINESTYLE
350
10
  3
ACAD_PLOTSETTINGS
350
11
  3
ACAD_PLOTSTYLENAME
350
12
  3
ACAD_SCALELIST
350
14
  3
ACAD_TABLESTYLE
350
15
  3
ACAD_VISUALSTYLE
350
16
  3
EZDXF_META
350
2D
  0
DICTIONARY
  5
B
330
A
100
AcDbDictionary
281
1
  0
DICTIONARY
  5
C
330
A
100
AcDbDictionary
281
1
  0
DICTIONARY
  5
D
330
A
100
AcDbDictionary
281
1
  3
Model
350
1A
  3
Layout1
350
1E
  0
DICTIONARY
  5
E
330
A
100
AcDbDictionary
281
1
  3
ByBlock
350
1F
  3
ByLayer
350
20
  3
Global
350
21
  0
DICTIONARY
  5
F
330
A
100
AcDbDictionary
281
1
  3
Standard
350
2C
  0
DICTIONARY
  5
10
330
A
100
AcDbDictionary
281
1
  3
Standard
350
22
  0
DICTIONARY
  5
11
330
A
100
AcDbDictionary
281
1
  0
ACDBDICTIONARYWDFLT
  5
12
330
A
100
AcDbDictionary
281
1
  3
Normal
350
13
100
AcDbDictionaryWithDefault
340
13
  0
ACDBPLACEHOLDER
  5
13
330
12
  0
DICTIONARY
  5
14
330
A
100
AcDbDictionary
281
1
  0
DICTIONARY
  5
15
330
A
100
AcDbDictionary
281
1
  0
DICTIONARY
  5
16
330
A
100
AcDbDictionary
281
1
  0
LAYOUT
  5
1A
330
D
100
AcDbPlotSettings
  1

  4
A3
  6

 40
7.5
 41
20.0
 42
7.5
 43
20.0
 44
420.0
 45
297.0
 46
0.0
 47
0.0
 48
0.0
 49
0.0
140
0.0
141
0.0
142
1.0
143
1.0
 70
1024
 72
1
 73
0
 74
5
  7

 75
16
 76
0
 77
2
 78
300
147
1.0
148
0.0
149
0.0
100
AcDbLayout
  1
Model
 70
1
 71
0
 10
0.0
 20
0.0
 11
420.0
 21
297.0
 12
0.0
 22
0.0
 32
0.0
 14
1e+20
 24
1e+20
 34
1e+20
 15
-1e+20
 25
-1e+20
 35
-1e+20
146
0.0
 13
0.0
 23
0.0
 33
0.0
 16
1.0
 26
0.0
 36
0.0
 17
0.0
 27
1.0
 37
0.0
 76
1
330
17
  0
LAYOUT
  5
1E
330
D
100
AcDbPlotSettings
  1

  4
A3
  6

 40
7.5
 41
20.0
 42
7.5
 43
20.0
 44
420.0
 45
297.0
 46
0.0
 47
0.0
 48
0.0
 49
0.0
140
0.0
141
0.0
142
1.0
143
1.0
 70
0
 72
1
 73
0
 74
5
  7

 75
16
 76
0
 77
2
 78
300
147
1.0
148
0.0
149
0.0
100
AcDbLayout
  1
Layout1
 70
1
 71
1
 10
0.0
 20
0.0
 11
420.0
 21
297.0
 12
0.0
 22
0.0
 32
0.0
 14
1e+20
 24
1e+20
 34
1e+20
 15
-1e+20
 25
-1e+20
 35
-1e+20
146
0.0
 13
0.0
 23
0.0
 33
0.0
 16
1.0
 26
0.0
 36
0.0
 17
0.0
 27
1.0
 37
0.0
 76
1
330
1B
  0
MATERIAL
  5
1F
102
{ACAD_REACTORS
330
E
102
}
330
E
100
AcDbMaterial
  1
ByBlock
  2

 70
0
 40
1.0
 71
1
 41
1.0
 91
-1023410177
 42
1.0
 72
1
  3

 73
1
 74
1
 75
1
 44
0.5
 73
0
 45
1.0
 46
1.0
 77
1
  4

 78
1
 79
1
170
1
 48
1.0
171
1
  6

172
1
173
1
174
1
140
1.0
141
1.0
175
1
  7

176
1
177
1
178
1
143
1.0
179
1
  8

270
1
271
1
272
1
145
1.0
146
1.0
273
1
  9

274
1
275
1
276
1
 42
1.0
 72
1
  3

 73
1
 74
1
 75
1
 94
63
  0
MATERIAL
  5
20
102
{ACAD_REACTORS
330
E
102
}
330
E
100
AcDbMaterial
  1
ByLayer
  2

 70
0
 40
1.0
 71
1
 41
1.0
 91
-1023410177
 42
1.0
 72
1
  3

 73
1
 74
1
 75
1
 44
0.5
 73
0
 45
1.0
 46
1.0
 77
1
  4

 78
1
 79
1
170
1
 48
1.0
171
1
  6

172
1
173
1
174
1
140
1.0
141
1.0
175
1
  7

176
1
177
1
178
1
143
1.0
179
1
  8

270
1
271
1
272
1
145
1.0
146
1.0
273
1
  9

274
1
275
1
276
1
 42
1.0
 72
1
  3

 73
1
 74
1
 75
1
 94
63
  0
MATERIAL
  5
21
102
{ACAD_REACTORS
330
E
102
}
330
E
100
AcDbMaterial
  1
Global
  2

 70
0
 40
1.0
 71
1
 41
1.0
 91
-1023410177
 42
1.0
 72
1
  3

 73
1
 74
1
 75
1
 44
0.5
 73
0
 45
1.0
 46
1.0
 77
1
  4

 78
1
 79
1
170
1
 48
1.0
171
1
  6

172
1
173
1
174
1
140
1.0
141
1.0
175
1
  7

176
1
177
1
178
1
143
1.0
179
1
  8

270
1
271
1
272
1
145
1.0
146
1.0
273
1
  9

274
1
275
1
276
1
 42
1.0
 72
1
  3

 73
1
 74
1
 75
1
 94
63
  0
MLINESTYLE
  5
22
102
{ACAD_REACTORS
330
10
102
}
330
10
100
AcDbMlineStyle
  2
Standard
 70
0
  3

 62
256
 51
90.0
 52
90.0
 71
2
 49
0.5
 62
256
  6
BYLAYER
 49
-0.5
 62
256
  6
BYLAYER
  0
MLEADERSTYLE
  5
2C
102
{ACAD_REACTORS
330
F
102
}
330
F
100
AcDbMLeaderStyle
179
2
170
2
171
1
172
0
 90
2
 40
0.0
 41
0.0
173
1
 91
-1056964608
 92
-2
290
1
 42
2.0
291
1
 43
8.0
  3
Standard
 44
4.0
300

342
29
174
1
175
1
176
0
178
1
 93
-1056964608
 45
4.0
292
0
297
0
 46
4.0
 94
-1056964608
 47
1.0
 49
1.0
140
1.0
294
1
141
0.0
177
0
142
1.0
295
0
296
0
143
3.75
271
0
272
9
273
9
  0
DICTIONARY
  5
2D
330
A
100
AcDbDictionary
280
1
281
1
  3
CREATED_BY_EZDXF
350
2E
  3
WRITTEN_BY_EZDXF
350
30C
  0
DICTIONARYVAR
  5
2E
330
2D
100
DictionaryVariables
280
0
  1
1.4.4 @ 2026-09-10T22:46:09.476769+00:00
  0
DICTIONARYVAR
  5
30C
330
2D
100
DictionaryVariables
280
0
  1
1.4.4 @ 2026-09-10T22:46:09.961266+00:00
  0
ENDSEC
  0
EOF
